eye_speed,eye_vertical,mouth_speed,mouth_vertical,head_speed,head_vertical,tracking_confidence,forward_backward_error,condition
1.113800048828125,-0.4962411969900131,1.511060357093811,-0.6857489347457886,1.014011025428772,-0.4296876788139343,1.0,0.018533819820731826,normal
1.0656204223632812,-0.3639467656612396,1.3560643196105957,-0.4750162661075592,0.9796573519706726,-0.2825847566127777,1.0,0.01156996178906405,normal
0.9586522877216339,-0.10470981523394585,1.2748888731002808,-0.0467580147087574,0.982897400856018,-0.0604173652827739,1.0,0.013780749868601524,normal
1.0125094056129456,0.3856072276830673,1.3214017152786257,0.5914011001586914,0.9921163320541382,0.3961683213710785,1.0,0.017351098824292376,normal
4.032480478286743,-0.3599309846758842,2.890036106109619,0.6051108837127686,2.7974140644073486,0.1033925637602806,0.91974377394636,0.1864349506795406,normal
0.30674329400062555,-0.27069853991270065,0.3223219811916351,-0.3030548095703125,0.2353637516498565,-0.2206121683120727,1.0,0.004218285961542225,normal
0.30929999798536295,-0.2884381562471389,0.4701464474201202,-0.4376576840877533,0.2993784546852112,-0.2801321446895599,1.0,0.005820279417093775,normal
0.4197005033493042,-0.38725027441978455,0.5089185237884521,-0.4958722591400146,0.3981429934501648,-0.3673291802406311,1.0,0.007391417864710025,normal
0.3851945251226425,-0.3595072329044342,0.5892919898033142,-0.570669949054718,0.4045506715774536,-0.3656420111656189,1.0,0.005912048160098425,normal
0.35917866230010986,-0.33863385021686554,0.4489198327064514,-0.4324992895126343,0.3505399525165558,-0.3168332874774933,1.0,0.00476364645874125,normal
0.47723670303821564,-0.0716501865535974,0.3892208635807037,-0.3773729801177978,0.3189215958118438,-0.1883538961410522,1.0,0.023143855971284148,normal
0.33749881386756897,-0.0227699261158705,0.3357039093971252,-0.3006420731544494,0.2714037597179413,-0.1525938361883163,1.0,0.012869021156802725,normal
0.2128456830978393,-0.18355337530374527,0.4358111321926117,-0.3979182243347168,0.2627526223659515,-0.2356981486082077,1.0,0.004624901921488275,normal
0.2528986781835556,-0.22910816967487335,0.3811830580234527,-0.3584035336971283,0.2428886890411377,-0.2165016084909439,1.0,0.004911862488370299,normal
0.15488709509372706,-0.14029343798756594,0.1832961291074752,-0.1711185276508331,0.1467467248439788,-0.1296759247779846,1.0,0.0027073527162428247,normal
0.0878306627273559,-0.06534067727625364,0.1323482692241668,-0.1226126924157142,0.0969632416963577,-0.0876207202672958,1.0,0.001424519403371925,normal
0.09394224733114234,-0.05984401702880855,0.165821298956871,-0.1133385896682739,0.105470672249794,-0.0730410516262054,1.0,0.0017839740903581752,normal
0.0700745545327663,-0.01209767675027245,0.1109859049320221,-0.0380281396210193,0.0893113911151886,-0.0322031788527965,1.0,0.0013894213334423751,normal
0.0647934172302484,-0.005007425943404087,0.0584181509912014,-0.0065686777234077,0.0572507306933403,-0.0125710619613528,1.0,0.0010748802305897,normal
0.05521717667579645,0.023020108230412,0.0490714684128761,0.0281876064836978,0.0495131835341453,0.0125381667166948,1.0,0.00124369685363485,normal
0.05209167860448355,0.03622341156005855,0.0873560234904289,0.0778077989816665,0.0621443428099155,0.0387444421648979,1.0,0.0008614945836597249,normal
0.0969310589134693,0.0806226730346679,0.1723973304033279,0.1564113795757293,0.0945452600717544,0.0843977481126785,1.0,0.0016116181359393,normal
0.12956387922167775,0.1141869239509105,0.1683428287506103,0.1575997024774551,0.1014633551239967,0.0914744585752487,1.0,0.002543018432334,normal
0.09598680213093755,0.08040142059326165,0.1102191284298896,0.095429390668869,0.0724365413188934,0.0565940551459789,1.0,0.001216391203342875,normal
0.07251089997589585,0.03782939910888665,0.068105511367321,0.0481424033641815,0.0571410991251468,0.0323848985135555,1.0,0.001091092446586075,normal
0.07413744926452635,0.025871594902127898,0.0630210489034652,0.0243377685546875,0.0505842268466949,0.011559622362256,1.0,0.0013518059276975,normal
0.0575839634984731,0.01309045171365135,0.0373777449131011,0.0126985488459467,0.0372131615877151,0.0056423833593726,1.0,0.0008238612208514751,normal
0.042592151090502704,0.00952752400189635,0.0313321091234684,0.009176542982459,0.0313502065837383,0.0024651861749589,1.0,0.00085819007654205,normal
0.0563583262264728,0.018843651399947647,0.095416821539402,-0.0142780654132366,0.0620009452104568,-0.0058494666591286,1.0,0.001408682976034425,normal
0.0635688658803701,0.003932952880859349,0.1241267919540405,-0.0268855243921279,0.0858734101057052,-0.0154490284621715,1.0,0.0014375786413438252,normal
0.06988481245934955,0.0110753379995003,0.1682396978139877,-0.0057400790974497,0.1019845604896545,-0.0069084661081433,1.0,0.00101349606120485,normal
0.0659956037998199,0.014477093704044802,0.1369245052337646,0.0171961933374404,0.0965658500790596,0.0109167713671922,1.0,0.001679223816608975,normal
0.082622492685914,0.0456072501838207,0.1591305881738662,0.0473443232476711,0.115083023905754,0.0447270795702934,1.0,0.0017540144617668747,normal
0.13346357271075243,0.0995553359389305,0.231704905629158,0.0927517041563987,0.2023387104272842,0.1179484575986862,1.0,0.002388678927672975,normal
0.25797182321548456,0.2244720384478569,0.367692619562149,0.2420834600925445,0.279889702796936,0.2100118696689605,1.0,0.006754462840035525,normal
0.30034013092517853,0.27045154571533203,0.4952858388423919,0.4056456685066223,0.2783470749855041,0.2422925233840942,1.0,0.0063721748301759,normal
0.25687940418720245,0.236167274415493,0.2105186730623245,0.1658727526664734,0.1945758163928985,0.1570620834827423,1.0,0.0037920586182735245,normal
0.21997872740030283,0.12830892950296394,0.2845533192157745,-0.0233907997608184,0.2379252463579177,0.0584346242249012,1.0,0.004262341477442475,normal
0.35704608261585236,0.03895982075482605,0.8612540364265442,-0.4426944553852081,0.4754089713096618,-0.1193356215953826,1.0,0.009092746127862424,normal
0.4416666030883789,-0.0934219360351562,0.6826457381248474,-0.3405734002590179,0.4319720566272735,-0.1532125174999237,1.0,0.007069370534736624,normal
0.4408298432826996,-0.22620074450969696,0.6197667121887207,-0.4823257029056549,0.4089805483818054,-0.2484745234251022,1.0,0.0083694611676037,normal
0.40557229518890375,-0.18452072143554688,0.3576787710189819,-0.2539506256580353,0.3410642147064209,-0.1644031405448913,1.0,0.0054163642926141255,normal
0.5769759714603424,0.010451316833496052,0.5949068665504456,-0.2839105725288391,0.5124607086181641,-0.1087472066283226,1.0,0.0185315881390124,normal
0.9123636782169342,-0.06586551479995251,0.8560378551483154,-0.2909314632415771,0.8059282898902893,-0.114112950861454,1.0,0.025045847753062803,normal
1.3518781661987305,-0.29279836267232895,1.2119032144546509,-0.2044844180345535,1.095306634902954,-0.1829703152179718,1.0,0.0261053439462557,normal
1.2083170413970947,-0.29283555597066874,0.9389390349388124,-0.1431648880243301,0.9186359643936156,-0.1176841035485267,1.0,0.016302056726999498,normal
0.8808044195175171,-0.15184147655963895,0.7470865249633789,-0.1474678665399551,0.7550750970840454,-0.1045827493071556,1.0,0.01105854474008075,normal
1.0005404651165009,0.0182237606495619,0.9526199102401732,-0.0698829442262649,0.9506731033325196,0.0098284436389803,1.0,0.007379540242254675,normal
1.4157299995422363,0.1478366889059543,1.525212049484253,-0.0200130585581064,1.2805767059326172,0.0897882655262947,1.0,0.0116250864230096,normal
1.507998287677765,0.1447477294132113,1.5313684940338137,0.0731954872608184,1.3173258304595947,0.1305440962314605,1.0,0.00972211058251555,normal
1.179348349571228,0.031991323456168154,1.1756056547164917,-0.0473697558045387,0.9798160791397096,0.0143521791324019,1.0,0.00882557872682805,normal
0.6048656105995178,0.0252316789701581,0.3236871659755707,-0.0490486845374107,0.4200123846530914,-0.005333243869245,1.0,0.006153770664241101,normal
0.1463459245860576,-0.036752700805664104,0.1189614310860633,-0.0928182899951934,0.1595697999000549,-0.0361756160855293,1.0,0.0032167496101464504,normal
0.3459712266921997,-0.18328476324677462,1.176201581954956,-0.5541728734970093,0.729948878288269,-0.2827497124671936,1.0,0.009468712611123874,normal
0.8486630022525787,-0.5040194243192673,1.6839663982391355,-0.8914526700973511,1.0600448846817017,-0.4863314926624298,1.0,0.0162973043043166,normal
0.6004570126533508,-0.3349215164780617,1.0298198461532593,-0.4659881591796875,0.7432156205177307,-0.2849249839782715,1.0,0.0090746541973203,normal
0.33098888397216797,-0.1644576415419578,0.3790179193019867,-0.0308042578399181,0.2941485643386841,-0.0685739889740943,1.0,0.00649651949061075,normal
0.12305751070380211,-0.0365511570125818,0.1261052340269088,0.0764650255441665,0.1176287904381752,0.007010918110609,1.0,0.003065388998947975,normal
0.3005081042647361,-0.016843158751726154,0.4832695722579956,0.2469154149293899,0.526676595211029,0.1589597165584564,1.0,0.0073979145381599005,normal
0.936152458190918,0.186955451965332,1.311813235282898,0.4406890869140625,1.0939637422561646,0.3247627019882202,1.0,0.011709661688655575,normal
0.9525557458400726,0.19438521191477773,1.1581761837005615,0.3944827020168304,0.904534101486206,0.2328564524650573,1.0,0.011678237933665474,normal
0.3320313096046448,0.14397748559713358,0.4423906803131103,0.3326744437217712,0.3156973123550415,0.2131851017475128,1.0,0.006188086350448375,normal
0.16800661385059357,0.1251500435173511,0.2887831032276153,0.2561441957950592,0.2209202200174331,0.1668845862150192,1.0,0.0037430367083288495,normal
0.23944615572690958,0.08285586163401595,0.4153045415878296,0.2237941920757293,0.3792814910411834,0.1346615850925445,1.0,0.00322610395960505,normal
0.6103566735982895,0.0424795150756836,1.0318742990493774,0.1853887438774109,0.7789718508720398,0.0931531265377998,1.0,0.0048418914666398995,normal
0.8126598596572876,-0.007681529968976995,1.117241621017456,0.1268883943557739,0.8612974882125854,0.0177451781928539,1.0,0.008165461476892176,normal
0.6381308436393738,-0.0422875074000331,0.7207326292991638,0.0570489130914211,0.6430408954620361,0.0119579369202256,1.0,0.005701405985746475,normal
0.5063781887292862,-0.08955097198486325,0.475572258234024,-0.0059994785115122,0.5569855570793152,-0.0261335503309965,1.0,0.005056496826000475,normal
0.48685088753700256,-0.14499695971608156,0.3017241060733795,0.0333626493811607,0.4652971923351288,-0.0196301341056823,1.0,0.0036982824094593247,normal
0.453984871506691,-0.0191272093215957,0.4456795156002044,0.1817229241132736,0.5383131504058838,0.1072793900966644,1.0,0.0045588904176838,normal
0.4904652088880539,0.09248955920338625,0.6975131630897522,0.4160817563533783,0.6270415782928467,0.2422877699136734,1.0,0.0070129948435351,normal
0.680741548538208,0.3339653015136719,0.9813433289527892,0.7244248986244202,0.7638989686965942,0.4399126768112182,1.0,0.0072651020018383245,normal
1.2136398553848267,0.9924850761890411,1.0208563804626465,0.8957338929176331,0.9064359068870544,0.7128192782402039,1.0,0.04113944002892817,normal
0.9076888859272003,0.7571255564689636,1.133500576019287,1.0316221714019775,0.8489953279495239,0.7083686590194702,1.0,0.01574817649088795,normal
0.5481289923191071,0.46849632263183594,0.6756774187088013,0.6342648863792419,0.5183672308921814,0.4277993738651275,1.0,0.008850868674926399,normal
0.37526655197143555,0.3274472504854202,0.5017666220664978,0.4560736417770386,0.3542139828205108,0.288771390914917,1.0,0.006118562945630349,normal
0.311665803194046,0.25688203424215317,0.406827837228775,0.3608412444591522,0.3057153224945068,0.2338328212499618,1.0,0.00450625462690365,normal
0.38287319242954254,0.2930523604154587,0.3630651533603668,0.292662650346756,0.3313979804515838,0.2256394475698471,1.0,0.0038564299466088002,normal
0.39167408645153046,0.24045816808938975,0.5164361596107483,0.2966364026069641,0.4020498096942901,0.1928374022245407,1.0,0.003931529819965275,normal
0.4419098198413849,0.20721149444580075,0.4637694954872131,0.1743284314870834,0.3788818120956421,0.1258287280797958,1.0,0.0035693505778908,normal
0.4101659059524536,0.1745716780424118,0.5372869372367859,0.1785888671875,0.3753666281700134,0.1131623536348342,1.0,0.0033479739213362002,normal
0.43647961318492884,0.20461845397949213,0.5660398006439209,0.1845384091138839,0.3974563181400299,0.1323216408491134,1.0,0.00352708122227335,normal
0.4914611726999283,0.2600781098008156,0.5436378717422485,0.2619901597499847,0.3904908895492553,0.18306365609169,1.0,0.004425607621669725,normal
0.36974944174289703,0.2232650145888328,0.3512090444564819,0.1913290321826934,0.2945781946182251,0.153656005859375,1.0,0.00449792772997165,normal
0.24788223952054977,0.14079602807760233,0.2472167760133743,0.082949087023735,0.2127684354782104,0.0707250833511352,1.0,0.003449636162258625,normal
0.22920445352792734,0.07047875598073006,0.2661525011062622,0.0223726220428943,0.2126313298940658,0.0206082835793495,1.0,0.0030393903143703504,normal
0.3254261165857315,0.091356910765171,0.3423369526863098,0.0390828438103199,0.3009005486965179,0.0366858951747417,1.0,0.002601704152766575,normal
0.30347809195518494,0.08506138995289794,0.3499673008918762,0.0436627939343452,0.300598680973053,0.0520828031003475,1.0,0.0031402452441397248,normal
0.2855347692966461,0.07107353024184696,0.2601867318153381,0.0425354912877082,0.2119012027978897,0.0413681641221046,1.0,0.0029733636474701753,normal
0.1227776631712913,0.0165348057635128,0.1392468065023422,-0.0052966494113206,0.0821275189518928,0.0052626971155405,1.0,0.0015079125005286,normal
0.0590954944491386,0.00245380401611325,0.0532023571431636,0.002149177249521,0.0493432097136974,-0.0035031801089644,1.0,0.001308058432186925,normal
0.107448261231184,0.0142660145647824,0.0422942675650119,0.0260486025363206,0.1072627082467079,0.0083150491118431,1.0,0.0019502394134177999,normal
0.1283185891807079,0.0320952734909951,0.0995364710688591,0.0360024198889732,0.1650636941194534,0.0300619937479496,1.0,0.002569512726040525,normal
0.08240944705903525,-0.010132789844647001,0.0853097289800643,-0.034271240234375,0.1467559337615966,-0.0334857106208801,1.0,0.001912666455609675,normal
0.0889891944825649,-0.05191326327621935,0.1394316256046295,-0.1253921091556549,0.149903804063797,-0.0747167393565177,1.0,0.0022778716520406,normal
0.6893235445022583,0.33512239530682564,0.2017667889595031,-0.1820447444915771,0.3866609036922455,0.0744636803865432,0.9895833333333334,0.06614960316801441,normal
0.17051687091588968,-0.0634701873641461,0.1768218278884887,-0.0700304433703422,0.1935506165027618,-0.0304856728762388,1.0,0.005323629535268925,normal
0.4472488462924957,-0.35085961222648615,0.3044884204864502,0.0040038139559328,0.371828556060791,-0.1304243952035904,1.0,0.038970904628513325,normal
0.4201381802558899,-0.313555508852005,0.3519132137298584,-0.0176872480660676,0.3402963280677795,-0.0954302474856376,1.0,0.027341003587935103,normal
0.33772149682044983,-0.24231490492820734,0.350504070520401,-0.085697054862976,0.3282329142093658,-0.1092568933963775,1.0,0.012672551965806574,normal
0.1974594891071319,-0.1040268614888191,0.2399552017450332,-0.0176077187061309,0.2069737166166305,-0.043786384165287,1.0,0.0035672341182361998,normal
0.1602643802762031,-0.0775752272456884,0.166044607758522,-0.0398323759436607,0.1485153585672378,-0.059244330972433,1.0,0.0024659514310769503,normal
0.2175957858562469,-0.16409980505704874,0.1879586577415466,-0.1070977449417114,0.1837754547595977,-0.1077355742454528,1.0,0.004219256865326275,normal
0.2991955131292343,-0.21316725760698313,0.3403632938861847,-0.2202069759368896,0.2807175815105438,-0.1725864112377166,1.0,0.0040863656904548,normal
0.28947251290082926,-0.15058219060301775,0.4374012053012848,-0.2272704094648361,0.3086925148963928,-0.1414757221937179,1.0,0.0037334152730181254,normal
0.3202943950891495,-0.14131280779838554,0.4730896651744842,-0.198945015668869,0.3415536284446716,-0.1249805763363838,1.0,0.00339208974037315,normal
0.32115043699741364,-0.1250698566436767,0.489283412694931,-0.1429919600486755,0.3423376083374023,-0.1060993149876594,1.0,0.00390257703838865,normal
0.29104283452033997,-0.09727885946631429,0.3801026046276092,-0.1625158190727234,0.2825927734375,-0.1246547922492027,1.0,0.0034577818005345246,normal
0.3646382838487625,-0.2519823089241981,0.5476154088973999,-0.4053266048431396,0.3905151784420013,-0.2715820670127868,1.0,0.004582486231811275,normal
0.8589246571063995,-0.6771416068077087,1.0473074913024902,-0.8574228286743164,0.7881007194519043,-0.6052234172821045,1.0,0.009256876073777625,normal
1.1808661818504333,-0.8950400054454803,1.437573790550232,-1.2737274169921875,1.1532224416732788,-0.8846649527549744,1.0,0.014773581526242124,normal
1.4211442470550537,-0.9059519171714783,1.6964223384857178,-1.5374852418899536,1.3433254957199097,-0.974600076675415,1.0,0.0498650977388024,normal
1.5812584757804868,-0.7925173044204712,1.6458810567855835,-1.5499897003173828,1.3714638948440552,-1.022080898284912,0.9858836815358554,0.11858686769846821,normal
1.171343982219696,-1.1402477622032166,1.7438884973526,-1.7314633131027222,1.219212532043457,-1.1196688413619995,1.0,0.01836400572210545,normal
1.249856948852539,-1.2132537364959717,1.6961430311203003,-1.6850109100341797,1.1201673746109009,-1.0849971771240234,1.0,0.0323789271060377,normal
1.4062955379486084,-1.130384385585785,1.4763977527618408,-1.406208872795105,1.037564992904663,-0.8949941396713257,1.0,0.03243396710604422,normal
1.5870537757873535,-1.0920358896255493,1.677045226097107,-1.4673405885696411,1.2164697647094729,-0.9415385723114014,1.0,0.024364259210415122,normal
1.7216739654541016,-1.2186563611030579,1.8965002298355105,-1.642422795295715,1.2975172996520996,-1.029205560684204,1.0,0.018771293107420175,normal
1.5384281277656555,-1.244621217250824,2.0697896480560303,-1.829178810119629,1.294389247894287,-1.128788948059082,1.0,0.012944444315507977,normal
1.2214217782020569,-1.068576067686081,1.8781684637069704,-1.755719780921936,1.1693416833877563,-1.0734816789627075,1.0,0.015320111298933573,normal
1.0703169107437134,-1.0251362919807434,1.7982373237609863,-1.749467372894287,1.2112642526626587,-1.151227593421936,1.0,0.012398062041029275,normal
0.9796360731124878,-0.9274886846542358,1.7339285612106323,-1.7174525260925293,1.224960446357727,-1.140478491783142,1.0,0.011203262489289025,normal
0.928138792514801,-0.8778938949108124,1.6549009084701538,-1.642198085784912,1.131523847579956,-1.0508230924606323,1.0,0.012635226361453498,normal
0.6775182485580444,-0.6444545090198517,1.4639370441436768,-1.44582200050354,0.949734628200531,-0.906806230545044,1.0,0.012568755424581425,normal
0.5646616220474243,-0.4904683828353882,1.4953715801239014,-1.4321820735931396,0.9079029560089112,-0.8613879680633545,1.0,0.016021064366213925,normal
0.6617003977298737,-0.6126848757266998,0.850298285484314,-0.8362250924110413,0.6416330337524414,-0.5864428281784058,1.0,0.009528611844871152,normal
0.5847654044628143,-0.45471110939979553,0.8577758073806763,-0.6554644107818604,0.7892630100250244,-0.5645565390586853,1.0,0.007531063631176901,normal
1.2110741436481476,-0.7660005688667297,1.713057041168213,-1.1925368309020996,1.3564733266830444,-0.8516462445259094,1.0,0.01387966470792885,normal
1.4110514521598816,-0.7121855020523071,1.6335740089416504,-1.0735903978347778,1.391682744026184,-0.7886468172073364,1.0,0.012014188105240424,normal
1.077981323003769,-0.4665689468383789,1.2328901290893557,-0.8210065364837646,1.0689018964767456,-0.5511335134506226,1.0,0.010405512875877276,normal
0.7793795615434647,0.0427785357460379,0.4531674683094024,-0.3104913830757141,0.6766553521156311,-0.1873975992202758,1.0,0.02691161888651545,normal
0.4400179237127304,0.05794296879321335,0.2189379334449768,-0.1520533710718155,0.3195983171463012,-0.0690417066216468,1.0,0.00830113663687365,normal
0.19427949190139765,-0.04030484892427915,0.1545704752206802,-0.1132696866989135,0.2013766318559646,-0.0580502562224864,1.0,0.00318179753958245,normal
0.13901562243700025,-0.0043667880818248,0.1075746044516563,-0.0813899189233779,0.1372472643852234,-0.0285325292497873,1.0,0.0017331890703644248,normal
0.17705140262842176,-0.02538273553363975,0.1473705470561981,-0.0748170763254165,0.1556106656789779,-0.0188131835311651,1.0,0.00221416313434015,normal
0.23404925316572184,-0.00400548987090585,0.1763524264097213,-0.0132335312664508,0.1651803255081176,0.0058055678382515,1.0,0.002797955967253025,normal
0.2812505289912224,0.04224597895517945,0.287231832742691,0.0844509229063987,0.2071533501148224,0.0621361993253231,1.0,0.003164433146594025,normal
0.22884541004896158,0.0932440888136625,0.3759344816207886,0.202088788151741,0.214968129992485,0.1304003000259399,1.0,0.00332627000170755,normal
0.2334617674350738,0.1579172536730766,0.4720702767372131,0.4226046502590179,0.2733867168426513,0.239557459950447,1.0,0.00439582671970125,normal
0.25468186289072037,0.21969370543956757,0.4387577772140503,0.4319739937782287,0.2838706970214844,0.2663162648677826,1.0,0.00493624946102495,normal
0.22607178986072535,0.20413670688867563,0.3518393635749817,0.3479854762554168,0.2801268696784973,0.2565970122814178,1.0,0.004242355294991225,normal
0.16132564097642893,0.14658676832914352,0.2816134989261627,0.2472279816865921,0.1608867049217224,0.1404515355825424,1.0,0.0025774394453037,normal
0.18093660473823545,0.1405190266668796,0.2902657985687256,0.2561294138431549,0.1815154701471328,0.1511964350938797,1.0,0.0028028127562719747,normal
0.28449378907680506,0.24383392184972763,0.5352612137794495,0.512327253818512,0.2866643965244293,0.2616744935512543,1.0,0.004772611195221524,normal
0.32972718775272364,0.31989288330078125,0.4308101236820221,0.4196014404296875,0.2943546772003174,0.2823335826396942,1.0,0.005996786872856276,normal
0.23718436062335968,0.22797676175832743,0.3179453015327453,0.3126465678215027,0.2143995910882949,0.2032396346330642,1.0,0.0031437991419806747,normal
0.12316846475005144,0.11469453945755954,0.1063576936721801,0.0941952764987945,0.08500786870718,0.0746562331914901,1.0,0.001972018391825225,normal
0.0750635508447885,0.06904133781790725,0.0574242062866687,0.0384567715227603,0.0464401915669441,0.0389353111386299,1.0,0.0012586932134581248,normal
0.04874304682016365,0.03839036077260965,0.0366478487849235,0.0286758877336978,0.0369227677583694,0.0299751888960599,1.0,0.0010718039120547,normal
0.038706470280885655,0.01588503504171965,0.021026013419032,-0.0070139565505087,0.0286408197134733,0.0014177623670548,1.0,0.0013235452061053001,normal
0.05728354863822455,-0.0369827095419168,0.066130481660366,-0.0559877343475818,0.059620626270771,-0.0284367613494396,1.0,0.0011475331994006,normal
0.2628543972969055,-0.19572693854570383,0.1541791409254074,-0.1159903779625892,0.2268761396408081,-0.1277665644884109,1.0,0.007478058134438425,normal
0.2330838665366172,-0.1499764434993267,0.1237599775195121,-0.071169763803482,0.1536728888750076,-0.0772034525871276,1.0,0.004356460936833125,normal
0.10101880878210065,-0.014713345561176549,0.1022253334522247,0.0107962870970368,0.0999106019735336,0.0008895271457731,1.0,0.001975314633455075,normal
0.09189195558428759,0.05483419075608251,0.1406281739473343,0.0960041359066963,0.1019080728292465,0.0532104074954986,1.0,0.001871088956249825,normal
0.20473572611808774,0.05792034231126305,0.3094863891601562,0.1298661679029464,0.2271059453487396,0.0802634358406066,1.0,0.0024054064997471505,normal
0.3769882768392563,0.025309476070106002,0.5058301687240601,0.0379532314836978,0.3703052997589111,0.0243170894682407,1.0,0.00314106186851855,normal
0.38399024307727814,-0.01032811938785015,0.3813243508338928,0.0122407851740717,0.3371272385120392,-0.0029253708198666,1.0,0.004564000642858375,normal
0.26023758202791214,0.0542647899128496,0.2491562813520431,0.0421100966632366,0.181099995970726,0.0193619970232248,1.0,0.0022552908631041247,normal
0.1699420996010303,-0.0009422581642866499,0.1483400613069534,0.0850094854831695,0.1176681891083717,0.0341597087681293,1.0,0.003550738940248225,normal
0.1580158248543739,0.00956049747765065,0.1437051892280578,0.0655905976891517,0.1093840077519416,0.0226965453475713,1.0,0.0020442225504666,normal
0.14528163149952883,0.006821401184424751,0.1801731139421463,0.0426903925836086,0.1370710581541061,0.0123705612495541,1.0,0.0017353985458612,normal
0.16187824308872215,0.04203775990754365,0.2017074674367904,0.0995996668934822,0.1369150131940841,0.0481583438813686,1.0,0.0026231561787426,normal
0.1510420404374599,0.0915433727204799,0.2826542556285858,0.2649416029453277,0.1524706035852432,0.1235110610723495,1.0,0.002638677367940475,normal
0.1384845674037933,0.1294089518487453,0.2329370975494384,0.226776123046875,0.1379613578319549,0.1255449950695037,1.0,0.002466992387780875,normal
0.10397684574127194,0.08431862294673914,0.1240307465195655,0.1121673583984375,0.081662394106388,0.0712106600403785,1.0,0.001227337284944875,normal
0.0759700573980808,0.04396123625338075,0.1175853237509727,0.0693752393126487,0.0662177205085754,0.0469980724155902,1.0,0.001227252723765525,normal
0.0743999555706977,0.04347772337496275,0.0980033725500106,0.0566914863884449,0.0659271329641342,0.0404066778719425,1.0,0.0010867278760997,normal
0.07757026702165601,0.0671596229076385,0.092480681836605,0.0872072130441665,0.0804170817136764,0.0729089006781578,1.0,0.001138058330980075,normal
0.12226738035678861,0.09984816983342165,0.1524756848812103,0.1229414492845535,0.1354874074459076,0.0971569269895553,1.0,0.0019142633827868248,normal
0.17644237726926798,0.09452632069587699,0.1123517006635665,0.0812202244997024,0.1425035446882248,0.0824385210871696,1.0,0.001702009423752275,normal
0.09641131386160845,0.0523488298058509,0.0917325243353843,0.0621518231928348,0.0954239144921302,0.0363113991916179,1.0,0.001800086305593075,normal
0.064747579395771,0.0247710552066564,0.0507314465939998,0.0377539433538913,0.0597202070057392,0.0300804935395717,1.0,0.001194271710119175,normal
0.035942185670137405,0.0094542361912317,0.0446310304105281,0.0380850136280059,0.0366224758327007,0.0220422241836786,1.0,0.0010356333223170999,normal
0.03296475857496255,0.023877288214862298,0.0667258873581886,0.0569513477385044,0.043863259255886,0.0345747098326683,1.0,0.00127440699725405,normal
0.0666049998253583,0.0569258872419595,0.0816659554839134,0.0666864588856697,0.065368041396141,0.0488417781889438,1.0,0.0010018184111686,normal
0.0930518023669719,0.0545687805861234,0.0964636132121086,0.0848208367824554,0.0889072641730308,0.0646710619330406,1.0,0.0016463779029436002,normal
0.0496941935271024,0.0350483395159244,0.0529679581522941,0.0388206727802753,0.0464083850383758,0.0292070284485816,1.0,0.0009396870154887,normal
0.10196530446410175,0.0103368470445275,0.1493725925683975,0.0301601532846689,0.1098417714238166,0.0148727018386125,1.0,0.001561599201522725,normal
0.12679088115692133,0.04550641961395735,0.1448115110397339,0.0689336583018302,0.1287223547697067,0.0500137917697429,1.0,0.0016176842618732998,normal
0.0943488366901874,0.0881353169679641,0.215846985578537,0.1990948319435119,0.1289553195238113,0.1204166412353515,1.0,0.0029891905433032002,normal
0.2537020742893219,0.15072877332568166,0.6624571681022644,0.5543693900108337,0.3478098809719085,0.2724376618862152,1.0,0.005230791692156275,normal
0.20809671282768244,0.0516385752707719,0.1445078253746032,0.0524245761334896,0.177500918507576,0.0544059164822101,1.0,0.00310301777790295,normal
0.1708050668239593,-0.025514168664812948,0.1174385771155357,-0.0159089062362909,0.1251755356788635,0.0028510845731943,1.0,0.00204169069183985,normal
0.12710046768188474,0.01474657934159045,0.0986791476607322,0.0289436113089323,0.1211340427398681,0.0470162443816661,1.0,0.0017305536021012251,normal
0.20178924500942225,0.09009063616394994,0.1709888726472854,0.1093375459313392,0.1868864893913269,0.105571448802948,1.0,0.002648009569384125,normal
0.17911869287490845,0.11752122640609736,0.233619824051857,0.1699112355709076,0.1872949004173278,0.1220538467168808,1.0,0.002298716019140475,normal
0.18790411204099655,0.13765398412942886,0.1042634919285774,0.0867388173937797,0.1079103797674179,0.0784149169921875,1.0,0.005085262935608575,normal
0.7779673188924789,0.5367656052112579,0.0781031772494316,0.0597094893455505,0.2529517114162445,0.1757009476423263,1.0,0.09540766960708419,normal
0.3300416171550751,0.2383397370576858,0.132890835404396,0.1016642227768898,0.1913976520299911,0.1375698298215866,1.0,0.02377284856629555,normal
0.22843646258115763,0.0656848978251218,0.2389437705278396,0.149077907204628,0.2069980204105377,0.0705094560980796,1.0,0.0074773150554392,normal
0.37901888042688364,-0.14208371378481385,0.1252825111150741,0.0901669561862945,0.211591750383377,-0.0353850312530994,1.0,0.026106882694875776,normal
0.34760558605194086,-0.22371982038021085,0.0357558205723762,0.0304375849664211,0.1167071461677551,-0.0481139719486236,1.0,0.023859242675825898,normal
0.18318131193518636,-0.1273763570934534,0.0809453874826431,0.0503031425178051,0.0907326713204383,-0.0160071719437837,1.0,0.009181945817544997,normal
0.08737750351428986,0.0295878620818257,0.2251214385032653,0.1946563720703125,0.1244483739137649,0.0981487482786178,1.0,0.0025159568467642496,normal
0.0887805931270122,0.058244994841516,0.1864313334226608,0.1775581985712051,0.1170204430818557,0.1065012291073799,1.0,0.002003883128054375,normal
0.0786051210016012,0.05367313697934145,0.122924268245697,0.098452016711235,0.0765802040696144,0.0588718205690383,1.0,0.0016592064348514748,normal
0.0951794125139713,0.011545239249244301,0.0943864583969116,0.0555757470428943,0.0788268595933914,0.0350032597780227,1.0,0.001703002199064875,normal
0.07566752843558786,0.02615813096053895,0.1463049203157425,0.1006247773766517,0.087948277592659,0.0413162820041179,1.0,0.00169324205489825,normal
0.09850790351629254,0.07264272868633265,0.3529161512851715,0.3368127942085266,0.1515905261039734,0.1397271454334259,1.0,0.0031146752298809,normal
0.1656391769647598,0.1522094309329986,0.4211481809616089,0.4148665964603424,0.2239686101675033,0.2156194448471069,1.0,0.0035586207523010246,normal
0.12888316437602035,0.1186122596263885,0.1915395408868789,0.1854474544525146,0.1182495430111885,0.1126752123236656,1.0,0.0021333794575184,normal
0.07847341522574419,0.06974078714847559,0.1105628535151481,0.0881000831723213,0.0705272555351257,0.0608680136501789,1.0,0.001444090783479575,normal
0.08565018698573106,0.0768520198762416,0.1070346683263778,0.0993804931640625,0.0681849122047424,0.0629641860723495,1.0,0.0011690172395901251,normal
0.13244574144482604,0.1270165331661701,0.2494691461324691,0.2370249480009079,0.1470682770013809,0.1381756663322448,1.0,0.001505978434579375,normal
0.20859518647193903,0.18912523239850995,0.344644546508789,0.3294317126274109,0.2028921395540237,0.184700921177864,1.0,0.0027706655382644,normal
0.18439675122499466,0.17315474152565002,0.216627761721611,0.2020550370216369,0.1500967293977737,0.1303244084119796,1.0,0.002603018801892125,normal
0.11869405210018155,0.11066323891282075,0.1195534318685531,0.1147932559251785,0.0818284228444099,0.0631476938724517,1.0,0.001481345127103825,normal
0.08589928224682805,0.07384566031396385,0.1139366924762725,0.107241541147232,0.0713096931576728,0.0536785125732421,1.0,0.0013729656348004501,normal
0.09595891833305355,0.07280358299612989,0.0876520499587059,0.0804415643215179,0.0666931271553039,0.0500502325594425,1.0,0.00115701324830295,normal
0.0665101371705532,0.03410281520336865,0.0514389611780643,0.0352931171655654,0.0479760989546775,0.0162265170365571,1.0,0.001101789879612575,normal
0.10022947564721099,-0.02824979904107745,0.0589542724192142,-0.0270949862897396,0.0729339718818664,-0.0257084500044584,1.0,0.0012484879844123,normal
0.128532450646162,-0.0432207500562072,0.0767019763588905,-0.0467612519860267,0.103030726313591,-0.0561703145503997,1.0,0.0013239904073997749,normal
0.06244157627224915,-0.006258329376578348,0.0364204496145248,-0.0016581217059865,0.0507798232138156,-0.0218416508287191,1.0,0.00087813628488215,normal
0.0453748162835836,0.02856335486285385,0.0683446675539016,0.0503456816077232,0.0482548438012599,0.018108669668436,1.0,0.001010653024422925,normal
0.0776649862527847,0.0353112937882542,0.1189728826284408,0.0403576493263244,0.0850724950432777,0.0192263759672641,1.0,0.0015684600948588751,normal
0.0778470486402511,-0.01024488965049385,0.1088878139853477,-0.0291285663843154,0.0775614902377128,-0.0185950435698032,1.0,0.0014589045022148001,normal
0.0746739543974399,-0.03843264188617465,0.0881881117820739,-0.0570239424705505,0.0659557059407234,-0.0420704893767833,1.0,0.001162397020379975,normal
0.04531050659716125,-0.0199721944518387,0.0533227026462554,-0.0296903662383556,0.0423300750553607,-0.0233160313218832,1.0,0.000785857111623,normal
0.0254016639664769,0.00775449909269805,0.0526520609855651,0.0458332411944866,0.0316408351063728,0.0215262360870838,1.0,0.000872448974405375,normal
0.04679737426340575,0.03223422076553105,0.1191123500466346,0.0938780829310417,0.0626124516129493,0.034198559820652,1.0,0.001391044061165275,normal
0.1630308404564857,0.01463312143459915,0.1961707025766372,0.0970990732312202,0.1680248081684112,0.0379556342959404,1.0,0.002493008156307025,normal
0.32445110380649567,-0.039676579646766144,0.2852669358253479,0.0264957305043935,0.297333300113678,-0.0099812559783458,1.0,0.0031896709115243997,normal
0.3133573532104492,-0.023318953812122352,0.2752258777618408,-0.0098349833860993,0.2836363911628723,-0.04301593080163,1.0,0.00514586904319,normal
0.26834331452846527,0.000840071588754647,0.2307328134775161,0.0066648540087044,0.2127644121646881,-0.0090249711647629,1.0,0.0034509429242461248,normal
0.1688871681690216,-0.0094136605039239,0.1490269154310226,0.0232793632894754,0.1318611949682235,-0.0045553506352007,1.0,0.00127597009122835,normal
0.09587935358285896,7.426366210001173e-06,0.0895771831274032,0.0148518877103924,0.077668972313404,-0.0075857262127101,1.0,0.001095235711545625,normal
0.09978948161005965,-0.03056112863123415,0.082739807665348,-0.0310465488582849,0.0792447924613952,-0.0340585224330425,1.0,0.0010891173733397748,normal
0.10655285045504564,-0.04698160756379365,0.0813977494835853,-0.0566660575568676,0.0837547406554222,-0.053582340478897,1.0,0.001035587221849675,normal
0.0526863802224397,-0.02339793759165325,0.0361990518867969,-0.0254202187061309,0.0429092161357402,-0.0218410491943359,1.0,0.00105672856443555,normal
0.031506978906691005,0.01536817243322725,0.0442043170332908,0.0168711338192224,0.0306985154747962,0.0073221107013523,1.0,0.000888361420948,normal
0.06613039411604399,0.01999930106103415,0.0701969861984252,0.0046941582113504,0.0519094578921794,0.0109189683571457,1.0,0.001091915721190125,normal
0.04662030376493925,-0.02837215736508365,0.0659935697913169,-0.048768937587738,0.0411372072994709,-0.0275733340531587,1.0,0.001454710902180475,normal
0.07339384779334066,-0.05816202610731121,0.1041499525308609,-0.0962168350815773,0.0724514499306678,-0.0639518946409225,1.0,0.0016950636927503498,normal
0.067100241780281,-0.053100530058145495,0.0719633549451828,-0.0692212656140327,0.0545863099396228,-0.0441573299467563,1.0,0.0009551487746647999,normal
0.02979272790253155,-0.0103509209584444,0.0419289655983448,-0.0173288974910974,0.0310074649751186,-0.0071878936141729,1.0,0.0007961527880979251,normal
0.030948755331337396,0.0008184259640984001,0.0177523996680974,0.0026041667442768,0.0234420746564865,0.0030125065241008,1.0,0.0012514446862041501,normal
0.03010988421738145,-0.01417209161445495,0.0227244421839714,-0.0063966694287955,0.0267781466245651,-0.0071027656085789,1.0,0.0008907302544684498,normal
0.091778889298439,-0.047448130324482904,0.0808984115719795,-0.0417466610670089,0.0811986848711967,-0.0356260612607002,1.0,0.00133070893934925,normal
0.07033589668571945,-0.0210070176981389,0.0555545501410961,-0.0081269238144159,0.0659264549612999,-0.0090369172394275,1.0,0.00098132775747215,normal
0.0571887753903865,0.0319090755656361,0.057304561138153,0.0510230772197246,0.0440763719379901,0.0321127250790596,1.0,0.0009205420647049,normal
0.0844161584973335,0.06441156752407545,0.0884749218821525,0.0801308378577232,0.076805755496025,0.0556579381227493,1.0,0.001218369157868375,normal
0.04871732927858825,0.0214769775047898,0.042708296328783,0.0368125215172767,0.0439742989838123,0.0276918914169073,1.0,0.0009029554785228752,normal
0.031712945550680105,-0.02095262892544265,0.0320128910243511,-0.0116919316351413,0.0244598761200904,-0.013612144626677,1.0,0.00106511080230115,normal
0.02029240597039455,-0.0046103217173367505,0.0224998500198125,0.0073353159241378,0.0237456727772951,0.0111554795876145,1.0,0.000730799030861775,normal
0.06428974308073515,0.04158204980194565,0.0753684490919113,0.0603129081428051,0.0573341026902198,0.0388100259006023,1.0,0.0010942257213173,normal
0.11064669117331499,0.05200758855789895,0.1025336012244224,0.0690548047423362,0.0978084132075309,0.0490517877042293,1.0,0.0015089518274179752,normal
0.0439750030636787,-0.009004621533677,0.0413119345903396,-0.0188432168215513,0.0384000279009342,-0.0086147906258702,1.0,0.00083521507622205,normal
0.3052010014653206,0.12314848601818085,0.0657739415764808,-0.0619432851672172,0.0894808396697044,-0.0075226835906505,1.0,0.027020334266126128,normal
0.8871186524629593,0.4992774426937103,0.0428631529211998,-0.0343859121203422,0.2988120019435882,0.1438446044921875,1.0,0.11742207316274288,normal
0.1296105235815048,0.08381915651261804,0.0222807079553604,0.0185676347464323,0.068382479250431,0.0533406101167202,1.0,0.0039839242381276,normal
0.08208103105425829,0.0076543634058907,0.0415067113935947,0.0367399267852306,0.0566564984619617,0.0061717787757515,1.0,0.0040403384628006755,normal
0.22427947074174875,-0.11939519643783565,0.0389715768396854,-0.0038429028354585,0.1158379092812538,-0.0688747614622116,1.0,0.01627835615363435,normal
0.28566110879182816,-0.1732278317213058,0.0494677275419235,-0.018148249015212,0.1374217420816421,-0.0797961354255676,1.0,0.01857258002564773,normal
0.33764324337244034,-0.20621652156114575,0.0266366209834814,0.0057007758878171,0.1150013655424118,-0.0566314905881881,1.0,0.029592877544928297,normal
0.22480795532464976,-0.14056702703237528,0.0229281242936849,0.0122218281030654,0.0696163773536682,-0.0279113370925188,1.0,0.009022643716889375,normal
0.1174397729337215,-0.08221571147441856,0.021865839138627,0.0066412724554538,0.0419901944696903,-0.014727241359651,1.0,0.0028685355646302247,normal
0.1111212000250816,-0.08956987224519244,0.0358309224247932,-0.0244727861136198,0.0452438853681087,-0.0281582884490489,1.0,0.0021061400766484,normal
0.06179169565439215,-0.03375186305493115,0.0265166405588388,0.016409208998084,0.0294101648032665,0.0026445891708135,1.0,0.00128574516566,normal
0.06779003702104085,0.01751934364438055,0.1012903824448585,0.0924664139747619,0.0657373741269111,0.0441499017179012,1.0,0.001243837628862775,normal
0.1152211092412471,0.04541975073516365,0.1721137911081314,0.1515669375658035,0.119938313961029,0.080536387860775,1.0,0.0019939891644753,normal
0.06945434585213654,-0.0024034038651734495,0.1059146896004676,0.1013854071497917,0.0652887523174285,0.0375543907284736,1.0,0.0013762823073193,normal
0.04407037980854505,-0.022857666015625,0.1659389436244964,0.1464427560567855,0.0783605724573135,0.0445794574916362,1.0,0.0015813851787242498,normal
0.043749608099460546,0.0251876367256045,0.302997887134552,0.2888257503509521,0.1081031262874603,0.09534203261137,1.0,0.0025593173049855747,normal
0.1001389659941196,0.0915970057249069,0.4473559260368347,0.439271867275238,0.2084196805953979,0.1992776840925216,1.0,0.0034906084183603248,normal
0.13437660038471222,0.11816114187240595,0.2595802545547485,0.2512086927890777,0.1458675414323806,0.1339230835437774,1.0,0.00318424880970265,normal
0.08642102032899855,0.0760228410363197,0.1639374196529388,0.1243868768215179,0.0877822488546371,0.062852956354618,1.0,0.001658453460549875,normal
0.1072517111897468,0.01775279222056265,0.1769245862960815,0.0513439774513244,0.1199275851249694,0.0175968967378139,1.0,0.00173686980269845,normal
0.15607427060604095,0.0109665037016384,0.1879725158214569,0.0901054590940475,0.1436309814453125,0.0294326990842819,1.0,0.00226097946870135,normal
0.08956351131200785,0.01605432666838165,0.3453429639339447,0.2739548981189728,0.1661730110645294,0.0889487043023109,1.0,0.0029342103953240006,normal
0.07262244820594779,0.024180673062801302,0.6592416763305664,0.5695587992668152,0.2611519694328308,0.1787402480840683,1.0,0.00692621023335955,normal
0.09660225734114646,-0.00341068614216055,0.7109596729278564,0.5897203087806702,0.2897372841835022,0.1757568567991256,1.0,0.0123145756369922,normal
0.15567006543278689,-0.0164138045511208,0.6993114352226257,0.5543314814567566,0.3028303384780884,0.1387349218130111,1.0,0.01856262484216125,normal
0.1357294768095016,-0.00994297920260575,0.2892971038818359,0.1317989528179168,0.1768729090690612,0.0396356098353862,1.0,0.004167684484855249,normal
0.15475787967443466,0.0282626580446958,0.182989239692688,0.0500964522361755,0.1423128396272659,0.0212790835648775,1.0,0.0042987576744053,normal
0.12314747273921964,0.01177894673310215,0.0930506587028503,0.0078712236136198,0.0999444127082824,0.0003182260552421,1.0,0.001360538444714575,normal
0.155058205127716,0.0051109719788656,0.1356462985277176,-0.0487342588603496,0.1343204975128173,-0.0154356705024838,1.0,0.0018389949400442998,normal
0.17342742532491678,0.02601536922156805,0.6583595275878906,-0.4891505241394043,0.2937656342983246,-0.1515826135873794,1.0,0.020025938254548202,normal
0.2670941650867462,0.05238475184887645,0.4563968777656555,-0.2840923070907593,0.2562948167324066,-0.0819403007626533,1.0,0.0094678501482121,normal
0.25923858582973475,0.06612777709960935,0.2357284724712371,-0.1264218389987945,0.1953077316284179,-0.0312692746520042,1.0,0.005044718913268249,normal
0.1760345250368118,0.070638770237565,0.4067323207855224,-0.3194797337055206,0.1975110620260238,-0.0819057673215866,1.0,0.0109175527468323,normal
0.12611186876893038,0.06775630638003345,0.6133655309677124,-0.5683223605155945,0.2531544864177704,-0.1862721741199493,1.0,0.008325104179675651,normal
0.09865415841341016,0.045971438288688604,0.429898053407669,-0.3881882131099701,0.1863963156938552,-0.1326506733894348,1.0,0.003721083121490625,normal
0.08976938948035235,0.0443745534867048,0.2168375253677368,-0.1812110692262649,0.1134417206048965,-0.0546935237944126,1.0,0.0025029511016327497,normal
0.07821972295641895,0.0716272704303264,0.102299153804779,-0.0557422041893005,0.0736186131834983,0.0050323889590799,1.0,0.001367967677651825,normal
0.16047316789627075,0.15172301977872843,0.0918840169906616,0.0617037676274776,0.1139246821403503,0.0810172408819198,1.0,0.002594529592897675,normal
0.20466031134128565,0.19719366729259485,0.1593717485666275,0.138946533203125,0.1423594504594802,0.1215611472725868,1.0,0.002359184931265125,normal
0.16577171534299845,0.154688574373722,0.1246820092201232,0.1000916436314582,0.1225203946232795,0.0937970802187919,1.0,0.002225096483016325,normal
0.11023828014731399,0.10182360187172884,0.061875119805336,0.0392530038952827,0.0665529295802116,0.0361519865691661,1.0,0.001169621071312525,normal
0.09189134091138834,0.08596287295222275,0.0573651082813739,0.0065811621025204,0.0659554228186607,0.0213882047683,1.0,0.001172567514004125,normal
0.08028332889080045,0.06940671429038045,0.1311409473419189,-0.0060850200243294,0.098015047609806,0.0126012498512864,1.0,0.0018817739328369002,normal
0.08340846374630925,0.0691783763468265,0.1458325684070587,-0.0288506709039211,0.0983574315905571,0.0108096478506922,1.0,0.001356817796477075,normal
0.0850748755037784,0.0640173535794019,0.1134298518300056,-0.0182217676192522,0.0795452818274498,0.0120907835662364,1.0,0.001285702353925375,normal
0.06055937521159645,0.0411323197185993,0.0944240316748619,-0.0124590322375297,0.069634698331356,0.0116031048819422,1.0,0.0011578172270674,normal
0.06667366996407505,0.04560762457549565,0.0502247847616672,0.013275608420372,0.0494720973074436,0.022864893078804,1.0,0.0010533736640354,normal
0.07530814781785011,0.07028851658105845,0.0468574166297912,0.037790473550558,0.0559175759553909,0.0453907810151577,1.0,0.001097199114155925,normal
0.08590164780616755,0.07797677814960474,0.0878674536943435,0.0824395418167114,0.0702806860208511,0.0651078447699546,1.0,0.0010216036171186,normal
0.10422671213746065,0.09014984965324395,0.0969161093235015,0.0867771953344345,0.0719238743185997,0.0618821196258068,1.0,0.001268689316930175,normal
0.10481258854269974,0.0720440819859504,0.1120741739869117,0.0447651259601116,0.0782053172588348,0.0381959602236747,1.0,0.00113169681571885,normal
0.1113478280603885,0.022701697424054097,0.0823116526007652,0.0255450624972581,0.084818460047245,0.0167460199445486,1.0,0.0018595557776279249,normal
0.09094202890992159,0.0200724746100604,0.0667267367243766,-0.0007749615469947,0.0630969926714897,0.00477971509099,1.0,0.00105700154381335,normal
0.0575357917696237,0.014789639506489,0.0408393815159797,-0.002685546875,0.0424411557614803,-0.0076201590709388,1.0,0.001033322405419275,normal
0.0333235096186399,0.005658063018927351,0.0218662079423666,-0.0061770351603627,0.0260515995323658,-0.0065916962921619,1.0,0.00107255141483615,normal
0.0286615025252103,0.0038729869993403,0.0209949053823947,-0.0111560244113206,0.02055449411273,-0.0059326575137674,1.0,0.0010108325805049,normal
0.0335475597530603,0.0021906765177846,0.0306754261255264,-0.0036935517564415,0.0291942860931158,-0.0015962499892339,1.0,0.0008065963920671,normal
0.041809421032667105,-0.0023906302376417,0.0360005535185337,-0.0042174370028078,0.0409016162157058,-0.0001222710852744,1.0,0.0009183897054753751,normal
0.054761292412877,0.006253762636333649,0.0457326136529445,0.0076876552775502,0.0457383506000041,0.005871923174709,1.0,0.0010093907912959998,normal
0.06875432841479776,0.0231582466512918,0.0465993247926235,0.0151787959039211,0.0557800829410553,0.014299894683063,1.0,0.001097137501346825,normal
0.0497276242822408,0.0118918563239276,0.0464049354195594,0.0250207148492336,0.0471465922892093,0.0147280441597104,1.0,0.0010570853773969751,normal
0.0368392551317811,0.008628238341771,0.0381161645054817,0.026337593793869,0.0316704213619232,0.0143440645188093,1.0,0.001156740952865175,normal
0.0345865674316883,-0.01148836524225765,0.0285609774291515,0.008535673841834,0.0212598461657762,-0.0008787857950665,1.0,0.0010140900558326,normal
0.0345453107729554,-0.0030147092184052,0.0236171875149011,0.0163865517824888,0.0207101423293352,0.0099071701988577,1.0,0.00090103397087655,normal
0.0411341711878776,0.01890893420204515,0.051069438457489,0.0338051542639732,0.0327231958508491,0.0202975030988454,1.0,0.00082491984358055,normal
0.41825398057699203,0.26085928082466125,0.0922731161117553,0.0724709257483482,0.1361937075853347,0.092165894806385,1.0,0.05404393162461925,normal
0.6712311953306198,0.39640973508358,0.3060358166694641,0.2785903513431549,0.3072056770324707,0.2273332625627517,1.0,0.09855509642511603,normal
0.05708170309662815,0.04628499411046505,0.2625084519386291,0.2403707802295684,0.1176871731877327,0.1041964516043663,1.0,0.002475318353390275,normal
0.1564341746270656,-0.044068249873816946,0.1172411888837814,0.111724853515625,0.1202127337455749,0.0087952865287661,1.0,0.0137000188697129,normal
0.24620930850505826,-0.10989195108413695,0.0754996687173843,0.0725555419921875,0.1408662050962448,-0.0160919986665248,1.0,0.022413405109546102,normal
0.3346255496144295,-0.1834824308753013,0.0443481802940368,0.0351617969572544,0.1402448415756225,-0.039698451757431,1.0,0.027987139998003823,normal
0.2749989703297615,-0.17178266867995262,0.0512730777263641,0.0229385830461978,0.0991431251168251,-0.0286235809326171,1.0,0.01757872060989025,normal
0.13770567998290056,-0.07989817112684246,0.0412492156028747,0.0246304590255022,0.0566896274685859,-0.0049059013836085,1.0,0.005437892468762526,normal
0.06607814878225325,-0.0128779552760534,0.0435449294745922,0.0365878008306026,0.0377172864973545,0.0168417878448963,1.0,0.0014207273488864,normal
0.0666779745370149,-0.01655197143554685,0.0623595267534256,0.0423810556530952,0.0454055108129978,0.0209002252668142,1.0,0.00133635012025475,normal
0.0483164750039577,0.00640921154990785,0.0863625034689903,0.0307806767523288,0.0603449642658233,0.0192287843674421,1.0,0.0011849521979456,normal
0.06347579136490816,-0.00492330035194755,0.0943383127450943,0.0268272627145051,0.0679395198822021,0.0161958988755941,1.0,0.0011171424848725499,normal
0.04582252167165275,0.0025601531378925003,0.0554155819118022,0.0245550908148288,0.0528373643755912,0.020275417715311,1.0,0.00106985947058995,normal
0.06889102607965465,0.057637620717286994,0.1027991250157356,0.0916794314980506,0.073947012424469,0.0659288093447685,1.0,0.00135516021691725,normal
0.2800330370664596,0.2703276574611664,0.6919471621513367,0.6774865388870239,0.3551431894302368,0.3440943360328674,1.0,0.0059494820889085,normal
0.6393292546272278,0.62221460044384,0.8801397681236267,0.8600903153419495,0.6100204586982727,0.5881871581077576,1.0,0.00735993677517395,normal
0.4424044191837311,0.43294961750507355,0.5766125321388245,0.5691741108894348,0.398832768201828,0.3831661641597748,1.0,0.00537060957867645,normal
0.24838972836732864,0.2309125810861587,0.2962174713611603,0.2908491790294647,0.2069656550884246,0.1952501535415649,1.0,0.003934485430363525,normal
0.14356123283505434,0.1345943696796894,0.1274397224187851,0.116640031337738,0.1100882738828659,0.1004034355282783,1.0,0.001835578150348725,normal
0.0946690216660499,0.0849789716303348,0.0905828177928924,0.0805331170558929,0.0878791734576225,0.0671157836914062,1.0,0.001267168961930975,normal
0.12349889054894445,0.07169945910573006,0.1196958646178245,0.054688423871994,0.1194847896695137,0.0497085154056549,1.0,0.0018082584138028,normal
0.175695389509201,0.056484365835785796,0.2088580131530761,0.0358364209532737,0.1777887195348739,0.0276571568101644,1.0,0.002124675404047525,normal
0.15742733329534525,0.0031920636247378,0.1913848668336868,-0.0092884413897991,0.1547796875238418,0.0021685550455003,1.0,0.00169671379262575,normal
0.15024042129516596,-0.009124929085373849,0.1260860562324524,-0.0023429177235811,0.110112763941288,0.0049896240234375,1.0,0.00136679029674265,normal
0.08732748031616205,-0.0124820074997842,0.0684026256203651,0.0007851340342313,0.0603342428803443,-0.0081389574334025,1.0,0.0012264076067367,normal
0.0573897380381822,-0.0336101120337843,0.0617460347712039,-0.0401283018290996,0.047017503529787,-0.0273782834410667,1.0,0.0012357415107544,normal
0.07300176657736296,-0.06122351996600625,0.0632636323571205,-0.0578275732696056,0.0587043650448322,-0.045194324105978,1.0,0.0012417151592671498,normal
0.06063056923449035,-0.0410983059555292,0.0763048380613327,-0.072817251086235,0.0670147985219955,-0.0602894835174083,1.0,0.001111270627006825,normal
0.1393789686262607,-0.11715726926922795,0.1852200031280517,-0.1796944290399551,0.1387783288955688,-0.1183652356266975,1.0,0.00183263799408445,normal
0.18974565714597696,-0.14407671988010406,0.2270574867725372,-0.2117291092872619,0.20240318775177,-0.1592409163713455,1.0,0.0026378638285677256,normal
0.2446344271302223,-0.1622310988605022,0.2080814838409423,-0.1659046560525894,0.2037269473075866,-0.131556361913681,1.0,0.0019512835133354502,normal
0.080941442400217,-0.04816979914903635,0.076672151684761,-0.0492100566625595,0.0728145837783813,-0.0391408018767833,1.0,0.001125663548009425,normal
0.03286320529878135,0.0032945979619399,0.0199840273708105,-0.0011212897952646,0.0249414984136819,0.0013602407416328,1.0,0.001201792620122375,normal
0.040465282276272746,-0.0016465331427753006,0.0251671522855758,-0.0001521255035186,0.0303710475564003,0.0046668807044625,1.0,0.00110336123907465,normal
0.04308262001723045,-0.02865733485668895,0.0384605377912521,-0.0308338515460491,0.03212396427989,-0.0197230894118547,1.0,0.00088474719086655,normal
0.06404162570834154,-0.05029762163758275,0.081966832280159,-0.0789244696497917,0.055075105279684,-0.04837267100811,1.0,0.001014460620353875,normal
0.07831849902868265,-0.0740062221884727,0.0784592553973198,-0.076386883854866,0.0642905235290527,-0.055882804095745,1.0,0.001241221034433625,normal
0.07861203327775,-0.061204360798001206,0.0794960483908653,-0.0768571346998214,0.0657357573509216,-0.0536048300564289,1.0,0.0011706524819600998,normal
0.06668915227055545,-0.05562984757125375,0.0635785087943077,-0.055999755859375,0.0580035522580146,-0.0429851114749908,1.0,0.001195866963826075,normal
0.04591263271868225,-0.03188902046531435,0.0447108782827854,-0.0410211719572544,0.0402681715786457,-0.0340582206845283,1.0,0.0009968494996428,normal
0.0473201218992471,-0.034900144673883846,0.0512097179889678,-0.0370381660759449,0.0379401817917823,-0.0277032349258661,1.0,0.000985205973847725,normal
0.0388938440009951,-0.019521655049175,0.0407007783651351,-0.0323084034025669,0.0357033088803291,-0.0233775693923234,1.0,0.0010127674177055502,normal
0.05703750252723685,-0.028553644195199,0.0607662796974182,-0.0534483008086681,0.0562199912965297,-0.0344007387757301,1.0,0.0008758743497309499,normal
0.07196371816098684,-0.03483318630605935,0.0680906921625137,-0.03973388671875,0.063449777662754,-0.0335138216614723,1.0,0.00103322179347735,normal
0.0746686607599258,-0.0236890390515327,0.05838118866086,-0.0246813222765922,0.0568193383514881,-0.015655517578125,1.0,0.0008741388737689252,normal
0.0464406888931989,0.0021895496174693004,0.0566517449915409,0.0041924677789211,0.0505305230617523,-0.0038610759656876,1.0,0.00074018948362205,normal
0.0487196929752826,0.004645087290555251,0.0703331604599952,0.0259219091385602,0.0463409908115863,0.0071645034477114,1.0,0.001024032360874075,normal
0.0529123097658157,-0.0017377103213221002,0.04694489762187,0.0206654872745275,0.045839600265026,0.0036146263591945,1.0,0.0009895619150483502,normal
0.0583704989403486,-0.0135399211576441,0.0311758629977703,-0.0049628056585788,0.0369188897311687,-0.0106172058731317,1.0,0.001248027954716175,normal
0.04027238301932805,-0.0161760505288839,0.030553001910448,-0.014150446280837,0.0331440456211566,-0.0137757752090692,1.0,0.0008241663745138501,normal
0.03824129421263925,-0.01949761155992745,0.0207001771777868,-0.0056429775431752,0.0269698277115821,-0.0032249249052256,1.0,0.001080273374100175,normal
0.0308484891429543,0.00391653802944345,0.0278321709483861,0.0023369067348539,0.0228294041007757,0.0023154208902269,1.0,0.000985181046416925,normal
0.0258407238870859,-0.00394049566239115,0.0222872719168663,0.0137671269476413,0.0200974773615598,0.0106045575812459,1.0,0.000967200598097375,normal
0.03426441643387075,0.005570701090618951,0.0153896966949105,0.0065524941310286,0.016144061461091,0.0016630071913823,1.0,0.0007617233277414249,normal
0.033084672875702346,-0.0047172775957733,0.0346416607499122,-0.0243456289172172,0.0245796293020248,-0.0068813124671578,1.0,0.001154609999502925,normal
0.0471727736294269,-0.02866536937654015,0.0528255738317966,-0.0346656553447246,0.0348968021571636,-0.0198985654860734,1.0,0.000901054692803825,normal
0.0402781050652265,-0.0145144900307059,0.0568696334958076,-0.0444844551384449,0.0348774716258049,-0.0205093175172805,1.0,0.001191943447338375,normal
0.4246041923761368,0.2295808270573616,0.0781325250864029,-0.0618184395134449,0.1381107568740844,0.046901099383831,1.0,0.061824119227821904,normal
0.3333132863044739,0.16829213127493856,0.05784198269248,-0.0401805527508258,0.0998144373297691,0.0347084254026412,1.0,0.021061370818642847,normal
0.06529019773006435,-0.03646373748779295,0.0550749972462654,-0.0503170117735862,0.0413474142551422,-0.0315287746489048,1.0,0.0012719761725747498,normal
0.083760242909193,-0.059477312490344006,0.0937493965029716,-0.0841452851891517,0.0830713212490081,-0.0565667413175106,1.0,0.00119003132567735,normal
0.0667380690574646,-0.04556930437684055,0.0749407485127449,-0.0696309432387352,0.0603095851838588,-0.0467466041445732,1.0,0.0010821667237905501,normal
0.0483256950974464,-0.0335354367271065,0.0612787902355194,-0.0410022139549255,0.0407089181244373,-0.0222069583833217,1.0,0.001242135258507875,normal
0.1138718612492084,-0.02706735767424105,0.1263887137174606,-0.0279809199273586,0.1001371964812278,-0.0059104720130562,1.0,0.0016494784795212998,normal
0.15361697971820826,-0.0033779721707105498,0.1569212675094604,-0.0315218828618526,0.1382147073745727,-0.0126280533149838,1.0,0.00160282285651185,normal
0.09176026657223699,-0.03872316703200335,0.0730244293808937,-0.0534825176000595,0.064441479742527,-0.0282632932066917,1.0,0.00141327541496135,normal
0.08164053782820696,-0.07096181064844125,0.0790998637676239,-0.0754297450184822,0.0529965534806251,-0.0470545925199985,1.0,0.0013987170241306752,normal
0.07067926786839959,-0.0484792254865169,0.0860650017857551,-0.0768807157874107,0.0705700740218162,-0.0468104518949985,1.0,0.0017049905727617,normal
0.18890019506216044,0.034949330613017054,0.0613779872655868,-0.0572986006736755,0.0998454093933105,-0.0146370939910411,1.0,0.013918407799792426,normal
0.06566101312637325,-0.053151359781622845,0.0908817201852798,-0.085360437631607,0.0570710189640522,-0.0515688844025135,1.0,0.00134038219403005,normal
0.4811942130327225,-0.31761859357357025,0.1065201014280319,-0.1040265634655952,0.1899084150791168,-0.1397327631711959,1.0,0.041107708049821626,normal
0.49401208758354187,-0.3476409316062927,0.1230053305625915,-0.1210234686732292,0.1660535186529159,-0.1387806981801986,1.0,0.026543017680523872,normal
0.20585760474205017,-0.16617763787508005,0.11331407725811,-0.1106104999780654,0.1104669794440269,-0.093836635351181,1.0,0.00484472137759435,normal
0.08525671064853665,-0.0734343100339174,0.0883081257343292,-0.0821893885731697,0.0802109092473983,-0.0559890158474445,1.0,0.0014340357301989002,normal
0.09803143516182895,-0.0730860140174627,0.091062419116497,-0.0625277459621429,0.0847968459129333,-0.0583293326199054,1.0,0.001163852037279825,normal
0.05492530204355715,-0.03253850061446425,0.0639256909489631,-0.0321715399622917,0.0586393438279628,-0.0308402217924594,1.0,0.0014819707430433252,normal
0.06816948950290674,-0.02776082325726745,0.0852746367454528,-0.02879842184484,0.0605487897992134,-0.0149479918181896,1.0,0.001147918970673275,normal
0.4163051024079323,-0.016147093847394,0.0617250390350818,-0.0090706562623381,0.1773420870304107,-0.023921163752675,1.0,0.04049390630098055,normal
0.1039577648043632,-0.01338005065917965,0.0490727983415126,0.0044440068304538,0.0537117347121238,0.0025511290878057,1.0,0.0036752534797414747,normal
0.041521221399307195,0.0037710306351072496,0.0275681801140308,0.0232807509601116,0.0263769589364528,0.0104504637420177,1.0,0.00093459222989615,normal
0.06655008159577845,0.016187118366360602,0.028720224276185,0.0040038139559328,0.028728449717164,0.005007994826883,1.0,0.001301376716583,normal
0.0370281348004937,-0.022565524093806702,0.0384452827274799,-0.0174972079694271,0.0343610346317291,-0.0121427839621901,1.0,0.0008154980168910501,normal
0.10731875896453855,-0.0337670650333166,0.0843685567378997,-0.0398702919483184,0.0910409390926361,-0.0341007821261882,1.0,0.0014433625619857998,normal
0.12868107110261914,-0.0457696039229631,0.1289018392562866,-0.0471061952412128,0.1298677772283554,-0.0361229740083217,1.0,0.0014214639231795,normal
0.1132362969219684,-0.032094348454847946,0.1093132570385932,-0.0460232831537723,0.1115423664450645,-0.0400639586150646,1.0,0.001181495987111625,normal
0.0814064964652061,-0.039224162697792,0.1011629179120063,-0.0424009375274181,0.0708964616060257,-0.0318572409451007,1.0,0.0011896662326762002,normal
0.0546555574983358,-0.037040391936898204,0.083537183701992,-0.0329400263726711,0.0573957599699497,-0.0300782863050699,1.0,0.001085408977814925,normal
0.0352337202057242,-0.0132306418381631,0.0461266599595546,-0.0198442861437797,0.0406451970338821,-0.0226421356201171,1.0,0.000979097632807625,normal
0.061935460194945294,-0.044975019991397795,0.0429222956299781,-0.0342314764857292,0.0465000122785568,-0.0205281917005777,1.0,0.0008418278739554502,normal
0.07150421291589734,-0.0160692675854079,0.0397802703082561,-0.0249800253659486,0.0623608082532882,-0.016275305300951,1.0,0.00101199651544445,normal
0.0840532444417476,-0.025125503540039,0.0488255880773067,0.0048971464857459,0.0597680993378162,0.0006512089748866,1.0,0.0014667626965092252,normal
0.0788116343319416,0.03028768394142385,0.0645026937127113,0.0485872216522693,0.0712167546153068,0.03900658339262,1.0,0.001257484589586925,normal
0.07243440672755236,0.0412321370095014,0.1647081226110458,0.1582280993461609,0.1044247969985008,0.0779870674014091,1.0,0.00194796849973495,normal
0.075935548171401,0.0524374051019549,0.1501385867595672,0.139923095703125,0.0938374400138855,0.0775205716490745,1.0,0.00129256352374795,normal
0.061612991616129806,0.0510043799877166,0.0692032724618911,0.0526414364576339,0.0658501535654068,0.044395949691534,1.0,0.00085122363816475,normal
0.0793281532824039,0.0011113773798569562,0.059362206608057,-0.0303025674074888,0.1346552670001983,-0.026529211550951,1.0,0.00172304533771235,normal
0.19282339513301844,-0.053261931985616656,0.3149618506431579,-0.2875047028064728,0.3411018550395965,-0.2057188004255294,1.0,0.00451603223336855,normal
1.0156430006027222,0.1286326078698039,0.6769158244132996,-0.6657525300979614,0.6535147428512573,-0.2912178039550781,0.9659090909090908,0.09670601144898679,normal
0.5332236438989639,-0.10697083920240405,0.6414146423339844,-0.6356797814369202,0.5708043575286865,-0.341698408126831,1.0,0.03736569266766305,normal
0.43917521834373474,-0.401095986366272,0.6878695487976074,-0.6790137887001038,0.5042700171470642,-0.4376062154769897,1.0,0.00955381372477855,normal
0.5084782093763351,-0.4618510901927948,0.6309763789176941,-0.6178949475288391,0.5165731310844421,-0.4479735493659973,1.0,0.015681126969866427,normal
0.5916466116905212,-0.49847595393657684,0.6270297765731812,-0.610008955001831,0.565637469291687,-0.4764625132083893,1.0,0.02728975471109145,normal
0.5737006217241287,-0.5200795382261276,0.7383538484573364,-0.7219215035438538,0.5388177633285522,-0.4669378101825714,1.0,0.017838543746620375,normal
0.5581739395856857,-0.46123673021793365,0.819854736328125,-0.787405788898468,0.5784404873847961,-0.4706681966781616,1.0,0.009913146612234374,normal
0.46915122866630554,-0.3138179630041122,0.8260959982872009,-0.775114119052887,0.5663393139839172,-0.4255926311016083,1.0,0.0148032805882394,normal
0.32019519805908203,-0.14061270281672475,0.4535310864448547,-0.4036897718906402,0.3972645103931427,-0.24807970225811,1.0,0.0063371787546202,normal
0.3669481575489044,-0.10479352995753285,0.6005163192749023,-0.4521840512752533,0.4593048989772796,-0.2259807586669922,1.0,0.006091880844905926,normal
0.47323307394981384,-0.19226935505867,0.8896769881248474,-0.6639399528503418,0.6128750443458557,-0.3431802093982696,1.0,0.0055517544969915745,normal
0.8617718517780305,-0.46732866764068604,1.3080084323883057,-0.9104438424110411,0.8933149576187134,-0.5122965574264526,1.0,0.00683684041723605,normal
1.0798567831516266,-0.4871668070554733,1.7503759860992432,-0.9173107743263244,1.1907676458358765,-0.5013548135757446,1.0,0.014637585962191176,normal
1.0498987138271332,-0.4143532812595367,1.7367757558822632,-0.8036711812019348,1.1560357809066772,-0.4293030202388763,1.0,0.008814038592390674,normal
0.587103858590126,-0.22984057664871216,0.9414360523223876,-0.5895833969116211,0.6991058588027954,-0.3158201873302459,1.0,0.006086444482207251,normal
0.40362028777599335,-0.1877089366316795,0.4978318214416504,-0.4508472681045532,0.4829144775867462,-0.2749722003936767,1.0,0.006036283215507826,normal
0.3853713199496269,-0.1859645470976829,0.6408218145370483,-0.6113526225090027,0.5731801390647888,-0.304647147655487,1.0,0.006748336600139701,normal
0.3784978464245796,-0.13238762458786363,0.6126601696014404,-0.6005734801292419,0.5890183448791504,-0.3326843678951263,1.0,0.005942161893472025,normal
0.3162104785442352,-0.12449622806161639,0.7151044607162476,-0.6808286905288696,0.5959111452102661,-0.322305291891098,1.0,0.0070935916155576,normal
0.2779557891190052,-0.12733017839491365,0.6028395891189575,-0.5781739950180054,0.5525627732276917,-0.3336926400661468,1.0,0.006800932576879825,normal
0.28526740148663515,-0.09207287430763245,0.6518521308898926,-0.5553191304206848,0.5549288988113403,-0.2778243124485016,1.0,0.00415074947522945,normal
0.29523551464080805,-0.06671047210693355,0.4990642368793487,-0.3907623291015625,0.4544512033462524,-0.1571495682001114,1.0,0.00424306653439995,normal
0.30661862343549723,0.0764335989952087,0.3086515963077545,-0.1908721923828125,0.3556217849254608,-0.0172301847487688,1.0,0.0044402027851901255,normal
0.7586252242326736,0.48586373031139374,0.268188863992691,-0.065066710114479,0.4455120265483856,0.1698667556047439,1.0,0.028091286716517023,normal
0.3117079734802246,0.23625954240560526,0.1372207552194595,-0.0022509025875478,0.2270451337099075,0.097116969525814,1.0,0.004709122411441,normal
0.22442901879549024,0.1606684066355228,0.0854730904102325,-0.0295151211321353,0.1587046384811401,0.0364616811275482,1.0,0.002643749103299275,normal
0.20066078752279282,0.1747138351202011,0.0777643844485282,-0.0165053866803646,0.1421672701835632,0.0441583320498466,1.0,0.002198796675656875,normal
0.3170595914125442,0.25996843725442886,0.1028325855731964,0.0709519833326339,0.1681897640228271,0.1006117388606071,1.0,0.0026281407626810747,normal
0.48013125360012054,0.39762160181999207,0.4053356647491455,0.3423646986484527,0.3379547595977783,0.2369495183229446,1.0,0.006373532465659051,normal
0.5555018782615662,0.43013881146907806,0.4887902736663818,0.3159078061580658,0.3952642381191253,0.2410390824079513,1.0,0.006613480392843425,normal
0.5533822178840637,0.34629781544208527,0.6206024289131165,0.4380534887313843,0.4537599384784698,0.2738114297389984,1.0,0.0068643864942714,normal
0.5449206531047821,0.336935892701149,0.5417155027389526,0.2364108860492706,0.458563894033432,0.1987660080194473,1.0,0.0058454338577575505,normal
0.6193372905254364,0.22015720605850214,0.7521650791168213,0.241487443447113,0.5594207644462585,0.1879484206438064,1.0,0.00611667940393085,normal
0.6737050414085388,0.1580201387405395,0.7637035250663757,0.1829459518194198,0.614223301410675,0.1473232060670852,1.0,0.007017523166723501,normal
0.6692832708358765,0.211141288280487,0.8711794018745422,0.2577741146087646,0.6203768253326416,0.1385239064693451,1.0,0.00722371635492885,normal
0.5868547856807709,0.1878336519002914,0.7077603936195374,0.2710437178611755,0.5462908148765564,0.1689712107181549,1.0,0.006153520545922175,normal
0.47728295624256134,0.10718837380409235,0.497977465391159,0.1257388889789581,0.4251867532730102,0.0875856503844261,1.0,0.00451138085918495,normal
0.37289121747016907,0.005162590183317649,0.5183623433113098,-0.0141166914254426,0.4169758558273315,0.0023127105087041,1.0,0.00453674123855305,normal
0.5065525472164154,-0.0821149032562971,0.6358303427696228,-0.0713861659169197,0.5125174522399902,-0.0397824756801128,1.0,0.0047933565219864,normal
0.4527814984321594,-0.13648315891623491,0.4919503033161163,-0.1759430915117263,0.4121977388858795,-0.1120075434446334,1.0,0.004098808683920625,normal
0.2983830124139786,-0.09711767360568045,0.237883985042572,-0.1283971667289734,0.2376610785722732,-0.0760746970772743,1.0,0.0028961127973161,normal
0.16808258742094034,-0.12367235496640205,0.1646878123283386,-0.1566041857004165,0.1907090097665786,-0.0733435750007629,1.0,0.0028519401676021247,normal
0.38298386335372925,-0.30094026029109955,0.6748244166374207,-0.6477975845336914,0.4292532205581665,-0.3056421875953674,1.0,0.0072483939584344,normal
0.7193541526794434,-0.6260761618614197,1.0687544345855713,-1.0648281574249268,0.7591065168380737,-0.5630928874015808,1.0,0.00941667088773095,normal
0.6897135078907013,-0.5488332211971283,0.8667272329330444,-0.8116441369056702,0.6795145869255066,-0.4936972260475158,1.0,0.006446535466238825,normal
0.8341813385486603,-0.16530932486057281,0.7622767090797424,-0.6656743884086609,0.696028470993042,-0.2942813038825989,1.0,0.026040318305604097,normal
0.7951482385396957,-0.12197337672114364,0.8365239500999451,-0.6604235172271729,0.6831681132316589,-0.250450849533081,1.0,0.0490152292186394,normal
0.6057457327842712,-0.5229168832302094,0.7704141736030579,-0.655731201171875,0.4864171147346496,-0.3924939930438995,1.0,0.011508285533636775,normal
0.8556434810161591,-0.7544969618320465,0.7151384353637695,-0.6080997586250305,0.553901731967926,-0.4470362365245819,1.0,0.0393174290657043,normal
0.7977105677127838,-0.7421232163906097,0.4682950377464294,-0.3779435455799103,0.4167921543121338,-0.3378887176513672,1.0,0.021422297926619576,normal
0.5133626759052277,-0.42873458564281464,0.3594909608364105,-0.1227218136191368,0.3270590901374817,-0.1938064992427826,1.0,0.00990630406886335,normal
0.42432256042957306,-0.18258929625153536,0.7530519962310791,0.1268675774335861,0.4493534564971924,-0.0223832372575998,1.0,0.006502012256532875,normal
0.5123819559812546,0.045055538415908744,1.0533684492111206,0.7240965962409973,0.5433828234672546,0.2215600311756134,1.0,0.008468319778330576,normal
0.6154171675443649,0.34052295982837677,1.0167796611785889,0.9429108500480652,0.5611670613288879,0.4142638742923736,1.0,0.010451472713611975,normal
0.6924924552440643,0.6023874878883362,1.1195930242538452,1.0625420808792114,0.6396825313568115,0.5542470216751099,1.0,0.009356671827845225,normal
0.5845271050930023,0.5323566645383835,0.806505024433136,0.7748968005180359,0.5384174585342407,0.4654532074928283,1.0,0.008900857064872949,normal
0.3658929467201233,0.2788130044937134,0.3371351063251495,0.2621103823184967,0.321454793214798,0.2158704996109008,1.0,0.005620074342004925,normal
0.2970055639743805,0.1003737039864063,0.1642892658710479,0.0398790761828422,0.2876434624195099,0.0449550040066242,1.0,0.00314868366695005,normal
0.43984654545783997,-0.0854693129658699,0.315936267375946,-0.1184488907456398,0.4381574690341949,-0.1255466043949127,1.0,0.0044793430715799,normal
0.5384392440319061,-0.1614223606884479,0.4754006564617157,-0.303526908159256,0.5580625534057617,-0.2299034744501114,1.0,0.004898554878309325,normal
0.5071863234043121,-0.1226981119252741,0.2606969475746155,-0.194004401564598,0.431916743516922,-0.1676024347543716,1.0,0.00491689448244865,normal
0.3969793766736984,-0.11081747710704795,0.2535914480686188,-0.141513243317604,0.3358478248119354,-0.1062870025634765,1.0,0.003023970522917775,normal
0.2132093533873558,-0.008519422262907,0.0922566726803779,-0.0482829697430133,0.1490100175142288,-0.035773929208517,1.0,0.0024334502377314,normal
0.1013494282960891,-0.00725595559924845,0.0399248600006103,-0.0097138378769159,0.0681096985936164,-0.005550785921514,1.0,0.001442963970475775,normal
0.06271624192595475,-0.00018452759832144998,0.1242390945553779,0.0718379169702529,0.0857858210802078,0.0201408993452787,1.0,0.0010374669800512,normal
0.1067632511258125,0.0553746800869703,0.2805120944976806,0.1775753200054168,0.1846166551113128,0.0865162312984466,1.0,0.0022009802050888,normal
0.15005356445908544,0.0659613031893968,0.392735481262207,0.2836261987686157,0.267264574766159,0.1229811236262321,1.0,0.002797318913508125,normal
0.19611250609159464,0.07867065072059624,0.3525972664356231,0.2527692317962646,0.2743402421474457,0.1222957819700241,1.0,0.0029022121452726,normal
0.2440929189324379,0.07029156759381289,0.4719096422195434,0.3095518052577972,0.3514516353607178,0.1573201268911361,1.0,0.002652978262631175,normal
0.27605187147855753,0.10656621307134626,0.4294082522392273,0.3131353259086609,0.3367780745029449,0.1786714792251587,1.0,0.003188735048752225,normal
0.321273036301136,0.14421665668487543,0.5872602462768555,0.4289079010486603,0.3896312713623047,0.21624755859375,1.0,0.00456364656565705,normal
0.3437387719750404,0.19590435922145838,0.5538250803947449,0.4252495169639587,0.4046615958213806,0.2275179773569107,1.0,0.003589771746192075,normal
0.4127608388662338,0.21542587131261826,0.5595425367355347,0.427672415971756,0.4241985380649566,0.2359421402215957,1.0,0.004375222895760049,normal
0.34212471544742584,0.17520374059677118,0.4523013234138489,0.3242118060588836,0.3587080538272857,0.1899208277463913,1.0,0.003765732573810925,normal
0.2641187980771065,0.1103376895189285,0.3723301887512207,0.256380021572113,0.2758364975452423,0.1203314140439033,1.0,0.00250540665001605,normal
0.1991069912910461,0.07207532599568364,0.2136509865522384,0.1137168183922767,0.1869923174381256,0.0637474060058593,1.0,0.0018199940095655002,normal
0.15260894596576685,0.0205680108629167,0.1689379811286926,0.0501741357147693,0.13702954351902,0.0083458544686436,1.0,0.00174073665402825,normal
0.13043628633022306,0.0035130518954246998,0.1385853290557861,0.0141240898519754,0.1069718301296234,0.0004263426235411,1.0,0.0011838315695058,normal
0.11041273921728131,-0.01616946456488215,0.1532469242811203,0.0129098603501915,0.1136717200279235,-0.0016319877468049,1.0,0.00098789346520785,normal
0.13710699975490565,0.01345025422051545,0.1333352774381637,0.0216688681393861,0.1194080561399459,0.0138745559379458,1.0,0.0011410872102714498,normal
0.13701108470559115,0.0349202081561088,0.1298626959323883,0.0287401601672172,0.1150028929114341,0.0278464872390031,1.0,0.001336175759206475,normal
0.0818427354097366,0.01654350524768225,0.1022933050990104,0.0277561992406845,0.0794114023447036,0.0279667507857084,1.0,0.000945469437283425,normal
0.08050178363919255,0.0122637662570923,0.066942885518074,0.0150349931791424,0.0611040219664573,0.0186094995588064,1.0,0.0009947662911144498,normal
0.0392139330506324,0.0070214523002505,0.0287888143211603,0.0110288681462407,0.0334677621722221,0.0175214055925607,1.0,0.001163447173894325,normal
0.04549444094300265,0.0166293694637715,0.0681116059422493,0.0303992070257663,0.0482049845159053,0.0136999832466244,1.0,0.0009538521844660251,normal
0.15638468414545054,0.048962360247969544,0.251673012971878,0.108186200261116,0.1817762106657028,0.0612061135470867,1.0,0.002528115088352875,normal
0.27792574465274805,0.0823026299476623,0.3296628296375274,0.1524158865213394,0.2382502257823944,0.063892662525177,1.0,0.003798220423050175,normal
0.2500761151313782,0.05991365201771255,0.2726257443428039,0.1098387762904167,0.2280775904655456,0.0536342412233352,1.0,0.002304318972164725,normal
0.18428412079811096,0.05493359640240665,0.2200003415346145,0.0820613056421279,0.1739379465579986,0.026426013559103,1.0,0.001569016225403125,normal
0.1571435444056987,0.0355016309767961,0.1666816473007202,0.0658310428261756,0.1343825757503509,0.0288971345871686,1.0,0.001231546426424725,normal
0.1234497688710689,0.0198757438920438,0.1014911979436874,0.009272719733417,0.0991838425397872,0.0007115414482541,1.0,0.001177103826194,normal
0.08446292579174039,0.007595530943945,0.0703594014048576,-0.010284423828125,0.0781307592988014,-0.0102394502609968,1.0,0.0010139113728655,normal
0.08392065390944475,-0.01109372556675225,0.078214444220066,-0.0362178906798362,0.0766019001603126,-0.0200075861066579,1.0,0.001002454169793,normal
0.06590671278536316,-0.01294283312745385,0.0567817203700542,-0.0310479365289211,0.0596234984695911,-0.0107669830322265,1.0,0.0007764531910652,normal
0.03634268604218955,-0.0025005842617247,0.0313503891229629,-0.0136196250095963,0.0357731394469738,-0.0023327877279371,1.0,0.0008020044624572,normal
0.030525853857398002,0.0127206600736826,0.0191446356475353,0.0030166164506226,0.0264077186584472,0.0060327430255711,1.0,0.000829114447697025,normal
0.02863707859069105,0.0114951888099312,0.0198128558695316,0.0111527880653738,0.0245217606425285,0.01386100333184,1.0,0.000715086862328425,normal
0.0257878117263317,0.015325580025091701,0.0310370195657014,0.0092551494017243,0.0307399854063987,0.0172607023268938,1.0,0.000863267763634175,normal
0.0450006686151027,0.03039435297250745,0.055776972323656,0.0396381728351116,0.0403327830135822,0.0262122899293899,1.0,0.000869111128849875,normal
0.08511790260672565,0.0598625037819147,0.0985672548413276,0.0752498731017112,0.0865891650319099,0.0574425160884857,1.0,0.0011812796437879751,normal
0.08584719523787496,0.06326496228575705,0.1148923486471176,0.0948773026466369,0.0920246541500091,0.0692125633358955,1.0,0.0008717274758964499,normal
0.09138630516827105,0.0622940212488174,0.0875104293227195,0.0752544999122619,0.0788944810628891,0.0573369078338146,1.0,0.0009268191788577749,normal
0.08137905597686759,0.05739556625485415,0.0787461027503013,0.0674706697463989,0.0735088512301445,0.0535194985568523,1.0,0.0007853550923754751,normal
0.0531532112509012,0.0366494860500097,0.0699124261736869,0.0536540634930133,0.0585608594119548,0.0407144650816917,1.0,0.000854241196066075,normal
0.06593746133148665,0.0494337417185306,0.1035527884960174,0.0986318886280059,0.0788173899054527,0.0680741742253303,1.0,0.000805201445473325,normal
0.11452595144510265,0.09893450513482091,0.1771958619356155,0.1698700934648513,0.1323331296443939,0.123551420867443,1.0,0.00182491069426755,normal
0.13329740986227984,0.12072420865297315,0.3519525527954101,0.3313205540180206,0.1998948901891708,0.1846035420894622,1.0,0.002399900811724325,normal
0.1730936244130134,0.15844746679067606,0.2665322721004486,0.2563689351081848,0.1794193387031555,0.1659151315689087,1.0,0.002223922550911025,normal
0.11789943650364874,0.10392550379037854,0.1383379846811294,0.1259691715240478,0.125345692038536,0.1039036214351654,1.0,0.0014295204018708002,normal
0.09911440312862395,0.08273422345519066,0.1078856438398361,0.0865968614816665,0.1087784171104431,0.082069493830204,1.0,0.00115067510341755,normal
0.09910886734724039,0.0761299487203359,0.0977934524416923,0.0731006935238838,0.0945106521248817,0.0725612640380859,1.0,0.0010829850798471999,normal
0.08518326282501215,0.0621806196868419,0.1016309782862663,0.0664580389857292,0.0993509739637374,0.0572430454194545,1.0,0.000904151500435475,normal
0.11197025328874585,0.05692799761891365,0.0655445307493209,0.0491055585443973,0.1032155007123947,0.0631965845823288,1.0,0.00135600639623585,normal
0.2028582319617271,0.0751283206045627,0.0506672747433185,0.0366765819489955,0.187669888138771,0.0849058255553245,1.0,0.002219579007942175,normal
0.42992813885211945,0.15054368227720255,0.2310651689767837,0.0981431454420089,0.3857463002204895,0.144892543554306,1.0,0.00355284562101585,normal
0.6897044479846954,0.2299895137548446,0.5266224145889282,0.2482785284519195,0.611889660358429,0.2557862997055053,1.0,0.0053623404819517755,normal
0.7369385957717896,0.2660001963376999,0.6387864351272583,0.2926566302776336,0.6261677742004395,0.2523036897182464,1.0,0.005801410530693775,normal
0.6058845818042755,0.21402540057897565,0.465518057346344,0.225009799003601,0.5076084136962891,0.1968889683485031,1.0,0.0055712983012199,normal
0.5113761126995087,0.1624043099582195,0.442117691040039,0.1910252422094345,0.4505652785301208,0.1730467081069946,1.0,0.0038989056483842,normal
0.33322437107563013,0.0877635013312101,0.1906590908765792,0.0845780819654464,0.2648959457874298,0.0793274343013763,1.0,0.002256045932881475,normal
0.17443684861063954,0.018746024463325753,0.0471079424023628,0.0283633153885602,0.134743645787239,0.0413463003933429,1.0,0.002833685808582175,normal
0.0765960812568664,0.01074501546099785,0.0413601472973823,0.0046155527234077,0.0982314869761467,0.0089892335236072,1.0,0.0016672550409566,normal
0.0754669420421123,-0.0028587467968463516,0.1401078850030899,0.0280132871121168,0.1126521602272987,0.0188638791441917,1.0,0.001625131437322075,normal
0.07813017070293425,0.0545907262712717,0.1485935747623443,0.0630414560437202,0.1241317391395568,0.0377948172390461,1.0,0.001171611540485125,normal
0.1292507015168666,0.07717488892376415,0.1515667885541916,0.108279138803482,0.1472566574811935,0.0883752927184104,1.0,0.001902628195239175,normal
0.22199476510286328,0.1480460241436958,0.117131158709526,0.1105711981654167,0.1809926778078079,0.116347461938858,1.0,0.00209081760840485,normal
0.32911051809787745,0.20031663030385966,0.1522572338581085,0.1095419228076934,0.2347198575735092,0.1230440661311149,1.0,0.005247902270639275,normal
0.8956665992736816,0.4752732068300247,0.209802508354187,0.063112199306488,0.414060115814209,0.2057013213634491,1.0,0.08478866924997418,normal
0.4566974639892578,0.1320922635495663,0.3709064722061157,0.0051533090882003,0.3616369664669037,0.0780428871512413,1.0,0.019856083963531952,normal
0.5360644161701202,0.0474512353539467,0.571060299873352,-0.0075211958028376,0.4819532334804535,0.0788622424006462,1.0,0.00495564733864735,normal
0.7948031723499298,0.0630359342321754,0.6588200926780701,0.0490278750658035,0.6338602304458618,0.0916890576481819,1.0,0.009139047237113075,normal
0.9787016808986664,0.04110036697238685,0.7194117903709412,0.1031105741858482,0.7607187628746033,0.1107049211859703,1.0,0.024722101690713247,normal
0.990953654050827,-0.1428200416266918,0.7402616739273071,0.0510998368263244,0.6886579394340515,0.0239346157759428,1.0,0.025199322029948176,normal
0.7040216326713562,-0.13178534060716623,0.6249051094055176,-0.0253744423389434,0.5064471960067749,0.0052237259224057,1.0,0.00995832629268985,normal
0.5759210884571075,-0.093022596091032,0.6095997095108032,-0.053162544965744,0.4539131820201874,-0.0342019721865654,1.0,0.0065096641774288755,normal
0.4932098388671875,-0.04953078180551525,0.4532762169837951,-0.0384281054139137,0.362715482711792,0.0071752448566257,1.0,0.004651493160054025,normal
0.42411069571971893,-0.03409542981535195,0.4142670035362243,-0.029633030295372,0.318382978439331,0.000352759117959,1.0,0.0033400030806659997,normal
0.3505762666463852,-0.0934428162872791,0.3583351075649261,-0.0557842850685119,0.2688795328140259,-0.0345043390989303,1.0,0.003221999795641725,normal
0.3551149517297745,-0.07451119460165495,0.3350149393081665,-0.06711046397686,0.2483250498771667,-0.0262023527175188,1.0,0.00286260459688485,normal
0.27344781905412674,-0.05716126225888725,0.3347283899784088,-0.0496155694127082,0.241359993815422,-0.0216209013015031,1.0,0.0025217402144335,normal
0.20489864051342005,-0.028344959020614645,0.3001347780227661,-0.0362530350685119,0.204077199101448,-0.0038751300889998,1.0,0.0020556355011649,normal
0.20016935467720026,-0.07077347487211225,0.1780431270599365,-0.0780385360121727,0.1531504094600677,-0.0303027499467134,1.0,0.002106723579345225,normal
0.18854879215359688,-0.1271285489201545,0.1634301096200943,-0.1535718441009521,0.1231031566858291,-0.0676689147949218,1.0,0.001974049431737475,normal
0.2303831130266189,-0.17526249587535855,0.1785328090190887,-0.1706658601760864,0.1546311974525451,-0.0775610283017158,1.0,0.003087291581323325,normal
0.11673593148589131,-0.09212209843099109,0.09111088514328,-0.0861867293715477,0.1142352148890495,-0.0536820255219936,1.0,0.001815883777453525,normal
0.09466679394245145,-0.03657856304198495,0.0610273107886314,-0.0016932631842792,0.1025587022304534,-0.0046119689941406,1.0,0.0015611069538862998,normal
0.10379565134644506,-0.009523843415081449,0.1570475399494171,0.0562591552734375,0.1510775536298751,0.0308876037597656,1.0,0.0015506578492931501,normal
0.0910101756453514,-0.0068200929090381,0.2151165604591369,0.0743292570114135,0.169249340891838,0.0136897442862391,1.0,0.0018549487867857751,normal
0.08952407538890836,-0.0055375853553414,0.1729503720998764,0.0960795059800148,0.1617320924997329,0.0212605129927396,1.0,0.001982342524570375,normal
0.08208131976425645,-0.0065251400228589496,0.1950448751449585,0.1042841151356697,0.1677000373601913,0.0333416573703289,1.0,0.0018916058761532502,normal
0.0936244204640388,0.0118635417893529,0.1643343269824981,0.1123143956065177,0.1516406834125518,0.0354949533939361,1.0,0.001868328545242525,normal
0.07712031621485944,0.027217563241720148,0.1662581712007522,0.128360167145729,0.1390186101198196,0.047936487942934,1.0,0.0027315594197716,normal
0.1470698975026607,0.021649177535437047,0.1540298908948898,0.1458041965961456,0.1592898517847061,0.0417871959507465,1.0,0.0034219184308312,normal
0.3842847943305969,0.023219275753945102,0.3326694071292877,0.2194394171237945,0.3497309386730194,0.0488319396972656,1.0,0.0060046866419724496,normal
1.215966820716858,0.11989890038967134,1.1350810527801514,0.2938856780529022,0.9379236102104188,0.0637544319033622,1.0,0.0133526963181793,normal
1.5748540163040161,-0.0819716677069664,1.3341248035430908,0.0104120429605245,1.2393269538879397,-0.1278754770755767,1.0,0.010808835504576501,normal
1.6171936392784119,-0.23175406455993655,1.1785846948623655,-0.1477614939212799,1.208989500999451,-0.228178933262825,1.0,0.013773069833405274,normal
1.4017035961151123,-0.2846744675189256,1.0906280279159546,-0.2230307906866073,1.0731629133224487,-0.2688084542751312,1.0,0.0088077179389074,normal
1.0338066220283508,-0.18935307860374445,0.9351155757904052,-0.1645373702049255,0.8414720296859741,-0.1740152388811111,1.0,0.008234646054916025,normal
0.8151547908782959,-0.10200733318924901,0.7945262789726257,-0.0688740089535713,0.6607752442359924,-0.0794703811407089,1.0,0.007825512788258425,normal
0.6606299579143524,0.036014790646731853,0.7098804116249084,0.0979364588856697,0.5470278859138489,0.0284512173384428,1.0,0.0048020873800850745,normal
0.5394317209720612,0.10614595562219614,0.6703301668167114,0.150881677865982,0.4751173853874206,0.0681845024228096,1.0,0.0056979423970914996,normal
0.5557864308357239,0.13775964081287378,0.7017270922660828,0.3318439722061157,0.5179412364959717,0.1594344675540924,1.0,0.006359251448884575,normal
0.5749839544296265,0.19292535632848734,0.5971506834030151,0.247162789106369,0.4731302857398987,0.1589082479476928,1.0,0.00679253850830715,normal
0.5384624600410461,0.1629530936479568,0.6615311503410339,0.1847215145826339,0.4848350286483764,0.0989315658807754,1.0,0.0051991485524922245,normal
0.4767124205827713,0.054508293978869846,0.5394222736358643,0.0526395849883556,0.4878615736961365,0.0178736634552478,1.0,0.004919283150229575,normal
0.5692539215087891,0.0034417269052937,0.5748242735862732,-0.0532157197594642,0.4878864884376526,-0.0334115289151668,1.0,0.0047874153242446,normal
0.4980402737855911,-0.06471416540443894,0.6009523868560791,-0.1221396699547767,0.5081509947776794,-0.11236572265625,1.0,0.00544572219951075,normal
0.5933402180671692,-0.13500358909368515,0.8208026885986328,-0.2441651374101638,0.6096848249435425,-0.1980131119489669,1.0,0.004768168553709925,normal
0.727569580078125,-0.2334571480751037,1.0030238628387451,-0.357362687587738,0.7318218350410461,-0.2875773906707763,1.0,0.006716283154673825,normal
0.8594799935817719,-0.3198915719985962,0.9828851819038392,-0.3533052504062652,0.7737140655517578,-0.3008527159690857,1.0,0.0071054820436983746,normal
0.651295393705368,-0.175364576280117,0.8221313953399658,-0.3119354248046875,0.6422478556632996,-0.2337509989738464,1.0,0.0067066703923046,normal
0.7058634757995605,-0.25435983389616007,0.9314125776290894,-0.3167535066604614,0.663520872592926,-0.2685624063014984,1.0,0.006851303041912575,normal
0.6125096380710602,-0.20597781985998148,0.7125127911567688,-0.2320732325315475,0.5729044675827026,-0.213952824473381,1.0,0.005911708110943375,normal
0.5663012564182281,-0.11011792719364161,0.6027688980102539,-0.1132914200425148,0.4622620642185211,-0.1155319213867187,1.0,0.004459532559849275,normal
0.3734346628189087,-0.0223838076926767,0.5085278749465942,-0.0208657011389732,0.3601491451263428,-0.0528314486145973,1.0,0.003480245475657225,normal
0.39343227446079254,0.0019415302667767,0.494952917098999,0.0069603198207914,0.3476827442646026,-0.0355972498655319,1.0,0.0038613525102845995,normal
0.28796564042568207,0.01669761608354745,0.3816330134868622,-0.0037703081034123,0.2538464963436126,-0.025059750303626,1.0,0.0024626165395602,normal
0.2072968110442161,0.01721733482554555,0.2549735903739929,-0.0188325829803943,0.1851691752672195,-0.0278959777206182,1.0,0.0021561743924393747,normal
0.09858910366892815,-0.0046938844025135,0.1069920882582664,-0.0024330832529813,0.1182411462068557,-0.0169741977006196,1.0,0.0015335029747802248,normal
0.09149613231420516,0.043216688558459254,0.0547131523489952,-0.0177801884710788,0.1158886924386024,-0.0028770847711712,1.0,0.00141220487421375,normal
0.1472726911306381,0.028393444255925653,0.0708350390195846,-0.0205461904406547,0.1606647223234176,0.0087403748184442,1.0,0.00183374408516095,normal
0.18971432745456696,0.0465213377028703,0.1531909555196762,-0.0293227694928646,0.2114405632019043,-0.0013236999511718,1.0,0.0021173421409912,normal
0.23186523467302317,-0.015185255557298652,0.2217416167259216,-0.0432420223951339,0.2417691349983215,-0.0240622069686651,1.0,0.00240584064158605,normal
0.18765735626220698,0.0020493627525865997,0.2195118814706802,-0.0878430008888244,0.2097012251615524,-0.0274667236953973,1.0,0.002398001932306175,normal
0.22769037634134287,-0.0166539472993463,0.1988402307033538,-0.018463134765625,0.2303409278392791,-0.0003418169508222,1.0,0.002150059794075725,normal
0.28785026818513865,0.07618827186524865,0.2802662849426269,0.057679146528244,0.3215846419334411,0.0715045928955078,1.0,0.0022723578149452246,normal
0.4667636305093765,0.1955948546528816,0.4360606372356415,0.201262965798378,0.4325097203254699,0.2022581547498703,1.0,0.004981058533303375,normal
0.3761700242757797,0.1916243731975555,0.4687013626098633,0.2782195210456848,0.3553535640239715,0.1771582514047622,1.0,0.0033937862608581252,normal
0.32296477258205414,0.1304254233837127,0.3057859241962433,0.1609954833984375,0.2936379313468933,0.1280864924192428,1.0,0.003142508794553525,normal
0.2821587473154068,0.11016815528273576,0.3429303765296936,0.1280952244997024,0.2586799561977386,0.0735019892454147,1.0,0.0023172750079538,normal
0.31036701798439026,0.09041965380311005,0.2987439036369324,0.0978823602199554,0.2749332189559936,0.0811197385191917,1.0,0.002309598843567025,normal
0.24769432097673413,0.033212159818504,0.2672747671604156,0.063051626086235,0.2433674782514572,0.0405130870640277,1.0,0.0018667701806407001,normal
0.278060182929039,0.053511202335357604,0.2134548723697662,0.0554310195147991,0.2100800424814224,0.0527673028409481,1.0,0.0021051194635219247,normal
0.2251707315444946,0.08622626215219495,0.2009450942277908,0.112246885895729,0.2073120772838592,0.1014564931392669,1.0,0.0016567386337555498,normal
0.17397452145814896,0.1246251873672008,0.2973335981369018,0.2520086169242859,0.1931195557117462,0.1564806848764419,1.0,0.002121896424796375,normal
0.12731682509183878,0.1041995286941528,0.1543394774198532,0.1497761160135269,0.1159483268857002,0.1065816357731819,1.0,0.0013939388445578,normal
0.07651855424046511,0.07180516794323916,0.1125403940677642,0.1071282625198364,0.0755320787429809,0.0691897720098495,1.0,0.0011750800913432,normal
0.07280742749571795,0.0658243913203477,0.0772744491696357,0.0707207918167114,0.0665861591696739,0.0578637383878231,1.0,0.000767204663134125,normal
0.0666104648262262,0.05535684712231155,0.0668238401412963,0.0583070702850818,0.0624631829559803,0.0463672429323196,1.0,0.0009182601788779001,normal
0.055089546367526,0.03902344964444635,0.0457549355924129,0.0307709667831659,0.05716422945261,0.0345886647701263,1.0,0.0008220161107601,normal
0.060755594633519594,0.03179677342996,0.0874951928853988,0.0106686679646372,0.0794399231672287,0.0256024412810802,1.0,0.0011348545813234,normal
0.1142867468297481,0.0618707928806543,0.2141222953796386,0.0767133310437202,0.1460760086774826,0.0637646690011024,1.0,0.001308578561292925,normal
0.21668501943349833,0.1030105426907539,0.3907504975795746,0.2044164538383484,0.2792976200580597,0.1654779464006424,1.0,0.0025827864883467,normal
0.30206604301929474,0.1864589378237724,0.5365363955497742,0.2995235621929168,0.3418455719947815,0.2054511606693267,1.0,0.0045196573482826005,normal
0.3229052275419235,0.16499429196119303,0.5339383482933044,0.2159950882196426,0.3663226366043091,0.1697130650281906,1.0,0.0033168765367008247,normal
0.41984376311302185,0.12330425158143035,0.6238772869110107,0.1444336920976638,0.4188449680805206,0.1162593215703964,1.0,0.0038421396166085746,normal
0.4207822829484939,0.0586314788088202,0.6469597220420837,0.1216717362403869,0.4504908621311188,0.0937307253479957,1.0,0.0046475650742649754,normal
0.4764631390571594,0.00244090519845485,0.7768574357032776,0.0510184541344642,0.4951174855232239,0.0328581966459751,1.0,0.00546120107173915,normal
0.519987016916275,-0.03576429258100685,0.6859840750694275,0.0320781357586383,0.4677441120147705,0.0249756257981061,1.0,0.0047781332978047,normal
0.5121237933635712,-0.0529742650687694,0.744210422039032,0.0374820604920387,0.5231224298477173,0.014627356082201,1.0,0.005439584027044425,normal
0.4940697252750397,-0.0490497108548879,0.7873882055282593,0.0898335799574852,0.5398371815681458,0.0355216562747955,1.0,0.004204857745207799,normal
0.5624957531690598,0.0628645364195108,0.8910777568817139,0.226989284157753,0.6247329115867615,0.1463721394538879,1.0,0.00624827318824825,normal
0.5981768369674683,0.13586232811212534,0.9652155637741088,0.3854471743106842,0.6505664587020874,0.1928610503673553,1.0,0.006391673465259351,normal
0.5290626436471939,0.12607217952609062,0.7477304935455322,0.2749735414981842,0.5618048310279846,0.1632804870605468,1.0,0.006192029337398675,normal
0.5517350286245346,0.21953738480806345,0.8219348788261414,0.3513720035552978,0.5862607955932617,0.2155847996473312,1.0,0.011797717539593525,normal
0.9784318804740906,0.5211442708969116,0.8225955963134766,0.3258768618106842,0.6331809759140015,0.2470099031925201,0.9830043859649124,0.09194605320226396,normal
0.5269937515258789,0.2323574349284172,0.7563701272010803,0.4066314697265625,0.5348454713821411,0.2459900379180908,1.0,0.008283618954010275,normal
0.563863530755043,0.21458426862955093,0.7813277840614319,0.4609939157962799,0.5621747970581055,0.2552193403244018,1.0,0.01182084460742765,normal
0.5992395281791687,0.13534561544656745,0.6374304890632629,0.3763913214206695,0.5057372450828552,0.1928224265575409,1.0,0.024073023931123254,normal
0.6497490257024764,-0.03252410888671875,0.4664088189601898,0.2512993216514587,0.4472756385803222,0.1287973821163177,1.0,0.032455959648359525,normal
0.4571786969900131,-0.10044490977270466,0.3064728081226349,0.1080872491002082,0.3008710443973541,0.0481942668557167,1.0,0.013110306404996625,normal
0.3496438339352607,-0.08150765113532539,0.2111299633979797,0.0434917099773883,0.2030833810567855,0.0129188327118754,1.0,0.0063096898957155,normal
0.17915714532136914,-0.03951886575669045,0.1150534376502037,0.0115300957113504,0.1140169203281402,-0.0053282040171325,1.0,0.0017560166743350498,normal
0.1060569286346435,-0.0563362371176481,0.0596829019486904,-0.010793974623084,0.0741812586784362,-0.0047467206604778,1.0,0.00144233441096725,normal
0.0727535523474216,-0.04933695495128625,0.0309490468353033,-0.0224868319928646,0.053488839417696,-0.0155810797587037,1.0,0.001334884364041475,normal
0.060034560039639445,-0.045190596953034345,0.08769241720438,-0.0551008731126785,0.0694474428892135,-0.0379077792167663,1.0,0.001256635761819725,normal
0.12049971148371691,-0.10073037445545194,0.1749216467142105,-0.1188201904296875,0.1279365271329879,-0.0644504427909851,1.0,0.001796882279450025,normal
0.12886485457420344,-0.10182383656501764,0.296002596616745,-0.1951820999383926,0.1918450891971588,-0.1160113364458084,1.0,0.00208803295390675,normal
0.18528127670288086,-0.1263211406767368,0.3868897259235382,-0.2228929996490478,0.2380241900682449,-0.1186096593737602,1.0,0.0022350519429892,normal
0.190250888466835,-0.11769977211952205,0.2856868803501129,-0.1928821951150894,0.2071226984262466,-0.1068785414099693,1.0,0.001890343643026375,normal
0.17124920338392255,-0.09866767749190325,0.2327826470136642,-0.154145672917366,0.1691627949476242,-0.0840821117162704,1.0,0.0018623656069393498,normal
0.161486767232418,-0.0900080166757106,0.2336357831954956,-0.1222344636917114,0.1619071513414383,-0.0585857070982456,1.0,0.0017754941363818501,normal
0.23381052166223526,-0.09353980049490924,0.2377711981534958,-0.0909673497080802,0.1704821139574051,-0.0460551492869854,1.0,0.0020326467056292503,normal
0.17018462717533112,-0.01605998072773215,0.2881481647491455,0.0034577341284602,0.192452996969223,0.0060769156552851,1.0,0.002226116077508725,normal
0.18177091330289835,0.011000818818501968,0.2418687343597412,0.0509810000658035,0.1691167056560516,0.0272967368364334,1.0,0.0017738536407705,normal
0.13194395229220385,0.0386645151302218,0.1527512222528457,0.0398388504981994,0.1202903166413307,0.0339336916804313,1.0,0.00132302648853505,normal
0.1000318713486194,0.0291735297068953,0.0983099266886711,0.0351590253412723,0.078579843044281,0.0365596450865268,1.0,0.0009908038773573501,normal
0.07423912733793255,0.0542411897331476,0.0706507936120033,0.0523260869085788,0.060532622039318,0.0463764071464538,1.0,0.001051160172210025,normal
0.11065183207392684,0.08709803782403465,0.0954565405845642,0.0827461034059524,0.0882130935788154,0.0741222500801086,1.0,0.0016775582771514997,normal
0.0990638770163059,0.08929186686873435,0.117850624024868,0.0780884698033332,0.0887474790215492,0.0655158758163452,1.0,0.00133179791737345,normal
0.12032841891050336,0.0715986546128988,0.1261041015386581,0.0564085058867931,0.0969632267951965,0.0481060147285461,1.0,0.001180596620542875,normal
0.1387445107102394,0.02471841778606175,0.1620377302169799,0.0005372943123802,0.1344194859266281,0.0209420695900917,1.0,0.0013689204060938,normal
0.18422716856002805,-0.00544431491289285,0.2278518676757812,-0.0378404110670089,0.1773696839809417,-0.0101955514401197,1.0,0.001927838078699975,normal
0.2062082067131996,-0.02497217804193495,0.2455689907073974,-0.0723483934998512,0.1951357871294021,-0.0377698317170143,1.0,0.001823147089453375,normal
0.2222209349274635,-0.04399311356246465,0.2591064870357513,-0.0696975216269493,0.196818932890892,-0.0396149083971977,1.0,0.0017410292057320003,normal
0.18492592871189115,-0.0331710712052881,0.199971541762352,-0.0613181367516517,0.1743025034666061,-0.0508936271071434,1.0,0.0015126815997063502,normal
0.20859456807374954,-0.05161138810217375,0.2125291973352432,-0.0815563797950744,0.1793656796216964,-0.0517856478691101,1.0,0.002028468530625075,normal
0.23995817452669138,-0.0778509341180324,0.2330739796161651,-0.1071666404604911,0.2128743529319763,-0.0679581090807914,1.0,0.00227527081733565,normal
0.26595018059015274,-0.10340254753828045,0.2434845864772796,-0.1356335282325744,0.2180116772651672,-0.102348119020462,1.0,0.00212899633334015,normal
0.22038732469081873,-0.09000808559358116,0.25208780169487,-0.140170007944107,0.2144586592912674,-0.1062116846442222,1.0,0.002126680337823875,normal
0.21777388453483576,-0.09404999203979961,0.1827449649572372,-0.0946151241660118,0.1626863926649093,-0.0710970908403396,1.0,0.001883451448520625,normal
0.20263896882534024,-0.0633299462497234,0.2277548760175705,-0.1099927499890327,0.1900142729282379,-0.0780699476599693,1.0,0.001739147177431675,normal
0.13905680924654004,-0.055561894550919505,0.1368412226438522,-0.0561310723423957,0.1259981393814087,-0.0437469482421875,1.0,0.0013010979746468,normal
0.1546040698885917,-0.028665362857282148,0.1446995437145233,-0.0431634150445461,0.1292883455753326,-0.0301332212984561,1.0,0.0015581134066450751,normal
0.1445624381303787,-0.02150040166452525,0.1344541013240814,-0.0311542861163616,0.1269889324903488,-0.0259570553898811,1.0,0.001263414014829275,normal
0.120479978621006,-0.0232006395235657,0.1221751123666763,-0.0210437197238206,0.1047961041331291,-0.020305735990405,1.0,0.001095275656552925,normal
0.09845532476902005,-0.00692169414833185,0.0947837531566619,-0.0112970527261495,0.0822688639163971,-0.0168931297957897,1.0,0.0010928003466687502,normal
0.0577144641429185,-0.00468195136636495,0.0762295871973037,-0.0199506357312202,0.0609523802995681,-0.0148412343114614,1.0,0.000943293882301,normal
0.051147099584341,-0.0099568489240482,0.0432293750345706,-0.0176669042557477,0.0411180518567562,-0.0107436310499906,1.0,0.000804644558229425,normal
0.036196002736687605,-0.023534586653113303,0.0329520851373672,-0.0284710507839918,0.0307962987571954,-0.0180767159909009,1.0,0.0008694582065799751,normal
0.09575441479682915,-0.022712742909789002,0.1097332015633583,-0.0501181855797767,0.0965523645281791,-0.0380581021308898,1.0,0.001517323340522075,normal
0.2712926119565964,-0.03181471489369865,0.3010987639427185,-0.082278162240982,0.243487611413002,-0.057840708643198,1.0,0.003108854347374225,normal
0.3220210373401642,-0.038134453818202,0.3437263965606689,-0.1002849265933036,0.2574596703052521,-0.0404302254319191,1.0,0.0030154650448820748,normal
0.2400593608617782,-0.040266861207783146,0.2599360644817352,-0.0762287452816963,0.2110599875450134,-0.0348069481551647,1.0,0.00320211614598515,normal
0.1747607141733169,-0.01391182607039805,0.1849858611822128,-0.0623705312609672,0.1500333398580551,-0.0169863309711217,1.0,0.0015297193458536002,normal
0.1353643648326397,-0.0086245685815811,0.1230648756027221,-0.0299257226288318,0.1087609082460403,-0.0081964442506432,1.0,0.001139077503466925,normal
0.0874598175287246,0.0046099875180516,0.0718093514442443,-0.0343905352056026,0.0647538676857948,-0.0072343153879046,1.0,0.000997310213278925,normal
0.05302272178232665,-0.0320359673351049,0.049477607011795,-0.0433340370655059,0.0433309897780418,-0.0264422446489334,1.0,0.000891268791747225,normal
0.05165881291031835,-0.04056601412594315,0.0625974833965301,-0.0567428134381771,0.0399063937366008,-0.0316815748810768,1.0,0.00085520821448875,normal
0.052170040085911695,-0.04258860647678375,0.0759035423398017,-0.0631653741002082,0.0529775023460388,-0.0382016152143478,1.0,0.0009599995100870501,normal
0.0505199581384658,-0.03026184509508305,0.097757339477539,-0.0347091220319271,0.0663157925009727,-0.020432136952877,1.0,0.001118257947382475,normal
0.05026150587946175,-0.0213006059639156,0.1026947870850563,-0.010254368185997,0.07175974547863,-0.00628662109375,1.0,0.000937685937969875,normal
0.0284792678430676,0.015825773589313,0.0635452270507812,0.0285126660019159,0.0506252385675907,0.0278705898672342,1.0,0.000755223707528725,normal
0.053487129509449,0.043974886648356845,0.062417846173048,0.0466271601617336,0.0505405366420745,0.0299806334078311,1.0,0.0007583935730508001,normal
0.06528310291469094,0.0435347910970449,0.1149663403630256,0.0763411074876785,0.0643244087696075,0.0438692234456539,1.0,0.0010103258100570749,normal
0.10013681277632705,0.05499485880136485,0.1637472957372665,0.0812299326062202,0.097987063229084,0.0429258607327938,1.0,0.001139014289947175,normal
0.1329354271292686,0.03599778749048705,0.1818851381540298,0.069093182682991,0.1232561022043228,0.0436931289732456,1.0,0.0016831810353323251,normal
0.1339383721351623,0.045980056747794096,0.198428213596344,0.0937111601233482,0.1387983709573745,0.0496912784874439,1.0,0.0013109874416840752,normal
0.1238765530288219,0.05007073841989035,0.1447784006595611,0.0672607421875,0.1124586835503578,0.0444746278226375,1.0,0.0014743204519618001,normal
0.12226982787251464,0.0700953863561153,0.1349181532859802,0.0764317363500595,0.0948105901479721,0.0445597879588604,1.0,0.00103812135057515,normal
0.0602928772568702,0.0419467613101005,0.0859040692448616,0.0687759891152381,0.06199212372303,0.0397002771496772,1.0,0.0010796467540785,normal
0.0553869288414716,0.03632906358689065,0.0680262371897697,0.061891496181488,0.0490891747176647,0.0330682694911956,1.0,0.0008046577422646249,normal
0.050404775887727654,0.04137977678328745,0.0823962464928627,0.0793979540467262,0.0567085370421409,0.0460310243070125,1.0,0.0007894678274169,normal
0.0549769569188356,0.043315110728144604,0.0852004885673523,0.0823484510183334,0.0653443560004234,0.0487520359456539,1.0,0.0009995653672376001,normal
0.0677126049995422,0.05627722479403015,0.0751877129077911,0.0724935829639434,0.0549934245645999,0.0416303053498268,1.0,0.00099188493913965,normal
0.05212904885411255,0.04449447244405745,0.0773653164505958,0.0758565291762352,0.0564508773386478,0.0408057123422622,1.0,0.0007458492618752,normal
0.048590293154120404,0.04197574034333225,0.0713629275560379,0.0702579393982887,0.0503500886261463,0.0347758121788501,1.0,0.0008803940290817501,normal
0.05916552618145936,0.05387738719582555,0.0661760941147804,0.0621999092400074,0.0548427030444145,0.0401165932416915,1.0,0.0008170537621480999,normal
0.037426382303237846,0.0264296373352408,0.045910932123661,0.0436549335718154,0.0385172516107559,0.0200923196971416,1.0,0.0007491669457521749,normal
0.0436147060245275,0.02362621063366525,0.0377988070249557,0.0259417910128831,0.0329739153385162,0.0161532834172248,1.0,0.0008209676161641,normal
0.03556319698691365,0.0129063862841576,0.0318022705614566,0.0078462539240717,0.0340308398008346,0.0043846336193382,1.0,0.0007199964311439,normal
0.0363292228430509,-0.003729185236807051,0.0515997968614101,-0.0150590380653738,0.0393721908330917,-0.0144935818389058,1.0,0.0009443605958949251,normal
0.054003965109586646,-0.04335046559572215,0.0564998835325241,-0.0431328974664211,0.0435118526220321,-0.0346962176263332,1.0,0.0007891748391557001,normal
0.07126312330365175,-0.0679753944277763,0.1023425757884979,-0.1007893905043602,0.0778401419520378,-0.0734199285507202,1.0,0.00102068830165075,normal
0.538960725069046,0.0833694846369326,0.1794325560331344,-0.1746678203344345,0.2174770832061767,-0.085469014942646,1.0,0.056145237234886666,normal
0.5104082450270653,0.11600606422871344,0.1461803913116455,-0.1418073177337646,0.2191688120365142,-0.044229868799448,1.0,0.04053331736940888,normal
0.08126960322260851,-0.07266684062778946,0.0922832041978836,-0.090701475739479,0.0734219774603843,-0.0673116743564605,1.0,0.0015754956548334749,normal
0.21524163335561747,-0.10017499700188635,0.0537675134837627,-0.0409892685711383,0.0805019438266754,-0.0561989434063434,1.0,0.0186285957752261,normal
0.25803308188915247,-0.10961306095123285,0.0516857020556926,-0.0307256523519754,0.11817666888237,-0.0369916334748268,1.0,0.02108329859038345,normal
0.31482390314340586,-0.15165588259696955,0.0960114821791648,-0.0143224541097879,0.1362417340278625,-0.0404011495411396,1.0,0.017511095720692475,normal
0.27337970584630966,-0.12790555879473683,0.1013922244310379,-0.0291706435382366,0.1231057718396186,-0.0374036207795143,1.0,0.006045132904546275,normal
0.1445931866765022,-0.07917644269764415,0.1087021380662918,-0.0316333174705505,0.0868202894926071,-0.0235839020460844,1.0,0.00228401467029465,normal
0.09480240941047666,-0.0549205187708139,0.0851283594965934,-0.0491189658641815,0.0591945983469486,-0.0314302183687686,1.0,0.0021321719832485,normal
0.0622268691658973,-0.03672752063721415,0.0533728078007698,-0.0147418398410081,0.0434520319104194,-0.0048995148390531,1.0,0.0011363074445398,normal
0.0451217275112867,-0.0012287864519749,0.032705258578062,0.016042998060584,0.0394970551133155,0.0147360721603035,1.0,0.001010238076560125,normal
0.07957055419683451,0.03660491015762085,0.065525472164154,0.0473225899040699,0.0650190562009811,0.0369495712220668,1.0,0.001248580709216125,normal
0.09753394871950144,0.03903950657695525,0.1072549596428871,0.0778068751096725,0.107099175453186,0.0569746680557727,1.0,0.001303885568631775,normal
0.1390543915331363,0.04149095155298705,0.1853701174259185,0.1588287353515625,0.1445480287075042,0.089455060660839,1.0,0.0018998349551111,normal
0.1159327439963817,0.035554166883230154,0.1519770920276641,0.1218192353844642,0.1231149062514305,0.0681026577949523,1.0,0.001581906457431575,normal
0.1308048292994499,0.03642730321735135,0.1530623733997345,0.1282908171415329,0.1348142176866531,0.083610326051712,1.0,0.00141715278732585,normal
0.133938830345869,0.05345785990357395,0.1565490365028381,0.1272943615913391,0.1407172381877899,0.0848262906074523,1.0,0.0011873266048496,normal
0.14001420140266416,0.0764558725059032,0.1618267893791198,0.1358240246772766,0.1245052888989448,0.0828018188476562,1.0,0.001173998185549825,normal
0.09441915899515149,0.06268506124615665,0.1353833675384521,0.1202327832579612,0.0977054312825203,0.0716754794120788,1.0,0.0016693233337718501,normal
0.07331841066479675,0.0450624860823154,0.0905577093362808,0.0764932334423065,0.0694831013679504,0.0411570779979229,1.0,0.000923682833672425,normal
0.05828643217682835,0.0256010005250573,0.0649505779147148,0.055063422769308,0.0487369671463966,0.0312481448054313,1.0,0.0009542968618915749,normal
0.04259612970054145,0.02310512354597445,0.0413409769535064,0.0317484550178051,0.0347841754555702,0.0173838846385478,1.0,0.000871685915626525,normal
0.039779311046004254,0.0084063704125583,0.0430199727416038,0.0300519540905952,0.0275571346282959,0.0124183865264058,1.0,0.0008772784931351751,normal
0.0244762231595814,0.0147122489288449,0.0301455203443765,0.0079003535211086,0.0247560199350118,0.0045970194041728,1.0,0.000658592733088825,normal
0.034357996657490654,0.005138022359460599,0.0205119084566831,-0.001190185546875,0.0354611426591873,-0.0048588933423161,1.0,0.0008788650593486999,normal
0.065329747274518,-0.014276691246777799,0.0276825409382581,-0.015676325187087,0.0530701838433742,-0.0047246571630239,1.0,0.0010850383114302,normal
0.09550578892230985,-0.0075776996091007996,0.0554804094135761,-0.0225353818386793,0.079431414604187,-0.0165799111127853,1.0,0.001320916475378875,normal
0.1240017563104629,-0.01482290145941075,0.1059232875704765,-0.0228123515844345,0.1089022234082222,-0.005289644934237,1.0,0.0012407626200001,normal
0.08132309094071385,0.0004424871876836005,0.0819438844919204,0.0103949345648288,0.0840306133031845,0.0099107893183827,1.0,0.0009562406921758501,normal
0.08671379834413526,0.008613359648734348,0.07490886002779,0.0165285058319568,0.0746299028396606,0.0083882100880146,1.0,0.0009381448908242749,normal
0.06690222397446625,0.01627403963357205,0.0995150804519653,0.0382315889000892,0.070466510951519,0.0226970370858907,1.0,0.001078101064194875,normal
0.0773825831711292,0.038436172530055,0.1003573015332222,0.0638247430324554,0.0719215348362922,0.0386760830879211,1.0,0.000965056126005925,normal
0.07723364047706126,0.04502112790942185,0.1118245348334312,0.0921825096011161,0.0740521624684333,0.0517035834491252,1.0,0.0011618771532084249,normal
0.061151850968599306,0.0464482065290212,0.095731034874916,0.089023008942604,0.0624687410891056,0.0505080334842205,1.0,0.0009407614852533999,normal
0.0718257501721382,0.06808061152696605,0.1102385893464088,0.094546228647232,0.0694165974855423,0.058608803898096,1.0,0.001066413897206025,normal
0.0629963409155607,0.05938888341188425,0.0827257186174392,0.0785799920558929,0.0538406036794185,0.047643095254898,1.0,0.0008622383029432501,normal
0.044265812262892654,0.03755238652229305,0.0611942037940025,0.0551725439727306,0.0456078238785266,0.0395223274827003,1.0,0.000846373368403825,normal
0.2056815586984157,0.13701463490724558,0.037492748349905,0.0300450176000595,0.0703273564577102,0.0510326065123081,1.0,0.006186145226820325,normal
0.400579571723938,0.25929099321365356,0.0346602238714695,0.0320564024150371,0.1069828048348426,0.0774484574794769,1.0,0.026484583271667302,normal
0.0530888866633176,0.0400952091440558,0.044211883097887,0.0399766415357589,0.0343317724764347,0.024383544921875,1.0,0.000848664873046775,normal
0.0644045192748308,0.05363913066685195,0.0543012619018554,0.0497945137321949,0.0408407188951969,0.0310275107622146,1.0,0.0010691293427953,normal
0.0572785791009664,0.04673800244927405,0.0840631052851677,0.0823202431201934,0.0533857941627502,0.0411110967397689,1.0,0.000960211109486375,normal
0.06935851089656345,0.060893341898918096,0.0885532796382904,0.0866084247827529,0.0575848519802093,0.0436927191913127,1.0,0.00113934185355895,normal
0.07683099806308745,0.06639090180397025,0.1667782068252563,0.1583806872367859,0.089623250067234,0.0809775665402412,1.0,0.0018551294924691,normal
0.1028739586472511,0.0911943949759006,0.1776513755321502,0.1713002473115921,0.1004010513424873,0.0909805297851562,1.0,0.001487745990743825,normal
0.1157588884234428,0.08869019523262975,0.1448810547590255,0.1307890862226486,0.1103927344083786,0.0852698236703872,1.0,0.001593787805177225,normal
0.1477446891367435,0.10202488675713535,0.1363903433084488,0.1004421338438987,0.1120537146925926,0.0699599012732505,1.0,0.001255252311238975,normal
0.16889979690313334,0.09621382132172579,0.1482061892747879,0.1034532040357589,0.144156128168106,0.0766139701008796,1.0,0.00158217802527355,normal
0.1295919641852378,0.06085569784045215,0.1130058243870735,0.0913062840700149,0.115931823849678,0.0702403336763382,1.0,0.0013896901509724002,normal
0.12788126990199086,0.06538916379213325,0.0836177840828895,0.0631524324417114,0.0946465954184532,0.0491114445030689,1.0,0.0011188047064933251,normal
0.09391544759273525,0.040820000693202,0.0587530359625816,0.0158099550753831,0.0669992193579673,0.0190965812653303,1.0,0.00114305102033535,normal
0.137711938470602,0.0332286143675446,0.1247586458921432,-0.0055250688455998,0.1325572431087494,0.0043935002759099,1.0,0.0014244287158362,normal
0.2232285737991333,0.046481484547257396,0.2255915999412536,-0.0074532250873744,0.228703111410141,0.0061919754371047,1.0,0.00207207706989715,normal
0.40166492760181427,0.06091755442321295,0.3393961489200592,0.0296311806887388,0.3485581576824188,0.0358047485351562,1.0,0.003048894752282575,normal
0.41195984184741974,0.0903125144541263,0.3602378666400909,0.0152962421998381,0.3685446977615356,0.0567732118070125,1.0,0.0028721308917738,normal
0.4477974772453308,0.018759649246931097,0.3605560958385467,-0.0629873573780059,0.3748500943183899,-0.0146999871358275,1.0,0.0032107260776683003,normal
0.3556979298591614,-0.04979920759797089,0.3595643043518066,-0.1209911033511161,0.290996253490448,-0.0416835062205791,1.0,0.00335665553575375,normal
0.30378562211990356,-0.1081687323749065,0.402318388223648,-0.2382789403200149,0.2946057915687561,-0.1276787370443344,1.0,0.004871626209933275,normal
0.33311156928539276,-0.18704421073198313,0.4224314093589782,-0.3555459678173065,0.2882367074489593,-0.1836665421724319,1.0,0.00447170325787735,normal
0.27578288316726685,-0.1761271804571151,0.3510168194770813,-0.2906794548034668,0.273029625415802,-0.1674988269805908,1.0,0.0038144766585901,normal
0.27808831632137293,-0.16757760941982264,0.2670696973800659,-0.2052200734615326,0.235526829957962,-0.1400455832481384,1.0,0.0036432676715776,normal
0.27423548698425293,-0.12831281498074532,0.23356993496418,-0.1304792910814285,0.226649671792984,-0.0913739576935768,1.0,0.002507470111595425,normal
0.18888954073190684,-0.0729440655559301,0.1826511621475219,-0.0776325538754463,0.1512921303510666,-0.0372935123741626,1.0,0.00281638270826075,normal
0.35890874266624445,0.1369975823909044,0.0890630707144737,-0.0666097030043602,0.1210317984223365,-0.0007889206171967,1.0,0.025000172376167,normal
0.12768734246492386,0.037758415099233354,0.0523192025721073,-0.0419760048389434,0.0673225298523902,-0.0074405153281986,1.0,0.007422610637149726,normal
0.41488900780677795,-0.22218956798315043,0.1192414015531539,-0.0581715889275074,0.1592980176210403,-0.0772067904472351,1.0,0.04475930359330955,normal
0.5514082908630371,-0.318316139280796,0.2830804884433746,-0.018219918012619,0.2840301692485809,-0.0661410763859748,1.0,0.04626209434354672,normal
0.42155973613262177,-0.2654785439372062,0.4329972267150879,0.0630733594298362,0.3489319682121277,-0.0329684689640998,1.0,0.009985765558667425,normal
0.3250993341207504,-0.09076710231602185,0.5061915516853333,0.1198369786143302,0.3654550015926361,0.018326424062252,1.0,0.0048829735605977,normal
0.37444736063480377,0.01649138238281015,0.477405309677124,0.1381822079420089,0.3644190728664398,0.0694361478090286,1.0,0.006506440055090899,normal
0.29762236773967743,0.02757467422634355,0.4144425094127655,0.1091900467872619,0.311295211315155,0.0408982969820499,1.0,0.004110624257009425,normal
0.24514990299940104,0.01428124867379665,0.408161461353302,0.1469555497169494,0.2675648331642151,0.0544835701584816,1.0,0.0027864270959980252,normal
0.6393835246562958,0.33063369989395136,0.4727485477924347,0.2827717065811157,0.3832242786884308,0.1785754710435867,1.0,0.023732194502372274,normal
0.463516041636467,0.37728284299373627,0.8246901631355286,0.6992834806442261,0.4523802101612091,0.342958390712738,1.0,0.014892719336785324,normal
0.7011570036411285,0.6053938120603561,0.903723120689392,0.8559505343437195,0.5827439427375793,0.4402133822441101,1.0,0.010916263097897125,normal
0.815027266740799,0.7583311200141907,1.067207098007202,1.0579270124435425,0.6739282608032227,0.5595919489860535,1.0,0.010266406112350473,normal
0.7818970382213593,0.7391435503959656,0.8471649289131165,0.8392153382301331,0.5971247553825378,0.5044870972633362,1.0,0.00867791951168325,normal
0.8125355541706085,0.7332231104373932,0.9561139941215516,0.9543956518173218,0.6175279021263123,0.5167908668518066,1.0,0.00943288428243245,normal
0.956491231918335,0.8728101849555969,0.910143792629242,0.8989174365997314,0.6478684544563293,0.524787187576294,1.0,0.011292532319202974,normal
0.5530110895633698,0.5007309913635254,0.5557261109352112,0.5103228092193604,0.4115184545516968,0.3061895668506622,1.0,0.009427906363271125,normal
0.4358076900243759,0.38486881554126734,0.3836682438850403,0.2980453073978424,0.2964341938495636,0.1944757401943206,1.0,0.0076282855588942254,normal
0.3568348735570907,0.2874434366822243,0.3271161615848541,0.219880074262619,0.262872576713562,0.1058555841445922,1.0,0.004904964822344425,normal
0.3008532375097275,0.1999508664011955,0.4633550941944122,0.2495376169681549,0.3222391009330749,0.0707646980881691,1.0,0.0038791198167018,normal
0.27102348953485483,0.1528043448925018,0.4222216308116913,0.1026819422841072,0.2970038950443268,0.0065855076536536,1.0,0.003290507156634675,normal
0.2742275595664978,-0.0006328038871288508,0.5552114248275757,-0.0862306505441665,0.3725118339061737,-0.0916132554411888,1.0,0.003593251225538475,normal
0.5366894900798798,-0.11961722467094654,0.958672285079956,-0.3534078896045685,0.626786470413208,-0.2478691339492797,1.0,0.00657989399041975,normal
0.9138048887252808,-0.3343931585550308,1.064453125,-0.4820135831832886,0.7895402908325195,-0.2652585804462433,1.0,0.011153675965033449,normal
1.1849119067192078,-0.2923940569162368,1.2088665962219238,-0.4057691097259521,0.934968888759613,-0.2200712263584137,1.0,0.01156579190865155,normal
1.2422948479652405,-0.12476271949708455,1.2542842626571655,-0.2584464251995086,1.0134634971618652,-0.101547859609127,1.0,0.011290377704426601,normal
1.2694270610809326,-0.10737440455704925,1.1223676204681396,-0.1696694046258926,0.9336333274841307,-0.0431880429387092,1.0,0.009492624551057774,normal
0.8235239088535309,-0.0582286547869444,0.7434287071228027,-0.1519655138254165,0.651643693447113,-0.0336459390819072,1.0,0.0073580296011641,normal
0.5482556819915771,-0.08960447902791195,0.5126394629478455,-0.1176706925034523,0.4010254144668579,-0.0369074009358882,1.0,0.006182969955261776,normal
0.17292590439319605,-0.0656580291688442,0.1352985948324203,-0.0734946504235267,0.1222205013036727,-0.028887877240777,1.0,0.0025687540764920244,normal
0.19348000735044477,-0.0808706749230623,0.0808629170060157,-0.0527796894311904,0.1604991257190704,-0.0499145910143852,1.0,0.002965305611724,normal
0.6553230881690979,-0.1687359735369682,0.4065223932266235,-0.0663637071847915,0.513919472694397,-0.11092159897089,1.0,0.010780381853692175,normal
0.641176849603653,-0.11792176961898806,0.3147260844707489,-0.0360620655119419,0.4232774078845978,-0.0817147344350814,1.0,0.0087737166904844,normal
0.3830942958593368,-0.0391685627400875,0.2855764925479889,0.0241856426000595,0.2876047492027282,-0.0415705069899559,1.0,0.004168584535364025,normal
0.24701416492462155,-0.0319663416594267,0.2149745225906372,0.0421683564782142,0.1688328385353088,-0.0182703379541635,1.0,0.002008468320127525,normal
0.11127895489335055,-0.023062908090651053,0.1386073380708694,0.061677873134613,0.1022489666938781,-0.0053657325915992,1.0,0.0018309208680874999,normal
0.0895244553685188,-0.051683282479643745,0.0709372013807296,0.0211116913706064,0.0878632515668869,-0.0246280971914529,1.0,0.001359807065455175,normal
0.1194721087813377,-0.07583864405751226,0.1144356727600097,-0.0334800966084003,0.1274299174547195,-0.0524309501051902,1.0,0.0016722375003155,normal
0.25374671071767807,-0.18055458366870875,0.2719025611877441,-0.171177253127098,0.2748456597328186,-0.1514423489570617,1.0,0.003140604763757375,normal
0.4410686641931534,-0.2844036445021629,0.4957005381584167,-0.3095319271087646,0.4447494745254516,-0.2311471402645111,1.0,0.005583089892752425,normal
0.36969317495822906,-0.21728923171758652,0.5011061429977417,-0.2314730584621429,0.4608613550662994,-0.1718983054161071,1.0,0.006784563185647075,normal
0.4992973506450653,-0.22020766884088516,0.4965353906154632,-0.2870585024356842,0.5093396902084351,-0.2122264504432678,1.0,0.005930019542574824,normal
0.40037214756011963,-0.21199692040681833,0.2657575607299804,-0.2064176648855209,0.3788057565689087,-0.1438861489295959,1.0,0.0038602232234552,normal
0.2922423481941223,-0.0913852900266647,0.1859198212623596,-0.1093509569764137,0.3015545308589935,-0.0715184584259986,1.0,0.004280510765965974,normal
0.31302864849567413,-0.046492761000990805,0.3609591722488403,-0.0276211816817522,0.3676565289497375,-0.0296423621475696,1.0,0.005101346177980274,normal
0.4177896976470947,0.050043696537613855,0.6227162480354309,0.095644861459732,0.4934809505939483,0.0616007633507251,1.0,0.003920687420759301,normal
0.40204358100891113,0.0332576483488082,0.4352985024452209,0.0973954647779464,0.3828761875629425,0.0417712442576885,1.0,0.00346524338237935,normal
0.2865588366985321,-0.01819048449397085,0.2680613696575165,0.0087784277275204,0.2469422668218612,-0.0176860708743333,1.0,0.002975394891109275,normal
0.16192362457513804,-0.0189968086779117,0.149889200925827,0.0046423710882663,0.1436251550912857,-0.0225846581161022,1.0,0.00135422969469795,normal
0.0861400589346885,-0.010491184890270249,0.110835775732994,0.0110339540988206,0.08472690731287,-0.0003235275798942,1.0,0.0011246381327509498,normal
0.051568021997809355,-0.002830103971064051,0.074955977499485,-0.0031090937554836,0.0600634440779686,-0.004136265721172,1.0,0.001206700995680825,normal
0.043352251872420304,-0.0226572584360838,0.0553158670663833,-0.0133787216618657,0.0422532558441162,-0.0133739160373806,1.0,0.0009262923558707749,normal
0.07409756258130071,-0.05765749700367445,0.0720811262726783,-0.0446684882044792,0.0633146986365318,-0.0415824688971042,1.0,0.0008066211594268501,normal
0.14470808207988733,-0.11302092671394345,0.1666830480098724,-0.1382344514131546,0.1224332749843597,-0.0937611311674118,1.0,0.001607902522664475,normal
0.2154629454016685,-0.1456457376480102,0.297732412815094,-0.2411401867866516,0.2088103741407394,-0.1560595780611038,1.0,0.002743620541878,normal
0.26831069588661194,-0.21163509786128995,0.2751116752624511,-0.249117761850357,0.2198245823383331,-0.1730802357196808,1.0,0.002741740376222825,normal
0.2253837138414383,-0.17633715271949763,0.2964817583560943,-0.2742841243743896,0.2147555351257324,-0.168340116739273,1.0,0.0027868667675647503,normal
0.7649153918027878,0.12752002477645874,0.2587132453918457,-0.2476783543825149,0.3449423909187317,-0.0880150645971298,1.0,0.07472146302461619,normal
0.19373072683811185,-0.10706682130694385,0.3171365857124328,-0.276308923959732,0.1873514205217361,-0.1299079656600952,1.0,0.010693232412449948,normal
0.226110965013504,-0.21302480995655054,0.2461674213409423,-0.2369125783443451,0.1791618317365646,-0.1576641201972961,1.0,0.003834177798125875,normal
0.3575151711702347,-0.2873513996601105,0.2490170150995254,-0.2260117977857589,0.2411360889673233,-0.1842841058969497,1.0,0.0181810143985785,normal
0.5105206370353699,-0.37667758017778397,0.3976839184761047,-0.2807002067565918,0.3860556185245514,-0.2434568703174591,1.0,0.019523634458892002,normal
0.6830453276634216,-0.4543401002883911,0.5239761471748352,-0.2765849828720093,0.485968679189682,-0.246258407831192,1.0,0.0320278240833431,normal
0.5913412272930145,-0.3845478296279907,0.4778375327587127,-0.2915570735931396,0.4236141741275787,-0.2118922024965286,1.0,0.012485689541790575,normal
0.3986592590808868,-0.27756600826978683,0.30083829164505,-0.2458717972040176,0.2965856194496155,-0.183507353067398,1.0,0.004807973513379625,normal
0.26745861768722534,-0.20223107188940043,0.2207932472229004,-0.206206813454628,0.2001648098230362,-0.1324515491724014,1.0,0.00307491683633995,normal
0.15804351121187205,-0.13136602565646172,0.1453886032104492,-0.137881189584732,0.1248750835657119,-0.0930274724960327,1.0,0.0020693322876468,normal
0.1269271038472652,-0.11518769338726995,0.1239276081323623,-0.1138203963637352,0.0953385531902313,-0.0642374381422996,1.0,0.0019751428917515503,normal
0.0855261757969856,-0.07706505618989465,0.0777489468455314,-0.0714781805872917,0.0650872364640235,-0.0512426234781742,1.0,0.00132702270639125,normal
0.23220565170049667,-0.19746010750532145,0.125307559967041,-0.0869986787438392,0.1180231273174285,-0.0859556421637535,1.0,0.008008027012692725,normal
0.15473505482077593,-0.12567229196429244,0.1991941630840301,-0.1265184879302978,0.1381169110536575,-0.0843856409192085,1.0,0.00223097924026655,normal
0.09279724210500714,-0.0507478509098291,0.0869516506791114,-0.0491541065275669,0.0776090547442436,-0.0220581255853176,1.0,0.0014495853683911,normal
0.053622454404830905,-0.014850868727080548,0.0288609005510807,0.0161007959395647,0.0520128831267356,-0.0031616622582077,1.0,0.0011719197063939,normal
0.0378999402746558,0.0021855682134628504,0.0851485207676887,0.0139257255941629,0.0707999914884567,0.0107248667627573,1.0,0.001291403721552275,normal
0.04785633087158195,-0.0373934786766767,0.0563909746706485,-0.0352958925068378,0.0420485101640224,-0.0144981173798441,1.0,0.0009286180429626,normal
0.09653341397643085,-0.07857207953929894,0.1278225481510162,-0.120697945356369,0.0980787500739097,-0.0732748731970787,1.0,0.00141457311110565,normal
0.2336839735507965,-0.21075724065303797,0.4923977851867676,-0.4817883968353271,0.2796403765678406,-0.2335023581981659,1.0,0.0034771319478749747,normal
0.35251024365425104,-0.30505920946598053,0.409957081079483,-0.3905634880065918,0.3551308512687683,-0.2554962635040283,1.0,0.0056360749294981,normal
0.3524394631385803,-0.22032674401998514,0.239426702260971,-0.2191421091556549,0.2975168526172638,-0.1600638777017593,1.0,0.00389216531766575,normal
0.37220498919487,-0.12588375061750404,0.1196057125926017,-0.0541354082524776,0.2600845992565155,-0.0607455484569072,1.0,0.004283788599423076,normal
0.32443591952323914,0.003645541146397601,0.3506113588809967,0.078155517578125,0.3003017008304596,0.030279416590929,1.0,0.003472464799415275,normal
0.30190841853618616,0.076226120814681,0.2829421758651733,0.2105495631694793,0.2323861718177795,0.103659451007843,1.0,0.0040467302897013255,normal
0.19477706775069228,0.11522742267698044,0.1664395779371261,0.1551254689693451,0.157883882522583,0.092600330710411,1.0,0.0027543167961993752,normal
0.12128621153533456,0.08677801117300979,0.2886338531970978,0.2443348318338394,0.1915640980005264,0.1283307522535324,1.0,0.001980382687179325,normal
0.3458154499530792,0.26064589619636536,0.3289217352867126,0.3109167814254761,0.259927362203598,0.1825211942195892,1.0,0.008627185830846375,normal
1.18038210272789,0.741994172334671,0.4428454339504242,0.4247922003269195,0.4788538515567779,0.3060646057128906,1.0,0.0996425147168338,normal
0.5070376545190811,0.3421455472707748,0.4502850770950317,0.3481699526309967,0.3348983228206634,0.1975153386592865,1.0,0.0198498499812558,normal
0.1577675193548202,0.09498823061585421,0.1431654989719391,0.126986414194107,0.1153325363993644,0.0636500790715217,1.0,0.002539487992180475,normal
0.10457324236631385,0.0751045942306518,0.1876974254846573,0.1501612812280655,0.1812917739152908,0.0968519672751426,1.0,0.0020379816996864497,normal
0.32634011656045914,0.15086796134710312,0.5501663684844971,0.3309978246688843,0.4453822374343872,0.2037491649389267,1.0,0.004859833978116476,normal
0.6522457003593445,0.41053904592990875,0.8512678146362305,0.6247419714927673,0.6462432146072388,0.3951472640037536,1.0,0.00886921572964635,normal
0.6807696670293808,0.5733701437711716,0.9641714096069336,0.9362663626670836,0.6512318253517151,0.5204086303710938,1.0,0.01282443595118815,normal
0.6470651626586914,0.6223689913749695,1.0531965494155884,0.9742741584777832,0.6485841274261475,0.5547106862068176,1.0,0.009694244712591098,normal
0.45821280777454376,0.3545987159013748,0.749201238155365,0.4701413214206695,0.4223657548427582,0.2930888533592224,1.0,0.011394154629670025,normal
0.3189914673566818,0.1395493112504482,0.3844774067401886,0.0949378758668899,0.2752597332000732,0.0775595977902412,1.0,0.004124592524021825,normal
0.38288263976573944,0.03230006340891115,0.3715530633926391,-0.066744714975357,0.3454934656620025,-0.0230295341461896,1.0,0.0035749527160077997,normal
0.3253202587366104,-0.0241456725634634,0.4416711926460266,-0.2244849950075149,0.3811438381671905,-0.1084977239370346,1.0,0.004791924264281926,normal
0.3814295679330826,-0.06308851018548009,0.5292319655418396,-0.3900058567523956,0.3880097866058349,-0.1958324313163757,1.0,0.0096219860715791,normal
0.42210777103900904,-0.31364649534225464,0.6263045072555542,-0.5578127503395081,0.4349984228610992,-0.3201144337654114,1.0,0.007406745804473725,normal
0.5950160622596741,-0.4944890886545181,0.6458253860473633,-0.58305823802948,0.501292884349823,-0.3837167918682098,1.0,0.027900204993784396,normal
0.4944014400243759,-0.3756456822156906,0.4092928469181061,-0.3591835796833038,0.3975867331027984,-0.2675330638885498,1.0,0.018443442997522576,normal
0.42333605885505676,-0.32493009418249125,0.3414444029331207,-0.2668831646442413,0.2998822033405304,-0.1883227378129959,1.0,0.013726921810302824,normal
0.365177571773529,-0.2371048405766487,0.2701774537563324,-0.1731988191604614,0.2579261362552643,-0.1397674083709716,1.0,0.00931086088530715,normal
0.20469354838132856,-0.13451612368226046,0.196568563580513,-0.1048528477549552,0.1615332961082458,-0.0744431987404823,1.0,0.0028849077643826,normal
0.11417625471949569,-0.06642268039286135,0.121739774942398,-0.0672265291213989,0.0909228399395942,-0.0434488877654075,1.0,0.0020988311443942997,normal
0.16091034561395645,-0.12453520298004145,0.0843964517116546,-0.0718799903988838,0.0728537663817405,-0.0570084862411022,1.0,0.002287288371007875,normal
0.26424404978752136,-0.2295143604278564,0.1216359287500381,-0.0994396805763244,0.1224381700158119,-0.0901639759540557,1.0,0.010453479888383225,normal
0.25033959746360773,-0.1282062120735645,0.3688552677631378,-0.1446117013692855,0.2486355006694793,-0.0913668423891067,1.0,0.0027278713532723,normal
0.26545694470405573,-0.0853724721819162,0.360021710395813,-0.0392936952412128,0.2980789542198181,-0.0193344317376613,1.0,0.003009248117450575,normal
0.22564989328384397,-0.03203717229189345,0.4447450041770935,0.0454661063849926,0.3067135512828827,0.016501348465681,1.0,0.0020865107653662003,normal
0.23676382005214686,0.0028995191678405,0.3674573898315429,0.1247036084532737,0.2925383448600769,0.0538435243070125,1.0,0.002467399317538325,normal
0.168597150593996,0.0678101293742656,0.3186811506748199,0.2355434596538543,0.2570072412490845,0.1470804959535598,1.0,0.002938388468464775,normal
0.25346790254116053,0.17204822599887845,0.5318222045898438,0.5007490515708923,0.3309144675731659,0.2775385975837707,1.0,0.004600328335072775,normal
0.30377848446369166,0.2892772182822227,0.5254693031311035,0.5015379190444946,0.3070657849311828,0.2824866771697998,1.0,0.005855198134668151,normal
0.3367362469434738,0.275780126452446,0.564985454082489,0.4193868935108185,0.3451333045959472,0.2601020336151123,1.0,0.0054355044849216504,normal
0.5708977282047272,0.21967590600252151,0.5025614500045776,0.2115261256694793,0.4560953080654144,0.1645297557115554,1.0,0.009554276010021524,normal
0.5797441601753235,0.0706856772303581,0.5363302826881409,0.0432535819709301,0.5527305603027344,0.0083768693730235,1.0,0.005598813004326025,normal
0.6285516619682312,-0.12182072736322876,0.4429973363876343,-0.1066422909498214,0.5199167728424072,-0.1156551241874694,1.0,0.0042518895352259,normal
0.4437177777290344,-0.15183245949447155,0.4401759505271911,-0.2766108512878418,0.4139685928821563,-0.1752092540264129,1.0,0.004104433697648325,normal
0.2416076585650444,-0.0950315129011869,0.1924639195203781,-0.1189700067043304,0.220832958817482,-0.0767919197678566,1.0,0.002500404516467775,normal
0.20683781802654266,-0.05392681062221524,0.168527603149414,-0.050506591796875,0.1696483939886093,-0.0315494015812873,1.0,0.0019331024959683002,normal
0.21227452158927915,0.0084290667437017,0.2185108363628387,0.0172784980386495,0.1985758990049362,0.0125295277684926,1.0,0.002223194431280675,normal
0.26494497060775757,0.03085721656680105,0.2877497673034668,0.0483393818140029,0.2193581163883209,0.0233521331101655,1.0,0.0019602327374741,normal
0.26927629113197327,0.0111839240416884,0.3274466395378113,0.0393644385039806,0.2741491496562958,0.0077916737645864,1.0,0.00254249520367005,normal
0.2934952527284622,-0.011093175038695299,0.2574648857116699,-0.0030013576615601,0.2163022011518478,-0.012813052162528,1.0,0.0036893834476358746,normal
0.18449117243289945,-0.01288562919944525,0.1434624940156936,-0.0207334570586681,0.1714470088481903,-0.025700956583023,1.0,0.001483068888774125,normal
0.177857868373394,-0.0602077785879373,0.126539871096611,-0.0520463436841964,0.1320412158966064,-0.0513852089643478,1.0,0.001422281769919175,normal
0.0896305069327354,-0.033873884007334654,0.0904218479990959,-0.0524874590337276,0.0988429337739944,-0.0359917730093002,1.0,0.001125398368458225,normal
0.0955041274428367,-0.0280472775921225,0.0753075033426284,-0.0381395742297172,0.0815199688076973,-0.0285197086632251,1.0,0.0010923487570834748,normal
0.0880489684641361,-0.04157599341124295,0.0625888556241989,-0.0482737235724926,0.0660509243607521,-0.0350496433675289,1.0,0.001090511825168475,normal
0.07085390388965605,-0.0529797561466693,0.0881590023636818,-0.0799491181969642,0.0704221799969673,-0.0521625839173793,1.0,0.00096967078570735,normal
0.0748922154307365,-0.06434823200106615,0.0972901508212089,-0.0941851064562797,0.0659176781773567,-0.058979757130146,1.0,0.0009760269749676499,normal
0.08816993236541745,-0.07318003475666046,0.1518969237804412,-0.1288271844387054,0.0951874256134033,-0.0801496729254722,1.0,0.0014112024364293999,normal
0.17447139322757715,-0.10136787220835686,0.2541517615318298,-0.1654848009347915,0.1885570138692855,-0.1047398298978805,1.0,0.002202089439379,normal
0.31187769770622253,-0.0730231143534183,0.3665356934070587,-0.1232789903879165,0.3225654661655426,-0.063991442322731,1.0,0.003464163688477075,normal
0.4194739162921905,-0.02159761171787975,0.4946269989013672,-0.0512681454420089,0.4423319697380066,-0.0110570546239614,1.0,0.0037509398534893252,normal
0.5181088745594025,-0.01792534190462895,0.4833849370479584,-0.0459853671491146,0.472186416387558,-0.0011031691683456,1.0,0.0029731896065640752,normal
0.4282018840312958,-0.026763217523694052,0.4165971577167511,-0.0197619814425706,0.4053327441215515,-0.0005284902290441,1.0,0.003845488594379225,normal
0.4275698810815811,-0.01932721212506295,0.3439496755599975,-0.0219009853899478,0.3278945684432983,0.0144945094361901,1.0,0.0026473720208741247,normal
0.23790083080530167,-0.03197414672467855,0.1911071389913559,-0.0442847050726413,0.1742672324180603,-0.0114753311499953,1.0,0.002014779514865925,normal
0.12410078570246691,-0.039789773349184494,0.0934788361191749,-0.0420351885259151,0.0793799832463264,-0.0174153298139572,1.0,0.001552371861180225,normal
0.48565778881311417,0.2260607741773128,0.0294608417898416,-0.0227638017386198,0.1179740726947784,0.0425555258989334,1.0,0.04470929960370993,normal
0.6478144824504852,0.24473310261964792,0.152086079120636,0.0200676191598176,0.2768334746360779,0.0724002718925476,1.0,0.05629781191237265,normal
0.3135373741388321,0.0672750063240528,0.4974160194396972,0.0944449678063392,0.3842062354087829,0.0764305517077446,1.0,0.00646085449261585,normal
0.3642670959234237,0.0942384898662567,0.4498894512653351,0.1117627695202827,0.3604375720024109,0.0734137445688247,1.0,0.005496462748851575,normal
0.41230399906635284,0.1679723262786865,0.3904440999031067,0.1204274520277977,0.3644477427005768,0.0901767611503601,1.0,0.00752199103590095,normal
0.32297752797603607,0.11058154702186579,0.3007568418979645,0.1236373409628868,0.3032121658325195,0.0851510539650917,1.0,0.005293760681524824,normal
0.3839142918586731,0.04347890664212165,0.2694733142852783,0.1169872879981994,0.2535676062107086,0.0438354089856147,1.0,0.009757126565091276,normal
0.28635044395923615,0.0035725999623536994,0.283785879611969,0.0972428768873214,0.2276074439287185,0.0309819392859935,1.0,0.010518363560549875,normal
0.26188012957572937,-0.07924264483153814,0.1402878910303115,0.074710726737976,0.1528799682855606,0.0121247572824358,1.0,0.027145946165546726,normal
0.31184581667184824,-0.12515230756253,0.0857053101062774,0.0709316357970237,0.1263951957225799,-0.0035078718792647,1.0,0.019610828399890975,normal
0.2448286563158035,-0.098074035719037,0.0895394384860992,0.084017664194107,0.0969322025775909,0.0195799134671688,1.0,0.008302235757582776,normal
0.11469857767224309,0.0031048497185110994,0.1229237243533134,0.1180387586355209,0.0843629240989685,0.0543864481151104,1.0,0.002599155734060275,normal
0.1064985319972038,0.018341657261771598,0.1252040863037109,0.0994096249341964,0.1037461683154106,0.0672419816255569,1.0,0.0024640413175802,normal
0.1663671359419822,0.0220835534855723,0.1575860828161239,0.1075296103954315,0.1645495742559433,0.0739115104079246,1.0,0.0022275920491665003,normal
0.15874928981065745,0.00716373944305815,0.1543539613485336,0.0785804539918899,0.1292577236890792,0.0455905795097351,1.0,0.00170308386441315,normal
0.0959490574896335,-0.01731244078837335,0.1297685950994491,0.0122472587972879,0.0921414718031883,0.008259953930974,1.0,0.001111947596655175,normal
0.06880342215299605,-0.04377460340037935,0.1223271563649177,-0.041412815451622,0.0861171633005142,-0.0218990426510572,1.0,0.0012145890505052752,normal
0.1178658157587051,-0.087690832093358,0.1168859004974365,-0.090271919965744,0.0986339747905731,-0.0593121498823165,1.0,0.001814528775867025,normal
0.0920362770557403,-0.07252268493175501,0.0964372307062149,-0.0890382677316665,0.0844402760267257,-0.0609462857246398,1.0,0.0010972345917252251,normal
0.0842297710478305,-0.0649829246103763,0.0527874492108821,-0.0478719063103199,0.0542809180915355,-0.0334188118577003,1.0,0.0010105860419571,normal
0.03702850267291065,-0.0238651125691831,0.0354043394327163,-0.0211029052734375,0.0340849906206131,-0.006030520889908,1.0,0.0007435669904224998,normal
0.024362663738429498,0.01036579837091265,0.055147685110569,0.0347900390625,0.0455570258200168,0.0254283603280782,1.0,0.0007259284029714249,normal
0.050035024061798994,0.03570376895368095,0.0576467625796794,0.0558055527508258,0.056180540472269,0.0305511895567178,1.0,0.0009087136568268249,normal
0.1381153911352157,0.0293442234396934,0.1168279871344566,0.0234703291207551,0.152778759598732,0.0331212654709816,1.0,0.001898900576634275,normal
0.45105572044849396,0.004406280815601352,0.6430892944335938,-0.0209276601672172,0.5232288241386414,-0.0026702880859375,1.0,0.0042943437583744,normal
0.6438999176025391,-0.0114335819962434,0.603015661239624,-0.0027895839884877,0.6281887888908386,0.0147249372676014,1.0,0.005220479390118201,normal
0.8073557317256927,-0.006796201691031449,0.7980117201805115,0.0413180254399776,0.7987390756607056,0.0449290908873081,1.0,0.0051953208167105506,normal
1.1071810126304626,0.030582802370190648,0.8687223792076111,0.0422021113336086,0.8870580792427063,0.065404325723648,1.0,0.007203743327408975,normal
1.0594313144683838,0.0408877283334732,0.8515352010726929,0.0261267460882663,0.9143381118774414,0.0629435330629348,1.0,0.0073941911687142505,normal
1.1051529049873352,0.052812237292528146,0.6109488606452942,0.102874755859375,0.7935280799865723,0.107518583536148,1.0,0.0060376013279892,normal
0.8543788492679596,0.0910735297948122,0.5590320229530334,0.1446278840303421,0.6412996053695679,0.1133922860026359,1.0,0.006737535761203549,normal
0.7937425076961517,0.059300754219293594,0.5743185877799988,0.1849004626274109,0.5464977622032166,0.1038083285093307,1.0,0.005779728060588176,normal
0.5922596454620361,0.0073858797550201555,0.6791813373565674,0.1783414930105209,0.4412510991096496,0.0777538418769836,1.0,0.0073096791747957,normal
0.5591194778680801,-0.021001609042286904,0.7953532338142395,0.1874634772539138,0.4630807936191559,0.0583336278796196,1.0,0.01929166424088175,normal
0.5627134889364243,0.002720516175031648,0.9290520548820496,0.2376547157764434,0.4951857030391693,0.0496059097349643,1.0,0.018167391361203,normal
0.6463924646377563,0.08497755974531165,0.5215617418289185,-0.0386597588658332,0.4224208295345306,0.0074172150343656,1.0,0.00849846546771,normal
0.674311637878418,0.08586429711431265,0.4913294315338135,0.0215246025472879,0.4328639507293701,0.0420246645808219,1.0,0.006972689181566176,normal
0.544446587562561,0.09971686825156209,0.3796004056930542,0.0072201816365122,0.3676444590091705,0.0551068075001239,1.0,0.00785468512913205,normal
0.41468520462512964,0.014470167458057404,0.2953544557094574,0.028350830078125,0.2882047593593597,0.0385404005646705,1.0,0.003907547332346375,normal
0.26477690041065216,0.01910859625786545,0.2057248204946518,0.0198627822101116,0.1909677535295486,0.0240176431834697,1.0,0.0033825627178884748,normal
0.176132395863533,0.021631621217238647,0.1869222521781921,0.015289306640625,0.1535102427005767,0.0184573605656623,1.0,0.001781444210791925,normal
0.14335036277770996,0.03291046712547535,0.1663614213466644,0.0343803651630878,0.1331879794597625,0.0285502262413501,1.0,0.001434262172551775,normal
0.12717121094465256,0.03330717794597145,0.2835358083248138,0.0693498104810714,0.1751171797513961,0.0472259521484375,1.0,0.002263943111756775,normal
0.1978361383080482,0.08975996822118755,0.2542763352394104,0.0748734921216964,0.189317837357521,0.0667440071702003,1.0,0.0027458492259028753,normal
0.1409024447202682,0.1041677743196487,0.181349366903305,0.1092626377940177,0.1476995199918747,0.0941765233874321,1.0,0.0017032449250109,normal
0.11208367720246315,0.0978969000279903,0.1023738756775856,0.0421822294592857,0.0811765417456626,0.0495727136731147,1.0,0.0011710409889928752,normal
0.08299614861607549,0.0694490149617195,0.1828158646821975,-0.0767452344298362,0.0856591016054153,0.0147763844579458,1.0,0.00435400064452545,normal
0.1276556774973869,0.07036767154932014,0.4191749095916748,-0.3022104799747467,0.1817008852958679,-0.0490689650177955,1.0,0.013318198529304898,normal
0.23946183174848554,0.044427745044231345,0.4691263437271118,-0.3776032328605652,0.2336726784706115,-0.0816628709435463,1.0,0.014890140271745575,normal
0.2564652338624,0.091229872778058,0.5315074920654297,-0.4818984568119049,0.2612527310848236,-0.1204246282577514,1.0,0.0082410431350581,normal
0.2522076368331909,0.11153526976704589,0.3965250253677368,-0.3360739052295685,0.2110216319561004,-0.0792101249098777,1.0,0.0055161151103675,normal
0.19420884549617765,0.10289553366601464,0.185645580291748,-0.1470762342214584,0.1427690386772155,-0.0456968769431114,1.0,0.0027743849204853,normal
0.1371838971972465,0.059863930568098994,0.1521845608949661,-0.0629785731434822,0.1175456792116165,-0.012952753342688,1.0,0.002113827038556275,normal
0.1304390281438827,0.0466619879007339,0.1412271112203598,-0.062775120139122,0.1044896692037582,-0.014758238568902,1.0,0.001571476401295475,normal
0.1198172569274902,0.0356499962508678,0.1402091681957245,-0.0508076064288616,0.0936625674366951,-0.0096189137548208,1.0,0.0016668453172314498,normal
0.09306045249104494,0.01956978067755695,0.1180967092514038,-0.0447239726781845,0.0826857313513755,-0.0161411184817552,1.0,0.001177652418846225,normal
0.0990197099745273,0.01377509022131555,0.1265865266323089,-0.0797609239816665,0.0846609994769096,-0.0368267782032489,1.0,0.001341715105809225,normal
0.0707660093903541,-0.0100161728914827,0.1388664096593856,-0.0935188084840774,0.0758304521441459,-0.0413844138383865,1.0,0.001418582542100875,normal
0.0586454756557941,-0.0303562264889478,0.1240328326821327,-0.1113045439124107,0.0737213045358657,-0.0518608093261718,1.0,0.001141629240009875,normal
0.037518326193094254,-0.021863017231225898,0.1320415288209915,-0.114838570356369,0.0738365277647972,-0.059831153601408,1.0,0.0012501095770857751,normal
0.06756492145359515,-0.03703667689114805,0.1421950012445449,-0.096282958984375,0.0824388340115547,-0.0471851229667663,1.0,0.00134539754071735,normal
0.1073259077966213,-0.03334466181695455,0.1288047134876251,-0.0601020567119121,0.0937545895576477,-0.0367374941706657,1.0,0.0014258844312279749,normal
0.087928332388401,-0.018397804989945102,0.1264571249485016,-0.0562096796929836,0.1013239324092865,-0.0192635003477334,1.0,0.00116299233923195,normal
0.09473991766571996,0.01966995839029545,0.0605201423168182,-0.0138933584094047,0.0693103075027465,0.0029507197905331,1.0,0.00154392597323745,normal
0.047097256407141644,0.00987676600925625,0.0427291430532932,0.0017094467766582,0.0530771128833293,0.0125367445871233,1.0,0.0008686756918905,normal
0.05379582755267615,0.0184264895506203,0.0327023863792419,0.0043691000901162,0.0349616631865501,0.0076701189391314,1.0,0.0009664440876804,normal
0.0426771249622106,0.03003945713862775,0.0427082031965255,0.0272484980523586,0.0425459407269954,0.0280368905514478,1.0,0.00098130819969805,normal
0.0440755598247051,0.0382662676274776,0.0528503321111202,0.0357402451336383,0.0380388163030147,0.025681160390377,1.0,0.000768100246204925,normal
0.04173919372260565,0.0253693955019116,0.0949747636914253,0.0357966572046279,0.0545066744089126,0.0264655444771051,1.0,0.0009345976286567,normal
0.058515569195151246,0.0052956551080569,0.0844497084617614,0.0316060371696949,0.0580559112131595,0.013893230818212,1.0,0.0009622212819522,normal
0.06335598975419995,0.0029326030053197496,0.0691883116960525,0.0116475420072674,0.0505060516297817,0.0088459737598896,1.0,0.00094343163073055,normal
0.02552141342312095,0.00461555668152865,0.0331451520323753,0.00908915232867,0.0272394903004169,0.0036860285326838,1.0,0.00069924459239695,normal
0.0341681763529777,0.01819507637992495,0.0243573896586895,0.0129117099568247,0.0223912838846445,0.0092553831636905,1.0,0.0009158498578471751,normal
0.1944298930466175,0.13702036812901494,0.0260908361524343,0.0147011494264006,0.0604547560214996,0.0418583638966083,1.0,0.007456578954588575,normal
0.30494778603315353,0.17709638923406595,0.0193540342152118,0.0045688515529036,0.0711496174335479,0.0395663492381572,1.0,0.02307483111508185,normal
0.45042481273412704,0.2014573626220226,0.0271429736167192,-0.0069977729581296,0.1373441368341446,0.0438917018473148,1.0,0.0457688281603623,normal
0.07380720227956769,0.0093147051520645,0.0467440634965896,-0.0316425673663616,0.0440719984471797,-0.0062490925192832,1.0,0.004836972744669725,normal
0.05994066223502155,-0.02825850900262585,0.071814052760601,-0.041443333029747,0.0485518313944339,-0.0230130366981029,1.0,0.0013364761834963748,normal
0.07462639734148975,-0.057229397818446104,0.0637416839599609,-0.0542764365673065,0.0554515719413757,-0.0370759703218936,1.0,0.0030548844952135996,normal
0.16645378991961474,-0.09881059452891344,0.0852146446704864,-0.0735515281558036,0.0930380970239639,-0.0536078363656997,1.0,0.010912092562648398,normal
0.23419234156608582,-0.15944195166230202,0.1467697620391845,-0.1102567762136459,0.1299652457237243,-0.0883531346917152,1.0,0.010369430558057448,normal
0.2887861058115959,-0.19669314101338387,0.2643486559391022,-0.1498533338308334,0.1966392397880554,-0.1077882945537567,1.0,0.007960837159771425,normal
0.2157521992921829,-0.18502580001950258,0.098811998963356,-0.0931673943996429,0.1054664850234985,-0.0881415680050849,1.0,0.005068249505711676,normal
0.19882565736770624,-0.15750382468104354,0.1034377440810203,-0.072909265756607,0.113044336438179,-0.0781075730919838,1.0,0.006480515992734525,normal
0.14927873760461804,-0.09859569743275634,0.2195620387792587,-0.0563863106071949,0.1464776396751403,-0.0526165328919887,1.0,0.002932395989773775,normal
0.15635329484939575,-0.08095513656735415,0.1942826360464096,-0.0478672832250595,0.1397033333778381,-0.0465715751051902,1.0,0.0025337211118312253,normal
0.1411185413599014,-0.1122789233922958,0.168866291642189,-0.1017257198691368,0.1263900250196457,-0.0771954506635665,1.0,0.002029863462666925,normal
0.14622960239648813,-0.1283248290419578,0.1579950302839279,-0.1363923102617263,0.1255008280277252,-0.1061432287096977,1.0,0.00165845971787345,normal
0.11480445787310595,-0.1016788966953754,0.1597025543451309,-0.1542182713747024,0.1015455648303031,-0.0904775038361549,1.0,0.001513639668701175,normal
0.10754498839378354,-0.10129997134208674,0.1209282055497169,-0.1177363544702529,0.0920499339699745,-0.0784782171249389,1.0,0.00115081787225785,normal
0.07149398699402805,-0.06631537899374959,0.0927050933241844,-0.0810287967324256,0.065327301621437,-0.0547482259571552,1.0,0.00105505893588995,normal
0.07310003042221065,-0.053959846496582,0.0793296247720718,-0.0412801094353199,0.0621321722865104,-0.0342030897736549,1.0,0.0011941089178435001,normal
0.0481264684349298,-0.023214205168187597,0.0894177481532096,-0.0236303154379129,0.0605084523558616,-0.0194656793028116,1.0,0.0009148659446509,normal
0.036571418866515146,-0.0010468680411577,0.080936498939991,-0.0207801591604948,0.0669976323843002,-0.010656202211976,1.0,0.0010698731348383749,normal
0.03812457062304015,-0.024538280442357,0.0568078123033046,-0.0222722832113504,0.0579515323042869,-0.0121445525437593,1.0,0.001114532293286125,normal
0.0750017166137695,-0.04362251982092855,0.0656561478972435,-0.0348862148821353,0.0695177987217903,-0.0317963249981403,1.0,0.000935039715841375,normal
0.0650561563670635,-0.04972830507904285,0.0574784129858017,-0.0411811582744121,0.0627110674977302,-0.0291938781738281,1.0,0.00108029981493015,normal
0.06433332897722716,-0.040533541701734,0.0490617640316486,-0.0395174883306026,0.0542345121502876,-0.0330804362893104,1.0,0.00111454578291155,normal
0.05392954312264915,-0.03812804818153375,0.0423948466777801,-0.0170708857476711,0.0481502711772918,-0.0254151634871959,1.0,0.0010177759395446,normal
0.0309573290869593,-0.013354163616895651,0.0561781749129295,0.0024205988738685,0.0460808649659156,-0.0044674230739474,1.0,0.00097539334092285,normal
0.0265373550355434,0.0051180145237594505,0.0360582284629344,0.0021824692375957,0.0443799197673797,-0.0029155628290027,1.0,0.000957921263761775,normal
0.02743280027061695,-0.0045247199886943494,0.0372856147587299,0.0092195449396967,0.0382676646113395,0.0030939257703721,1.0,0.000825306939077525,normal
0.03216397669166325,-0.0007000362966209503,0.0413627661764621,0.0006390195921994,0.0335997715592384,-0.0066748955287039,1.0,0.000868339382577625,normal
0.0262597659602761,-0.012308832257986,0.0478407591581344,0.0041462290100753,0.0396548323333263,-0.0070379101671278,1.0,0.0007494592136935749,normal
0.0477595161646604,-0.028880052268505048,0.0596803911030292,-0.0161493476480245,0.0430396720767021,-0.0135920755565166,1.0,0.0008882329711923,normal
0.0390827767550945,-0.026269943453371497,0.0619817413389682,-0.0358715653419494,0.0435347333550453,-0.0223101023584604,1.0,0.00102664261066815,normal
0.048634484410285894,-0.02997700776904815,0.0667559504508972,-0.0205267705023288,0.0461826659739017,-0.0178085528314113,1.0,0.001170048155472575,normal
0.0378748588263988,-0.024661501869559246,0.0548524968326091,-0.018341526389122,0.0423363372683525,-0.0091847600415349,1.0,0.00116312464524525,normal
0.038961611688137,0.00735533004626625,0.0442653819918632,0.0042752353474497,0.0372116491198539,0.0086769927293062,1.0,0.0008226541685871251,normal
0.040111476555466596,0.02068461570888755,0.071393959224224,0.0369100868701934,0.0420604720711708,0.0125213833525776,1.0,0.00078505824785675,normal
0.0496771931648254,0.025465277954936,0.0619355700910091,0.0249129794538021,0.0446419157087802,0.0136583689600229,1.0,0.000887622241862075,normal
0.0565637424588203,0.014502134639769751,0.0707630142569542,0.0078115751966834,0.0521680079400539,0.0100205913186073,1.0,0.0008094309159787,normal
0.0554676968604326,0.01016148040071125,0.0659721046686172,0.0143363261595368,0.051915019750595,0.0048767295666038,1.0,0.0008250952669186,normal
0.047624503262341,0.0047168162418529,0.0560932382941246,-0.0001780192105798,0.0396192632615566,0.0043152472935616,1.0,0.0007992378523339999,normal
0.0283477865159511,-0.00977068813517685,0.036976758390665,-0.0071041220799088,0.027881259098649,-0.0063947727903723,1.0,0.0008380039944313,normal
0.0332780592143535,-0.0258649922907352,0.030823353677988,-0.0187160614877939,0.0270998775959014,-0.0141332475468516,1.0,0.00077829924703105,normal
0.02972884103655815,-0.01685352483764285,0.0282997470349073,-0.0200287792831659,0.0271149780601263,-0.0085645113140344,1.0,0.0008863058610586,normal
0.037399323657154954,0.00320720905438065,0.0208054799586534,0.0106326015666127,0.0220595579594373,-0.0009287241264246,1.0,0.0007137498105293501,normal
0.02383314957842225,0.0005021083634346498,0.0146660255268216,0.0046576298773288,0.019811587408185,-7.856214506318793e-05,1.0,0.0007797408761688999,normal
0.02819105517119165,0.01148951891809695,0.0219652503728866,0.0174902714788913,0.0224750600755214,0.010233492590487,1.0,0.0010621330002322249,normal
0.027251396328210747,-0.00039349868893625,0.023569019511342,0.0109780048951506,0.0284542553126811,0.0049628182314336,1.0,0.00082913033838845,normal
0.03112401999533175,0.0001735901460051502,0.0232083182781934,0.0074347294867038,0.0257875975221395,-0.0016903232317417,1.0,0.000872369724675025,normal
0.0310166180133819,0.019866978749632752,0.0330803282558918,0.0216059833765029,0.0340753085911273,0.0142552144825458,1.0,0.0007859652396291001,normal
0.0410042311996221,0.012420619255863099,0.0516065955162048,0.0431587919592857,0.0382960401475429,0.0173862557858228,1.0,0.0010119735379703,normal
0.043646115809679004,0.0269444370642304,0.0569904893636703,0.0454087704420089,0.0430619679391384,0.0288214813917875,1.0,0.0010159495141124,normal
0.04090159758925435,0.009035734925419099,0.0473854318261146,0.0333492383360862,0.038332562893629,0.0187537726014852,1.0,0.0008050249743973251,normal
0.0414154147729277,0.026445018127560598,0.0564228855073452,0.0493677295744419,0.0362816527485847,0.0239552669227123,1.0,0.0008013377373571749,normal
0.03688731044530865,0.0285829417407512,0.0572782419621944,0.0508908368647098,0.0386200584471225,0.0289778839796781,1.0,0.0007801094034220501,normal
0.0534221157431602,0.04189578071236605,0.1003216430544853,0.0900014266371727,0.0526439771056175,0.0418037213385105,1.0,0.001229093570145725,normal
0.0334950583055615,0.022517852485179853,0.0729921236634254,0.0633073300123214,0.0447169877588748,0.0333472602069377,1.0,0.0009017252305056501,normal
0.036785513162612846,0.02437015343457455,0.0687170103192329,0.0549468994140625,0.0486811362206935,0.0373578444123268,1.0,0.0008615073020336499,normal
0.0312978699803352,0.019922845996916252,0.0506524518132209,0.0210515800863504,0.038714874535799,0.0109416861087083,1.0,0.000981381570454625,normal
0.0369822215288877,0.014685309957712849,0.0735879465937614,0.0364231914281845,0.0489680618047714,0.0201888214796781,1.0,0.0007154107152017999,normal
0.07193952985107895,0.054492978379130294,0.1175587624311447,0.078157365322113,0.0712396427989006,0.045403454452753,1.0,0.0011055826762458,normal
0.06456363573670384,0.051966531202197,0.1723458468914032,0.1397390663623809,0.0958877354860305,0.0696681290864944,1.0,0.001444367051590175,normal
0.07564811035990715,0.06797092035412786,0.1444255858659744,0.1380670666694641,0.0804835185408592,0.0666067823767662,1.0,0.001532416063127975,normal
0.06967596709728241,0.0649026986211538,0.0946266949176788,0.085849180817604,0.0648468434810638,0.0573047958314418,1.0,0.0011929295142181,normal
0.0435794927179813,0.039701256901025744,0.0703106746077537,0.0602088682353496,0.0473557934165,0.0372583530843257,1.0,0.000872791366418775,normal
0.02765542361885305,0.0086482595652342,0.0478113405406475,0.0302688144147396,0.0354402549564838,0.00860595703125,1.0,0.001005117170279775,normal
0.03354157228022805,-0.0121693387627601,0.0395278520882129,0.0171679873019456,0.0317600034177303,-0.0024288280401378,1.0,0.000776683300500675,normal
0.06285759061574936,-0.0084699725266546,0.115849956870079,0.0288964472711086,0.0716909319162368,-0.0025981180369853,1.0,0.0011813722958322,normal
0.0997754335403442,-0.009153562830761049,0.150600865483284,0.0583597831428051,0.0856204777956008,0.0149937188252806,1.0,0.0011735863954526748,normal
0.07139397785067556,0.0219891900196671,0.1267666816711425,0.0626770928502082,0.0849502980709075,0.0283433031290769,1.0,0.00107891969673795,normal
0.06502939388155934,0.02815897855907675,0.10334412753582,0.0575233213603496,0.0599335581064224,0.0226685814559459,1.0,0.001131233293563075,normal
0.05424990318715565,0.0245637167245149,0.0815133452415466,0.0523774102330207,0.0475204698741436,0.029137585312128,1.0,0.0009277372155338,normal
0.04701518267393105,0.00874656846281135,0.0619997829198837,0.0479708574712276,0.0429690405726432,0.0208827871829271,1.0,0.0008201218442991,normal
0.16514731571078295,0.09252206981182096,0.0627938881516456,0.0261877812445163,0.0657094419002533,0.0325323566794395,1.0,0.00430677084659685,normal
0.7348888665437698,0.3402169793844223,0.0679371058940887,0.0341477841138839,0.2269952595233917,0.0899094268679618,1.0,0.09411655494477596,normal
0.10952860116958615,0.034546753391623455,0.1321016401052475,0.0737212225794792,0.0890091434121131,0.0430425703525543,1.0,0.005013840389437925,normal
0.18499084934592247,0.0061852567596361,0.1411855667829513,0.0689230263233184,0.0973663553595542,0.0257949829101562,1.0,0.007274173214682325,normal
0.1735466569662094,-0.0491967964917421,0.1570649445056915,0.0567173808813095,0.1294170022010803,0.0057911230251193,1.0,0.0226505295722745,normal
0.2659803181886673,-0.1329350266605615,0.1140435114502906,0.0403627343475818,0.1218340471386909,-0.0156317017972469,1.0,0.0186768932762788,normal
0.21607515960931775,-0.1222273558378219,0.0699855610728263,0.0063060414977371,0.0869216993451118,-0.0242471434175968,1.0,0.0053527025302173,normal
0.12213568761944765,-0.0789002664387226,0.0360501706600189,-0.0206220224499702,0.0575007870793342,-0.0220060609281063,1.0,0.0036753127496922,normal
0.1486616507172584,-0.09548309631645674,0.0532131791114807,-0.040863499045372,0.0750269740819931,-0.0407782904803752,1.0,0.00199119196622625,normal
0.13280645385384554,-0.063003784045577,0.0938570871949195,-0.0384479872882366,0.0935140624642372,-0.0376813746988773,1.0,0.0022057200840208003,normal
0.10881577804684636,-0.010408361791633,0.1015157476067543,-0.0139539316296577,0.1035495102405548,-0.004150390625,1.0,0.0014347426767926251,normal
0.13089482858777046,-0.0026740766479633,0.120909683406353,0.0014098195824772,0.1204591169953346,0.0103476243093609,1.0,0.001654830994084425,normal
0.1055594570934772,0.00726833404041825,0.0892761275172233,0.018667047843337,0.0885707661509513,0.0189273934811353,1.0,0.0013065909297437501,normal
0.0707795806229114,0.010324263479560648,0.0434442199766635,0.0232691913843154,0.0632516890764236,0.0274536553770303,1.0,0.00102366962528315,normal
0.0368932262063026,0.00887673930265005,0.0225528161972761,0.0162279531359672,0.0338735394179821,0.0147798899561166,1.0,0.0009041735465870499,normal
0.04608147963881485,0.02665109839290375,0.0778205171227455,0.0220568105578422,0.0546640902757644,0.022558469325304,1.0,0.000997508366708575,normal
0.1276985146105289,0.00553771830163895,0.2493034750223159,0.0325696542859077,0.1575444042682647,0.0253872219473123,1.0,0.0018986831419169502,normal
0.2245988771319389,0.01624462194740765,0.3396844267845154,0.0307270400226116,0.2242245078086853,0.0222173128277063,1.0,0.002686159627046375,normal
0.25501134991645813,0.0191984195262193,0.3173648715019226,0.0281427558511495,0.2130665332078933,0.0233546085655689,1.0,0.0031461985781788496,normal
0.2275218516588211,0.04065320407971735,0.2606340050697326,0.024983724579215,0.1965590417385101,0.004690634086728,1.0,0.00195839005755255,normal
0.15201777964830393,0.0086594503372907,0.2019892632961273,0.0185875166207551,0.1355599761009216,0.0106306336820125,1.0,0.001833902148064175,normal
0.11091547459363935,0.021436259150505,0.1359492093324661,0.0121566308662295,0.0936630889773368,0.0165530033409595,1.0,0.001235721007105875,normal
0.07514391466975205,0.027264156378805603,0.0871832594275474,0.0075725209899246,0.0744406804442405,0.0071735898964107,1.0,0.00136917493364305,normal
0.04909449629485605,0.01378013519570225,0.0550623349845409,0.0037212949246168,0.050758060067892,0.0054827509447932,1.0,0.001059520684066175,normal
0.0522794239223003,0.00612956378608945,0.0490921959280967,-0.0089587587863206,0.0539536029100418,0.0015401067212224,1.0,0.0009760035754879501,normal
0.04794348590075965,-0.02070652600377795,0.0650952234864234,-0.0428878329694271,0.0593930445611476,-0.0164491813629865,1.0,0.000981849007075625,normal
0.051062935963273,-0.02335338387638325,0.0761275291442871,-0.0514216572046279,0.0613626390695571,-0.0253218580037355,1.0,0.0008684051135787249,normal
0.03041630424559115,-0.0100023283157497,0.0635847076773643,-0.0291461367160081,0.0498768426477909,-0.0212627109140157,1.0,0.00083777967665805,normal
0.0419480353593826,-0.02155148610472675,0.0592296123504638,-0.0157715771347284,0.0474178828299045,-0.0129869822412729,1.0,0.000846030845423175,normal
0.04335320554673665,-0.01462659658864135,0.0649140551686286,-0.0291318017989397,0.0495971255004406,-0.0116806030273437,1.0,0.000966128078289325,normal
0.0568200144916772,-0.0200651148334145,0.0647367238998413,-0.0249060429632663,0.0504292659461498,-0.0129669811576604,1.0,0.000931726506678325,normal
0.0592320282012224,-0.0149817392230033,0.0551281459629535,-0.0221835058182477,0.0387639366090297,-0.0120595982298254,1.0,0.001109828197513675,normal
0.03424555063247675,-0.01134813953831325,0.0279213543981313,-0.0129107851535081,0.0261325649917125,-0.0095110712572932,1.0,0.0006608724797842499,normal
0.03991303220391269,-0.0113478079438209,0.0303626749664545,-0.0073607475496828,0.0260931104421615,-0.006518286652863,1.0,0.0008236724825109751,normal
0.02337330160662525,-0.008226844598539151,0.0147705236449837,0.0050321635790169,0.0186059772968292,-0.0014002000680193,1.0,0.00128322823729825,normal
0.0220546014606952,0.0116735850460827,0.0202389135956764,0.0096185859292745,0.0196269061416387,0.0042846268042922,1.0,0.00101659983920395,normal
0.03363798744976515,0.008627605624496899,0.0466877296566963,0.0313623584806919,0.0334367901086807,0.0167610589414834,1.0,0.00090622619609345,normal
0.058161849156022044,0.028551080264151,0.0891573056578636,0.0553228221833705,0.0638482868671417,0.0326272100210189,1.0,0.001079468536772725,normal
0.12717028707265848,0.0524234380573034,0.1369710713624954,0.0740744844079017,0.1121212318539619,0.0399308092892169,1.0,0.001217241268022875,normal
0.1411006934940815,0.0233112564310431,0.2331646829843521,0.0782105401158332,0.1613916754722595,0.0403283610939979,1.0,0.0014928780437911998,normal
0.17538044601678845,0.013617334421724001,0.2474810928106308,0.0148093486204743,0.1612836420536041,0.005875252187252,1.0,0.0015626667300239,normal
0.14357448369264594,-0.029162827879190403,0.2454161792993545,-0.0416010059416294,0.1443353444337844,-0.0203614104539155,1.0,0.001439843414118475,normal
0.1257567256689071,-0.0519054420292377,0.2047571986913681,-0.0793433934450149,0.125170886516571,-0.0425434634089469,1.0,0.0013435917499009,normal
0.09018841385841364,-0.058418083935976,0.1338901221752166,-0.0616242364048957,0.1025399565696716,-0.0434321835637092,1.0,0.001793106959667,normal
0.08713471889495845,-0.0596433244645595,0.0703263953328132,-0.0541844218969345,0.0926847234368324,-0.0408473648130893,1.0,0.00127603962027925,normal
0.10115714371204376,-0.0620731562376022,0.031395848840475,-0.0261050146073102,0.1111049801111221,-0.0362063236534595,1.0,0.001520069228718,normal
0.19836045801639557,-0.038317386992275645,0.0540060363709926,-0.0294739697128534,0.1638945341110229,-0.0352991446852684,1.0,0.003702442627400125,normal
0.17310182005167005,-0.062028827145695645,0.0849739238619804,-0.0220628213137388,0.1712349206209182,-0.0332472510635852,1.0,0.006645421017310525,normal
0.1515203937888145,-0.03872595168650145,0.1068848147988319,-0.0201429892331361,0.1806448400020599,-0.0325168929994106,1.0,0.00264515614253465,normal
0.1749927923083305,-0.02499677729792885,0.1073707342147827,-0.0007999304798431,0.1507172286510467,-0.0104902116581797,1.0,0.0019517649780027247,normal
0.14675925672054285,-0.013421013019979,0.0962655469775199,0.024892633780837,0.133524939417839,0.0006301467656157,1.0,0.0021964324987492996,normal
0.1287467554211616,-0.00886848149821165,0.0790532603859901,0.031952828168869,0.1172547861933708,0.0047272345982491,1.0,0.0016086240211734251,normal
0.11570082977414126,-0.02582017518579955,0.0731015726923942,0.0288784150034189,0.0950184538960456,-0.0010587330907583,1.0,0.0013608387089334001,normal
0.09646262601017949,0.007704763207584651,0.0809520855545997,0.0359242744743824,0.0874220207333564,0.0134170120581984,1.0,0.0017463594122091,normal
0.0692065544426441,0.01350834059121555,0.0658594444394111,0.057230170816183,0.063218668103218,0.0189755409955978,1.0,0.001243610837263925,normal
0.0434558372944593,0.02880505006760355,0.0773617401719093,0.0748184695839881,0.0539410151541233,0.0350710898637771,1.0,0.001045806129695775,normal
0.040648369118571254,0.03234044462442395,0.0748484805226326,0.0709117576479911,0.0486525259912014,0.0351570732891559,1.0,0.00115061251563015,normal
0.0441701244562864,0.027655786834657102,0.0582366399466991,0.0508862137794494,0.0383453369140625,0.0247962530702352,1.0,0.00101452870876525,normal
0.03427664842456575,0.011455614119768101,0.0363494604825973,0.0207621250301599,0.0311857648193836,0.0164387673139572,1.0,0.000820475543150625,normal
0.030814440920948948,-0.00320677249692375,0.0320590697228908,0.005767822265625,0.0307925455272197,-0.0028260720428079,1.0,0.0008833353349473,normal
0.03885291889309875,-0.02939878124743695,0.0376152917742729,-0.029256647452712,0.0274896919727325,-0.0175918377935886,1.0,0.0009971487816073249,normal
0.0568620283156633,-0.043346324935555444,0.0630975365638732,-0.060709174722433,0.0450492464005947,-0.0380826368927955,1.0,0.00092106329975645,normal
0.0595596712082624,-0.04642317257821555,0.0583307184278965,-0.0563779883086681,0.0469147749245166,-0.0403694994747638,1.0,0.0009953721892088,normal
0.3547348380088806,0.11561717092990875,0.0464699938893318,-0.0422136709094047,0.1051105260848999,-0.003791190451011,1.0,0.01841836531821165,normal
0.5865677818655968,0.180094800889492,0.0516959689557552,-0.032571967691183,0.2035628855228424,0.0292051155120134,1.0,0.07236387860029933,normal
0.082327451556921,-0.0393819566816091,0.0582964718341827,-0.0373581387102603,0.0631298720836639,-0.0314359925687313,1.0,0.001483760628616375,normal
0.1085186265408992,-0.05833672545850275,0.0761095732450485,-0.0430353321135044,0.0781275555491447,-0.0389698147773742,1.0,0.002588195100543025,normal
0.15196514129638666,-0.07097201421856875,0.0823931470513343,-0.0404871143400669,0.1006649732589721,-0.0484217032790184,1.0,0.012734656847896925,normal
0.18587030470371246,-0.11289789527654645,0.0986689254641532,-0.0325372852385044,0.123454749584198,-0.0421512722969055,1.0,0.0145520137157291,normal
0.1701726913452148,-0.08556153066456315,0.1018824428319931,0.0043270224705338,0.1113667264580726,-0.0221037995070219,1.0,0.0046789422631263,normal
0.16721834242343903,-0.06199658149853345,0.113652266561985,0.0323740653693676,0.1061235666275024,-0.0027335914783179,1.0,0.003642265452071975,normal
0.1208426728844642,-0.014104934409260752,0.1284913122653961,0.0550379902124404,0.0953184813261032,0.0282495860010385,1.0,0.0020018830982735,normal
0.11151366308331485,0.0323954569175839,0.1586716920137405,0.1041731387376785,0.0999370515346527,0.0520668029785156,1.0,0.0024933995737228248,normal
0.12307064235210416,0.09019115939736361,0.3017777502536773,0.240875706076622,0.1599184572696685,0.1243430450558662,1.0,0.00239142397185785,normal
0.1490110047161579,0.10604254156351085,0.2858519554138183,0.2104113101959228,0.1622888147830963,0.1186529621481895,1.0,0.00329815724398935,normal
0.160423494875431,0.10496985539793965,0.2848007082939148,0.1934476941823959,0.1593422293663025,0.1096217185258865,1.0,0.002404870465397775,normal
0.1805848404765129,0.09068813174962995,0.2399127781391143,0.1172059923410415,0.1492947041988372,0.0787108168005943,1.0,0.001916411856655,normal
0.1733166798949241,0.06458666361868375,0.1891017407178878,0.0840893387794494,0.1376377344131469,0.0477500073611736,1.0,0.0017432795139029002,normal
0.16416527330875394,0.0523084197193384,0.2529546618461609,0.0878873914480209,0.161926120519638,0.0488996766507625,1.0,0.0016840983589645,normal
0.15054156631231305,0.026636154390871497,0.1779787689447403,0.0458669960498809,0.1195300817489624,0.0330373421311378,1.0,0.0015369757311418,normal
0.09344482794404024,0.01100572431460015,0.102289117872715,0.0220785439014434,0.0752384513616561,0.0005251910188235,1.0,0.001065653341356625,normal
0.06997127272188661,0.01003886898979545,0.0653469488024711,0.0025227863807231,0.0560995563864707,-0.0006681905942969,1.0,0.0010277579276589,normal
0.04172950424253935,-0.00440680456813425,0.0379506722092628,-0.0084210019558668,0.0433073118329048,-0.004112449940294,1.0,0.00092866407067045,normal
0.0334384432062506,0.0064870978239923004,0.026857329532504,-0.0225081015378236,0.0409105196595191,-0.00683696847409,1.0,0.0011863542604259748,normal
0.04110307991504665,0.006693318486213649,0.0348651111125946,-0.0327037461102008,0.0413023717701435,-0.0091148586943745,1.0,0.000939382836804675,normal
0.05272432602941985,-0.03252025041729205,0.0639365836977958,-0.0545339882373809,0.0546446219086647,-0.026360074058175,1.0,0.001318994312896325,normal
0.05214590393006795,-0.04138565901666875,0.0723909810185432,-0.0701700821518898,0.0561819449067115,-0.0369848310947418,1.0,0.00100111533538435,normal
0.05144777148962015,-0.03462847694754595,0.0626442059874534,-0.0574669130146503,0.0526762530207634,-0.0290562398731708,1.0,0.001190262861200575,normal
0.03999255690723655,-0.01775709260255095,0.0405619852244854,-0.0354646630585193,0.0427480787038803,-0.0184935498982667,1.0,0.0008956331439548501,normal
0.0443504527211189,0.007033533649519,0.0394011437892913,-0.0200435761362314,0.0456362627446651,0.0015455710235983,1.0,0.0008884974522515499,normal
0.049925498664379106,-0.0022347490303218503,0.0275153312832117,-0.0053114457987248,0.0411675982177257,0.004753319080919,1.0,0.0010140272788703,normal
0.0472370851784944,0.0073866332531906,0.0297532211989164,-0.0118181630969047,0.0412577427923679,-0.0006065368652343,1.0,0.0011098402319475499,normal
0.0444417428225278,0.0032277225982397,0.0234234854578971,0.0006589022814296,0.0320092737674713,0.0062761050648987,1.0,0.000776391781982925,normal
0.0233606109395623,0.004028512397781,0.0196735579520463,0.0040264707058668,0.0220613982528448,0.0049875620752573,1.0,0.00074422910984135,normal
0.026732215657830197,0.00965266814455385,0.0376415289938449,0.0308551210910081,0.0257967766374349,0.0178143270313739,1.0,0.000939632598601675,normal
0.04400425963103765,0.02268620580434795,0.049996018409729,0.0342393368482589,0.0365856550633907,0.0259775724261999,1.0,0.0008075064106378251,normal
0.0349209671840071,0.023844808340072597,0.0698226392269134,0.0465462431311607,0.0395125038921833,0.0244166404008865,1.0,0.000766596225730575,normal
0.04038961604237555,0.01569942617788905,0.0645695924758911,0.0334759354591369,0.051701258867979,0.0260808784514665,1.0,0.0009939487208611751,normal
0.07627146691083905,0.00799680966883895,0.0846395269036293,0.0194470956921577,0.0650256797671318,0.0164889767765998,1.0,0.00109507767774625,normal
0.08837481588125225,-0.0099343969486653,0.0619583912193775,-0.0024737734347581,0.0713645219802856,-0.0041496688500046,1.0,0.001137047132942775,normal
0.08277820423245424,-0.015462041890714298,0.0839095190167427,-0.0226468164473772,0.0822621136903762,-0.0165666118264198,1.0,0.000920641628908875,normal
0.22807176783680916,0.05959557648748155,0.0736640468239784,-0.0254350136965513,0.1007941588759422,-0.0010531657608225,1.0,0.00587004992848955,normal
0.7769497781991959,0.2985726669430732,0.0578591860830783,-0.0340548418462276,0.2538511157035827,0.0507126897573471,1.0,0.09418248541624044,normal
0.0874556005001068,-0.0439992249011993,0.0498686358332634,-0.0471219159662723,0.0540356263518333,-0.0310669969767332,1.0,0.0042283946095267,normal
0.06377711892127985,-0.0459992960095405,0.0729301050305366,-0.0630955547094345,0.0533187538385391,-0.0419628024101257,1.0,0.001484528096625525,normal
0.0969484634697437,-0.0682018660008907,0.072055272758007,-0.0682655125856399,0.0793728232383728,-0.0589516088366508,1.0,0.003311603592010125,normal
0.17095103487372393,-0.1215123571455478,0.0959105119109153,-0.0885277986526489,0.1119731292128562,-0.0756695717573165,1.0,0.012466965592466251,normal
0.23013541847467422,-0.1690183393657207,0.1513225883245468,-0.1241089776158332,0.1564354300498962,-0.1061549857258796,1.0,0.0126423085748683,normal
0.28665260225534434,-0.19035656750202176,0.2803101241588592,-0.175905168056488,0.2206506431102752,-0.1210900396108627,1.0,0.0057154230889864,normal
0.3409744426608085,-0.19077777862548825,0.4307025969028473,-0.2247217297554016,0.3180674314498901,-0.1214463487267494,1.0,0.005568817839957725,normal
0.3331573009490967,-0.10626449435949326,0.3922559022903442,-0.0491786152124404,0.3429625630378723,-0.0439578890800476,1.0,0.00366974453208965,normal
0.40028551220893854,-0.00691125355660915,0.4819388687610626,0.0339323095977306,0.4399278461933136,0.0333033390343189,1.0,0.0046804533340036245,normal
0.5585993528366089,0.0515916775912046,0.4685341715812683,0.1254244744777679,0.4897766709327698,0.0761873424053192,1.0,0.0052587073878384745,normal
0.567259281873703,0.1114048771560192,0.5817540287971497,0.1914279758930206,0.5868628025054932,0.132699504494667,1.0,0.004368024645373175,normal
0.724056601524353,0.0891870111227035,0.6704728007316589,0.1130569949746131,0.5890812277793884,0.0633474811911583,1.0,0.00457905128132545,normal
0.6348045766353607,0.0351474343333393,0.7126263380050659,0.0760382413864135,0.5891289710998535,0.0542084984481334,1.0,0.0062329703359864244,normal
0.6953253448009491,0.2822143211960792,0.4767264425754547,0.1046993359923362,0.4610925018787384,0.1109782010316848,1.0,0.023955946380738124,normal
0.6354630291461945,0.33962713927030563,0.4645450413227081,0.2444106638431549,0.4814850986003876,0.2365937083959579,1.0,0.05541737540625033,normal
0.3630653917789459,0.20884242281317708,0.3571450710296631,0.2522818744182586,0.3028867840766907,0.1704055219888687,1.0,0.006068520713597475,normal
0.2226859927177429,0.14092127606272695,0.2094792872667312,0.1757137477397918,0.2022922039031982,0.130210667848587,1.0,0.0038190796039998254,normal
0.20679447054862976,0.06166682578623289,0.1633971333503723,0.130070075392723,0.1530584841966629,0.0673349723219871,1.0,0.006869000964797974,normal
0.19951214268803596,0.01123643945902585,0.1329275071620941,0.1251590549945831,0.1309429705142974,0.0549363829195499,1.0,0.014957461142330373,normal
0.1366379968822002,-0.0102927689440548,0.2151626795530319,0.1579733192920684,0.1426663845777511,0.072909377515316,1.0,0.0089360839920118,normal
0.3073332235217094,-0.03870948869734995,0.4291167259216308,0.1455059647560119,0.3242422938346863,0.071690633893013,1.0,0.008020796056371125,normal
0.413887083530426,-0.07170585170388215,0.4364032745361328,0.0216554589569568,0.4072017967700958,-0.0120347514748573,1.0,0.006623747554840474,normal
0.45891498029232025,-0.07281839707866315,0.4465745091438293,-0.0128284804522991,0.4307931661605835,-0.0445656664669513,1.0,0.0057751146377995,normal
0.45402571558952326,-0.06404908001422875,0.4307356476783752,-0.0098058525472879,0.4111809730529785,-0.0311787575483322,1.0,0.0038043621461838254,normal
0.3693241477012634,-0.04329241532832385,0.3080295920372009,-0.0397288016974926,0.2941032648086548,-0.0478615649044513,1.0,0.0031608018325641495,normal
0.22518900036811826,-0.04389466601423915,0.2114569246768951,-0.0414724647998809,0.194014772772789,-0.0442356429994106,1.0,0.002240153931779725,normal
0.12956140190362925,-0.022678086534142453,0.0936306715011596,-0.0236132070422172,0.0862719193100929,-0.0241424981504678,1.0,0.0014249260420910502,normal
0.4273099303245544,0.21825132519006724,0.0339346267282962,-0.0010519316419959,0.134839579463005,0.0516947135329246,1.0,0.03025892112054858,normal
0.3624577224254608,0.16059052944183344,0.0612912252545356,0.0085347490385174,0.1581965535879135,0.0565142259001731,1.0,0.04598771331075107,normal
0.1695613265037536,0.046489899046719046,0.2078242152929306,0.0214251894503831,0.1580394506454467,0.0154262231662869,1.0,0.0033786675194277752,normal
0.3029479384422302,-0.0266579240560531,0.313480019569397,0.029439290985465,0.3221538960933685,0.0104848500341176,1.0,0.00515743927098805,normal
0.39828845858573914,-0.013317238946910899,0.2929038405418396,0.0473207421600818,0.3306859135627746,0.0116504980251193,1.0,0.014175472781062076,normal
0.366850696504116,-0.0252318386919796,0.2434845566749572,0.0888251066207885,0.2937614917755127,0.0388280525803566,1.0,0.015651964058633824,normal
0.21270782500505442,-0.0021386572625488,0.1568244397640228,0.1181534305214881,0.1528567224740982,0.044479165226221,1.0,0.006721234036376625,normal
0.0946163814514875,0.013387596234679201,0.1281857639551162,0.122620090842247,0.0891861915588378,0.061036393046379,1.0,0.002343417378142425,normal
0.12735278531908983,-0.012859631795436147,0.1514594554901123,0.0847912430763244,0.0954628586769104,0.0288125108927488,1.0,0.0037143115769139997,normal
0.30030857026576996,-0.02408629469573495,0.3753273487091064,0.0391961298882961,0.3167209327220917,0.0184614844620227,1.0,0.005472142132930425,normal
0.4328006505966186,-0.0359263841528445,0.4055571854114532,-0.0466900467872619,0.4342089891433716,-0.0367198623716831,1.0,0.006898292165715225,normal
0.4421931952238083,-0.10978567972779271,0.3659887611865997,-0.0791117325425148,0.421724796295166,-0.0614564232528209,1.0,0.007690100406762175,normal
0.4199936091899872,-0.05166144110262395,0.2860469222068786,-0.0665047392249107,0.3342422246932983,-0.057338610291481,1.0,0.00607742054853585,normal
0.24790308624505997,-0.042975296266377,0.2255544960498809,-0.0391133613884449,0.2284523993730545,-0.0300985798239707,1.0,0.003187957976479025,normal
0.27026899904012675,-0.04133475013077255,0.2588360905647278,0.0052776914089918,0.238195464015007,-0.0141306696459651,1.0,0.004080480313859825,normal
0.3031340539455414,-0.0142929116263986,0.3070390522480011,0.0258474647998809,0.2525146901607513,0.0040083187632262,1.0,0.0030683656514156003,normal
0.21087123453617096,0.00796795170754195,0.2121204435825348,0.0632578507065773,0.1787563860416412,0.0172935687005519,1.0,0.00278914137743405,normal
0.14656727761030197,-0.0215930361300707,0.0846210345625877,0.0338490791618824,0.0853807255625724,-0.0023191296495497,1.0,0.0016654139908495501,normal
0.052599748596549006,0.0050382986664772,0.0674109011888504,0.0448645390570163,0.0503639355301857,0.0084374919533729,1.0,0.001206952569191275,normal
0.217609841376543,0.0542269963771104,0.3609001934528351,0.193698301911354,0.2912482917308807,0.0998023748397827,1.0,0.00345431477762755,normal
0.403276726603508,0.15612674504518503,0.525303065776825,0.3488325774669647,0.4457238316535949,0.2087086886167526,1.0,0.0051008214359171255,normal
0.40281613171100616,0.2010976746678352,0.4526113867759704,0.3556014597415924,0.359914481639862,0.1910728216171264,1.0,0.0040709814056753505,normal
0.5714685916900635,0.3952988386154175,0.2966754138469696,0.2837519645690918,0.2875367403030395,0.2089920043945312,1.0,0.01675217703450465,normal
0.7431090474128723,0.4589157700538635,0.342338502407074,0.2309695184230804,0.3432572484016418,0.2000640630722046,1.0,0.056833947950508376,normal
0.31247145682573313,0.2186286002397537,0.2681934535503387,0.1271316111087799,0.2223902195692062,0.1263256520032882,1.0,0.010876638669287725,normal
0.30076680332422256,0.16305103898048395,0.4858375191688537,0.2963427901268005,0.2967998385429382,0.1636165976524353,1.0,0.0055287326104007245,normal
0.35789416730403895,0.19605971127748484,0.6137593388557434,0.3609068989753723,0.3967601358890533,0.1978059709072113,1.0,0.00619697873480615,normal
0.6261636018753052,0.5056158900260925,0.8882627487182617,0.6746289730072021,0.5905240774154663,0.4054047763347626,1.0,0.008662771317176476,normal
0.6965821385383606,0.5691885054111481,0.9059136509895324,0.704957902431488,0.613926887512207,0.4257102012634277,1.0,0.008584906347095899,normal
0.4480871111154556,0.31675712019205093,0.752363383769989,0.4241739809513092,0.491058200597763,0.2636919915676117,1.0,0.005434048944152826,normal
0.5074091702699661,0.2629448994994163,0.5159832239151001,0.2633005678653717,0.4070888757705688,0.1698658913373947,1.0,0.0077649414306506,normal
0.5288339108228683,0.16578831523656845,0.5359810590744019,0.1377697587013244,0.4591792821884155,0.0940045565366745,1.0,0.0063007854041642756,normal
0.5956622660160065,0.13504298776388166,0.4975098073482513,0.0908961445093154,0.4560702443122864,0.0615999363362789,1.0,0.004454747017007275,normal
0.4421265423297882,0.0584364645183086,0.3530802726745605,0.1028830781579017,0.3002801239490509,0.0415583439171314,1.0,0.004793005180545125,normal
0.2099346965551376,0.049268117174506146,0.199015125632286,0.0855685174465179,0.1735326796770095,0.0411488302052021,1.0,0.002489105419954225,normal
0.167457677423954,0.06931535527110094,0.120049849152565,0.0744763016700744,0.1127130016684532,0.0541829280555248,1.0,0.0036420826800167,normal
0.1837312653660774,0.0019763272721320503,0.0740278884768486,0.0528735518455505,0.072270281612873,0.0152262095361948,1.0,0.009363260556710823,normal
0.17504571378231043,-0.1060869917273521,0.0580232515931129,0.0058413418009877,0.0952803194522857,-0.0276027377694845,1.0,0.007420190697302975,normal
0.2760822623968124,-0.17984969168901438,0.1079053729772567,-0.068942904472351,0.1362924873828888,-0.0736875757575035,1.0,0.02682834930601525,normal
0.4368245601654053,-0.32054232060909266,0.1644033938646316,-0.1365199238061905,0.1922582536935806,-0.1434977799654007,1.0,0.024551701353630023,normal
0.3448710143566131,-0.26248577982187266,0.1815232187509536,-0.1638738512992859,0.1680595278739929,-0.126945286989212,1.0,0.010827384074218549,normal
0.252932496368885,-0.17638557776808736,0.1255909502506256,-0.1012083142995834,0.1427590996026992,-0.0947889387607574,1.0,0.0036113670794292747,normal
0.1408845670521259,-0.09826618246734135,0.0998637080192565,-0.0790691971778869,0.1177298426628112,-0.0513487122952938,1.0,0.00196394252998285,normal
0.1277814023196697,-0.08747062552720304,0.0751133188605308,-0.071627989411354,0.0919569656252861,-0.0521189719438552,1.0,0.0017169894999823749,normal
0.14439447596669194,-0.12740364298224444,0.2008914351463318,-0.1800407618284225,0.1355435103178024,-0.1121652945876121,1.0,0.0023157816031016,normal
0.2360966801643371,-0.21073218435049054,0.4457375109195709,-0.400422066450119,0.2604090273380279,-0.226929634809494,1.0,0.00355472450610245,normal
0.27031283080577845,-0.2565684914588928,0.3189895749092102,-0.2662848234176636,0.2020376175642013,-0.1671766340732574,1.0,0.003576270304620225,normal
0.2423402741551399,-0.2254882231354713,0.3295830190181732,-0.3011488616466522,0.2067336440086364,-0.1842361688613891,1.0,0.0032168940524569998,normal
0.1997028440237045,-0.18340725451707834,0.2073126286268234,-0.1929228752851486,0.1724728941917419,-0.1464476734399795,1.0,0.002629906375659575,normal
0.13812334090471265,-0.1164823658764362,0.1368820518255233,-0.131654679775238,0.107383407652378,-0.09408600628376,1.0,0.002054563170531725,normal
0.10510382428765294,-0.08359651267528526,0.1086325198411941,-0.1054262071847915,0.0879814252257347,-0.0680949240922927,1.0,0.0013665119768119748,normal
0.10751701518893235,-0.10031831637024874,0.186097577214241,-0.1806894987821579,0.1195450350642204,-0.1074977591633796,1.0,0.0016458844474982,normal
0.15662489831447596,-0.15133689343929285,0.299992024898529,-0.2855566740036011,0.1770085394382476,-0.1617342978715896,1.0,0.0025437877629882998,normal
0.253892995417118,-0.2294640764594078,0.2986511290073395,-0.2840552926063537,0.1978135704994201,-0.1804661154747009,1.0,0.00390518910717215,normal
0.20097257941961283,-0.17937529087066645,0.2585515677928924,-0.2456780672073364,0.1509975790977478,-0.138851061463356,1.0,0.00266537256538865,normal
0.1441543102264404,-0.13569452613592145,0.1361841261386871,-0.1144968643784523,0.0991485267877578,-0.0859566777944564,1.0,0.0014373931335284749,normal
0.07860283181071276,-0.07059478759765625,0.0776227563619613,-0.0744443982839584,0.0698244273662567,-0.0636041983962059,1.0,0.0011007928260368751,normal
0.06035714410245415,-0.05502977408468715,0.0557122267782688,-0.046021431684494,0.0586535595357418,-0.0504049360752105,1.0,0.00123199692461635,normal
0.06761509180068964,-0.04806429427117105,0.0609246827661991,-0.0282444804906845,0.0637030825018882,-0.0382189378142356,1.0,0.0010258010297547748,normal
0.080934353172779,-0.048081299290060955,0.056765791028738,-0.0328096337616443,0.0557179264724254,-0.0371582433581352,1.0,0.001262530422536625,normal
0.0688199214637279,-0.0448733586817979,0.0627624541521072,-0.0507678389549255,0.0561452023684978,-0.0413868874311447,1.0,0.00091217411682005,normal
0.49914755672216415,0.14309051027521485,0.0807069614529609,-0.0770171210169792,0.1898520141839981,-0.0042577176354825,1.0,0.024930802246672074,normal
0.5900446176528931,0.18347994238138196,0.1254778951406479,-0.1236105263233184,0.2212317883968353,-0.0100627588108181,1.0,0.05314551948686128,normal
0.11172902211546895,-0.0811211355030536,0.1321221143007278,-0.129610925912857,0.1078383028507232,-0.0790458917617797,1.0,0.001714333251584275,normal
0.143501341342926,-0.0781058147549629,0.1726732403039932,-0.1377762258052826,0.1741409301757812,-0.1005833595991134,1.0,0.0023695197887718,normal
0.23444293439388275,-0.0866932831704616,0.2092369645833969,-0.1190481483936309,0.2189835458993911,-0.0913805589079856,1.0,0.0023413831368088002,normal
0.25421866029500956,-0.102309551090002,0.2925938069820404,-0.1378636211156845,0.2741785645484924,-0.0907337069511413,1.0,0.0020036042260471,normal
0.3007406666874885,-0.12253605201840395,0.2879975140094757,-0.1901411563158035,0.2715361416339874,-0.1283676624298095,1.0,0.0029184913728385747,normal
0.1957939118146896,-0.14351350441575045,0.2860810160636902,-0.2634415924549103,0.2180079072713852,-0.1545526683330536,1.0,0.0024624604848212752,normal
0.19048301875591273,-0.1027479544281959,0.4206753075122833,-0.3506243228912353,0.2324436604976654,-0.1458046436309814,1.0,0.010355928679928149,normal
0.31699260324239725,-0.1866898387670517,0.6044910550117493,-0.3235099017620086,0.3290562629699707,-0.1813591569662094,1.0,0.006714639603160275,normal
0.5847787410020828,-0.2550442442297935,0.5962903499603271,-0.2186565995216369,0.4669871926307678,-0.1591171026229858,1.0,0.023203222663141725,normal
0.6500033289194107,-0.21672009676694864,0.4167608916759491,-0.0515206083655357,0.4583671689033508,-0.0826092287898063,1.0,0.030895314877852752,normal
0.523471936583519,-0.14550421759486193,0.2459374964237213,-0.0510027334094047,0.3365589082241058,-0.0540061108767986,1.0,0.00922548223752525,normal
0.36260817945003504,-0.16403212398290629,0.3220274746417999,-0.1072632744908332,0.3064774572849273,-0.1047727242112159,1.0,0.00429094594437625,normal
0.4606126546859741,-0.20618665963411326,0.6099231839179993,-0.3817716538906097,0.4275436103343963,-0.2033935785293579,1.0,0.00462016573874275,normal
0.5998270809650421,-0.3254485577344894,0.675645649433136,-0.2895456850528717,0.5116570591926575,-0.2033373862504959,1.0,0.007026623585261349,normal
0.5776033103466034,-0.20025516301393503,0.3922393321990967,-0.1748601794242859,0.3915670812129974,-0.1216713190078735,1.0,0.0080583279486745,normal
0.43102164566516876,-0.1088081020861864,0.2135975062847137,-0.0608173720538616,0.2866953909397125,-0.0481248795986175,1.0,0.0046402999723795255,normal
0.27305894345045084,-0.09679756499826905,0.2684599757194519,-0.168217048048973,0.2148319780826568,-0.0819972306489944,1.0,0.003952981234760875,normal
0.18315805494785303,-0.1235365681350231,0.3860359191894531,-0.374756783246994,0.2091547846794128,-0.1818164139986038,1.0,0.00306647218530995,normal
0.5663916915655136,0.004575684666633606,0.4386897087097168,-0.4325603246688843,0.3367547690868377,-0.1808822154998779,1.0,0.034414939000271205,normal
0.5764129757881165,-0.0667303334921598,0.4708532691001892,-0.4512537121772766,0.3993858098983764,-0.2073261141777038,1.0,0.05188392568379636,normal
0.22606375813484192,-0.2045435085892677,0.3901186883449554,-0.3823653757572174,0.2206117063760757,-0.202362060546875,1.0,0.00327265006490045,normal
0.18017324060201645,-0.16967131197452545,0.2437989562749862,-0.2143679559230804,0.1615714728832245,-0.1385684609413147,1.0,0.0021821051195729,normal
0.12674118578433985,-0.11393886059522625,0.1232621446251869,-0.1097536981105804,0.0957086160778999,-0.0784062594175338,1.0,0.00149560759018635,normal
0.09710519015789029,-0.0792376175522804,0.0620392896234989,-0.055878609418869,0.0639870911836624,-0.0464281663298606,1.0,0.0012263927346793499,normal
0.056796802207827554,-0.048299374058842645,0.0502790473401546,-0.0363223925232887,0.0487709902226924,-0.0350790284574031,1.0,0.001120982153224725,normal
0.060377053916454246,-0.035550849512219346,0.0529546104371547,-0.0329159833490848,0.05402622371912,-0.0343465022742748,1.0,0.0011997467372566002,normal
0.07697835192084304,-0.0185835640877485,0.0572230219841003,-0.0145897138863801,0.0656489357352256,-0.0084015103057026,1.0,0.001690094155492225,normal
0.09383713826537125,0.0026811822317540507,0.0956456437706947,0.0203214697539806,0.0958246961236,0.0034588994458317,1.0,0.001264316757442375,normal
0.11305423453450195,0.0258094036253169,0.1047738716006279,0.0155722880735993,0.104333184659481,0.0160694643855094,1.0,0.0012298905639908748,normal
0.0974984765052795,0.007528361864387949,0.0850537121295929,-0.0040093623101711,0.0838252305984497,0.0034116797614842,1.0,0.00207686441717665,normal
0.11947463080286976,0.0056689903140068,0.0632337182760238,-0.0151279335841536,0.067992016673088,0.0050762281753122,1.0,0.0063244685006793,normal
0.1193679757416248,-0.0290490500628948,0.0189457517117261,-0.0115892812609672,0.0448725298047065,-0.0110536525025963,1.0,0.004353507858468175,normal
0.20626728236675257,-0.0645488146692514,0.0402195304632186,0.0074971518479287,0.1063286736607551,-0.0151538336649537,1.0,0.02492648281622672,normal
0.22124785184860224,-0.1039614640176296,0.0932875350117683,-0.0073612099513411,0.1247017607092857,-0.0241689942777156,1.0,0.008471682827803275,normal
0.30845609307289124,-0.20022241026163098,0.139644056558609,-0.0673481300473213,0.163761019706726,-0.0827716141939163,1.0,0.009514181525446426,normal
0.17949350178241724,-0.1251825466752052,0.0767418444156646,-0.0427070371806621,0.1050837785005569,-0.0477854758501052,1.0,0.003593440967961175,normal
0.11055250093340871,-0.07712022587656969,0.0893764570355415,-0.0499064140021801,0.0891388282179832,-0.0311920586973428,1.0,0.001301689422689325,normal
0.14696973562240595,-0.0970591492950916,0.1362550854682922,-0.0803116336464881,0.1292364746332168,-0.0638777241110801,1.0,0.001616444511455425,normal
0.267912894487381,-0.1478635482490062,0.2027968168258667,-0.0653533935546875,0.1898749023675918,-0.0651073977351188,1.0,0.005068684607977,normal
0.13526579365134234,-0.03749763593077655,0.2087744176387787,-0.0007472182624042,0.1618227362632751,-0.0167872458696365,1.0,0.0018120609602191497,normal
0.1830855831503868,-0.03690591175109145,0.2601994574069977,0.0238379277288913,0.1727405488491058,-0.0018562111072242,1.0,0.001946223870618225,normal
0.1619710773229599,-0.0335602220147848,0.2212882041931152,0.0068493466824293,0.1656633466482162,-0.0056578144431114,1.0,0.001948805293068225,normal
0.19142567366361615,0.0108883678913116,0.2315219640731811,0.0302470810711383,0.1937510669231414,0.0081697413697838,1.0,0.00182700215373185,normal
0.21427799016237253,-0.0145973544567823,0.210344135761261,-0.0059305825270712,0.1906370371580124,0.0009265590342693,1.0,0.00252117688069115,normal
0.2316118478775024,-0.0153985974611714,0.2226746678352356,0.0122865615412592,0.2036535888910293,0.0033154874108731,1.0,0.0026595616945996247,normal
0.2113740667700767,0.0039889514446259,0.196201354265213,0.0056610107421875,0.1776926666498184,0.0083763534203171,1.0,0.001598495466168925,normal
0.2458921298384666,0.026632836554199398,0.2076358050107956,0.0223938915878534,0.2027488946914672,0.0107527039945125,1.0,0.002291640965267975,normal
0.2126814723014831,0.013095760717987999,0.2051411122083664,0.0417392626404762,0.1830020397901535,0.0141241746023297,1.0,0.0016392618999816,normal
0.1824740245938301,-0.0083421405870467,0.2274656146764755,0.0439203418791294,0.1817687898874282,0.0121601205319166,1.0,0.0022006723156664,normal
0.2021637707948684,0.039500692859292,0.1974460035562515,0.0590057373046875,0.1535490006208419,0.0331071391701698,1.0,0.0016476183373014752,normal
0.1373401619493961,0.030502390116453098,0.1797562837600708,0.077392578125,0.1278383731842041,0.0383845157921314,1.0,0.0012081485620000752,normal
0.12135863304138181,0.04617883823812005,0.1640083491802215,0.1015588045120239,0.1029049009084701,0.0473808087408542,1.0,0.001961980364285375,normal
0.10965673997998229,0.05803174152970305,0.1387654989957809,0.1114261522889137,0.0890528634190559,0.0529589280486106,1.0,0.0012871554499724249,normal
0.08759861811995501,0.0590506605803966,0.1267678588628769,0.1019379571080207,0.0773075520992279,0.050451535731554,1.0,0.001259612807189075,normal
0.086949061602354,0.0526586230844259,0.1271674633026123,0.1100523993372917,0.0794113650918006,0.0546140931546688,1.0,0.001139198095188425,normal
0.09917388111352915,0.05506111495196815,0.1036126017570495,0.08236925303936,0.0715684592723846,0.0486916191875934,1.0,0.0009526061185169499,normal
0.061096169054508154,0.02678170660510655,0.0595716275274753,0.0452788397669792,0.041544172912836,0.020442446693778,1.0,0.000937091579544325,normal
0.055176118388771955,0.03773908689618105,0.0460015125572681,0.0426524765789508,0.0405009686946868,0.0299697052687406,1.0,0.0009031241643242,normal
0.0487369634211063,0.02423195261508225,0.0555755496025085,0.0496594980359077,0.0379729755222797,0.0225380565971136,1.0,0.0010062305809697,normal
0.056463135406374904,0.03024789551272985,0.0424773283302784,0.0365965887904167,0.0363003835082054,0.0190549287945032,1.0,0.0013221433764556,normal
0.0592989232391119,-0.00342388707213105,0.0546718351542949,0.022908991202712,0.0493971966207027,0.0071388450451195,1.0,0.000929757166886625,normal
0.06866791099309916,0.0173543934943154,0.0635552033782005,0.0198900625109672,0.0630520582199096,0.0184555053710937,1.0,0.0011532279750099,normal
0.0694983713328838,0.012850013095885451,0.048595231026411,0.0376050546765327,0.0556846037507057,0.0168795194476842,1.0,0.00099948153365395,normal
0.06743584573268885,0.02134797023609275,0.0684618577361106,0.0387855283915996,0.061876855790615,0.0223514456301927,1.0,0.0009154136205324248,normal
0.0566466487944126,0.041772348806262,0.0795245245099067,0.0535301454365253,0.0575941912829875,0.0277427472174167,1.0,0.0008947838214225499,normal
0.0832295343279838,0.0350949531421065,0.0781159177422523,0.0460269823670387,0.0643814653158187,0.0317401364445686,1.0,0.000885841422132175,normal
0.07424735277891155,0.01228238269686695,0.0692835599184036,0.0371556133031845,0.0615025609731674,0.0209426879882812,1.0,0.00089722474513105,normal
0.0668251514434814,0.0064110310049727,0.0629923492670059,0.0180913750082254,0.0594329051673412,0.0080751981586217,1.0,0.000884985332959275,normal
0.0807012617588043,0.0074497808673186,0.0853148251771926,0.0337579883635044,0.0739599466323852,0.0150035135447978,1.0,0.0009084942867047751,normal
0.0776700675487518,0.016974302940070553,0.1095953285694122,0.0340002812445163,0.0821052864193916,0.0173385199159383,1.0,0.0010128453286597,normal
0.1123651638627052,0.018281321506947203,0.1382443308830261,0.047913983464241,0.1070986539125442,0.0227865278720855,1.0,0.001470944596803725,normal
0.1139971353113651,0.0259360829368233,0.1443313658237457,0.0617893114686012,0.1090260818600654,0.0318939611315727,1.0,0.001101884045056,normal
0.1312255002558231,0.0540839228779077,0.1679573059082031,0.0816206485033035,0.1213505342602729,0.0378912836313247,1.0,0.0012343650596448501,normal
0.14072693884372706,0.055039849132299354,0.1384280174970626,0.0858283787965774,0.1204225420951843,0.0482051968574523,1.0,0.001309253682848,normal
0.09752424433827395,0.05136651359498495,0.1064998209476471,0.0791066512465477,0.0890093818306922,0.0410504713654518,1.0,0.0011435969063313,normal
0.06601588614284985,0.049806468188762595,0.081464409828186,0.0768520459532737,0.0642415359616279,0.0337839908897876,1.0,0.000918874342460125,normal
0.4231875389814377,-0.0479608224704861,0.4105033278465271,-0.1789413839578628,0.466485321521759,-0.1729735434055328,1.0,0.008541319519281325,blinking
0.4385334402322769,-0.1198041997849941,0.6029934883117676,-0.5073524117469788,0.5070065259933472,-0.303623765707016,1.0,0.008068602415732975,blinking
0.511881023645401,-0.18838667869567866,0.4770433604717254,-0.4266290962696075,0.5185070037841797,-0.3055831789970398,1.0,0.0082425769651308,blinking
0.5901009291410446,-0.25064046680927277,0.6895204186439514,-0.6239616274833679,0.5665158033370972,-0.3715387284755707,1.0,0.009511332988040475,blinking
9.000135898590088,-0.0152592677623033,8.605998992919922,-0.6673893332481384,8.595434188842773,0.139245793223381,0.9541666666666666,0.25392770022153854,blinking
0.8525480031967163,0.3081355392932892,0.6127398014068604,0.3743059337139129,0.6720982789993286,0.3307533264160156,1.0,0.007676071894820726,blinking
0.5797227323055267,0.2614800333976745,0.6028364896774292,0.3551287651062011,0.5305998921394348,0.2707134187221527,1.0,0.00645190768409515,blinking
0.4094143211841583,0.17073787748813624,0.4476158320903778,0.2216069102287292,0.3773916661739349,0.1333930343389511,1.0,0.005594042362645225,blinking
0.20296424627304074,0.0584499025717377,0.3661415576934814,0.1851427108049392,0.2574644684791565,0.0481152795255184,1.0,0.0034164020325987998,blinking
0.24788782745599747,0.1122850603424013,0.3402339220046997,0.2984036207199096,0.2402807772159576,0.112143263220787,1.0,0.007141272304579576,blinking
0.6365551352500916,0.3380032032728195,0.6553986668586731,0.5280550718307495,0.5171910524368286,0.3035232126712799,1.0,0.013263352564535976,blinking
0.6444718241691589,0.48478808999061584,0.7607592344284058,0.5570521950721741,0.5869264006614685,0.4096418619155884,1.0,0.010948763112537499,blinking
0.32224874198436737,0.3119467496871948,0.4902412295341491,0.441184401512146,0.3575190603733063,0.326888233423233,1.0,0.004721960169263149,blinking
0.5384664237499237,0.3552068918943405,0.3416577577590942,0.2957344949245453,0.4565864503383636,0.3437329232692718,1.0,0.0059789408696815,blinking
0.7290230989456177,0.20969759672880164,0.6706244349479675,0.2328612506389618,0.7390789985656738,0.2215379476547241,1.0,0.0062513829907401754,blinking
0.7782199680805206,0.10995506215840575,1.0553916692733765,0.0797569081187248,0.8947247862815857,0.0717295631766319,1.0,0.0069644917384721,blinking
1.1725375652313232,-0.025202561169862754,1.1186127662658691,-0.0763092041015625,1.0603958368301392,-0.0793392807245254,1.0,0.0091441721306182,blinking
1.6133040189743042,-0.1635351777076721,1.7288730144500732,-0.1909711807966232,1.4706817865371704,-0.147537425160408,1.0,0.011047500651329699,blinking
1.6182302832603455,-0.1127163842320442,1.6594568490982056,-0.1258235871791839,1.4633415937423706,-0.1262526214122772,1.0,0.0095573971047997,blinking
1.5835580825805664,0.08949397131800654,1.2834080457687378,0.0860771760344505,1.3152813911437988,0.099051222205162,1.0,0.012682319968007425,blinking
1.306259036064148,0.26700500398874283,1.0277793407440186,0.1963352262973785,1.049098014831543,0.2273581624031067,1.0,0.007677833666093626,blinking
0.7304105758666992,0.0584997572004795,0.3515710234642029,0.0299303103238344,0.4647871851921081,0.0607307851314544,1.0,0.00456776842474935,blinking
0.3495918288826942,-0.09928778372704986,0.1861990392208099,-0.1267422437667846,0.1944408565759658,-0.0656421035528183,1.0,0.007322045858018049,blinking
0.2882332876324653,-0.24465053528547281,0.5361045002937317,-0.4849963188171386,0.369143396615982,-0.3041562438011169,1.0,0.007622549310326525,blinking
0.6457809507846832,-0.5227381139993668,0.959181785583496,-0.7207046747207642,0.8261630535125732,-0.5829805135726929,1.0,0.009061784367076975,blinking
0.9034301042556763,-0.5260462313890457,0.8638255000114441,-0.4860753715038299,0.8451435565948486,-0.4555290639400482,1.0,0.011351179913617625,blinking
0.881755143404007,-0.388996347784996,0.8707308769226074,-0.4715666174888611,0.8628423810005188,-0.3990966379642486,1.0,0.00821722147520625,blinking
0.8233837187290192,-0.2126980274915695,0.6274034976959229,-0.1862706840038299,0.6920692324638367,-0.1842607259750366,1.0,0.0061710653244517,blinking
0.7996138334274292,-0.10843977890908715,0.7624559998512268,-0.0260029323399066,0.6929382681846619,-0.0660010874271392,1.0,0.0072404132224619,blinking
0.7051739990711212,0.1512706279754638,0.855242133140564,0.2114746868610382,0.659734845161438,0.136161208152771,1.0,0.010601115762256025,blinking
1.1294941306114197,0.6102724820375443,0.6232578158378601,0.264931708574295,0.7205986380577087,0.3219012320041656,0.9774797570850204,0.0954098000656813,blinking
0.6257331967353821,0.28902400285005564,0.4251614212989807,0.1972941905260086,0.397522360086441,0.1661598682403564,1.0,0.023610687931068176,blinking
0.30658816546201706,-0.09705329500138755,0.1776215434074401,0.146340787410736,0.1899493336677551,-0.0003021240117959,1.0,0.017495246313046626,blinking
0.25452008843421936,-0.15188914537429804,0.1337177157402038,0.1107165962457656,0.1692734658718109,-0.0155167644843459,1.0,0.0146429339947644,blinking
0.16332528367638585,-0.00036268122494224897,0.2778162956237793,0.1053474619984626,0.2246930003166198,0.0470359288156032,1.0,0.0031917420565150253,blinking
0.28433799743652344,0.19221632927656168,0.3503513038158417,0.1174836754798889,0.3072918653488159,0.1351163685321808,1.0,0.013088625215459549,blinking
0.8544987738132477,0.5931380391120911,0.3472607433795929,0.2128874957561493,0.5446516275405884,0.3572837114334106,0.9758333333333332,0.1096266951644793,blinking
0.20536884665489194,0.15793063491582865,0.3652739226818084,0.2673555016517639,0.2910849153995514,0.2025952786207199,1.0,0.004623660992365275,blinking
0.36784087121486664,-0.06692432053387165,0.2065089792013168,0.174564853310585,0.2677795588970184,0.0416944362223148,1.0,0.0239832257502712,blinking
0.3376789838075638,-0.21336105465888974,0.1039647459983825,0.0803038775920867,0.2033786624670028,-0.0523256883025169,1.0,0.02087594586191695,blinking
0.22723073512315745,-0.11731057614088054,0.1353479176759719,0.1016990467905998,0.1698839515447616,-0.0058705098927021,1.0,0.009654107358073774,blinking
0.21888492256402967,0.0774666834622621,0.4088238477706909,0.3204705715179443,0.3202124238014221,0.1935035139322281,1.0,0.0039955700631253,blinking
0.4285278022289276,0.2469498515129089,0.7203003168106079,0.5856886506080627,0.5771278142929077,0.4223622381687164,1.0,0.0045041799312457,blinking
0.6610807776451111,0.5650756061077118,0.6059360504150391,0.4761098325252533,0.5466683506965637,0.4480267167091369,1.0,0.01790164981503035,blinking
0.7100031971931458,0.5798695683479309,0.2942849993705749,0.254783034324646,0.4253957271575928,0.348491370677948,1.0,0.05502199166221541,blinking
0.44111327826976776,0.3245262578129768,0.1158138662576675,0.0996993631124496,0.2259568721055984,0.1782432794570922,1.0,0.03739519364899022,blinking
0.11422105133533475,0.08014062047004696,0.0539971143007278,0.0278406385332345,0.0823370516300201,0.0480278618633747,1.0,0.0033302779775112746,blinking
0.1296563073992729,0.014084537513554051,0.0982587486505508,-0.0188935101032257,0.1351075321435928,-0.0126876831054687,1.0,0.0032530560274608,blinking
0.1861234158277511,-0.062097979709506,0.1665063202381134,-0.089482232928276,0.198956698179245,-0.0744121670722961,1.0,0.002296688617207075,blinking
0.19340033829212183,-0.0673913918435573,0.1771386414766311,-0.1088475957512855,0.197415754199028,-0.0939976423978805,1.0,0.002740824362263025,blinking
0.16114134341478345,-0.10669799894094459,0.1505367159843444,-0.1160560026764869,0.1742516010999679,-0.1079441756010055,1.0,0.0016341812151949501,blinking
0.2336248978972435,-0.19247759878635406,0.1326854228973388,-0.1248896643519401,0.1867145150899887,-0.1318751126527786,1.0,0.0051247406227048,blinking
0.4215865731239319,-0.36504682898521423,0.2288275510072708,-0.1991690546274185,0.3092991709709167,-0.2301720231771469,1.0,0.04436606122180818,blinking
0.746496170759201,-0.5515574067831039,0.3549085855484009,-0.244267389178276,0.518153965473175,-0.3273773193359375,1.0,0.059126647538505425,blinking
0.6104788035154343,-0.5393997728824615,0.578241765499115,-0.4230323135852813,0.5479826927185059,-0.4072645008563995,1.0,0.034582447726279476,blinking
0.5332281142473221,-0.4661981910467148,0.5307219624519348,-0.3649076819419861,0.4599384069442749,-0.3523827493190765,1.0,0.01845150860026475,blinking
0.42865386605262756,-0.3851102739572525,0.4522975087165832,-0.3489810228347778,0.3576582372188568,-0.2683435380458832,1.0,0.009178828448057124,blinking
0.4947846382856369,-0.4725889414548874,0.2656303644180298,-0.220131903886795,0.2693292796611786,-0.2366784512996673,1.0,0.010411996103357475,blinking
0.23634588718414307,-0.2250310406088829,0.1134719997644424,-0.0743357315659523,0.1312613636255264,-0.0869974717497825,1.0,0.0025841445021796746,blinking
0.1048032864928245,-0.0368342604488134,0.2347194701433181,0.0657994225621223,0.2026587128639221,0.0300287809222936,1.0,0.0021421854908112,blinking
0.38384048640727997,0.11218831315636629,0.6675863862037659,0.3470736742019653,0.6003972887992859,0.2625775635242462,1.0,0.005316743743605875,blinking
0.6513442993164062,0.27622517198324203,0.7143744230270386,0.3367958962917328,0.6523582339286804,0.2967271506786346,1.0,0.005475120560731675,blinking
0.6209611892700195,0.14978321641683576,0.7531014084815979,0.2342979162931442,0.6470561623573303,0.1840201765298843,1.0,0.005488396331202175,blinking
0.6887034773826599,0.1204566955566406,0.805131196975708,0.0206877887248992,0.6363605260848999,0.0504705086350441,1.0,0.0058822156861423995,blinking
0.5512803345918655,0.0182868367992341,0.6954498887062073,0.0104870917275547,0.5685963034629822,0.0306944977492094,1.0,0.0053282604785635755,blinking
0.5030921250581741,0.0022165762493386995,0.4656288027763366,0.1066730171442031,0.4478970170021057,0.0561492517590522,1.0,0.004998661519493876,blinking
0.33447785675525665,-0.08781710639595985,0.3419122397899627,0.139435201883316,0.3067038655281067,0.0524421893060207,1.0,0.00359592324821275,blinking
0.2157109677791595,-0.08890988118946544,0.2444866597652435,0.1878188699483871,0.19997239112854,0.0612135194242,1.0,0.0048871200997381995,blinking
0.1497216075658798,-0.09066915139555926,0.2986799776554107,0.2715086340904236,0.1826101988554,0.0895158946514129,1.0,0.008490352134685901,blinking
0.1656366810202598,-0.0614708717912435,0.5222253203392029,0.374664306640625,0.3145296275615692,0.1690125316381454,1.0,0.006333752535283526,blinking
0.16564665362238878,0.008089348673820499,0.4605065882205963,0.3327037990093231,0.2919679284095764,0.1676060408353805,1.0,0.0038791547412983752,blinking
0.15632826834917066,0.04684459231793875,0.4575004577636719,0.358909398317337,0.3186599016189575,0.2180396467447281,1.0,0.0040787050966173,blinking
0.25811867415905,0.16173447668552396,0.5574542284011841,0.5100324749946594,0.4530875086784363,0.3391754627227783,1.0,0.0076473944354801746,blinking
0.45756031572818756,0.37148405611515045,0.865258514881134,0.844163179397583,0.7386056184768677,0.6285839676856995,1.0,0.010608893586322601,blinking
0.8505139052867889,0.743899792432785,1.220286250114441,1.2017446756362915,1.0793824195861816,0.9488661289215088,1.0,0.011891804402694075,blinking
0.9708788096904755,0.8819759786128998,1.430134415626526,1.424940824508667,1.2087184190750122,1.1021175384521484,1.0,0.0107288063736632,blinking
1.0363548398017883,0.9699234068393707,1.4046379327774048,1.3812310695648191,1.1723155975341797,1.0920727252960205,1.0,0.012055990751832649,blinking
0.9370348155498505,0.9129704236984253,1.481728434562683,1.4404312372207642,1.1312458515167236,1.0655076503753662,1.0,0.009484409354627077,blinking
0.922186404466629,0.867365837097168,1.408801794052124,1.344484806060791,1.0376925468444824,0.987190842628479,1.0,0.0084473671158775,blinking
0.7045789957046509,0.6571297943592072,1.1153128147125244,1.0197206735610962,0.774452805519104,0.7037370204925537,1.0,0.008841428207233501,blinking
0.5136189460754395,0.42852701246738434,0.7445611953735352,0.6063956022262573,0.5306864380836487,0.4480883479118347,1.0,0.006767625862266825,blinking
0.3211269006133079,0.237872377038002,0.3129644989967346,0.2430541217327118,0.2244045138359069,0.1792462319135666,1.0,0.0053548966534435255,blinking
0.1404148787260055,0.1109587028622627,0.1276314109563827,0.0906970649957656,0.1172785013914108,0.0937050506472587,1.0,0.00155191318481225,blinking
0.0901043526828289,0.04259879700839515,0.0628575161099433,-0.012719178572297,0.0716460943222045,-0.0074073174037039,1.0,0.00131357903592285,blinking
0.10691082850098604,-0.02723031304776665,0.1683139503002166,-0.1527541726827621,0.1637779474258422,-0.1055462807416915,1.0,0.00181318668182935,blinking
0.16612790897488594,-0.0686120949685573,0.2982253432273865,-0.2763820588588714,0.2702057361602783,-0.1984935402870178,1.0,0.002813570928992625,blinking
0.43300044536590576,0.0790361277759075,0.2705806791782379,-0.244424283504486,0.3753433227539062,-0.127822458744049,0.9886363636363636,0.03629191662184893,blinking
0.7724387943744659,0.25180771946907043,0.2563449740409851,-0.2239015996456146,0.4708826839923858,-0.0549045614898204,0.9290879225089752,0.1437284744752105,blinking
0.1937494501471519,0.05578947439789775,0.2172468900680542,-0.2094973027706146,0.2194162011146545,-0.0907021090388298,1.0,0.007439528359100175,blinking
0.09138753265142435,-0.0367369819432497,0.2714517414569855,-0.2548777163028717,0.1997297406196594,-0.1579937934875488,1.0,0.0029271598323247997,blinking
0.12531895190477366,-0.0760860554873943,0.3264883756637573,-0.3114666938781738,0.2466704398393631,-0.206046313047409,1.0,0.0031629383738617754,blinking
0.125383086502552,-0.09256123751401896,0.2688478529453277,-0.25616455078125,0.1939866840839386,-0.1640096306800842,1.0,0.0025214905035681498,blinking
0.11712847277522084,-0.09577186405658715,0.1853007078170776,-0.1767527312040329,0.1393556594848632,-0.1170809045433998,1.0,0.001982288056751675,blinking
0.09595257788896555,-0.07821206375956535,0.1128717437386512,-0.1082568019628524,0.1101954206824302,-0.0914212092757225,1.0,0.001297716517001325,blinking
0.11822039633989329,-0.08031017333269115,0.0800776854157447,-0.063818909227848,0.097838319838047,-0.0669452473521232,1.0,0.0039401672838721,blinking
0.24191194772720334,-0.19469365477561945,0.0656614303588867,-0.0202167220413684,0.1573499888181686,-0.0895007476210594,1.0,0.020672355094575302,blinking
0.3271143473684788,-0.1351749431341886,0.1217252388596534,0.0053644427098333,0.2182872146368026,-0.0527307204902172,1.0,0.0401796845544595,blinking
0.2996565923094749,-0.18509978428483004,0.1213824227452278,-0.014373779296875,0.1725511401891708,-0.0736599788069725,1.0,0.041852394992019905,blinking
0.22477009892463679,-0.146376121789217,0.1002949029207229,-0.0433423928916454,0.1290673911571502,-0.0733421221375465,1.0,0.0072217802226077245,blinking
0.1198090389370918,-0.09462047368288035,0.1071474850177764,-0.0678718760609626,0.1034893095493316,-0.0667507573962211,1.0,0.0017519329558126251,blinking
0.17913290858268735,-0.145341157913208,0.1392793804407119,-0.105287991464138,0.1341420412063598,-0.1031066477298736,1.0,0.00233734355424525,blinking
0.15562307834625239,-0.1344294361770153,0.199883371591568,-0.1636587232351303,0.1709857136011123,-0.1381186842918396,1.0,0.002376660791924175,blinking
0.21904792636632917,-0.16653502732515335,0.2533005774021148,-0.218571200966835,0.2259019911289215,-0.1718567311763763,1.0,0.0037206951819825497,blinking
0.23263461887836454,-0.1719522178173065,0.2901360988616943,-0.2591243684291839,0.2651441097259521,-0.2118846178054809,1.0,0.0031104439403861254,blinking
0.29749175906181335,-0.222461849451065,0.2758761644363403,-0.2317407131195068,0.283659815788269,-0.2106858342885971,1.0,0.0033723906381055,blinking
0.2822590172290802,-0.1256642527878284,0.2655565440654754,-0.1501014977693557,0.2709205150604248,-0.1218859180808067,1.0,0.0033101050648837995,blinking
0.28734513372182846,-0.05904134176671505,0.3700491786003113,-0.0924514383077621,0.3329771757125854,-0.0478745587170124,1.0,0.0032180821872315997,blinking
0.4212244153022766,-0.01758789876475925,0.3510144650936126,-0.0442027561366558,0.3883105218410492,-0.0453209690749645,1.0,0.00322920148028055,blinking
0.40398755669593805,-0.08341815322637555,0.3876342177391052,-0.1497524976730346,0.3890025317668915,-0.1391752064228058,1.0,0.00425999274011695,blinking
0.4159929603338241,-0.17694071680307386,0.4429106116294861,-0.2497609406709671,0.4285996258258819,-0.2207179516553878,1.0,0.00345632876269515,blinking
0.3519529551267624,-0.1548175439238548,0.3494839668273926,-0.2086596339941024,0.3359700739383697,-0.1753469109535217,1.0,0.0039538875862489995,blinking
0.2432835847139358,-0.0754739623516798,0.2457358539104461,-0.1213257610797882,0.2373445034027099,-0.1015195176005363,1.0,0.0024080414441413752,blinking
0.17060246318578715,-0.0542722214013338,0.1769260168075561,-0.0640153139829635,0.1552333384752273,-0.0459826849400997,1.0,0.0018192847492172998,blinking
0.12761170044541356,-0.0013069449923932505,0.1390501409769058,-0.0251449197530746,0.1106005012989044,-0.0120666930451989,1.0,0.00142030561983115,blinking
0.07503191381692886,-0.0009738199878484,0.0917211696505546,0.0049504986964166,0.0739345178008079,0.0023700552992522,1.0,0.001275820133741925,blinking
0.05816302821040149,0.00955519353738055,0.039931546896696,0.015467326156795,0.0363348983228206,0.012614076025784,1.0,0.00098596404131965,blinking
0.03046802058815955,0.0213750703260302,0.0301382821053266,0.0191216096282005,0.029547294601798,0.0180479232221841,1.0,0.001045449360390125,blinking
0.0699832197278738,0.0251342179253697,0.0376050733029842,0.0062870122492313,0.0599658861756324,0.0135403489693999,1.0,0.0011311954731354,blinking
0.0826926045119762,0.0185433175647631,0.0999212935566902,0.0235044043511152,0.0921375080943107,0.0288032200187444,1.0,0.0014201541489455248,blinking
0.2032074779272079,0.12219173461198805,0.1133724749088287,0.0586316995322704,0.1389684677124023,0.0777759850025177,1.0,0.009558758320053975,blinking
0.8027182370424271,0.5448573529720306,0.1437555998563766,0.098940335214138,0.3685002624988556,0.2570392489433288,0.9705882352941176,0.11599899877910498,blinking
0.3763572052121162,0.2872411124408245,0.2218557298183441,0.17267706990242,0.282200813293457,0.2227306067943573,1.0,0.02300400793319563,blinking
0.21811788529157636,0.15034738928079605,0.1277655512094497,0.092965543270111,0.1525612622499466,0.1132038831710815,1.0,0.002240673376945725,blinking
0.1084977090358734,0.061123657971620546,0.0836762562394142,0.0461245812475681,0.0681813731789588,0.0354285426437854,1.0,0.0019831018435069753,blinking
0.0661029443144798,0.025454712100327,0.0492743514478206,-0.004451653920114,0.0444556325674057,0.0080594345927238,1.0,0.0012345778959570249,blinking
0.0560502335429191,0.00225185789167885,0.0604045651853084,-0.029511671513319,0.0446001030504703,-0.0073472145013511,1.0,0.000944232684560075,blinking
0.1506860852241516,-0.0061024148017167976,0.1194357275962829,-0.0554566979408264,0.1127944737672805,-0.0158543121069669,1.0,0.00238253441057165,blinking
0.25018133968114853,-0.01897498220205305,0.1321163028478622,-0.0680952817201614,0.1460528373718261,-0.0089180096983909,1.0,0.00277417630422855,blinking
0.2955286055803299,-0.01031807763502,0.2257588505744934,-0.0656812638044357,0.2024094015359878,-0.0473656468093395,1.0,0.008173915848601577,blinking
0.40491216629743576,-0.2223059795796871,0.2520428001880646,-0.1066538468003273,0.2785325944423675,-0.1470657140016555,1.0,0.019429785781539925,blinking
0.47660840302705765,-0.31640769541263575,0.1984211653470993,-0.1549827307462692,0.2937547266483307,-0.2102297991514206,1.0,0.027202882134588373,blinking
0.23929617181420323,-0.218861810863018,0.1634434312582016,-0.151977926492691,0.1812492758035659,-0.1662528812885284,1.0,0.0151194752834271,blinking
0.13750842213630676,-0.1274499669671058,0.1021892428398132,-0.0956197902560234,0.1007711887359619,-0.0956844240427017,1.0,0.0025153563474304254,blinking
0.06103960610926146,-0.056361218914389596,0.0500265806913375,-0.0425285920500755,0.0468411818146705,-0.038805466145277,1.0,0.001143800516729175,blinking
0.0500889997929334,-0.0092460628075059,0.0372315235435962,0.0030235876329243,0.0364834144711494,0.0003601934004109,1.0,0.0009483739122515,blinking
0.056924188509583404,0.0119327125430573,0.097967617213726,0.0373942069709301,0.0691296383738517,0.0268640648573637,1.0,0.001157178805442475,blinking
0.0866712778806686,0.005323537159711101,0.0976387709379196,0.0271359961479902,0.0888860747218132,0.01276580337435,1.0,0.00109507692104665,blinking
0.12846541404724116,-0.0050402323249727,0.097430795431137,-0.0237677153199911,0.116363525390625,-0.0164713263511657,1.0,0.0012057427375111252,blinking
0.1670357584953308,-0.03195749968290325,0.1326204389333725,-0.0401787385344505,0.1400639861822128,-0.0514320060610771,1.0,0.001627795310923775,blinking
0.139986976981163,-0.0352923925966024,0.1190978288650512,-0.0624287910759449,0.1137777119874954,-0.0424413532018661,1.0,0.00121507859148545,blinking
0.10604525730013839,-0.01345392852090295,0.1086495071649551,-0.026185255497694,0.1056447252631187,-0.0209954492747783,1.0,0.001115055303671325,blinking
0.09332086518406865,0.0031984117813408505,0.0946587473154068,-0.0191579964011907,0.0847639814019203,-0.0113536138087511,1.0,0.0010805106867337,blinking
0.0692595914006233,0.003507317540424967,0.0637220665812492,-0.0088477497920393,0.0540044493973255,-0.0048557333648204,1.0,0.00099705048341995,blinking
0.054046768695116,0.00923470407724375,0.0485341101884841,-0.0140830799937248,0.0502988956868648,-0.0111064640805125,1.0,0.000910994232981425,blinking
0.15275315940380094,-0.10373450256884095,0.0339525490999221,-0.0237751491367816,0.0905481949448585,-0.0645648762583732,1.0,0.0057506302109686,blinking
0.27488020062446594,-0.19291212782263756,0.0661245584487915,-0.0612284354865551,0.1308728456497192,-0.1087906509637832,1.0,0.0140829675365239,blinking
0.079549616202712,-0.0667390618473291,0.0605218112468719,-0.0571793764829635,0.0604510493576526,-0.0502523519098758,1.0,0.00149631137901445,blinking
0.06815401278436176,-0.049617597833275746,0.0655606612563133,-0.0620273686945438,0.0561650618910789,-0.0504182614386081,1.0,0.00107216744800095,blinking
0.0523417126387357,-0.043032411485910346,0.0443327911198139,-0.0389326028525829,0.036609198898077,-0.0312968492507934,1.0,0.00122362613910805,blinking
0.036811850965023,-0.02578633651137345,0.0326972752809524,-0.0205884110182523,0.0292410645633935,-0.0171302463859319,1.0,0.001146065755165125,blinking
0.054473640397191006,-0.0391290448606014,0.0315933190286159,-0.02483113668859,0.0326399430632591,-0.0242984388023614,1.0,0.0009803811699384249,blinking
0.052296467125415746,-0.037133025936782305,0.0540739931166172,-0.0459238700568676,0.0505669675767421,-0.0412924326956272,1.0,0.0008986235625343,blinking
0.061539968475699355,-0.04942008107900615,0.0521219559013843,-0.0469199940562248,0.0463151559233665,-0.0365940146148204,1.0,0.000985063321422725,blinking
0.0481699928641319,-0.03119125403463835,0.0453449785709381,-0.0395128317177295,0.0411594063043594,-0.0321511290967464,1.0,0.0009261917875846249,blinking
0.042471593245863845,-0.03590053878724575,0.0409014970064163,-0.0245549120008945,0.0370464883744716,-0.0281950179487466,1.0,0.001129709897213575,blinking
0.1357176750898361,0.052773792296648,0.0808405578136444,-0.0597189888358116,0.0759821534156799,-0.0128790624439716,1.0,0.008583074202760999,blinking
0.6608281582593918,0.271226916462183,0.0942788869142532,-0.081490933895111,0.265948474407196,0.0492228902876377,0.9825899843505478,0.11226434593845618,blinking
0.11260486394166944,0.0336714503355324,0.1144281402230262,-0.0909509882330894,0.1006689444184303,-0.0271183550357818,1.0,0.01166969511541535,blinking
0.0829175040125846,-0.0271458653733134,0.1102817133069038,-0.0848302617669105,0.0793124213814735,-0.051202829927206,1.0,0.001727083130390325,blinking
0.03945007547736165,0.0047280105063691,0.0552500821650028,-0.0415500737726688,0.0398770943284034,-0.0241326466202735,1.0,0.0009582805505487502,blinking
0.05667739734053605,-0.00015007425099609895,0.0350143052637577,-0.0282264128327369,0.0337844640016555,-0.00959756039083,1.0,0.0008957418758654501,blinking
0.05616348236799235,0.02522244886495175,0.0254096537828445,-0.0164579730480909,0.0373565070331096,0.00147988460958,1.0,0.001327175879850925,blinking
0.047039056196808746,0.00549175776541235,0.030513385310769,-0.0193450152873992,0.0316000990569591,-0.0036710465792566,1.0,0.0010322564921807001,blinking
0.058244539424777,-0.0182105266721919,0.2136951833963394,-0.0409678928554058,0.1377112716436386,-0.0423019416630268,1.0,0.0012131267576478,blinking
0.15601504966616625,-0.11164634674787519,0.325454443693161,-0.1436266750097274,0.2417725771665573,-0.1306736469268798,1.0,0.0091535560204647,blinking
0.2196031585335731,-0.1606466583907604,0.2083060443401336,-0.1352374702692031,0.1680507957935333,-0.1168646663427352,1.0,0.010141531471162975,blinking
0.3485200032591819,-0.25344423204660416,0.1253563612699508,-0.1138790845870971,0.2153599560260772,-0.1679465174674987,1.0,0.0212148329010233,blinking
0.29170096665620804,-0.2502516135573387,0.1832402646541595,-0.1751814633607864,0.2024229317903518,-0.1769326329231262,1.0,0.00543082406511525,blinking
0.2162223160266876,-0.19484483450651163,0.1926938593387603,-0.1737698316574096,0.1701588183641433,-0.1534214615821838,1.0,0.0034500556066632,blinking
0.2926436811685562,-0.24448613822460175,0.2361218333244323,-0.2180418372154235,0.1920108050107956,-0.1645176410675048,1.0,0.0065803024335764,blinking
0.1409885287284851,-0.12710957229137415,0.1317877769470214,-0.1260301619768142,0.1039845719933509,-0.0984043702483177,1.0,0.0015964924532454001,blinking
0.09593496099114415,-0.08732299879193306,0.1170229688286781,-0.1014204770326614,0.0924752801656723,-0.0770880579948425,1.0,0.0013705656747333,blinking
0.07320920750498765,-0.05238273553550235,0.1678390204906463,-0.0660427808761596,0.1207182183861732,-0.0419304966926574,1.0,0.0012240246724104001,blinking
0.0752312988042831,-0.0346250641159713,0.1902971863746643,-0.0266899690032005,0.1355713605880737,-0.010137285105884,1.0,0.0015840313280932,blinking
0.07477032393217081,-0.0208307895809412,0.1768850684165954,0.0236949436366558,0.126817524433136,0.0126793999224901,1.0,0.001158591243438375,blinking
0.0589625760912895,0.006911543663591151,0.1414472311735153,-0.0009613037109375,0.0997059345245361,0.007096427027136,1.0,0.0009820724226301,blinking
0.0512916482985019,-0.02456353977322575,0.0802896693348884,-0.0132759287953376,0.0666292086243629,-0.0138698033988475,1.0,0.0008030560929909751,blinking
0.0639463402330875,-0.029458289034664603,0.0743201673030853,-0.0233608148992061,0.0652742832899093,-0.0206237789243459,1.0,0.0009011989022837499,blinking
0.0679259449243545,-0.021902226842939798,0.0753785371780395,-0.0121592981740832,0.0707234814763069,-0.0148134501650929,1.0,0.001072387618478325,blinking
0.0891414992511272,-0.0001419067848473501,0.0915333032608032,0.0021338830702006,0.0828839391469955,0.0031664166599512,1.0,0.0012102783512090748,blinking
0.08770604804158205,0.024158223532140248,0.106749415397644,0.0146734779700636,0.0837156996130943,0.0169082637876272,1.0,0.001167390408227175,blinking
0.0810674019157886,0.030099456664174754,0.0802030190825462,0.024894518777728,0.0671457275748252,0.0210634507238864,1.0,0.001305881596636,blinking
0.1319234184920787,-0.001246583648026,0.0610173158347606,0.0178895611315965,0.0780132561922073,-0.0015842983266338,1.0,0.001758479324052975,blinking
0.26422426849603653,-0.1794662177562713,0.050270102918148,-0.0210273936390876,0.1172713413834571,-0.0786810740828514,1.0,0.01777557625609913,blinking
0.1331065483391285,-0.0807850547134876,0.046873815357685,-0.0288430247455835,0.065822884440422,-0.0428000316023826,1.0,0.0022529337875311253,blinking
0.0627028476446867,-0.044395029544830295,0.0539507120847702,-0.0400288887321949,0.0489200316369533,-0.0368430018424987,1.0,0.0010160345700569,blinking
0.04162415303289885,-0.02463465603068465,0.0340090692043304,-0.0171058848500251,0.0331696011126041,-0.0173581801354885,1.0,0.001561125580337775,blinking
0.04736070707440375,-0.0287103401497006,0.0264607332646846,-0.0165491346269845,0.0269587505608797,-0.0172302238643169,1.0,0.001114219187002125,blinking
0.05087436921894545,-0.01541499700397245,0.0410170443356037,-0.0269348919391632,0.0415544174611568,-0.0251523703336715,1.0,0.0008223511395044,blinking
0.05393046885728835,-0.03464364539831875,0.0478502325713634,-0.0335079096257686,0.050298273563385,-0.0332214348018169,1.0,0.001072376762749575,blinking
0.0648514926433563,-0.02782006282359355,0.0508201606571674,-0.0364196002483367,0.05297776684165,-0.0304641723632812,1.0,0.001071353530278375,blinking
0.0616835262626409,-0.031345471739768954,0.0536393523216247,-0.0352458469569683,0.0549662448465824,-0.0280783511698246,1.0,0.000764732605603,blinking
0.04046194255352015,-0.0080880257301032,0.0519892387092113,-0.0227121207863092,0.0455535463988781,-0.0135685512796044,1.0,0.001000385542283725,blinking
0.0558378063142299,-0.0067180261248722,0.0463800020515918,-0.0143186133354902,0.0414013564586639,-0.0104019166901707,1.0,0.000914257616386675,blinking
0.044170711189508396,-0.0028519274201244,0.0646410211920738,-0.0396646335721015,0.0491275601089,-0.0256853383034467,1.0,0.0008941536798374249,blinking
0.46654775738716125,0.2099431045353412,0.0524739548563957,-0.0460471138358116,0.1590438336133957,0.0315442755818367,1.0,0.0576504956115968,blinking
0.4055520221590996,0.1956945434212684,0.0297464746981859,-0.0149133140221238,0.1629772782325744,0.0547653213143348,1.0,0.0540078722260659,blinking
0.08504396304488179,0.0489611155353486,0.0291865970939397,0.0130133992061018,0.0529154166579246,0.0231608804315328,1.0,0.00272723403759295,blinking
0.116402443498373,0.07296561449766155,0.0527450554072856,0.0375248827040195,0.0746854916214943,0.0494781509041786,1.0,0.00154915374878325,blinking
0.13092115893959996,0.0698635634034872,0.0712719485163688,0.0399893745779991,0.0837501436471939,0.0408312119543552,1.0,0.001253799375262975,blinking
0.0977334342896938,0.02724055852740995,0.0552437379956245,0.0145294973626732,0.0602333396673202,0.0147602623328566,1.0,0.0018299910007044,blinking
0.0780345946550369,0.005270176567137249,0.0543208718299865,-0.0073680388741195,0.0581865459680557,-0.0048145838081836,1.0,0.001037575595546475,blinking
0.06583810970187184,-0.02198827406391495,0.0767253413796424,-0.0408129580318927,0.0561767220497131,-0.0220134183764457,1.0,0.0010664008004823,blinking
0.09777003154158585,-0.054832099936902454,0.0752680748701095,-0.0290914680808782,0.0801097974181175,-0.0439825877547264,1.0,0.002545187031500925,blinking
0.15794792398810384,-0.1163954455405473,0.0415988080203533,-0.0060988208279013,0.0878202393651008,-0.0503895357251167,1.0,0.01975322960061015,blinking
0.251742385327816,-0.1007115989923477,0.0291439164429903,0.0088391425088047,0.1240233853459358,-0.0405691973865032,1.0,0.03751815500436345,blinking
0.2127300016582012,-0.13215026818215844,0.0252260938286781,0.0102006960660219,0.07898760586977,-0.0448774062097072,1.0,0.016765847627539125,blinking
0.1530430689454078,-0.11006834916770455,0.03009476326406,0.0010939377825707,0.0562929287552833,-0.0315464548766613,1.0,0.00431644833588505,blinking
0.13337209075689316,-0.1085162907838821,0.0634690895676612,-0.0110199758782982,0.0690001398324966,-0.0392593368887901,1.0,0.002208361416705825,blinking
0.18400824069976807,-0.1650124341249466,0.0579671114683151,-0.0362513624131679,0.0770591497421264,-0.0524209141731262,1.0,0.00240386785299045,blinking
0.1301120184361934,-0.10982459411025039,0.0580608248710632,-0.0352728441357612,0.0691091865301132,-0.0465233922004699,1.0,0.0018864365847548002,blinking
0.08464150503277776,-0.07585392147302625,0.0440542921423912,-0.0295414067804813,0.0486568845808506,-0.0327305383980274,1.0,0.000873817290994275,blinking
0.0411207769066095,-0.030755854211747598,0.0299329720437526,-0.0115642054006457,0.0266529321670532,-0.0184515807777643,1.0,0.0009470392760703749,blinking
0.0313199274241924,-0.0181757910177111,0.0244501791894435,-0.0066340519115328,0.0197581443935632,-0.0073623657226562,1.0,0.0013461156268021498,blinking
0.0377702973783016,-0.027416244149208048,0.0458460785448551,-0.0424433015286922,0.0350916869938373,-0.0303305480629205,1.0,0.000908141199033675,blinking
0.04554771631956095,-0.0280038872733712,0.044832307845354,-0.0356265343725681,0.0425566136837005,-0.0345777235925197,1.0,0.0008712534690857501,blinking
0.0480813980102539,-0.037155270576476995,0.0474350191652774,-0.0428627207875251,0.041244950145483,-0.0371466502547264,1.0,0.0007540052247349499,blinking
0.0316560193896293,-0.00294030888471755,0.0228450447320938,-0.0099690752103924,0.0226123034954071,-0.0126558579504489,1.0,0.001009988860459975,blinking
0.0407895948737859,-0.0227257222868502,0.0257525965571403,-0.0072772684507071,0.0211790222674608,-0.0038323539774864,1.0,0.00074831496749535,blinking
0.0361117077991366,0.0054136390099302,0.0375055149197578,0.0119120283052325,0.0345574282109737,0.0024355207569897,1.0,0.000966271414654275,blinking
0.042653631418943405,0.0015559178427793502,0.0459064319729805,0.0192362461239099,0.0423996932804584,0.0061102733016014,1.0,0.0010846853401744248,blinking
0.06065366044640535,2.2050458937850417e-05,0.0911476835608482,0.0671484544873237,0.0655125826597213,0.0253871381282806,1.0,0.0011107690224889002,blinking
0.04991323687136165,-0.01145611936226485,0.3281305432319641,0.2632567584514618,0.1651996225118637,0.1079452484846115,1.0,0.004731557099148575,blinking
0.03393326140940185,-0.004756224341690551,0.3472400903701782,0.3096024096012115,0.1709243357181549,0.1296131610870361,1.0,0.0064254747121594,blinking
0.02444747369736425,-0.0053570017335005,0.348898321390152,0.2835341095924377,0.1534194201231002,0.1188810095191001,1.0,0.005527943780179999,blinking
0.04212064947932955,0.0212166882120072,0.1515327543020248,0.1177450343966484,0.085277572274208,0.0600352697074413,1.0,0.0023456179114873,blinking
0.0299553861841559,0.02423873543739315,0.0642976462841034,0.0253644119948148,0.0408390797674655,0.0160082131624221,1.0,0.0011894240742548999,blinking
0.04037186875939365,0.0236293720081448,0.6957281827926636,-0.5094213485717773,0.2801550328731537,-0.2248295396566391,1.0,0.024904309553676222,blinking
0.04368355404585595,0.007938998285680999,1.2996386289596558,-1.0736596584320068,0.6410338282585144,-0.5589320659637451,1.0,0.03149564233899577,blinking
0.04186559841036795,-0.01077180728316305,0.8848960995674133,-0.7920238971710205,0.4562171697616577,-0.4024294316768646,1.0,0.011391165840905125,blinking
0.03604742791503665,-0.01236276049166915,0.3668042719364166,-0.3342281281948089,0.2071362286806106,-0.1852837651968002,1.0,0.003742921020602725,blinking
0.049871627241373,-0.014409233815968,0.2610933184623718,-0.1988419741392135,0.1522122174501419,-0.1206900477409362,1.0,0.003386192271136625,blinking
0.05852323956787585,-0.015602022409439049,0.274438738822937,-0.1908944994211197,0.1353305429220199,-0.0947930440306663,1.0,0.0030480780988,blinking
0.09223289787769315,-0.007019820623099749,0.2503929436206817,-0.2177311778068542,0.1318010985851287,-0.0955248177051544,1.0,0.0027746474515879,blinking
0.6020318642258644,0.29000021889805794,0.0969538316130638,-0.0684020221233367,0.2522437274456024,0.0677324533462524,0.9833333333333334,0.0808660291950218,blinking
0.3456181436777115,0.14471473917365069,0.0572469532489776,-0.0006228716229088,0.1606791764497757,0.0522439144551754,1.0,0.030895455740392153,blinking
0.06431433930993075,0.0286151338368654,0.0709818452596664,0.0386524684727191,0.0529798492789268,0.0313690192997455,1.0,0.001511701091658275,blinking
0.06950404495000835,0.054914362728595706,0.0653788521885871,0.0543729327619075,0.0569186396896839,0.0431690774857997,1.0,0.0015495067636947502,blinking
0.0890551656484603,0.055834602564573246,0.0854341462254524,0.0738865807652473,0.0765441879630088,0.0525166094303131,1.0,0.001695609040325475,blinking
0.07037617266178126,0.040447941049933406,0.0821321681141853,0.0693257674574852,0.0689119547605514,0.0565514713525772,1.0,0.00098673271713775,blinking
0.07274924777448169,0.02760629169642925,0.0990645736455917,0.0851577371358871,0.0755126401782035,0.0528392232954502,1.0,0.0017350939160677998,blinking
0.11145673692226406,-0.06934776529669755,0.0535362362861633,0.020660400390625,0.0727696567773819,-0.0179907660931348,1.0,0.0085619316087104,blinking
0.12685256078839294,-0.094526432454586,0.0690987929701805,-0.047432143241167,0.086375668644905,-0.0543112605810165,1.0,0.0074605474219424,blinking
0.2531537748873234,-0.15701342001557345,0.0802098587155342,-0.0673839896917343,0.1397853642702102,-0.0928684771060943,1.0,0.0113949258229695,blinking
0.203395526856184,-0.14087497442960734,0.0778031721711158,-0.0730391293764114,0.1247699484229087,-0.096455380320549,1.0,0.009503230845439175,blinking
0.16779135912656779,-0.1378744058310985,0.0644720867276191,-0.0608180128037929,0.0984990745782852,-0.0812975168228149,1.0,0.00454746515606525,blinking
0.14778477326035494,-0.1086076386272907,0.0340916700661182,-0.0241875275969505,0.078415036201477,-0.0548080429434776,1.0,0.0049182613583979755,blinking
0.1268374025821685,-0.0631417045369744,0.0662645623087883,-0.020742954686284,0.0851758792996406,-0.0357382632791996,1.0,0.0025208313163602248,blinking
0.18023164570331568,-0.1285224054008722,0.0838342532515525,-0.0230290330946445,0.1226760149002075,-0.064768761396408,1.0,0.0048436175420647,blinking
0.1255291029810905,-0.06043246528133745,0.0688999220728874,-0.002592037897557,0.0819123163819313,-0.0187205728143453,1.0,0.002035004479694125,blinking
0.04053047299385065,-0.0110455362591892,0.0671736821532249,0.0277455653995275,0.0533950664103031,0.0183275490999221,1.0,0.000883277069078725,blinking
0.05170367471873755,0.03218206763267515,0.080366775393486,0.0765502154827117,0.0574931427836418,0.0487224049866199,1.0,0.0010909395932685,blinking
0.08550657331943509,0.05439636670053005,0.0924953669309616,0.0890561640262603,0.084266759455204,0.0678867921233177,1.0,0.001294913439778575,blinking
0.09925191849470134,0.0590977370738983,0.1769985854625702,0.1643539816141128,0.1406688690185547,0.1147881671786308,1.0,0.00208550065872255,blinking
0.1084561385214328,0.07916022464632985,0.1919127702713012,0.1807873100042343,0.1571354120969772,0.134634181857109,1.0,0.00200709240743885,blinking
0.09190112724900246,0.07738337665796274,0.1373996436595916,0.1333668977022171,0.1146177724003791,0.1025754660367965,1.0,0.00188358145533125,blinking
0.0746791176497936,0.06602000445127484,0.098596416413784,0.0949644446372985,0.0725970491766929,0.066152736544609,1.0,0.00110761325049675,blinking
0.2693848889321088,0.1394159011542797,0.0433206409215927,0.037358209490776,0.1280973404645919,0.0758754163980484,1.0,0.007021182798780451,blinking
0.0578612927347421,0.005999813554808451,0.0251538697630167,0.0076129618100821,0.0347154885530471,0.0071221487596631,1.0,0.001131371041992625,blinking
0.042391348630189854,0.0007168101146817502,0.035591322928667,-0.023194532841444,0.0386669486761093,-0.0224631167948246,1.0,0.0012298029760131502,blinking
0.06526810862123965,-0.0201601615408435,0.0501441322267055,-0.0371058546006679,0.0583073124289512,-0.0316907614469528,1.0,0.0012325400748522501,blinking
0.0745254755020141,-0.0415511894971132,0.0754616856575012,-0.0421827249228954,0.0743474289774894,-0.0358208790421485,1.0,0.0008171275403583,blinking
0.07906630821526045,-0.03576612100005145,0.0647491216659545,-0.0310539826750755,0.0731656327843666,-0.0347529835999012,1.0,0.00152607995551075,blinking
0.1003560964018106,-0.0006242636591196494,0.0706502571702003,-0.0257662255316972,0.0872304439544677,-0.0160086490213871,1.0,0.0016413514676969,blinking
0.054120710119604995,-0.00055200915085155,0.0421372577548027,0.0026683318428695,0.0458446033298969,0.0010504586389288,1.0,0.00100757536711165,blinking
0.03590205311775205,0.004118109820410601,0.0364421643316745,0.0254935231059789,0.0338035933673381,0.0160245615988969,1.0,0.0010735914256656,blinking
0.0424585212022066,0.03086301777511835,0.0388198532164096,0.0343710109591484,0.033627551048994,0.0266701839864254,1.0,0.0007313869427889249,blinking
0.04279173724353305,0.0290196845307946,0.0406639389693737,0.0321846976876258,0.0309363845735788,0.0205998010933399,1.0,0.0011672905820886998,blinking
0.0330812698230147,0.0198025098070502,0.0281599182635545,0.019807081669569,0.0260183028876781,0.0163648333400487,1.0,0.0007978340145199749,blinking
0.0312059903517365,0.02153986413031815,0.0352588146924972,0.0225200168788433,0.027802612632513,0.014745439402759,1.0,0.0009473797035752249,blinking
0.03836192749440665,0.0258718859404325,0.0428515784442424,0.0344210900366306,0.0355109609663486,0.0254329144954681,1.0,0.001006749240332225,blinking
0.0439370088279247,0.0218498799949884,0.0373653173446655,0.0333095453679561,0.0345587730407714,0.0239722114056348,1.0,0.0009827781905186752,blinking
0.052063513547182,0.0323490505106747,0.049706857651472,0.0442587062716484,0.0426835156977176,0.0323466695845127,1.0,0.001288542116526475,blinking
0.44145892560482025,0.23157177120447156,0.0305808149278163,0.02440389059484,0.1915132105350494,0.1109440401196479,1.0,0.05184923182241613,blinking
0.27939641475677485,0.12454149499535555,0.0318651907145977,0.021424513310194,0.1131256744265556,0.0504993982613086,1.0,0.017756357279722523,blinking
0.07131277397274965,0.01224440895020955,0.0259860027581453,0.0159919932484626,0.0367810167372226,0.0076651438139379,1.0,0.001553458278067325,blinking
0.1196954604238271,-0.0109116690000519,0.0314118042588233,-0.0012093568220734,0.0672075524926185,-0.0070746284909546,1.0,0.0015378246462205,blinking
0.10454247333109376,-0.0085966931656003,0.0443163365125656,-0.0148487584665417,0.058056216686964,-0.0057588848285377,1.0,0.0014812046574661,blinking
0.1271395087242126,-0.04663140419870615,0.0528088100254535,-0.0159219596534967,0.0789180472493171,-0.0329999662935733,1.0,0.0024019277625484,blinking
0.17134064063429827,-0.09412185102701184,0.2063756287097931,-0.0836745053529739,0.1797271370887756,-0.0877489373087883,1.0,0.015349823515862178,blinking
0.14632255584001536,-0.10717962868511674,0.3404710590839386,-0.1330699473619461,0.242958128452301,-0.1224395781755447,1.0,0.007805782835930524,blinking
0.23775712773203844,-0.1569289825856685,0.1247573122382164,-0.0976734682917594,0.1671539545059204,-0.1206937506794929,1.0,0.017852804099675226,blinking
0.15826049819588656,-0.1343838684260845,0.0839067995548248,-0.0768847316503524,0.1051456555724144,-0.0921990498900413,1.0,0.007222766114864476,blinking
0.1595116853713989,-0.12509649246931076,0.0646530911326408,-0.0573014467954635,0.0934252217411995,-0.0792840123176574,1.0,0.005462447821628275,blinking
0.112052496522665,-0.08585934713482855,0.0593920052051544,-0.0574469938874244,0.0695822834968566,-0.061395701020956,1.0,0.00222101666440715,blinking
0.0546867549419403,-0.0403877384960651,0.0604098141193389,-0.0488453395664691,0.0524781048297882,-0.0407882705330848,1.0,0.001647560347919325,blinking
0.05653618648648255,-0.042573207989335005,0.0421533174812793,-0.0139653133228421,0.0380184575915336,-0.0199268888682127,1.0,0.00097361224470655,blinking
0.079627551138401,-0.033358502201735946,0.0501447059214115,-0.0202574115246534,0.0559410601854324,-0.0226226802915334,1.0,0.0012155045405961248,blinking
0.05947902426123615,-0.0428182780742645,0.0608642473816871,-0.0255377348512411,0.0489848852157592,-0.0249816887080669,1.0,0.000804489900474375,blinking
0.049768730998039204,-0.0367314629256725,0.0801557600498199,-0.0418372526764869,0.0634670630097389,-0.0359679087996482,1.0,0.001142065942985875,blinking
0.05512456037104125,-0.023064780980348552,0.0737916007637977,-0.0076372195035219,0.0603850893676281,-0.0113538466393947,1.0,0.00112582303700035,blinking
0.04672017879784105,-0.010081251268275051,0.1098016500473022,0.0164951421320438,0.0817930996417999,0.0080283032730221,1.0,0.001015863599604875,blinking
0.0604700837284326,0.014055492123588899,0.0958490520715713,0.0410477072000503,0.0729672834277153,0.0255117136985063,1.0,0.0009492246754234,blinking
0.04476695694029325,0.0095901805907487,0.0552545934915542,0.0225125830620527,0.0437492579221725,0.0113003319129347,1.0,0.0007154869963414249,blinking
0.02804581820964805,0.0009013586677611004,0.0246011801064014,-0.0002863957197405,0.0235680285841226,0.0020682199392467,1.0,0.0010105437831953,blinking
0.03541822079569095,-0.01378580275923005,0.0269860662519931,-0.018543342128396,0.0251780226826667,-0.0142401559278368,1.0,0.00077702307316935,blinking
0.11204129830002785,-0.0243841223418712,0.0348213203251361,-0.0289674419909715,0.0669865161180496,-0.0244935173541307,1.0,0.0026770042750285253,blinking
0.18620108067989347,-0.1138557326048612,0.0450302548706531,-0.0423380546271801,0.0945614501833915,-0.0653175339102745,1.0,0.004764406141475725,blinking
0.044272985309362356,-0.0242527553346008,0.0327233113348484,-0.0281285997480154,0.033540990203619,-0.0245580393821001,1.0,0.000844584123115025,blinking
0.052911072969436604,-0.0350714605301618,0.0263169761747121,-0.0173132475465536,0.0274256505072116,-0.0123956948518753,1.0,0.000995570866507425,blinking
0.03603629954159255,-0.0137451237533241,0.0195179730653762,0.0033933199010789,0.0211875904351472,-0.0046769278123974,1.0,0.0007701841095694751,blinking
0.0417700810357928,-0.01128236809745425,0.0170751214027404,-0.0057298708707094,0.0249451156705617,-0.0107914516702294,1.0,0.00054215754062165,blinking
0.04799860715866085,-0.008811148814857001,0.0266029201447963,0.0115912025794386,0.0278538614511489,-0.0019411359680816,1.0,0.0007899415213614001,blinking
0.03726340178400275,-0.00893337998422795,0.0327836573123931,0.0024093235842883,0.0273044761270284,-0.0045442855916917,1.0,0.0007728013442829,blinking
0.0260971505194902,-0.00016454490832985,0.0313671678304672,0.0049371966160833,0.0298052318394184,-0.0053389412350952,1.0,0.0008072445125434749,blinking
0.034818235784769,-0.01573245273903005,0.0355468317866325,-0.0057220458984375,0.0305222477763891,-0.0112973898649215,1.0,0.0008943105058278249,blinking
0.056819383054971646,-0.03693954087793825,0.0500907227396965,-0.039736233651638,0.0633580386638641,-0.0451732091605663,1.0,0.000857604340126225,blinking
0.07443000748753545,-0.0501365978270769,0.0621828660368919,-0.0499944426119327,0.0601558126509189,-0.0454074330627918,1.0,0.0008831480663502251,blinking
0.06592558138072485,-0.0304636275395751,0.0714476406574249,-0.0581265948712825,0.0657722428441047,-0.0464605055749416,1.0,0.0008734180300961499,blinking
0.0594132356345653,-0.0372431464493274,0.0479944162070751,-0.0396474190056324,0.0612139366567134,-0.0414873398840427,1.0,0.000889041795744525,blinking
0.05699992552399635,-0.02388192806392905,0.0548291280865669,-0.0450012981891632,0.0603704862296581,-0.0417151302099227,1.0,0.000856478451169025,blinking
0.06666444987058635,-0.0475012827664613,0.0862244442105293,-0.078892633318901,0.0786652192473411,-0.0638346001505851,1.0,0.000795173706137525,blinking
0.06963936612009995,-0.047475220635533305,0.1056047976016998,-0.0988378301262855,0.0933403894305229,-0.0778485983610153,1.0,0.001141561180702375,blinking
0.08307706564664835,-0.0617855619639158,0.1188802495598793,-0.1096879988908767,0.1042999923229217,-0.0873159170150756,1.0,0.0010806815407703998,blinking
0.10975060611963265,-0.05353796295821665,0.0998587161302566,-0.0766871497035026,0.0992905125021934,-0.0619600564241409,1.0,0.0012503378966357002,blinking
0.1058659292757511,-0.0027950190365117846,0.1218844801187515,-0.0401298329234123,0.1211615949869155,-0.0326030179858207,1.0,0.0013033153081777999,blinking
0.28549883142113686,0.08997652353718875,0.128277838230133,-0.0190797466784715,0.168420597910881,0.017163086682558,1.0,0.006681716302409726,blinking
0.7364434003829956,0.2801036164164543,0.1152512729167938,0.0052400245331227,0.3082000613212585,0.0880239754915237,0.9817226890756304,0.09420318447519091,blinking
0.1643951199948787,0.07838691957294941,0.0640860423445701,0.0152067523449659,0.0889247134327888,0.0322846136987209,1.0,0.01023942310712295,blinking
0.07260832190513611,0.02881138678640125,0.0323601551353931,0.0076153096742928,0.0488400980830192,0.0142408730462193,1.0,0.001106725379941,blinking
0.08645094558596611,0.043160097673535305,0.0634781196713447,0.0188242588192224,0.0704485848546028,0.0238827690482139,1.0,0.0013247784954728,blinking
0.12185569852590555,0.024951866711489898,0.1215596571564674,0.0333701893687248,0.1218959018588066,0.0360070951282978,1.0,0.001258791395230175,blinking
0.1155811361968517,0.040947573259472805,0.0806256905198097,0.0353244878351688,0.0982118993997573,0.0418073125183582,1.0,0.0014656504354206249,blinking
0.10989669337868685,0.0409321784973144,0.1146843954920768,0.0872693210840225,0.1066400036215782,0.0690891444683075,1.0,0.0019590110168791752,blinking
0.13894338905811304,0.008817059919238101,0.0818368718028068,0.0735399276018142,0.0956063121557235,0.0415823012590408,1.0,0.009852966235484876,blinking
0.1683059763163328,-0.040866102557629305,0.0572965033352375,0.0497287847101688,0.0974773243069648,0.0083222324028611,1.0,0.011614568225922973,blinking
0.17783378623425955,-0.09664474241435525,0.0213729701936244,0.0142853567376732,0.0809507817029953,-0.0342700257897377,1.0,0.01593686388514465,blinking
0.1765436641871929,-0.13050093129277224,0.0314445421099662,-0.0210117436945438,0.0666573718190193,-0.0487987138330936,1.0,0.01079373726679475,blinking
0.1645516045391559,-0.115414347499609,0.0559302531182765,-0.0402886793017387,0.0846436917781829,-0.0616447329521179,1.0,0.004151827102759824,blinking
0.0792234744876623,-0.049395153298973996,0.076701670885086,-0.0353718288242816,0.072940856218338,-0.0371651016175746,1.0,0.0010851694241864,blinking
0.0772349573671817,-0.01863574981689455,0.0972157716751098,0.0097394110634922,0.0721758008003234,0.0044591045007109,1.0,0.001776768724084775,blinking
0.08028104901313779,-0.00650848681107155,0.103660337626934,0.0288113318383693,0.0827609375119209,0.0217175688594579,1.0,0.0011616722913458499,blinking
0.0698933899402618,-0.0008198875002563,0.1150308772921562,0.017488919198513,0.0845929905772209,0.0109921880066394,1.0,0.001121512192184975,blinking
0.064440444111824,-0.0107628958066925,0.0708408281207084,-0.0076446533203125,0.0567434392869472,-0.0047704726457595,1.0,0.00098034094844475,blinking
0.0541839469224214,-0.0227276254445314,0.0454895123839378,-0.0151069834828376,0.0454441979527473,-0.0172810200601816,1.0,0.0010744990140665002,blinking
0.0497136581689119,-0.0407475065439939,0.0535342134535312,-0.0342301577329635,0.0427950546145439,-0.0293110273778438,1.0,0.0010322467132936751,blinking
0.04154490120708935,-0.032102175988256904,0.0423186495900154,-0.0272381119430065,0.0305020213127136,-0.022256713360548,1.0,0.0009700732553028001,blinking
0.03698026016354555,-0.006161144818179349,0.0398380532860755,0.009335639886558,0.0282130856066942,-0.0017281131586059,1.0,0.0011590907670324,blinking
0.0353386346250772,-0.0117769921198487,0.037959162145853,0.0057103084400296,0.0301193054765462,0.0038076206110417,1.0,0.000863335983012775,blinking
0.032663460820913245,-0.019625595770776202,0.0342914201319217,-0.003077971516177,0.0283390376716852,-0.0051457500085234,1.0,0.0009272133611375001,blinking
0.0430220160633325,-0.0255386484786868,0.0495649501681327,-0.0398763008415699,0.0448686443269252,-0.0322519950568676,1.0,0.00078419345663855,blinking
0.0484350994229316,-0.04219055175781245,0.0624825358390808,-0.0545846000313758,0.0491046272218227,-0.0409105829894542,1.0,0.000959715180215375,blinking
0.052705252543091746,-0.04493318311870095,0.0696619898080825,-0.0579693131148815,0.0503080189228057,-0.0441383682191371,1.0,0.00102127289574125,blinking
0.05630887299776075,-0.04862267710268495,0.0764911100268364,-0.0698077827692031,0.0592152699828147,-0.0469850189983844,1.0,0.0010024005605373,blinking
0.06367307156324385,-0.05472033284604545,0.0654656738042831,-0.0613395497202873,0.0661655291914939,-0.0512773804366588,1.0,0.0009268444409826,blinking
0.09502245485782615,-0.03956808336079115,0.0742111876606941,-0.0582259744405746,0.0859488919377327,-0.0503205023705959,1.0,0.0013423824857454248,blinking
0.10852545127272606,-0.0791687965393066,0.0766217708587646,-0.0559621974825859,0.093502290546894,-0.0563338994979858,1.0,0.001220104299136375,blinking
0.11297105625271789,-0.04494680650532245,0.087027683854103,-0.0613696761429309,0.1075397431850433,-0.0557322837412357,1.0,0.00173985419678495,blinking
0.12539941817522043,-0.038352557690814054,0.1007881164550781,-0.0665478855371475,0.1131550520658493,-0.0644080117344856,1.0,0.001967433461686525,blinking
0.1176831685006618,-0.0734175257384777,0.0968066528439521,-0.0719573199748992,0.1027490347623825,-0.0540709570050239,1.0,0.0011209478398086,blinking
0.07059732452034945,-0.04225785471498965,0.0890619754791259,-0.0762321278452873,0.0802891626954078,-0.0588617734611034,1.0,0.00114988713175985,blinking
0.06905313208699225,-0.055399553850293104,0.0615706332027912,-0.052616998553276,0.0588228590786457,-0.0459025278687477,1.0,0.000898697457159825,blinking
0.0380835942924022,-0.005992616992443799,0.0317548252642154,-0.0212511885911226,0.0301794279366731,-0.0171999726444482,1.0,0.0010251280618831,blinking
0.03179225511848925,-0.023558616638183552,0.0316397994756698,-0.0108063528314232,0.023063588887453,-0.0046118032187223,1.0,0.000629639434919175,blinking
0.03797101043164725,-0.004659925587475301,0.033269815146923,0.0019965539686381,0.0287050195038318,0.0045639257878065,1.0,0.0006646112742600751,blinking
0.04632012173533435,-0.00042745046084745005,0.0471980608999729,0.0042779385112226,0.044550634920597,0.0061282836832106,1.0,0.0008254336426033999,blinking
0.0611711125820875,0.01355436863377685,0.0520930774509906,0.0061336420476436,0.0550064593553543,0.0096076186746358,1.0,0.0014636613341280752,blinking
0.244109246879816,0.11964048631489275,0.0544269867241382,0.0132864927873015,0.0954561159014701,0.045007899403572,1.0,0.013838548722560474,blinking
0.5760270357131958,0.26315225660800934,0.0837233588099479,0.0215931423008441,0.2292202115058899,0.1063508838415145,1.0,0.06835615454474463,blinking
0.11026487872004505,0.0514101292937994,0.0930036306381225,0.0277420431375503,0.0829596146941185,0.0276077929884195,1.0,0.004069336893735375,blinking
0.1028526574373245,0.0493587767705321,0.0708493590354919,0.0132434554398059,0.0782950818538665,0.0268162153661251,1.0,0.00135392371157645,blinking
0.0761245749890804,0.0289344787597656,0.0710194632411003,0.0102355172857642,0.0663811266422271,0.0209127236157655,1.0,0.0012757667282130248,blinking
0.10534487292170525,0.02969012921676035,0.0554739087820053,0.010096232406795,0.059879045933485,0.0140472631901502,1.0,0.001452440774301025,blinking
0.20021956413984293,0.0784045627806336,0.0602386184036731,0.0419601052999496,0.123377189040184,0.0669703856110572,1.0,0.001582159617100775,blinking
0.5234632790088654,0.1123531870543957,0.1699520498514175,0.0952140614390373,0.3070501685142517,0.1548316031694412,1.0,0.0036959206918254,blinking
0.7454448342323303,0.2634156085550785,0.4250321984291076,0.1492278277873993,0.5476101040840149,0.2220906764268875,1.0,0.0058551709516904745,blinking
0.6273779273033142,0.10864114761352535,0.589711606502533,0.1651693433523178,0.5515291690826416,0.1657414138317108,1.0,0.010013660823460625,blinking
0.45627041161060333,-0.04459244851022955,0.4258174002170563,0.0797882080078125,0.3896340429782867,0.0272782929241657,1.0,0.012466338579542898,blinking
0.3756601363420486,-0.09045021794736385,0.3225109577178955,-0.004787347279489,0.3109382688999176,-0.0395187139511108,1.0,0.016835883317980825,blinking
0.3088286593556404,-0.11081082466989756,0.2734375894069671,-0.0680686756968498,0.2551177144050598,-0.092152252793312,1.0,0.014851252897642525,blinking
0.20387943834066385,-0.12803949788212776,0.1546622216701507,-0.042428433895111,0.1504784524440765,-0.0544667989015579,1.0,0.006182972429087325,blinking
0.12303794547915456,-0.057007516734302,0.0821865797042846,-0.00567626953125,0.0781070441007614,-0.0199739765375852,1.0,0.0030953101231716,blinking
0.075725445523858,-0.01669761119410395,0.0328596644103527,0.0182455983012914,0.0389361307024955,0.0061906455084681,1.0,0.0015286415000445501,blinking
0.19980054348707194,-0.0037503242492676,0.1848395615816116,0.0005274063441902,0.1845825463533401,-0.0050203627906739,1.0,0.005132654856424725,blinking
0.47910863161087036,-0.09349434718023986,0.5332440137863159,-0.0834381878376007,0.5240406394004822,-0.1007913798093795,1.0,0.0089740536641329,blinking
0.6450819373130798,-0.2028851509094238,0.6559255123138428,-0.2245287746191024,0.6264896392822266,-0.1976014226675033,1.0,0.0065818790462799,blinking
0.6249412894248962,-0.15778984501957888,0.5712921619415283,-0.207881823182106,0.5641294717788696,-0.1995657235383987,1.0,0.006443020422011575,blinking
0.5020528435707092,-0.13635499030351633,0.5629695653915405,-0.1599868386983871,0.47323939204216,-0.1414232105016708,1.0,0.004470117739401725,blinking
0.38119854032993317,-0.0726217534393072,0.3687436878681183,-0.0465573035180568,0.3190709948539734,-0.0681743919849395,1.0,0.005966193159110775,blinking
0.26604643464088434,-0.049729960039258,0.2104489952325821,-0.0494803413748741,0.1919718384742736,-0.0560918599367141,1.0,0.00415350447292435,blinking
0.13114121556282038,-0.0355701446533203,0.1148007214069366,-0.0168895237147808,0.1045794039964675,-0.0392249301075935,1.0,0.0014273565029724752,blinking
0.08716572448611255,-0.03920936584472655,0.0813459157943725,-0.0329175107181072,0.0766164138913154,-0.0452946089208126,1.0,0.001047302983351925,blinking
0.0583795923739671,-0.0405853139236569,0.0496760495007038,-0.0342379845678806,0.0473357699811458,-0.0375529862940311,1.0,0.0009567554370732501,blinking
0.055284174159169155,-0.043510641902685096,0.0571562014520168,-0.0390206351876258,0.0601742975413799,-0.043130625039339,1.0,0.00098574781441125,blinking
0.09713160246610636,-0.043936934322118704,0.093278020620346,-0.0356625281274318,0.0870757550001144,-0.0368320643901824,1.0,0.00175985915120685,blinking
0.10826881229877469,-0.01912941224873065,0.0912628024816513,-0.0172846876084804,0.0984459519386291,-0.0193031430244445,1.0,0.001692946345428875,blinking
0.09125610440969464,0.018982546404004052,0.0993503034114837,0.011018019169569,0.0979430004954338,0.0037758869584649,1.0,0.001387627722579025,blinking
0.0827991664409637,0.015195096842944601,0.0771429017186164,0.0130153559148311,0.0821091532707214,0.0048382524400949,1.0,0.001740885054459725,blinking
0.06531011685729025,0.0008519036928192,0.0744146928191185,0.004022451583296,0.0708595663309097,-0.0011930604232475,1.0,0.001150301381130675,blinking
0.06437427364289755,-0.0019124574027955497,0.0582069493830204,-0.0176837630569934,0.0626439824700355,-0.0122430771589279,1.0,0.0007423701754305249,blinking
0.04345126450061795,-0.0018684523529373,0.0462143681943416,-0.0041930368170142,0.0474810115993022,-0.0028699792455881,1.0,0.00081580435653445,blinking
0.0289662722498178,-0.0082074576057493,0.0394462421536445,-0.0063022710382938,0.0329764075577259,-0.0070174951106309,1.0,0.000728413389879225,blinking
0.03080791328102345,0.01235566800460215,0.02581069432199,0.0163316000252962,0.0260977894067764,0.0155427353456616,1.0,0.000973495771177075,blinking
0.03478037938475605,0.0252462113276124,0.0301881693303585,0.024261474609375,0.0260824244469404,0.0133683579042553,1.0,0.0009047466737683251,blinking
0.03059108369052405,0.00798777211457495,0.0226104818284511,0.0097746234387159,0.0201841555535793,0.001751554198563,1.0,0.001092731690732725,blinking
0.03527530003339045,-0.01640994194895025,0.0202074255794286,-0.0109526803717017,0.0236171726137399,-0.0077259228564798,1.0,0.000704204445355525,blinking
0.0353999976068735,-0.0006010192446411003,0.0264889895915985,-0.0181587412953376,0.0228145159780979,-0.0120275747030973,1.0,0.0009338717645732001,blinking
0.02485045138746495,-0.00378234032541515,0.0234933160245418,-0.0143495220690965,0.023223714902997,-0.0066119208931922,1.0,0.00101111968979235,blinking
0.053019750863313654,0.022624220116995247,0.0304520893841981,-0.0038013947196304,0.0312197040766477,0.0092633012682199,1.0,0.001102672671549925,blinking
0.5961921662092209,0.25026464462280273,0.0262213479727506,0.0092448694631457,0.1798474341630935,0.0818578749895095,1.0,0.0778020529542118,blinking
0.2085994072258472,0.0944815371185541,0.0169913955032825,-0.0079893451184034,0.074095994234085,0.0287878066301345,1.0,0.0172331353387562,blinking
0.043037250638008104,0.00891017913818355,0.0359977968037128,-0.029726468026638,0.0289080031216144,-0.0136539628729224,1.0,0.0008033179183257,blinking
0.03719795867800705,0.00022023054771125013,0.0430095754563808,-0.0370769016444683,0.0379949025809764,-0.0265332646667957,1.0,0.0011172055674250748,blinking
0.038763603195548,-0.0102325165644288,0.0959313362836837,-0.0883049592375755,0.0664543509483337,-0.048456385731697,1.0,0.001160993851954075,blinking
0.04951570741832255,-0.00606189481914045,0.0559697933495044,-0.0441323295235633,0.0494436435401439,-0.0245761591941118,1.0,0.001122353525715825,blinking
0.041004048660397446,-0.00766107009258115,0.0837901607155799,-0.0782181173563003,0.0566260069608688,-0.0421985127031803,1.0,0.001080848072888275,blinking
0.09540074691176409,-0.0882940962910652,0.1181981042027473,-0.1081030443310737,0.0919917598366737,-0.083136186003685,1.0,0.0026103339914698,blinking
0.15967039018869394,-0.139054499566555,0.1458902060985565,-0.1272770762443542,0.132673367857933,-0.1088544353842735,1.0,0.008533544052625025,blinking
0.2064520977437496,-0.1221818923950195,0.0717064812779426,-0.0642328485846519,0.1149218082427978,-0.0793062299489975,1.0,0.013347960077226124,blinking
0.16973357461392874,-0.10529661178588864,0.0314259342849254,-0.0218138080090284,0.0793976932764053,-0.0521731153130531,1.0,0.024608629973954497,blinking
0.1206827219575643,-0.0717267310246825,0.0248689167201519,0.0154704554006457,0.0493787191808223,-0.0178035795688629,1.0,0.007003726874245274,blinking
0.10668111406266685,-0.0491634095087647,0.043276023119688,0.0242708642035722,0.0495698563754558,-0.0007420415640808,1.0,0.002954823430627525,blinking
0.04917261935770505,-0.0191822733031586,0.0423900075256824,0.0002554868988227,0.0385363809764385,-0.0047374116256833,1.0,0.001357580084004375,blinking
0.08505448326468465,-0.0585083961486816,0.0473577938973903,-0.0247356705367565,0.0603659190237522,-0.0313520580530166,1.0,0.0012412463111104001,blinking
0.0883656181395053,-0.0654187202453613,0.0626360028982162,-0.0500946044921875,0.0687433704733848,-0.0495797879993915,1.0,0.001198375481180775,blinking
0.0736640971153974,-0.0317163467407226,0.0687823966145515,-0.0287072602659463,0.063103087246418,-0.0272875800728797,1.0,0.0012820430420105498,blinking
0.06694326549768445,-0.01251717971172175,0.061475183814764,0.0017132881330326,0.0583107247948646,-0.0023727416992187,1.0,0.0008574554231017251,blinking
0.059273924678564,-0.005214554927079,0.0559504143893718,0.016288561746478,0.0590399876236915,0.006937994621694,1.0,0.0011966607708017501,blinking
0.06753380596637726,0.005969319958239801,0.0769697502255439,0.023284912109375,0.075987160205841,0.0144240893423557,1.0,0.001248359782039125,blinking
0.09041492268443105,0.0048142843879759,0.0910066217184066,0.0300969835370779,0.0842624306678772,0.019548499956727,1.0,0.0015739692607894002,blinking
0.0823113061487674,0.00816127192229035,0.0705850347876548,0.0210414789617061,0.0705571845173835,0.0065836147405207,1.0,0.001181446510599875,blinking
0.0706042703241109,0.00601332541555165,0.0598350688815116,0.0335595533251762,0.0575235113501548,0.0141444550827145,1.0,0.001020977331791,blinking
0.04753384925425044,0.01415525190532205,0.0608615800738334,0.0278062094002962,0.0472432300448417,0.0193850751966238,1.0,0.0011833411699626,blinking
0.0437094252556562,0.0027896335814147502,0.0442859977483749,0.0296208299696445,0.0394263230264186,0.0190114565193653,1.0,0.0008292365382658001,blinking
0.0406965166330337,0.01763377897441385,0.0419597961008548,0.0311478842049837,0.0324012823402881,0.0227298457175493,1.0,0.0011355637252563,blinking
0.03760503791272635,0.0158202988095581,0.0431593284010887,0.0382404811680316,0.0359575524926185,0.0226501245051622,1.0,0.0007380691677098501,blinking
0.0392105877399444,0.022026402875781,0.0530646778643131,0.0453675091266632,0.0498861074447631,0.0357932485640049,1.0,0.000895133343874425,blinking
0.05540377460420125,0.02410541288554665,0.0512686781585216,0.0442931354045867,0.0469271168112754,0.0330057553946971,1.0,0.000812753482023225,blinking
0.03333073854446405,0.0249168528243899,0.0396080650389194,0.0351863764226436,0.0326122492551803,0.0229790732264518,1.0,0.000843777117552175,blinking
0.02738630492240185,0.0062791956588626,0.0403796508908271,0.0181462205946445,0.031918816268444,0.0046228603459894,1.0,0.0007536307384725249,blinking
0.042725365608930546,-0.01001017447561025,0.0336425676941871,-0.0140283042564988,0.0314367264509201,-0.0125815346837043,1.0,0.0007829473179299,blinking
0.0392857184633612,-0.03215912450104945,0.074887029826641,-0.0370428636670112,0.0568061918020248,-0.0315702147781848,1.0,0.000975596005446225,blinking
0.06274224817752835,-0.05054214969277375,0.0857564657926559,-0.0451503656804561,0.0642291009426117,-0.0391729585826396,1.0,0.00083730166079475,blinking
0.0593328215181827,-0.0224440437741577,0.0767057761549949,-0.0505034625530242,0.0589251741766929,-0.0356582403182983,1.0,0.000816329527879075,blinking
0.0497607588768005,-0.03270571492612355,0.0776629000902175,-0.0513845607638359,0.0577265322208404,-0.0395226962864398,1.0,0.0010585577183519252,blinking
0.0552187860012054,-0.047775676473975154,0.0761783272027969,-0.0700245425105094,0.0637826099991798,-0.0562913306057453,1.0,0.00116727621934835,blinking
0.10556068643927571,-0.05840539932250975,0.1011825278401374,-0.0942324101924896,0.1119764596223831,-0.09244404733181,1.0,0.0017158309929072497,blinking
0.10201290622353551,-0.0675137378275394,0.1265699863433838,-0.1119380816817283,0.1321816891431808,-0.0994838774204254,1.0,0.0015498162829316498,blinking
0.10341728106141085,-0.0546118877828121,0.09574855864048,-0.0803613886237144,0.1019459143280983,-0.0647040084004402,1.0,0.001113230508053625,blinking
0.0947891920804977,-0.044408049434423405,0.0802523866295814,-0.0475667305290699,0.0916304141283035,-0.0419865474104881,1.0,0.00099978690559505,blinking
0.07101878151297564,0.00146538857370615,0.0690743848681449,-0.014461419545114,0.0757405683398246,-0.020854452624917,1.0,0.0008458247029920749,blinking
0.08545978367328641,-0.00503608165308835,0.090426467359066,-0.0161074120551347,0.0824585407972335,-0.0117418589070439,1.0,0.00133129637106315,blinking
0.11119420826435085,-0.02163056004792445,0.0856403335928917,-0.0126096289604902,0.0855727195739746,-0.0122634228318929,1.0,0.0012926270865136248,blinking
0.0834736749529838,-0.0118342128116637,0.0902346596121788,-0.0203078836202621,0.0806584358215332,-0.019556239247322,1.0,0.0012605866650119,blinking
0.0532277822494506,0.0101709365844727,0.0577340237796306,-0.0059356689453125,0.0490603819489479,-0.0098850419744849,1.0,0.0008158268028637,blinking
0.07340498641133306,0.035582678625360055,0.0282090194523334,0.0055033364333212,0.0372846387326717,0.0088932206854224,1.0,0.001941929745953475,blinking
0.5881954208016396,0.24191273190081114,0.0451130270957946,0.0224417652934789,0.1913344860076904,0.0804563388228416,0.97851966873706,0.05812296920339573,blinking
0.17605789750814435,0.0680635161697864,0.1216010227799415,0.0104436632245779,0.1319043934345245,0.0263089574873447,1.0,0.010283800249453598,blinking
0.19832471758127213,0.02696378435939545,0.1987819969654083,-0.0198755506426095,0.1865483820438385,-0.0005422480171546,1.0,0.0036596383433788503,blinking
0.2517064362764358,0.0032984297722578014,0.2488217055797577,-0.0222156234085559,0.2337084263563156,-0.0018171422416344,1.0,0.002083053404930925,blinking
0.30374021828174586,0.05296039581298825,0.2569043636322021,-0.0171144921332597,0.2372674643993377,0.0182456970214843,1.0,0.0024617837625555,blinking
0.263217493891716,0.0404398259706795,0.2393001914024353,0.0042967186309397,0.2315219342708587,0.0251382943242788,1.0,0.0034177450870629,blinking
0.27353695034980774,0.012431657873094049,0.2081092447042465,0.0134042594581842,0.2059302330017089,0.0264133010059595,1.0,0.002519665926229125,blinking
0.15791868418455118,0.019527508877217797,0.1406213641166687,-0.0241030175238847,0.1330622434616089,0.0004595588252414,1.0,0.0025260924885514503,blinking
0.15206985175609583,-0.043324984610080705,0.0872083827853202,-0.036168023943901,0.1073130145668983,-0.0242022350430488,1.0,0.008807291334960526,blinking
0.12016978673636905,-0.0655589830130338,0.0811060890555381,-0.0676461234688758,0.0976280346512794,-0.0584890693426132,1.0,0.0069283305201679,blinking
0.2172257527709007,-0.1510250009596347,0.0987812131643295,-0.0945954918861389,0.1373382210731506,-0.1073463633656501,1.0,0.014742338273208524,blinking
0.2344775460660457,-0.2014852687716484,0.1450012922286987,-0.1388412863016128,0.1494511067867279,-0.1336607038974762,1.0,0.009933252207701951,blinking
0.1776565685868263,-0.1528556905686855,0.1368350684642791,-0.1308429390192031,0.14126718044281,-0.1330041289329528,1.0,0.0034047638473566,blinking
0.09765730798244471,-0.08422374725341794,0.0894105955958366,-0.0846119448542594,0.0766097903251648,-0.0703084617853164,1.0,0.0012396441888995,blinking
0.08790009096264835,-0.061431003734469344,0.0590696707367897,-0.054478570818901,0.0556007660925388,-0.0459329932928085,1.0,0.001193810516269825,blinking
0.05668838135898105,-0.0359360985457897,0.0255224145948886,-0.0143111795186996,0.0305787771940231,-0.0130642158910632,1.0,0.0013374402042245002,blinking
0.038704490289091995,0.0035726474598050005,0.0462298914790153,0.014554145745933,0.0427226461470127,0.0071723042055964,1.0,0.0009330885368398499,blinking
0.0724786818027496,0.001283021643757801,0.0792065188288688,-0.0098720453679561,0.0694193020462989,-0.0121253514662384,1.0,0.00172977196052665,blinking
0.12179784476757045,-0.0476709511131048,0.1108922436833381,-0.0486974455416202,0.113652192056179,-0.0477254539728164,1.0,0.0018469168426235747,blinking
0.12466765940189355,-0.0336114442907273,0.0953316688537597,-0.0410375334322452,0.0985484197735786,-0.0421242415904998,1.0,0.0013081891520414,blinking
0.0953739359974861,-0.03345881961286065,0.0954533889889717,-0.0144453784450888,0.0846907868981361,-0.0225490126758813,1.0,0.001303311117226225,blinking
0.10548691079020495,0.010785946622490801,0.1635100096464157,0.0690100267529487,0.1242629513144493,0.0451977662742137,1.0,0.0012011803628410999,blinking
0.13733886927366257,0.063393410295248,0.2522737383842468,0.1465117633342743,0.1777545660734176,0.0946444347500801,1.0,0.0018158219463657,blinking
0.14889892935752863,0.0454581696540117,0.2305246293544769,0.1456615775823593,0.1636988669633865,0.0919346511363983,1.0,0.0029200483113527003,blinking
0.15255212783813474,0.044878372922539655,0.15581975877285,0.07687808573246,0.1260800063610077,0.0503978729248046,1.0,0.001660418434767025,blinking
0.1361743696033954,0.0120205515995622,0.1032735109329223,0.036163330078125,0.0939689427614212,0.0199090167880058,1.0,0.0017954404756892,blinking
0.09538295865058895,-0.006291242782026549,0.0702475979924202,-0.0016307341866195,0.0740035101771354,-0.0076419604010879,1.0,0.0014632728125433749,blinking
0.08215450495481486,-0.01676834537647655,0.0551923364400863,-0.0049090264365077,0.0592741966247558,-0.0112424734979867,1.0,0.0011073494679294,blinking
0.0589515790343284,-0.0201385207474231,0.0601232983171939,0.0086767738685011,0.0454370938241481,-0.0008743510697968,1.0,0.0010873036080737751,blinking
0.0588213615119457,0.0021236492320894996,0.0381186194717884,0.0008341471548192,0.042988333851099,0.0037256127689033,1.0,0.00094280339544635,blinking
0.06982302665710445,-0.0027692501898855,0.0542631223797798,0.011528993025422,0.0595705583691597,0.0006493960972875,1.0,0.000898037164006325,blinking
0.11506831273436541,0.0058191372081637495,0.0955467447638511,0.0027986185159534,0.0951181277632713,-0.0007871739799156,1.0,0.001236342737684,blinking
0.12709634006023404,0.0056650824844837,0.0928478315472602,0.0030126327183097,0.1046217158436775,-0.0040185591205954,1.0,0.0019889402319676498,blinking
0.10497079044580454,-0.0078002489171922,0.0990022644400596,0.0044907787814736,0.0914182960987091,-0.0051205577328801,1.0,0.00119050395733205,blinking
0.08592346683144564,0.0085208965465426,0.0804033428430557,0.0070159127935767,0.0795662477612495,0.0068511962890625,1.0,0.001071493519702875,blinking
0.0765277557075023,0.0045790304429829,0.0609798319637775,0.0107245808467268,0.0587641224265098,0.0073913126252591,1.0,0.001148686831584175,blinking
0.06228738278150556,0.00132934865541755,0.0517291091382503,0.0178617816418409,0.0543428249657154,0.011550678871572,1.0,0.0010589926387183,blinking
0.050778683274984304,0.03017531894147395,0.0607067979872226,0.0429890938103199,0.0523020140826702,0.0337891280651092,1.0,0.0007878341275499498,blinking
0.08354960009455675,0.0437527801841497,0.1071265041828155,0.0778487771749496,0.0783533453941345,0.0532703399658203,1.0,0.001450324110919525,blinking
0.1094451770186424,0.0689331218600273,0.1478688567876815,0.1116387769579887,0.1103763431310653,0.0731333568692207,1.0,0.002003472298383675,blinking
0.1068623922765255,0.0621085166931152,0.1368761211633682,0.1081664264202117,0.1048537492752075,0.0742309764027595,1.0,0.001457207094063,blinking
0.11866774410009381,0.0382755361497402,0.1301085948944091,0.0740833804011344,0.1036213189363479,0.0510031767189502,1.0,0.001630758779356225,blinking
0.07745969668030735,0.0394179634749889,0.0830834060907363,0.0344958193600177,0.072455421090126,0.025237925350666,1.0,0.0013919804769102,blinking
0.0881881490349769,0.004169831052422499,0.0529520511627197,0.0110849235206842,0.0564078353345394,0.0043450524099171,1.0,0.001189769624033875,blinking
0.1752565093338489,0.05560005619190625,0.0320253297686576,-0.0252599474042654,0.0708419606089592,-0.0018595526926219,1.0,0.004586940267472475,blinking
0.5202423110604286,0.13491208665072918,0.083988219499588,-0.0623603239655494,0.1956669092178344,0.0140690524131059,1.0,0.05867093856795688,blinking
0.09046684578061095,-0.0308695938438177,0.1706842333078384,-0.1062610298395156,0.1156242936849594,-0.0677390396595001,1.0,0.004621818632585875,blinking
0.16251076012849805,-0.041901513934135395,0.1797163933515548,-0.1179297044873237,0.1281836479902267,-0.0654597580432891,1.0,0.0022609966690651496,blinking
0.13108098506927485,-0.03239294141530985,0.2027481943368911,-0.1103746443986892,0.1539690643548965,-0.0762152969837188,1.0,0.0020073508203495,blinking
0.11051027849316594,-0.0325990095734596,0.1814430803060531,-0.0860873460769653,0.1154336184263229,-0.0477027893066406,1.0,0.0017899695667437498,blinking
0.12879201024770734,0.0114341881126165,0.1417875736951828,-0.0570952594280242,0.1054952964186668,-0.029978584498167,1.0,0.0015044545580166749,blinking
0.09872220456600185,-0.02667049318552015,0.117440640926361,-0.0478484332561492,0.0865755230188369,-0.0231752954423427,1.0,0.001917210756801025,blinking
0.13359966129064554,-0.03523863293230525,0.1568377614021301,-0.0750032067298889,0.1204840019345283,-0.0469683483242988,1.0,0.00275176443392405,blinking
0.1994329392910003,-0.0455731619149446,0.2183684557676315,-0.1164026483893394,0.1715013086795807,-0.0690891072154045,1.0,0.00665898082661435,blinking
0.19430427253246305,-0.0978061221539974,0.2064458429813385,-0.1021521165966987,0.1646341830492019,-0.0805336460471153,1.0,0.00444578414317215,blinking
0.21638126671314237,-0.09324495680630204,0.1517002880573272,-0.0768440440297126,0.1549406200647354,-0.0654322654008865,1.0,0.00892179299262345,blinking
0.18266397714614865,-0.07981025241315359,0.0690896734595298,-0.0299338307231664,0.1032088994979858,-0.0419115163385868,1.0,0.010215588583378076,blinking
0.14378257095813748,-0.0628800760023296,0.0403136312961578,0.0065131555311381,0.0688638836145401,-0.0142007712274789,1.0,0.0055049836810212,blinking
0.06549950316548345,-0.02029840764589605,0.0270545352250337,0.0063163563609123,0.0350129343569278,0.0037989895790815,1.0,0.0012585640943142999,blinking
0.0562765169888734,-0.0202936025743838,0.0481736995279789,0.0101091433316469,0.0390735380351543,0.0046200472861528,1.0,0.001483890577219375,blinking
0.08636023290455336,-0.0358656735625118,0.0464709512889385,0.013664050027728,0.0517430044710636,-0.0051923641003668,1.0,0.002125297949532925,blinking
0.07546843588352195,-0.028541344683617298,0.0826364979147911,0.0017715845024213,0.0688792765140533,-0.0030645483639091,1.0,0.00157122565724415,blinking
0.061694448813796,0.008411481045186549,0.0869036540389061,0.0230372510850429,0.0660340413451194,0.0117665454745292,1.0,0.001121517998399175,blinking
0.062427677214145605,-0.0187735185027122,0.0853345319628715,0.0313094705343246,0.0687408521771431,0.0161402076482772,1.0,0.001216382195707375,blinking
0.0869701504707336,0.01144522894173855,0.0949743539094924,0.0453663356602191,0.0692260190844535,0.0200028140097856,1.0,0.0016297360853058998,blinking
0.0698158778250217,0.01426410675048825,0.0912403538823127,0.0423752218484878,0.0667101889848709,0.0239178147166967,1.0,0.001012670036288875,blinking
0.07123193703591821,0.02628443762660025,0.1249720603227615,0.0616243816912174,0.0873941034078598,0.0332869365811347,1.0,0.0011899890669155502,blinking
0.08521353825926775,0.03642159327864645,0.1024974063038826,0.0634605213999748,0.0792593359947204,0.0376429855823516,1.0,0.00148754256952085,blinking
0.09814023971557614,0.0587896555662155,0.095535971224308,0.0640524849295616,0.0681357905268669,0.0385309122502803,1.0,0.001307081838604,blinking
0.07080994173884385,0.0379871949553489,0.0974988937377929,0.0806024000048637,0.0709710270166397,0.0482459366321563,1.0,0.0010476316820131,blinking
0.07065023295581335,0.06074314936995505,0.1220491975545883,0.116309143602848,0.086968757212162,0.0795343071222305,1.0,0.001163996028481,blinking
0.099822673946619,0.0933654494583606,0.1284095793962478,0.1259069144725799,0.1025183722376823,0.0911818146705627,1.0,0.001850323213147875,blinking
0.1032640933990478,0.09154327213764185,0.172837421298027,0.1683529615402221,0.133288025856018,0.1179895997047424,1.0,0.0014408508432097499,blinking
0.0939224138855934,0.0834248624742031,0.126572236418724,0.1213715374469757,0.1053275913000106,0.086232803761959,1.0,0.001577108458150125,blinking
0.07656185887753961,0.04771867208182805,0.08769391477108,0.0843963623046875,0.0896356552839279,0.0642822459340095,1.0,0.001170785020803975,blinking
0.08681872114539145,0.06127038225531575,0.0823292881250381,0.0731400698423385,0.0795466527342796,0.0531017072498798,1.0,0.0012659415951929499,blinking
0.0837019123136997,0.056130958721041596,0.0778791680932045,0.0594145953655242,0.0828074812889099,0.0563142448663711,1.0,0.0009388090547872499,blinking
0.08381086774170395,0.0603901427239179,0.0797174423933029,0.0727077350020408,0.081572987139225,0.0572937242686748,1.0,0.0009625401289667499,blinking
0.06803023442625994,0.055715780705213505,0.0703058838844299,0.0638807266950607,0.0716494098305702,0.0515376813709735,1.0,0.001025451550958625,blinking
0.05765196122229095,0.033451263792812796,0.0669689923524856,0.059579312801361,0.057801716029644,0.0388382188975811,1.0,0.00085929024498905,blinking
0.0496951080858707,0.03100596927106375,0.0416521169245243,0.0324135795235633,0.040736336261034,0.0212742295116186,1.0,0.000978796815616025,blinking
0.04416123963892455,0.02450341451913115,0.0343269146978855,0.0266218911856412,0.0360667593777179,0.0181062370538711,1.0,0.000816743959148825,blinking
0.051831297576427446,0.0218713833019137,0.0368260852992534,0.018800001591444,0.0380123257637023,0.0154024008661508,1.0,0.001178872407763225,blinking
0.05425147898495195,0.021131956018507453,0.0362724214792251,0.0235490072518587,0.041152898222208,0.0169203132390975,1.0,0.0008360677020391,blinking
0.0436147972941398,0.0188524536788463,0.0447944812476635,0.0159356538206338,0.0462230816483497,0.0133857727050781,1.0,0.00068003588239655,blinking
0.05738513544201845,-0.01352346874773495,0.0456269904971122,-0.012421827763319,0.0436046384274959,-0.00516745634377,1.0,0.0007333106550504,blinking
0.051641639322042396,-0.0206721015274524,0.0246263351291418,-0.0136894816532731,0.0329979658126831,-0.0059677571989595,1.0,0.0009287069551646251,blinking
0.03981687966734165,-0.01121788751333945,0.021665496751666,-0.0144488997757434,0.0247825924307107,-0.0047648935578763,1.0,0.0007554145267931001,blinking
0.0253105442970991,-0.01225585211068385,0.0161593947559595,-0.0038886438123881,0.0211472585797309,-0.0066107581369578,1.0,0.000980034863459825,blinking
0.02849850151687855,-0.004998904187232299,0.0232789199799299,-0.0108493901789188,0.024375844746828,-0.0133931776508688,1.0,0.0007783397304592251,blinking
0.0931845493614673,0.04605106217786665,0.0222222115844488,0.0087773250415921,0.0395242795348167,0.0191386733204126,1.0,0.00222016894258555,blinking
0.4972919225692749,0.2122068405151367,0.0544603802263736,0.0365338437259197,0.1625079810619354,0.0791042521595954,1.0,0.04826861158653625,blinking
0.17446919903159142,0.124359019100666,0.0905287936329841,0.046905517578125,0.1189072281122207,0.0706274360418319,1.0,0.011395082372473499,blinking
0.15625940263271332,0.0703499130904674,0.1265718787908554,0.0740415155887603,0.1198322474956512,0.0655550137162208,1.0,0.001987493116757775,blinking
0.10245404765009875,0.0656509771943092,0.098903976380825,0.0565506368875503,0.0876424089074134,0.0490480326116085,1.0,0.001433247030945425,blinking
0.072406705468893,0.04589935392141335,0.0774176269769668,0.0439719185233116,0.0621288381516933,0.0371062345802784,1.0,0.001432602031854875,blinking
0.0496939588338136,0.0412818472832441,0.040821187198162,0.0319757722318172,0.0421423427760601,0.0347983427345752,1.0,0.00113104796037075,blinking
0.09517884626984596,0.0530630983412265,0.0483954288065433,0.0430411323904991,0.0580672100186347,0.0363802053034305,1.0,0.0025098367332247497,blinking
0.1042571105062961,0.01729983557015655,0.0680872127413749,0.0571817234158515,0.0681560561060905,0.041199404746294,1.0,0.007726651587290625,blinking
0.11653844267129895,0.016588248312473304,0.1019749864935875,0.08395816385746,0.0947036445140838,0.0489588342607021,1.0,0.0064074900292325244,blinking
0.1324866227805614,-0.016088852658867798,0.0613074712455272,0.044495802372694,0.0853660851716995,0.0211744867265224,1.0,0.013446936485706749,blinking
0.1394884660840034,-0.0688413106836379,0.0403348766267299,0.0281708538532257,0.0654477700591087,-0.0030523187015205,1.0,0.0058648992853704,blinking
0.09273337386548515,-0.04281377792358395,0.0224137660115957,0.0129738831892609,0.0421952940523624,-0.0012097078142687,1.0,0.00201348304108245,blinking
0.0806130096316337,-0.0440581394359469,0.0189269818365573,-0.0081982733681797,0.0324154198169708,-0.0167811904102563,1.0,0.001605857556569325,blinking
0.060866830870509106,-0.03296085540205235,0.0237136427313089,-0.0106154223904013,0.0282494872808456,-0.0106886699795722,1.0,0.001348367150057975,blinking
0.053242765367031056,-0.029326695483177852,0.0228411462157964,-0.0048026060685515,0.0272969529032707,-0.0124575672671198,1.0,0.0009188588010146499,blinking
0.04494237713515755,-0.01962834138248585,0.030372591689229,-0.0196783598512411,0.0337330289185047,-0.0181937497109174,1.0,0.000987615218036775,blinking
0.0292126219719648,-0.01696366537362335,0.0444318056106567,-0.0236010421067476,0.0367154069244861,-0.0134155051782727,1.0,0.00081079990195575,blinking
0.05108063295483585,-0.0165523746982216,0.0445802398025989,-0.0161602310836315,0.0467248223721981,-0.0127672310918569,1.0,0.001107503558159775,blinking
0.049608457833528505,-0.01181452092714605,0.0526210889220237,-0.0141503745689988,0.0474976599216461,-0.0122946575284004,1.0,0.000922746723517725,blinking
0.07023750245571135,-0.013302509556524449,0.079122357070446,-0.0119875390082597,0.0717166289687156,-0.0164929553866386,1.0,0.001276590555789825,blinking
0.07202237099409095,-0.02860318683087825,0.0721141472458839,-0.0157263334840536,0.0709432587027549,-0.0189611762762069,1.0,0.0008817753114271251,blinking
0.06728087738156315,-0.005781100131571299,0.0519888326525688,-0.0200465284287929,0.0576201267540454,-0.0158666726201772,1.0,0.001020782205159725,blinking
0.06276488676667209,-0.02632654644548885,0.0608154088258743,-0.0039864564314484,0.055774625390768,-0.0080385766923427,1.0,0.0010771835077320751,blinking
0.0578805115073919,0.0084268497303128,0.0680025666952133,0.0178066156804561,0.0593513324856758,0.0149359982460737,1.0,0.001191551942611075,blinking
0.04889458045363425,0.0159677360206842,0.0860549658536911,0.0449699983000755,0.0568561106920242,0.0319144316017627,1.0,0.0011869745212607,blinking
0.06656200066208835,0.03616285324096675,0.0785049349069595,0.0486133284866809,0.0637011900544166,0.0368984453380107,1.0,0.0009292057511629,blinking
0.061503762379288646,0.0205922494642436,0.0816086903214454,0.045661337673664,0.0651346519589424,0.0334823839366436,1.0,0.00085746488184665,blinking
0.0612344834953546,0.0053746516350656505,0.0658328011631965,0.0175734292715787,0.0562757737934589,0.0093881944194436,1.0,0.00126567948609585,blinking
0.08433236181735984,-0.019483749754726852,0.070088692009449,0.0067889872007071,0.0675886273384094,0.0058070910163223,1.0,0.001242902493686375,blinking
0.08700757473707195,-0.00229303655214605,0.0448401570320129,0.0033209384419023,0.0536614097654819,-0.0042018890380859,1.0,0.0011554086086107,blinking
0.06263123080134385,-0.01074981689453125,0.0441087633371353,0.0018427922623232,0.0517254061996936,-0.0023919274099171,1.0,0.001168986520497075,blinking
0.054585212841629954,-0.0032390081323683,0.052558060735464,0.0137512991204857,0.0525563731789588,0.0052540721371769,1.0,0.0018226199026684748,blinking
0.0897971503436565,0.01694605872035025,0.0708138346672058,-0.0115923760458827,0.0741687342524528,-0.0097018973901867,1.0,0.0009586869418853499,blinking
0.11902438849210735,-0.03712624683976165,0.071627601981163,-0.0256308522075414,0.0957151725888252,-0.0277844592928886,1.0,0.0014890206366544,blinking
0.1466389968991279,-0.03836162295192475,0.0994867458939552,-0.0430235266685485,0.1202131435275077,-0.0475264154374599,1.0,0.0017675864510237748,blinking
0.11348835378885265,-0.0374404466710984,0.0977199152112007,-0.0572768002748489,0.1065104454755783,-0.0510127134621143,1.0,0.0015937467105686248,blinking
0.09965710341930385,-0.0420105271041393,0.0899562239646911,-0.0424691215157508,0.0836301445960998,-0.0360454097390174,1.0,0.00116261956281955,blinking
0.0643948763608932,-0.00910472869873045,0.0565694160759449,-0.022952739149332,0.0659877508878707,-0.0287851449102163,1.0,0.001157018137746425,blinking
0.0549458786845207,-0.0115675192791968,0.054474838078022,-0.0145412348210811,0.049736201763153,-0.0094982599839568,1.0,0.001028983897413075,blinking
0.0426722597330808,0.0008681737817824002,0.0452881753444671,-0.003381582442671,0.0383267253637313,-0.0086365863680839,1.0,0.00091115689428985,blinking
0.04989735223352905,-0.0155875496566295,0.036834467202425,-0.0105520393699407,0.037341084331274,-0.0056863673962652,1.0,0.001120706932852,blinking
0.044118905439972794,-0.0014543165452778504,0.0397861041128635,-0.0132849281653761,0.0407210290431976,-0.0128769595175981,1.0,0.00096743844915175,blinking
0.051589425653219195,-0.019669936038553652,0.0573419854044914,-0.0368124172091484,0.051888134330511,-0.0341324508190155,1.0,0.000811258491012225,blinking
0.053523367270827196,-0.03583867661654945,0.0399291813373565,-0.0312014855444431,0.0455024763941764,-0.031788881868124,1.0,0.001096161999157575,blinking
0.0348211452364921,-0.0155885401181876,0.059979572892189,-0.049778863787651,0.0463837049901485,-0.0355151668190956,1.0,0.0008369041170225751,blinking
0.03915519453585145,-0.02508530206978315,0.0604979507625103,-0.0335755944252014,0.0513741634786129,-0.0297329854220151,1.0,0.0009880379220703,blinking
0.0971112623810768,-0.01223303750157355,0.0989579409360885,-0.0204225201159715,0.0970814004540443,-0.0168575961142778,1.0,0.0014707911177537752,blinking
0.4509846121072769,0.15858895983546972,0.1892475187778473,0.0024781839456409,0.2345520555973053,0.044950820505619,1.0,0.028380616975482473,blinking
0.44273541867733,0.17689716070890427,0.1983513385057449,0.0021831805352121,0.2500441074371338,0.0559313148260116,1.0,0.030253700009779977,blinking
0.23573729395866388,0.003318529576063149,0.2224461436271667,0.0063277026638388,0.2028613835573196,0.0272970758378505,1.0,0.004779680923093076,blinking
0.13697839528322214,0.06478324159979815,0.137328490614891,-0.0071626319549977,0.1298524886369705,0.0151105765253305,1.0,0.0021408571046776497,blinking
0.13231310248374933,0.02248081797733905,0.0927461236715316,0.016194662079215,0.1037476882338523,0.0224389471113681,1.0,0.00170104207063555,blinking
0.1012870408594608,0.013819291256368101,0.102497711777687,0.0227516368031501,0.0907194837927818,0.0211431831121444,1.0,0.0012461224250727501,blinking
0.1036632172763347,0.046606870368123,0.0732115134596824,0.0290374755859375,0.0808000713586807,0.0314886420965194,1.0,0.00140811777964695,blinking
0.09832544997334475,0.02730134828016155,0.0761182680726051,0.0215434543788433,0.0815668553113937,0.0227155126631259,1.0,0.001153595905634525,blinking
0.073381882160902,0.005963508971035501,0.0768743157386779,0.0133623955771327,0.0681937336921691,0.0091778254136443,1.0,0.00123526742390815,blinking
0.04940403066575525,0.0003611124120652502,0.0472802445292472,-0.0048597287386655,0.0432355068624019,0.0028262417763471,1.0,0.0013334218820091,blinking
0.10037231817841524,-0.001653634593822,0.035327136516571,-0.0040060188621282,0.0502960756421089,0.0004284802707843,1.0,0.006305348404566701,blinking
0.08705957047641275,-0.0104738380759954,0.0235503707081079,-0.0084349801763892,0.0426155067980289,-0.0036035424564033,1.0,0.004193580636638175,blinking
0.08981667831540105,-0.0446456763893365,0.0219585318118333,5.8687648561317474e-05,0.0459105521440506,-0.0152047099545598,1.0,0.00273606806877065,blinking
0.1174751371145248,-0.0784692037850618,0.0509670712053775,-0.0402640327811241,0.066679298877716,-0.0439297184348106,1.0,0.0102666026796214,blinking
0.1762987375259399,-0.12264739535748956,0.0789470747113227,-0.0686899796128273,0.1090651229023933,-0.079265259206295,1.0,0.0092247112479526,blinking
0.1741116158664226,-0.12766654789447782,0.0889132097363472,-0.0812499225139617,0.1123990416526794,-0.0828369334340095,1.0,0.0037173139280638747,blinking
0.12071703374385825,-0.0692351050674915,0.0881939306855201,-0.0686559453606605,0.0913009122014045,-0.0607277378439903,1.0,0.001969658012967525,blinking
0.09358691051602355,-0.03722084499895565,0.094797283411026,-0.0275221597403287,0.0932851061224937,-0.0289759915322065,1.0,0.0013921556383138002,blinking
0.10209278017282485,-0.00957518350332975,0.1164257228374481,0.0109503334388136,0.0991432517766952,0.0058972975239157,1.0,0.00165150742395775,blinking
0.09822470322251314,-0.018632778897881452,0.1060614585876464,0.0283942595124244,0.0856805071234703,0.0092266304418444,1.0,0.001764850589097425,blinking
0.0657575763761997,-0.01844263076782225,0.0721157416701316,0.001611562911421,0.064266137778759,-0.0076783122494816,1.0,0.001229803252499525,blinking
0.0851921290159225,-0.0414002854377031,0.0698729306459426,-0.015067858621478,0.0708298459649086,-0.0258561298251152,1.0,0.001129841170040875,blinking
0.08893167600035665,-0.04307126998901365,0.1022141948342323,-0.0214303825050592,0.09443099796772,-0.0308377891778945,1.0,0.0010373759141656751,blinking
0.11110702157020565,-0.0475988388061523,0.0910067856311798,0.0296806916594505,0.0828142836689949,-0.0045404992997646,1.0,0.0018337473302380749,blinking
0.08728057891130445,-0.0219888687133789,0.1386333554983139,0.0679814293980598,0.103943221271038,0.0232713371515274,1.0,0.00144032281241375,blinking
0.093694943934679,-0.01608481816947455,0.1003544181585311,0.0288508497178554,0.084701307117939,0.0009966457728296,1.0,0.002299945554113875,blinking
0.1215235739946365,-0.010607426054775698,0.1031669378280639,-0.0590264722704887,0.1170748695731163,-0.0604165010154247,1.0,0.0024862737045622755,blinking
0.11990694701671595,-0.04209529422223565,0.090826116502285,-0.0564285665750503,0.1186660304665565,-0.0722578838467598,1.0,0.0012967037619091,blinking
0.164145328104496,-0.05192331131547685,0.1261427402496338,-0.0563436672091484,0.1377019137144088,-0.061015747487545,1.0,0.00213438321952705,blinking
0.10885770246386525,-0.05684507824480525,0.1133885905146598,-0.0255839023739099,0.1009793654084205,-0.0236259903758764,1.0,0.0011021878162864,blinking
0.06740379519760605,-0.00609093450475485,0.0814384669065475,0.0208176840096712,0.0675544068217277,0.0015046736225485,1.0,0.0012927608768222498,blinking
0.0759097747504711,0.0143638392910361,0.0725085735321044,0.0403145030140876,0.0603311844170093,0.0185516588389873,1.0,0.0010584962437860002,blinking
0.07822614349424835,0.02159169968217605,0.0921471640467643,0.0235556568950414,0.0676659569144249,0.0036532457452267,1.0,0.0010319754510418752,blinking
0.049027072265744154,0.0074412636458874,0.2284585684537887,-0.1353200227022171,0.1312127709388733,-0.0832232311367988,1.0,0.003157470142468775,blinking
0.0506759081035852,-0.0024430567864328996,0.3015466928482055,-0.2480026632547378,0.1633536666631698,-0.1278016716241836,1.0,0.006972597868298125,blinking
0.049686886370181996,-0.00599479675292965,0.2849049568176269,-0.2378000169992447,0.1496184021234512,-0.1244339644908905,1.0,0.0031153797754086,blinking
0.054380144923925344,0.00072317849844695,0.3789629936218261,-0.3572418987751007,0.2040999382734298,-0.1806688904762268,1.0,0.003715079597895925,blinking
0.04942216724157325,-0.01638819603249425,0.4187579452991485,-0.3960121273994446,0.2061860263347625,-0.1893607825040817,1.0,0.004084793123183725,blinking
0.06477828882634634,-0.019451214699074598,0.5137148499488831,-0.494079977273941,0.2669486701488495,-0.2425840049982071,1.0,0.004172808592556925,blinking
0.06215149164199825,-0.03973208926618095,0.3590311110019684,-0.3316278755664825,0.194517508149147,-0.1729253828525543,1.0,0.0035252039815531497,blinking
0.0646344348788261,-0.0386585090309381,0.2308626621961593,-0.2015658617019653,0.1460238844156265,-0.1208818107843399,1.0,0.0026646287005859747,blinking
0.0785183906555175,-0.0344431949779391,0.2369079887866974,-0.226384088397026,0.1393895298242569,-0.1256652176380157,1.0,0.002080990976537525,blinking
0.06483967974781985,-0.0440274011343717,0.177717849612236,-0.1587473601102829,0.1184197291731834,-0.0999601036310195,1.0,0.0012965059577254002,blinking
0.0548254884779453,-0.04928658530116075,0.172588363289833,-0.1505627781152725,0.1079051196575164,-0.0945883393287658,1.0,0.0019935639284084997,blinking
0.06449224241077894,-0.04857162386178965,0.1056884229183197,-0.0793277025222778,0.0754424706101417,-0.062062207609415,1.0,0.0009122323099290501,blinking
0.05505207180976865,-0.0438274964690208,0.0490919612348079,-0.0266641471534967,0.0440121591091156,-0.0304421819746494,1.0,0.00123468620586205,blinking
0.060464981943368856,-0.042135641910135704,0.0533806905150413,-0.0156132625415921,0.0493349805474281,-0.0297963768243789,1.0,0.001023859731503725,blinking
0.05520379915833465,-0.04394854046404355,0.0463871210813522,-0.0118560791015625,0.0553066916763782,-0.0392677076160907,1.0,0.000929869987885425,blinking
0.0602334234863519,-0.02144490764476355,0.0325217507779598,-0.0119671942666172,0.0411246158182621,-0.0220202282071113,1.0,0.00097377852944185,blinking
0.06269876286387441,-0.0256506111472845,0.048372246325016,0.0078891851007938,0.0459665618836879,-0.009130141697824,1.0,0.00106643667095335,blinking
0.0725175067782402,0.00881264754571015,0.07162956148386,0.0077146873809397,0.0699912905693054,9.82845522230491e-05,1.0,0.0010323682654415501,blinking
0.09865506738424296,0.0086548146791756,0.0897861570119857,-0.0049485424533486,0.0864707678556442,-0.0049932142719626,1.0,0.0013816878345095749,blinking
0.1110854037106037,-0.016366408206522402,0.0929841771721839,-0.0181035753339529,0.0956053063273429,-0.0207586847245693,1.0,0.0011848645517602001,blinking
0.17388481646776194,0.006462757475674151,0.1582862138748169,0.0010481614153832,0.1529062539339065,-0.0146004175767302,1.0,0.0017775245069060002,blinking
0.19722916185855865,0.0037817591801286004,0.2418165504932403,0.0491336919367313,0.1966145485639572,0.0141940396279096,1.0,0.00228526419959955,blinking
0.25753279030323023,0.009077915921807199,0.2428487688302993,0.0517151653766632,0.2024084776639938,0.0202047675848007,1.0,0.001752546406350975,blinking
0.22602952271699905,0.0201531909406185,0.2783720195293426,0.0190480556339025,0.2190910130739212,-0.0117099983617663,1.0,0.0031287742895073746,blinking
0.1686626002192497,-0.0010527831036597501,0.2206993550062179,0.0207977294921875,0.1762858927249908,-0.0008118573459796,1.0,0.0022309588384813754,blinking
0.1642224565148353,-0.053601924329996053,0.1477188020944595,-0.0275350715965032,0.1426653563976287,-0.0471497699618339,1.0,0.0017849504365584998,blinking
0.18740434944629664,-0.12009682878851885,0.1856334954500198,-0.1214302256703376,0.1930284202098846,-0.1377571374177932,1.0,0.002094077499350475,blinking
0.3540034741163254,-0.28717447817325586,0.5052450895309448,-0.4334748089313507,0.4241491258144378,-0.3655266463756561,1.0,0.0068697949172928496,blinking
0.30720019340515137,-0.27851203083992,0.4175701737403869,-0.4097876846790313,0.3103261888027191,-0.2909047603607178,1.0,0.00352073454996565,blinking
0.220632866024971,-0.2124531790614128,0.2475953698158264,-0.2408666312694549,0.2151950895786285,-0.2057735174894333,1.0,0.0028241057880222247,blinking
0.11264156922698015,-0.10873343423008916,0.1390895545482635,-0.1340809315443039,0.1238286942243576,-0.1157784163951873,1.0,0.0017074874485842502,blinking
0.07230946794152254,-0.06498072668910025,0.0834117755293846,-0.0758486986160278,0.0737390667200088,-0.0636778473854065,1.0,0.0014229619555407751,blinking
0.0565675850957632,-0.0466671362519264,0.0676427707076072,-0.0602941252291202,0.0625462606549263,-0.0521380491554737,1.0,0.001026714395266,blinking
0.07343244552612299,-0.06422963365912429,0.0674258098006248,-0.0563913993537426,0.0653731822967529,-0.0517727360129356,1.0,0.00092006375780325,blinking
0.055146239697933155,-0.0328725297003984,0.0676274374127388,-0.0624068826436996,0.0625678524374961,-0.052428301423788,1.0,0.0007538614590884501,blinking
0.0439935233443975,-0.0337739726528525,0.0665352046489715,-0.0602917782962322,0.0493830479681491,-0.0408816635608673,1.0,0.001080157555406875,blinking
0.08355398476123804,-0.0185063071548938,0.1158689260482788,-0.0547446236014366,0.0910475328564643,-0.0372368320822715,1.0,0.001574102454469475,blinking
0.5951033979654312,0.1388692483305931,0.2646622657775879,-0.0424656011164188,0.2883044779300689,0.0218218639492988,1.0,0.0440163486055098,blinking
0.36502455174922943,0.1179883293807506,0.3264597058296203,0.0258746016770601,0.3488450348377228,0.0668238475918769,1.0,0.017292780394200173,blinking
0.41836103796958923,0.06170929409563539,0.4509811401367187,0.0941881984472274,0.4137641787528991,0.1108044981956482,1.0,0.0098298809025436,blinking
0.4607190489768982,0.16068432852625847,0.39264115691185,0.1447589546442031,0.3928240537643432,0.1636020392179489,1.0,0.004845044226385625,blinking
0.30681413412094116,0.1677144840359687,0.3047466278076172,0.1839971244335174,0.2809578478336334,0.1677636504173278,1.0,0.004750085878185875,blinking
0.17876751720905298,0.0932349413633346,0.1901658624410629,0.1363983154296875,0.1592472642660141,0.1147938892245292,1.0,0.0019676444062497003,blinking
0.0771804079413414,0.04966574534773825,0.0791784673929214,0.063694879412651,0.0670742392539978,0.0538609437644481,1.0,0.0012980652973054998,blinking
0.105983380228281,-0.014428982394747448,0.0340843759477138,0.0121741658076643,0.0604981184005737,0.0022054559085518,1.0,0.0058219629718222745,blinking
0.09810003638267514,-0.02218983694911,0.0465686731040477,-0.015557313337922,0.0698172003030777,-0.0161016136407852,1.0,0.004169682841165876,blinking
0.12568860128521914,-0.0419217981398105,0.087699569761753,-0.0252356901764869,0.1067282333970069,-0.034179463982582,1.0,0.002210045611718625,blinking
0.09278383105993265,-0.02951530320569865,0.0989240705966949,-0.010463616810739,0.1041601970791816,-0.0147084631025791,1.0,0.003982137364800975,blinking
0.09347290173172945,-0.0083587719127536,0.0732061266899108,0.0096818972378969,0.0775072798132896,-0.005726758390665,1.0,0.0026891849993261998,blinking
0.07176378369331354,-0.0018018940463662,0.1405559182167053,0.0435431078076362,0.1089028716087341,0.0248684603720903,1.0,0.001456702069845025,blinking
0.08765910565853115,0.0025659343227744003,0.1575810760259628,0.0567626953125,0.1293414980173111,0.0301460940390825,1.0,0.0012518058210843751,blinking
0.09963463619351384,0.0112722469493746,0.1067167073488235,0.0594791509211063,0.0965106710791587,0.0214213207364082,1.0,0.0011553586373338,blinking
0.07811395451426506,0.011070765554904952,0.0836322903633117,0.0537328459322452,0.0780333504080772,0.0161731950938701,1.0,0.001123021560488225,blinking
0.0629046987742185,-0.01071119308471675,0.0707902163267135,0.0412061624228954,0.067220389842987,0.0096754189580678,1.0,0.0012405354354996,blinking
0.06242481060326095,-0.018215546241151483,0.0599150396883487,0.038398940116167,0.051660880446434,0.0096403006464242,1.0,0.00100933354406145,blinking
0.0444117654114961,-0.00934245018288485,0.0608649365603923,0.0525954812765121,0.0551274456083774,0.0294141210615634,1.0,0.00095877323474265,blinking
0.0661419630050659,0.054850028827786404,0.1966703683137893,0.1864393204450607,0.1174308657646179,0.1052054241299629,1.0,0.0018014825182035249,blinking
0.09871638566255565,0.09249606356024735,0.3445704877376556,0.3304877579212188,0.2143351733684539,0.2049700766801834,1.0,0.0029191662324592003,blinking
0.14417089149355883,0.13696707040071482,0.3307144343852997,0.3218168616294861,0.2239008396863937,0.213878184556961,1.0,0.002770405320916275,blinking
0.2726224213838577,0.2409342229366302,0.4573507905006408,0.4525647163391113,0.3654267489910126,0.341866672039032,1.0,0.00485121161909765,blinking
0.6135056763887405,0.5072035491466522,0.9185898900032043,0.8978279232978821,0.7110748291015625,0.6327037811279297,1.0,0.007205227273516325,blinking
1.0391725897789001,0.8092228174209595,1.1651464700698853,1.1263294219970703,1.005579710006714,0.8851112127304077,1.0,0.011271970579400626,blinking
1.1784573197364807,0.9361869990825654,1.3390848636627195,1.2827516794204712,1.155336618423462,0.991128146648407,1.0,0.00916858180426055,blinking
1.1439665853977203,0.9074276685714722,1.2751902341842651,1.2490633726119995,1.0684666633605957,0.933631420135498,1.0,0.01071798545308405,blinking
0.9232243597507477,0.6396314203739166,0.9544937014579772,0.9096460342407228,0.8642005920410156,0.7164759635925293,1.0,0.00822359183803195,blinking
0.9070084989070892,0.6325392723083496,0.8180994391441345,0.7744430303573608,0.7451370358467102,0.5842893123626709,1.0,0.008486675913445601,blinking
0.5656708329916,0.40466243028640747,0.5034334659576416,0.479653000831604,0.4962179660797119,0.3746075332164764,1.0,0.008678390760906027,blinking
0.3297324180603027,0.10208298591896886,0.108748972415924,0.062287550419569,0.1492529809474945,0.0612234212458133,1.0,0.016852111381012877,blinking
0.2151241824030876,0.09330485388636585,0.0721466466784477,0.0575240701436996,0.1143631190061569,0.0352493748068809,1.0,0.0069958141248207,blinking
0.1477395817637443,0.10871175676584241,0.3199858665466308,0.2098419964313507,0.2630966603755951,0.1202222034335136,1.0,0.0035956898937001248,blinking
0.13394397869706148,0.0286780502647161,0.3314147889614105,0.064762994647026,0.3168829083442688,-0.0019829694647341,1.0,0.012558173271827351,blinking
0.244528841227293,-0.10921635851263994,0.215460404753685,-0.1344577074050903,0.287249892950058,-0.1671149283647537,1.0,0.018635090644238475,blinking
0.6173819452524185,-0.5548093914985657,0.9556184411048888,-0.8831364512443542,0.8136054277420044,-0.7292680144309998,1.0,0.0141932753613218,blinking
1.1663659811019897,-1.0642491579055786,1.4168570041656494,-1.3612209558486938,1.1707563400268557,-1.0738729238510132,1.0,0.01249559188727285,blinking
1.2908262610435486,-1.1364877820014954,1.652194857597351,-1.5717840194702148,1.4464114904403689,-1.313618779182434,1.0,0.0123403589241206,blinking
1.6063761711120605,-1.347452461719513,1.7041481733322144,-1.5874810218811035,1.5134363174438477,-1.3251080513000488,1.0,0.0138180042849853,blinking
1.519991934299469,-1.286000907421112,1.805165410041809,-1.6402239799499512,1.564215898513794,-1.340714454650879,1.0,0.012178576667793052,blinking
1.6787293553352356,-1.3981309533119202,1.9684473276138303,-1.85083281993866,1.7295351028442385,-1.5100469589233398,1.0,0.01391854637768115,blinking
1.9639991521835327,-1.6727177500724792,2.368119955062866,-2.240267515182495,1.97495698928833,-1.7386693954467771,1.0,0.0159174017608165,blinking
2.3310168981552124,-2.0260810256004333,2.916494607925415,-2.767202854156494,2.363929033279419,-2.096433639526367,1.0,0.014177973615005574,blinking
2.6142159700393677,-2.2690956592559814,3.3996315002441406,-3.210338830947876,2.713503837585449,-2.40051794052124,1.0,0.01836745487526055,blinking
2.443578004837036,-2.0389167070388794,3.2629902362823486,-2.9720563888549805,2.6201722621917725,-2.2192296981811523,1.0,0.018381471745669824,blinking
1.7989798188209534,-1.307507872581482,2.4339888095855717,-2.0496654510498047,1.9813090562820437,-1.5306859016418457,1.0,0.017278165789321023,blinking
0.8921096026897429,-0.4148054420948028,0.9684829711914062,-0.6133896112442017,1.001457452774048,-0.5569556951522827,1.0,0.009882743586786025,blinking
0.5837651640176773,-0.0820163562893867,0.436449259519577,-0.1018226817250251,0.5375850200653076,-0.1176076754927635,1.0,0.006689307861961351,blinking
0.6367408931255341,-0.01036486256634815,0.3880666196346283,-0.0123165817931294,0.4900858402252197,-0.0500015914440155,1.0,0.005514524527825374,blinking
0.6609091460704803,-0.0636324882507324,0.4696419537067413,-0.1730381846427917,0.5576160550117493,-0.1729314476251602,1.0,0.00547946459846565,blinking
0.7160360217094421,-0.2749007642269134,0.6822949051856995,-0.5394502282142639,0.7088955044746399,-0.4536106884479522,1.0,0.0074188272701575745,blinking
0.8945698738098145,-0.635018527507782,1.0245013236999512,-0.983565866947174,0.8728740811347961,-0.7186641693115234,1.0,0.011514706071466149,blinking
0.5775407254695892,-0.4049452692270279,0.8384156823158264,-0.8329412937164307,0.6798043251037598,-0.5950274467468262,1.0,0.008755423012189525,blinking
0.3892265260219574,-0.3195580393075943,0.4461846947669983,-0.4124137759208679,0.3826276659965515,-0.3293366134166717,1.0,0.00554121518507595,blinking
0.1481465846300125,-0.12535681948065755,0.1462746262550354,-0.1380685716867447,0.1206395030021667,-0.0994063019752502,1.0,0.0025937726895789996,blinking
0.07690629735589025,-0.0092653129249811,0.0316835567355155,0.011079054325819,0.0422841049730777,0.0107513880357146,1.0,0.0013942622608737751,blinking
0.7263722121715546,0.41902872174978256,0.2823972702026367,0.2787624299526214,0.393294095993042,0.2967523634433746,1.0,0.0687714932719245,blinking
0.42240962386131287,0.37915031611919403,0.7081878781318665,0.6832365393638611,0.5212813019752502,0.4894505739212036,1.0,0.01496841921471055,blinking
0.6452770978212357,0.5393044352531433,0.8410147428512573,0.817191481590271,0.7324924468994141,0.6429049372673035,1.0,0.00658046035096045,blinking
0.8378780782222748,0.6513486206531525,1.0958925485610962,1.0132105350494385,0.8795185089111328,0.7547271847724915,1.0,0.007537713274359625,blinking
0.7312279939651489,0.5030511766672134,0.6616135239601135,0.5756433010101318,0.7274395823478699,0.5878640413284302,1.0,0.008905891096219375,blinking
0.7528558969497681,0.47657610476017,0.4533672332763672,0.3304204642772674,0.6254118084907532,0.4224896132946014,1.0,0.009203352266922524,blinking
0.8218466937541962,0.3373651877045631,0.4578011333942413,0.1895399838685989,0.7273871898651123,0.3976549208164215,1.0,0.007096277549862825,blinking
1.0529437959194183,0.4743485748767853,0.8172035813331604,0.4741774201393127,0.941212832927704,0.5530155301094055,1.0,0.012844050303101474,blinking
0.8964904248714447,0.4268479645252228,1.140336275100708,0.7626143097877502,1.064915657043457,0.6671399474143982,1.0,0.0163532885489985,blinking
0.6749028861522675,0.170981153845787,0.6888020038604736,0.2964583039283752,0.6694572567939758,0.2562712430953979,1.0,0.009983073920011451,blinking
0.46183809638023376,-0.023463651537895196,0.5873359441757202,0.1197967529296875,0.5487183928489685,0.0862381905317306,1.0,0.016102069988846727,blinking
0.457125648856163,-0.1666458565741777,0.4259335398674011,-0.0645086839795112,0.4221513271331787,-0.0653432980179786,1.0,0.012333739083260225,blinking
0.6065238416194916,-0.4303647577762604,0.6160891056060791,-0.5480057001113892,0.5190733075141907,-0.3548882305622101,1.0,0.012721840059384674,blinking
0.5039491057395935,-0.39584285020828247,0.5811603665351868,-0.5590143203735352,0.4621041715145111,-0.3255198001861572,1.0,0.008299447712488426,blinking
0.1194015741348266,-0.0500506237149238,0.0528591275215148,-0.0179282948374748,0.1032023504376411,0.027852451428771,1.0,0.001977652980713125,blinking
0.1271511912345886,0.1151220239698886,0.5640414357185364,0.5367392301559448,0.3858864307403564,0.3680388629436493,1.0,0.0055091256508603,blinking
0.5850873291492462,0.5450267046689987,1.2636829614639282,1.245006084442139,0.8008638024330139,0.7839226722717285,1.0,0.0111733775120228,blinking
0.577826201915741,0.542609691619873,0.8663020730018616,0.8499873280525208,0.6067500114440918,0.5874236822128296,1.0,0.010638493928126951,blinking
0.5927718877792358,0.5284761786460876,0.8014646172523499,0.7759466171264648,0.5697211027145386,0.531002402305603,1.0,0.0088288971455767,blinking
0.5098757445812225,0.47177422046661377,0.687861442565918,0.6781459450721741,0.4526845812797546,0.4234855771064758,1.0,0.010943873785436101,blinking
0.37936948239803314,0.351018875837326,0.4765821099281311,0.4666231572628021,0.3725753426551819,0.3364222943782806,1.0,0.0060396539047359995,blinking
0.29158760607242584,0.2519338279962539,0.3843425214290619,0.3778005838394165,0.2708915472030639,0.2474374175071716,1.0,0.0049292041803709755,blinking
0.23233845084905624,0.2144092470407486,0.2175931930541992,0.2044775485992431,0.1777679920196533,0.1576001793146133,1.0,0.0034761677670757754,blinking
0.1263821981847286,0.11486086249351495,0.1392194926738739,0.1321798413991928,0.1171818450093269,0.1028277426958084,1.0,0.00167065110872495,blinking
0.09599246829748151,0.08070751279592511,0.1055636778473854,0.1025758385658264,0.0829260945320129,0.0737258717417717,1.0,0.0016685239534126,blinking
0.0912794098258018,0.0761165246367454,0.0734455287456512,0.0677764117717742,0.059063546359539,0.0487854890525341,1.0,0.0013417915906756752,blinking
0.06493784114718434,0.04584129154682155,0.0562170334160327,0.0460330285131931,0.0471478179097175,0.0314917862415313,1.0,0.0010589611338218,blinking
0.051845844835042953,0.0325369108468294,0.0689774304628372,0.0624546147882938,0.0510998591780662,0.0367193780839443,1.0,0.001066926051862475,blinking
0.07158726453781125,0.0650594793260097,0.0938124358654022,0.0873010084033012,0.0684781223535537,0.0620128400623798,1.0,0.0011242673062952,blinking
0.065222131088376,0.0602529980242252,0.1330339312553405,0.1288326978683471,0.0894377902150154,0.0825853943824768,1.0,0.0011374770110705499,blinking
0.09428619220852846,0.08661647886037821,0.147314041852951,0.1373431831598281,0.1013011261820793,0.0926384627819061,1.0,0.0014682327600894001,blinking
0.0856372788548469,0.0734607987105846,0.1342236250638961,0.1146302819252014,0.0888433828949928,0.075766734778881,1.0,0.00125762881361875,blinking
0.09437152743339536,0.0512119438499212,0.0844063386321067,0.057680569589138,0.0731408521533012,0.0390898771584034,1.0,0.001539914141176225,blinking
0.0891376286745071,0.02853092737495895,0.0794659927487373,0.0336006358265876,0.0706044808030128,0.0117313163354992,1.0,0.00143545567698305,blinking
0.1097924225032329,0.00869857333600525,0.0812688022851944,0.0259833708405494,0.0741520598530769,0.0054670223034918,1.0,0.0012608958932105,blinking
0.12121534347534176,0.02090065367519855,0.0852357894182205,0.0351656414568424,0.0789315029978752,0.0140238367021083,1.0,0.00151109207945405,blinking
0.1008379682898521,0.0245567467063665,0.1132041588425636,0.0496129728853702,0.0852634385228157,0.0205145440995693,1.0,0.00132520690385715,blinking
0.08092186972498891,0.0256308782845735,0.0924596488475799,0.0493085794150829,0.0712558329105377,0.0192068889737129,1.0,0.001412917205016075,blinking
0.0797581076622009,0.01710381917655465,0.0753019005060195,0.0203665699809789,0.0712220072746276,0.0090514915063977,1.0,0.00122385397844475,blinking
0.0755103155970573,0.0115211559459567,0.0503286123275756,-0.0077843298204243,0.0581901110708713,-0.0139817632734775,1.0,0.0011310901172691748,blinking
0.07892967760562894,0.01318825222551815,0.0567379593849182,-0.0039837178774178,0.0643016993999481,-0.0084349690005183,1.0,0.000742691787309,blinking
0.06772940233349795,0.0070827924646437,0.0715364664793014,0.0035122602712363,0.0652282834053039,-0.0069453297182917,1.0,0.0011006125423590998,blinking
0.07090293243527404,0.01189004443585875,0.0520085915923118,0.0253425016999244,0.0553127862513065,0.0063139973208308,1.0,0.0007687520119361,blinking
0.06104265153408045,0.015343152917921501,0.0413021780550479,0.0191986858844757,0.0397144518792629,0.0178877878934144,1.0,0.000948679138673425,blinking
0.045663444325327804,0.0233084242790937,0.0485226511955261,0.0438028983771801,0.0414313524961471,0.031219819560647,1.0,0.00079247556277545,blinking
0.29171064868569374,0.17519635334610933,0.0672786906361579,0.0591227225959301,0.1236374080181121,0.0782759040594101,1.0,0.01352727516496085,blinking
0.4015541672706604,0.2213162258267402,0.1155998632311821,0.0739472210407257,0.1954168528318405,0.1014706119894981,1.0,0.033810272376285797,blinking
0.19649793952703476,0.0799361746758222,0.1718429028987884,0.0396575927734375,0.1748427003622055,0.0532686561346054,1.0,0.004430380125995675,blinking
0.3283967226743698,0.05899077281355855,0.4081677794456482,-0.0516948215663433,0.3205109238624573,-0.0078636622056365,1.0,0.00548001978313545,blinking
0.3555309474468231,0.01886892318725585,0.4192400574684143,-0.0461308397352695,0.3413050174713135,-0.0002757801848929,1.0,0.0037351735809351503,blinking
0.2943984568119049,0.03683574404567475,0.2517472803592682,0.0071469820104539,0.2283456027507782,0.0441180951893329,1.0,0.0031990431307348747,blinking
0.18929619342088694,0.0376471001654863,0.1502341479063034,0.0325160883367061,0.1545010656118393,0.0366049371659755,1.0,0.00219163697329345,blinking
0.10767858475446701,0.00600701104849575,0.1428513824939727,0.0175249148160219,0.1094405651092529,0.0130416648462414,1.0,0.001366362164844725,blinking
0.1019230410456657,0.00616902578622105,0.0829273834824562,-0.0161739252507686,0.0685805827379226,-0.0059808841906487,1.0,0.0023175374954007,blinking
0.10730421543121335,-0.049746917560696546,0.0509153343737125,-0.0429656207561492,0.0729075819253921,-0.0467953383922576,1.0,0.006542823670315501,blinking
0.1062838472425937,-0.08872512727975841,0.0822455435991287,-0.0756389945745468,0.0859515666961669,-0.074157603085041,1.0,0.00511223758803675,blinking
0.16647050902247423,-0.0925044640898704,0.1013014987111091,-0.0825653076171875,0.1235498115420341,-0.0869403183460235,1.0,0.01346631867636455,blinking
0.1915585249662399,-0.12955130077898497,0.0930643081665039,-0.076638638973236,0.1131783351302146,-0.0835492759943008,1.0,0.0073435063823125745,blinking
0.14195482991635794,-0.0916783260181546,0.0692944005131721,-0.0578495897352695,0.090154230594635,-0.0612743608653545,1.0,0.0024743214453337246,blinking
0.0886176526546478,-0.055518956854939405,0.0793387591838836,-0.0472834669053554,0.0884466543793678,-0.0490712560713291,1.0,0.0012289518199395,blinking
0.12075136601924895,-0.05036515463143585,0.1137039139866828,-0.0387029387056827,0.1126051470637321,-0.0423198044300079,1.0,0.001572487963130675,blinking
0.202871099114418,-0.060941182076930944,0.1375749409198761,-0.0236718598753213,0.1512227654457092,-0.0477389171719551,1.0,0.00355021597351875,blinking
0.18121286481618876,-0.0312793438788503,0.1695477068424224,0.0077256420627236,0.1523927450180053,-0.0084512373432517,1.0,0.00239922848413695,blinking
0.14194951206445688,0.02439421787858005,0.2323363423347473,0.0766769796609878,0.1505008041858673,0.0366361290216445,1.0,0.0024416962696704497,blinking
0.13708589226007462,0.04125899448990815,0.2003971487283706,0.1140218898653984,0.1300004422664642,0.0622793100774288,1.0,0.0020067998557351,blinking
0.08605203777551645,0.0277914628386497,0.1162881702184677,0.0944882929325103,0.0802718475461006,0.0458304472267627,1.0,0.001191333387396225,blinking
0.05540039949119085,0.03799057006835935,0.0867895185947418,0.0718422904610633,0.0584875047206878,0.0454879105091095,1.0,0.0009281779348384,blinking
0.045352359302341896,0.027862953022122352,0.0741439387202262,0.0725160241127014,0.0542011745274066,0.0485722050070762,1.0,0.000864285218995,blinking
0.04463999718427655,0.0334369949996471,0.0663374364376068,0.0610762387514114,0.049910731613636,0.0414050593972206,1.0,0.0007488820701837,blinking
0.06569861434400075,0.04106000810861585,0.0783378258347511,0.0745798721909523,0.0716975629329681,0.0585421398282051,1.0,0.00092278122610875,blinking
0.07468087598681444,0.06298065185546875,0.0718993544578552,0.0687248036265373,0.0725355967879295,0.0634734183549881,1.0,0.001106313895434075,blinking
0.058101169764995506,0.0449722725898027,0.0550079718232154,0.0519659593701362,0.0508243069052696,0.0414935834705829,1.0,0.0010016181477112249,blinking
0.0527467634528875,0.032424559816718046,0.0407999828457832,0.0377212911844253,0.0389562062919139,0.0313857570290565,1.0,0.000809662509709525,blinking
0.03621358983218665,0.031421955674886703,0.0489975102245807,0.035186767578125,0.0319423675537109,0.0221896450966596,1.0,0.000686029947246375,blinking
0.0313846338540315,0.0164876352064311,0.0408646464347839,0.0318818688392639,0.0358978249132633,0.025054708123207,1.0,0.0006292904727160751,blinking
0.04717336595058435,0.027627540752291603,0.0459393225610256,0.0338635556399822,0.0379002094268798,0.0212285667657852,1.0,0.00092762277927245,blinking
0.06383550167083735,0.03715577535331245,0.0493637397885322,0.0457912348210811,0.0453835129737854,0.0327515304088592,1.0,0.000878218139405325,blinking
0.03736594505608075,0.0212161727249622,0.0568066760897636,0.0539773777127265,0.0446812286972999,0.0356946848332881,1.0,0.000763296207878675,blinking
0.03855296876281495,0.01698640640825025,0.0534127242863178,0.0395570397377014,0.0446270853281021,0.0308190509676933,1.0,0.00075947842560705,blinking
0.10672942176461214,0.0420521590858697,0.0939662680029869,0.0465537831187248,0.1046563386917114,0.0477030128240585,1.0,0.00132266564469315,blinking
0.14537604898214335,0.028270611539483,0.166570171713829,0.0553033277392387,0.158852532505989,0.0468496419489383,1.0,0.0022049823019187247,blinking
0.1540030092000961,0.0358472596853971,0.1544334441423416,0.0535239204764366,0.1504039466381073,0.0551599599421024,1.0,0.00206095610337795,blinking
0.11390348523855204,0.0654537864029407,0.1145122572779655,0.0527735017240047,0.1001997366547584,0.0516426973044872,1.0,0.0013277616235427,blinking
0.0612720046192407,0.031730834394693305,0.052961628884077,0.0164845790714025,0.0456707589328289,0.0172368213534355,1.0,0.001022898853989275,blinking
0.044248329475522,0.005745594389736651,0.0373069979250431,-0.0202824510633945,0.0319494865834713,-0.0093149300664663,1.0,0.0008051710319705,blinking
0.16456974297761917,0.0215971283614635,0.1110608875751495,-0.0480018034577369,0.1130633875727653,-0.0280012246221303,1.0,0.00259111268678675,blinking
0.1482462733983993,-0.01812641415745015,0.1900388747453689,-0.0666124373674392,0.1765759736299514,-0.0524307712912559,1.0,0.002196174871642075,blinking
0.22025053203105927,-0.02294452395290135,0.2316911965608596,-0.0288817584514617,0.2222454696893692,-0.0367535986006259,1.0,0.0030992155370767505,blinking
0.22890332341194147,0.0032252166420221008,0.3037690818309784,-0.0130313970148563,0.2602767944335937,-0.0134074268862605,1.0,0.0034740108530968003,blinking
0.24906112253665919,0.048055429011583245,0.3285474777221679,0.0439613536000251,0.2394576370716095,0.0280697774142026,1.0,0.00416039401898155,blinking
0.1769204586744308,0.0578769892454147,0.2643183469772339,0.1452452838420868,0.1818283647298813,0.0788367763161659,1.0,0.0026805047527886246,blinking
0.14980332553386685,0.10087666288018221,0.2242800891399383,0.2030655294656753,0.1540113240480423,0.1274802237749099,1.0,0.004109161032829375,blinking
0.2261540442705154,0.19544018059968943,0.2394547164440155,0.2349951267242431,0.1985974460840225,0.1848099678754806,1.0,0.003814977651927575,blinking
0.6104290336370468,0.37335245311260223,0.3053441047668457,0.2397410124540329,0.3451383411884308,0.236185073852539,1.0,0.048651231394614976,blinking
0.31177075207233423,0.2031646147370338,0.264011949300766,0.14837646484375,0.2698251903057098,0.1616164892911911,1.0,0.01433311850996685,blinking
0.28201559185981745,0.10470247268676755,0.2299154996871948,0.1036603897809982,0.2364781945943832,0.0895377919077873,1.0,0.004275845654774425,blinking
0.26956503838300705,0.04928075335919855,0.2472226023674011,0.0616928488016128,0.2446730583906173,0.0657807514071464,1.0,0.0030876098608132,blinking
0.2880995124578476,0.0715725980699062,0.218459352850914,0.0645982772111892,0.2222728282213211,0.0595756992697715,1.0,0.003121943969745125,blinking
0.2511981278657913,0.10673790797591204,0.2044619917869568,0.0687694028019905,0.2054215669631958,0.0811068564653396,1.0,0.003839063021587175,blinking
0.1485434547066688,0.03567827679216855,0.131657674908638,0.0472224317491054,0.1219430118799209,0.0495891571044921,1.0,0.0017056166980182,blinking
0.09444135427474976,0.017026131041347953,0.0902304500341415,0.0283574815839529,0.085758276283741,0.0294270236045122,1.0,0.0013863010099157249,blinking
0.09018423594534394,-0.0217882303986698,0.0460271425545215,0.0058276834897696,0.0510880798101425,-0.0077595431357622,1.0,0.004905074572889075,blinking
0.14370056614279744,-0.057622505351901,0.0513331815600395,-0.0433013141155242,0.0788605809211731,-0.0469619520008564,1.0,0.0055070299276849,blinking
0.1485305614769458,-0.1134489849209785,0.0928240120410919,-0.0789110213518142,0.1208449974656105,-0.0909790694713592,1.0,0.0048082777066156,blinking
0.25214929878711695,-0.1520476713776588,0.1509025245904922,-0.1196891590952873,0.1873915344476699,-0.1370709389448166,1.0,0.016452359297545575,blinking
0.2313728928565979,-0.14726404100656504,0.1411852091550827,-0.1088968887925148,0.1602517366409301,-0.1142396330833435,1.0,0.006661333056399525,blinking
0.16436117887496945,-0.1094574928283691,0.0832139998674392,-0.0535192228853702,0.0974915325641632,-0.0599737726151943,1.0,0.002745153877185625,blinking
0.08276906609535209,-0.0514412662014365,0.0744818896055221,-0.0263546667993068,0.0635089799761772,-0.0286230202764272,1.0,0.001427336086635425,blinking
0.10253044776618475,-0.04733566136565055,0.0576706491410732,-0.012594761326909,0.0686309114098548,-0.0246261153370142,1.0,0.0019905105727957254,blinking
0.07469217106699941,-0.0375307155773043,0.067470870912075,-0.0156339984387159,0.0619047097861766,-0.0240793786942958,1.0,0.0015193449798971,blinking
0.06801945716142649,-0.04115339368581765,0.0505191683769226,-0.0242395643144845,0.0523367039859294,-0.0233202539384365,1.0,0.001020140785840275,blinking
0.07227626070380205,-0.03840857278555625,0.0489014089107513,-0.015992384403944,0.0485106296837329,-0.0150443809106946,1.0,0.00133849187113805,blinking
0.056451439857482896,-0.024493804201483702,0.0386144109070301,-0.0050490940921008,0.0400529615581035,-0.0131511688232421,1.0,0.0014680797903564998,blinking
0.03506754059344525,-0.0049096988514066,0.0261752847582101,0.0084580639377236,0.0255310200154781,0.0063500124961137,1.0,0.0006034058897057,blinking
0.04553109221160405,-0.0183992385864258,0.0329614803194999,0.0125392032787203,0.0338054597377777,0.0084229633212089,1.0,0.0010243519500363,blinking
0.0501938089728355,-0.0009905374608933995,0.0461569651961326,-0.0053804838098585,0.0399478673934936,-0.0072569004260003,1.0,0.0009677215857663749,blinking
0.08041352778673169,-0.03601143881678575,0.0567190647125244,-0.0277807768434286,0.0534491911530494,-0.0217667743563652,1.0,0.0015460202848771002,blinking
0.1074273772537708,-0.03429588861763475,0.0854066610336303,-0.0417961701750755,0.0872503668069839,-0.0362981893122196,1.0,0.001085284413420525,blinking
0.10868421569466585,-0.02659166767261915,0.0895363092422485,-0.0436307452619075,0.0963232889771461,-0.0456186197698116,1.0,0.00099482010409695,blinking
0.12222442403435704,-0.05859334580600255,0.1102248728275299,-0.0440145656466484,0.1041586250066757,-0.0398418195545673,1.0,0.00116008258191865,blinking
0.0864852964878082,-0.0267259161919355,0.08615093678236,-0.0356914810836315,0.0853011235594749,-0.0328605882823467,1.0,0.001202681523864125,blinking
0.09071248397231099,-0.0188143803970888,0.0836225450038909,-0.03235450014472,0.0845787674188613,-0.0265740789473056,1.0,0.00108963766251685,blinking
0.091429304331541,-0.014367690542712799,0.0849590003490448,-0.0291258990764617,0.0753639861941337,-0.0210511833429336,1.0,0.0011485764262033,blinking
0.08045882731676095,-0.0071125030517578,0.0714018493890762,-0.0279897060245275,0.071789801120758,-0.0238818004727363,1.0,0.00105372724647165,blinking
0.08016412705183025,-0.01686052186414595,0.0404277928173542,-0.0035345614887773,0.048345673829317,-0.0094426097348332,1.0,0.0011708776582963249,blinking
0.056214103475212995,-0.015725025674328152,0.0520928762853145,-0.0123060178011655,0.0493173524737358,-0.0154997883364558,1.0,0.000801758113084325,blinking
0.05618586018681525,0.000826175324618799,0.0327128767967224,0.0004366361245047,0.0344692915678024,-0.0069135776720941,1.0,0.00076939552673135,blinking
0.04085007868707175,0.0031907740049064003,0.0311131626367568,0.0071735871024429,0.029923141002655,0.009459551423788,1.0,0.0008063523855525502,blinking
0.030922241508960648,-0.00056090721773215,0.0399146676063537,0.0253143310546875,0.0251731351017951,0.009469985961914,1.0,0.00072163684671975,blinking
0.037102142348885495,0.0135705289430916,0.0321677885949611,0.0196173246949911,0.0305127147585153,0.0109311267733573,1.0,0.0007556657656095499,blinking
0.049274116754531805,-0.0041711516678333,0.0323164761066436,0.0038878612685948,0.0329262465238571,0.0041731665842235,1.0,0.0007197599843493,blinking
0.055848805233836105,-0.003103182651102549,0.0311119835823774,-0.0067256046459078,0.0385426804423332,-0.0108446236699819,1.0,0.00083791605720755,blinking
0.0727209039032459,-0.018552193185314498,0.0556799806654453,-0.0393109433352947,0.0572808533906936,-0.0348194353282451,1.0,0.0009361357224406251,blinking
0.06969167105853555,-0.0513364356011152,0.0617112182080745,-0.059333998709917,0.0679973661899566,-0.0532636083662509,1.0,0.0008596197585574749,blinking
0.06323434971272945,-0.0474173109978437,0.0905113741755485,-0.0875271558761596,0.075655959546566,-0.0622914247214794,1.0,0.0010795416164909749,blinking
0.0848497413098812,-0.0752191171050071,0.1043627336621284,-0.1016849651932716,0.0877128764986991,-0.0805109813809394,1.0,0.0011024444393114498,blinking
0.06321014463901516,-0.05299990065395831,0.1173929795622825,-0.1127182394266128,0.0905058905482292,-0.0816598758101463,1.0,0.001163395791081675,blinking
0.09520781412720675,-0.0890650749206543,0.1652558594942093,-0.1500412374734878,0.1181828528642654,-0.1093966513872146,1.0,0.00150950707029545,blinking
0.08346614055335515,-0.0686140432953834,0.1192753612995147,-0.1118500530719757,0.093121662735939,-0.0864230915904045,1.0,0.0011750588309950999,blinking
0.24702542275190348,0.055486129596829456,0.1057973727583885,-0.0840152874588966,0.1228214874863624,-0.0336953327059745,1.0,0.0081292216782458,blinking
0.4051821827888489,0.1460695629939437,0.1007477417588234,-0.0252051725983619,0.1807022094726562,0.030996099114418,1.0,0.045566511078504804,blinking
0.16490641236305234,0.04444742202758785,0.1188254207372665,0.0187816135585308,0.1372883021831512,0.0368454866111278,1.0,0.004323923174524625,blinking
0.2479545697569847,0.0650388281792402,0.18323415517807,0.0604197196662426,0.1949300020933151,0.0560968071222305,1.0,0.0032285245833918,blinking
0.22694888710975644,0.06668178923428054,0.188233733177185,0.0425184182822704,0.2005461007356643,0.064666748046875,1.0,0.0026879286451730504,blinking
0.21382380276918406,0.05779277347028255,0.1765002906322479,0.0670952424407005,0.1843507885932922,0.0712430626153945,1.0,0.001463595108361875,blinking
0.2136294618248939,0.09193779900670046,0.1374185532331466,0.0914134457707405,0.1658092141151428,0.0978547260165214,1.0,0.0017698190058581,blinking
0.27738041430711746,0.11977562535321334,0.188988521695137,0.1712615191936493,0.2291973531246185,0.1699338853359222,1.0,0.0031626497511751503,blinking
0.22404318302869797,0.13149756565690035,0.1887737959623336,0.1581776887178421,0.2023889422416687,0.1554032564163208,1.0,0.00206139252986755,blinking
0.12124906107783315,0.07104323431849474,0.1157198101282119,0.0925394669175148,0.1052091792225837,0.0760545134544372,1.0,0.0015683522506151001,blinking
0.1221363544464111,0.027047230862081,0.0471113920211792,0.0346577949821949,0.0558472499251365,0.0171670354902744,1.0,0.005569644388742701,blinking
0.0953508839011192,-0.05132708139717575,0.029702691361308,-0.0051304744556546,0.0458149351179599,-0.0207691192626953,1.0,0.005090292252134475,blinking
0.0916759371757507,-0.0724574606865644,0.0399289056658744,-0.033477783203125,0.0635420233011245,-0.0484881699085235,1.0,0.0035523442347766,blinking
0.1214327625930309,-0.0771104376763105,0.0342211537063121,-0.0277130901813507,0.0609241239726543,-0.0436358749866485,1.0,0.012077671955921625,blinking
0.1271770820021629,-0.07938583102077244,0.0236969385296106,-0.0106791956350207,0.0495326034724712,-0.0279054082930088,1.0,0.005166947201359975,blinking
0.08276505582034585,-0.0419199280440807,0.0237079858779907,0.0047231819480657,0.0356339067220687,-0.005288628861308,1.0,0.002305471803992925,blinking
0.0988771058619022,-0.055961939040571396,0.0313635133206844,0.0066676996648311,0.0494189076125621,-0.0149624766781926,1.0,0.001993844925891575,blinking
0.11717572808265685,-0.04813777469098565,0.0698157548904419,-0.0313540734350681,0.0880486220121383,-0.0413242802023887,1.0,0.0014906831493135002,blinking
0.16009233146905893,-0.0542798778042197,0.1290943026542663,-0.0360553450882434,0.1432744115591049,-0.0503280870616436,1.0,0.0025685698492451748,blinking
0.15868625044822687,-0.04456622785073705,0.1325036287307739,-0.0120110148563981,0.1313492506742477,-0.0312405750155448,1.0,0.0020673505496233,blinking
0.11495956405997275,-0.0081509444862604,0.1285048574209213,0.0240157693624496,0.1129375100135803,0.0016157487407326,1.0,0.00131544978648885,blinking
0.0808360446244478,0.003842830657959,0.1244610771536827,0.0455255769193172,0.0870865732431411,0.0276369210332632,1.0,0.00108763888420065,blinking
0.06792226806282994,0.01045865286141635,0.125800684094429,0.0660114809870719,0.0882569849491119,0.0353846848011016,1.0,0.001236307914950825,blinking
0.06528466753661624,0.0015575701836497,0.1073017865419387,0.0818348452448844,0.0715711861848831,0.0398256629705429,1.0,0.001048541264026375,blinking
0.0585121493786573,0.037631694227457005,0.0977876707911491,0.0725406780838966,0.0714782178401947,0.051118403673172,1.0,0.001446201073122175,blinking
0.06787345930933945,0.04316968098282805,0.1046945005655288,0.0853068009018898,0.0620311722159385,0.0487702302634716,1.0,0.0009944894409272252,blinking
0.05802258849143975,0.0379548799246549,0.1103028729557991,0.0892490521073341,0.0745954066514968,0.0582183375954628,1.0,0.001139571540988925,blinking
0.06490276567637915,0.04020580835640425,0.0850640162825584,0.0633752271533012,0.064476765692234,0.0463742651045322,1.0,0.001301806347328175,blinking
0.0544559173285961,0.0151310702785849,0.0799701586365699,0.039277296513319,0.0575307309627532,0.0255252607166767,1.0,0.0010844192001968,blinking
0.07797757163643834,0.0228215735405683,0.062664084136486,0.0204139128327369,0.0533013418316841,0.0115221813321113,1.0,0.000989177220617375,blinking
0.0876134186983108,-0.005483663640916349,0.0541170239448547,-0.000847449642606,0.0581572838127613,-0.006583830807358,1.0,0.0010350053926231249,blinking
0.07272891327738756,-0.0026866472326218995,0.0666745230555534,-0.0077870688401162,0.0628474801778793,-0.0058235842734575,1.0,0.001219916317495475,blinking
0.0968832410871982,-0.009775051847100199,0.0723358988761901,-0.0157932378351688,0.0786052346229553,-0.0170855801552534,1.0,0.0012185503583168002,blinking
0.10423640906810755,-0.040981659665703704,0.0903517305850982,-0.0474004484713077,0.0969877168536186,-0.0425471141934394,1.0,0.0016024889046093,blinking
0.12314353138208389,-0.014306178316473999,0.1066773384809494,-0.0429253205657005,0.1135742962360382,-0.0385782569646835,1.0,0.001441241431166375,blinking
0.14682644605636594,-0.017129604704678,0.1223636195063591,-0.0320242866873741,0.1256605088710785,-0.0325246714055538,1.0,0.001380903355311525,blinking
0.11642869561910625,-0.0218000778695568,0.1026998087763786,-0.0274036116898059,0.1094946414232254,-0.0284239817410707,1.0,0.0013789286313112248,blinking
0.13247421383857724,-0.025425067171454402,0.1102728098630905,-0.0153605146333575,0.1036001518368721,-0.0203336831182241,1.0,0.0017710804386296749,blinking
0.11050161346793169,-0.0060581797733903,0.0893000662326812,-0.0167631488293409,0.0887813195586204,-0.0183373615145683,1.0,0.0016804304468677502,blinking
0.0817580185830593,-0.02837947662919755,0.05778718739748,-0.0256738904863595,0.0631563514471054,-0.0213543381541967,1.0,0.001115749517339225,blinking
0.0666953567415475,-0.02658583596348755,0.0580936446785926,-0.0465901680290699,0.060033019632101,-0.0373663045465946,1.0,0.00102786450588605,blinking
0.054964005947112995,-0.025687987916171502,0.0556353367865085,-0.0484157465398311,0.0547911040484905,-0.0317227989435195,1.0,0.0010192166373599,blinking
0.0682649724185466,-0.04394457861781115,0.0602407343685627,-0.0534167177975177,0.0517174676060676,-0.039375752210617,1.0,0.00096268193738065,blinking
0.04982970841228955,-0.0429792776703834,0.0584301091730594,-0.056063137948513,0.0466641522943973,-0.0378858894109725,1.0,0.000992466513707725,blinking
0.04316947422921655,-0.029532835818827097,0.0587540529668331,-0.0533623322844505,0.0476838909089565,-0.0422098487615585,1.0,0.0010704138258006,blinking
0.0503366775810718,-0.0381262488663196,0.0583186037838459,-0.0523419491946697,0.0482701770961284,-0.0407171808183193,1.0,0.000792368125985325,blinking
0.0382088180631399,-0.02885690145194525,0.0606864280998706,-0.0523932054638862,0.0480956882238388,-0.0363154709339141,1.0,0.000793409373727575,blinking
0.0486354203894734,-0.0322219412773847,0.0524170584976673,-0.0390593707561492,0.0384484119713306,-0.0241478197276592,1.0,0.00111608744191465,blinking
0.1187829468399286,0.047523792018182597,0.0450766496360302,-0.0342978462576866,0.060396235436201,-0.0069693396799266,1.0,0.004125775856664325,blinking
0.5941267907619475,0.2362564159557223,0.0383745692670345,-0.0211709830909967,0.1797499656677246,0.0450816452503204,1.0,0.06230201909784223,blinking
0.0751844607293605,0.04218824021518225,0.03417843952775,0.0078320624306797,0.0379424206912517,0.0099561354145407,1.0,0.0033899904519784996,blinking
0.10442607849836345,0.0368121219798922,0.0675257071852684,0.0319088660180568,0.0795686244964599,0.032581552863121,1.0,0.00138727553712665,blinking
0.1442796662449836,0.05509904678910965,0.1385262310504913,0.0789501518011093,0.1386899650096893,0.0705605670809745,1.0,0.0017172247171401748,blinking
0.2670157551765442,0.12707207724452013,0.210702359676361,0.1360954940319061,0.2104840725660324,0.1151905059814453,1.0,0.002741591888479825,blinking
0.27430946379899973,0.12369537353515625,0.3091672360897064,0.2030788362026214,0.2787537276744842,0.161023199558258,1.0,0.003469090326689125,blinking
0.38406230509281153,0.2154329717159271,0.3401143848896026,0.2560049295425415,0.3321875035762787,0.2287227362394333,1.0,0.0057477121590636246,blinking
0.4553126841783523,0.1924092955887317,0.3724164366722107,0.2604467868804931,0.3845896422863006,0.2404420524835586,1.0,0.0054207686334847745,blinking
0.3502812683582306,0.17606797814369196,0.2946983277797699,0.1747264415025711,0.3145105838775635,0.1798427850008011,1.0,0.0047185842413454745,blinking
0.22220002114772797,0.0602295582648366,0.1700741499662399,0.0948294624686241,0.1612319946289062,0.0816730037331581,1.0,0.003221745835617125,blinking
0.12884885072708124,0.01599000068381425,0.0703916400671005,0.0083911605179309,0.0750739052891731,0.0046551646664738,1.0,0.007376101624686249,blinking
0.10046190395951266,-0.05179086141288275,0.0602238774299621,-0.0442532263696193,0.0704425871372222,-0.0460575334727764,1.0,0.0038815792504464748,blinking
0.1133811771869659,-0.09180974960327146,0.0711312443017959,-0.0632468983530998,0.0872977450489997,-0.0774827823042869,1.0,0.0035793687129625495,blinking
0.1309031322598457,-0.07596976961940524,0.057143211364746,-0.0496403612196445,0.0752815455198288,-0.0558596216142177,1.0,0.010393869699328175,blinking
0.11896840110421181,-0.0796351432800293,0.0419500730931758,-0.0131519027054309,0.0598885528743267,-0.0338966138660907,1.0,0.006524007010739251,blinking
0.0907435305416584,-0.026559206191450396,0.0487241111695766,0.0239508207887411,0.0489582680165767,0.00433349609375,1.0,0.00145698305277615,blinking
0.10247720777988431,-0.03272364684380595,0.0790041387081146,0.0366923026740551,0.0786356329917907,0.0133778071030974,1.0,0.0024640363990329,blinking
0.09962146356701845,-0.0088612851686776,0.105606235563755,0.0096298605203628,0.089814968407154,-0.0042736949399113,1.0,0.0013207380252424,blinking
0.1435429006814956,-0.03269444976467635,0.1270191520452499,0.0048174737021327,0.1249335631728172,-0.0155832627788186,1.0,0.0021721548691857,blinking
0.20187526196241373,-0.07704118592664595,0.1797377318143844,-0.037752591073513,0.1660990566015243,-0.056662168353796,1.0,0.0034452023101038502,blinking
0.1316478587687015,-0.0418023699894547,0.1426013112068176,-0.0100269811227917,0.1339035332202911,-0.0282302182167768,1.0,0.0020079615642315998,blinking
0.13313492387533185,-0.0073532694950700014,0.1244448274374008,0.0202683676034212,0.0974534153938293,0.0022023145575076,1.0,0.00261191345634865,blinking
0.0677893497049808,0.0109036518260836,0.1243176609277725,0.0633314102888107,0.0842313021421432,0.0353781767189502,1.0,0.0014517691015498001,blinking
0.06191197410225865,0.0166972600854933,0.1095234453678131,0.0660701617598533,0.0740024372935295,0.0416352897882461,1.0,0.0010850515973288251,blinking
0.0703299045562744,0.0125361955724656,0.0941748693585395,0.0573045797646045,0.063472494482994,0.0351614095270633,1.0,0.000984942860668475,blinking
0.0532888546586036,0.0063970272312871505,0.073886714875698,0.0423916541039943,0.0490374416112899,0.0237904712557792,1.0,0.0011815989564638249,blinking
0.053792020305991145,0.013413576409220699,0.0599622428417205,0.0317644961178302,0.0463477447628974,0.0122132021933794,1.0,0.0007782071188557501,blinking
0.04931457154452795,0.0183424949645996,0.054385919123888,0.0297452490776777,0.0443748272955417,0.0181518997997045,1.0,0.0010219091636826999,blinking
0.0795923881232738,0.0285566411912441,0.0761659741401672,0.0387037210166454,0.0603508614003658,0.0226939711719751,1.0,0.000928047578781775,blinking
0.05383896455168714,0.029573990032076752,0.073470614850521,0.0266481060534715,0.0608674623072147,0.0241304282099008,1.0,0.0010388146038166498,blinking
0.0762325339019298,0.015805941075086552,0.077744223177433,0.0101001448929309,0.0681413486599922,0.0129206040874123,1.0,0.001006037971819725,blinking
0.08124622330069539,-0.01904219854623075,0.0665702670812606,-0.0242681261152029,0.0706339627504348,-0.0222687441855669,1.0,0.000914045405806925,blinking
0.12322146445512765,-0.021810898557305253,0.089598000049591,-0.0478214360773563,0.0996584594249725,-0.032339658588171,1.0,0.00142844581569075,blinking
0.11025038734078399,-0.0263458769768476,0.0944368541240692,-0.0435384102165699,0.1064120903611183,-0.0386817045509815,1.0,0.0012329448218224,blinking
0.12469460070133204,-0.02787641377653925,0.1060888841748237,-0.033727791160345,0.108548380434513,-0.0373739339411258,1.0,0.00135030569799705,blinking
0.0963134244084358,-0.0058453632518649,0.0981469824910163,-0.017234606668353,0.0921634882688522,-0.02023147046566,1.0,0.001330745770246675,blinking
0.08954651653766629,-0.01227730972459535,0.0907630994915962,0.0130372662097215,0.0765742063522338,0.0030534407123923,1.0,0.00101413184893315,blinking
0.0500514768064022,-0.00434273947030305,0.0410855822265148,0.0019656450022011,0.0346537567675113,-0.0001578611554577,1.0,0.000789074139902325,blinking
0.0296677649021148,-0.00352166243828835,0.0200294982641935,-0.0023103372659534,0.0205899234861135,-0.0049365549348294,1.0,0.00083363246812945,blinking
0.0434051919728517,-0.00979738961905235,0.0326461568474769,-0.009483141824603,0.0273695141077041,-0.004493152257055,1.0,0.000923343279282525,blinking
0.0374962668865919,-0.011012554168701151,0.0324256494641304,-0.0092659974470734,0.0297441594302654,-0.0050676008686423,1.0,0.0006506288482341751,blinking
0.03718868084251875,-0.0128122477326542,0.0404641963541507,-0.0086673833429813,0.0329529531300067,-0.0105755748227238,1.0,0.001165660883998425,blinking
0.0492698177695274,-0.02032467024400825,0.0245085377246141,-0.0021702693775296,0.0266700703650712,-0.0088043212890625,1.0,0.0009511110256425251,blinking
0.03905920870602125,-0.00325760478153825,0.0293888915330171,0.0184717420488595,0.0225662384182214,0.0133434748277068,1.0,0.000841184511955325,blinking
0.038162556476891,0.0188671629875898,0.0352039001882076,0.0283966064453125,0.031545765697956,0.0222774948924779,1.0,0.00086253701010715,blinking
0.0221286211162805,0.012009180150926049,0.0330163054168224,0.0231327153742313,0.025757223367691,0.0159850399941205,1.0,0.0006574758008354999,blinking
0.0461572632193565,-0.015604752581566501,0.0409249849617481,-0.0094185853376984,0.0397587530314922,-0.0130887869745492,1.0,0.0007930970896267499,blinking
0.06692398339509954,-0.02007946604862805,0.0542414747178554,-0.0281579438596963,0.0614777877926826,-0.0227204486727714,1.0,0.001248062661034025,blinking
0.09537201747298235,-0.01723986404249445,0.0795337483286857,-0.0343886166810989,0.0873521491885185,-0.0372967422008514,1.0,0.0020305773214203747,blinking
0.10244587808847419,-0.02056807745248075,0.0929887294769287,-0.0434437282383441,0.0973678454756736,-0.0430606380105018,1.0,0.0015038536075734751,blinking
0.1084857657551765,-0.0376536287367343,0.0895315408706665,-0.0612569972872734,0.0897203087806701,-0.0490257032215595,1.0,0.0015478970162803,blinking
0.06740846857428545,-0.03569005057215685,0.0629336982965469,-0.0501020364463329,0.0660251528024673,-0.0474016517400741,1.0,0.001034207060001775,blinking
0.0941236969083547,-0.01207612082362175,0.0488744154572486,-0.0457591526210308,0.062586523592472,-0.0338816940784454,1.0,0.0018048127094516,blinking
0.5239327773451804,0.2111563682556152,0.0355528593063354,-0.0300782024860382,0.1697276681661605,0.0332088470458984,1.0,0.04658813148853362,blinking
0.12646451592445368,0.06432698294520375,0.0295840129256248,-0.0061805918812751,0.0530400536954402,0.0064059984870254,1.0,0.007855086849303874,blinking
0.0689539741724729,0.02838167734444135,0.0442756414413452,0.0142513178288936,0.0458017326891422,0.0114971613511443,1.0,0.00151894531154535,blinking
0.10467258095741266,0.041098154615610796,0.0604815073311328,0.0311713591217994,0.0700556561350822,0.0333240740001201,1.0,0.0018142084591090252,blinking
0.0992497764527797,0.01819896697998045,0.073763184249401,0.0346315838396549,0.0711410865187645,0.0313168689608573,1.0,0.001041209223330925,blinking
0.07912158593535415,0.04367722012102595,0.0722998976707458,0.0348455980420112,0.0715620592236518,0.0309831947088241,1.0,0.001325146702583825,blinking
0.06321417354047296,0.015774360159412002,0.0670070350170135,0.0342379845678806,0.057774182409048,0.0235358960926532,1.0,0.00112592606456015,blinking
0.07567042484879491,0.01773089636117215,0.0470372401177883,0.0158914420753717,0.0567603521049022,0.018858179450035,1.0,0.002233028513728575,blinking
0.11210097745060921,0.02850099746137855,0.0663641244173049,0.0351343415677547,0.0770186409354209,0.0291264485567808,1.0,0.004563680427963775,blinking
0.10963937453925604,-0.0011494341306388005,0.0560773089528083,0.0362705327570438,0.0737907290458679,0.024728437885642,1.0,0.0020496095967246003,blinking
0.08967356570065015,-0.01981801260262725,0.0382660813629627,0.0212378874421119,0.0595349296927452,0.0026462778914719,1.0,0.004742526332847701,blinking
0.10061223991215226,-0.05686316080391405,0.027746558189392,0.0059963129460811,0.0479913465678691,-0.0117046134546399,1.0,0.012499622491304726,blinking
0.09608773887157435,-0.06161528360098595,0.0403793603181839,-0.0265612471848726,0.0481437854468822,-0.0327375084161758,1.0,0.0024408615136053,blinking
0.09853172674775121,-0.07293437048792835,0.0251642987132072,-0.0187080577015876,0.0416165478527545,-0.0294983815401792,1.0,0.0017540500703034502,blinking
0.0660890601575374,-0.030973067739978447,0.0324500948190689,-0.0211021229624748,0.0359802134335041,-0.0200832597911357,1.0,0.0011143190786242,blinking
0.08662248030304905,-0.05203214101493355,0.0159623529762029,0.0045463368296623,0.036799918860197,-0.0041426490060985,1.0,0.0017455108318244752,blinking
0.04948857519775625,-0.0264615279156714,0.0239650104194879,0.0079596107825636,0.0302458852529525,-0.0033958659041672,1.0,0.0010520174255361251,blinking
0.06040541455149649,-0.02717810403555625,0.0522806271910667,-0.0029879838693886,0.0510376207530498,-0.01373291015625,1.0,0.000911791124963175,blinking
0.08892318233847615,-0.01041867211461065,0.100486159324646,-0.0154148982837796,0.0897754058241844,-0.0170566327869892,1.0,0.0014707331429235,blinking
0.1263443008065223,-0.01756543386727565,0.1285321712493896,-0.0104405330494046,0.121526688337326,-0.0107171675190329,1.0,0.001529632369056325,blinking
0.1169301606714725,-0.016783457249403,0.1308604031801223,0.0242720376700162,0.1126381233334541,-0.0050864499062299,1.0,0.0013841612380929,blinking
0.12054050713777541,-0.00502857798710465,0.1424859017133712,0.0369168780744075,0.1157280653715133,0.0230619758367538,1.0,0.0015936476847855001,blinking
0.1160487383604049,0.01105946768075225,0.139787957072258,0.070624716579914,0.1131083890795707,0.0380853749811649,1.0,0.001597061767824875,blinking
0.08245562016963956,0.0391118340194225,0.1360861808061599,0.0813097804784774,0.0903774127364158,0.0451582744717597,1.0,0.00164826243417335,blinking
0.10150396078824994,0.0439099166542291,0.1234581992030143,0.0913379341363906,0.0883965492248535,0.0560914203524589,1.0,0.0010267947945976,blinking
0.0845428295433521,0.06027452647686,0.1200737953186035,0.1046052575111389,0.0932270288467407,0.0737046599388122,1.0,0.0015749894228065,blinking
0.07327761873602864,0.0591499246656894,0.1527500450611114,0.140015035867691,0.1013700366020202,0.0947602242231369,1.0,0.001595300098415425,blinking
0.06574669107794755,0.06160189583897585,0.1225976943969726,0.1177915930747985,0.0927300974726677,0.0885901749134063,1.0,0.001123844194807975,blinking
0.06148877367377275,0.05352361313998695,0.0975157544016838,0.0943208336830139,0.0680499449372291,0.0640378817915916,1.0,0.000917763885809075,blinking
0.0522982664406299,0.0461357552558183,0.0712379589676857,0.0684059336781501,0.0544591918587684,0.0505384542047977,1.0,0.000774291314883125,blinking
0.03387536760419605,0.02781805582344525,0.0405665785074234,0.0349719710648059,0.0299415551126003,0.0248937048017978,1.0,0.00075194942473895,blinking
0.0382851231843233,0.0226350203156471,0.0413209274411201,0.0319139547646045,0.0362492352724075,0.0219157729297876,1.0,0.0007683735675527001,blinking
0.041458036750555,0.0050082940142602,0.0482371225953102,0.044498149305582,0.04023252800107,0.0271263122558593,1.0,0.00074229676829415,blinking
0.041544781997799804,0.027890425175428352,0.0533398985862731,0.0438478924334049,0.0422371365129947,0.0292211417108774,1.0,0.0007887261599535001,blinking
0.0442600697278976,0.0247964859008789,0.0479615144431591,0.0305551383644342,0.038995873183012,0.021575478836894,1.0,0.001060326845617925,blinking
0.03516726568341255,0.017614107578992802,0.041468970477581,0.0282318890094757,0.0365329422056674,0.0172570180147886,1.0,0.00095342964050355,blinking
0.0370239103212952,0.010875592008233001,0.0343186967074871,0.0091584036126732,0.0336545966565609,0.0087438467890024,1.0,0.0009318536758655001,blinking
0.026305410079657997,0.00252485275268555,0.0248999781906604,0.0014441075036302,0.0260322801768779,-0.0009900261647999,1.0,0.000846172784804325,blinking
0.02582212630659335,0.00748018128797405,0.016148917376995,0.0007711556972935,0.0173921547830104,0.0032891666051,1.0,0.000761711533414125,blinking
0.02025169320404525,-0.012452932074666,0.0239990372210741,-0.0016131278825923,0.019566960632801,0.0007229973562061,1.0,0.000818912114482325,blinking
0.02749670855700965,-0.00820827484130855,0.0279417838901281,-0.0207022633403539,0.0202919691801071,-0.0131096560508012,1.0,0.000769345555454425,blinking
0.029372329823672702,-0.0105737172416411,0.0389298908412456,-0.0306646879762411,0.0328270830214023,-0.0241579171270132,1.0,0.000719018215022475,blinking
0.0258548110723495,-0.009175337385386149,0.0440421551465988,-0.0274036116898059,0.0329057574272155,-0.0189082194119691,1.0,0.000770436818129325,blinking
0.031511441804468604,-0.0256451461464166,0.0525374710559845,-0.0390746295452117,0.0394192226231098,-0.0314077474176883,1.0,0.0006649784336331749,blinking
0.04301081411540505,-0.03105475381016725,0.0605829507112503,-0.0581598542630672,0.0473326407372951,-0.0417739637196064,1.0,0.0006880002329125751,blinking
0.05735060386359685,-0.0430230367928743,0.0808773189783096,-0.0754355415701866,0.0637834221124649,-0.0560355484485626,1.0,0.0009876682306639499,blinking
0.067934725433588,-0.06031806580722325,0.107914887368679,-0.1057164147496223,0.0875653699040412,-0.0806345120072364,1.0,0.00114118179772045,blinking
0.08217054978013036,-0.0662286840379238,0.1322450935840606,-0.1276655942201614,0.1100181266665458,-0.1006920784711837,1.0,0.001308067643549275,blinking
0.10340666025876996,-0.0832899175584316,0.1621714383363723,-0.1607235670089721,0.1255208253860473,-0.1161881610751152,1.0,0.0014646935742348,blinking
0.101070150732994,-0.08226783573627465,0.1526635885238647,-0.1484128534793853,0.1145287230610847,-0.1030948832631111,1.0,0.001336827204795475,blinking
0.4939541891217232,0.14290483109652993,0.117971234023571,-0.1091605946421623,0.2073887586593628,-0.0262894351035356,1.0,0.03667111101094628,blinking
0.17738914489746088,0.02312660217285155,0.0959243327379226,-0.0653815641999244,0.1039799228310585,-0.03265380859375,1.0,0.013816375983878923,blinking
0.1112982593476772,0.02359155472367995,0.0601323507726192,-0.0117089683189988,0.0717724412679672,-0.0049343109130859,1.0,0.0018016915855695748,blinking
0.15058337152004242,0.0262881792150437,0.1050891652703285,0.0116913625970482,0.1115209460258483,0.0163907445967197,1.0,0.002048043766990275,blinking
0.19512432068586344,0.0265989303588867,0.1618424206972122,0.0259254649281501,0.1624583154916763,0.0207692310214042,1.0,0.00198140155407595,blinking
0.1717726588249206,0.018092265352606798,0.1707830131053924,0.030110677704215,0.1645622998476028,0.0339493453502655,1.0,0.0019211637263651501,blinking
0.18718843907117838,0.0557814389467239,0.3306404650211334,0.089414544403553,0.2583588659763336,0.065472774207592,1.0,0.00238879231619645,blinking
0.20089633762836456,0.0731343477964401,0.7255678772926331,0.1102490574121475,0.4837844967842102,0.0626244246959686,1.0,0.00251745595596725,blinking
0.12216012552380555,0.037088394165039104,0.1990233361721038,0.053749281913042,0.1511655002832412,0.0099869892001152,1.0,0.0018030556675512,blinking
0.08814910054206845,0.04436434060335155,0.078552670776844,0.0701231360435485,0.0628812909126281,0.0236191470175981,1.0,0.0013038837059866,blinking
0.1410361155867576,0.03288617543876165,0.1694925874471664,0.0413016304373741,0.1425578743219375,0.0272327866405248,1.0,0.004679708392359275,blinking
0.0792976915836334,-0.0027553117834031495,0.0872700810432434,0.020526984706521,0.0761721581220626,-0.0048246942460536,1.0,0.005328588391421325,blinking
0.12746204808354375,-0.09439816698431966,0.0720133855938911,-0.0570921301841735,0.0925515741109848,-0.0707538798451423,1.0,0.003480651605059325,blinking
0.15035380423068995,-0.11880782991647715,0.1092766225337982,-0.1059852018952369,0.1195298060774803,-0.1040189415216445,1.0,0.0113815760414581,blinking
0.27104698866605753,-0.19266840070486066,0.1865702122449875,-0.1649432033300399,0.1883407235145568,-0.1449477225542068,1.0,0.006483426608610876,blinking
0.35686007142066956,-0.1873715445399284,0.2989037036895752,-0.1469887048006057,0.2857742309570312,-0.1419290602207183,1.0,0.0034796213149092497,blinking
0.3290925770998001,-0.10332903638482091,0.2979550361633301,-0.025605421513319,0.3172311782836914,-0.0506248474121093,1.0,0.00393290532520035,blinking
0.1690451949834823,0.0162175260484219,0.2914423942565918,0.1335856169462204,0.3123075067996979,0.0789059996604919,1.0,0.002795275242533475,blinking
0.25069350004196167,0.21665808558464045,0.8899188041687012,0.8799837827682495,0.545220673084259,0.49646657705307,1.0,0.0092273300979286,blinking
0.5110479593276978,0.4558378756046295,1.177513837814331,0.9660182595252992,0.7847333550453186,0.6289512515068054,1.0,0.014916215790435623,blinking
0.42854946851730347,0.37527769804000854,0.7012948989868164,0.5331702828407288,0.4813485443592071,0.3691418468952179,1.0,0.010902253095991877,blinking
0.2976682037115097,0.26519592106342316,0.4990971386432647,0.4827916026115417,0.3325819969177246,0.2995652556419372,1.0,0.006281947542447551,blinking
0.3330037444829941,0.29464302957057953,0.7529421448707581,0.7221812605857849,0.5566363334655762,0.5006366968154907,1.0,0.006185170728713225,blinking
0.6886957287788391,0.5009310096502304,0.9033378958702089,0.8183010816574097,0.7512417435646057,0.6189346313476562,1.0,0.008040267042815649,blinking
0.5969296097755432,0.25701881945133204,0.7623887658119202,0.5951057076454163,0.6425663828849792,0.4196840226650238,1.0,0.012134380987845327,blinking
0.6644550263881683,0.2609754726290702,0.8111144304275513,0.5100359916687012,0.6992626786231995,0.3715632855892181,1.0,0.0088116972474381,blinking
0.7100456357002258,0.1979676038026809,0.7965326309204102,0.4015412926673889,0.7127087116241455,0.2985100448131561,1.0,0.008332751691341348,blinking
0.7807537019252777,0.3065791428089142,0.7605118155479431,0.4373462498188019,0.7566313147544861,0.3722801208496094,1.0,0.00828176387585695,blinking
0.7300057709217072,0.34331806004047394,0.5793309807777405,0.3667152523994446,0.6402978897094727,0.3547218441963196,1.0,0.0064436078537255005,blinking
0.5352551341056824,0.22673206776380536,0.4793858528137207,0.2573308646678924,0.5174874067306519,0.2553807497024536,1.0,0.005217324418481375,blinking
0.5316382050514221,0.22960354387760157,0.530241072177887,0.0907115414738655,0.4602579772472381,0.1252896934747696,1.0,0.008571838785428474,blinking
0.37526804208755493,0.16607053577899925,0.7556003332138062,-0.2683445811271667,0.5007346868515015,-0.0404142476618289,1.0,0.018050971732009174,blinking
0.46522828936576843,0.19833891093730927,0.9114798307418824,-0.4925388395786285,0.6412084102630615,-0.1465144455432891,1.0,0.027565694763325124,blinking
0.3372680246829986,0.1686354801058769,0.5083217620849609,-0.2953945100307464,0.4001025259494781,-0.0472958497703075,1.0,0.009407781995832875,blinking
0.18786350637674332,0.11532706394791595,0.2609646022319793,-0.214913785457611,0.1889014691114425,-0.0218548495322465,1.0,0.004959094687364925,blinking
0.1605526059865951,0.06471531186252825,0.4920249879360199,-0.2999126613140106,0.3124538362026214,-0.1047359928488731,1.0,0.004608918388839775,blinking
0.7572011053562164,-0.0250479243695736,1.2845911979675293,-0.4840843081474304,1.0371246337890625,-0.3100880980491638,1.0,0.013795088510960299,blinking
1.0879091024398804,-0.2521782219409942,1.2798795700073242,-0.5789524912834167,1.1059656143188477,-0.4025329053401947,1.0,0.0183231732808053,blinking
0.7894608378410339,-0.15242998301982874,1.0447449684143066,-0.5771531462669373,0.8549253940582275,-0.3937952518463135,1.0,0.01009303261525925,blinking
0.7067506909370422,-0.1331585012376308,0.5102126002311707,-0.293290764093399,0.576400101184845,-0.2684886157512665,1.0,0.007526007364503975,blinking
0.5380490720272064,-0.11516138166189191,0.3597520887851715,-0.2032607644796371,0.4031205475330353,-0.174046128988266,1.0,0.004808890284039025,blinking
0.5007750988006592,-0.0409866105765104,0.284019410610199,-0.1226118057966232,0.3612753748893738,-0.1337220817804336,1.0,0.00452729401877145,blinking
0.4814530164003372,-0.1385317966341972,0.2999501228332519,-0.0779149010777473,0.3425280153751373,-0.1149459183216095,1.0,0.004215403401758475,blinking
0.41933681070804596,-0.12047829851508135,0.3577903807163238,-0.0613524615764617,0.3939389884471893,-0.1243409514427185,1.0,0.005320694006513776,blinking
0.4669949412345886,-0.1058987826108932,0.492767870426178,-0.0147888967767357,0.3880581259727478,-0.0534035190939903,1.0,0.0046510180691257,blinking
0.3213164359331131,-0.02892241068184375,0.2537595927715301,-0.0042470297776162,0.2411320656538009,-0.0316412299871444,1.0,0.0035313548287376,blinking
0.1855026483535766,-0.05407293047755955,0.1220722571015358,0.0070487782359123,0.1431030482053756,-0.014836031012237,1.0,0.00222066327114585,blinking
0.1917406097054481,0.0014083199203014495,0.1405679136514663,0.053741455078125,0.1398221999406814,0.0284456368535757,1.0,0.0021812251361552,blinking
0.2723341733217239,0.01566259679384525,0.3136140704154968,0.0758494809269905,0.2709026038646698,0.0435403920710086,1.0,0.003811939852312125,blinking
0.32806396484374994,-0.0593376904726028,0.316743940114975,-0.0326272025704383,0.3162471950054168,-0.0590066350996494,1.0,0.0038683417951687503,blinking
0.44113782048225403,-0.12617613747715944,0.4287359714508056,-0.1949967592954635,0.4421083331108093,-0.1973878145217895,1.0,0.00374195759650315,blinking
0.4149225652217865,-0.2354980632662773,0.3667314350605011,-0.2719613015651703,0.3657341599464416,-0.2478117048740387,1.0,0.010297223692759825,blinking
0.27450488507747645,-0.15338174998760218,0.1543380916118621,-0.1381475925445556,0.1968936920166015,-0.1335853189229965,1.0,0.0041492698364890505,blinking
0.29267172515392303,-0.0029395543970167997,0.1380993276834488,-0.0124233933165669,0.1682596653699875,-0.0216414500027894,1.0,0.002876174752600425,blinking
0.48331618309020996,0.11372672766447064,0.7468019723892212,0.2493970841169357,0.525751531124115,0.1544308364391327,1.0,0.006417616212274851,blinking
0.4064526706933975,0.08703055605292315,0.5095683932304382,0.1322264075279235,0.4091767966747284,0.0676198825240135,1.0,0.0051940297125838255,blinking
0.16985870152711866,-0.0414232108741998,0.1671208590269088,-0.0523114316165447,0.1718329191207885,-0.0671777129173278,1.0,0.0024953987740445253,blinking
0.14364062994718552,-0.1119522303342819,0.3157467842102051,-0.297097235918045,0.2320936918258667,-0.2056595236063003,1.0,0.004055260797031175,blinking
0.23403055220842356,-0.2297880500555038,0.4317892491817474,-0.3911179900169372,0.3152808845043182,-0.2914917767047882,1.0,0.0039135267725214,blinking
0.23755738884210587,-0.22205323725938794,0.3624195456504822,-0.3534107804298401,0.3044276833534241,-0.285805195569992,1.0,0.0045031754416413,blinking
0.2278219610452652,-0.21295143663883204,0.3444787859916687,-0.3217491805553436,0.2826408743858337,-0.2608234286308288,1.0,0.0037558443727902496,blinking
0.16093230992555616,-0.13011803850531575,0.1627066433429718,-0.1521676927804947,0.15759839117527,-0.139083981513977,1.0,0.0018167860107496,blinking
0.5710781365633011,0.1510143652558327,0.1055586785078048,-0.0997142270207405,0.2314334064722061,-0.0264226123690605,1.0,0.04454221195192073,blinking
0.2301658503711223,0.086187289096415,0.0757185891270637,0.0080417729914188,0.1283710300922393,0.0190492514520883,1.0,0.010715161042753576,blinking
0.08080326393246645,0.02736605145037175,0.1803125292062759,0.0693324133753776,0.1389265656471252,0.0468481853604316,1.0,0.0017947387823368751,blinking
0.0563834905624389,0.00832528341561555,0.1598797142505645,0.0510766431689262,0.1219266057014465,0.0278552565723657,1.0,0.001438150720787225,blinking
0.11959281936287874,0.0002029854804277524,0.1137390956282615,0.0034238374792039,0.1161113604903221,0.004076789598912,1.0,0.00297830280032935,blinking
0.5301320850849152,0.2420485951006412,0.0921981707215309,0.0427422150969505,0.152243360877037,0.0691759437322616,1.0,0.02421365512418555,blinking
0.7354604303836823,0.5516733378171921,0.3686487674713135,0.3404486179351806,0.322803795337677,0.2791511416435241,1.0,0.025540894712321422,blinking
0.3646381050348282,0.1551088914275169,0.9435297846794128,0.8681187033653259,0.6392121911048889,0.5678058862686157,1.0,0.00979981001000845,blinking
0.502091720700264,0.3118393272161484,1.04293692111969,0.9218171238899232,0.7373299598693848,0.646808385848999,1.0,0.015064742881804625,blinking
0.3305650949478149,0.1021807743236422,0.6183357238769531,0.4460034370422363,0.4261877834796905,0.3290889859199524,1.0,0.008327605668455324,blinking
0.12379070743918416,0.03086442220956085,0.1850544661283493,0.0923649743199348,0.140488788485527,0.0817617550492286,1.0,0.0034761791466735,blinking
0.138620164245367,-0.025670640170574202,0.134995698928833,0.0525856986641883,0.1090309470891952,0.0502791702747345,1.0,0.002421074081212225,blinking
0.0768518205732107,-0.00072545185685155,0.1154193133115768,0.044563490897417,0.0941960886120796,0.044554203748703,1.0,0.00117084871453695,blinking
0.0663635972887277,0.007437705993652299,0.0913336798548698,0.018879035487771,0.0926971361041069,0.0210427679121494,1.0,0.0011683251796057001,blinking
0.052840009331703144,0.0085824821144342,0.0802269130945205,-0.0593179538846015,0.0874474793672561,-0.0255548804998397,1.0,0.001103907023207225,blinking
0.0958490017801523,-0.06856815703213211,0.1905485838651657,-0.1720553636550903,0.1813657581806183,-0.1419695615768432,1.0,0.001949580968357575,blinking
0.11752901971340174,-0.0935839489102363,0.2490724176168441,-0.2397218346595764,0.2084442526102066,-0.1577772200107574,1.0,0.0032424336532130248,blinking
0.20115862786769864,-0.0717057809233665,0.1279549896717071,-0.1027213856577873,0.2120564579963684,-0.1139983013272285,1.0,0.0023302204208448,blinking
0.3133690357208252,-0.0782843008637428,0.2700343132019043,-0.127960205078125,0.3135515451431274,-0.1205852702260017,1.0,0.0038787199300713247,blinking
0.3516574949026108,-0.12073216214776036,0.2938775718212127,-0.1978947520256042,0.3467687368392944,-0.1920229941606521,1.0,0.00290118035627525,blinking
0.2364021316170692,-0.16055796667933458,0.3441717326641083,-0.3118810355663299,0.2777559757232666,-0.2122624367475509,1.0,0.0029531880863942,blinking
0.18602694571018213,-0.16989282518625254,0.3715133368968963,-0.3273655772209167,0.2695635855197906,-0.2284176796674728,1.0,0.0053134548943489495,blinking
0.26126668602228165,-0.20290554314851755,0.2873776853084564,-0.1692234873771667,0.2421185821294784,-0.1366592794656753,1.0,0.0093925868859514,blinking
0.2797080017626285,-0.1492652893066406,0.1481344103813171,-0.0252943765372037,0.1839736849069595,-0.0491063743829727,1.0,0.009714564133901074,blinking
0.1531671956181526,-0.02771054767072205,0.2132910192012787,0.1686295717954635,0.1922854632139206,0.1058081462979316,1.0,0.017728371254634074,blinking
0.1840315088629722,0.08977277576923365,0.5866532921791077,0.5753717422485352,0.3693805932998657,0.3360494673252105,1.0,0.006753095076419375,blinking
0.2651581466197967,0.2156863957643509,0.3468423783779144,0.3233924210071563,0.2877175807952881,0.2600867450237274,1.0,0.006135181873105425,blinking
0.2171546071767807,0.18464946746826172,0.3848724067211151,0.3663263618946075,0.2883130311965942,0.2622216045856476,1.0,0.0028467031661420245,blinking
0.25295061618089676,0.11693195253610605,0.2522028088569641,0.2336018830537796,0.2561368644237518,0.1937667578458786,1.0,0.00375634909141805,blinking
0.18188942596316335,0.040459044277668,0.1279300451278686,0.106691800057888,0.1372164934873581,0.0775011852383613,1.0,0.0033378739608450995,blinking
0.10825634375214574,0.02902892976999285,0.0689990669488906,0.0487897805869579,0.0793504491448402,0.0341202244162559,1.0,0.001473764874390275,blinking
0.05757712759077545,0.02287640981376165,0.0493544191122055,0.0401932150125503,0.0482672527432441,0.0319029875099659,1.0,0.001056134351529125,blinking
0.0500015448778867,0.03076322190463535,0.0755479931831359,0.0604744926095008,0.063154324889183,0.0432622581720352,1.0,0.0011490346078062,blinking
0.16976878792047495,0.0642812438309192,0.3208626508712768,0.1471283733844757,0.2210984379053115,0.0976685881614685,1.0,0.0020926974539178748,blinking
0.2252119481563568,0.06836253032088274,0.2509321272373199,0.0738787502050399,0.2310023456811905,0.0538986437022686,1.0,0.0028991691069677,blinking
0.23745493590831754,-0.02588220732286575,0.1898470222949981,-0.0611537061631679,0.2249679267406463,-0.082782968878746,1.0,0.00231383438222105,blinking
0.2708851993083954,-0.19715624302625656,0.2429385036230087,-0.2102891951799392,0.2653687000274658,-0.2027963697910308,1.0,0.0030662649660371,blinking
0.2433826476335525,-0.20474918186664576,0.4029761552810669,-0.3944823443889618,0.298790842294693,-0.2652787566184997,1.0,0.004569434560835275,blinking
0.18214818835258478,-0.158836618065834,0.2086763828992843,-0.2027529180049896,0.2101699709892273,-0.1855775117874145,1.0,0.00226796569768335,blinking
0.13929642736911768,-0.08424714952707285,0.1347498595714569,-0.102818414568901,0.1603790074586868,-0.0965957641601562,1.0,0.00212155640474515,blinking
0.21953137218952173,-0.0465598832815885,0.1743443459272384,-0.0748654901981353,0.1894835829734802,-0.0555242635309696,1.0,0.0032010246359277,blinking
0.1926399767398834,-0.054251266643404905,0.2075696289539337,-0.0849476382136344,0.1965171247720718,-0.0684570968151092,1.0,0.0023269490047823,blinking
0.19446028769016266,-0.07122611999511716,0.2243794202804565,-0.1243325248360633,0.2321511059999466,-0.1147417202591896,1.0,0.0023814140004105,blinking
0.2733331397175789,-0.0993399620056152,0.263747900724411,-0.1982664465904235,0.2694680690765381,-0.1570836305618286,1.0,0.0028660575626417253,blinking
0.9741069525480271,0.11010999232530594,0.3311589658260345,-0.2697213888168335,0.5308147668838501,-0.1550923585891723,1.0,0.059361667954362894,blinking
0.32328712195158,-0.06872188113629815,0.3421765565872192,-0.2857603430747986,0.3464032709598541,-0.2118200361728668,1.0,0.01220723765436555,blinking
0.20451908558607101,-0.1044390760362148,0.2140135169029235,-0.1927717179059982,0.2082960754632949,-0.1421571671962738,1.0,0.0034625931293703,blinking
0.13180131837725634,-0.08126178011298174,0.1743114739656448,-0.161473199725151,0.150391012430191,-0.1127885952591896,1.0,0.0021061857405584,blinking
0.11124072968959804,-0.10090743750333786,0.2128446996212005,-0.2009461224079132,0.1758420169353485,-0.1465292572975158,1.0,0.0019168539729434502,blinking
0.15452336892485616,-0.10461634770035735,0.2462933659553527,-0.2373359948396682,0.2657786309719085,-0.2054455727338791,1.0,0.002265404968056775,blinking
0.5154893696308136,-0.3174916803836822,0.7286787033081055,-0.6451255679130554,0.686164379119873,-0.5462815761566162,1.0,0.005696026841178476,blinking
0.7920604050159454,-0.6440118551254272,1.093059778213501,-1.0452654361724854,0.861552894115448,-0.7630027532577515,1.0,0.0084577834932133,blinking
0.6419874727725983,-0.6248103380203247,0.9642463326454164,-0.9522497653961182,0.7509599924087524,-0.7273269891738892,1.0,0.007723206770606276,blinking
0.5622770190238953,-0.5287929773330688,0.8967428803443909,-0.8001846075057983,0.6215625405311584,-0.5617165565490723,1.0,0.010798170231282624,blinking
0.41199177503585815,-0.32192982733249664,0.662532389163971,-0.4019345045089721,0.4656356573104858,-0.2991949021816253,1.0,0.007422049995511725,blinking
0.2816705107688904,-0.14082512259483335,0.3940839469432831,-0.0587482936680316,0.2829032242298126,-0.0648267418146133,1.0,0.004024402587674525,blinking
0.1958872526884079,-0.0032326625660062,0.172786682844162,0.0435900576412677,0.1889645010232925,0.0442529581487178,1.0,0.004956609947839675,blinking
0.120670448988676,-0.0102414349094033,0.1083535328507423,0.0808277651667594,0.1145060807466507,0.0557877048850059,1.0,0.006248811812838475,blinking
0.21709816902875895,-0.0771648697555065,0.062544859945774,0.0495210289955139,0.0978904366493225,0.0030302160885185,1.0,0.0241056409431621,blinking
0.2551335543394088,-0.1489150710403919,0.0620443038642406,0.0476758889853954,0.1119330301880836,-0.0114105446264147,1.0,0.0102394341374747,blinking
0.1275676432996988,-0.055054811295121846,0.0803933069109916,0.074408896267414,0.0870394110679626,0.0332239940762519,1.0,0.00144599571649445,blinking
0.060156628489494296,0.01942062377929685,0.0919578447937965,0.0845156908035278,0.0784912854433059,0.0613139644265174,1.0,0.0010273073712596,blinking
0.32063498347997665,0.200747013092041,0.1468042135238647,0.0799380540847778,0.1804338693618774,0.103488028049469,1.0,0.032166483404580476,blinking
0.32994799315929413,0.09603724069893355,0.2665777802467346,0.0100125046446919,0.2360050231218338,0.0352019146084785,1.0,0.025317736290162374,blinking
0.29764653742313385,-0.0251351874321699,0.3759336173534393,-0.0355197228491306,0.2960928678512573,-0.005136938765645,1.0,0.003738057159353,blinking
0.24973712861537928,-0.07009410858154295,0.3189916908740997,-0.0848224312067031,0.238963320851326,-0.0488860197365284,1.0,0.0029189718479756,blinking
0.2270726785063743,-0.07892113551497454,0.1766106933355331,-0.0788769870996475,0.1420260220766067,-0.0470457635819911,1.0,0.008482379431370599,blinking
0.15718389675021166,-0.048077583312988253,0.0952269211411476,-0.0351855941116809,0.1000200510025024,-0.0211708974093198,1.0,0.007667526413570101,blinking
0.19599261507391924,-0.108766408637166,0.0876276344060897,-0.0635990276932716,0.106118805706501,-0.0676357075572013,1.0,0.019381691789021674,blinking
0.29154825210571284,-0.20764908567070958,0.1394974440336227,-0.1323218643665313,0.143869861960411,-0.1136366873979568,1.0,0.012341443041805126,blinking
0.1883543841540813,-0.15473776683211324,0.1591440886259079,-0.1573541164398193,0.14573535323143,-0.1299156844615936,1.0,0.002912262192694425,blinking
0.1497773230075836,-0.13326982408761975,0.1853742599487304,-0.1720898002386093,0.1454347819089889,-0.1280112564563751,1.0,0.0024380869872401754,blinking
0.18509358912706375,-0.1739380210638046,0.2205797284841537,-0.1908870637416839,0.1908351480960846,-0.1525110304355621,1.0,0.0023567660828120503,blinking
0.16818317025899884,-0.12594780325889585,0.24294975399971,-0.2016417682170868,0.1911525577306747,-0.1431925147771835,1.0,0.0019831198733299502,blinking
0.20947541296482086,-0.1365319043397903,0.2218911349773407,-0.165531650185585,0.1873171031475067,-0.1267386078834533,1.0,0.00255151672172355,blinking
0.13286172598600385,-0.1008287593722343,0.1672778874635696,-0.1196105182170867,0.1421306282281875,-0.0994749665260315,1.0,0.0017020178202073499,blinking
0.0768157616257667,-0.05310062319040295,0.0844627171754837,-0.0640556141734123,0.0715933442115783,-0.0474108532071113,1.0,0.0009342552220914001,blinking
0.04594290815293785,-0.0423065703362226,0.0432522073388099,-0.0368378460407257,0.0321608930826187,-0.0196607261896133,1.0,0.0011293622810626,blinking
0.05501437373459335,-0.019587223418056902,0.0308527424931526,-0.0159180462360382,0.0334538929164409,-0.0090895257890224,1.0,0.001018871087580875,blinking
0.06354881636798375,-0.00371313095092775,0.0442625992000103,0.0193747486919164,0.0521413050591945,0.0231107827275991,1.0,0.0013534471800084752,blinking
0.06788514740765089,0.0032286643981933507,0.0357017926871776,0.0081658000126481,0.0544440262019634,0.0185929462313652,1.0,0.001135808372055125,blinking
0.10989775881171225,0.0019973609596490496,0.0470842905342578,0.0138898016884922,0.0705445930361747,0.0186843872070312,1.0,0.00173357297899195,blinking
0.10323486849665639,0.02729764394462105,0.0734046027064323,0.0435822308063507,0.0891806706786155,0.0473221056163311,1.0,0.001289784282562275,blinking
0.07034820131957525,0.030240095220506098,0.0832105875015258,0.059573832899332,0.076502114534378,0.0463588945567607,1.0,0.0012969808594789,blinking
0.054353443905711146,-0.0004849800607189499,0.078491173684597,0.0303720328956842,0.0756809338927269,0.0202561542391777,1.0,0.0010896360035985,blinking
0.05972843989729875,0.023179531097412102,0.0886053070425987,0.0554602220654487,0.0827833637595176,0.0492189079523086,1.0,0.00108788312354585,blinking
0.047379994764924,0.02786427270621055,0.0970679596066474,0.080717034637928,0.0759190768003463,0.0633090510964393,1.0,0.0010356234852224,blinking
0.038924973458051654,0.02240151632577175,0.0702398642897605,0.0668569728732109,0.0473699048161506,0.0366575568914413,1.0,0.0009405753517057,blinking
0.037617735564708654,0.027050457894802052,0.0691583976149559,0.0674958825111389,0.049384094774723,0.043253056704998,1.0,0.0006882374436826751,blinking
0.049222255125641795,0.039099950343370396,0.0591597817838192,0.0542731657624244,0.0475421249866485,0.0421504974365234,1.0,0.001014360910630725,blinking
0.045522918924689196,0.004201228730380551,0.0546160601079463,0.0222590528428554,0.0496518686413764,0.0155669944360852,1.0,0.0008462359255644999,blinking
0.0613021105527877,0.0317908432334661,0.0714182406663894,0.0505320243537426,0.0605954229831695,0.037361592054367,1.0,0.00091760086070275,blinking
0.04922480881214135,0.02875885553658005,0.060400802642107,0.0517652444541454,0.0488764680922031,0.0367537103593349,1.0,0.000947355219977825,blinking
0.0327690783888101,0.0101245734840631,0.0241936314851045,0.0130720874294638,0.0272560082376003,0.0108670629560947,1.0,0.00082426014705555,blinking
0.9183639585971832,-0.7980489134788513,1.6223909854888916,-1.424754619598389,1.1053850650787354,-0.9758782386779784,1.0,0.015417276881635151,fake_drowsy
0.4857875406742096,-0.3996316120028495,0.853739857673645,-0.6020694375038147,0.5974571108818054,-0.4311798214912414,1.0,0.007215236313641,fake_drowsy
0.3989199250936508,0.05487416498363015,0.6363725066184998,0.1034236475825309,0.4941011369228363,0.0913683921098709,1.0,0.005235314485616951,fake_drowsy
1.3462345004081726,0.8075114488601685,1.8808023929595947,1.1028352975845337,1.4719780683517456,0.8742318153381348,1.0,0.0194151401519775,fake_drowsy
9.964101791381836,0.5330222100019455,11.160347938537598,0.6560571193695068,10.015910148620604,0.4868801832199096,0.9757543103448276,0.29094049707055086,fake_drowsy
0.5279529094696045,-0.24861656874418256,0.8792846202850342,-0.4171049296855926,0.6027041077613831,-0.2870469093322754,1.0,0.0073737594066187245,fake_drowsy
0.4999062418937683,-0.1284019313752651,0.710376501083374,-0.1230392456054687,0.5051000714302063,-0.1347225904464721,1.0,0.005769523791968776,fake_drowsy
0.43781235814094543,-0.06019070930778975,0.4816913604736328,-0.0215462576597929,0.4172525703907013,-0.0340177416801452,1.0,0.00388317799661305,fake_drowsy
0.5258588790893555,0.0853154864162206,0.5203604698181152,0.1450699716806411,0.5171938538551331,0.1190964728593826,1.0,0.00506099272752175,fake_drowsy
0.5502690076828003,0.16474340483546257,0.4938851594924927,0.2579091489315033,0.5206003189086914,0.2136320024728775,1.0,0.0055495814303867,fake_drowsy
0.4272153675556183,0.1488616801798343,0.3963913917541504,0.2594189047813415,0.3813612461090088,0.1869891285896301,1.0,0.0043349537882022,fake_drowsy
0.33563111722469324,0.07842483371496195,0.3004583716392517,0.1724374592304229,0.3238957822322845,0.1209848001599311,1.0,0.0028468131786212004,fake_drowsy
0.268408291041851,0.056147530674934346,0.2563215494155884,0.1342938691377639,0.2818698287010193,0.0927200317382812,1.0,0.00244952848879615,fake_drowsy
0.37428195774555206,0.053841489367186995,0.3611132204532623,0.2059546560049057,0.389303594827652,0.1427130103111267,1.0,0.004382235812954575,fake_drowsy
0.5327944904565811,0.1818839497864246,0.5041919946670532,0.3073967695236206,0.530022382736206,0.2435874491930008,1.0,0.004303622583392925,fake_drowsy
0.670410543680191,0.2968862876296043,0.5806705951690674,0.3599942624568939,0.6273160576820374,0.3239268064498901,1.0,0.009564961423166075,fake_drowsy
0.7633368670940399,0.44408421218395233,0.6376054883003235,0.4018257856369018,0.6842604279518127,0.387038379907608,1.0,0.011167449178174076,fake_drowsy
0.6851294040679932,0.29347930103540415,0.762496292591095,0.4286710917949676,0.7344067096710205,0.3404152393341064,1.0,0.0059288999182171495,fake_drowsy
0.7706448137760162,0.24883453547954554,0.6321603655815125,0.2925016582012176,0.7185455560684204,0.2790722548961639,1.0,0.006668199901469,fake_drowsy
0.9769927561283112,0.4603012204170227,0.6327932476997375,0.26233971118927,0.7517290115356445,0.3365006446838379,1.0,0.025317860767245248,fake_drowsy
1.5626786351203918,1.0088549554347992,0.8046233057975769,0.4510726928710937,1.0818121433258057,0.659142255783081,1.0,0.15189999155700204,fake_drowsy
0.9952931702136993,0.5732989758253098,0.8315799236297607,0.5513441562652588,0.9031553864479064,0.5238346457481384,1.0,0.0283234877279028,fake_drowsy
1.2436363697052002,0.7624277174472809,1.4198881387710571,1.1665390729904177,1.2172675132751465,0.8326670527458191,1.0,0.0149474169593304,fake_drowsy
1.9006482362747192,1.4622474312782288,2.176791191101074,1.9868855476379397,1.8699171543121336,1.507961988449097,1.0,0.019207102246582477,fake_drowsy
2.8800798654556274,2.531683087348938,3.465252161026001,3.38433575630188,2.899017810821533,2.555992126464844,1.0,0.026383878663182224,fake_drowsy
5.094965934753418,4.845075607299805,5.824924468994141,5.810802459716797,4.799072742462158,4.510586261749268,1.0,0.05232109595090148,fake_drowsy
6.660946607589722,6.477172136306763,7.502121925354004,7.493494033813477,6.24522066116333,5.938965797424316,1.0,0.058386921882629346,fake_drowsy
6.91196608543396,6.769947052001953,7.398823261260986,7.393882751464844,6.292225360870361,6.047382354736328,0.9966666666666668,0.05825417302548878,fake_drowsy
5.734257221221924,5.638319492340088,6.112397193908691,6.105321884155273,5.2841477394104,5.087008953094482,1.0,0.04296635510399935,fake_drowsy
4.5428760051727295,4.493890285491943,4.750405311584473,4.74632453918457,4.1486992835998535,4.024199962615967,1.0,0.035730502801015925,fake_drowsy
3.7677162885665894,3.753713846206665,4.158959865570068,4.135939598083496,3.502106189727783,3.4104628562927246,1.0,0.025218784692697175,fake_drowsy
2.5670262575149536,2.5587676763534546,2.978341817855835,2.967801332473755,2.4616622924804688,2.410808801651001,1.0,0.0176351751433685,fake_drowsy
0.7421993613243103,0.7082326710224152,1.012954592704773,0.9568896889686584,0.7792100310325623,0.7182914018630981,1.0,0.01797310449182985,fake_drowsy
0.5119581967592239,-0.4316552206873893,0.7331593632698059,-0.5846413373947144,0.6481565237045288,-0.5097623467445374,1.0,0.0169603286776691,fake_drowsy
2.490563154220581,-2.458516776561737,2.6145036220550537,-2.479793071746826,2.3312883377075195,-2.240345001220703,1.0,0.040936478413641376,fake_drowsy
3.6124707460403442,-3.6031696796417236,3.9001100063323975,-3.8183746337890634,3.382131099700928,-3.303963422775269,1.0,0.04104039934463795,fake_drowsy
4.422694206237793,-4.399293899536133,4.7894606590271,-4.690066814422607,4.009638786315918,-3.914175033569336,1.0,0.056636951398104374,fake_drowsy
5.030888795852661,-4.978859901428223,5.262270927429199,-5.180935382843018,4.4797210693359375,-4.350290775299072,1.0,0.0642060916870832,fake_drowsy
5.498866081237793,-5.4631688594818115,6.161680221557617,-6.052079200744629,5.071028709411621,-4.901824951171875,1.0,0.07628132123500106,fake_drowsy
5.524026870727539,-5.484337091445923,6.669188022613525,-6.578155040740967,5.375097274780273,-5.159217357635498,1.0,0.04363224888220425,fake_drowsy
4.752183437347412,-4.6474387645721436,5.690006256103516,-5.682401657104492,4.733359336853027,-4.5143141746521,1.0,0.04550147801637648,fake_drowsy
3.5506597757339478,-3.3490028381347656,4.379019260406494,-4.341113090515137,3.666173458099365,-3.365628719329834,1.0,0.0227021491155028,fake_drowsy
2.4701805114746094,-2.157798171043396,3.169846534729004,-3.0706074237823486,2.6962339878082275,-2.306862592697144,1.0,0.016629604506306274,fake_drowsy
1.66816246509552,-1.2284733057022095,1.9929194450378416,-1.7908062934875488,1.8066556453704836,-1.3548349142074585,1.0,0.012694931065197975,fake_drowsy
1.1146795451641083,-0.4913858622312546,1.243326187133789,-0.8387629389762878,1.2683987617492676,-0.6472873091697693,1.0,0.011350811575539375,fake_drowsy
0.9685297012329103,-0.1570950485765934,1.0190134048461914,-0.3957871198654175,1.0447797775268557,-0.2515617609024048,1.0,0.009202818619087276,fake_drowsy
0.7739858329296112,-0.06534029543399805,0.9340660572052002,-0.3383038938045501,0.842900276184082,-0.1758478581905365,1.0,0.009177973901387275,fake_drowsy
0.5995025932788849,-0.02778610866516825,0.5470663905143738,-0.2461793720722198,0.5325889587402344,-0.1284109652042389,1.0,0.006762209173757526,fake_drowsy
0.39613528549671173,-0.062117766588926246,0.4252460300922394,-0.2452108561992645,0.3658740818500519,-0.1223695054650306,1.0,0.00609439291292795,fake_drowsy
0.3654993921518326,0.02329939045012,0.2779086530208587,-0.0562574602663517,0.2691359519958496,-0.0318970568478107,1.0,0.0035800632031168,fake_drowsy
0.21182153373956675,0.05922708101570605,0.2700914144515991,0.0852652639150619,0.2043697983026504,0.0700597018003463,1.0,0.00295716986875045,fake_drowsy
0.34479208290576935,0.2559038922190666,0.5649805665016174,0.5140041708946228,0.3676683604717254,0.3159546852111816,1.0,0.00513030376168895,fake_drowsy
0.535109281539917,0.47934360802173615,0.9285423755645752,0.8816155195236206,0.6132884621620178,0.5749305486679077,1.0,0.008770011831074901,fake_drowsy
0.6588075459003448,0.5855749845504761,0.8887401223182678,0.7608935236930847,0.633237361907959,0.5382822155952454,1.0,0.0101822469150647,fake_drowsy
0.615382194519043,0.536058634519577,0.8878147006034851,0.7666180729866028,0.6113148927688599,0.5300350785255432,1.0,0.00954593438655135,fake_drowsy
0.5854288935661316,0.5085694640874863,0.6354759931564331,0.4954444169998169,0.4818373024463653,0.4003372192382812,1.0,0.009807576599996475,fake_drowsy
0.5518527626991272,0.46702753007411957,0.1733236461877823,0.1252708435058593,0.2663597464561462,0.2165024280548095,1.0,0.011909450753591925,fake_drowsy
0.09764064103364939,0.07939187809824941,0.0808536261320114,-0.002781338058412,0.0765330865979194,0.0245029348880052,1.0,0.0020778836915269,fake_drowsy
0.2559293359518051,0.003735713660717052,0.1475017219781875,-0.10402213037014,0.1666240245103836,-0.0619170740246772,1.0,0.0344437528401613,fake_drowsy
0.4052915722131729,-0.07708578743040555,0.3685252964496612,-0.3084199726581573,0.3162760436534881,-0.2066557556390762,1.0,0.030363443540409176,fake_drowsy
0.3045387864112854,-0.2217780128121376,0.2708575129508972,-0.196794718503952,0.2457065880298614,-0.191842570900917,1.0,0.00703943875851105,fake_drowsy
0.4142905920743942,-0.2825005054473877,0.2344163805246353,-0.14772330224514,0.3206656575202942,-0.2155390530824661,1.0,0.013448159908875776,fake_drowsy
0.3206123113632202,-0.21515212953090665,0.196879044175148,-0.0737232640385627,0.2700518667697906,-0.1577125787734985,1.0,0.006687494227662624,fake_drowsy
0.3687809258699417,-0.3221694231033325,0.2745204269886017,-0.0683063939213752,0.3440425097942352,-0.193084716796875,1.0,0.01100219856016335,fake_drowsy
0.5765457153320312,-0.49638597667217255,0.8976510167121887,-0.0176264438778162,0.706852376461029,-0.3274228870868683,1.0,0.042185592697933275,fake_drowsy
1.3124812245368958,-1.1234794855117798,1.8613523244857788,-0.1710344552993774,1.4727965593338013,-0.7575244307518005,0.9930555555555556,0.10718798649031665,fake_drowsy
1.8772491216659544,-1.538173496723175,1.6348886489868164,-1.023826003074646,1.7108954191207886,-1.2536258697509766,1.0,0.04639545653481032,fake_drowsy
1.9943291544914246,-1.6678550243377686,1.555672287940979,-0.8312761783599854,1.771431803703308,-1.2739253044128418,1.0,0.027455409872345578,fake_drowsy
1.838556945323944,-1.453721046447754,1.124086856842041,-0.7724230289459229,1.4567946195602417,-1.0945202112197876,1.0,0.024293422931805225,fake_drowsy
1.4208797216415405,-1.128633588552475,0.8345987796783447,-0.6351039409637451,1.111805081367493,-0.8478628396987915,1.0,0.018702186876907924,fake_drowsy
0.965642660856247,-0.8128776550292969,0.5775085091590881,-0.4342520534992218,0.7397802472114563,-0.592287540435791,1.0,0.014150993549264926,fake_drowsy
0.815268337726593,-0.7356227934360504,0.368630588054657,-0.2010062038898468,0.5250594019889832,-0.4309833645820617,1.0,0.0240418333560228,fake_drowsy
0.8529618680477142,-0.7926070094108582,0.4047250747680664,-0.1625187397003173,0.5289825201034546,-0.4062756597995758,1.0,0.03558348654769355,fake_drowsy
0.8995431661605835,-0.8370233178138733,0.4906678199768066,-0.2954472005367279,0.5806035399436951,-0.4922808110713959,1.0,0.038060603197663974,fake_drowsy
0.9804887473583221,-0.9524995684623718,0.5468711853027344,-0.3419485986232757,0.6340566277503967,-0.5539329051971436,1.0,0.029327414231374825,fake_drowsy
1.0343548953533173,-0.9905638396739959,0.6539130806922913,-0.4608973860740661,0.7824907302856445,-0.6927487254142761,1.0,0.01365629723295565,fake_drowsy
1.0799864828586578,-1.0005336105823517,0.5745116472244263,-0.3414786159992218,0.7821967601776123,-0.6394733786582947,1.0,0.0121234433026984,fake_drowsy
0.8669831156730652,-0.8036090731620789,0.5894203186035156,-0.2724809944629669,0.6577615737915039,-0.4929758012294769,1.0,0.011332287802360926,fake_drowsy
0.68025141954422,-0.6508329808712006,0.5995104312896729,-0.1821306496858596,0.5462648868560791,-0.3697378933429718,1.0,0.012367335148155651,fake_drowsy
0.5672294497489929,-0.5104401409626007,0.5035377740859985,-0.2582550048828125,0.5082035660743713,-0.3676796853542328,1.0,0.00738552090479055,fake_drowsy
0.628467321395874,-0.5219723433256149,0.5329899787902832,-0.2710610628128052,0.556324303150177,-0.3960768282413482,1.0,0.006514139124192251,fake_drowsy
0.6939964890480042,-0.4068172574043274,0.5409013628959656,-0.2522208094596863,0.5752404928207397,-0.3235731422901153,1.0,0.00999145337846125,fake_drowsy
0.411101371049881,-0.25683473050594324,0.4271385371685028,-0.2178318500518798,0.4315613210201263,-0.2600562572479248,1.0,0.005153898498974701,fake_drowsy
0.5257776975631714,-0.42015598714351654,0.3469967842102051,-0.2213723361492157,0.4292227625846863,-0.3091716170310974,1.0,0.0049797404208219995,fake_drowsy
0.547468900680542,-0.46304255723953247,0.4091992080211639,-0.274008184671402,0.498417317867279,-0.3634581565856933,1.0,0.006422083592042275,fake_drowsy
0.7094599902629852,-0.5712778866291046,0.5010619759559631,-0.4129961431026459,0.615898072719574,-0.4671998918056488,1.0,0.00603004597360265,fake_drowsy
0.7662108838558197,-0.584882378578186,0.5472515225410461,-0.483460783958435,0.6475295424461365,-0.4957241415977478,1.0,0.0068672070628963,fake_drowsy
0.7702528536319733,-0.5550800561904907,0.5403987765312195,-0.473834216594696,0.6542447805404663,-0.4844050109386444,1.0,0.007552679628133725,fake_drowsy
0.641804963350296,-0.41509099304676056,0.5204330086708069,-0.4266427159309387,0.5703352093696594,-0.3781076371669769,1.0,0.0055847153416834,fake_drowsy
0.5536229610443115,-0.19097864627838135,0.5178785920143127,-0.231246069073677,0.5436901450157166,-0.2030521035194397,1.0,0.0064672986627556,fake_drowsy
0.681259423494339,-0.16788962483406067,0.840925395488739,-0.2233224064111709,0.6977635622024536,-0.1618651300668716,1.0,0.00631749205058435,fake_drowsy
0.8587156534194946,-0.10073294863104815,1.130228042602539,-0.4839237630367279,0.8904477953910828,-0.2530510425567627,1.0,0.022144035960081927,fake_drowsy
0.8706129789352417,-0.083819905295968,0.9336447715759276,-0.3783538937568664,0.8537350296974182,-0.2183737903833389,1.0,0.013147477293387024,fake_drowsy
0.7332394123077393,-0.02573620062321425,0.7571983933448792,-0.138987511396408,0.6689245104789734,-0.0944141671061515,1.0,0.009012154594529349,fake_drowsy
0.6239363849163055,0.051968800369650056,0.8965844511985779,0.116935946047306,0.6883271932601929,0.0737997516989708,1.0,0.0093641458661295,fake_drowsy
0.5385699570178986,0.08154959976673125,0.8182357549667358,0.3326838910579681,0.5976536273956299,0.1835316866636276,1.0,0.0069078846427146,fake_drowsy
0.4818464368581772,0.26129821687936783,0.5998326539993286,0.3517953157424927,0.4526063501834869,0.2606900334358215,1.0,0.0060915006906725,fake_drowsy
0.5373106002807617,0.45690159499645233,0.4100857973098755,0.2974535226821899,0.404696524143219,0.3441157937049866,1.0,0.008540373994037426,fake_drowsy
0.3715234696865082,0.3549992442131042,0.3261804282665252,0.2181361615657806,0.3271291553974151,0.2749914228916168,1.0,0.006356615398544776,fake_drowsy
0.5281621217727661,0.41407929360866547,0.617820143699646,0.0792384520173072,0.5238450765609741,0.2887654602527618,1.0,0.0176471412996761,fake_drowsy
0.578664243221283,0.3333558887243271,0.5399917960166931,0.1668731719255447,0.5867045521736145,0.2766258716583252,1.0,0.009592332353349725,fake_drowsy
0.9778056442737579,0.5783669650554657,0.690652072429657,0.0231423508375883,0.7681287527084351,0.3293107450008392,1.0,0.017531753284856625,fake_drowsy
1.693181037902832,1.1762495040893555,0.9977613091468812,-0.1658142060041427,1.1016170978546145,0.4846501648426056,1.0,0.06587751349434252,fake_drowsy
1.5885112285614014,1.2099377512931824,1.3382689952850342,-0.2565364241600036,1.196051836013794,0.4739600419998169,1.0,0.10316941468045113,fake_drowsy
1.3102532029151917,0.9989622533321381,1.4383046627044678,0.0886426642537117,1.1932193040847778,0.514881432056427,1.0,0.018009680788964002,fake_drowsy
1.5229923725128174,1.1214323043823242,1.0239866971969604,0.2532204687595367,1.130056619644165,0.6307245492935181,1.0,0.02192684193141755,fake_drowsy
1.0200567543506622,0.8711870908737183,0.6280481219291687,0.0338030122220516,0.6930945515632629,0.4335820972919464,1.0,0.014025365700945223,fake_drowsy
0.6591695845127106,0.6263346076011658,0.5139379501342773,-0.076616995036602,0.5024691224098206,0.2807996571063995,1.0,0.0144506260985508,fake_drowsy
0.46641238033771515,0.4530803710222244,0.6256759166717529,-0.3975978195667267,0.4163190424442291,0.0685137137770652,1.0,0.0111149268923327,fake_drowsy
0.3932439535856247,0.34468109905719757,0.6522597074508667,-0.4456381797790527,0.4031385779380798,0.0144590428099036,1.0,0.011224034067708949,fake_drowsy
0.4299154132604599,0.32909897714853287,0.8907450437545776,-0.6976832747459412,0.4913012087345123,-0.0936082378029823,1.0,0.013962140888906974,fake_drowsy
0.5129819363355637,0.31228668987751007,0.9536985158920288,-0.7824170589447021,0.5788173675537109,-0.1085230857133865,1.0,0.0189694928703829,fake_drowsy
0.5631116777658463,0.43035876750946045,1.024058222770691,-0.8290160894393921,0.58493971824646,-0.0468838661909103,1.0,0.023148693260736722,fake_drowsy
0.681847333908081,0.6119018495082855,0.7719518542289734,-0.5457554459571838,0.5673325061798096,0.1480332463979721,1.0,0.019714080495759803,fake_drowsy
0.7748098075389862,0.7158690840005875,0.7243340611457825,-0.2869267165660858,0.617354154586792,0.305474579334259,1.0,0.027453888207673974,fake_drowsy
0.8829330801963806,0.8726472556591034,0.7802017331123352,-0.2402710020542144,0.704575777053833,0.3262112736701965,1.0,0.03688841941766435,fake_drowsy
0.7022026181221008,0.6829186975955963,0.5065047144889832,-0.1245060488581657,0.5629134178161621,0.3028515875339508,1.0,0.022787230554968074,fake_drowsy
0.5797180384397507,0.395643875002861,0.2647812068462372,0.1925493478775024,0.3360783457756042,0.2492090165615081,1.0,0.02377342456020408,fake_drowsy
0.3735112249851227,0.06790190096944575,0.1625982820987701,0.099126324057579,0.2480053454637527,0.0658933296799659,1.0,0.026904972619377028,fake_drowsy
0.3774700462818146,-0.26051535457372665,0.1111629232764244,0.0628470256924629,0.2061427533626556,-0.0686856880784034,1.0,0.0449069963069632,fake_drowsy
0.6642078459262848,-0.49181289970874786,0.1603588163852691,0.083728902041912,0.3003365397453308,-0.1371036171913147,1.0,0.07024896814255037,fake_drowsy
0.4383467882871628,-0.3725691884756088,0.1289154291152954,-0.0203207824379205,0.2213385254144668,-0.1405654102563858,1.0,0.022310130851110374,fake_drowsy
0.27220504730939865,-0.21475306898355484,0.3318071663379669,-0.2236868739128112,0.2812072336673736,-0.1936407387256622,1.0,0.006806660501751999,fake_drowsy
0.2871609181165695,-0.1877559423446655,0.4688272178173065,-0.3199711441993713,0.3711973428726196,-0.233342245221138,1.0,0.005532699986360925,fake_drowsy
0.3009604066610336,-0.13886894658207888,0.5568189024925232,-0.2803135514259338,0.4171119332313537,-0.1925177723169326,1.0,0.00435587769607075,fake_drowsy
0.4249526858329773,-0.1581013239920139,0.6304869055747986,-0.2367632240056991,0.517596423625946,-0.1906411498785019,1.0,0.00392056343844155,fake_drowsy
0.7399024963378906,-0.35731106996536255,1.1186692714691162,-0.5821707844734192,0.8396519422531128,-0.401593804359436,1.0,0.006555559288244649,fake_drowsy
1.1603758931159973,-0.7272501289844513,1.2556464672088623,-0.8662318587303162,1.059980392456055,-0.6945400834083557,1.0,0.0145399158354848,fake_drowsy
1.16043421626091,-0.6211134493350983,1.3645881414413452,-0.9956725835800172,1.1520915031433103,-0.7219793200492859,1.0,0.0094095469685271,fake_drowsy
1.3233636617660522,-0.6497608572244644,1.1933281421661377,-0.7874930500984192,1.1931241750717163,-0.6787978410720825,1.0,0.00893446663394565,fake_drowsy
1.166314423084259,-0.4797779768705368,0.9390515089035034,-0.5142312049865723,1.023333191871643,-0.4997224509716034,1.0,0.009966213139705301,fake_drowsy
1.026998370885849,-0.3469359688460827,0.7426412105560303,-0.18753182888031,0.8046880960464478,-0.2836275994777679,1.0,0.008951407042331926,fake_drowsy
0.7543964087963104,-0.1897425928618759,0.9181197881698608,0.3791939914226532,0.6962124109268188,-0.0054725441150367,1.0,0.01995959854684765,fake_drowsy
0.5326820015907288,-0.06113314069807531,1.1683101654052734,0.8507463932037354,0.6752277612686157,0.2461504489183426,1.0,0.01661542040528725,fake_drowsy
0.31046535074710846,-0.006063334643840748,0.8123846054077148,0.6958103775978088,0.4747948050498962,0.2395389676094055,1.0,0.013015900709433426,fake_drowsy
0.2864260673522949,-0.05602505803108215,1.7085981369018557,1.547660231590271,0.8371187448501587,0.5304076671600342,1.0,0.01303478211048055,fake_drowsy
0.15831632167100906,-0.05017892736941575,0.4166451394557953,0.3619380295276642,0.241166889667511,0.1144583448767662,1.0,0.00779669819166875,fake_drowsy
0.21227629855275154,-0.16066965647041795,1.2272090911865234,1.0663365125656128,0.5716150999069214,0.2906787991523742,1.0,0.023226532503031153,fake_drowsy
0.1302476897835731,-0.09916071034967895,2.3281362056732178,1.6924457550048828,0.668411910533905,0.3532851338386535,0.9684362934362932,0.1138988002785481,fake_drowsy
0.12142923474311826,-0.0884466655552387,0.8481208086013794,0.7382831573486328,0.274653285741806,0.1439570039510727,1.0,0.011183693015482199,fake_drowsy
0.20325962826609603,-0.1867069490253925,0.3651564419269562,0.258267879486084,0.2425685077905655,-0.0170384794473648,1.0,0.01037675162660885,fake_drowsy
0.35334182530641556,-0.3054355308413505,0.5169017314910889,0.4056200981140136,0.3527178764343261,-0.0383189022541046,1.0,0.009988926700316324,fake_drowsy
0.35679003596305847,-0.3185889422893524,0.4094255864620209,0.20762300491333,0.3347505927085876,-0.1075056940317154,1.0,0.0055763230193406,fake_drowsy
0.40195515751838684,-0.359095960855484,0.4007900357246399,0.1006603240966796,0.3422087728977203,-0.1374861001968383,1.0,0.0056533644674345495,fake_drowsy
0.35249294340610504,-0.28551366925239563,0.5605364441871643,0.2202506065368652,0.3762905895709991,-0.0717653110623359,1.0,0.005426253832410975,fake_drowsy
0.4049222022294998,-0.28443644195795054,0.4772818386554718,0.1029033660888671,0.3768768310546875,-0.0835971012711525,1.0,0.0066041279933415,fake_drowsy
0.3959773927927017,-0.2205223068594932,0.5326472520828247,0.0901055335998535,0.4194855093955993,-0.0584715716540813,1.0,0.004840698617044776,fake_drowsy
0.5033194273710251,-0.17991959303617475,0.6620784401893616,0.1723909378051757,0.5296355485916138,0.0047407555393874,1.0,0.0051529409829526255,fake_drowsy
0.6538935005664825,-0.10890237987041469,0.8338047862052917,0.2099256515502929,0.635844886302948,0.0480487458407878,1.0,0.005490776558872274,fake_drowsy
0.8165590465068817,-0.014648275449872003,0.9396507143974304,0.2309846878051757,0.8065637946128845,0.1034970358014106,1.0,0.0059052585274912,fake_drowsy
0.9098193347454071,0.014871850609779351,1.04472553730011,0.1999297142028808,0.8642892837524414,0.1162865832448005,1.0,0.007515063742175625,fake_drowsy
0.8851306736469269,0.005387587472796402,1.0808515548706057,0.1926946640014648,0.8732259273529053,0.0819407701492309,1.0,0.0081832738942466,fake_drowsy
0.8523538112640381,-0.0760750875342637,0.9766428470611572,0.1516056060791015,0.7890865206718445,0.0557994581758976,1.0,0.006625158828683175,fake_drowsy
0.8391807675361633,-0.08391631022095675,0.7395466566085815,0.031172752380371,0.6948686242103577,-0.0220631342381238,1.0,0.009719940426293726,fake_drowsy
0.6275584101676941,-0.16503544524312014,0.4162323474884033,-0.0096235275268554,0.4693003892898559,-0.0829045474529266,1.0,0.006587241252418549,fake_drowsy
0.6017663031816483,-0.2564423307776451,0.3220990300178528,-0.0686392784118652,0.4001647233963012,-0.1299587786197662,1.0,0.008649651543237226,fake_drowsy
0.6254658550024033,-0.4525614529848099,0.4076550602912903,-0.0391607284545898,0.4249581396579742,-0.2096405029296875,1.0,0.006883150897920075,fake_drowsy
0.36231423914432526,-0.3416133299469948,0.4813358783721924,0.0321993827819824,0.343725323677063,-0.1546978950500488,1.0,0.006649346643825925,fake_drowsy
0.20977294445037836,-0.13513815775513643,0.5394062399864197,0.1007981300354003,0.3003908991813659,-0.0602721087634563,1.0,0.007073423650581351,fake_drowsy
0.5015896707773209,0.2270459160208702,0.3034358620643616,0.1132278442382812,0.269488126039505,0.0856971219182014,1.0,0.03105972998309875,fake_drowsy
0.11524965986609456,-0.05472926236689085,0.3324623107910156,0.106295108795166,0.1760021299123764,-0.0184371303766965,1.0,0.00293595294351685,fake_drowsy
0.24724901467561722,-0.052980095148086506,0.408329039812088,0.0655179023742675,0.2785102128982544,-0.0147872706875205,1.0,0.002848604490281975,fake_drowsy
0.26410806924104685,0.0226180665194988,0.3380495011806488,0.1336317062377929,0.2317828834056854,0.0320724695920944,1.0,0.00289759982842945,fake_drowsy
0.23940319567918775,0.04983812943100925,0.2703936696052551,0.0918374061584472,0.2257829308509826,0.0448767431080341,1.0,0.002769906830508225,fake_drowsy
0.2174446880817413,0.0505095701664686,0.3471523225307464,0.0536298751831054,0.2232478857040405,0.0385750792920589,1.0,0.0031428271322510503,fake_drowsy
0.10272602736949915,0.0090551467146724,0.3427805304527282,0.0729398727416992,0.150550976395607,0.0012887229677289,1.0,0.00345513888169075,fake_drowsy
0.0971246473491191,-0.0532998405396938,0.2787518501281738,-0.084780216217041,0.1659334003925323,-0.0813499763607978,1.0,0.002401926176389625,fake_drowsy
0.09503016993403429,-0.054449081420898396,0.2075738310813903,-0.1488876342773437,0.1548759043216705,-0.1199337616562843,1.0,0.002045090164756325,fake_drowsy
0.0964291300624609,-0.06243972852826116,0.1776792109012603,-0.1502814292907714,0.1373034715652465,-0.0952475070953369,1.0,0.002278614265378525,fake_drowsy
0.11839551478624341,-0.0062117801862768005,0.3448039591312408,-0.1773972511291504,0.2166191488504409,-0.0710730776190757,1.0,0.00248511770041655,fake_drowsy
0.18152314424514765,0.05866513960063455,0.5645670294761658,-0.1304349899291992,0.347014844417572,-0.0052295736968517,1.0,0.00484512091497885,fake_drowsy
0.42362600564956665,0.1961236111819744,0.8272641897201538,0.0076684951782226,0.5684129595756531,0.0974248945713043,1.0,0.007259894977323675,fake_drowsy
0.6227754652500153,0.301221065223217,0.973082959651947,-0.0197296142578125,0.7158020734786987,0.1463432908058166,1.0,0.015105381142347999,fake_drowsy
0.6516492366790771,0.19144344702363014,1.060783624649048,-0.1795282363891601,0.7576081156730652,0.0438585951924324,1.0,0.010837059293407876,fake_drowsy
0.7134979665279388,0.227955974638462,1.245851755142212,-0.4370460510253906,0.8437824249267578,-0.0363903865218162,1.0,0.012128462200053,fake_drowsy
0.7027852237224579,0.2881086841225624,1.6419785022735596,-0.8613271713256836,0.9513007402420044,-0.1171899735927581,1.0,0.014904950163327125,fake_drowsy
0.8927472829818726,0.32201514393091196,1.907329559326172,-1.2851152420043943,1.1335468292236328,-0.2830269932746887,1.0,0.02343939070124175,fake_drowsy
0.6922972202301025,0.40105997025966644,1.1059565544128418,-0.8042092323303223,0.6965861916542053,-0.0838221162557601,1.0,0.01235151116270565,fake_drowsy
0.5624856650829315,0.40187905728816986,0.9732502698898317,-0.7119975090026855,0.5804184675216675,0.0035082320682704,1.0,0.0126633839681744,fake_drowsy
0.6332813799381256,0.4774833172559738,1.0046522617340088,-0.7051029205322266,0.5740283131599426,0.0428737588226795,1.0,0.0159760362002998,fake_drowsy
0.48259343206882477,0.4247680604457855,0.8317826986312866,-0.5876989364624023,0.4958882331848144,0.065422274172306,1.0,0.01441397040616715,fake_drowsy
0.5554156005382538,0.47879666090011597,0.7225555777549744,-0.5227909088134766,0.4839712381362915,0.1059257611632347,1.0,0.011365618847776175,fake_drowsy
0.38822501897811884,0.3522645831108093,0.7455289959907532,-0.597043514251709,0.4128028154373169,0.006211616564542,1.0,0.01173306896816935,fake_drowsy
0.2760019749403,0.2560688555240631,0.5039181709289551,-0.4543538093566894,0.3079292774200439,0.0126694152131676,1.0,0.006943002750631375,fake_drowsy
0.24525703489780426,0.2341761291027069,0.5541897416114807,-0.4852371215820312,0.2974660098552704,-0.0083936238661408,1.0,0.00758127821609375,fake_drowsy
0.1442565396428108,0.12251518107950685,0.5792015790939331,-0.5589241981506348,0.2513253390789032,-0.0867696404457092,1.0,0.0072838836640584746,fake_drowsy
0.16497522592544556,0.1160479066893458,0.6214269399642944,-0.5906424522399902,0.2832018733024597,-0.102220669388771,1.0,0.006836582790128825,fake_drowsy
0.3290088623762131,0.26618301868438715,0.6277003288269043,-0.5471124649047852,0.3515036404132843,-0.0135904233902692,1.0,0.012431872775778098,fake_drowsy
0.9519715905189514,0.7949040830135345,0.704219400882721,-0.4984951019287109,0.6210339665412903,0.1807431429624557,1.0,0.06342488154768941,fake_drowsy
0.9025235772132874,0.7833676338195801,0.623435378074646,-0.1046123504638671,0.6166892647743225,0.3312108218669891,1.0,0.04918842157348985,fake_drowsy
0.3800145536661148,0.2939157485961914,0.6870449781417847,0.1748852729797363,0.4739626348018646,0.2223439812660217,1.0,0.017638478078879374,fake_drowsy
0.3449434489011764,0.1973585784435272,0.8568093776702881,0.6518683433532715,0.4769136011600494,0.3278118669986725,1.0,0.013325914740562375,fake_drowsy
0.24462348967790598,0.13225135952234265,0.6509668827056885,0.524777889251709,0.3442918360233307,0.2571155428886413,1.0,0.016908696736209053,fake_drowsy
0.449261337518692,0.08940843679010865,0.4707708358764648,0.0330028533935546,0.3221251964569092,0.0858993530273437,1.0,0.012785695842467224,fake_drowsy
0.3036848902702331,-0.040060296654701254,0.8068837523460388,-0.1481294631958007,0.4469279944896698,-0.0333362631499767,1.0,0.007598072756081775,fake_drowsy
0.4719417989253998,-0.060477957129478455,0.7715549468994141,-0.0175695419311523,0.5753792524337769,-0.0058638881891965,1.0,0.0057509180624037756,fake_drowsy
0.6648467034101486,-0.10594954714179035,0.921244740486145,0.0247278213500976,0.7469762563705444,-0.008872770704329,1.0,0.008877024054527225,fake_drowsy
0.6061556190252304,-0.11711053457111115,0.9609131813049316,0.2036600112915039,0.7639875411987305,0.0541684851050376,1.0,0.0139338502194732,fake_drowsy
0.8083146512508392,-0.4128955155611038,1.103611707687378,0.5800042152404785,0.8463363647460938,0.0941745564341545,1.0,0.039838430471718284,fake_drowsy
1.0471480190753937,-0.6799205839633942,0.9347960352897644,0.5449528694152832,0.823523998260498,0.0675976201891899,0.9910714285714286,0.10556117154192174,fake_drowsy
0.8033515214920044,-0.5154209733009338,0.5485377311706543,0.3517861366271972,0.5683879852294922,0.0036155807320028,1.0,0.0501714400015771,fake_drowsy
0.3019131571054458,-0.0792531324550509,0.568692684173584,0.3296084403991699,0.4364571571350097,0.1308774203062057,1.0,0.009638971998356276,fake_drowsy
0.26309923827648163,0.12969659455120558,0.5025126934051514,0.3221230506896972,0.3581344187259674,0.1815241426229477,1.0,0.0050668307812884,fake_drowsy
0.17279203981161115,0.12788147851824755,0.3998021483421325,0.2766852378845215,0.2496163845062255,0.1575435549020767,1.0,0.002958596334792625,fake_drowsy
0.20866709947586054,0.1148462984710932,0.4707459211349487,0.4061355590820312,0.298969954252243,0.1918511241674423,1.0,0.00523187190992755,fake_drowsy
0.33447070419788355,-0.029434539377689348,0.5309290289878845,0.5038390159606934,0.3067266941070556,0.1697164177894592,1.0,0.010771292843855876,fake_drowsy
0.3052186630666256,0.1757573494687676,0.4956966638565063,0.4698629379272461,0.2978118062019348,0.2127526551485061,1.0,0.005113603750942225,fake_drowsy
1.3607179522514343,0.8577521741390228,0.4644673466682434,0.3801679611206054,0.668555736541748,0.4113492369651794,0.9722222222222222,0.14894486719276748,fake_drowsy
1.1100877821445465,0.7974370419979095,0.429044246673584,0.311676025390625,0.6009742617607117,0.3704141974449157,1.0,0.09397293161600828,fake_drowsy
0.37836274504661555,0.217216245830059,0.4567627906799316,0.2624883651733398,0.3572580516338348,0.1479903757572174,1.0,0.009590579138603025,fake_drowsy
0.6722191423177719,0.1961814831010997,0.3533971309661865,0.1902937889099121,0.4007297456264496,0.0921492204070091,1.0,0.019372750539332573,fake_drowsy
0.6874652802944183,-0.20451094675809145,0.5186153650283813,0.218477725982666,0.5602329969406128,-0.0613921247422695,1.0,0.03626030514715235,fake_drowsy
0.6041462421417236,-0.33149102330207825,0.6298037767410278,0.2647619247436523,0.5085704922676086,-0.0545057915151119,1.0,0.05947901192121202,fake_drowsy
0.7888650894165039,-0.5755004286766052,0.5685943365097046,0.1375699043273925,0.591926097869873,-0.1790007501840591,1.0,0.050111799035221324,fake_drowsy
0.8459389805793762,-0.47309093177318573,0.899945855140686,-0.0381708145141601,0.8101405501365662,-0.2264798730611801,1.0,0.015148652484640427,fake_drowsy
1.1406227946281433,-0.3339820131659508,0.9752858877182008,-0.1242604255676269,0.9997441172599792,-0.2710000574588775,1.0,0.013864218606613524,fake_drowsy
1.3217936754226685,-0.341000935062766,1.1886186599731443,-0.1781196594238281,1.1681106090545654,-0.3069686889648437,1.0,0.01120495516806835,fake_drowsy
1.4328693151474,-0.4641517624258995,1.326656699180603,-0.1113758087158203,1.2409597635269165,-0.2907469868659973,1.0,0.015262630186043626,fake_drowsy
1.3385732769966125,-0.33856926299631596,1.2545888423919678,-0.0448188781738281,1.1408708095550537,-0.1740261614322662,1.0,0.011551595758646675,fake_drowsy
0.8539319932460785,-0.06613420136272904,0.9038726687431335,0.0272231101989746,0.825369656085968,-0.0596257597208023,1.0,0.0057737756287678495,fake_drowsy
0.6348059773445129,0.043476231396198245,0.626600980758667,0.0732460021972656,0.5510247945785522,0.0267572533339262,1.0,0.007518436352256625,fake_drowsy
0.43930569291114807,0.10227794945240015,0.4818552732467651,0.0558547973632812,0.4032561480998993,0.0495175644755363,1.0,0.0038150964246596755,fake_drowsy
0.4683336913585663,0.20218149572610855,0.5123717188835144,0.1165871620178222,0.4412994980812073,0.0980699583888053,1.0,0.005844824714586126,fake_drowsy
0.727165937423706,0.35467287153005594,0.7502827644348145,0.1524109840393066,0.5872576832771301,0.1568236052989959,1.0,0.012306301272474174,fake_drowsy
1.4572893381118774,0.8984342217445374,0.592624306678772,0.1052088737487793,0.846117377281189,0.3197825849056244,0.9652288732394366,0.10708968993276356,fake_drowsy
1.2807244956493378,0.7693400084972382,0.5959664583206177,0.0095858573913574,0.8114418983459473,0.2424357384443283,0.9678571428571427,0.12942038348410273,fake_drowsy
0.2583958581089973,0.11474642343819134,0.3819663524627685,-0.0150165557861328,0.33753702044487,-0.0082927094772458,1.0,0.0049975622678175,fake_drowsy
0.42103344202041626,-0.092068481259048,0.2362727522850036,-0.0217823982238769,0.2915203869342804,-0.0881860703229904,1.0,0.010939947474980675,fake_drowsy
0.6189631819725037,-0.5406581461429596,0.1463940143585205,0.00677490234375,0.3147898018360138,-0.2030500322580337,1.0,0.03089995592017652,fake_drowsy
0.9823500514030457,-0.7210337519645691,0.3468388020992279,0.2880921363830566,0.4330122470855713,-0.0973772779107093,1.0,0.0858122762292623,fake_drowsy
0.550127848982811,-0.36231328547000885,0.1981472373008728,0.161503791809082,0.2792058885097503,-0.0542667768895626,1.0,0.024050962587352776,fake_drowsy
0.32615232467651367,-0.14367610216140744,0.1094232946634292,0.0597467422485351,0.1789820045232772,-0.0213253740221261,1.0,0.006034432124579299,fake_drowsy
0.146708283573389,-0.02448005601763725,0.0585467144846916,0.0077829360961914,0.0893242359161377,-0.00371241918765,1.0,0.00285775845986785,fake_drowsy
0.1314585208892822,-0.01847430638736115,0.0675088763236999,0.0142183303833007,0.0900382474064827,0.0014871790772303,1.0,0.0016302525764330502,fake_drowsy
0.13407777994871134,-0.007863998413085951,0.2830759286880493,0.1548171043395996,0.1641461551189422,0.0547458827495574,1.0,0.003667049313662525,fake_drowsy
0.185464397072792,-0.03015153040178115,0.8763092756271362,0.7247653007507324,0.3864960670471191,0.2269829958677292,1.0,0.01043619820848105,fake_drowsy
0.2509775459766388,0.01778193935751915,0.9579291343688964,0.7904281616210938,0.4499385356903076,0.2838285267353058,1.0,0.013672540633706326,fake_drowsy
0.35835291445255274,0.11558369547128675,0.9991855621337892,0.7847671508789062,0.4936941266059875,0.3013689219951629,1.0,0.029969619412440748,fake_drowsy
0.5724816918373108,0.24479413777589795,1.552797794342041,1.2009854316711426,0.6861686110496521,0.3964700102806091,1.0,0.0647787814959883,fake_drowsy
0.5011775344610214,0.1824372410774231,0.4251549839973449,0.1920218467712402,0.3512137830257416,0.0935883447527885,1.0,0.009951008018106174,fake_drowsy
0.528566837310791,0.06637682020664215,0.3530653119087219,-0.02085542678833,0.3813638985157013,0.0247611440718173,1.0,0.009516650694422375,fake_drowsy
0.4812510907649994,0.06562963128089899,0.4354790151119232,0.140575885772705,0.3869683146476745,0.0582321844995021,1.0,0.00786902493564405,fake_drowsy
0.5667435526847839,-0.018423080444335948,0.5393741130828857,0.2669863700866699,0.4626582860946655,0.0696771591901779,1.0,0.01032982493052255,fake_drowsy
0.5030228942632675,0.1676766574382782,0.6687807440757751,0.4234828948974609,0.4840345084667206,0.1942906081676483,1.0,0.020062997005879823,fake_drowsy
0.5399336665868759,0.15979734435677526,0.5586694478988647,0.2525725364685058,0.5457431674003601,0.165364921092987,1.0,0.011756723397411375,fake_drowsy
0.7102437019348145,-0.08831422124058005,0.849189817905426,0.168428897857666,0.7317503094673157,0.0249274428933858,1.0,0.010402998770587101,fake_drowsy
0.7640140354633331,-0.21989544481039044,1.2115474939346311,0.1455698013305664,0.9141956567764282,-0.05654276907444,1.0,0.0122954265098087,fake_drowsy
0.9555336236953735,-0.30141524970531464,1.183661937713623,0.1696372032165527,0.9230656027793884,-0.0550286099314689,1.0,0.0128123280592262,fake_drowsy
0.8685695230960846,-0.23220809549093244,1.084551453590393,0.127786636352539,0.8833111524581909,-0.0116275288164615,1.0,0.011091868218500101,fake_drowsy
0.7848067879676819,-0.0724002830684185,1.1442946195602417,0.1581988334655761,0.8944171667098999,-0.0092326728627085,1.0,0.010192105546593624,fake_drowsy
0.9864507615566253,0.19083166122436523,1.16573166847229,0.2722640037536621,0.9121479392051696,0.2484747022390365,0.9176501035196688,0.11691316589713095,fake_drowsy
0.7246420383453369,0.10258755460381505,1.4477003812789917,0.507960319519043,0.9946149587631226,0.197407528758049,1.0,0.02084321994334455,fake_drowsy
1.2650114297866821,-0.27230134606361384,1.4601778984069824,0.4265236854553222,1.2153226137161257,0.0762480497360229,1.0,0.0240052521694451,fake_drowsy
1.198934018611908,-0.3549567759037018,1.2293940782546997,0.3234357833862304,1.030043125152588,0.0274955164641141,1.0,0.027754523325711447,fake_drowsy
1.00929594039917,-0.2831016629934311,0.9364378452301024,0.239410400390625,0.8810504674911499,0.0171729456633329,1.0,0.0177097404375672,fake_drowsy
0.8779516816139221,-0.2557755634188652,0.9457575082778932,0.2407302856445312,0.7941842079162598,0.0420541614294052,1.0,0.012297512032091574,fake_drowsy
0.7602289915084839,-0.18728946149349207,0.8186108469963074,0.1450295448303222,0.750616729259491,0.0157740674912929,1.0,0.0137770040892064,fake_drowsy
0.6716961562633514,-0.06478239595890045,0.8799072504043579,0.2637882232666015,0.719814658164978,0.0766655579209327,1.0,0.01113348850049075,fake_drowsy
0.636106938123703,-0.06785407476127145,0.7690747380256653,0.2101945877075195,0.6280373334884644,0.0593923702836036,1.0,0.011919683369342201,fake_drowsy
0.563188448548317,-0.041051276028156204,0.6454120874404907,0.178415298461914,0.5717982649803162,0.0760008618235588,1.0,0.005753940902650326,fake_drowsy
0.42337095737457275,-0.010479266755282851,0.4421803951263428,0.1491231918334961,0.4082459807395935,0.0574045032262802,1.0,0.005028534797020225,fake_drowsy
0.2802391648292541,-0.07702867873013015,0.1985721886157989,0.0552968978881835,0.2083446830511093,0.0210621766746044,1.0,0.003450938791502225,fake_drowsy
0.14337251335382456,-0.0035135559737682516,0.073854811489582,0.0461597442626953,0.103746511042118,0.0423533506691455,1.0,0.00198638450819995,fake_drowsy
0.15465160831809038,0.0997135788202285,0.1267604380846023,0.1219868659973144,0.1565988957881927,0.1094758287072181,1.0,0.0020831884176004253,fake_drowsy
0.2249236851930618,0.18012420833110807,0.2673683762550354,0.2243709564208984,0.249364361166954,0.2040659934282302,1.0,0.0036918234545737,fake_drowsy
0.17819267511367798,0.1675576046109199,0.2896164655685425,0.1562538146972656,0.2324950248003006,0.1650691032409668,1.0,0.0032682115270290246,fake_drowsy
0.19670221954584122,0.1643249094486236,0.4084848761558532,0.1676993370056152,0.2676095366477966,0.1550758928060531,1.0,0.0047623350983485,fake_drowsy
0.20057947188615793,0.14896227419376368,0.354607492685318,0.1487569808959961,0.2221322059631347,0.1340564489364624,1.0,0.0035021894436794753,fake_drowsy
0.20431844890117645,0.14183653146028513,0.3858614861965179,0.1123833656311035,0.2675435543060303,0.126598060131073,1.0,0.003819899167865475,fake_drowsy
0.2574443072080612,0.1534306854009628,0.7239230871200562,0.1259646415710449,0.4247686564922333,0.1266879737377166,1.0,0.009689380531199226,fake_drowsy
0.42295442521572113,0.31135790050029755,1.5278775691986084,-0.0839662551879882,0.788246750831604,0.1259684562683105,1.0,0.054384825518354725,fake_drowsy
0.5570027083158493,0.2186808288097381,1.7532925605773926,-0.84454345703125,1.006338596343994,-0.1958257853984832,1.0,0.06707588536664841,fake_drowsy
0.39613932371139526,0.17192323505878443,1.0712661743164062,-0.7821006774902344,0.604498565196991,-0.2411943823099136,1.0,0.01222892128862435,fake_drowsy
0.5225726366043091,0.0792911201715469,0.8576432466506958,-0.4176187515258789,0.612446665763855,-0.1253655105829239,1.0,0.009225818328559326,fake_drowsy
0.9694257378578186,0.4928819537162781,0.7479394674301147,-0.2971444129943847,0.7045179009437561,0.0531978905200958,1.0,0.0288787900935858,fake_drowsy
0.6653684973716736,0.34577843546867365,0.5391493439674377,-0.2434244155883789,0.5175598859786987,0.0271809510886669,1.0,0.016562867094762575,fake_drowsy
0.3872735202312469,0.1163018681108951,0.3727737069129944,-0.0943632125854492,0.3140363991260528,-0.0215936508029699,1.0,0.008762491808738527,fake_drowsy
0.27550503611564636,0.11869771778583521,0.2258072197437286,-0.1043992042541503,0.2267524003982544,-0.0242607705295085,1.0,0.003611524793086525,fake_drowsy
0.34066732227802277,0.17728992551565165,0.3233984112739563,-0.0751137733459472,0.2939213514328003,0.0452865585684776,1.0,0.00515120121417565,fake_drowsy
0.4133599102497101,0.27234067022800446,0.5910850167274475,-0.1418795585632324,0.4389997124671936,0.0684546828269958,1.0,0.006655654637142951,fake_drowsy
0.6794181764125824,0.48568958044052124,0.6442129611968994,-0.2470707893371582,0.4979472160339355,0.1299849301576614,1.0,0.008824607473798051,fake_drowsy
0.734790712594986,0.5165101587772369,0.7366030812263489,-0.3949513435363769,0.5178722143173218,0.0670525208115577,1.0,0.01010435272473835,fake_drowsy
0.7657051980495453,0.49511054158210754,0.899842381477356,-0.4892153739929199,0.6184238791465759,0.1176864653825759,1.0,0.020101647940464276,fake_drowsy
0.8172343075275421,0.551188588142395,0.894945502281189,-0.4444036483764648,0.639535665512085,0.0641119182109832,1.0,0.021023739827796775,fake_drowsy
0.8888925313949585,0.5176375508308411,0.7866283655166626,-0.0944910049438476,0.6871635317802429,0.188827633857727,1.0,0.021683227329049197,fake_drowsy
0.7691346406936646,0.46031999588012695,0.9069713950157166,-0.2672386169433594,0.6750115156173706,0.1562146693468094,1.0,0.0136503407848067,fake_drowsy
0.5487250834703445,0.33561804890632624,0.8936806321144104,-0.405893325805664,0.5546361804008484,0.0045144888572394,1.0,0.013283958949614249,fake_drowsy
0.49741315841674805,0.2793506532907486,0.8427113890647888,-0.6163797378540039,0.5105859041213989,-0.0976541340351104,1.0,0.02253506763372565,fake_drowsy
0.4084468185901642,0.1842786371707916,0.8870494365692139,-0.6701669692993164,0.4869175255298614,-0.1563624441623687,1.0,0.028531259449664448,fake_drowsy
0.3719507306814194,0.003148078918457,0.6686571836471558,-0.5575027465820312,0.4465654790401459,-0.2281816899776458,1.0,0.020695019396953226,fake_drowsy
0.4288862645626068,-0.08872354775667185,0.3584743142127991,-0.1857147216796875,0.3989803493022918,-0.1586845964193344,1.0,0.010304590279702075,fake_drowsy
0.3738991394639015,-0.1797852218151092,0.215485543012619,-0.0996880531311035,0.3406079411506653,-0.1901502162218094,1.0,0.0064945997437462,fake_drowsy
0.45580290257930756,-0.3140884935855865,0.5385009050369263,-0.5106167793273926,0.4571369588375091,-0.3711234331130981,1.0,0.0097560867434367,fake_drowsy
0.27110923081636423,-0.23757149279117581,0.3523528277873993,-0.2647171020507812,0.2625006735324859,-0.2087930589914322,1.0,0.0053804470808245,fake_drowsy
0.2232880070805549,-0.2009113729000091,0.4735988974571228,-0.17136812210083,0.3135417103767395,-0.167199358344078,1.0,0.005850696295965451,fake_drowsy
0.25835381448268885,-0.15357145667076105,0.6403062343597412,-0.125070571899414,0.3808302879333496,-0.1163752600550651,1.0,0.004972473834641225,fake_drowsy
0.36871884763240814,-0.07972948253154749,0.7905107736587524,-0.1098871231079101,0.515701949596405,-0.0906492993235588,1.0,0.0062106393161229494,fake_drowsy
0.649450033903122,-0.15432632714509958,1.0389165878295898,-0.1279654502868652,0.7309467792510986,-0.1003036499023437,1.0,0.0064781099790706745,fake_drowsy
0.7544045150279999,-0.14619456976652145,0.9789860248565674,-0.1004939079284668,0.7467536926269531,-0.0746947079896926,1.0,0.00722953584045165,fake_drowsy
0.6527737081050873,-0.0464398674666881,0.8911268711090088,0.0185203552246093,0.7025719285011292,0.0134393544867634,1.0,0.005497813865076725,fake_drowsy
0.5614073276519775,0.0729851350188255,0.7033674120903015,0.1693944931030273,0.6199194192886353,0.1453296393156051,1.0,0.005417070584371625,fake_drowsy
0.7436546087265015,0.49067413806915283,0.7763481736183167,0.3501100540161133,0.6093413829803467,0.3526100814342499,1.0,0.044801699463278,fake_drowsy
0.9609235525131226,0.6621919274330139,0.8291352987289429,0.4453516006469726,0.7269744277000427,0.4452796280384063,1.0,0.05332664772868152,fake_drowsy
0.5010489821434021,0.20940439403057093,0.8408195972442627,0.4700527191162109,0.6741299033164978,0.334674060344696,1.0,0.0099001468624919,fake_drowsy
0.7155041098594666,0.0261921510100364,1.0373024940490725,0.342557430267334,0.881665050983429,0.2235713005065918,1.0,0.018289565341547076,fake_drowsy
1.0907670855522156,-0.295350044965744,1.0223307609558103,0.2133049964904785,0.9474750757217408,0.0515470057725906,1.0,0.030133208725601376,fake_drowsy
1.0466881692409515,-0.3446756452322006,0.988423764705658,0.1578197479248047,0.939337432384491,0.0191270094364881,1.0,0.0332234189845621,fake_drowsy
0.8595387935638428,-0.1291110329329967,0.9849362373352052,0.1138339042663574,0.8511204719543457,0.0358051024377346,1.0,0.0159277381608262,fake_drowsy
0.7550460398197174,-0.016839063726365552,0.8846169710159302,0.1085972785949707,0.745532214641571,0.0804239138960838,1.0,0.009091810032259624,fake_drowsy
0.5786900520324707,0.17103239148855204,0.8629062175750732,0.1458473205566406,0.6885184049606323,0.1384636461734771,1.0,0.01671162864658975,fake_drowsy
0.7383014261722565,0.3353860080242157,0.7420672178268433,0.0663084983825683,0.6826475262641907,0.1924025267362594,1.0,0.07046171417459843,fake_drowsy
0.7596642971038818,-0.253352865576744,0.6085693836212158,-0.0810246467590332,0.5727316737174988,-0.1284719556570053,1.0,0.013335178839042724,fake_drowsy
0.7130811810493469,-0.3621894419193268,0.4907621145248413,-0.1716532707214355,0.4943064749240875,-0.2283592820167541,1.0,0.03421261830953877,fake_drowsy
0.4619225412607193,-0.31480561196804047,0.3163273334503174,-0.2074122428894043,0.2990982234477997,-0.2015979439020156,1.0,0.012671479256823624,fake_drowsy
0.2927658259868622,-0.24922554194927216,0.2820736765861511,-0.2731328010559082,0.2482216507196426,-0.2216982394456863,1.0,0.007457857602275875,fake_drowsy
0.4639686942100525,-0.43602800369262695,0.3450970649719238,-0.3162732124328613,0.3241235613822937,-0.2974686920642853,1.0,0.018929856363683877,fake_drowsy
0.23213522136211395,-0.13950949162244797,0.2230499386787414,-0.1830606460571289,0.1813683360815048,-0.1195009648799896,1.0,0.006594932056032051,fake_drowsy
0.8031921088695526,0.35222530364990234,0.0844374448060989,-0.0645294189453125,0.3072896599769592,0.0842666625976562,0.976923076923077,0.10696052713319654,fake_drowsy
0.12554135173559183,0.09073607251048085,0.0895699709653854,0.0152559280395507,0.1076929867267608,0.0411648750305175,1.0,0.003817787655862025,fake_drowsy
0.19054075330495834,0.03302033711224795,0.1524370610713958,0.0945167541503906,0.1571666598320007,0.0295087099075317,1.0,0.013034399249590899,fake_drowsy
0.32129625976085663,-0.1409184113144874,0.1057946532964706,0.0368824005126953,0.1963648647069931,-0.0578701496124267,1.0,0.027020845402148497,fake_drowsy
0.23238616436719894,-0.14437929540872568,0.1070671826601028,-0.0274214744567871,0.1731159538030624,-0.0748897790908813,1.0,0.00871667370665815,fake_drowsy
0.1706568002700805,-0.10619052499532694,0.1368729174137115,-0.0777983665466308,0.1618438959121704,-0.0920554399490356,1.0,0.002860033971955975,fake_drowsy
0.16200720518827436,-0.10220464318990705,0.1577106714248657,-0.0970182418823242,0.1742850542068481,-0.1030222177505493,1.0,0.0019197449437342,fake_drowsy
0.16534108296036715,-0.12998485565185539,0.0860580429434776,-0.0732312202453613,0.1190153360366821,-0.0860604047775268,1.0,0.003761672182008575,fake_drowsy
0.18884769082069391,-0.15013138204813,0.0765051841735839,-0.0546975135803222,0.1185918301343917,-0.0758842229843139,1.0,0.0049484597984701,fake_drowsy
0.09588429704308504,-0.02578973770141605,0.352992445230484,-0.0028438568115234,0.2614468932151794,-0.0167605876922607,1.0,0.002272544123115925,fake_drowsy
0.38225073367357254,-0.019368328154087053,0.8502576351165771,0.2463030815124511,0.6293074488639832,0.1099946498870849,1.0,0.008818636299110925,fake_drowsy
0.5249109268188477,0.1561694145202637,0.84662926197052,0.5821995735168457,0.6125384569168091,0.3041119575500488,1.0,0.01640451513230795,fake_drowsy
0.408072754740715,0.34068250656127924,0.7013454437255859,0.6354684829711914,0.5013814568519592,0.3872559070587158,1.0,0.015888418885879173,fake_drowsy
0.44903647899627686,0.38664770126342773,0.5763928890228271,0.5123348236083984,0.4998011589050293,0.364088773727417,1.0,0.00850744138006115,fake_drowsy
0.5164988934993744,0.33063189685344696,0.7074705362319946,0.4826192855834961,0.6308536529541016,0.3688598871231079,1.0,0.008977991878055,fake_drowsy
1.2337274551391602,0.9329550862312317,1.0748132467269895,0.6441311836242676,1.0830808877944946,0.652660608291626,1.0,0.11083151982165872,fake_drowsy
1.0140126943588257,0.5323551595211029,1.063291072845459,0.7389993667602539,1.0426050424575806,0.5918670892715454,1.0,0.017628318979404853,fake_drowsy
1.0437889099121094,0.1103239059448242,0.9510681629180908,0.6397690773010254,1.012803554534912,0.4163105487823486,1.0,0.032952486653812174,fake_drowsy
0.953629046678543,0.03024307917803525,0.9146589040756226,0.7108440399169922,0.9386186599731444,0.4182548522949219,1.0,0.04961911356076595,fake_drowsy
0.7417967617511749,0.0488268532790244,0.79402095079422,0.5827608108520508,0.7505335211753845,0.3645720481872558,1.0,0.0184400513535365,fake_drowsy
0.37008810043334955,0.12065330892801279,0.4524699747562408,0.3948750495910644,0.3559567928314209,0.2349863052368164,1.0,0.008123179432004624,fake_drowsy
0.0840571336448192,0.04312133789062495,0.2294791638851165,0.2058300971984863,0.134951040148735,0.1015713214874267,1.0,0.003236489632399675,fake_drowsy
0.2886633649468422,-0.0437548942863941,0.2216182649135589,0.0530672073364257,0.2339526414871215,0.0103280544281005,1.0,0.0060890752647537,fake_drowsy
0.5659996569156647,-0.1649777069687843,0.5994976162910461,-0.0749611854553222,0.6383416652679443,-0.1099472045898437,1.0,0.0068150362349115,fake_drowsy
0.7239174842834473,-0.2006924971938133,1.065751314163208,-0.2412104606628418,0.922581434249878,-0.2118215560913086,1.0,0.01085098530165845,fake_drowsy
0.843158632516861,-0.26739390194416046,1.002868890762329,-0.3100037574768066,0.8725775480270386,-0.2603890895843506,1.0,0.010417628451250448,fake_drowsy
0.658390074968338,-0.3540511131286621,0.5051636099815369,-0.2918434143066406,0.5471028089523315,-0.2868914604187011,1.0,0.011116956360638076,fake_drowsy
0.35087813436985016,-0.25142765045166016,0.2924737334251404,-0.2642397880554199,0.2743268013000488,-0.2233598232269287,1.0,0.0053191832848824,fake_drowsy
0.11162000522017475,-0.0758511237800121,0.1489620506763458,-0.1113233566284179,0.1136649847030639,-0.0858740806579589,1.0,0.0023406268737744,fake_drowsy
0.06852274760603899,0.010631084442138651,0.1836510449647903,0.0218620300292968,0.1216048151254654,0.0108859539031982,1.0,0.001493914940510825,fake_drowsy
0.08191629312932484,0.07565228082239625,0.1810518503189087,0.1497516632080078,0.1157535761594772,0.0916798114776611,1.0,0.0016282335272989749,fake_drowsy
0.22551964968442917,0.08506806753575795,0.2670159637928009,0.1103653907775878,0.2144448906183242,0.0722053050994873,1.0,0.0035550782340577998,fake_drowsy
0.4880300611257553,-0.01054970361292365,0.5184091925621033,0.0029683113098144,0.4950684309005737,-0.0418086051940918,1.0,0.00743251544190565,fake_drowsy
0.36233121156692505,-0.14205312728881836,0.2924209833145141,-0.0646581649780273,0.3347852826118469,-0.1006984710693359,1.0,0.004923381609842125,fake_drowsy
0.269568458199501,-0.12159077078104015,0.3549733757972717,-0.015169620513916,0.3220532834529876,-0.0789129734039306,1.0,0.0042864127317442996,fake_drowsy
0.1774371713399887,-0.0957919768989086,0.2469378560781479,0.0015888214111328,0.2353792488574981,-0.0594165325164794,1.0,0.002627170819323475,fake_drowsy
0.1770815029740333,-0.09706592559814445,0.4308919012546539,0.1790199279785156,0.3080168068408966,0.0192662477493286,1.0,0.00356687614112155,fake_drowsy
0.1972083151340484,-0.04609568975865835,0.4713945388793945,0.3080134391784668,0.3201030194759369,0.0852793455123901,1.0,0.005217761587118675,fake_drowsy
0.22033876180648798,-0.066284816712141,0.6252729892730713,0.5342221260070801,0.4142112135887146,0.1512386798858642,1.0,0.00867538189049805,fake_drowsy
0.12392717972397801,-0.08474953845143315,0.8057028651237488,0.6398391723632812,0.3536640405654907,0.1913460493087768,1.0,0.0220741557423025,fake_drowsy
0.11044604703783985,-0.01174433995038265,1.539403200149536,0.7316640019416809,0.546497106552124,0.1658152043819427,0.98046875,0.08337055085576134,fake_drowsy
0.38123078644275665,0.16869703680276865,0.7144554853439331,0.4783559143543243,0.4212395846843719,0.2176015973091125,1.0,0.028830315102823027,fake_drowsy
1.199181854724884,0.8651305139064789,0.8423527479171753,0.5356821417808533,0.779141366481781,0.5234113931655884,0.980406746031746,0.14565399615094066,fake_drowsy
0.7032246589660645,0.5875736251473427,1.3652451038360596,1.0093989372253418,0.8633325099945068,0.6364759802818298,1.0,0.029873571591451726,fake_drowsy
0.5200817584991455,0.4943060651421547,1.627509593963623,1.1687321662902832,0.9598016142845154,0.6932456493377686,1.0,0.018090506782755176,fake_drowsy
0.5635563433170319,0.44133172929286957,1.750241994857788,1.3344147205352783,1.0107022523880005,0.7372591495513916,1.0,0.018357481108978325,fake_drowsy
0.7171700298786163,0.2784537095576525,1.2358094453811646,0.9502416253089904,0.7855231761932373,0.5673109292984009,1.0,0.014234793372452224,fake_drowsy
0.5897404849529266,0.02510236203670499,0.5946162939071655,0.4541224241256714,0.41920006275177,0.2264404296875,1.0,0.0201991728972643,fake_drowsy
0.41027738153934473,-0.11434860527515404,0.3208483457565307,0.2282129973173141,0.2709563970565796,0.0717158168554306,1.0,0.014539956930093401,fake_drowsy
0.3865183293819427,-0.22413737326860425,0.3904083371162414,0.2163986265659332,0.3092508614063263,-0.0166803169995546,1.0,0.00911187427118415,fake_drowsy
0.4322108328342438,-0.2148441299796104,0.4990323781967163,0.107228085398674,0.430188775062561,-0.0981408432126045,1.0,0.007843773055355975,fake_drowsy
0.400740310549736,-0.22078666836023325,0.6322434544563293,0.1089970916509628,0.4334873855113983,-0.049200490117073,1.0,0.012552451138617426,fake_drowsy
0.2613108605146408,-0.1234924308955669,0.5085735321044922,0.2231201231479644,0.3143308758735657,0.0471974052488803,1.0,0.0050894348241854,fake_drowsy
0.1015258654952049,-0.00473365775542325,0.3260622024536133,0.2272343933582306,0.1801942884922027,0.0873164534568786,1.0,0.0030311482551041496,fake_drowsy
0.05579930543899535,0.039144515991210896,0.2960894405841827,0.2515584230422973,0.1557128280401229,0.1103929057717323,1.0,0.0033650149562162745,fake_drowsy
0.125148557126522,0.0945864357054233,0.2474168837070465,0.2307413667440414,0.1757124811410904,0.1421671211719513,1.0,0.00283555718488055,fake_drowsy
0.18506319820880884,0.13464151695370669,0.1324250549077987,0.1064656600356102,0.134958267211914,0.0998990461230278,1.0,0.003888187347911225,fake_drowsy
0.32323744893074036,0.26281368732452387,0.1517267078161239,0.063555397093296,0.1669305860996246,0.0973200649023056,1.0,0.016747660469263723,fake_drowsy
0.174559935927391,-0.0463537843897938,0.1926312446594238,-0.0247049964964389,0.1492372751235962,-0.0345663242042064,1.0,0.009081200696527899,fake_drowsy
0.5109035223722458,-0.4162132292985916,0.4924719631671905,-0.322607934474945,0.4916564226150512,-0.3483502864837646,1.0,0.021270785131491676,fake_drowsy
0.9202253818511964,-0.7047004848718643,0.8786280751228333,-0.6625686883926392,0.8498855233192444,-0.5855075716972351,1.0,0.0558620889205485,fake_drowsy
0.63203564286232,-0.4135008528828621,0.7512338757514954,-0.633861780166626,0.6942862868309021,-0.4843688607215881,1.0,0.05229553813114758,fake_drowsy
0.6060079038143158,-0.3419457748532295,0.7253262400627136,-0.6423390507698059,0.6043780446052551,-0.4561334550380707,1.0,0.014992181560955902,fake_drowsy
0.4262433499097824,-0.222878523170948,0.3887693583965301,-0.3165944516658783,0.3950120210647583,-0.2297461777925491,1.0,0.013082506484352,fake_drowsy
0.5139171183109283,-0.075768917798996,0.4404657483100891,-0.201710507273674,0.4715798795223236,-0.1636198759078979,1.0,0.007282823557034074,fake_drowsy
0.753947377204895,-0.11881828540936104,0.815980851650238,-0.1524434387683868,0.7261815071105957,-0.1187886893749237,1.0,0.012396401725709374,fake_drowsy
0.952626645565033,-0.31833941489458084,1.0209317207336426,-0.1875289976596832,0.8902045488357544,-0.2059856504201889,1.0,0.008873111684806626,fake_drowsy
0.9234497547149658,-0.37235233932733536,0.9322052001953124,-0.4026804566383362,0.8387603759765625,-0.3261649906635284,1.0,0.014691617339849425,fake_drowsy
0.7357186377048492,-0.35037294030189514,0.856942892074585,-0.5343841314315796,0.6709939241409302,-0.3583694100379944,1.0,0.016861942131072227,fake_drowsy
0.48540525138378143,-0.26799266040325165,0.6850830912590027,-0.5421086549758911,0.4676274061203003,-0.2937844693660736,1.0,0.022257599630393046,fake_drowsy
0.24801445752382273,-0.0471918755210936,0.3888850212097168,-0.198832705616951,0.224018782377243,-0.0789535269141197,1.0,0.012496048177126724,fake_drowsy
0.2099748626351356,0.0649424251168966,0.3381829857826233,0.0788497924804687,0.2409345209598541,0.0945896059274673,1.0,0.00649638904724265,fake_drowsy
0.48428820073604584,0.22265446931123728,0.6389667987823486,0.098018392920494,0.44888436794281,0.1669782847166061,1.0,0.013888477988075423,fake_drowsy
0.5490433722734451,0.2670311033725738,0.7539950013160706,-0.0331665053963661,0.5398516654968262,0.1004141494631767,1.0,0.013525906659197,fake_drowsy
0.4578876942396164,0.11838290095329279,0.823712944984436,-0.539752721786499,0.5168050527572632,-0.1388895660638809,1.0,0.01348900792072525,fake_drowsy
0.4154213666915893,-0.03548431396484375,0.8132449388504028,-0.6754063963890076,0.5275894999504089,-0.2668473124504089,1.0,0.011192394013050876,fake_drowsy
0.42641815543174744,-0.0359957385808229,0.7638012766838074,-0.6260263919830322,0.5170899629592896,-0.299480676651001,1.0,0.01551936729811125,fake_drowsy
0.3230134397745132,-0.1019934341311454,0.844635546207428,-0.8035781979560852,0.4169146716594696,-0.2905875146389007,1.0,0.013769524637609673,fake_drowsy
0.23219256103038785,-0.10120353475213045,0.8917562961578369,-0.8531656861305237,0.4046795964241028,-0.3261205554008484,1.0,0.0090458513004705,fake_drowsy
0.17133905738592145,-0.08978601917624471,0.6262639760971069,-0.5745168328285217,0.2984155118465423,-0.2328761965036392,1.0,0.004984310362488,fake_drowsy
0.2586692348122596,-0.1524444557726383,0.5436577200889587,-0.5051976442337036,0.3166395723819732,-0.2395442873239517,1.0,0.004635751742171075,fake_drowsy
0.29131437838077545,-0.1423690840601921,0.4626530110836029,-0.4021718204021454,0.3385621607303619,-0.2359641343355178,1.0,0.007751347002340426,fake_drowsy
0.4512069821357727,-0.262054443359375,0.943768322467804,-0.8261210322380066,0.57963627576828,-0.4190986454486847,1.0,0.014516585797537077,fake_drowsy
0.5112101882696152,-0.30711518228054047,0.8159454464912415,-0.7533304691314697,0.5152860283851624,-0.3849359452724457,1.0,0.01135298807639625,fake_drowsy
0.4270115941762924,-0.17911250144243235,0.6155222654342651,-0.5334376096725464,0.4079702198505401,-0.2570493221282959,1.0,0.0117222714470699,fake_drowsy
0.2991098463535309,-0.07835273817181584,0.5549271106719971,-0.4942326843738556,0.3415542840957641,-0.21194888651371,1.0,0.015091551991645176,fake_drowsy
0.4276581257581711,0.0671777077950537,0.5285848379135132,-0.4291249513626098,0.315325915813446,-0.1393996179103851,1.0,0.012513785506598575,fake_drowsy
0.341902494430542,0.08123016357421875,0.4385342299938202,-0.2806620299816131,0.3212104439735412,-0.074685126543045,1.0,0.008745431900024374,fake_drowsy
0.35464171320199966,0.11962775886058805,0.8191074728965759,-0.7287948727607727,0.4625778198242187,-0.2915383577346802,1.0,0.020688494201749497,fake_drowsy
0.25058694928884506,0.10163472965359685,0.1876263171434402,-0.1006128937005996,0.1722807437181472,-0.0056212642230093,1.0,0.00697319867322215,fake_drowsy
0.12337190657854075,0.071900175884366,0.4909726679325104,0.0131851192563772,0.2281998246908188,0.0481408648192882,1.0,0.007997411499673,fake_drowsy
0.108828168362379,-0.0066329957917333,0.4673503637313843,-0.4106023013591766,0.19804447889328,-0.1474380493164062,1.0,0.006715326424455225,fake_drowsy
0.07703573442995545,-0.06063944473862645,0.6921905875205994,-0.6782465577125549,0.3272902965545654,-0.3054610192775726,1.0,0.008184881473425725,fake_drowsy
0.1511704288423061,-0.094355646520853,0.7303116917610168,-0.6460555791854858,0.3685098588466644,-0.3128126859664917,1.0,0.004442115663550725,fake_drowsy
0.3079120069742203,-0.17103462666273114,0.5817310810089111,-0.3673289120197296,0.4042562544345855,-0.224554494023323,1.0,0.005547366105019999,fake_drowsy
0.4010204076766968,-0.15426800772547716,0.5118688941001892,-0.0811909958720207,0.4433417916297912,-0.0797525197267532,1.0,0.00745969271520145,fake_drowsy
0.22878595441579816,-0.02029177290387445,0.4256960153579712,0.2565383911132812,0.3168213069438934,0.123009592294693,1.0,0.0046130322734825,fake_drowsy
0.1981671005487442,0.1866252869367599,0.8908641338348389,0.8569559454917908,0.4460265636444092,0.4165558218955993,1.0,0.007253585208673001,fake_drowsy
0.9475770890712738,0.874148428440094,1.331868052482605,1.2562708854675293,0.8280328512191772,0.7674042582511902,1.0,0.014405707013793225,fake_drowsy
1.5107864141464233,0.9367918670177459,0.8976737856864929,0.6864227056503296,0.8940049409866333,0.5930799841880798,1.0,0.09905953262932593,fake_drowsy
0.834086537361145,0.4333773255348205,0.431925505399704,0.2416849732398986,0.5413768887519836,0.2316478639841079,1.0,0.05463279760442669,fake_drowsy
0.31093019992113113,0.17416967079043386,0.2333594411611557,0.1718495637178421,0.2467944771051406,0.0841664969921112,1.0,0.006301799003267625,fake_drowsy
0.1622383631765842,0.09805577434599395,0.126298651099205,0.0831466689705848,0.1638644337654113,0.0212410949170589,1.0,0.0022444463393184997,fake_drowsy
0.0849419012665748,0.0443574264645576,0.0638355463743209,0.0148406978696584,0.1413429677486419,-0.0426518842577934,1.0,0.0016926428506849,fake_drowsy
0.1545440517365932,-0.0545125318458303,0.153220921754837,-0.124581404030323,0.252807080745697,-0.1648744195699691,1.0,0.00390222147689195,fake_drowsy
0.3030223995447159,-0.24138195812702176,0.6578923463821411,-0.5553944706916809,0.5256726741790771,-0.4089425504207611,1.0,0.011736221873434202,fake_drowsy
0.6589528918266296,-0.6047813296318054,1.0982357263565063,-1.0142267942428589,0.7796884775161743,-0.7023500204086304,1.0,0.010670925141312125,fake_drowsy
0.876905232667923,-0.8008093535900116,1.108855128288269,-1.0978968143463137,0.8199247121810913,-0.7934125065803528,1.0,0.0117216864600777,fake_drowsy
0.4024050831794739,-0.361918643116951,0.2417949587106704,-0.2096272855997085,0.3101846277713775,-0.2722043693065643,1.0,0.00608025712426745,fake_drowsy
0.15396554023027414,-0.1011689510196447,0.1399218887090683,0.0997990891337394,0.1730294078588485,-0.0650079771876335,1.0,0.005470632109791,fake_drowsy
0.27572439610958094,0.05660057067871095,0.952524960041046,0.8419016599655151,0.5385838747024536,0.3013006746768951,1.0,0.01695961039513345,fake_drowsy
0.4016018211841583,0.07229181937873365,0.924718737602234,0.5519236326217651,0.6005828380584717,0.2226430773735046,1.0,0.053910236805677345,fake_drowsy
0.647711381316185,-0.1225774139165878,0.8788781762123108,0.3289952576160431,0.6315784454345703,0.1242325082421302,1.0,0.02888777689076955,fake_drowsy
0.5043428093194962,0.07197011029347775,0.9603303074836732,0.534210205078125,0.6406561732292175,0.2727687060832977,1.0,0.009533728123642424,fake_drowsy
0.6115665137767792,0.27774542942643166,0.7808709740638733,0.700805127620697,0.5540645122528076,0.3962082266807556,1.0,0.0124984018038958,fake_drowsy
0.7618003487586975,0.4668874219059944,1.0973111391067505,1.0536117553710938,0.7217725515365601,0.5673109292984009,1.0,0.018973941216245224,fake_drowsy
0.44713664054870605,0.3052309677004814,1.0772812366485596,1.0477936267852783,0.7125622034072876,0.5912638306617737,1.0,0.012036420404911001,fake_drowsy
0.3067656457424164,0.17759513854980463,0.6821662783622742,0.6303487420082092,0.5757095217704773,0.3822796642780304,1.0,0.008165408042259476,fake_drowsy
0.8518150150775909,0.07413050159811975,0.8380702137947083,0.4500249326229095,0.94959956407547,0.3719780147075653,1.0,0.012352645397186226,fake_drowsy
1.3307209014892578,0.11802800744771955,1.117228388786316,0.2952189147472381,1.3357053995132446,0.3236854374408722,1.0,0.012082159635610823,fake_drowsy
1.5780359506607056,0.1135963443666696,1.9168941974639893,0.3250279724597931,1.7563316822052002,0.3534048795700073,1.0,0.013490656390786122,fake_drowsy
1.8192074298858643,0.35984471440315247,2.3930230140686035,0.967712938785553,1.98772931098938,0.6829407215118408,1.0,0.01494849950540805,fake_drowsy
1.6395817399024966,0.8017008602619171,2.230421781539917,1.4684275388717651,1.8471745252609253,1.009327054023743,1.0,0.0184342490974813,fake_drowsy
1.5285025835037231,0.9642727077007294,1.9083837270736692,1.7633483409881592,1.5094943046569824,1.1824945211410522,1.0,0.01498288824222975,fake_drowsy
0.49886076152324677,0.43341612815856934,1.1790010929107666,1.1624776124954224,0.7989256978034973,0.7239571809768677,1.0,0.009429950732737724,fake_drowsy
0.591220811009407,0.41944822669029236,0.6098482608795166,0.4100667238235473,0.4326539933681488,0.3069065511226654,1.0,0.03200378990732127,fake_drowsy
0.6258088573813438,0.29696372896432877,0.2175846695899963,0.0308644603937864,0.2922756969928741,0.0856545865535736,0.9751344086021504,0.1219984664348885,fake_drowsy
0.19701968505978584,-0.14129310473799706,0.259610652923584,-0.1412918120622635,0.2439226359128952,-0.1457477062940597,1.0,0.017375335446558827,fake_drowsy
0.39706146717071533,-0.31312320381402964,0.4736343026161194,-0.360879510641098,0.4582264423370361,-0.3274716138839721,1.0,0.036857386119663674,fake_drowsy
0.6384879350662231,-0.4329811930656433,0.8672084808349609,-0.5070327520370483,0.727046549320221,-0.3984020948410034,1.0,0.0178519871551543,fake_drowsy
0.711310476064682,-0.3669671416282654,0.7504028081893921,-0.4760950803756714,0.7633705139160156,-0.4005738496780395,1.0,0.01138936204370105,fake_drowsy
0.7646932005882263,-0.4757424145936966,0.8285947442054749,-0.567089319229126,0.798026442527771,-0.4811692833900451,1.0,0.012282666168175574,fake_drowsy
0.6244408190250397,-0.46071358025074005,0.7169473171234131,-0.634045422077179,0.6885279417037964,-0.511121928691864,1.0,0.009192441822960926,fake_drowsy
0.6809371113777161,-0.4834117889404297,0.6333217024803162,-0.5672836303710938,0.667119562625885,-0.4926138818264007,1.0,0.014104225672781426,fake_drowsy
0.4929371327161789,-0.3704122453927994,0.3203243613243103,-0.2727879881858825,0.4906934797763824,-0.3415931463241577,1.0,0.00952706439420575,fake_drowsy
0.47644345462322235,-0.3497045338153839,0.4519231915473938,-0.1159240752458572,0.4698899090290069,-0.2347412109375,1.0,0.019230136414989774,fake_drowsy
0.4166024774312973,-0.27194804698228836,1.057207465171814,-0.0076166787184774,0.7117661833763123,-0.2837384343147278,1.0,0.03448614862281825,fake_drowsy
0.34567591547966,-0.2302947491407394,0.5362952947616577,-0.1053370162844657,0.459834486246109,-0.2002933621406555,1.0,0.00866293394938105,fake_drowsy
0.2338413670659065,-0.1484265923500061,0.844098687171936,-0.0563827529549598,0.5069730877876282,-0.1174233853816986,1.0,0.00797885339125055,fake_drowsy
0.09241438657045359,-0.061262791976332595,0.7298810482025146,0.1256240904331207,0.3927224576473236,-0.0195391289889812,1.0,0.0076776347996201,fake_drowsy
0.12919394299387926,-0.0792092978954315,0.4222244024276733,0.0180557258427143,0.271123468875885,-0.0541987195611,1.0,0.004563017195323425,fake_drowsy
0.11397223547101015,-0.061519693583250004,0.3965388238430023,0.0405268333852291,0.2312798947095871,-0.0161468014121055,1.0,0.0029745810606982004,fake_drowsy
0.07206695154309266,-0.0130097365472466,0.3726143836975097,0.2113438993692398,0.2211315929889679,0.0611373409628868,1.0,0.0032934319315244998,fake_drowsy
0.06938671320676801,0.0355956573039293,0.4697796106338501,0.3043853640556335,0.219416007399559,0.106133259832859,1.0,0.0033004302240442,fake_drowsy
0.11374588310718534,0.0847714059054851,0.3735370337963104,0.2192626893520355,0.2050501108169555,0.10394337028265,1.0,0.0028940004267496502,fake_drowsy
0.17178669199347496,0.07972444593906396,0.4023785293102264,0.2702458798885345,0.2321069687604904,0.1246614307165145,1.0,0.002658858720678775,fake_drowsy
0.1564630046486854,0.0337506835348904,0.3034831285476684,0.2198842316865921,0.2006828337907791,0.095537781715393,1.0,0.0043427486380096005,fake_drowsy
0.1675569266080856,0.02492208802141245,0.2161187529563903,0.1112762466073036,0.1957823038101196,0.0210827682167291,1.0,0.0042942424770444,fake_drowsy
0.18311442434787745,-0.03446017103851765,0.2098938673734665,0.0131413778290152,0.2060992419719696,-0.0361501984298229,1.0,0.002607013972010425,fake_drowsy
0.2090661153197288,-0.11328421160578725,0.2755716443061828,-0.0036722819786518,0.2344779670238495,-0.0755795314908027,1.0,0.0031445086933672003,fake_drowsy
0.13021012023091316,-0.0810100212693214,0.2277557849884033,0.0363413505256176,0.162436380982399,-0.0517026558518409,1.0,0.0023244465410243,fake_drowsy
0.13034502230584621,-0.0717757227830589,0.2519846856594085,0.1924499571323394,0.1357721239328384,0.0427394919097423,1.0,0.00523645008797755,fake_drowsy
0.18675646185874933,0.071476605720818,0.5421245098114014,0.4989914000034332,0.2902372181415558,0.2288800776004791,1.0,0.0051219206070527,fake_drowsy
0.4071595296263695,0.34018707275390625,0.8451025485992432,0.7414265871047974,0.5662726759910583,0.4481890201568603,1.0,0.010805115103721574,fake_drowsy
0.4001493006944656,0.3435746990144253,0.5304720401763916,0.395803838968277,0.4108670651912689,0.3115947246551513,1.0,0.005645471333991675,fake_drowsy
0.2151327058672905,0.17118534818291659,0.4606720805168152,0.178320825099945,0.3171783685684204,0.1362247169017791,1.0,0.003806750930380025,fake_drowsy
0.22476518154144284,0.1073915399610996,0.6462259888648987,0.0806645676493644,0.4242549240589142,0.05200220271945,1.0,0.003677663742564575,fake_drowsy
0.30427031219005585,0.045051759108900996,0.717860996723175,0.0441253669559955,0.5227544903755188,-0.0249733850359916,1.0,0.0040080516482702494,fake_drowsy
0.3697863072156906,0.0187392267398536,0.7676924467086792,0.0743321701884269,0.5652801394462585,-0.0253288391977548,1.0,0.004202163370791775,fake_drowsy
0.37101519107818604,-0.008816667832434148,0.8159013390541077,0.0876708999276161,0.5394558906555176,0.0095379939302802,1.0,0.0056007974781095505,fake_drowsy
0.32882496714591974,-0.0009298622608185023,0.5378978848457336,0.0306579582393169,0.3701882362365722,0.0222915895283222,1.0,0.0046491691027767505,fake_drowsy
0.21717421710491175,0.0026652943342924014,0.3816201090812683,-0.00677235936746,0.2771581411361694,0.0068072960712015,1.0,0.0032680604490451003,fake_drowsy
0.1682047918438911,-0.029023697599768652,0.3263721466064453,-0.159066766500473,0.2270203977823257,-0.0756608322262764,1.0,0.001950214325915975,fake_drowsy
0.20509632676839823,-0.12161666527390474,0.4941715896129608,-0.4371286928653717,0.3002915382385254,-0.2162848263978958,1.0,0.004084503540070675,fake_drowsy
0.3015327453613281,-0.23447847366333005,1.025373935699463,-0.9346883296966552,0.5050902366638184,-0.4327311217784881,1.0,0.020051087980391423,fake_drowsy
0.3315079063177109,-0.296453021466732,1.4710345268249512,-1.301941990852356,0.6540427207946777,-0.5783318877220154,1.0,0.0302623962052166,fake_drowsy
0.32406800985336304,-0.23103128373622894,1.0017844438552856,-0.8916569948196411,0.4270646870136261,-0.3520379066467285,1.0,0.014807446510530977,fake_drowsy
0.3979581147432327,-0.1524302139878273,0.6398361921310425,-0.5893198847770691,0.3539239466190338,-0.2077484130859375,1.0,0.0074049225077032505,fake_drowsy
0.5348165929317474,-0.09939094446599475,0.4687047898769378,-0.364398181438446,0.3868190050125122,-0.1021787300705909,1.0,0.007825739332474725,fake_drowsy
0.7560531795024872,-0.17157237231731415,0.7235090136528015,-0.4226816892623901,0.6016309261322021,-0.1830321699380874,1.0,0.01006537175271655,fake_drowsy
0.8466898500919342,-0.2478030547499656,0.8339794278144836,-0.4556376039981842,0.670383632183075,-0.2406353503465652,1.0,0.00955058366525915,fake_drowsy
0.8290029168128967,-0.2899573147296905,1.0205788612365725,-0.5275833010673523,0.7779172658920288,-0.296110063791275,1.0,0.009719109337311174,fake_drowsy
0.7314587831497192,-0.2031740546226501,1.26613187789917,-0.5553090572357178,0.8431354761123657,-0.2788188457489013,1.0,0.0116173176793381,fake_drowsy
0.7920865416526794,-0.23963210731744766,1.3399559259414673,-0.4700785279273987,0.9575626850128174,-0.2632660269737243,1.0,0.009193085366859975,fake_drowsy
0.8100394606590271,-0.16328305378556246,1.4176008701324463,-0.3635894656181335,0.98995178937912,-0.16644087433815,1.0,0.011240153864491674,fake_drowsy
0.8748559057712555,0.02047230070456855,1.57943856716156,-0.3397303223609924,1.0959031581878662,-0.0779961794614791,1.0,0.010316500440239875,fake_drowsy
1.0570349991321564,0.16058275476098055,1.8602391481399536,-0.14472097158432,1.2876416444778442,0.0081844646483659,1.0,0.01972026715520765,fake_drowsy
0.9346754848957063,0.13184282742440695,1.963100910186768,-0.3600687682628631,1.272467017173767,-0.0736670568585395,1.0,0.013306370703503424,fake_drowsy
0.45046190917491913,-0.0125959925353527,1.1733925342559814,-0.4512486755847931,0.7005622982978821,-0.1459052860736847,1.0,0.00739809928927565,fake_drowsy
0.165315106511116,-0.03543534781783815,0.8061303496360779,-0.6273213624954224,0.4099606573581695,-0.2184038013219833,1.0,0.007480324158677776,fake_drowsy
0.17996085435152048,-0.07805189862847325,0.7309268116950989,-0.5855270624160767,0.4006690680980682,-0.2315354943275451,1.0,0.007193617348093475,fake_drowsy
0.2837729379534721,-0.12225887179374689,0.7843181490898132,-0.561481237411499,0.4474716782569885,-0.21630859375,1.0,0.008474835194647276,fake_drowsy
0.23989841341972346,-0.08830053359270094,0.6524131894111633,-0.2280588746070861,0.4571877419948578,-0.1000747680664062,1.0,0.007532701361924375,fake_drowsy
0.2611683532595634,-0.017901148647069848,0.488197922706604,0.079341635107994,0.4199526011943817,0.0688465312123298,1.0,0.0087171495542861,fake_drowsy
0.3061146214604378,0.0630694311112165,0.4859321415424347,0.1582850068807602,0.420883446931839,0.1445691436529159,1.0,0.006491240608738701,fake_drowsy
0.24966008216142652,0.0829515382647514,0.5088449120521545,0.0889617949724197,0.3978780806064605,0.1187652871012687,1.0,0.0058675484033301,fake_drowsy
0.18024057149887085,0.0728431474417448,0.3069125413894653,-0.0199137367308139,0.2242943197488784,0.0596368499100208,1.0,0.009580830374034077,fake_drowsy
0.1954336911439895,0.10004998557269569,0.2996212840080261,-0.1064778640866279,0.1952063888311386,0.0210213586688041,1.0,0.01828956798999565,fake_drowsy
0.12875713035464284,0.0660071643069386,0.1297974437475204,-0.0113688148558139,0.1537962704896927,0.0592596344649791,1.0,0.005864799022674525,fake_drowsy
0.23380101472139353,0.12973970174789426,0.1653941720724105,0.0765609741210937,0.2319517880678177,0.1219399869441986,1.0,0.006993422895902724,fake_drowsy
0.2425997108221054,0.21741116046905515,0.3387290835380554,0.2389129698276519,0.3120130896568298,0.2092716693878173,1.0,0.0082524406316224,fake_drowsy
0.26426239311695093,0.21400757133960718,0.3772123754024505,0.2052963227033615,0.3353718519210815,0.2042082548141479,1.0,0.0076651786221191,fake_drowsy
0.2449206486344337,0.21077699959278107,0.1713782697916031,0.0713216140866279,0.2264297008514404,0.1275389641523361,1.0,0.00508260237984355,fake_drowsy
0.34958213567733765,0.2775267586112022,0.291715145111084,0.1211995407938957,0.2791518867015838,0.1708056330680847,1.0,0.00849802891025315,fake_drowsy
0.3757845014333725,0.24142969399690623,0.6479069590568542,0.4609883725643158,0.384252518415451,0.2730796635150909,1.0,0.010393731179647075,fake_drowsy
0.4462382346391678,0.2535977065563202,0.631045401096344,0.4761413633823395,0.4211124777793884,0.2896578311920166,1.0,0.0115755174774676,fake_drowsy
0.2345371693372726,0.1504861488938331,0.3139176070690155,0.2182393372058868,0.2186025828123092,0.1393139958381652,1.0,0.005584943777648675,fake_drowsy
0.269953541457653,0.11134875193238254,0.2019384205341339,0.1285283416509628,0.1949980556964874,0.0817075669765472,1.0,0.005049522907938775,fake_drowsy
0.9657226800918579,0.4459541589021683,0.168389230966568,0.0857055634260177,0.3515404164791107,0.1369887739419937,1.0,0.11790471768472338,fake_drowsy
0.36891232430934906,0.14542403072118754,0.1066405773162841,0.0208811443299055,0.2044869810342788,0.0453607514500618,1.0,0.03907843257184133,fake_drowsy
0.1355158612132072,0.0704093240201473,0.1000200286507606,0.0292154941707849,0.1429484635591507,0.016864463686943,1.0,0.0029464715335052,fake_drowsy
0.1386948153376579,0.0679519176483154,0.0860762670636177,0.027457682415843,0.108702152967453,0.0239485446363687,1.0,0.003236086777178525,fake_drowsy
0.11460871994495389,0.06723332405090325,0.0576566196978092,0.0174158737063407,0.0876134932041168,0.0163565464317798,1.0,0.0024947598285507,fake_drowsy
0.10344422236084935,0.06498810648918149,0.0648926645517349,0.0408681221306324,0.0770827606320381,0.029107516631484,1.0,0.0024145295901688998,fake_drowsy
0.10068245977163309,0.07510357722640029,0.104515329003334,0.0874059051275253,0.0868251696228981,0.0522996261715889,1.0,0.002405788487521875,fake_drowsy
0.12536184862256045,0.09328904375433915,0.1018305867910385,0.0712519362568855,0.0946749299764633,0.0552658326923847,1.0,0.002240712143247875,fake_drowsy
0.09493855759501454,0.07738758251070971,0.1047152280807495,0.0731043517589569,0.0861029252409935,0.0544721260666847,1.0,0.0012317247164900752,fake_drowsy
0.10274718329310414,0.0947422385215759,0.115340955555439,0.1075592041015625,0.0990477502346038,0.0877871885895729,1.0,0.0015851490024942501,fake_drowsy
0.22044843435287476,0.20508912205696106,0.3110329508781433,0.2833323180675506,0.2140620797872543,0.1919964700937271,1.0,0.004375838849227825,fake_drowsy
0.25507730990648264,0.18830621987581245,0.3036029636859894,0.1846588104963302,0.2340029329061508,0.1553144603967666,1.0,0.007161360175814426,fake_drowsy
0.22973030805587766,0.10408819839358324,0.3040363490581512,0.0932423919439315,0.2302856743335724,0.0725412815809249,1.0,0.0071023973287083,fake_drowsy
0.24573210626840591,-0.00442116521298885,0.5756804347038269,0.0168996173888444,0.4346160292625427,-0.0093794027343392,1.0,0.012044216680806076,fake_drowsy
0.5204154700040817,-0.10941947810351846,0.839415967464447,-0.1113347336649894,0.6656882762908936,-0.1158704906702041,1.0,0.04901060985866927,fake_drowsy
0.673498809337616,-0.1812028884887695,0.6748165488243103,-0.0308059696108102,0.5986868143081665,-0.0870919153094291,1.0,0.029319268185645272,fake_drowsy
0.38716571033000946,-0.16332041472196573,0.3513997197151184,-0.0567092895507812,0.3108273148536682,-0.0888891965150833,1.0,0.008465370221529125,fake_drowsy
0.1910782903432846,-0.12650839984416956,0.2202123999595642,-0.1255696564912796,0.2006178945302963,-0.1131495460867881,1.0,0.004446345730684625,fake_drowsy
0.1691659688949585,-0.13793607801198954,0.3298224210739136,-0.2644165158271789,0.2231292426586151,-0.1801565140485763,1.0,0.004631524148862775,fake_drowsy
0.1961269155144691,-0.16343485563993448,0.1846057921648025,-0.1700154691934585,0.1490130871534347,-0.1258986443281173,1.0,0.004257500462699625,fake_drowsy
0.13282142952084539,-0.10462345927953715,0.1583005636930465,-0.1482091248035431,0.1184963211417198,-0.1030162125825882,1.0,0.001999938394874275,fake_drowsy
0.1225577406585216,-0.10150400921702385,0.1154541969299316,-0.1023157760500907,0.0979489982128143,-0.0818179994821548,1.0,0.00210611308284565,fake_drowsy
0.09214789420366284,-0.07699386402964585,0.1200173273682594,-0.0908742249011993,0.0992278158664703,-0.0704865977168083,1.0,0.001752022741129575,fake_drowsy
0.0747530497610569,-0.057529473677277496,0.1389504820108413,-0.0927047729492187,0.0965555161237716,-0.0647140219807624,1.0,0.001187343907076825,fake_drowsy
0.093257050961256,-0.0471871588379144,0.1283629983663559,-0.0323501601815223,0.1073879972100257,-0.0327618718147277,1.0,0.001256406234460825,fake_drowsy
0.06087703444063659,0.0196652496233582,0.1593658030033111,0.0615107230842113,0.1047679930925369,0.0268194489181041,1.0,0.0013695707166333998,fake_drowsy
0.09839595854282375,0.086668811738491,0.3465358912944793,0.2965001463890075,0.1939656436443328,0.1647657752037048,1.0,0.002781522256555,fake_drowsy
0.29934045672416687,0.26020757108926773,0.6527532935142517,0.6380635499954224,0.400729238986969,0.3820566833019256,1.0,0.005756675032898751,fake_drowsy
0.2392466515302658,0.2220620885491371,0.9828843474388124,0.9074493646621704,0.49049773812294,0.4395396709442138,1.0,0.007507206057198275,fake_drowsy
0.25274400413036346,0.21870829164981842,0.6874697804450989,0.6366419196128845,0.3992944657802582,0.3513579964637756,1.0,0.00545154669089235,fake_drowsy
0.18962002545595164,0.14376183599233625,0.2558889985084533,0.2019907683134079,0.1827873736619949,0.1328323930501938,1.0,0.002839277964085325,fake_drowsy
0.23164147883653635,0.16138305515050885,0.3019760251045227,0.2528132200241089,0.2082034647464752,0.1427418440580368,1.0,0.0033626484801061248,fake_drowsy
0.20116034895181656,0.13865828514099116,0.3754485547542572,0.3314402401447296,0.217404618859291,0.167802408337593,1.0,0.005609524465398826,fake_drowsy
0.13323956355452535,0.10716612637042994,0.597916841506958,0.5419830083847046,0.2913275063037872,0.240099549293518,1.0,0.00366344957728865,fake_drowsy
0.1235094740986824,0.10166371613740921,1.0937403440475464,1.043397068977356,0.4685292243957519,0.4233626127243042,1.0,0.0069292571570258,fake_drowsy
0.0914813056588172,0.08672305196523665,0.7334125638008118,0.6243759393692017,0.3066555857658386,0.2635708153247833,1.0,0.00834774613031185,fake_drowsy
0.09974792599678035,0.0883856117725372,0.6430798172950745,0.4982213377952575,0.2707267105579376,0.211595132946968,1.0,0.014699197781737849,fake_drowsy
0.13508588075637812,0.05914168059825895,1.0325608253479004,0.4806075990200043,0.4173815846443176,0.1337395310401916,1.0,0.049230751683353405,fake_drowsy
0.1510976180434227,-0.006212546024471549,0.2565066218376159,0.0023620605934411,0.1605449169874191,0.0015406374586746,1.0,0.004865446244366399,fake_drowsy
0.13751840591430659,-0.0543205495923757,0.5066444277763367,-0.0935180634260177,0.2464872747659683,-0.0560370273888111,1.0,0.009071190783288274,fake_drowsy
0.13116315752267838,-0.1007224321365356,0.2036614418029785,0.003831482026726,0.1583967059850692,-0.0646679997444152,1.0,0.002180258277803625,fake_drowsy
0.18456657975912089,-0.13071950152516365,0.2332749217748642,-0.0156178791075944,0.1806613355875015,-0.1025448143482208,1.0,0.003673712169984325,fake_drowsy
0.29499825835227966,-0.223810464143753,0.3145966231822967,-0.0585978180170059,0.2245636284351349,-0.1226631551980972,1.0,0.0064098210132214496,fake_drowsy
0.2711870968341827,-0.21174801886081696,0.3144136071205139,-0.1629430204629898,0.2577197849750519,-0.1802235543727874,1.0,0.004716384748462525,fake_drowsy
0.3046335279941559,-0.2673389315605163,0.3877749145030975,-0.2339818328619003,0.3036315143108368,-0.2309938073158264,1.0,0.004824254370760126,fake_drowsy
0.3354905694723129,-0.3221644014120102,0.3472767770290375,-0.2426691651344299,0.2904845774173736,-0.2408244609832763,1.0,0.00422506179893385,fake_drowsy
0.39436042308807373,-0.3736685514450073,0.3912656605243683,-0.3078852295875549,0.3596260547637939,-0.3197676837444305,1.0,0.008346088230609824,fake_drowsy
0.3950744718313217,-0.3826853483915329,0.2968409955501556,-0.1813888549804687,0.2961819469928741,-0.2506236135959625,1.0,0.00476198835531245,fake_drowsy
0.3584930896759033,-0.35126152634620667,0.3250387907028198,-0.1665791869163513,0.2889553010463714,-0.2355975806713104,1.0,0.0048694256693124,fake_drowsy
0.31047093868255615,-0.2947942167520523,0.408981442451477,-0.0280543006956577,0.2633456885814667,-0.1423677504062652,1.0,0.0047312371607404,fake_drowsy
0.3469667434692382,-0.3145999759435653,0.4117279946804046,-0.0652145370841026,0.3084563910961151,-0.1955219954252243,1.0,0.004616364603862125,fake_drowsy
0.4627720415592193,-0.41423654556274414,0.379694789648056,-0.2713958621025085,0.3551785945892334,-0.292214572429657,1.0,0.008512781583703999,fake_drowsy
0.42550046741962433,-0.40674178302288055,0.3822765946388244,-0.3610793948173523,0.3348473608493805,-0.3262351751327514,1.0,0.008878561086021324,fake_drowsy
0.35311879217624664,-0.3481045365333557,0.3766694068908691,-0.3431660830974579,0.2964927852153778,-0.2803422212600708,1.0,0.004960159480106025,fake_drowsy
0.21425649523735046,-0.18686236441135406,0.1796635836362838,-0.1539296507835388,0.1671478152275085,-0.1374337822198867,1.0,0.002903044281993,fake_drowsy
0.08761702477931971,-0.07297649979591365,0.0655779689550399,-0.0488723739981651,0.074750080704689,-0.0659482330083847,1.0,0.0017045257118297498,fake_drowsy
0.03281822334975,-0.01524103351403025,0.0971920043230056,0.0553125999867916,0.0499044768512249,0.0074903145432472,1.0,0.00181947926466815,fake_drowsy
0.05891429074108595,0.022687368327751752,0.321905255317688,0.2553665041923523,0.1240117773413658,0.0795099213719368,1.0,0.003052028943784475,fake_drowsy
0.0996295288205146,0.049748462188290446,0.4680390655994415,0.3597910702228546,0.2167647778987884,0.1341536492109298,1.0,0.0032637271797284003,fake_drowsy
0.2774015441536903,0.06925122538814321,0.3611680269241333,0.2285278290510177,0.2976536154747009,0.1499605029821396,1.0,0.00378175519290375,fake_drowsy
0.30888925492763514,0.1465170662850141,0.4481929242610931,0.2699005007743835,0.3233224749565124,0.1745646744966507,1.0,0.0038834825973026,fake_drowsy
0.30329314619302744,0.12896395474672315,0.253088891506195,0.1775721162557602,0.2569940090179443,0.1319758892059326,1.0,0.0030756546475458496,fake_drowsy
0.2041417136788368,0.1144497506320476,0.2642523646354675,0.1770395934581756,0.1951647996902465,0.1184827461838722,1.0,0.002827117859851525,fake_drowsy
0.15494991093873975,0.0841510649770498,0.2340426594018936,0.1397048979997635,0.1676782667636871,0.085291750729084,1.0,0.001897951384307775,fake_drowsy
0.14022007584571836,0.07399657182395455,0.2631694674491882,0.1165486648678779,0.170533537864685,0.0649091377854347,1.0,0.002318093407666275,fake_drowsy
0.17323233932256693,0.08670876175165175,0.1962009370326995,0.0407541915774345,0.1577903628349304,0.0351389907300472,1.0,0.001799862075131325,fake_drowsy
0.0682048741728067,0.0343160452321171,0.0633414387702941,-0.0229660030454397,0.0624752379953861,-0.0017555111553519,1.0,0.00127733414410605,fake_drowsy
0.0414075795561075,0.0286555895581841,0.0413870438933372,-0.0038681030273437,0.0462148636579513,0.0157503224909305,1.0,0.001007959363050725,fake_drowsy
0.0809138603508472,0.0713755302131176,0.093313492834568,0.0260325111448764,0.0918368026614189,0.0518249757587909,1.0,0.001552624889882225,fake_drowsy
0.09829461947083465,0.0838052481412887,0.0975630953907966,0.0267827343195676,0.1079716458916664,0.0723735615611076,1.0,0.0014593948144465,fake_drowsy
0.18987020105123514,0.1112364307045936,0.1371592730283737,-0.0395263656973838,0.1330843567848205,0.0707009732723236,1.0,0.002627276175189725,fake_drowsy
0.2233355566859245,0.0980251003056764,0.2864316999912262,-0.1958307921886444,0.201693907380104,0.0304440353065729,1.0,0.003397452121134825,fake_drowsy
0.1545234397053718,0.060643606353551094,0.4098316133022308,-0.3320063352584839,0.1952073276042938,-0.0480604320764541,1.0,0.0051279808103572005,fake_drowsy
0.08039331808686255,0.028946661826921603,0.4109077453613281,-0.3596766293048858,0.1729207187891006,-0.0794655233621597,1.0,0.0037939716421533,fake_drowsy
0.060910059139132444,-0.01466508302837615,0.4609958529472351,-0.4380874633789062,0.1740137934684753,-0.1330840289592743,1.0,0.0025901444605551252,fake_drowsy
0.0429960843175649,-0.01442575128749015,0.2946329712867737,-0.2649637758731842,0.1259158104658126,-0.082959659397602,1.0,0.002239048910269,fake_drowsy
0.05193415284156795,-0.0001446343958377977,0.2199157923460006,-0.1935658752918243,0.1133453920483589,-0.0364146009087562,1.0,0.0024959594593383,fake_drowsy
0.21925592422485346,-0.008680265396833399,0.2335669845342636,-0.1589518189430236,0.205607607960701,0.0069069783203303,1.0,0.004928426089463675,fake_drowsy
0.5125565081834793,0.0339190848171711,0.5950241088867188,-0.2978240847587585,0.5128259658813477,-0.0246331878006458,1.0,0.010544304852373851,fake_drowsy
0.5021445155143738,0.0233541317284107,0.7669970989227295,-0.3911753296852112,0.5619423389434814,-0.1025421917438507,1.0,0.00879281613742925,fake_drowsy
0.36450979113578796,-0.022963274270296097,0.5947737097740173,-0.3968302309513092,0.3844881653785705,-0.1305853426456451,1.0,0.007065669051371475,fake_drowsy
0.2644423693418503,-0.02536690467968585,0.4986553490161896,-0.3270619809627533,0.3126622140407562,-0.1136848554015159,1.0,0.004308487870730425,fake_drowsy
0.1865180432796478,-0.070208279415965,0.2097944915294647,-0.126556396484375,0.1513844430446624,-0.0682234242558479,1.0,0.0023302843328565,fake_drowsy
0.09231691434979435,-0.01740338839590545,0.3010173141956329,-0.1727564483880996,0.1423040181398391,-0.0611163266003131,1.0,0.00363997156091495,fake_drowsy
0.09487786516547195,0.0507073607295751,0.2217816263437271,-0.0466588325798511,0.1365145444869995,0.0245622731745243,1.0,0.0037320108531275252,fake_drowsy
0.4396565407514572,0.34358762204647064,0.5429782271385193,-0.0976577773690223,0.4010087251663208,0.1571875363588333,1.0,0.02158727170899505,fake_drowsy
0.8852172344923019,0.6456535458564758,0.6709871292114258,-0.2501861453056335,0.5424342155456543,0.1418037414550781,0.9483109786388476,0.08435823535546658,fake_drowsy
0.5086601227521896,0.450323149561882,0.6277585625648499,-0.2776362001895904,0.4623377025127411,0.0929132625460624,1.0,0.015974025009199925,fake_drowsy
0.4119066447019577,0.37090758979320526,0.6540808081626892,-0.3079757690429687,0.4374198913574219,0.0634240806102752,1.0,0.0113413802464492,fake_drowsy
0.4313165098428726,0.4158766567707062,0.4813451170921325,-0.2059641480445861,0.3461011946201324,0.0848629400134086,1.0,0.008982666302472325,fake_drowsy
0.3227084130048752,0.302111491560936,0.4153128862380981,-0.131785586476326,0.3138302564620971,0.0809476152062416,1.0,0.0098652167944237,fake_drowsy
0.45394033193588257,0.4444066733121872,0.1370445191860199,0.0549229942262172,0.2120089828968048,0.1647483557462692,1.0,0.007459612155798775,fake_drowsy
0.4137350022792816,0.3604187071323395,0.3218131363391876,0.2458328306674957,0.2824513614177704,0.2401899099349975,1.0,0.007523501233663375,fake_drowsy
0.3961610198020935,0.3177412748336792,0.2589494884014129,0.1541142761707306,0.2180593162775039,0.1527612656354904,1.0,0.006911810545716376,fake_drowsy
0.32636308670043945,0.1375758610665798,0.29242804646492,0.1087977066636085,0.2496229112148285,0.0995457097887992,1.0,0.007386599289020476,fake_drowsy
0.4294877052307129,0.19565113261342046,0.5766170024871826,0.0580515526235103,0.4157097637653351,0.0495089814066886,1.0,0.009389200655277775,fake_drowsy
0.4976598769426346,0.0713902041316032,0.8093081712722778,-0.1048522964119911,0.5908058285713196,-0.0420858450233936,1.0,0.011386725702322974,fake_drowsy
0.523766815662384,0.0891964472830295,0.626710057258606,0.0244186408817768,0.4778077304363251,0.0298451390117406,1.0,0.0122434127843007,fake_drowsy
0.5601627826690674,0.1555230244994163,0.3845793008804321,0.0404027290642261,0.3589066565036773,0.0458110943436622,1.0,0.0076462636352516,fake_drowsy
0.44255538284778595,0.24724895507097244,0.3163389861583709,0.0722803771495819,0.3077520430088043,0.0737678259611129,1.0,0.0083274512435309,fake_drowsy
0.42685604095458984,0.22408741712570185,0.3265850245952606,0.0421091727912426,0.302560418844223,0.0856691524386406,1.0,0.005978818167932275,fake_drowsy
0.3447988480329513,0.17650855332612986,0.4318426251411438,-0.1008519455790519,0.2783973813056946,0.0174897294491529,1.0,0.007752996229100925,fake_drowsy
0.2275608703494072,0.0763072445988655,0.6908038854598999,-0.4386871457099914,0.3461351096630096,-0.1444770544767379,1.0,0.0080264716234523,fake_drowsy
0.2550032436847687,-0.02528784610331055,0.2133180648088455,-0.1154907196760177,0.2278229147195816,-0.0866715013980865,1.0,0.0034865037305280254,fake_drowsy
0.24330844730138776,-0.0791419968008995,0.1428894698619842,0.0609903968870639,0.149117887020111,-0.0168096609413623,1.0,0.00450138939777385,fake_drowsy
0.16886861622333524,-0.08324770070612425,0.3076912462711334,0.2492360472679138,0.1765297651290893,0.0437924601137638,1.0,0.003949523030314525,fake_drowsy
0.11778921633958811,-0.03489172714762385,0.1856469810009002,0.1627553254365921,0.1081507951021194,0.039775189012289,1.0,0.0018621072522364247,fake_drowsy
0.04905385524034495,0.0047804699279368,0.1887150257825851,0.1736170500516891,0.0989360138773918,0.0714387595653534,1.0,0.002262262176373,fake_drowsy
0.04274137225002045,0.0321585517376661,0.2496851831674575,0.2263758331537246,0.1267254799604416,0.1098322346806526,1.0,0.0019426813378231001,fake_drowsy
0.0698980093002319,0.06260190717875955,0.2023198455572128,0.1878153532743454,0.1157131120562553,0.1022554561495781,1.0,0.001745450223097525,fake_drowsy
0.057753194123506504,0.05531757883727545,0.0537555292248725,0.0509984344244003,0.0444635227322578,0.0392108783125877,1.0,0.0011248064693063,fake_drowsy
0.032825542613863896,0.011557987891137551,0.0318851210176944,0.0143229169771075,0.0308742560446262,0.0114780291914939,1.0,0.00113788057933555,fake_drowsy
0.03339766710996625,0.0056616646470502,0.0474048629403114,0.0334879569709301,0.0339643433690071,0.0128079121932387,1.0,0.001081896247342175,fake_drowsy
0.040197592228651,0.02290605753660195,0.1143421903252601,0.0970799773931503,0.0598043054342269,0.0451328679919242,1.0,0.001158125742222125,fake_drowsy
0.0372576210647821,0.0088838851079345,0.3018684089183807,0.2755391299724579,0.1218064278364181,0.1029415801167488,1.0,0.0038210678030736,fake_drowsy
0.05053703673183915,0.029995291493833003,0.2712180912494659,0.2471623718738556,0.1185926720499992,0.1059478223323822,1.0,0.003356933040777175,fake_drowsy
0.0453376118093729,0.03911699540913105,0.152216151356697,0.1219487488269805,0.0736479014158248,0.0611811652779579,1.0,0.0018655150197445752,fake_drowsy
0.0414694175124168,0.03024215716868635,0.4261513352394104,0.4007349610328674,0.1602203696966171,0.1411832571029663,1.0,0.0037945579824736,fake_drowsy
0.04476035758852955,0.0362048558890819,0.3200682401657104,0.2636698484420776,0.1356444060802459,0.1086012721061706,1.0,0.0035195525852031503,fake_drowsy
0.05089509114623065,0.0406414587050676,0.3114394843578338,0.2532196044921875,0.134008526802063,0.1076781153678894,1.0,0.0035573095083236,fake_drowsy
0.04937147349119185,-0.0046742036938666985,0.9950597882270812,0.8522567749023438,0.4656164944171905,0.3414098918437958,1.0,0.012243874662090051,fake_drowsy
0.06917614676058285,0.033219363540410954,1.0854356288909912,1.0191863775253296,0.4917075037956238,0.4216208755970001,1.0,0.007049066480249125,fake_drowsy
0.09032743051648134,0.03357162512838835,0.4481343030929565,0.3271403014659881,0.2520349621772766,0.1245090886950492,1.0,0.0039418022788595,fake_drowsy
0.10151817277073855,-0.004795292392373099,0.3227008879184723,0.2627919614315033,0.1935199201107025,0.0900728926062583,1.0,0.0045019430108367755,fake_drowsy
0.2149915024638176,-0.0858968440443277,0.197569265961647,0.1108286529779434,0.1816637367010116,-0.0052374480292201,1.0,0.006025485170539425,fake_drowsy
0.19067918881773946,-0.033331080339848954,0.1496721655130386,0.0976099669933319,0.1462990343570709,0.0077509386464953,1.0,0.006796126748667975,fake_drowsy
0.15068745613098145,-0.07607901282608505,0.1512334644794464,0.0319630950689315,0.1274951100349426,-0.013266728259623,1.0,0.011569371854420703,fake_drowsy
0.2296912148594856,-0.168679479509592,0.0717670768499374,0.0145121254026889,0.1024197041988372,-0.0427493378520011,1.0,0.015019079582998501,fake_drowsy
0.2416269853711128,-0.18835046142339704,0.0487049110233783,0.0129470825195312,0.0727898254990577,-0.0341712683439254,1.0,0.013001430401345649,fake_drowsy
0.1343358121812343,-0.1186726130545139,0.0539560578763484,0.0102701820433139,0.0616510212421417,-0.0276586599647998,1.0,0.002069786612992125,fake_drowsy
0.08924404531717295,-0.07548969611525536,0.193386971950531,0.1243270859122276,0.1005434393882751,0.0084094339981675,1.0,0.0049685830308589495,fake_drowsy
0.09728036262094969,-0.08022994920611375,0.341458797454834,0.1163050308823585,0.1493700295686721,-0.0122296568006277,1.0,0.007525682711275275,fake_drowsy
0.0826293267309665,-0.0381895890459418,0.3862333297729492,0.2920359373092651,0.1627925485372543,0.0781944543123245,1.0,0.00707172512193205,fake_drowsy
0.48682551085948944,0.2633962407708168,0.677851676940918,0.5593531131744385,0.3344539105892181,0.2404703646898269,1.0,0.06898669851943845,fake_drowsy
0.2344601452350616,0.05334952380508185,0.6657534241676331,0.5511601567268372,0.3447043001651764,0.2134036421775818,1.0,0.0176862296648323,fake_drowsy
0.27233181893825525,0.01633082842454315,0.2920815348625183,0.2122650146484375,0.2255211472511291,0.0781226307153701,1.0,0.011781789478845851,fake_drowsy
0.3398943319916725,-0.1175635196268558,0.2370237857103347,0.089985653758049,0.2260467708110809,-0.0067464895546436,1.0,0.031495846924371976,fake_drowsy
0.29640706628561014,-0.1774635314941406,0.4211367964744568,0.0873072296380996,0.2500299215316772,-0.0288762059062719,1.0,0.02315769495908165,fake_drowsy
0.2860089913010597,-0.22756424546241755,0.8166517615318298,0.162495419383049,0.4720314741134643,-0.0342370383441448,1.0,0.012134492397308275,fake_drowsy
0.4935348480939865,-0.32798548787832255,1.0065414905548096,-0.0299835205078125,0.6956239938735962,-0.1995141953229904,1.0,0.01063242973759765,fake_drowsy
0.6587835252285004,-0.3455118387937546,0.9342340230941772,-0.068959042429924,0.7360265851020813,-0.2557636201381683,1.0,0.01631145621649915,fake_drowsy
0.8745484352111816,-0.5442788302898407,0.9985408186912536,-0.0576802566647529,0.7965726256370544,-0.2626279592514038,1.0,0.015801904024556224,fake_drowsy
0.8339531719684601,-0.4896295815706253,0.6696298122406006,-0.1665033996105194,0.6866739392280579,-0.3395917117595672,1.0,0.010182802914641749,fake_drowsy
0.885563850402832,-0.595318928360939,0.8155882954597473,-0.3612396121025085,0.7462890148162842,-0.4223990738391876,1.0,0.012566586723551125,fake_drowsy
0.7384920120239258,-0.506707563996315,0.8194764852523804,-0.3920537233352661,0.7599179744720459,-0.4428562223911285,1.0,0.012987719499506023,fake_drowsy
0.9228202998638153,-0.6357246339321136,0.7620534896850586,-0.3404103517532348,0.738639771938324,-0.4265711605548858,1.0,0.016991036594845323,fake_drowsy
0.7563248574733734,-0.4893445819616318,0.8452678918838501,-0.3670674562454223,0.7191024422645569,-0.3894712626934051,1.0,0.012227337341755575,fake_drowsy
0.5813863724470139,-0.31000943481922144,0.6844841837882996,-0.1294718384742736,0.5791119337081909,-0.2692172527313232,1.0,0.010522510041482726,fake_drowsy
0.49453774094581604,-0.312673956155777,0.4784542322158813,-0.0586095191538333,0.4446645081043243,-0.191033586859703,1.0,0.00970332446740935,fake_drowsy
0.3887505829334259,-0.20382166653871536,0.6057882308959961,-0.0324793495237827,0.4076513350009918,-0.1383453905582428,1.0,0.0065520160715095,fake_drowsy
0.35024408996105194,-0.15998927503824228,0.627081036567688,-0.0792683884501457,0.456890344619751,-0.1792631447315216,1.0,0.006651155417785,fake_drowsy
0.3283555284142494,-0.19938256591558456,0.4786831438541412,-0.0475367233157157,0.3374150991439819,-0.1300948560237884,1.0,0.004251728125382151,fake_drowsy
0.2689738124608993,-0.16020355373620987,0.3337265253067016,-0.0688156113028526,0.2818756103515625,-0.1489431411027908,1.0,0.00362705922452725,fake_drowsy
0.1731464862823486,-0.13620986789464945,0.2476372867822647,-0.0144694009795784,0.1796732097864151,-0.0950808003544807,1.0,0.00298664919682775,fake_drowsy
0.1850006356835365,-0.1549112610518932,0.2047942578792572,-0.0624766014516353,0.1478095948696136,-0.0956886559724807,1.0,0.0036470562044996248,fake_drowsy
0.2391218096017837,-0.0839365255087614,0.2740976214408874,-0.096148170530796,0.2111289650201797,-0.1226982921361923,1.0,0.006205060577485676,fake_drowsy
0.2792647704482078,-0.1123913377523422,0.3273814022541046,-0.1400278657674789,0.2459978461265564,-0.1274560093879699,1.0,0.004360292630735725,fake_drowsy
0.21031901985406876,-0.0699529368430376,0.2625802755355835,-0.0455952957272529,0.1983027756214141,-0.0748281776905059,1.0,0.002954236493678725,fake_drowsy
0.2012341395020485,-0.08031888678669924,0.2475822418928146,-0.1046859771013259,0.1874322593212127,-0.1121713072061538,1.0,0.0032355878793168496,fake_drowsy
0.2204004526138305,-0.14418073371052742,0.2977610826492309,-0.2142669707536697,0.2330033928155899,-0.1782169938087463,1.0,0.0025418672303203,fake_drowsy
0.2458608672022819,-0.16384909301996226,0.4329593777656555,-0.2957616150379181,0.3017884194850921,-0.2197245955467224,1.0,0.004208106547594025,fake_drowsy
0.37952396273612976,-0.22601275146007535,0.5505464673042297,-0.3118219971656799,0.3807974457740783,-0.2550851106643677,1.0,0.00845586979994545,fake_drowsy
0.33223472535610193,-0.23071027547121045,0.574207603931427,-0.2860326170921325,0.3648796379566192,-0.2252362966537475,1.0,0.0044836878078057755,fake_drowsy
0.31110982596874237,-0.16181815415620798,0.4396509230136871,-0.170562744140625,0.2952456772327423,-0.1470748633146286,1.0,0.005161651992239,fake_drowsy
0.3316754102706909,-0.04344296967610715,0.4216454923152923,-0.0746103897690773,0.3005900681018829,-0.0734458118677139,1.0,0.005662103998474726,fake_drowsy
0.4171207994222641,0.0798499003285542,0.4154301881790161,-0.0354578644037246,0.312505155801773,-0.0192855317145586,1.0,0.00559612919460045,fake_drowsy
0.3825487196445465,-0.0155468536540866,0.4102520644664764,-0.0499735511839389,0.3587164580821991,-0.0169521197676658,1.0,0.004952840419718975,fake_drowsy
0.47241030633449554,0.028599656652659098,0.4392139017581939,-0.0548421218991279,0.405472993850708,0.0040959324687719,1.0,0.005550753616262174,fake_drowsy
0.43106576800346375,0.05020468682050705,0.4554347693920135,-0.0282755531370639,0.3978404998779297,0.0192784275859594,1.0,0.0047645993181504006,fake_drowsy
0.46056878566741943,0.012229810468852501,0.4895928800106048,-0.01909383200109,0.3929898738861084,0.0324658378958702,1.0,0.00914728030329565,fake_drowsy
0.47553586959838867,0.07992095872759815,0.577195942401886,-0.0114201866090297,0.4502575397491455,0.0457691326737403,1.0,0.009497595368884474,fake_drowsy
0.4601799547672272,0.07695203274488445,0.6646988391876221,-0.0003890991210937,0.5037583708763123,0.0573060922324657,1.0,0.0090670443605631,fake_drowsy
0.4870685040950775,0.04716350091621275,0.6599051356315613,0.0050033568404614,0.5202738046646118,0.0684719756245613,1.0,0.005212886841036325,fake_drowsy
0.44396817684173584,0.06028071790933605,0.6349638104438782,0.019010417163372,0.5043540596961975,0.056241001933813,1.0,0.00778404303127895,fake_drowsy
0.5580905824899673,0.0376062663272023,0.6548334360122681,0.0268717445433139,0.5340142250061035,0.0532723776996135,1.0,0.008072420489042975,fake_drowsy
0.6011619567871094,-0.03468093834817405,0.8294500708580017,-0.0195948276668787,0.6646711826324463,0.0142580233514308,1.0,0.008515562978573074,fake_drowsy
0.7318835854530334,-0.029041944071650498,0.8921496868133545,0.0765268951654434,0.7055992484092712,0.0352388583123683,1.0,0.00700119772227475,fake_drowsy
0.6769492924213409,-0.07137799635529515,0.8031853437423706,0.0054163616150617,0.6751055717468262,0.0110843265429139,1.0,0.0069450901355594,fake_drowsy
0.6205659806728363,-0.0371153689920902,0.7026771306991577,0.028440348803997,0.5863222479820251,0.0206076521426439,1.0,0.009191767312586276,fake_drowsy
0.6394265294075012,-0.0578177310526371,0.7217167019844055,0.0496856682002544,0.625795841217041,0.0308128874748945,1.0,0.00628418906126165,fake_drowsy
0.6501775681972504,0.059782082214951446,0.844573974609375,0.0480824783444404,0.6718995571136475,0.0738676637411117,1.0,0.005018584837671324,fake_drowsy
0.7296131551265717,0.1137114358134568,0.8345521092414856,-0.0474919639527797,0.6680862903594971,0.0305416509509086,1.0,0.017210687394253875,fake_drowsy
0.6009871065616608,0.17102737724781036,0.6671510338783264,0.0165227260440588,0.5869603157043457,0.0594915188848972,1.0,0.030281754094175925,fake_drowsy
0.49654389917850494,0.084111787378788,0.5771933197975159,0.0672841370105743,0.5301258563995361,0.0895245000720024,1.0,0.009310696739703375,fake_drowsy
0.6693307161331177,0.1852035522460937,0.7430833578109741,0.3334269225597381,0.700132429599762,0.2462372630834579,1.0,0.011613140348344975,fake_drowsy
0.826471358537674,0.4548889100551605,0.9282485842704772,0.6573496460914612,0.8266183137893677,0.4934418797492981,1.0,0.01094880700111385,fake_drowsy
1.0539515614509583,0.7220494002103806,1.1732871532440186,0.9241770505905152,1.0188493728637695,0.7067354321479797,1.0,0.010997460922226275,fake_drowsy
1.2009360194206238,0.8248035907745361,1.0905563831329346,0.8489664793014526,1.029170036315918,0.7268013954162598,1.0,0.013075043563730949,fake_drowsy
1.1156632006168365,0.8233376741409302,0.8291674852371216,0.536602795124054,0.8378833532333374,0.5522984266281128,1.0,0.019516586093231973,fake_drowsy
0.9243162870407104,0.7488865256309509,1.3807849884033203,-0.3839350342750549,0.8325501680374146,0.1528521627187729,1.0,0.025763105135411,fake_drowsy
0.3799061775207519,0.21574576199054715,0.6890891194343567,-0.0356684364378452,0.4569925665855407,0.0783682167530059,1.0,0.01456260716076935,fake_drowsy
0.3008864223957062,0.23272356390953058,0.1671054810285568,-0.007518514059484,0.1555320173501968,0.0565306581556797,1.0,0.003550159017322525,fake_drowsy
0.17381935566663742,0.12145821750164029,0.1511431634426117,-0.0619094856083393,0.1220410764217376,0.0213573053479194,1.0,0.0029422384395729247,fake_drowsy
0.24294663220643994,0.16696526855230331,0.2596420049667358,-0.1346399933099746,0.1823077052831649,0.009326672181487,1.0,0.0034122979850507752,fake_drowsy
0.24506603181362152,0.19019556790590286,0.5197330117225647,-0.2286005616188049,0.2770482301712036,-0.0175001211464405,1.0,0.00498488836456085,fake_drowsy
0.2741090953350067,0.21461410820484159,0.5588769316673279,-0.2991348206996918,0.308506041765213,-0.0046522207558155,1.0,0.006323269684798975,fake_drowsy
0.28621987998485565,0.26348789781332016,0.5466299057006836,-0.2732208371162414,0.327650636434555,0.0360210016369819,1.0,0.0066938805393874,fake_drowsy
0.25657797604799265,0.24893373250961304,0.4749440550804138,-0.2266891449689865,0.2781416177749634,0.0290297139436006,1.0,0.0061656681937165,fake_drowsy
0.3524330332875251,0.3312090262770653,0.3406350016593933,-0.0108184814453125,0.2969784140586853,0.1581964194774627,1.0,0.004424318380188125,fake_drowsy
0.3140599876642227,0.2827925607562065,0.4375636875629425,0.0781417861580848,0.3268937468528747,0.1671700328588485,1.0,0.005732478457502976,fake_drowsy
0.3997975140810013,0.32365983724594116,0.584919273853302,0.1463073790073394,0.4273210763931274,0.2401657104492187,1.0,0.009461495326831899,fake_drowsy
0.5735854357481003,0.427206426858902,0.6291645765304565,0.0582010895013809,0.4860321283340454,0.2379312217235565,1.0,0.010149490437470324,fake_drowsy
0.8060558140277863,0.6513625979423523,0.818645179271698,0.0463729873299598,0.6352772116661072,0.2920453250408172,1.0,0.015886570210568572,fake_drowsy
0.6480989158153534,0.48722033202648163,0.7973556518554688,0.0087468465790152,0.6103235483169556,0.2323463708162307,1.0,0.01290410978253925,fake_drowsy
0.8272916078567505,0.5758870989084244,0.7415210008621216,0.0176167804747819,0.6094973087310791,0.2755232155323028,1.0,0.012602759641595126,fake_drowsy
0.7290188372135162,0.5471995621919632,0.8761385083198547,-0.0590860992670059,0.6579136252403259,0.2361066043376922,1.0,0.012850977247580851,fake_drowsy
0.8112784028053284,0.5960463285446167,0.9983425736427308,-0.1260528564453125,0.7089921832084656,0.1934188306331634,1.0,0.014425603440031375,fake_drowsy
1.0187267661094666,0.5063548535108566,1.0081899166107178,-0.1845530122518539,0.7696131467819214,0.1593299061059951,1.0,0.017611265531741027,fake_drowsy
1.0264733731746674,0.5302197933197021,1.068067193031311,-0.1842686980962753,0.8653006553649902,0.069250963628292,1.0,0.018486591288819878,fake_drowsy
1.1910015940666199,0.146066278219223,1.2945873737335205,-0.500885009765625,1.022457242012024,-0.1524810791015625,1.0,0.029984529828652674,fake_drowsy
1.2978342175483704,0.04795455932617185,1.6622543334960938,-0.6850423216819763,1.3146202564239502,-0.3282115459442138,1.0,0.02515228069387372,fake_drowsy
1.3869427442550657,-0.059889765456318855,1.6821995973587036,-0.8389073610305786,1.3477628231048584,-0.4415270090103149,1.0,0.0357826808467507,fake_drowsy
1.2927343249320984,-0.2855005487799644,1.6205413341522217,-0.9847264885902404,1.3108421564102173,-0.5824766755104065,1.0,0.0205647756811231,fake_drowsy
1.356207251548767,-0.5533831864595413,1.5637896060943604,-1.0197021961212158,1.2923964262008667,-0.6505489945411682,1.0,0.030483708018436972,fake_drowsy
1.278152048587799,-0.5496416240930557,1.5378018617630005,-0.9196889400482178,1.2930495738983154,-0.6624203324317932,1.0,0.012788658263161726,fake_drowsy
1.0973723828792572,-0.4979430139064789,1.4190404415130615,-0.9746764898300172,1.1874114274978638,-0.6559935212135315,1.0,0.01941410091239955,fake_drowsy
0.7303153574466705,-0.3287454918026924,1.061373949050903,-0.7399093508720398,0.8512021899223328,-0.4922382831573486,1.0,0.0197446662932634,fake_drowsy
0.5298791825771332,-0.2562583982944488,1.1035785675048828,-0.9554433226585388,0.681594967842102,-0.5075531005859375,1.0,0.022626833058893625,fake_drowsy
0.3455876260995865,-0.25521644204854965,1.3428024053573608,-1.2401798963546753,0.6645095348358154,-0.5743918418884277,1.0,0.049167044344358105,fake_drowsy
0.18604826927185056,-0.15511833876371378,1.27031672000885,-1.1232340335845947,0.5994006991386414,-0.5182797908782959,1.0,0.031929331948049304,fake_drowsy
0.2410005703568458,-0.1860146597027778,0.635564923286438,-0.4514805972576141,0.3085440397262573,-0.239357516169548,1.0,0.016716486483346626,fake_drowsy
0.27500900626182556,-0.1758610308170318,0.2553628087043762,0.0676528960466384,0.1632701456546783,-0.0161253828555345,1.0,0.0058597418246790255,fake_drowsy
0.23105983436107635,-0.10853653028607366,0.2132962048053741,0.1397430449724197,0.1649366468191146,0.0354727394878864,1.0,0.00456308783031995,fake_drowsy
0.22806025296449656,-0.10853217169642446,0.4464926123619079,0.3378133177757263,0.2905610203742981,0.1314776241779327,1.0,0.00629653054056685,fake_drowsy
0.3805532902479172,-0.21667589247226715,0.4434892535209656,0.221842959523201,0.3333631753921509,0.0452667772769928,1.0,0.009167840238660525,fake_drowsy
0.3598461300134659,-0.1821663975715637,0.9076001048088074,0.3259536623954773,0.6072190403938293,0.0676848292350769,1.0,0.008374023716896724,fake_drowsy
0.7287792563438416,-0.4819338172674179,0.8672747015953064,0.1784062683582306,0.6658095717430115,-0.0404371060431003,1.0,0.0156413273653015,fake_drowsy
0.9785999357700348,-0.6854526996612549,0.9786497354507446,0.1445368379354477,0.795669674873352,-0.0741685032844543,1.0,0.02623323968145992,fake_drowsy
1.0029287040233612,-0.6377675682306289,1.2187824249267578,0.2202112823724746,0.8674964308738708,-0.0794567242264747,1.0,0.0231911703012883,fake_drowsy
0.682064726948738,-0.3112027868628502,1.086915373802185,0.1742157042026519,0.8078898787498474,-0.0183934178203344,1.0,0.008738761767744976,fake_drowsy
0.7085056900978088,-0.1501720994710922,1.1602972745895386,0.3387893736362457,0.8473605513572693,0.1072763875126838,1.0,0.012585217365995001,fake_drowsy
0.7395921945571899,-0.0476393587887287,1.0764026641845703,0.362506091594696,0.8376827836036682,0.1513300985097885,1.0,0.0105861773481592,fake_drowsy
0.6213016659021378,-0.03744016401469705,1.250002384185791,0.5364720821380615,0.8916452527046204,0.2364622950553894,1.0,0.0092000376898795,fake_drowsy
0.5698122978210449,0.018810926005244248,1.1545675992965698,0.5765055418014526,0.7780233025550842,0.2793739438056946,1.0,0.008138175180647475,fake_drowsy
0.4929755628108978,0.0948735908605158,1.1066954135894775,0.6146194338798523,0.745733380317688,0.3067211210727691,1.0,0.00719581218436355,fake_drowsy
0.3739969134330749,0.1245829965919256,1.0046628713607788,0.6985870599746704,0.6568840146064758,0.3730815947055816,1.0,0.0077117529581300255,fake_drowsy
0.3582424074411392,0.16097455844283098,1.0273796319961548,0.8620508909225464,0.6317868828773499,0.4424143731594085,1.0,0.0081947449361905,fake_drowsy
0.40788064897060394,0.2843327075242996,1.5819785594940186,1.5118728876113892,0.8228925466537476,0.7304369211196899,1.0,0.0133950905874371,fake_drowsy
0.9432955384254456,0.827406108379364,2.617527723312378,2.595538854598999,1.4363815784454346,1.3644391298294067,1.0,0.07088879682123655,fake_drowsy
0.9129185676574707,0.8689516484737396,1.5186103582382202,1.498652100563049,0.9441796541213988,0.9052542448043824,1.0,0.02219608728773885,fake_drowsy
0.4248416125774383,0.3665797561407089,1.4504612684249878,1.408246397972107,0.8238067030906677,0.7705885767936707,1.0,0.009137199725955674,fake_drowsy
0.43924760818481445,0.2880367860198021,1.108418583869934,0.9507070183753968,0.6446998119354248,0.5068972110748291,1.0,0.03241557744331653,fake_drowsy
0.39898766577243805,0.13244705274701116,0.9197306036949158,0.687988817691803,0.5609349012374878,0.3397093117237091,1.0,0.020189060480333795,fake_drowsy
0.41701155900955195,0.04572514444589615,0.9531093835830688,0.6478169560432434,0.6283025145530701,0.2670480012893677,1.0,0.025624372530728523,fake_drowsy
0.44626446068286896,-0.045138659887015806,1.1602904796600342,0.4655878841876983,0.7204594016075134,0.098093494772911,1.0,0.0734620441216975,fake_drowsy
0.5809331238269806,0.0322287455201149,0.7811582684516907,-0.0839828476309776,0.5522996783256531,-0.0960911735892295,1.0,0.020947793847881223,fake_drowsy
0.4895012825727463,-0.11762880720198154,1.1706124544143677,-0.3609919250011444,0.7666150331497192,-0.2244457304477691,1.0,0.013264492619782624,fake_drowsy
0.5895227193832397,-0.20006462931632996,1.2039830684661863,-0.2063741087913513,0.8079994320869446,-0.2113750129938125,1.0,0.014097637962549875,fake_drowsy
0.7887674570083618,-0.30237067490816116,1.266155242919922,-0.3012181520462036,0.9649625420570374,-0.3242250680923462,1.0,0.015258780680596775,fake_drowsy
0.8778833150863647,-0.3979431092739105,1.280052900314331,-0.4498545229434967,1.033657431602478,-0.4107568562030792,1.0,0.01255670725367955,fake_drowsy
1.167496681213379,-0.6390279531478882,1.3850948810577393,-0.4919235110282898,1.1187875270843506,-0.4813169240951538,1.0,0.013669383944943525,fake_drowsy
1.1098401248455048,-0.5020844638347626,1.418154001235962,-0.5170145630836487,1.165492057800293,-0.4734610319137573,1.0,0.01310099335387345,fake_drowsy
1.5660594701766968,-0.2230861097341403,1.3292089700698853,-0.4437830746173858,1.170885443687439,-0.3972470462322235,1.0,0.056659668684005696,fake_drowsy
0.9599032700061798,-0.553692102432251,1.2221657037734983,-0.4319814145565033,0.9992970824241638,-0.4273586869239807,1.0,0.01631967094726855,fake_drowsy
1.0754936933517456,-0.66462641954422,1.208951473236084,-0.5329177975654602,0.9714852571487428,-0.4840650856494903,1.0,0.014818284194916424,fake_drowsy
0.8819525241851807,-0.6039559543132782,1.1791332960128784,-0.2032780945301056,0.9131239652633668,-0.3825048208236694,1.0,0.018712570425122924,fake_drowsy
0.7624990940093994,-0.5386015772819519,1.2352970838546753,-0.0125966388732194,0.8881346583366394,-0.2913319766521454,1.0,0.015122182434424699,fake_drowsy
0.6503366082906723,-0.3882121443748474,0.8495473861694336,-0.0495229102671146,0.7054805755615234,-0.2860808670520782,1.0,0.0103478539967909,fake_drowsy
0.5333259254693985,-0.2847113460302353,0.6036251187324524,-0.1546228975057602,0.5325970649719238,-0.2105164378881454,1.0,0.008501695119775776,fake_drowsy
0.3956591337919235,-0.1472690030932426,0.4048761427402496,-0.1909408569335937,0.3743099570274353,-0.1713617295026779,1.0,0.0051156083354726,fake_drowsy
0.21192938834428782,-0.07665438205003736,0.3572122752666473,-0.0781066864728927,0.3001510798931122,-0.1023162305355072,1.0,0.003984126204159074,fake_drowsy
0.1844590082764625,-0.06535906344652175,0.304755687713623,-0.030735271051526,0.2572406828403473,-0.0828739032149314,1.0,0.00283500467776315,fake_drowsy
0.1112167052924633,-0.054262761026620795,0.6205472350120544,0.0397308357059955,0.311185747385025,-0.0622461251914501,1.0,0.00424400721385605,fake_drowsy
0.0979868434369564,0.02980499342083925,0.5491216778755188,0.2395304292440414,0.2562786042690277,0.0662962794303894,1.0,0.0044424223015083995,fake_drowsy
0.13269427418708796,0.018887655809521647,0.1836431473493576,0.1055450439453125,0.1377309560775756,0.0563962198793888,1.0,0.002560260036261725,fake_drowsy
0.08672456257045265,-0.019076428376138252,0.0881033688783645,-0.030645752325654,0.0925508439540863,-0.0077414675615727,1.0,0.002109169901814275,fake_drowsy
0.14666017889976501,-0.08803438208997245,0.2280739396810531,-0.1947016417980194,0.1680727005004882,-0.104114793241024,1.0,0.0029631086072185505,fake_drowsy
0.3963245302438736,-0.3438224792480469,0.5557581782341003,-0.528655469417572,0.3443633019924164,-0.287932813167572,1.0,0.0050711668736766495,fake_drowsy
0.30876307189464564,-0.2719843089580536,0.673716127872467,-0.6465510129928589,0.3810964822769165,-0.3370044231414795,1.0,0.0051862865220755,fake_drowsy
0.25739949196577067,-0.2378347218036651,0.4970197677612304,-0.4692744016647339,0.2902114391326904,-0.2525824308395386,1.0,0.0030477831023744497,fake_drowsy
0.22521612048149106,-0.21024431288242335,0.459227055311203,-0.4450607299804687,0.2475620657205581,-0.2173600047826767,1.0,0.0033247241808566502,fake_drowsy
0.11372132226824755,-0.09918190911412235,0.5702754259109497,-0.5011423826217651,0.2627917230129242,-0.1873455643653869,1.0,0.003821666658041025,fake_drowsy
0.14112453535199165,-0.04424296878278255,0.448697566986084,-0.3115147948265075,0.2235486656427383,-0.0938874632120132,1.0,0.0043824327003676,fake_drowsy
0.4650142043828964,0.06827469170093535,0.4217330515384674,-0.197662353515625,0.374322772026062,0.0212728567421436,1.0,0.0075799244223162,fake_drowsy
0.6959907263517379,0.2838759310543537,0.5763834714889526,-0.0932159423828125,0.5593958497047424,0.1928150504827499,1.0,0.0090303280157968,fake_drowsy
0.7554197609424591,0.2755295895040035,0.7768323421478271,-0.1148813888430595,0.6238315105438232,0.1632550954818725,1.0,0.009146647062152576,fake_drowsy
0.7316384613513947,0.20183977857232094,0.8848505616188049,-0.3360178768634796,0.6690551042556763,0.0277520548552274,1.0,0.007950641564093475,fake_drowsy
0.706489771604538,0.1105858944356441,1.3042844533920288,-0.4714197814464569,0.8502114415168762,-0.0927531793713569,1.0,0.01508068921975785,fake_drowsy
0.8639970123767853,0.12210159003734584,1.365910887718201,-0.4507898986339569,0.9337429404258728,-0.0821214839816093,1.0,0.012358603649772676,fake_drowsy
0.9071017205715179,0.1295448318123817,1.321979522705078,-0.4743815064430237,0.9931978583335876,-0.0696091502904892,1.0,0.01524016051553185,fake_drowsy
0.8664205372333527,0.09542552754282954,1.0375453233718872,-0.1973256468772888,0.886687695980072,0.0841680094599723,1.0,0.0159680350334383,fake_drowsy
0.8974744081497192,0.21014174818992615,0.9842583537101746,-0.056424967944622,0.8714717626571655,0.1488267332315445,1.0,0.0126060904003679,fake_drowsy
0.7147130072116852,0.1796074956655502,1.08547842502594,-0.0817311629652977,0.86532062292099,0.0858375281095504,1.0,0.0128348543075844,fake_drowsy
0.6393020898103714,0.07884336076676846,1.11968195438385,-0.2406021058559417,0.8620383143424988,0.0136184692382812,1.0,0.012234613765031077,fake_drowsy
0.7272538244724274,0.09169213322456925,1.2832454442977903,-0.5380076169967651,0.873197615146637,-0.1989913135766983,1.0,0.00926202419213945,fake_drowsy
0.5683029592037201,-0.11746989190578455,1.1090413331985474,-0.2385620176792144,0.7894062399864197,-0.159402385354042,1.0,0.012184216408058925,fake_drowsy
0.4480326622724533,0.1299215033650398,1.234923243522644,0.5912744998931885,0.716444194316864,0.2411730587482452,1.0,0.02533283596858375,fake_drowsy
0.6053453981876373,0.42204721271991724,1.0750631093978882,0.6038986444473267,0.7558078169822693,0.4087837338447571,1.0,0.009430412319488775,fake_drowsy
0.6242325305938721,0.47343315184116364,0.9492045640945436,0.2865300476551056,0.6899394392967224,0.2483951896429062,1.0,0.01884069712832565,fake_drowsy
0.5161743760108948,0.42894384264945984,1.0782394409179688,-0.2544494569301605,0.6848423480987549,0.0264169108122587,1.0,0.0364277642220258,fake_drowsy
0.36859691143035883,0.3157804310321808,1.08146333694458,-0.5148483514785767,0.6488381624221802,-0.1182090491056442,1.0,0.046526771970093195,fake_drowsy
0.2591112107038498,0.07727007009088994,1.056061625480652,-0.6928675174713135,0.5320972800254822,-0.266908049583435,1.0,0.02319433243246745,fake_drowsy
0.18415097892284388,-0.09467195929028095,1.1790363788604736,-1.043949842453003,0.5527242422103882,-0.432558000087738,1.0,0.020764920162036977,fake_drowsy
0.3213750571012497,-0.05418602377176285,0.9232769012451172,-0.8744969964027405,0.4954052567481994,-0.4363371729850769,1.0,0.013307519024237949,fake_drowsy
0.16844463348388672,-0.12549405917525286,0.2842266857624054,-0.2393325865268707,0.2047514766454696,-0.1472300887107849,1.0,0.0052373410435393,fake_drowsy
0.1158078089356422,-0.0261966157704592,0.1186967194080352,-0.0038233438972383,0.1099236980080604,-0.0171115472912788,1.0,0.0028166599513496753,fake_drowsy
0.1012596664950251,0.02627541759284215,0.2238574773073196,0.1750610321760177,0.1474754363298416,0.0860677286982536,1.0,0.0045626905630342,fake_drowsy
0.18077313154935834,0.0283265255857259,0.4634769260883331,0.4261978268623352,0.2526459991931915,0.2050456404685974,1.0,0.010507136932574176,fake_drowsy
0.22331124544143677,0.006935663521289853,0.444581538438797,0.3433542847633362,0.23757866024971,0.1506067514419555,1.0,0.019792432081885573,fake_drowsy
0.408930167555809,-0.14547914452850813,0.4523932337760925,0.2095062285661697,0.31353759765625,0.0849280506372451,1.0,0.024928393540903874,fake_drowsy
0.5029756128787994,-0.22277571051381526,0.4462342262268066,-0.0009414672967977,0.4060135781764984,-0.0921659767627716,1.0,0.021566582203377,fake_drowsy
0.7026265561580658,-0.5116219818592072,0.427825003862381,-0.1544723510742187,0.4563550651073456,-0.2144684642553329,1.0,0.015048870583996125,fake_drowsy
0.4441522806882858,-0.3110216408967972,0.5342218279838562,-0.3201685547828674,0.4501189291477203,-0.2693390548229217,1.0,0.007620979507919325,fake_drowsy
0.3451956957578659,-0.21869484335184095,0.4148873388767242,-0.2560963928699493,0.35158771276474,-0.2008310556411743,1.0,0.0050511466106399495,fake_drowsy
0.24184939265251154,-0.1542396545410156,0.3958281278610229,-0.2274988740682602,0.2822279334068298,-0.1571080386638641,1.0,0.005247847380815025,fake_drowsy
0.19183970242738718,-0.13469020277261728,0.3276607096195221,-0.1805435121059417,0.2236352562904358,-0.1216614842414856,1.0,0.0034668656007852,fake_drowsy
0.1424705311655998,-0.1114994585514068,0.2940736711025238,-0.1635406464338302,0.1971186101436615,-0.1089219748973846,1.0,0.0034993621229659497,fake_drowsy
0.14553780853748316,-0.11211122572422025,0.2037475258111953,-0.1089126616716384,0.1387003064155578,-0.0725314691662788,1.0,0.002241708338260575,fake_drowsy
0.1253315657377243,-0.06289073452353475,0.1593740433454513,-0.0777750685811042,0.1379730850458145,-0.0551343448460102,1.0,0.0017601953004486499,fake_drowsy
0.20491615682840345,-0.0328459599986672,0.2715494036674499,-0.0528493262827396,0.2465262860059738,-0.0472694933414459,1.0,0.0024793857301119502,fake_drowsy
0.37009377777576447,0.0546308252960443,0.5552586913108826,-0.0084365848451852,0.4250733852386474,0.0210064854472875,1.0,0.005970278638414974,fake_drowsy
0.6798536479473114,0.2664665281772613,0.9881487488746644,0.3430236876010895,0.6813896894454956,0.2559242248535156,1.0,0.009999315254390224,fake_drowsy
0.7983204126358032,0.3138230443000793,1.1228523254394531,0.5457600951194763,0.7855406999588013,0.3451405167579651,1.0,0.011214238475076776,fake_drowsy
0.6652344167232513,0.221692219376564,1.1008790731430054,0.2617777585983276,0.8014667630195618,0.1680224239826202,1.0,0.014087396324612174,fake_drowsy
0.8374293148517609,-0.05428368598222735,1.0608237981796265,0.0459960922598838,0.8830832242965698,-0.0074260318651795,1.0,0.008705579908564624,fake_drowsy
1.1150383949279785,-0.06648548692464826,1.175628662109375,-0.0418141670525074,1.029842734336853,-0.0854588225483894,1.0,0.012824939331039752,fake_drowsy
1.0429814755916595,-0.05639986135065555,1.3666496276855469,0.0311360675841569,1.0942636728286743,-0.0657928735017776,1.0,0.01254444941878315,fake_drowsy
0.8662859797477722,-0.024274116382002848,1.2366845607757568,0.1427566558122635,0.964339554309845,0.0053115054033696,1.0,0.008920141612179525,fake_drowsy
0.7224454283714294,-0.1723244823515415,1.207699179649353,0.5702794194221497,0.8681500554084778,0.1483955383300781,1.0,0.014043562172446348,fake_drowsy
0.43638792634010315,-0.0569595322012901,1.2047728300094604,0.918743371963501,0.748385488986969,0.287568598985672,1.0,0.0110836453386582,fake_drowsy
0.32010852545499796,-0.13694687187671656,0.6582640409469604,-0.4803126156330108,0.5070865750312805,-0.2932199835777282,1.0,0.0079370503081008,fake_drowsy
0.227378748357296,-0.1173423752188682,0.4066804647445678,-0.1415964812040329,0.3327237367630005,-0.1286384314298629,1.0,0.005636849964503125,fake_drowsy
0.19598392397165296,-0.12496708706021305,0.2842558920383453,-0.0915456116199493,0.2611108422279358,-0.1144290789961814,1.0,0.0052459909929893495,fake_drowsy
0.27602412551641464,-0.18390077352523798,0.321513682603836,-0.0446797683835029,0.3174393773078918,-0.1136817932128906,1.0,0.0058253274764865,fake_drowsy
0.31578677892684937,-0.2303546369075775,0.2584407329559326,-0.0403605140745639,0.3162867128849029,-0.1441653072834015,1.0,0.0043908684747293,fake_drowsy
0.322448655962944,-0.2808387726545334,0.2949896454811096,-0.1853800415992736,0.3243739306926727,-0.2067005485296249,1.0,0.004434587201103526,fake_drowsy
0.3133193254470825,-0.2839711904525757,0.4852429330348968,-0.4036702513694763,0.3279926180839538,-0.263841301202774,1.0,0.008122734143398676,fake_drowsy
0.2132107317447662,-0.2031281590461731,0.5871219635009766,-0.5481420159339905,0.3114140033721924,-0.2872511744499206,1.0,0.005457620165543575,fake_drowsy
0.151759497821331,-0.11895032599568364,0.3190866112709045,-0.275439441204071,0.1782262027263641,-0.1564377099275589,1.0,0.0031971818534656748,fake_drowsy
0.19838094711303705,-0.08451766893267625,0.401516854763031,-0.2429489195346832,0.2317489236593246,-0.1283332556486129,1.0,0.0036395869683473747,fake_drowsy
0.1839976236224174,-0.0490359719842672,0.6544612646102905,-0.2504684329032898,0.3969061374664306,-0.1280649155378341,1.0,0.008658228209242176,fake_drowsy
0.19398990273475641,0.0108461654745042,0.4799292981624603,-0.0459894798696041,0.325947493314743,-0.0040053008124232,1.0,0.0072463978431187,fake_drowsy
0.17216885834932324,-0.0422842837870121,0.8171643614768982,0.6295018792152405,0.3702741265296936,0.2094738334417343,1.0,0.02181267828564155,fake_drowsy
0.2446838468313217,-0.08723689615726465,1.0609524250030518,0.8167241215705872,0.4397801458835602,0.2449242174625396,1.0,0.0400999549310654,fake_drowsy
0.2314281016588211,-0.14526770263910288,1.504078984260559,0.8522687554359436,0.5932801961898804,0.2044229507446289,0.974712643678161,0.06757601621211502,fake_drowsy
0.19184333086013788,-0.161023274064064,0.3260606825351715,0.1572532653808593,0.1637128442525863,-0.0348433069884777,1.0,0.021074195072287652,fake_drowsy
0.1869802325963974,-0.17391619086265558,0.2707575857639313,-0.0464428476989269,0.1829729378223419,-0.094034194946289,1.0,0.006125828542280875,fake_drowsy
0.15908308327198026,-0.1501055061817169,0.3662847578525543,0.0772819519042968,0.1833744198083877,-0.0205016825348138,1.0,0.004590162425301925,fake_drowsy
0.08400656655430791,-0.07157145813107485,0.1786010563373565,0.0749435424804687,0.1048159748315811,-0.0079167233780026,1.0,0.002350279231904975,fake_drowsy
0.0984600596129894,-0.0807789377868175,0.1432782709598541,0.0731141194701194,0.0855111256241798,-0.0248661041259765,1.0,0.0017712446860968498,fake_drowsy
0.1457888931035995,-0.10253350436687464,0.111504353582859,0.0345230102539062,0.1031930595636367,-0.0467940755188465,1.0,0.001853724214015475,fake_drowsy
0.35736551880836487,-0.19122314453124994,0.1873262226581573,-0.0260195042937994,0.2124441415071487,-0.0692014694213867,1.0,0.005008990265196125,fake_drowsy
0.41910727322101593,-0.11634663492441175,0.4719801843166351,0.015465872362256,0.3605588376522064,-0.0370862148702144,1.0,0.006607048300793324,fake_drowsy
0.3621864318847656,-0.09480351395905015,0.3797811865806579,0.1306828111410141,0.3342457115650177,0.0471499301493167,1.0,0.006262635812163301,fake_drowsy
0.3347740322351455,0.0586061760550365,0.2794596254825592,0.0426494069397449,0.2693005204200744,0.0318765640258789,1.0,0.00358031893847505,fake_drowsy
0.21247821301221845,-0.025484140031039652,0.3026128709316253,-0.0535676144063472,0.2275680750608444,-0.040345873683691,1.0,0.001935731037519825,fake_drowsy
0.12995428591966626,-0.0238943924196064,0.1441967189311981,-0.0204495023936033,0.1302879899740219,-0.0233786441385746,1.0,0.00154199110693295,fake_drowsy
0.11581915244460106,-0.04308569617569445,0.1688431948423385,0.0598188117146492,0.1174134835600853,0.0043761390261352,1.0,0.0017508980963611498,fake_drowsy
0.09002924710512156,0.00303595419973135,0.3157871067523956,0.2487760335206985,0.1460285186767578,0.0707281678915023,1.0,0.0031379661231767,fake_drowsy
0.1389943547546863,0.007845306769013401,0.5054152607917786,0.4098025858402252,0.2405198961496353,0.1392498016357422,1.0,0.005563796352362225,fake_drowsy
0.1708534955978393,-0.05481502041220665,0.2625943720340729,0.2002340108156204,0.1856562793254852,0.077235497534275,1.0,0.002703529695281725,fake_drowsy
0.1943555027246475,0.00217263307422395,0.2153265327215194,0.1267999857664108,0.1644958704710006,0.0582711361348629,1.0,0.00254592351848255,fake_drowsy
0.12333073094487185,0.01601867750287055,0.1143026128411293,0.0622972771525383,0.1028677299618721,0.0344226025044918,1.0,0.0015163281204877,fake_drowsy
0.064069677144289,0.012546321493573449,0.0706275627017021,-0.0222658421844244,0.057281706482172,-0.0046235495246946,1.0,0.0009308732405770249,fake_drowsy
0.048533381894230745,-0.0028416221030056503,0.2512719631195068,-0.1995631605386734,0.1162563115358352,-0.0783022493124008,1.0,0.0021158514573471,fake_drowsy
0.06363247148692605,-0.0429386682808399,0.2103507369756698,-0.1797583401203155,0.1029089838266372,-0.0729814246296882,1.0,0.0024690727441338,fake_drowsy
0.03725704178214065,-0.0035411289427428995,0.1457491964101791,-0.107513427734375,0.0829496905207634,-0.0498895645141601,1.0,0.001934823827468725,fake_drowsy
0.07568714022636411,0.0532674510031938,0.1172198504209518,0.0237928126007318,0.095684565603733,0.0518662594258785,1.0,0.0016541151271667,fake_drowsy
0.281121164560318,0.2597789168357849,0.2907528281211853,0.215832307934761,0.2692051827907562,0.222149446606636,1.0,0.0038124124403111,fake_drowsy
0.5671762824058533,0.49196407198905945,0.4458703994750976,0.3288470804691314,0.3662948310375213,0.3109877407550812,1.0,0.006468582316301725,fake_drowsy
0.6791665107011795,0.37342627346515656,0.4750049114227295,0.1551121324300766,0.4207099974155426,0.2218501269817352,1.0,0.012916192470584025,fake_drowsy
0.7923524081707001,0.36262860894203186,0.6219539046287537,0.0211557652801275,0.534915030002594,0.1076647862792015,1.0,0.014094416983425576,fake_drowsy
0.6629097163677216,0.12182366475462911,0.5744516253471375,-0.2209140211343765,0.4736884534358978,-0.0480916164815425,1.0,0.017270027776248722,fake_drowsy
0.4580494612455368,-0.03788909909781065,0.6818035840988159,-0.3469314575195312,0.5093837976455688,-0.1480451375246048,1.0,0.014031768892891651,fake_drowsy
0.4055764228105545,-0.010903168469667449,0.6078497767448425,-0.3106357157230377,0.4261460304260254,-0.1519372165203094,1.0,0.008888666867278475,fake_drowsy
0.2888818681240082,-0.0202975678257644,0.4278512299060821,-0.2206382751464843,0.2983324825763702,-0.0713041871786117,1.0,0.0062121954397298,fake_drowsy
0.2545506060123443,0.0999609790742397,0.4300318658351898,-0.3078379034996032,0.2197626382112503,-0.0633942708373069,1.0,0.00949244422372425,fake_drowsy
0.23169698566198343,0.11050404235720634,0.4538404941558838,-0.3885252773761749,0.2163456678390503,-0.0751044377684593,1.0,0.008905365713871976,fake_drowsy
0.139200247824192,0.1296162232756614,0.3399154841899872,-0.2965921759605407,0.1539050489664077,-0.0556575246155262,1.0,0.003458287450484875,fake_drowsy
0.1042891591787338,0.0793620515614748,0.6058320999145508,-0.5079056620597839,0.2633668482303619,-0.1353558152914047,1.0,0.004429745546076401,fake_drowsy
0.08591669797897335,0.0248355329968035,0.6769800186157227,-0.5967516303062439,0.2863686084747314,-0.1845178604125976,1.0,0.004187907936284275,fake_drowsy
0.2153843343257904,0.10152805969119069,0.5493709444999695,-0.4961607754230499,0.2636980712413788,-0.1787434965372085,1.0,0.008542450319509926,fake_drowsy
0.7993905991315842,0.36939434707164764,0.557934582233429,-0.4029590189456939,0.3425906300544739,-0.1204972937703132,1.0,0.08135996246710413,fake_drowsy
0.28901276737451553,0.1851178780198097,0.6265001893043518,-0.2494474202394485,0.3367258608341217,-0.0566490702331066,1.0,0.019807469449005948,fake_drowsy
0.3518821895122528,0.12900794297456736,0.43863245844841,-0.2524234354496002,0.3561194241046905,-0.0361893512308597,1.0,0.006649946153629525,fake_drowsy
0.45994389057159424,0.18278100341558454,0.452643871307373,-0.1950531005859375,0.3894125819206238,0.0151511598378419,1.0,0.0108899573097005,fake_drowsy
0.3773930221796036,0.1209981683641672,0.3305883109569549,-0.1149657145142555,0.3165971934795379,0.0358088351786136,1.0,0.0067672497243619996,fake_drowsy
0.3363103866577148,0.11366424709558484,0.2434466034173965,-0.0373600535094738,0.2748816907405853,0.0807304382324218,1.0,0.0030320170335471,fake_drowsy
0.25751322507858276,0.1617269217967987,0.2446645647287368,0.0758122056722641,0.2464904934167862,0.1261269748210907,1.0,0.003089947917032925,fake_drowsy
0.5013863891363144,0.3593747913837433,0.5111951231956482,0.3188373148441314,0.5302804112434387,0.3404077887535095,1.0,0.0071444017812609,fake_drowsy
1.0848145484924316,0.8296793401241302,1.3423430919647217,0.9591418504714966,1.0334112644195557,0.718038022518158,1.0,0.010544583084993026,fake_drowsy
1.245604157447815,1.0034778416156769,1.582000732421875,1.3659967184066772,1.2484558820724487,0.9877938032150269,1.0,0.0124191478826105,fake_drowsy
1.1569366455078125,1.0744803249835968,1.47328782081604,1.4508378505706787,1.1447898149490356,1.0270434617996216,1.0,0.010038520442321874,fake_drowsy
0.6752995252609253,0.6575389504432678,1.0741016864776611,1.018856644630432,0.710145115852356,0.6744406819343567,1.0,0.0109860937809571,fake_drowsy
0.3364033997058868,0.26526662707328796,0.5170356631278992,0.3935225307941437,0.3381564319133758,0.2641460001468658,1.0,0.0069336235756054,fake_drowsy
0.29460328817367554,0.13959099724888796,0.3554480075836181,0.2508659362792969,0.2446446269750595,0.1494394093751907,1.0,0.006244723626878075,fake_drowsy
0.0927409119904041,0.0236088326200843,0.1355402320623397,0.085770197212696,0.1325900554656982,0.0584357120096683,1.0,0.0026431863370816504,fake_drowsy
0.044724520295858355,0.004468319006264201,0.0976326242089271,0.0611245296895504,0.1074403896927833,0.0568313598632812,1.0,0.0016871622938196501,fake_drowsy
0.1787643060088157,-0.0350677482783794,0.2243597507476806,0.0047705513425171,0.2097325325012207,0.0126498090103268,1.0,0.0037783569423481245,fake_drowsy
0.41424693167209625,-0.19985569268465037,0.1156799271702766,-0.0688073262572288,0.2345253080129623,-0.05473218485713,1.0,0.00847035535844035,fake_drowsy
1.161500334739685,-0.7125873118638992,0.8220399618148804,-0.7993322014808655,0.715417742729187,-0.4616135060787201,1.0,0.022680910071358026,fake_drowsy
1.3360292315483093,-0.8935839831829071,0.8354201316833496,-0.8115441203117371,0.7905880808830261,-0.4669192135334015,1.0,0.034371453919447896,fake_drowsy
1.0179242193698883,-0.5511007010936737,0.6419132351875305,-0.5607735514640808,0.5695856213569641,-0.3113490641117096,1.0,0.01275907841045405,fake_drowsy
0.49179548025131226,-0.23249674588441843,0.2688085734844208,-0.1308528333902359,0.2778543829917907,-0.0963766947388649,1.0,0.00924619979923585,fake_drowsy
0.251133069396019,-0.15933500230312345,0.3156222999095917,-0.0379693172872066,0.2023036181926727,-0.0680994316935539,1.0,0.00461224501486865,fake_drowsy
0.17909238860011095,-0.15317698940634725,0.1994377821683883,-0.1267978101968765,0.1773783862590789,-0.1381923109292984,1.0,0.0032373986323363502,fake_drowsy
0.3104640990495681,-0.2843332514166832,0.2987375557422638,-0.2882178127765655,0.3052777647972107,-0.2643241882324219,1.0,0.005407653166912451,fake_drowsy
0.3555983752012253,-0.3461340665817261,0.505206286907196,-0.4823564887046814,0.3881318867206573,-0.3334898352622986,1.0,0.006191252381540801,fake_drowsy
0.2943113818764686,-0.2699452042579651,0.3104419410228729,-0.2622593343257904,0.2636307775974273,-0.2115731984376907,1.0,0.00393479800550265,fake_drowsy
0.4670720547437668,-0.41855481266975403,0.2606457471847534,-0.1986220180988311,0.3198303580284118,-0.2198986262083053,1.0,0.007567854190710875,fake_drowsy
0.32025403529405594,-0.2685610130429268,0.6828622221946716,-0.0666558369994163,0.5123724341392517,-0.1440242975950241,1.0,0.008942651387769675,fake_drowsy
0.31032097339630127,-0.022513691335916547,1.074260711669922,0.5237508416175842,0.6132607460021973,0.1551570892333984,1.0,0.017242520931176775,fake_drowsy
0.40547323226928705,0.1042525190860033,1.207762360572815,0.8911792039871216,0.7268627882003784,0.3078244030475616,1.0,0.00890183704905205,fake_drowsy
0.5965828001499176,-0.0810419339686632,0.6479786038398743,0.0957576185464859,0.6199498176574707,-0.051974706351757,1.0,0.008157440985087276,fake_drowsy
0.8169591128826141,-0.40370863676071167,0.5579434633255005,-0.2614429891109466,0.6806412935256958,-0.3729772567749023,1.0,0.00883130053989585,fake_drowsy
0.8126621544361115,-0.6744102239608765,0.4176435470581054,-0.3458764255046844,0.5100141763687134,-0.4184133112430572,1.0,0.013398964423686224,fake_drowsy
0.41515128314495087,-0.37356349825859064,0.3510204255580902,-0.3115877509117126,0.2547990381717682,-0.22061088681221,1.0,0.005838921526446875,fake_drowsy
0.22594007849693296,-0.14941003173589706,0.3763783574104309,-0.1987026780843734,0.2192723900079727,-0.1235504150390625,1.0,0.00380106590455395,fake_drowsy
0.15573804080486295,-0.05543714016675945,0.517972469329834,-0.1760668009519577,0.2801901698112488,-0.0911808013916015,1.0,0.0057704746141098,fake_drowsy
0.13710110634565348,0.0077068875543773,0.3561368882656097,-0.0886617377400398,0.2478731870651245,-0.0260928012430667,1.0,0.0038639184786006253,fake_drowsy
0.1501964628696441,0.11021194607019424,0.1569551229476928,0.0441164299845695,0.1663284748792648,0.0623659417033195,1.0,0.002817717555444625,fake_drowsy
0.17557126656174657,0.1714460104703903,0.4635929465293884,0.3739520609378814,0.2539191246032715,0.2273120880126953,1.0,0.0066242335014976,fake_drowsy
0.15700601786375046,0.1462772898375988,1.2088595628738403,1.0927679538726809,0.4821741878986358,0.43044513463974,1.0,0.010943988017970651,fake_drowsy
0.16401961073279375,0.15065514296293253,1.5795347690582275,1.391719102859497,0.6057521104812622,0.5170985460281372,0.9910714285714286,0.03629665641346942,fake_drowsy
0.20733155310153956,0.18334132432937622,0.7828472256660461,0.6327955722808838,0.3210120797157287,0.2664332985877991,1.0,0.030993483320344198,fake_drowsy
0.1778418496251106,0.14710398763418195,0.1962232887744903,0.0758904367685318,0.1381408721208572,0.0544614791870117,1.0,0.0056634534266777,fake_drowsy
0.2156707718968391,0.0984474197030067,0.3191056549549103,0.0413620546460151,0.2082283198833465,0.0216508600860834,1.0,0.004227829747833275,fake_drowsy
0.18691950291395185,-0.03844484500586985,0.3297622501850128,-0.1520527005195617,0.2899810671806335,-0.1378658860921859,1.0,0.0048925644368864,fake_drowsy
0.35172431170940394,-0.20537948608398435,0.3989720642566681,-0.2378161400556564,0.3584385514259338,-0.2152284830808639,1.0,0.0073572735418565,fake_drowsy
0.4364667236804962,-0.164375189691782,0.6167049407958984,-0.2642827928066253,0.5423763394355774,-0.2594656348228454,1.0,0.007848454755730875,fake_drowsy
0.5749102681875229,-0.2502130791544914,0.6362271308898926,-0.2507505118846893,0.593227744102478,-0.2707308232784271,1.0,0.008121114922687349,fake_drowsy
0.7486327886581421,-0.4901776909828186,0.6409996747970581,-0.3560802340507507,0.6250938773155212,-0.3637441992759704,1.0,0.007278523757122426,fake_drowsy
0.3681153804063797,-0.23981105536222455,0.3135053217411041,-0.2035912424325943,0.3284375965595245,-0.2215562611818313,1.0,0.006251774379052175,fake_drowsy
0.1393570154905319,-0.1248766258358955,0.0816864967346191,-0.0390342436730861,0.0914038866758346,-0.0628335103392601,1.0,0.00167825102107595,fake_drowsy
0.1232703030109405,0.01853234507143495,0.3375202715396881,0.1524692177772522,0.1953337490558624,0.0443252846598625,1.0,0.0040118955657817,fake_drowsy
0.07334715500473975,0.05122789740562435,0.1396333128213882,0.0899522602558136,0.107396125793457,0.0519797466695308,1.0,0.0015298996877390499,fake_drowsy
0.23584932088851926,-0.011343168094754198,0.1167194470763206,-0.0646170154213905,0.1558635681867599,-0.0702449232339859,1.0,0.004947049863403625,fake_drowsy
0.7432251274585724,-0.41458880901336664,0.7644078731536865,-0.5185303688049316,0.7650143504142761,-0.456771045923233,1.0,0.008700865553691924,fake_drowsy
0.7794776856899261,-0.4740483909845352,0.7955723404884338,-0.6187224388122559,0.6925225853919983,-0.4829428493976593,1.0,0.00690346478950225,fake_drowsy
0.33622585237026215,-0.22185831516981125,0.2179241329431533,-0.1957504898309707,0.2710655331611633,-0.1996472179889679,1.0,0.0041802941705099995,fake_drowsy
0.08785584196448325,-0.0302028118167072,0.0590328201651573,-0.044081512838602,0.0762533769011497,-0.0493835732340812,1.0,0.0015149511164054,fake_drowsy
0.0717794187366962,0.0346893314272165,0.1547266393899917,0.0279631447046995,0.0906161442399025,0.0301617216318845,1.0,0.00180689936678385,fake_drowsy
0.32849743962287903,0.0846855156123638,0.5362553596496582,-0.0552373826503753,0.3739367425441742,0.0153352189809083,1.0,0.003963047696743125,fake_drowsy
0.45276910066604614,-0.07191020622849459,0.6891406178474426,-0.2673763632774353,0.5369852185249329,-0.0811292082071304,1.0,0.00775032292585815,fake_drowsy
0.5172650814056396,-0.1438664048910141,0.4454177618026733,-0.1192954704165458,0.4067918956279754,-0.0987317189574241,1.0,0.0067172260023652995,fake_drowsy
0.41315676271915436,-0.08663024753332135,0.3596161007881164,-0.0858205184340477,0.3531172573566437,-0.0428581237792968,1.0,0.010635032289428624,fake_drowsy
0.3920522928237915,0.023001097142696398,0.3325271010398865,0.0146467424929142,0.3559475243091583,0.0708176717162132,1.0,0.005792747600935351,fake_drowsy
0.931788831949234,0.6122045367956161,0.3252479135990143,0.2160395830869674,0.4936792552471161,0.3135690689086914,1.0,0.039611071231774896,fake_drowsy
1.0887588858604431,0.8770711570978165,0.7331069707870483,0.6985880732536316,0.7386298775672913,0.6345969438552856,1.0,0.049062628531828474,fake_drowsy
1.068842887878418,0.9986610412597656,1.0208574533462524,1.0102155208587646,0.9022933840751648,0.8335552215576172,1.0,0.014069970115087874,fake_drowsy
1.052241027355194,1.0239225029945374,1.1945558786392212,1.1850138902664185,0.96843820810318,0.9154714941978456,1.0,0.011426258832216225,fake_drowsy
1.0159980058670044,1.0033248662948608,0.7971791625022888,0.7783604264259338,0.7957504391670227,0.7601689100265503,1.0,0.012182404287159375,fake_drowsy
0.9052539467811584,0.8945846557617188,0.6172965168952942,0.5443007946014404,0.69249027967453,0.6257491707801819,1.0,0.014502885460387875,fake_drowsy
0.6839877068996429,0.6785294711589813,0.4221769571304321,0.2154993116855621,0.4858595430850982,0.3940849304199219,1.0,0.013592261355370226,fake_drowsy
0.7867425084114075,0.777399331331253,0.4993183016777038,0.3194517791271209,0.5742027163505554,0.4997446835041046,1.0,0.011958529124967702,fake_drowsy
0.4258817881345749,0.4101205915212631,0.4436363279819488,0.1020965576171875,0.406147301197052,0.3069577813148498,1.0,0.011193578829988799,fake_drowsy
0.2890557795763015,0.26979533582925797,0.5399919748306274,-0.242057517170906,0.2661879360675812,0.0491725392639637,1.0,0.014126425958238474,fake_drowsy
0.1554602831602096,0.15117939561605448,0.4081724882125854,-0.3008411526679992,0.189356192946434,-0.0384769439697265,1.0,0.007293990958714825,fake_drowsy
0.08868358656764025,0.08533586934208864,0.2453216910362243,-0.1877379268407821,0.1346692144870758,-0.0419240668416023,1.0,0.002296550810569875,fake_drowsy
0.06511894427239891,0.05829565972089765,0.2909364700317383,-0.2212677001953125,0.1355388462543487,-0.0655381307005882,1.0,0.002528080571209975,fake_drowsy
0.04235294088721275,0.01578227523714305,0.4345548748970032,-0.385962039232254,0.1820230782032013,-0.1413920223712921,1.0,0.00288992523564955,fake_drowsy
0.07669864594936365,0.00253753643482925,0.3633508682250976,-0.3104038834571838,0.1875393688678741,-0.1341326534748077,1.0,0.0039011766784823997,fake_drowsy
0.19454061239957804,0.00479049608111385,0.2980020940303802,-0.2281675040721893,0.1930029690265655,-0.1102771759033203,1.0,0.0098499794257804,fake_drowsy
0.39802679419517517,-0.2780658155679703,0.5239008665084839,-0.4634128212928772,0.3217733502388,-0.244470328092575,1.0,0.00668491952819745,fake_drowsy
0.5816125273704529,-0.5322254598140717,0.558238685131073,-0.5449489951133728,0.3567404747009277,-0.326242446899414,1.0,0.009592827060259799,fake_drowsy
0.2690662667155265,-0.2584017142653465,0.3180822432041168,-0.3045456409454345,0.238139346241951,-0.228347510099411,1.0,0.005835554096847726,fake_drowsy
0.1403717957437038,-0.1268561221659183,0.213325634598732,-0.1995301395654678,0.1562664806842804,-0.1415367126464843,1.0,0.001837176969274825,fake_drowsy
0.12787420675158495,-0.09305551089346405,0.1121584773063659,-0.1042361781001091,0.1256757825613021,-0.1048837378621101,1.0,0.0018435785605106,fake_drowsy
0.14735743030905718,-0.09120919648557894,0.0942726284265518,-0.0815893113613128,0.1166410967707634,-0.0770002081990242,1.0,0.0020119646505918003,fake_drowsy
0.2258762642741203,-0.1044576400890946,0.1213166341185569,-0.0756705924868583,0.1637501716613769,-0.0890551954507827,1.0,0.0022935977322049,fake_drowsy
0.25562649965286255,-0.09017519140616055,0.1159034073352813,-0.0527134649455547,0.1536082476377487,-0.0644975379109382,1.0,0.004803561561857324,fake_drowsy
0.28153797984123224,-0.1356387606356293,0.1059611737728118,-0.0495447218418121,0.1337574422359466,-0.0666604712605476,1.0,0.021626975300023298,fake_drowsy
0.3983422815799713,-0.27679509297013283,0.1590609699487686,-0.1254487186670303,0.1660099327564239,-0.122974120080471,1.0,0.017023437860188975,fake_drowsy
0.2995537370443344,-0.2017642445862293,0.4514209628105163,-0.2933321297168731,0.2818062603473663,-0.1740196794271469,1.0,0.011645474121905799,fake_drowsy
0.35499464720487595,-0.1691442225128412,0.2521710991859436,-0.0407166667282581,0.265236496925354,-0.0402442403137683,1.0,0.00719469902105625,fake_drowsy
0.2609621062874794,0.00225677492562685,0.2962771952152252,0.1071025729179382,0.3100524544715881,0.1049063578248024,1.0,0.0060866334242746,fake_drowsy
0.29239964485168457,0.08025872241705655,0.3356144428253174,0.1836813539266586,0.3287795484066009,0.1479203402996063,1.0,0.003462840395513875,fake_drowsy
0.27253471314907074,-0.05433807522058485,0.3209240138530731,0.207550048828125,0.2643352150917053,0.1213226318359375,1.0,0.0031506253289989494,fake_drowsy
0.1565951183438301,-0.0190996443852782,0.1337653696537017,0.0927802175283432,0.1323150545358657,0.0580858513712883,1.0,0.0018623382202348998,fake_drowsy
0.1067357659339904,0.00041994359344245044,0.076899878680706,0.0405482538044452,0.072738692164421,0.0210312437266111,1.0,0.0013651377521454748,fake_drowsy
0.08796961233019825,0.026319885626435252,0.071250319480896,0.0477707460522651,0.0603217296302318,0.0259410310536623,1.0,0.0015439681446877498,fake_drowsy
0.08717032894492145,0.07128928229212761,0.0779109597206115,0.0622117780148983,0.0541584901511669,0.0363420769572258,1.0,0.001204985223012,fake_drowsy
0.10189448669552795,0.0767347086220979,0.0692495703697204,0.0550870560109615,0.0781786292791366,0.0374371670186519,1.0,0.001616445399122275,fake_drowsy
0.13102680817246434,0.01803207397460935,0.068683736026287,-0.0336970575153827,0.1134513095021247,-0.020944595336914,1.0,0.0022011643159202997,fake_drowsy
0.22899296879768372,-0.0874277409166097,0.321778267621994,-0.2810821533203125,0.3273654282093048,-0.2086364179849624,1.0,0.0058638133341446,fake_drowsy
0.7237636148929597,-0.21222544834017754,0.4410368204116821,-0.3934071958065033,0.5657777190208435,-0.3823280334472656,1.0,0.016063367365859376,fake_drowsy
1.0699251592159271,-0.049138203263282804,0.4547409117221832,-0.0920461043715477,0.6168232560157776,-0.2097990810871124,1.0,0.05939384619705372,fake_drowsy
0.6105410754680634,-0.13692060485482216,1.0906399488449097,0.5323644280433655,0.7609635591506958,0.136962890625,1.0,0.012592433718964426,fake_drowsy
1.0923196375370026,0.06817561760544774,1.2900491952896118,0.6831523776054382,1.038390874862671,0.2558353841304779,1.0,0.015281177009455823,fake_drowsy
1.0642764568328857,-0.06972165964543821,0.7463294863700867,0.2092466056346893,0.8031350374221802,-0.0140481675043702,1.0,0.0137682176427915,fake_drowsy
1.1224047541618347,-0.09582138061523435,0.8794801235198975,0.0033433702774345,0.9148904085159302,-0.1136027723550796,1.0,0.012360780267044827,fake_drowsy
1.3026182055473328,-0.2860593646764755,1.3961793184280396,-0.2138338387012481,1.2635107040405271,-0.2652585208415985,1.0,0.0118424643296748,fake_drowsy
1.3551677763462067,-0.46176213026046753,1.5360325574874878,-0.7118484973907471,1.356974720954895,-0.5817810893058777,1.0,0.014955345075577449,fake_drowsy
1.1436915695667267,-0.5890892148017883,1.325706958770752,-0.8747784495353699,1.1612504720687866,-0.6676085591316223,1.0,0.010159877710975674,fake_drowsy
0.8127484321594238,-0.5254132002592087,0.9811472296714784,-0.8683640956878662,0.795279860496521,-0.6222836375236511,1.0,0.00963663426227865,fake_drowsy
0.4932323843240738,-0.4084039032459259,0.8134014010429382,-0.8051056861877441,0.5444754958152771,-0.4942485392093658,1.0,0.0099798226729035,fake_drowsy
0.2502889260649681,-0.21412876993417734,0.5688539743423462,-0.5086195468902588,0.3471665382385254,-0.3046261966228485,1.0,0.004749440064188024,fake_drowsy
0.1628620736300945,-0.14337191358208656,0.3622266054153442,-0.2607941925525665,0.2566210329532623,-0.1899863630533218,1.0,0.00352366355946285,fake_drowsy
0.5599445551633835,-0.3764396607875824,0.2447555661201477,-0.1682790070772171,0.2616574168205261,-0.184216096997261,1.0,0.019658674544189077,fake_drowsy
1.034050315618515,-0.7182665392756461,0.2401394695043563,-0.1988570541143417,0.3278991878032684,-0.2581565082073211,1.0,0.0453791919862851,fake_drowsy
0.22836361080408096,0.12880961969494814,0.3474719524383545,0.1286998093128204,0.3104588985443115,0.0570653900504112,1.0,0.005348646081984,head_nod
0.19257713109254831,0.016296479851007455,0.2196233123540878,-0.0539505891501903,0.3350686132907867,-0.0354108810424804,1.0,0.0043381057621445,head_nod
0.39015206694602966,-0.1025597434490919,0.3336763381958008,-0.3134033977985382,0.4855943620204925,-0.1360574662685394,1.0,0.00658334256149825,head_nod
0.6982033103704453,-0.3286107555031776,0.8156984448432922,-0.7467597723007202,0.7192294001579285,-0.3543933928012848,1.0,0.01033642655238505,head_nod
11.492172718048096,-9.456455707550049,14.044881820678713,-10.502601623535156,10.102761268615724,-7.80103588104248,0.8438820806100218,0.3036797493696213,head_nod
0.17420600354671473,-0.03234748914837835,0.0950912535190582,-0.0261616706848144,0.1613937318325042,-0.0214739814400672,1.0,0.002233425300801125,head_nod
0.09442364796996115,0.067058453336358,0.1230492517352104,0.0765333175659179,0.0925727263092994,0.0540119111537933,1.0,0.0020789933914784,head_nod
0.6598607301712036,0.0652697430923581,0.6567134857177734,-0.1453385353088379,0.5846958160400391,-0.0502666532993316,1.0,0.00945684534963215,head_nod
1.6039161086082458,-0.33109739795327187,1.839526414871216,-0.9837889671325684,1.4284019470214844,-0.5053538680076599,1.0,0.0140568144852295,head_nod
1.9699316024780273,-0.7083236873149872,2.282285690307617,-1.4136667251586914,1.713303804397583,-0.7915056943893433,1.0,0.012886413140222376,head_nod
1.7411528825759888,-0.6964296996593475,2.3751845359802246,-1.372981071472168,1.6507550477981567,-0.7807353734970093,1.0,0.013297722907736877,head_nod
1.363099217414856,-0.5970751643180847,2.0347132682800293,-1.2743372917175293,1.3978785276412964,-0.7186592221260071,1.0,0.009307087166234799,head_nod
1.1517446637153625,-0.5419023931026459,1.9010379314422607,-1.4510111808776855,1.2291862964630127,-0.7805028557777405,1.0,0.01329499296844,head_nod
0.9344332814216614,-0.37428960204124445,1.775151252746582,-1.3440651893615725,1.1459497213363647,-0.6926105618476868,1.0,0.015968697494827176,head_nod
1.0603356659412384,0.10076141357421875,1.5694085359573364,-0.910585880279541,1.0446715354919434,-0.3719004690647125,1.0,0.0465167320799082,head_nod
1.6650436520576477,0.7449082881212234,1.0447919368743896,-0.0952510833740234,1.055933117866516,0.1806902736425399,0.9891304347826086,0.11909995588939631,head_nod
1.5605235695838928,0.7823526114225388,1.5246505737304688,0.9084172248840332,1.354870319366455,0.7485576272010803,1.0,0.023342559579759822,head_nod
1.859391987323761,1.2057504057884216,2.1866321563720703,1.876255989074707,1.775193691253662,1.323444962501526,1.0,0.014157198835164251,head_nod
2.1209107041358948,1.7473575472831726,2.764413356781006,2.615453720092773,2.132991075515747,1.8202292919158936,1.0,0.0128197458107024,head_nod
2.3836586475372314,2.081553280353546,3.056573867797852,2.9068641662597656,2.355738639831543,2.0790302753448486,1.0,0.013364410959184126,head_nod
2.723952054977417,2.492313265800476,3.4879310131073,3.378417015075684,2.606117248535156,2.356583595275879,1.0,0.014077683212235551,head_nod
3.6663204431533813,3.4844882488250732,4.474107265472412,4.427824020385742,3.381854295730591,3.1551389694213867,1.0,0.024137030821293523,head_nod
5.745413303375244,5.564262628555298,6.886855125427246,6.820065975189209,5.072775363922119,4.795702934265137,1.0,0.05846060533076518,head_nod
6.419287443161011,6.118462324142456,7.395454883575439,7.148610591888428,5.548928737640381,5.1088457107543945,1.0,0.052990900818258496,head_nod
4.356948137283325,3.7866841554641724,5.399662494659424,4.71446704864502,4.166191101074219,3.44350814819336,1.0,0.0809347881004214,head_nod
1.7638450860977173,-0.5714739635586739,2.305600643157959,-0.3838062286376953,1.9396095275878904,-0.1747898757457733,1.0,0.06657254183664912,head_nod
4.553235054016113,-4.221153020858765,4.878066062927246,-4.379892349243164,3.683086633682251,-3.098840951919556,0.9861111111111112,0.12351437471807,head_nod
4.643525838851929,-4.523325204849243,5.258915901184082,-5.094781875610352,3.913851976394653,-3.6658918857574463,1.0,0.06590662244707342,head_nod
3.646984815597534,-3.5711452960968018,4.263057708740234,-4.188858985900879,3.1369898319244385,-3.0187301635742188,1.0,0.0307141686789691,head_nod
2.295263886451721,-2.182767868041992,2.621570587158203,-2.5784177780151367,1.9918571710586548,-1.84910786151886,1.0,0.0199552997946739,head_nod
1.0440560579299927,0.009190581738948808,0.9782880544662476,-0.9134750366210938,0.8522154092788696,-0.4949851632118225,1.0,0.13294705026783046,head_nod
1.8950940370559692,1.5059356689453125,0.9151156544685364,0.8819351196289062,1.0722819566726685,0.7283847332000732,1.0,0.10355565231293436,head_nod
2.6292682886123657,2.4546982049942017,2.7892253398895264,2.7359509468078613,2.228436231613159,1.9027808904647827,1.0,0.031110364478081423,head_nod
2.838608980178833,2.7335323095321655,3.4633500576019287,3.219660758972168,2.6132166385650635,2.23366379737854,1.0,0.01627155882306395,head_nod
2.5275683403015137,2.3660463094711304,3.144371032714844,2.7074928283691406,2.296572208404541,1.9088709354400637,1.0,0.016718224855139775,head_nod
2.3832602500915527,1.9028981924057007,3.003582239151001,2.076080322265625,2.2486472129821777,1.505361795425415,1.0,0.017036275472491924,head_nod
2.7554047107696533,1.0135595500469208,3.4498982429504395,1.0885910987854004,2.6792430877685547,0.7673507928848267,1.0,0.0300905616022646,head_nod
3.5154865980148315,0.2815021201968193,3.9406771659851074,-0.1047663688659668,3.408925294876098,-0.0183923691511154,1.0,0.06304622371681029,head_nod
3.979647397994995,-0.5410228818655014,4.111177444458008,-0.847114086151123,3.646399974822998,-0.6785139441490173,0.9963768115942028,0.05573038174770767,head_nod
3.8128944635391235,-0.8316748142242432,3.654670000076294,-1.093156814575195,3.374922037124634,-0.9342857599258424,0.9852941176470588,0.0340009164065122,head_nod
3.2210123538970947,-0.6319482922554016,2.5130820274353027,-0.6971516609191895,2.619539499282837,-0.6726107597351074,1.0,0.0300604882650077,head_nod
2.27856981754303,-0.2714526057243347,1.6884983777999878,-0.3687305450439453,1.8749626874923704,-0.4079322814941406,1.0,0.0134026601444929,head_nod
1.343764305114746,-0.14130267500877386,0.7626360654830933,-0.1003279685974121,1.0424516201019287,-0.1879097372293472,1.0,0.010848013800568825,head_nod
0.5005292147397995,-0.1289146989583969,0.2281008809804916,-0.1264948844909668,0.3862589597702026,-0.1196643635630607,1.0,0.004780086455866649,head_nod
0.4936649799346924,-0.36533883213996887,0.6741832494735718,-0.5958600044250488,0.4966762065887451,-0.3843953609466553,1.0,0.014533305773511501,head_nod
1.9695477485656738,-1.887618899345398,1.7343395948410034,-1.537574291229248,1.356826663017273,-1.1937596797943115,1.0,0.02610263647511595,head_nod
3.3383896350860596,-3.272648334503174,2.884847640991211,-2.853703022003174,2.341043710708618,-2.2533392906188965,1.0,0.05150718567892903,head_nod
3.3469483852386475,-3.2537893056869507,3.091609477996826,-3.0776729583740234,2.527143716812134,-2.4181172847747803,1.0,0.0538879954256117,head_nod
2.4502346515655518,-2.3585458993911743,2.397263526916504,-2.379286766052246,1.9530096054077148,-1.84658944606781,1.0,0.02607815805822605,head_nod
1.2252983450889587,-1.1701632142066956,1.3885860443115234,-1.3758387565612793,1.0991392135620115,-1.0362741947174072,1.0,0.012656133156269775,head_nod
0.5759993195533752,-0.5003730058670044,0.7913277745246887,-0.6010417938232422,0.5749239325523376,-0.4673138856887817,1.0,0.007385027245618349,head_nod
0.517739787697792,-0.2645307034254074,1.0993647575378418,-0.5445089340209961,0.6694376468658447,-0.3489707410335541,1.0,0.00899840658530585,head_nod
0.9917390644550323,-0.39403967559337616,1.1032416820526123,-0.6351165771484375,0.880778431892395,-0.4277909100055694,1.0,0.01203357061604035,head_nod
0.9475377202033997,-0.6232567131519318,1.2808148860931396,-1.1329326629638672,0.9140923619270324,-0.7110869288444519,1.0,0.009663456468842875,head_nod
1.3095452189445496,-1.2541923522949219,1.8328821659088133,-1.8267550468444824,1.379509449005127,-1.3226397037506104,1.0,0.009955138899385877,head_nod
1.6092178225517273,-1.5051003098487854,2.1736836433410645,-2.050220489501953,1.80814266204834,-1.6412012577056885,1.0,0.008842016104608726,head_nod
1.8946495652198792,-1.7903488874435425,2.4891703128814697,-2.4006576538085938,2.0005953311920166,-1.8564625978469849,1.0,0.012362774345092425,head_nod
1.5330464839935303,-1.498737633228302,2.1261649131774902,-2.108195304870605,1.5597691535949707,-1.5133682489395142,1.0,0.009387297788634825,head_nod
0.4783801883459091,-0.24232868850231165,0.505447506904602,-0.2960224151611328,0.3588963747024536,-0.1990183591842651,1.0,0.010155767784453875,head_nod
0.5371563285589218,0.34877461194992065,0.8862748146057129,0.5879101753234863,0.6759806871414185,0.4459161162376404,1.0,0.009101855917833676,head_nod
1.2093163132667542,1.1588851809501648,1.8354008197784424,1.5403852462768557,1.2797943353652954,1.0824365615844729,1.0,0.009455543593503474,head_nod
0.7267379164695741,0.6410137936472893,1.356264352798462,0.8824834823608398,0.9586097598075868,0.5649203062057495,1.0,0.007911497494205775,head_nod
0.7814372777938843,0.049001477658748654,1.0502285957336426,-0.1028056144714355,0.9648705720901488,-0.0179957225918769,1.0,0.00760963535867625,head_nod
1.6523321270942688,-0.22287762910127634,1.6359999179840088,-0.4120478630065918,1.5533486604690552,-0.1139079853892326,1.0,0.008968993672169676,head_nod
2.223906636238098,-0.05563679337501526,1.4439165592193604,-0.0318660736083984,1.7142348289489746,0.2048411667346954,1.0,0.010352700250223225,head_nod
1.8913935422897339,0.23108291625976565,1.322215914726257,0.3384747505187988,1.485138773918152,0.4118793606758117,1.0,0.014631932135671327,head_nod
1.0415661334991453,0.08509072661399839,0.8300389051437378,0.2835707664489746,0.865230917930603,0.2242157906293869,1.0,0.005521715153008651,head_nod
0.29670776426792145,-0.05556188896298406,0.433278888463974,0.0534381866455078,0.3147398233413696,0.0305664967745542,1.0,0.00300356105435635,head_nod
0.11804923787713045,-0.023681856691837297,0.2290262579917907,0.0777263641357421,0.2151728868484497,0.0661028698086738,1.0,0.0036745956749654747,head_nod
0.13547305949032298,0.0006654039025306493,0.2044904381036758,0.1539969444274902,0.2216662466526031,0.1163260489702224,1.0,0.0040483369884895745,head_nod
0.13976567797362804,0.11432309541851281,0.4192435145378113,0.3706517219543457,0.3057073056697845,0.2232048958539962,1.0,0.0037489973183255,head_nod
0.3410462737083435,0.27146825194358826,0.706084132194519,0.6128191947937012,0.5045666694641113,0.3931756913661957,1.0,0.005355049448553425,head_nod
0.8834296464920044,0.6658327877521515,1.0036900043487549,0.7973837852478027,0.8300015330314636,0.6033852696418762,1.0,0.00675930758006865,head_nod
1.2470537424087524,1.037384569644928,1.0189188718795776,0.8184075355529785,0.9318620562553406,0.6871912479400635,1.0,0.0367178842425346,head_nod
1.1762380003929138,0.9983769655227661,0.9543079733848572,0.8000764846801758,0.8504266142845154,0.6743296384811401,1.0,0.04135224805213505,head_nod
1.0491873919963837,0.8160820603370667,1.1290559768676758,1.0040574073791504,0.9406595826148988,0.7521288394927979,1.0,0.015644278260879177,head_nod
1.057483434677124,0.8917049765586853,1.3367044925689695,1.275773525238037,1.0353429317474363,0.8928483128547668,1.0,0.012942173983901673,head_nod
1.5764559507369995,1.4918169379234314,1.989933729171753,1.9669394493103027,1.4669086933135986,1.3702799081802368,1.0,0.0133628896437585,head_nod
2.5114400386810303,2.435201048851013,3.183480262756348,3.152995109558105,2.273132801055908,2.177854061126709,1.0,0.01837820955552155,head_nod
3.8186490535736084,3.760806083679199,4.590657234191895,4.546845436096191,3.318099021911621,3.1833531856536865,1.0,0.024829130386933625,head_nod
4.005452275276184,3.9212827682495117,4.583826065063477,4.393982887268066,3.334650754928589,3.1116909980773926,1.0,0.023937871912494274,head_nod
3.9126213788986206,3.85630714893341,4.214593410491943,4.113217830657959,3.193933486938477,3.029447555541992,1.0,0.0261348241474479,head_nod
5.897613763809204,5.864663362503052,6.221561431884766,6.197226524353027,4.710474967956543,4.583705902099609,1.0,0.09025799762457605,head_nod
9.771444320678711,9.735960483551025,10.13655948638916,10.107651710510254,7.696090221405029,7.515266418457031,0.9926470588235294,0.19167928025126454,head_nod
13.003574848175049,12.96682071685791,12.86822509765625,12.821288108825684,10.141592025756836,9.958698272705078,0.9924242424242424,0.1997425947338342,head_nod
11.197660446166992,11.174099922180176,10.147021293640137,10.023199081420898,8.627693176269531,8.429946899414062,0.99609375,0.19669901579618448,head_nod
5.575746536254883,5.524908065795898,5.163400173187256,4.902073860168457,4.547885417938232,4.38839864730835,0.980406746031746,0.16204472817480564,head_nod
0.4285378158092499,0.000618327409029,0.7636052370071411,0.0060243606567382,0.5585891008377075,0.0686571672558784,1.0,0.010586735792458024,head_nod
4.19913637638092,-3.9605677127838135,3.571352481842041,-3.4573545455932617,3.0960681438446045,-2.9115121364593506,1.0,0.04991674702614543,head_nod
6.333602666854858,-6.269509315490723,5.534478187561035,-5.497121810913086,4.896719455718994,-4.765301704406738,1.0,0.05045313946902748,head_nod
7.1259050369262695,-7.054725646972656,6.710501670837402,-6.682958602905273,5.707015514373779,-5.5734148025512695,0.9459677419354838,0.09473865572363134,head_nod
7.074119329452515,-7.04790735244751,6.99549674987793,-6.974642753601074,5.674670219421387,-5.554488182067871,1.0,0.08703466039150948,head_nod
6.483999013900757,-6.466878652572632,6.639309406280518,-6.6309309005737305,5.328941822052002,-5.228243350982666,1.0,0.07480035629123444,head_nod
5.29530143737793,-5.28518271446228,5.692966461181641,-5.67817497253418,4.490220069885254,-4.40192461013794,1.0,0.05185350589454168,head_nod
4.151525139808655,-4.140002965927124,4.65911865234375,-4.635109901428223,3.614466428756714,-3.532848834991455,1.0,0.025200527161359773,head_nod
3.4668514728546143,-3.455068349838257,3.968186855316162,-3.946019172668457,3.0546517372131348,-2.988555431365967,1.0,0.01928265090100465,head_nod
3.0230451822280884,-2.997910261154175,3.687477588653565,-3.682246685028076,2.8086538314819336,-2.7276089191436768,1.0,0.012955906568095074,head_nod
3.015889525413513,-2.975597381591797,3.845017433166504,-3.8384885787963863,2.9013774394989014,-2.8039309978485107,1.0,0.010955242090858474,head_nod
3.366224527359009,-3.3321738243103027,4.109415054321289,-4.100041389465332,3.148655891418457,-3.047325372695923,1.0,0.0155732007697224,head_nod
3.0927830934524536,-3.0308717489242554,4.013859748840332,-3.994616985321045,2.977391004562378,-2.895156145095825,1.0,0.013855586061254099,head_nod
2.669751763343811,-2.5855122804641724,3.5906078815460205,-3.5596232414245605,2.5689034461975098,-2.4731717109680176,1.0,0.016004484612494676,head_nod
1.9424594044685364,-1.776441752910614,2.608628511428833,-2.546762466430664,1.8750886917114256,-1.7815974950790403,1.0,0.012168184737674826,head_nod
1.392296552658081,-1.057220995426178,1.848235845565796,-1.7163171768188477,1.2992452383041382,-1.119945049285889,1.0,0.014209382119588498,head_nod
1.092575192451477,-0.47580191493034363,1.0732178688049316,-0.8593697547912598,0.8949658274650574,-0.5805361270904541,1.0,0.014863080519717175,head_nod
1.2169176936149597,-0.4252541959285736,0.9526519775390624,-0.6067790985107422,0.9516772627830504,-0.4329263567924499,1.0,0.009757226798683374,head_nod
1.3460527658462524,-0.4270320236682892,1.3596203327178955,-0.7185564041137695,1.1441951990127563,-0.4374429583549499,1.0,0.016940851928666175,head_nod
1.2491923570632935,-0.3852740675210953,1.5690598487854004,-0.6802668571472168,1.1569300889968872,-0.3824830651283264,1.0,0.009330347995273726,head_nod
1.012058973312378,-0.2652248591184616,1.4040954113006592,-0.3694796562194824,0.9907497763633728,-0.2200740128755569,1.0,0.007860497222281925,head_nod
0.7357082664966583,-0.002853509038686749,1.1254059076309204,-0.1172070503234863,0.8145251870155334,-0.0392225906252861,1.0,0.005692568200174675,head_nod
0.7093629837036133,0.15023445710539815,0.8866060972213745,0.2131581306457519,0.7281073927879333,0.1789275556802749,1.0,0.004904800618532975,head_nod
0.7267696857452393,0.33349366486072535,1.1367483139038086,0.5370359420776367,0.8277014493942261,0.3945690095424652,1.0,0.005957367538940101,head_nod
0.5665755420923233,0.33603581786155695,0.8423922061920166,0.6054668426513672,0.6601157784461975,0.4339337050914764,1.0,0.005297208670526675,head_nod
0.3900191336870193,0.24815385788679117,0.6409546136856079,0.5038256645202637,0.4974789023399353,0.3581860661506653,1.0,0.0055221445509232,head_nod
0.25661055743694305,0.21970956772565836,0.5380938649177551,0.4845952987670898,0.3999505937099457,0.3344153761863708,1.0,0.0056564792175777,head_nod
0.35075806081295013,0.2782469168305397,0.4741601347923279,0.4466142654418945,0.3707673251628876,0.3214966952800751,1.0,0.0074761241558007245,head_nod
0.22759987041354174,0.1607218645513057,0.5262123346328735,0.5169057846069336,0.3378257751464844,0.3025362491607666,1.0,0.00610623578540975,head_nod
0.5689315795898438,-0.23067699372768402,0.4091091156005859,0.3863558769226074,0.3794701397418976,0.1684705317020416,1.0,0.037169623654335675,head_nod
0.4501526355743408,-0.0996039384044707,0.3487152755260467,0.3180627822875976,0.2995064556598663,0.1584054976701736,1.0,0.019826611271128027,head_nod
0.31460282206535334,0.009268097579479197,0.5674777030944824,0.5282449722290039,0.3754247725009918,0.2761660814285278,1.0,0.0140010578325018,head_nod
0.33164093643426895,0.2140356749296188,0.5649056434631348,0.4956851005554199,0.3729822337627411,0.3131938874721527,1.0,0.006697666598483875,head_nod
1.0636577308177948,0.5801072418689728,0.5099319219589233,0.4284224510192871,0.5508642792701721,0.3585087656974792,1.0,0.03266337211243805,head_nod
0.9439121186733246,0.5444426238536835,0.644181489944458,0.3630056381225586,0.5778793692588806,0.3186903297901153,1.0,0.018269757740199524,head_nod
0.41870853304862976,0.0608438446652144,0.3426476716995239,0.1253023147583007,0.3365122973918915,0.0766321420669555,1.0,0.0067008166806771996,head_nod
0.5190915167331696,-0.09085193026112386,0.3484736382961273,-0.0537734031677246,0.3960188031196594,-0.0822198614478111,1.0,0.008028358395677001,head_nod
0.7097404599189758,-0.4412676990032196,0.5766913890838623,-0.4399328231811523,0.5548244118690491,-0.3517618775367737,1.0,0.006255638669244875,head_nod
0.9926819503307341,-0.8374577164649963,1.1032073497772217,-1.0402193069458008,0.8749628067016602,-0.7398766875267029,1.0,0.010639550630003176,head_nod
1.1122395098209379,-0.925666719675064,0.6977211236953735,-0.621680736541748,0.7110099792480469,-0.5543665885925293,1.0,0.014147709473036176,head_nod
0.9723294079303741,-0.8505964577198029,0.4594220519065857,-0.4095516204833984,0.4915108978748321,-0.4021113514900207,1.0,0.0360416595358401,head_nod
0.1981991752982139,-0.11914449557662005,0.1473554670810699,-0.1159944534301757,0.1895316988229751,-0.0964245423674583,1.0,0.002458491944707875,head_nod
0.19497118890285486,-0.00843527787947095,0.0972169414162635,0.0339794158935546,0.1376210451126098,0.0214025788009166,1.0,0.002908009395468925,head_nod
0.792523205280304,0.5187473297119141,0.8049005270004272,0.6682920455932617,0.6123530864715576,0.4294558763504028,1.0,0.0797319738194346,head_nod
1.442810297012329,1.0886526703834534,1.3485565185546875,1.2230000495910645,1.0465755462646484,0.8657446503639221,0.9166666666666666,0.11732325400225815,head_nod
1.3993253111839294,1.3454625606536865,1.7033607959747314,1.664675235748291,1.2587884664535522,1.218557834625244,1.0,0.017615957651287276,head_nod
1.7597772479057312,1.7320474386215214,2.627604722976685,2.619368076324463,1.8695862293243408,1.8122241497039795,1.0,0.009404289303347425,head_nod
3.4557762145996094,3.424013137817383,4.664904594421387,4.645544052124023,3.4354398250579834,3.3501248359680176,1.0,0.042226217687129926,head_nod
7.026687383651733,6.911797523498535,8.619093894958496,8.583373069763184,6.409229278564453,6.222257137298584,0.96875,0.19377413019537926,head_nod
14.301830291748047,13.854358196258545,13.520174980163574,13.461148262023926,10.402610778808594,10.146353721618652,0.850796053331914,0.3891546204686165,head_nod
18.42185115814209,17.915206909179688,15.068320274353027,15.02281665802002,12.254777908325195,12.011773109436035,0.9468658527878918,0.30379445478320116,head_nod
15.850451946258545,15.518815994262695,11.570837020874023,11.541860580444336,10.41775131225586,10.144917488098145,0.9375,0.16510858014225957,head_nod
10.357093334197998,10.192392349243164,7.916872978210449,7.885437965393066,7.48588752746582,7.29191780090332,0.9797453703703703,0.1618112530559301,head_nod
4.0670589208602905,3.9414637088775635,3.41924786567688,3.4006521701812744,3.184770107269287,3.043826103210449,1.0,0.10836440324783324,head_nod
0.6766411364078522,-0.5201579630374908,0.681587278842926,-0.2443956583738327,0.6808093190193176,-0.3175857961177826,1.0,0.01763908320572225,head_nod
3.7080271244049072,-3.6502015590667725,2.901336669921875,-2.5589053630828857,2.6577980518341064,-2.4617505073547363,1.0,0.0471881534904241,head_nod
5.313175916671753,-5.227084636688232,4.057190418243408,-3.7709591388702393,3.7988359928131104,-3.628187656402588,1.0,0.06319446675479407,head_nod
6.221144914627075,-6.138244390487671,4.670102596282959,-4.430263042449951,4.27890157699585,-4.108779430389404,1.0,0.04369308333843942,head_nod
6.444291830062866,-6.326335430145264,4.83383321762085,-4.661850929260254,4.355673789978027,-4.211009979248047,1.0,0.0520464293658733,head_nod
6.139926910400391,-6.047000408172607,4.751926422119141,-4.670200824737549,4.249222278594971,-4.150567531585693,1.0,0.043733722995966624,head_nod
5.74265456199646,-5.662297964096069,4.772428035736084,-4.756022930145264,4.120260715484619,-4.045181274414063,1.0,0.04535973211750382,head_nod
5.669467449188232,-5.653833627700806,5.091213703155518,-5.085316181182861,4.228428840637207,-4.155215740203857,1.0,0.0382177070714533,head_nod
5.9918622970581055,-5.948853492736816,5.566235065460205,-5.560967445373535,4.533812999725342,-4.438592910766602,1.0,0.05267948051914567,head_nod
6.246320962905884,-6.164379596710205,5.846992015838623,-5.835391521453857,4.733173370361328,-4.6167473793029785,1.0,0.047087177634239176,head_nod
5.931163549423218,-5.812330722808838,5.758269309997559,-5.746350765228272,4.609278202056885,-4.454333782196045,1.0,0.034371202113106805,head_nod
5.492902040481567,-5.339391708374023,5.5306243896484375,-5.512105464935303,4.453626155853272,-4.266650676727295,1.0,0.032932592090219225,head_nod
4.831835746765137,-4.661586761474609,5.042300701141357,-5.005709648132324,4.133389472961426,-3.769243955612183,1.0,0.0231445415411144,head_nod
4.660140514373779,-4.389094114303589,4.693668365478516,-4.676423072814941,3.982474803924561,-3.564353704452514,1.0,0.03267588443122797,head_nod
4.006476879119873,-3.762925386428833,4.359862327575684,-4.348568916320801,3.689758777618408,-3.230248212814331,1.0,0.024045790778472974,head_nod
3.624395489692688,-3.1054102182388306,3.68674635887146,-3.587454080581665,3.2067348957061768,-2.632462501525879,1.0,0.0216700173914432,head_nod
2.943121075630188,-2.3167611360549927,2.976794004440308,-2.7149031162261963,2.594179153442383,-2.0317835807800293,1.0,0.014871061546727949,head_nod
2.0995132327079773,-1.448557198047638,2.1128737926483154,-1.7903213500976562,1.880344033241272,-1.3307710886001587,1.0,0.01717807748354965,head_nod
1.223463773727417,-0.6317362189292908,1.2080336809158323,-0.8241130113601685,1.1272666454315186,-0.6384475827217102,1.0,0.009708385216072176,head_nod
0.538174957036972,-0.12154088541865346,0.5626777410507202,-0.1294757276773452,0.5449878573417664,-0.1069875732064247,1.0,0.0041783265187404755,head_nod
0.3732132017612457,0.1701434478163719,0.5484772324562073,0.2843251824378967,0.411338746547699,0.1996957957744598,1.0,0.004888910567387874,head_nod
0.5847323834896088,0.49680493772029877,0.8958866000175476,0.8386393785476685,0.6157037019729614,0.5418202877044678,1.0,0.007173121790401575,head_nod
0.8894681036472321,0.799803763628006,1.0463297367095947,0.9702965617179872,0.8038739562034607,0.7157537937164307,1.0,0.00883783050812775,head_nod
0.6392647922039032,0.5031122863292694,0.8186649680137634,0.7305625081062317,0.5921486616134644,0.4943149387836456,1.0,0.0080651339376345,head_nod
0.4554441571235657,0.2724103108048439,0.4135985374450683,0.2574048638343811,0.3447171747684479,0.2070420533418655,1.0,0.0056666713790036,head_nod
0.24793296307325358,0.11853249743580815,0.1654052883386612,0.0854753777384758,0.1701553612947464,0.0718412548303604,1.0,0.0030039083794690252,head_nod
0.0895783975720405,0.04450892284512515,0.0644654631614685,0.0382052846252918,0.0663101002573967,0.0254728216677904,1.0,0.00124480981321535,head_nod
0.05623980145901435,0.0026427148841321503,0.0679531022906303,0.030053274706006,0.0506071560084819,0.0122351013123989,1.0,0.001264676669961725,head_nod
0.1227840706706047,0.042781522497534696,0.1480702459812164,0.0830906480550766,0.1290263831615448,0.0582787841558456,1.0,0.00108491002174555,head_nod
0.1461512744426727,0.078760327771306,0.2399083524942398,0.139416292309761,0.192036896944046,0.1022361889481544,1.0,0.001587874387041625,head_nod
0.1861831098794937,0.0687029659748077,0.2144768089056015,0.0548210144042968,0.1958480924367904,0.0550452172756195,1.0,0.0013696982787222752,head_nod
0.22362271696329117,0.1279475428164005,0.2554025650024414,-0.0056800842285156,0.1949554830789566,0.0341814160346984,1.0,0.005916963651543426,head_nod
0.6912066638469696,0.46350109577178955,0.2292123585939407,-0.0955205634236335,0.317784696817398,0.0800680518150329,1.0,0.06017947872169316,head_nod
0.1744201853871345,0.005024772137403502,0.3019505441188812,-0.172754019498825,0.2067455947399139,-0.0697636157274246,1.0,0.010239229188300624,head_nod
0.599178284406662,-0.4936353862285614,0.4104028642177582,-0.3424263000488281,0.3944307863712311,-0.3282885253429413,1.0,0.01162626262521365,head_nod
0.7830309420824051,-0.6126526296138763,0.3930003643035888,-0.361206591129303,0.4260314702987671,-0.3436349928379059,1.0,0.0354616833501495,head_nod
0.5558827072381973,-0.4979075491428375,0.3844362795352936,-0.3755760192871094,0.3456233739852905,-0.3207457959651947,1.0,0.033663112786598455,head_nod
0.5226665288209915,-0.4826815277338028,0.2719445526599884,-0.2679508626461029,0.2872542142868042,-0.2635025978088379,1.0,0.019514298764988728,head_nod
0.44681116938591003,-0.39864782989025116,0.2679948508739471,-0.2460528761148452,0.2861105799674988,-0.2399022877216339,1.0,0.009715607739053625,head_nod
0.34619155526161194,-0.26624694466590876,0.2370929569005966,-0.1910351365804672,0.2704699635505676,-0.1820438355207443,1.0,0.003936327819246725,head_nod
0.1742834597826004,-0.09106742590665814,0.2117962539196014,-0.0764999389648437,0.2092624008655548,-0.0805715918540954,1.0,0.00197693402878935,head_nod
0.21109447628259656,-0.0242057126015424,0.3391184508800506,0.0885031595826149,0.2509889900684356,0.0450612194836139,1.0,0.002031085838098025,head_nod
0.24960069358348844,0.14841523021459574,0.517981231212616,0.3631608188152313,0.3205639719963074,0.2150193750858307,1.0,0.003848070628009675,head_nod
1.00730362534523,0.8678950369358063,0.8888746500015259,0.8467919230461121,0.7123350501060486,0.6318369507789612,1.0,0.048952945391647476,head_nod
1.7757700681686401,1.6435410380363464,1.5036919116973877,1.473590850830078,1.22904634475708,1.1441123485565186,0.986842105263158,0.08242057194001969,head_nod
2.8429869413375854,2.822665572166443,3.1848294734954834,3.161729097366333,2.458496332168579,2.380295515060425,1.0,0.026814192999154274,head_nod
5.6081085205078125,5.574128150939941,6.246277332305908,6.196390628814697,4.732102870941162,4.589601039886475,1.0,0.0638280706480145,head_nod
8.797630786895752,8.686041355133057,8.952903747558594,8.926331520080566,6.946789264678955,6.747888565063477,1.0,0.11218047142028803,head_nod
9.967632293701172,9.82410478591919,9.313623428344728,9.302518844604492,7.437357425689697,7.272580623626709,1.0,0.1104214494116604,head_nod
10.601799488067627,10.433522701263428,9.27919101715088,9.268669128417969,7.589937210083008,7.447668075561523,0.9833333333333334,0.09561282396316523,head_nod
10.04619550704956,9.868841648101807,8.270435333251953,8.261362075805664,7.060005187988281,6.932408809661865,1.0,0.09173499047756191,head_nod
7.557367563247681,7.4392335414886475,6.275746822357178,6.270270347595215,5.497661590576172,5.372882843017578,1.0,0.06445837020874019,head_nod
3.916409969329834,3.8343310356140137,3.291419744491577,3.2852542400360107,2.9333674907684326,2.827826738357544,1.0,0.04088363097980612,head_nod
0.27758006751537323,0.2340996190905571,0.5764716267585754,0.5075541734695435,0.4955599904060364,0.392791748046875,1.0,0.006563986768014674,head_nod
1.5156634449958801,-1.4831985831260681,0.9588202834129332,-0.8630501627922058,1.0248783826828003,-0.9123460054397584,1.0,0.023759271251037675,head_nod
3.981287121772766,-3.9716262817382812,3.033164978027344,-2.9468014240264893,2.581580877304077,-2.519090414047241,1.0,0.02662062132731075,head_nod
5.11273717880249,-5.092717885971069,4.106544017791748,-4.075648784637451,3.564863681793213,-3.5208725929260254,1.0,0.028009148780256475,head_nod
5.901832103729248,-5.842405557632446,4.69950008392334,-4.684132099151611,4.095287799835205,-4.028950214385986,1.0,0.0390378576703369,head_nod
5.886509418487549,-5.8364317417144775,5.087084770202637,-5.080162048339844,4.207030773162842,-4.134141445159912,1.0,0.06805488513782612,head_nod
5.984617233276367,-5.9214842319488525,5.277707099914551,-5.260770320892334,4.324118614196777,-4.227900505065918,1.0,0.047110908664762925,head_nod
5.515405178070068,-5.489550828933716,5.208178520202637,-5.2050628662109375,4.230430603027344,-4.14500093460083,1.0,0.04711103718727823,head_nod
5.009442567825317,-4.993290185928345,5.11957311630249,-5.105961322784424,4.001791477203369,-3.905492782592773,1.0,0.02673339145258062,head_nod
4.478491544723511,-4.4395458698272705,4.785075664520264,-4.7487311363220215,3.7102317810058594,-3.617979288101196,1.0,0.020636126166209547,head_nod
4.076703190803528,-4.04643452167511,4.583117485046387,-4.526649951934815,3.523519277572632,-3.416639804840088,1.0,0.0193074501585215,head_nod
3.593776226043701,-3.568639397621155,4.096789360046387,-4.057766437530518,3.1420702934265137,-3.0384387969970703,1.0,0.013536694226786427,head_nod
3.447239637374878,-3.423457622528076,3.839226484298706,-3.828922271728516,2.9870450496673584,-2.8896427154541016,1.0,0.015770547208376173,head_nod
3.060816764831543,-3.0160049200057983,3.3867080211639404,-3.3416171073913574,2.61714768409729,-2.512305974960327,1.0,0.01772715011611575,head_nod
1.8870842456817627,-1.8677011132240295,2.178771495819092,-2.130786895751953,1.715468168258667,-1.6339948177337646,1.0,0.0130849673878401,head_nod
0.8245302736759186,-0.7620144188404083,1.0519113540649414,-1.0166538953781128,0.7794052958488464,-0.74373859167099,1.0,0.007941948832012649,head_nod
0.5161920040845871,-0.1969521567225456,0.8915131688117981,-0.3503031134605407,0.6138197183609009,-0.2619719505310058,1.0,0.0049261956592090254,head_nod
0.600913941860199,-0.04708032868802545,0.7592334151268005,-0.0296979639679193,0.6397603750228882,-0.0451257079839706,1.0,0.0050798946176655,head_nod
0.46455077826976776,0.10376351699233055,0.4307608604431152,0.167034700512886,0.4241769909858703,0.1447579711675644,1.0,0.003075440647080475,head_nod
0.5610724985599518,0.3401637077331543,0.7119941711425781,0.4674699008464813,0.6208775639533997,0.3512157201766968,1.0,0.005924116441747125,head_nod
0.5273756086826324,0.4123024642467499,0.7149056792259216,0.5424324870109558,0.5236481428146362,0.3882289528846741,1.0,0.0064358567469752995,head_nod
0.7119067013263702,0.6500466167926788,0.8558914065361023,0.7598549723625183,0.5955280065536499,0.5154421925544739,1.0,0.007588657201267725,head_nod
0.675932914018631,0.6473307609558105,0.8243537545204163,0.7795568108558655,0.5981886386871338,0.5499510765075684,1.0,0.01031939976382995,head_nod
0.7468019425868988,0.7344017624855042,0.8972695469856262,0.8933426737785339,0.6571050882339478,0.6457038521766663,1.0,0.00925204745726655,head_nod
0.9209248423576355,0.9021134972572327,1.151391625404358,1.1277226209640503,0.7896156311035156,0.7628211379051208,1.0,0.010017838911153326,head_nod
0.6382440626621246,0.5970115065574646,0.8504966497421265,0.8180138468742371,0.6218823194503784,0.594133198261261,1.0,0.007769615505821975,head_nod
0.32174572348594666,0.26036871224641794,0.3481375277042389,0.2091418653726577,0.2712084650993347,0.1863517016172409,1.0,0.004083441308466675,head_nod
0.2443306967616081,0.02934561856091025,0.2299552112817764,0.0721359252929687,0.2227659076452255,0.0661471411585807,1.0,0.0029935326019767255,head_nod
0.33557678759098053,-0.155213251709938,0.2520385086536407,-0.0584820322692394,0.2746239900588989,-0.0702421069145202,1.0,0.004611837037373274,head_nod
0.269027404487133,-0.1302661001682281,0.2245669215917587,-0.1056791022419929,0.2557217478752136,-0.1084098070859909,1.0,0.00230113844736475,head_nod
0.2716472670435905,-0.16679854318499565,0.1889408081769943,-0.1101668253540992,0.2323245853185653,-0.1077234521508216,1.0,0.002620142244268175,head_nod
0.24142734706401825,-0.17652868852019304,0.1734530627727508,-0.066680908203125,0.2221729755401611,-0.1005788818001747,1.0,0.004372875439003025,head_nod
0.22180993109941483,-0.1695316210389137,0.4015021324157715,0.0824366956949234,0.2970501184463501,-0.0354460217058658,1.0,0.020679402980022077,head_nod
0.2661110237240791,-0.21628655493259424,1.0704350471496582,0.4077159464359283,0.6190226674079895,0.1029899194836616,1.0,0.0435422025620937,head_nod
0.4214917123317718,-0.22161968052387235,1.0027540922164917,0.3494922220706939,0.6878865361213684,0.0817845165729522,1.0,0.022421860892791273,head_nod
0.7232789695262909,-0.3667597025632858,0.9502777457237244,0.1116098687052726,0.7967779040336609,-0.1023306250572204,1.0,0.0130886163678951,head_nod
0.8923078179359436,-0.5711729228496552,0.7705626487731934,-0.0248462129384279,0.7374115586280823,-0.2213330566883087,1.0,0.01657525624614205,head_nod
1.1712482571601868,-0.9507788419723511,0.9156141877174376,-0.4731668829917907,0.8660175204277039,-0.5457199215888977,1.0,0.0331728759920224,head_nod
1.624135434627533,-1.5356490015983582,1.2934809923171997,-1.0566014051437378,1.201906442642212,-1.0202734470367432,1.0,0.020574047346599376,head_nod
1.6979715824127197,-1.6631965041160583,1.4074550867080688,-1.237296462059021,1.3172979354858398,-1.1939185857772827,1.0,0.014733944088220525,head_nod
1.329150378704071,-1.3030465245246887,1.0079975128173828,-0.9581941962242126,0.994652509689331,-0.93251371383667,1.0,0.0117585236439481,head_nod
0.9109764993190765,-0.8646817803382874,0.7748461961746216,-0.7467929124832153,0.7632915377616882,-0.7012523412704468,1.0,0.009710154845379251,head_nod
0.9008262753486633,-0.8090212643146515,0.656913161277771,-0.5978627800941467,0.6972203254699707,-0.602225124835968,1.0,0.007903411053121024,head_nod
0.7787111699581146,-0.6426512897014618,0.5934165120124817,-0.5061972737312317,0.6270162463188171,-0.4997522532939911,1.0,0.0064845947781577255,head_nod
0.7850081920623779,-0.6858696043491364,0.5921821594238281,-0.5122953057289124,0.6134665608406067,-0.5176945924758911,1.0,0.007475817226804751,head_nod
0.8550733625888824,-0.8316278457641602,0.7513681054115295,-0.7045964002609253,0.674933671951294,-0.6240509152412415,1.0,0.009563791449181677,head_nod
1.2838554978370667,-1.2674896717071533,1.3986564874649048,-1.388224482536316,1.0947449207305908,-1.051183581352234,1.0,0.008425815671216651,head_nod
1.3941878080368042,-1.3650846481323242,1.480401635169983,-1.474445939064026,1.2408205270767212,-1.1962811946868896,1.0,0.007960869930684525,head_nod
1.1751225590705872,-1.1005977988243103,1.3115769624710083,-1.2867906093597412,1.159309983253479,-1.0784549713134766,1.0,0.008180720149539375,head_nod
0.5630724728107452,-0.391190841794014,0.724373459815979,-0.7077255249023438,0.6560406684875488,-0.5389553904533386,1.0,0.009461487759835975,head_nod
0.5113144963979721,0.01659169315826145,0.3349125683307647,-0.2836772501468658,0.3748329877853393,-0.1776730567216873,1.0,0.022283586964476798,head_nod
0.27827724069356913,0.0004461985081434493,0.3963732123374939,-0.228296548128128,0.3458966314792633,-0.177537590265274,1.0,0.0172319032135419,head_nod
0.17452611774206156,0.004496801644563699,0.4415271580219269,-0.1958999633789062,0.3079843819141388,-0.1271920800209045,1.0,0.0083149404963478,head_nod
0.2651815712451934,0.04602801706641915,0.4028475284576416,-0.2447466105222702,0.3200106024742126,-0.1207474023103714,1.0,0.00842622458003455,head_nod
0.22222325205802915,-0.0312102176249027,0.4854094088077545,-0.2537618279457092,0.342685341835022,-0.1642864942550659,1.0,0.00392581766936925,head_nod
0.3124760687351227,0.07304055429995054,0.6058134436607361,-0.1615431606769561,0.4269660115242004,-0.0794109106063842,1.0,0.005580595112405651,head_nod
0.8681114912033081,0.7288718223571777,0.8771886825561523,0.4994572103023529,0.7068992257118225,0.4411916136741638,1.0,0.023683548904955325,head_nod
2.6507890224456787,2.583536982536316,2.5975470542907715,2.3879523277282715,2.0372660160064697,1.8051366806030276,0.9637803234501348,0.07892816327512261,head_nod
4.776678800582886,4.742330074310303,4.549709320068359,4.461377143859863,3.6664628982543945,3.469725608825684,1.0,0.06552950292825692,head_nod
6.189211368560791,6.128067970275879,5.590034484863281,5.552479267120361,4.621993541717529,4.449392318725586,0.9850980392156864,0.07713730470277365,head_nod
7.540794610977173,7.480609893798828,6.055027961730957,5.983441352844238,5.363656044006348,5.188244342803955,0.96375,0.108859347179532,head_nod
8.615124702453613,8.57099199295044,7.2677321434021,7.227806091308594,6.204690933227539,6.053418159484863,0.988095238095238,0.09126392472535366,head_nod
11.942391872406006,11.7896409034729,9.86316967010498,9.8215970993042,8.189703941345215,8.073221206665039,0.9821428571428572,0.27146539464592934,head_nod
16.5855655670166,16.390315055847168,13.142583847045898,12.881758689880373,10.943184852600098,10.742835998535156,0.943936420722135,0.24278601258993143,head_nod
16.892634391784668,16.7919864654541,12.525982856750488,12.122187614440918,11.38895034790039,11.097789764404297,0.9413875598086124,0.19209878146648401,head_nod
13.466670989990234,13.403348922729492,9.632901191711426,9.48458480834961,9.193628311157228,8.98044204711914,0.9809027777777778,0.15053082443773744,head_nod
8.585527420043945,8.520264625549316,6.295626163482666,6.22718620300293,6.26021146774292,6.152727127075195,0.9799749687108886,0.1094039343297481,head_nod
4.387648820877075,4.339478254318237,3.5435140132904053,3.493550539016724,3.5293667316436768,3.4772756099700928,0.9945652173913044,0.07254222920164462,head_nod
0.130970686674118,0.07920434698462485,0.7590798139572144,0.670166015625,0.4360004961490631,0.3339385986328125,1.0,0.011427185556385649,head_nod
3.2501198053359985,-3.176782727241516,1.636725902557373,-1.3265007734298706,2.375863790512085,-2.203925132751465,0.9944444444444444,0.07370996940881008,head_nod
6.186347007751465,-6.144288539886475,3.57608962059021,-3.386440753936768,4.233559608459473,-4.13715124130249,1.0,0.07215919531881804,head_nod
7.3464226722717285,-7.3200929164886475,4.25119161605835,-4.226404666900635,4.951039791107178,-4.919671058654785,1.0,0.10781991109251973,head_nod
7.284173011779785,-7.249931573867798,4.302053451538086,-4.275565147399902,4.87274694442749,-4.824244499206543,0.994318181818182,0.13677798584103582,head_nod
6.406780958175659,-6.3709611892700195,4.033931255340576,-4.000435829162598,4.434164047241211,-4.373640060424805,1.0,0.06471067294478412,head_nod
5.639212369918823,-5.5873637199401855,3.7860608100891113,-3.770458698272705,3.879871368408203,-3.8214192390441895,1.0,0.036135821137577226,head_nod
4.497874736785889,-4.474731206893921,3.613948822021485,-3.6057450771331783,3.384596347808838,-3.329165458679199,1.0,0.0416566617786884,head_nod
3.67972731590271,-3.6601052284240723,3.2921531200408936,-3.289750814437866,2.928656578063965,-2.8890380859375,1.0,0.033535965718328925,head_nod
3.2684388160705566,-3.254675269126892,3.073854446411133,-3.0711348056793213,2.724025011062622,-2.6808102130889893,1.0,0.02161140390671785,head_nod
3.801526427268982,-3.7824509143829346,3.2273271083831787,-3.1956803798675537,2.895036458969116,-2.842999219894409,1.0,0.0258084118831902,head_nod
4.341664791107178,-4.329752445220947,3.8500277996063232,-3.7378861904144287,3.4234330654144287,-3.3324568271636963,1.0,0.029597392538562375,head_nod
4.351895809173584,-4.242862224578857,4.101291656494141,-3.9109818935394287,3.529548168182373,-3.399184465408325,1.0,0.040431134868413154,head_nod
4.736510753631592,-4.534612417221069,4.444601058959961,-4.137453079223633,3.737911939620972,-3.548513650894165,1.0,0.02689731307327743,head_nod
4.701514005661011,-4.497885704040527,4.472382545471191,-4.158054828643799,3.6923749446868896,-3.496570587158203,1.0,0.034430090803652974,head_nod
4.4710693359375,-4.335171461105347,4.193149089813232,-3.980764627456665,3.460322856903076,-3.326683521270752,1.0,0.041833515744656255,head_nod
4.0050904750823975,-3.945450782775879,3.875750541687012,-3.800014972686768,3.1526174545288086,-3.0911974906921387,1.0,0.01843362580984825,head_nod
3.399758458137512,-3.368821144104004,3.242597818374634,-3.2296066284179688,2.6891143321990967,-2.6600327491760254,1.0,0.013313310337252877,head_nod
2.8128132820129395,-2.7951619625091553,2.702698945999145,-2.698983907699585,2.202011823654175,-2.177284479141236,1.0,0.014172925613820525,head_nod
2.051451563835144,-2.03967547416687,2.1935110092163086,-2.190535545349121,1.6986984014511108,-1.682274341583252,1.0,0.0092408725759014,head_nod
1.6540510654449463,-1.6452367305755615,1.9421372413635252,-1.901558756828308,1.3845840692520142,-1.357372760772705,1.0,0.013982651114929424,head_nod
1.3635898232460022,-1.3580362796783447,2.146538734436035,-2.0388429164886475,1.397246241569519,-1.333515763282776,1.0,0.024710100959055098,head_nod
1.0295116007328033,-1.0020003914833069,1.9909310340881348,-1.8652615547180176,1.2008419036865234,-1.1202811002731323,1.0,0.019397059339098577,head_nod
0.7623291313648224,-0.7255476415157318,1.68921959400177,-1.623835206031799,0.9663609266281128,-0.913796365261078,1.0,0.019508857978507824,head_nod
0.49935227632522583,-0.39294078946113586,1.4994730949401855,-1.4362759590148926,0.815362811088562,-0.7294535040855408,1.0,0.028132724459283002,head_nod
0.5406126081943512,-0.1967598646879196,1.192494511604309,-1.0616819858551023,0.6550094485282898,-0.4617073535919189,1.0,0.023905738373286953,head_nod
0.5033144652843475,-0.07193417102098465,0.8788931369781494,-0.7090979814529419,0.5858667492866516,-0.3232471644878387,1.0,0.009482292865868599,head_nod
0.5958688259124756,-0.0435489006340504,0.4855584502220154,-0.3514353334903717,0.3946298062801361,-0.1404392272233963,1.0,0.004794490465428625,head_nod
0.3337426483631134,-0.1047132834792137,0.6154444813728333,-0.5008231401443481,0.4140259623527527,-0.2461636513471603,1.0,0.0035556668590288254,head_nod
0.6167393922805786,-0.42921754717826843,1.0144745111465454,-0.9961039423942566,0.6493638157844543,-0.5528072714805603,1.0,0.00693201698595655,head_nod
1.173506259918213,-1.0649654865264893,1.0773553848266602,-1.0562998056411743,0.8743760585784912,-0.7959165573120117,1.0,0.01116115483455355,head_nod
0.9884506165981293,-0.9694137573242188,1.2533427476882937,-1.24946928024292,0.9496811032295228,-0.8971974849700928,1.0,0.009832598967477625,head_nod
0.8477044403553009,-0.8354214429855347,0.859790027141571,-0.8542454838752747,0.6966937184333801,-0.6683803796768188,1.0,0.006316861603409025,head_nod
0.6636873483657837,-0.6509073674678802,0.7598691582679749,-0.747427225112915,0.5969476699829102,-0.582098126411438,1.0,0.005811933602671999,head_nod
0.42575201392173767,-0.4131258875131607,0.6293160915374756,-0.620875895023346,0.4244148731231689,-0.4072004854679107,1.0,0.005321667616954025,head_nod
0.382657065987587,-0.3717312812805176,0.3720709681510925,-0.3595843911170959,0.3209149539470672,-0.3014900684356689,1.0,0.0041164530557579754,head_nod
0.43562726676464075,-0.4227885603904724,0.6042130589485168,-0.5732625126838684,0.4013444781303406,-0.3822679817676544,1.0,0.005897901835851325,head_nod
0.5095957964658737,-0.49437910318374634,0.8334875106811523,-0.8033303022384644,0.536642849445343,-0.5114057660102844,1.0,0.006554766325280025,head_nod
0.7348445057868958,-0.7186205685138702,0.8030720949172974,-0.7607761025428772,0.6191458106040955,-0.5846223831176758,1.0,0.0070192720741033,head_nod
0.518106073141098,-0.4740287512540817,0.5508182644844055,-0.5288017988204956,0.4342665672302246,-0.420545369386673,1.0,0.0054873443441465,head_nod
0.33521443605422974,-0.3279210776090622,0.2873074114322662,-0.2562586367130279,0.248218759894371,-0.2209992557764053,1.0,0.0040545868396293,head_nod
0.07821064256131645,-0.0665566138923168,0.0484689995646476,-0.0128987627103924,0.0538090318441391,-0.0321955122053623,1.0,0.0017139062692876498,head_nod
0.3714886009693146,0.36179181933403015,0.7958375215530396,0.7570275068283081,0.4908772706985473,0.4615474939346313,1.0,0.0059866325464099255,head_nod
1.8394182920455933,1.83083838224411,2.304340362548828,2.2825725078582764,1.7077444791793823,1.6411157846450806,1.0,0.011981970863416751,head_nod
3.31760311126709,3.3090949058532715,3.853181123733521,3.804316282272339,3.004941463470459,2.848893165588379,1.0,0.02305813692510125,head_nod
5.052185535430908,5.028024673461914,5.77814245223999,5.734697818756104,4.484471321105957,4.300601959228516,1.0,0.04928533732891077,head_nod
7.500156402587891,7.458238124847412,8.163525581359863,8.101696014404297,6.421929836273193,6.215198516845703,1.0,0.16071072593331331,head_nod
9.749005794525146,9.729097843170166,10.033092498779297,9.926447868347168,8.073344230651855,7.865987300872803,0.9444444444444444,0.11357848346233368,head_nod
10.61824369430542,10.528820514678955,10.456523895263672,10.337263107299805,8.640685081481934,8.491657257080078,0.95,0.12708366475999355,head_nod
10.321974754333496,10.156672477722168,9.128632545471191,9.052922248840332,7.983563899993896,7.888310432434082,0.9910714285714286,0.16279956884682173,head_nod
10.100008487701416,9.946882724761963,8.335094451904297,8.239574432373047,7.545965194702148,7.457685470581055,0.9907407407407408,0.15596863068640227,head_nod
10.292472839355469,10.107570171356201,7.268947124481201,7.193047523498535,7.05398416519165,6.975863933563232,0.9519230769230768,0.18956616707146162,head_nod
6.388934850692749,6.242068529129028,4.524935722351074,4.512975215911865,4.329639434814453,4.238465309143066,0.988095238095238,0.10100309364497656,head_nod
1.1732321083545685,0.9069727957248687,1.8000398874282837,1.4728325605392456,1.4300618171691897,1.1354320049285889,1.0,0.02492291363887485,head_nod
0.8227033913135529,-0.6643482223153114,0.9777876734733582,-0.1471082866191864,1.0221716165542605,-0.507457971572876,1.0,0.021389659377746253,head_nod
2.5917582511901855,-2.48045015335083,1.7363735437393188,-1.3231370449066162,1.8714265823364256,-1.6053037643432615,1.0,0.059853973798453745,head_nod
4.381528854370117,-4.300150156021118,2.668719291687012,-2.376032590866089,2.7197365760803223,-2.552114486694336,1.0,0.07703420380130407,head_nod
4.908130407333374,-4.804730415344238,3.336907863616944,-3.129094362258911,3.228221893310547,-3.0984749794006348,0.9875,0.08910932578146454,head_nod
5.056828737258911,-4.9913413524627686,3.744722604751587,-3.617640256881714,3.5268547534942627,-3.440765142440796,1.0,0.06941223423928018,head_nod
5.128735303878784,-5.092105865478516,4.086239337921143,-4.003599166870117,3.772815465927124,-3.712207794189453,1.0,0.046368012204766246,head_nod
4.873215436935425,-4.85349440574646,4.351260185241699,-4.292721271514893,3.8267087936401367,-3.7670137882232666,1.0,0.05048384098336095,head_nod
4.951868534088135,-4.9310901165008545,4.501251697540283,-4.464993000030518,3.917640447616577,-3.8705551624298096,1.0,0.040281177032738875,head_nod
4.917680501937866,-4.875133037567139,4.593229293823242,-4.574252605438232,3.913118600845337,-3.863008737564087,1.0,0.0391435250639915,head_nod
4.5288918018341064,-4.477647066116333,4.543830394744873,-4.537707805633545,3.864231586456299,-3.7927260398864746,1.0,0.03825275716371833,head_nod
4.380980491638184,-4.310573577880859,4.438311576843262,-4.433042526245117,3.811589479446411,-3.700596570968628,1.0,0.035273628309369025,head_nod
4.103535175323486,-3.975418210029602,4.217642784118652,-4.21478796005249,3.5977799892425537,-3.412655830383301,1.0,0.035050006699748275,head_nod
3.870594024658203,-3.725830078125,4.029295444488525,-4.018562316894531,3.416942834854126,-3.202017068862915,1.0,0.03249570727348322,head_nod
3.517843008041382,-3.319309115409851,3.734709024429321,-3.715222597122192,3.2160425186157227,-2.972018957138061,1.0,0.030340658966451824,head_nod
3.1514132022857666,-2.903873562812805,3.348629713058472,-3.317814350128174,2.8857216835021973,-2.6312849521636963,1.0,0.032545262714847874,head_nod
2.7541751861572266,-2.4350839853286743,3.0354533195495605,-2.971893310546875,2.583467960357666,-2.242168426513672,1.0,0.02444579824805255,head_nod
2.181204080581665,-1.7569376826286316,2.5047638416290283,-2.3811519145965576,2.1200666427612305,-1.8220292329788208,1.0,0.0176561798434704,head_nod
1.9082824587821963,-1.4581881165504456,2.01918888092041,-1.6950327157974243,1.812000393867493,-1.3707579374313354,1.0,0.03295347164385015,head_nod
1.8612428903579712,-1.357192575931549,1.7935227155685425,-1.446380615234375,1.5287940502166748,-1.1577919721603394,1.0,0.021645688451826527,head_nod
1.1191200017929077,-0.572661429643631,1.2721953392028809,-1.0812886953353882,1.1581207513809204,-0.7266244292259216,1.0,0.03405572078190738,head_nod
0.6688080728054047,-0.19416430592536926,0.4247461259365082,-0.4089109599590301,0.5505580306053162,-0.2402760684490203,1.0,0.04383731074631207,head_nod
0.19735539704561225,-0.12001022696495053,0.2559221386909485,-0.1894726157188415,0.1958750635385513,-0.1261403262615203,1.0,0.003320737043395575,head_nod
0.34703950956463814,-0.10020707827061415,0.2424885481595993,0.0213173758238554,0.2836961448192596,-0.0426582507789135,1.0,0.010095595353050102,head_nod
0.5759071409702301,0.09757824987173075,0.753305196762085,0.4931538999080658,0.6408956050872803,0.2776086628437042,1.0,0.013903276761993724,head_nod
0.8423104882240295,0.4029408991336822,1.1384539604187012,0.8167224526405334,0.9760113954544068,0.526942253112793,1.0,0.01816464972216632,head_nod
1.052832156419754,0.5492878556251526,0.9978011250495912,0.6341357827186584,0.9300716519355774,0.501225471496582,1.0,0.015956362942233626,head_nod
0.8234580457210541,0.3175310790538788,1.0233204364776611,0.5398805141448975,0.917750358581543,0.3977496027946472,1.0,0.009017959120683325,head_nod
0.7207760810852051,0.2111272290349006,0.7719770669937134,0.2690260112285614,0.7024866342544556,0.2158460468053817,1.0,0.0075268594664521255,head_nod
0.596652090549469,0.19093869626522064,0.7090179920196533,0.2836727499961853,0.5857372879981995,0.1958588063716888,1.0,0.006633615412283651,head_nod
0.46096254885196686,0.1347681879997253,0.4837153255939483,0.2140265554189682,0.4603307545185089,0.152718648314476,1.0,0.006916218844708001,head_nod
0.49967794120311737,0.20090148597955704,0.4877652525901794,0.3290244340896606,0.4509401023387909,0.2482656389474868,1.0,0.007266800850629725,head_nod
0.4410092681646347,0.2618379592895508,0.5353222489356995,0.4506963193416595,0.4709100127220154,0.3196554780006408,1.0,0.0035837870382237997,head_nod
0.5237729698419571,0.41656045615673065,0.5272321701049805,0.4800643920898437,0.4324378073215484,0.3571064174175262,1.0,0.00613494950812305,head_nod
0.3799595236778259,0.28997139632701874,0.3104123771190643,0.2682749330997467,0.2911634445190429,0.2353332936763763,1.0,0.0048388079740107,head_nod
0.17561415582895273,0.1452395282685756,0.1416098773479461,0.1224144846200943,0.1426200419664383,0.1152297630906105,1.0,0.001906886260258,head_nod
0.06575481779873366,0.042338345199823296,0.0328806079924106,0.0154410470277071,0.0310652274638414,0.0117487348616123,1.0,0.0013496797328116,head_nod
0.10277328640222544,-0.07115271128714079,0.0948826149106025,-0.078278437256813,0.0956708192825317,-0.0678152069449424,1.0,0.0014008140569784998,head_nod
0.23432392999529836,-0.1576014813035726,0.3214024901390075,-0.2956263124942779,0.2974140346050262,-0.2238927483558654,1.0,0.002336532314075125,head_nod
0.2003938555717468,-0.1313473060727119,0.2395548224449157,-0.1945699006319046,0.2185457199811935,-0.1373468488454818,1.0,0.0016667957243043498,head_nod
0.2614859342575073,-0.09604305960237974,0.2731707096099853,-0.1855655312538147,0.260495126247406,-0.1196374222636222,1.0,0.001925998687511275,head_nod
0.26500216126441956,-0.12167142704129219,0.2732090353965759,-0.1499379426240921,0.2782143950462341,-0.1288228631019592,1.0,0.0030012935458216252,head_nod
0.2944467365741729,-0.08135318756103516,0.2835310399532318,-0.1596925556659698,0.274370789527893,-0.1154533177614212,1.0,0.0030660839984192998,head_nod
0.23929244279861445,-0.1365405917167663,0.221693217754364,-0.1591212004423141,0.2213388234376907,-0.1127509176731109,1.0,0.0032627768814562997,head_nod
0.17141750454902643,-0.0432772887870669,0.1198183596134185,-0.1013921126723289,0.1612557023763656,-0.0679667294025421,1.0,0.002379693498369275,head_nod
0.4304913207888603,0.2840902656316757,0.1851808279752731,0.0644616037607193,0.345089703798294,0.2072736173868179,1.0,0.018639748217537926,head_nod
1.438720941543579,1.4146045446395874,1.4896315336227417,1.1584802865982056,1.266321063041687,1.0734130144119265,1.0,0.04079706291668116,head_nod
2.355713129043579,2.2114158868789673,2.4544427394866943,2.1363110542297363,2.004709005355835,1.7578368186950684,1.0,0.022910287603735875,head_nod
3.400267720222473,3.221832275390625,3.6621949672698975,3.462756633758545,2.940184593200684,2.6972672939300537,1.0,0.0291075590066611,head_nod
4.942993402481079,4.743195056915283,5.044902324676514,4.970930099487305,4.137784481048584,3.997836351394653,1.0,0.0487216934561729,head_nod
7.160690069198608,6.9320948123931885,7.15897798538208,7.13950777053833,5.896242618560791,5.783446788787842,1.0,0.08231233805418008,head_nod
9.044172763824463,8.8009934425354,8.56329345703125,8.541655540466309,7.254769802093506,7.152396202087402,0.986842105263158,0.1269613122567534,head_nod
10.372460842132568,10.168444156646729,9.221146583557127,9.143312454223633,8.016569137573242,7.865070343017578,1.0,0.1390885422006249,head_nod
10.880203247070312,10.621522426605225,8.93887996673584,8.830490112304688,8.06799030303955,7.903727054595947,0.9861111111111112,0.14604187104851002,head_nod
10.675188541412354,10.42342758178711,8.2505464553833,8.091447830200195,7.65482759475708,7.478577136993408,1.0,0.15231416560709468,head_nod
9.099425792694092,8.931015014648438,6.711122512817383,6.543240070343018,6.407198905944824,6.212177276611328,1.0,0.10890998411923644,head_nod
6.27332329750061,6.149082899093628,4.752507209777832,4.687125205993652,4.628256797790527,4.474359035491943,1.0,0.11138341948390004,head_nod
2.06562477350235,1.9199530482292175,2.122274160385132,2.1106245517730717,2.03808069229126,1.8821818828582764,1.0,0.040172440698370296,head_nod
0.6142429411411285,-0.3881014361977577,0.6073475480079651,0.063507080078125,0.6344972848892212,-0.2300195097923278,1.0,0.0176819366170093,head_nod
3.2940133810043335,-3.236505150794983,2.151399850845337,-1.7060037851333618,2.318674325942993,-2.09659194946289,1.0,0.0745793492533266,head_nod
5.511232614517212,-5.422950744628906,3.350064277648926,-3.1349148750305176,3.4211928844451904,-3.2992045879364014,0.9705882352941176,0.06520063523203132,head_nod
6.625426530838013,-6.471274375915527,4.10329532623291,-4.032745361328125,4.032727241516113,-3.9701895713806152,1.0,0.07965247519314284,head_nod
7.09181809425354,-6.944216251373291,4.881029605865479,-4.86469841003418,4.637476921081543,-4.593284606933594,1.0,0.07457885239273304,head_nod
7.824001312255859,-7.656925678253174,5.629960536956787,-5.623486042022705,5.234001636505127,-5.165135383605957,0.9833333333333334,0.07524921605363483,head_nod
7.89430570602417,-7.764342308044434,6.241758823394775,-6.236616134643555,5.654268741607666,-5.566219329833984,1.0,0.06715875025838611,head_nod
7.527878284454346,-7.395749092102051,6.582008361816406,-6.57531213760376,5.689101696014404,-5.597090244293213,1.0,0.06020727986469863,head_nod
6.7707679271698,-6.661668062210083,6.51531982421875,-6.508440017700195,5.542953968048096,-5.441051959991455,1.0,0.049555875826626974,head_nod
6.210245370864868,-6.073115348815918,6.231081008911133,-6.223456382751465,5.17914342880249,-5.056032180786133,1.0,0.0399369858205318,head_nod
5.678077459335327,-5.53532338142395,5.739154815673828,-5.731292724609375,4.741160392761231,-4.589401245117188,1.0,0.035640670452266904,head_nod
5.166191577911377,-4.998416423797607,5.359662055969238,-5.344038963317871,4.413934230804443,-4.179183483123779,1.0,0.028908802662044725,head_nod
4.299100875854492,-4.035160183906555,4.622877597808838,-4.584132671356201,3.759032249450684,-3.5650436878204346,1.0,0.02591411396861073,head_nod
2.956003427505493,-2.826329827308655,3.743298053741455,-3.687666893005371,2.962009191513061,-2.7458202838897705,1.0,0.0239016006235033,head_nod
2.080667555332184,-1.873767375946045,2.435622215270996,-2.378159523010254,1.966185450553894,-1.8167089223861692,1.0,0.0224334016675129,head_nod
1.0848471522331238,-0.9422909915447234,1.6210885047912598,-1.5834155082702637,1.270346760749817,-1.118768334388733,1.0,0.0141621577786281,head_nod
0.9106757044792175,-0.7668540775775909,1.09846830368042,-1.0799527168273926,0.91703200340271,-0.7829827666282654,1.0,0.0159029038622975,head_nod
0.6611766517162323,-0.47989892959594727,0.7255776524543762,-0.6814906001091003,0.6768749356269836,-0.5329451560974121,1.0,0.007810897077433699,head_nod
0.5715313702821732,-0.3959666043519974,0.5647663474082947,-0.5023735761642456,0.5325325727462769,-0.3878164887428283,1.0,0.005148224125150525,head_nod
0.36618342995643616,-0.1975321769714355,0.3018853664398193,-0.236393392086029,0.3264001309871673,-0.1876027286052703,1.0,0.00517593813128765,head_nod
0.2172938212752342,-0.053581509739160496,0.1090265735983848,-0.0615649744868278,0.1820231974124908,-0.0552955456078052,1.0,0.00253052834887055,head_nod
0.16629885882139206,0.05107988603413105,0.1788305044174194,0.1313663125038147,0.1543724685907364,0.0689691975712776,1.0,0.00236324148136185,head_nod
0.34355801343917847,0.313280925154686,0.6524288654327393,0.6380428671836853,0.4482230246067047,0.4145917594432831,1.0,0.0054839512449689,head_nod
0.6531332433223724,0.6360307335853577,0.8820403218269348,0.8704342246055603,0.6307117938995361,0.6093661189079285,1.0,0.011084436613600649,head_nod
0.6232686042785645,0.5916423201560974,0.7537098526954651,0.7387940883636475,0.5901738405227661,0.5581045746803284,1.0,0.009889399225357875,head_nod
0.5071096420288086,0.4857412129640579,0.7632172703742981,0.7600860595703125,0.5203077793121338,0.5078045129776001,1.0,0.006033550365827926,head_nod
0.497015044093132,0.4756573885679245,0.6060606241226196,0.594273030757904,0.4550380408763885,0.4383853673934936,1.0,0.004963616200257025,head_nod
0.41739521920680994,0.3860118091106415,0.6281707286834717,0.6231486201286316,0.4316235780715942,0.4081548750400543,1.0,0.0038692925591021494,head_nod
0.4757984131574631,0.43349483609199524,0.4896582961082458,0.4793904721736908,0.4097812175750732,0.3814936876296997,1.0,0.005245808279141725,head_nod
0.3542457371950149,0.32218654453754425,0.4492217302322387,0.4406856894493103,0.3801285922527313,0.3296867311000824,1.0,0.0038029580027796003,head_nod
0.2793836370110512,0.2375048846006393,0.2845484912395477,0.2598402202129364,0.238219067454338,0.2042663991451263,1.0,0.0034199854417238003,head_nod
0.1705022826790809,0.11248377710580826,0.1282832324504852,0.0892333984375,0.1195467934012413,0.0816721394658088,1.0,0.0025029945245478003,head_nod
0.1223366223275661,0.042296614497899995,0.2478575706481933,-0.0374925397336483,0.1675799340009689,-0.0147692654281854,1.0,0.0018065293115796,head_nod
0.1921807006001472,-0.098984582349658,0.626164436340332,-0.4276004433631897,0.4064256846904754,-0.2335824370384216,1.0,0.003611905209254425,head_nod
0.4596250131726265,-0.4265834912657738,0.8142654895782471,-0.69759202003479,0.6019675135612488,-0.4579496085643768,1.0,0.00813209614716465,head_nod
0.5097007602453232,-0.4876449406147003,0.6755187511444092,-0.6267369389533997,0.5699950456619263,-0.4639827013015747,1.0,0.004183501005172675,head_nod
0.2627286165952682,-0.24344818294048304,0.3476641178131103,-0.3403701782226562,0.2980610728263855,-0.2596085965633392,1.0,0.00460498433676545,head_nod
0.23558171093463892,-0.1797436997294426,0.2304657101631164,-0.2153693288564682,0.2191307842731475,-0.1557870954275131,1.0,0.0030612860573454997,head_nod
0.6525372341275216,0.2007611133158207,0.1251401305198669,-0.1198620274662971,0.4014376401901245,0.0823644623160362,1.0,0.05451855983119455,head_nod
0.1252489238977432,-0.038314137607812854,0.1190998703241348,-0.1159634068608284,0.1492906659841537,-0.0564578734338283,1.0,0.0033203875063917998,head_nod
0.42715931683778763,-0.3442324921488762,0.1610373109579086,-0.1584608256816864,0.310491681098938,-0.246807187795639,1.0,0.0166197748330887,head_nod
0.45358843356370926,-0.3708163648843765,0.2195598036050796,-0.2187474519014358,0.3187707960605621,-0.2600754201412201,1.0,0.011928159918170351,head_nod
0.25549945980310435,-0.2302642539143562,0.1620552092790603,-0.1536195576190948,0.1803787648677826,-0.1626393496990203,1.0,0.0056007251259870255,head_nod
0.14955407381057734,-0.1336664482951164,0.1268177479505539,-0.1197908222675323,0.1217993348836898,-0.1066170632839202,1.0,0.0017038005462381499,head_nod
0.1183512061834335,-0.0831716395914554,0.0639249384403228,-0.0328970998525619,0.0797186195850372,-0.0367756336927413,1.0,0.001294500150834175,head_nod
0.052036074921488706,0.0035958290100098,0.0878795683383941,0.0360675379633903,0.08140879124403,0.0306506492197513,1.0,0.001257643365533975,head_nod
0.19723040983080858,0.14116573333740234,0.395249605178833,0.3102340698242187,0.297602504491806,0.2156002968549728,1.0,0.00279890277306545,head_nod
0.7758979797363281,0.6868373453617096,1.0307434797286987,0.9104275107383728,0.777035653591156,0.6578029990196228,1.0,0.014372320729307799,head_nod
1.3967251181602478,1.1703229546546936,1.6220799684524536,1.3927273750305176,1.3091728687286377,1.0554112195968628,1.0,0.012265755620319327,head_nod
2.097421884536743,1.5866132378578186,2.251498222351074,1.7172224521636963,1.8786624670028689,1.3809345960617063,1.0,0.014195196097716651,head_nod
2.5488134622573853,1.7535164952278137,2.7405760288238525,1.818675518035889,2.275118589401245,1.48998761177063,1.0,0.022057412890717325,head_nod
3.293246865272522,2.780342221260071,3.33621883392334,2.8248300552368164,2.785691738128662,2.258214235305786,1.0,0.0222496609203517,head_nod
5.345934867858887,5.03319525718689,5.353830337524414,5.310884952545166,4.395558834075928,4.150481700897217,1.0,0.051692325621843276,head_nod
7.131409645080566,6.933798551559448,7.175359725952148,7.143571853637695,5.989602565765381,5.735711574554443,1.0,0.055612917989492375,head_nod
8.180900573730469,7.873005390167236,7.531038284301758,7.513599872589111,6.516124725341797,6.306778430938721,1.0,0.07789060007780788,head_nod
9.842480659484863,9.323737621307371,7.832172870635986,7.78003454208374,7.028648376464844,6.846130847930908,1.0,0.11200934089720249,head_nod
11.168513298034668,10.388688564300537,8.077896118164062,8.02985668182373,7.5838942527771,7.370685577392578,1.0,0.1071930322796106,head_nod
13.602137088775635,12.763758659362795,8.633320808410645,8.597161293029785,8.337692260742188,8.188362121582031,0.9584717607973422,0.2333623394370079,head_nod
14.062768936157227,13.63278865814209,9.197455406188965,8.985828399658203,8.959956169128418,8.782927513122559,0.9791666666666666,0.26464662328362465,head_nod
13.024476051330566,12.768144130706785,8.456404685974121,8.0875244140625,8.36662483215332,8.140003204345703,0.9400703463203464,0.26661964692175383,head_nod
8.557008028030396,8.521650075912476,6.128052234649658,5.91277551651001,5.85011625289917,5.709237575531006,0.975,0.1194090154021978,head_nod
4.940373182296753,4.890697002410889,3.9023165702819824,3.7696940898895264,3.596681594848633,3.49890685081482,1.0,0.07679447717964645,head_nod
1.859779715538025,1.7801249623298645,1.7616313695907593,1.652679443359375,1.5091004371643066,1.414320468902588,1.0,0.025546128163114176,head_nod
0.5681237429380417,-0.4671948254108429,0.1716200560331344,-0.0726911723613739,0.3738949000835418,-0.2404744178056717,1.0,0.0184306679293513,head_nod
3.8568984270095825,-3.6086573600769043,1.6874594688415527,-1.6327481269836426,2.1369192600250244,-2.036973237991333,1.0,0.06774912122637028,head_nod
6.294987201690674,-5.975604295730591,3.211507558822632,-3.1608564853668213,3.6546008586883545,-3.5499267578125,1.0,0.056979911401867825,head_nod
8.163936853408813,-7.623870134353638,4.260959148406982,-4.2044830322265625,4.607142925262451,-4.444499492645264,1.0,0.13625447079539293,head_nod
9.627155303955078,-8.955000400543213,5.2848005294799805,-5.153757572174072,5.436210632324219,-5.209824562072754,1.0,0.16086956672370428,head_nod
10.18100357055664,-9.460772514343262,6.297842025756836,-6.114696979522705,6.1861572265625,-5.910766124725342,1.0,0.15343967918306584,head_nod
10.39078426361084,-9.723585605621338,7.189980506896973,-7.042614459991455,6.6827569007873535,-6.44213342666626,1.0,0.08712440263479945,head_nod
9.859724998474121,-9.245110034942627,7.629525184631348,-7.488857746124268,6.80532169342041,-6.551115989685059,1.0,0.0812482694163918,head_nod
9.016715049743652,-8.496517658233643,7.483836650848389,-7.32453727722168,6.570573806762695,-6.306760311126709,1.0,0.09410100011155004,head_nod
8.034107446670532,-7.477483034133911,7.083857536315918,-6.83683443069458,6.087464332580566,-5.740541934967041,1.0,0.07217548554763195,head_nod
7.058424949645996,-6.328952074050903,6.310929298400879,-5.984044551849365,5.396036148071289,-4.940276622772217,1.0,0.05701109697110947,head_nod
6.264913320541382,-5.407971620559692,5.678620338439941,-5.341028213500977,4.925261497497559,-4.325660705566406,1.0,0.040202557342126924,head_nod
5.2130982875823975,-4.305880665779114,4.853240013122559,-4.38167142868042,4.207667350769043,-3.5257251262664795,1.0,0.028281168080866295,head_nod
4.28840184211731,-3.4053715467453003,4.27338981628418,-3.5582759380340576,3.6375787258148193,-2.8760998249053955,1.0,0.021430720807984426,head_nod
3.916941285133362,-2.911383032798767,3.995328187942505,-2.9657058715820312,3.3124709129333496,-2.39280104637146,1.0,0.0168024455197155,head_nod
3.463223695755005,-2.2569925785064697,4.255516052246094,-2.612117290496826,3.439337491989136,-2.1004228591918945,1.0,0.0180953997187316,head_nod
3.739187002182007,-2.215018153190613,4.612104415893555,-2.2922067642211914,3.6504781246185294,-1.9151190519332888,1.0,0.03975468687713143,head_nod
2.9477715492248535,-1.943661630153656,3.9012668132781982,-2.004669189453125,3.012432098388672,-1.645713210105896,1.0,0.022632773732766447,head_nod
1.2752951383590698,-1.1995083093643188,1.4815906286239624,-1.2759416103363037,1.1480138301849363,-1.009084939956665,1.0,0.011640009237453276,head_nod
1.2023265361785889,-0.8502139151096344,1.946777582168579,-1.0787489414215088,1.2962592840194702,-0.7600011825561523,1.0,0.01554233930073675,head_nod
1.7180972695350647,-0.9743213653564453,2.680330276489258,-1.260101318359375,1.927611708641052,-0.8485729098320007,1.0,0.01395087467972185,head_nod
1.536692500114441,-1.053737461566925,1.981840968132019,-1.2526202201843262,1.463978886604309,-0.8855112791061401,1.0,0.01210402982542285,head_nod
1.1802968382835388,-1.0586798787117004,1.451735496520996,-1.325569987297058,1.0715681314468384,-0.9687336087226868,1.0,0.007861509860958849,head_nod
0.8058915734291077,-0.7920470237731934,1.030620574951172,-0.9665298461914062,0.7834082841873169,-0.7065275311470032,1.0,0.0068497887696139,head_nod
0.2779468148946762,-0.23629409074783325,0.5377036333084106,-0.4214765727519989,0.3942285776138305,-0.2890180349349975,1.0,0.004303121473640125,head_nod
0.0752216689288616,-0.0620469581335783,0.1862396746873855,-0.0730378925800323,0.1489520519971847,-0.0596490241587162,1.0,0.0013910293055231998,head_nod
0.055141637101769406,0.0469839908182621,0.1043413057923317,0.0653567835688591,0.091966338455677,0.0502643138170242,1.0,0.0015519373264396,head_nod
0.14578742161393166,0.1274738647043705,0.2955384850502014,0.2160636037588119,0.2178628742694854,0.1654501259326934,1.0,0.003177427715854675,head_nod
0.2640772685408592,0.20251379907131195,0.52803635597229,0.2172724455595016,0.3725501894950866,0.1799867153167724,1.0,0.00655345711857075,head_nod
0.33809884637594223,0.1198480986058712,0.8808910846710205,0.052255418151617,0.5939849019050598,0.086561806499958,1.0,0.00454115145839745,head_nod
0.4787063002586365,0.19810854643583295,1.1565403938293457,0.1312501728534698,0.7975521683692932,0.1666793823242187,1.0,0.00438742860569615,head_nod
0.6898683607578278,0.33646889589726925,1.4995455741882324,0.0882559865713119,1.0354293584823608,0.1639408022165298,1.0,0.013913725037127674,head_nod
0.6307108849287033,0.4307948499917984,1.44326651096344,0.2879672646522522,0.9935871958732604,0.3239318132400512,1.0,0.011400343733839625,head_nod
0.5884645134210587,0.5353420153260231,0.504069447517395,0.2176021933555603,0.4336446821689605,0.2464936375617981,1.0,0.018229835550300725,head_nod
0.2574549242854118,0.18465641885995865,0.2078166455030441,0.1984803974628448,0.1870376318693161,0.1351616084575653,1.0,0.005019343137973875,head_nod
0.36586873978376383,0.19414084404706955,0.8454955220222473,0.44268798828125,0.5652571320533752,0.2631439566612243,1.0,0.0039589322404935505,head_nod
0.2874047607183456,0.13211598619818685,0.5683639645576477,0.1599765419960022,0.4096568524837494,0.1090037673711776,1.0,0.003757103870157125,head_nod
0.16463101655244822,0.00512907234951855,0.2577608227729797,0.0407511405646801,0.205371156334877,0.0124347964301705,1.0,0.002143499761586975,head_nod
0.2588773481547832,-0.21165823750197885,0.1047497913241386,-0.03692626953125,0.2148003429174423,-0.145005390048027,1.0,0.009644947582273699,head_nod
0.2104673720896244,-0.1887098103761673,0.1187405064702034,-0.0951063334941864,0.1613263338804245,-0.1387920826673507,1.0,0.0041509609873172995,head_nod
0.17686343938112253,-0.1704519987106323,0.2232479751110077,-0.2176462858915329,0.1875879615545272,-0.171586200594902,1.0,0.00166904948127915,head_nod
0.16897822171449656,-0.15616141259670255,0.210838034749031,-0.2075152993202209,0.1615405827760696,-0.1490943729877472,1.0,0.0017975531809497,head_nod
0.26173781603574753,-0.2348440811038017,0.2649379372596741,-0.2247670441865921,0.2069122046232223,-0.1701178252696991,1.0,0.003809564281254975,head_nod
0.24263533949851984,-0.1807918846607208,0.2025721371173858,-0.1565721333026886,0.199303463101387,-0.1441075354814529,1.0,0.004114008886972401,head_nod
0.14757096767425534,-0.0770531892776489,0.1479098200798034,-0.0425915196537971,0.1395013332366943,-0.0469423606991767,1.0,0.0017878960643428752,head_nod
0.22572270780801773,0.007806200534105301,0.1755182445049286,0.0789142176508903,0.2139211297035217,0.0580617375671863,1.0,0.0014862106472719248,head_nod
0.47525638341903687,0.36916467174887657,0.5019845366477966,0.381473958492279,0.5277697443962097,0.362824410200119,1.0,0.020897901849821175,head_nod
1.132189303636551,1.0041773170232773,1.1108086109161377,1.0357826948165894,1.0209028720855713,0.9221943020820618,1.0,0.08796425152104347,head_nod
1.4090234637260437,1.3841357827186584,1.468508243560791,1.4521653652191162,1.241580605506897,1.1570155620574951,1.0,0.02500007068738335,head_nod
2.325592279434204,2.3049564361572266,2.5386946201324463,2.5353291034698486,2.0292611122131348,1.935828447341919,1.0,0.017092301277443725,head_nod
4.179825782775879,4.142071723937988,4.587802410125732,4.556038856506348,3.600526094436645,3.458327531814575,1.0,0.03326812037266788,head_nod
5.770932197570801,5.704397439956665,6.102616786956787,6.053929805755615,4.940182209014893,4.747307777404785,1.0,0.0422672289423644,head_nod
7.040939092636108,6.976438760757446,6.733575820922852,6.694943904876709,5.640634059906006,5.438357353210449,1.0,0.054242550861090394,head_nod
8.048167705535889,7.885886192321777,7.391499996185303,7.353063106536865,6.230180263519287,6.051453113555908,0.9722222222222222,0.08692706236615773,head_nod
9.79950761795044,9.5630202293396,8.281805038452148,8.256707191467285,7.115780830383301,6.959813594818115,0.96875,0.09538923390209672,head_nod
10.560355186462402,10.260947704315186,8.981380462646484,8.957881927490234,7.976101875305176,7.863204002380371,0.9044117647058824,0.1873029735870659,head_nod
10.866245746612549,10.59443998336792,8.612764358520508,8.601632118225098,7.89638090133667,7.785121917724609,0.9642857142857144,0.1584180276840925,head_nod
9.72165584564209,9.446228504180908,7.174753665924072,7.1619415283203125,6.787211418151856,6.659881591796875,0.9861111111111112,0.11974645406007763,head_nod
7.867847681045532,7.6059441566467285,5.823298454284668,5.799906253814697,5.580547332763672,5.465843200683594,0.9852941176470588,0.09545734710991377,head_nod
4.782846689224243,4.4912731647491455,3.5889673233032227,3.5064680576324463,3.5667073726654053,3.389885187149048,1.0,0.06395481340587135,head_nod
1.5135118067264557,1.1001607775688171,1.8865313529968264,1.4865316152572632,1.7389963865280151,1.3145160675048828,1.0,0.020571694243699222,head_nod
0.8860258162021637,-0.1587752550840378,1.109311819076538,0.0385725237429142,1.0101770162582395,-0.1058405414223671,1.0,0.013239384978078252,head_nod
2.006268858909607,-1.6245629787445068,1.896024227142334,-1.1199324131011963,1.8805698156356807,-1.300171971321106,1.0,0.05373100494034582,head_nod
3.8255383968353276,-3.668263077735901,2.652168035507202,-2.1540255546569824,2.605286836624145,-2.2775533199310303,0.984375,0.0729002472944557,head_nod
4.859005928039551,-4.66922926902771,3.47847056388855,-3.129960775375366,3.325562000274658,-3.0947306156158447,1.0,0.06951822433620684,head_nod
5.402583360671997,-5.3075621128082275,3.918889760971069,-3.73042631149292,3.673883199691773,-3.5546226501464844,1.0,0.06966557027772065,head_nod
5.53672194480896,-5.463156223297119,4.328018665313721,-4.254448890686035,3.9549407958984375,-3.90372371673584,1.0,0.08507197536528106,head_nod
5.7467546463012695,-5.680361032485962,4.762956619262695,-4.74199914932251,4.262401580810547,-4.237474918365479,1.0,0.07639969512820238,head_nod
5.803879499435425,-5.754715204238892,5.166961193084717,-5.159496784210205,4.571345806121826,-4.545823574066162,1.0,0.06407845299690958,head_nod
5.7275402545928955,-5.6288769245147705,5.493908882141113,-5.48320198059082,4.737703800201416,-4.688729763031006,1.0,0.0541409626603126,head_nod
5.795474529266357,-5.60269832611084,5.580984115600586,-5.539116859436035,4.815003395080566,-4.717366695404053,1.0,0.04080286656972017,head_nod
5.415816783905029,-5.246971607208252,5.429133892059326,-5.355222702026367,4.628118515014648,-4.494848251342773,1.0,0.03875205677468325,head_nod
5.213644742965698,-4.94894552230835,5.211008071899414,-5.090063095092773,4.479849338531494,-4.259623527526856,1.0,0.03876436664722855,head_nod
4.750212907791138,-4.473058819770813,4.978371620178223,-4.845673561096191,4.281426429748535,-4.024345397949219,1.0,0.03011928964406245,head_nod
4.251082062721252,-3.972325563430786,4.563450336456299,-4.459469318389893,3.89016318321228,-3.6548585891723633,1.0,0.029558962560258754,head_nod
3.7056151628494263,-3.469095826148987,4.051176071166992,-3.951021909713745,3.510544538497925,-3.2402820587158203,1.0,0.023803479271009523,head_nod
3.1621668338775635,-2.83649480342865,3.419978141784668,-3.307164430618286,2.9232282638549805,-2.6277284622192383,1.0,0.019572761142626374,head_nod
2.0630078315734863,-1.7914701700210571,2.394029140472412,-2.3239991664886475,2.124335765838623,-1.8430050611495967,1.0,0.017203635070472924,head_nod
1.3255059123039246,-1.0967424809932709,1.5348891019821167,-1.5209612846374512,1.3900493383407593,-1.1486235857009888,1.0,0.016038082190789223,head_nod
0.8017956912517548,-0.4873083382844925,0.706561803817749,-0.6945410966873169,0.7624096870422363,-0.523762047290802,1.0,0.0111046012025326,head_nod
0.5009618699550629,-0.12998537160456175,0.3535036742687225,-0.3254640400409698,0.4701930582523346,-0.2062636613845825,1.0,0.007800569350365476,head_nod
0.3438688814640045,-0.0689122527837753,0.1635609269142151,-0.1330091655254364,0.2883561849594116,-0.0717151910066604,1.0,0.007454597624018724,head_nod
0.29372116923332214,-0.022793542128056253,0.1799714714288711,-0.0511661097407341,0.2321161180734634,-0.0216728765517473,1.0,0.00408582852105605,head_nod
0.3141982704401016,-0.05559285543859005,0.3100570440292358,-0.0924173966050148,0.294354498386383,-0.0641449689865112,1.0,0.003531666327035,head_nod
0.24879450350999827,-0.1018898356705904,0.2201066464185714,-0.144134521484375,0.2429836392402649,-0.1245319992303848,1.0,0.0027522847813087753,head_nod
0.21156968921422956,-0.14727394655346865,0.1934756189584732,-0.1647754311561584,0.1960509866476059,-0.1362637728452682,1.0,0.0027700170467141504,head_nod
0.14718440175056455,-0.12862581387162206,0.135172814130783,-0.1338094025850296,0.1341592073440551,-0.1145527511835098,1.0,0.0013976769550936,head_nod
0.1498908922076225,-0.1150820758193731,0.1335310339927673,-0.1256646066904068,0.1335975080728531,-0.1128999665379524,1.0,0.00202475715195755,head_nod
0.19688154011964795,-0.1156079955399036,0.1060294285416603,-0.0695419311523437,0.1509009748697281,-0.0797080099582672,1.0,0.0021967141801724002,head_nod
0.08621160313487045,-0.01259460451547055,0.0970208942890167,0.0144670270383358,0.1059833392500877,0.0046310424804687,1.0,0.0013004129286855,head_nod
0.20337253063917154,-0.003542982973158349,0.1191065162420272,0.0381079763174057,0.1767157763242721,0.0293642375618219,1.0,0.0027500594733282503,head_nod
0.21401271969079966,0.040510194376111,0.1905454695224762,0.0467436052858829,0.1989375799894333,0.0347881764173507,1.0,0.0020172754739177998,head_nod
0.20996907353401179,-0.004306392744183549,0.1611805856227874,0.0135218305513262,0.1722557842731475,0.0177180599421262,1.0,0.0028354413952910752,head_nod
0.0935752093791961,0.0002228146622656,0.1660869270563125,-0.036233689635992,0.1445159912109375,-0.014229193329811,1.0,0.0017069953391910002,head_nod
0.1039673015475273,-0.04214542917907235,0.1507152318954467,-0.0540644340217113,0.1149719953536987,-0.0370142869651317,1.0,0.001137698782258625,head_nod
0.07574217766523356,-0.0426829736679792,0.1470356583595276,-0.1044175922870636,0.0994644165039062,-0.0659185275435447,1.0,0.001151182907051375,head_nod
0.261263221502304,-0.2244171854108572,0.1588607728481292,-0.1540010273456573,0.2218323945999145,-0.1926900297403335,1.0,0.006574218539753874,head_nod
0.29936249926686287,-0.27917062304914,0.2675179243087768,-0.2570063173770904,0.2998168170452118,-0.2602241337299347,1.0,0.00699982099467885,head_nod
0.17393279820680613,-0.140678696334362,0.2124651074409485,-0.2073593139648437,0.19444540143013,-0.1448689848184585,1.0,0.001934788131620675,head_nod
0.17277406901121134,-0.1265523619949817,0.1744647771120071,-0.1552836149930954,0.1672179698944091,-0.1148396953940391,1.0,0.00207163635059255,head_nod
0.2617518976330757,-0.16583103686571116,0.1280174851417541,-0.0991431325674057,0.2115498483180999,-0.1112925857305526,1.0,0.0031394648540298753,head_nod
0.2913342267274856,-0.18699319660663605,0.1764950454235077,-0.1307313740253448,0.2337743043899536,-0.1544044315814972,1.0,0.0038654607487841747,head_nod
0.21934190392494202,-0.11759836412966244,0.2364075481891632,-0.178620234131813,0.2046401053667068,-0.1299587339162826,1.0,0.0024899835552787,head_nod
0.3812395930290222,-0.3375166431069374,0.5180227160453796,-0.5026575922966003,0.4133155643939972,-0.3681493699550628,1.0,0.0048009004676714,head_nod
0.7447784692049026,-0.7235412895679474,1.0483874082565308,-1.0309405326843262,0.8064962029457092,-0.7473501563072205,1.0,0.0065604911651461996,head_nod
0.6159759312868118,-0.588888019323349,1.053732991218567,-0.9875708818435668,0.7677594423294067,-0.6805925965309143,1.0,0.00774464890127995,head_nod
0.32119193673133845,-0.31217919290065765,0.3760044276714325,-0.3458065390586853,0.2871358394622803,-0.2588631212711334,1.0,0.003716408449690725,head_nod
0.12102600187063214,-0.006768399849534049,0.0776483714580535,0.0673039779067039,0.1162461191415786,0.0396389849483966,1.0,0.00194927077973255,head_nod
0.738177925348282,0.6352310441434385,1.26549232006073,1.2579693794250488,0.9673970937728882,0.8861337304115295,1.0,0.013155149063095424,head_nod
1.8512026071548464,1.795843482017517,2.386808156967163,2.38257098197937,1.943706750869751,1.844849228858948,1.0,0.06029200088232753,head_nod
3.6702879667282104,3.6216537952423096,4.457489967346191,4.410389423370361,3.5595319271087646,3.4187145233154297,1.0,0.06021067220717665,head_nod
6.311030626296997,6.290699005126953,7.711716651916504,7.581825256347656,6.172304630279541,6.023213863372803,1.0,0.10795825626701111,head_nod
8.547740697860718,8.524439096450806,9.375301361083984,9.235261917114258,7.650322914123535,7.521439075469971,0.9833333333333334,0.13790021231397986,head_nod
9.903992652893066,9.869240283966064,9.716867446899414,9.64572525024414,8.255104064941406,8.171521186828613,1.0,0.12752010067924854,head_nod
10.131913185119629,10.070923805236816,8.731602668762207,8.699779510498047,7.69394063949585,7.638081073760986,0.9821428571428572,0.13516718847677106,head_nod
10.158931732177734,10.035695552825928,8.052515029907227,8.019721031188965,7.275356292724609,7.231494426727295,0.9807692307692308,0.11037146765738723,head_nod
9.361398220062256,9.171669483184814,6.472986221313477,6.463399410247803,6.129197597503662,6.094204425811768,0.9791666666666666,0.11829735059291122,head_nod
6.9197962284088135,6.7804601192474365,4.58711051940918,4.520955562591553,4.487627506256104,4.419103622436523,1.0,0.0846221651881933,head_nod
4.418319344520569,4.235933303833008,3.0307602882385254,2.7365078926086426,2.9522666931152344,2.748401641845703,1.0,0.09700478985905643,head_nod
1.1906288862228394,0.9860634505748749,1.579444408416748,1.005410075187683,1.3333356380462646,0.9527632594108582,1.0,0.01545446296222505,head_nod
0.8677503988146782,-0.7880504429340361,0.6312024593353271,-0.2307094931602478,0.7738990783691406,-0.4151886701583862,1.0,0.028282546438276726,head_nod
2.6188271045684814,-2.5808764696121216,1.4050700664520264,-1.3555196523666382,1.620249629020691,-1.5667445659637451,1.0,0.0460235220380127,head_nod
3.8260841369628906,-3.690192222595215,2.352142333984375,-2.333879232406616,2.3654704093933105,-2.3228514194488525,1.0,0.0869034535717219,head_nod
4.739289999008179,-4.564334392547607,3.028728008270264,-3.0154943466186523,3.013854503631592,-2.9769673347473145,1.0,0.07016330747865138,head_nod
5.525707483291626,-5.4239068031311035,3.903348684310913,-3.8909215927124015,3.740735054016113,-3.6966066360473633,1.0,0.08272141357883805,head_nod
6.638876914978027,-6.5369696617126465,5.004225254058838,-4.98521614074707,4.677184104919434,-4.616918563842773,1.0,0.0855435649864375,head_nod
7.779916048049927,-7.681723117828369,6.570742607116699,-6.548390865325928,5.791765213012695,-5.749547004699707,1.0,0.0917627345770597,head_nod
7.845892906188965,-7.7201292514801025,7.31170654296875,-7.3000335693359375,6.251782417297363,-6.177881240844727,0.9939024390243902,0.07650743238627906,head_nod
7.2350914478302,-7.113086462020874,7.055274963378906,-7.0402655601501465,6.030406951904297,-5.927195549011231,1.0,0.06457715667784211,head_nod
5.993668794631958,-5.9370787143707275,6.203798294067383,-6.192389488220215,5.174649715423584,-5.105108261108398,1.0,0.04973918758332725,head_nod
4.789644718170166,-4.756152391433716,5.299472332000732,-5.295151710510254,4.321681022644043,-4.271296501159668,1.0,0.034814338665455524,head_nod
3.7821637392044067,-3.7701724767684937,4.430803298950195,-4.424548625946045,3.551287889480591,-3.504486083984375,1.0,0.029214266454800922,head_nod
2.9857561588287354,-2.975568175315857,3.722184181213379,-3.713206052780152,2.9513187408447266,-2.9282398223876958,1.0,0.0227168089477345,head_nod
2.6783838272094727,-2.6731215715408325,3.265788078308105,-3.2621850967407227,2.5161099433898926,-2.5004796981811523,1.0,0.0243085061665624,head_nod
2.415796458721161,-2.406824290752411,3.0816397666931152,-3.078813314437866,2.4209675788879395,-2.389606475830078,1.0,0.023841036134399425,head_nod
2.392705261707306,-2.3733030557632446,3.036388874053955,-3.035454750061035,2.353989362716675,-2.257779836654663,1.0,0.01804328075377265,head_nod
1.954677164554596,-1.8973391652107239,2.559170722961426,-2.553701639175415,1.979760766029358,-1.8756366968154907,1.0,0.024113455845508672,head_nod
1.506325602531433,-1.4181962609291077,1.7295852899551392,-1.7056612968444824,1.3687233924865725,-1.2398579120635986,1.0,0.020033326116390474,head_nod
0.5894434005022049,-0.42948904633522034,0.6909563541412354,-0.5854958295822144,0.7114513516426086,-0.5023736953735352,1.0,0.009921759716235025,head_nod
0.41669823229312897,-0.0769686009734869,0.4253255426883697,-0.110657587647438,0.3683812916278839,-0.0686018019914627,1.0,0.005681669281329925,head_nod
0.31663938611745834,0.137341633439064,0.6250758767127991,0.3708835244178772,0.4437736868858337,0.2507736086845398,1.0,0.005705782736185899,head_nod
0.30759964138269424,0.23315087705850596,0.660858690738678,0.55354905128479,0.4594807624816894,0.3772476315498352,1.0,0.00449729763204225,head_nod
0.213174931704998,0.18255531601607794,0.4543432593345642,0.3827802836894989,0.2980310916900635,0.2502054274082184,1.0,0.0034937099553644,head_nod
0.23626520112156865,0.21464316174387923,0.3571530878543854,0.3500357866287231,0.269758403301239,0.2547691464424133,1.0,0.0027391178300603496,head_nod
0.1856060698628425,0.17325547337532038,0.2480573952198028,0.2385398000478744,0.1723866760730743,0.1634304076433181,1.0,0.00235558851272795,head_nod
0.15282351151108742,0.13416175916790954,0.2384357750415802,0.2237438559532165,0.1947288811206817,0.1763486862182617,1.0,0.002115785784553675,head_nod
0.23674255609512324,0.17810405045747757,0.2684559822082519,0.2348624318838119,0.2322511225938797,0.1787147521972656,1.0,0.00258282932918515,head_nod
0.28586008399724955,0.21512742340564725,0.3678768277168274,0.2932705283164978,0.3094918727874756,0.231868177652359,1.0,0.0019724444719030998,head_nod
0.2574600577354431,0.18918391317129135,0.2787828743457794,0.2016016691923141,0.2376320660114288,0.1592550277709961,1.0,0.002804918243782525,head_nod
0.1527498662471771,0.08808864280581469,0.1661764830350875,0.0787624791264534,0.128935620188713,0.0653553009033203,1.0,0.001984944872674475,head_nod
0.0947281308472156,-0.013902293518185598,0.2439396381378173,-0.1230706125497818,0.1597348153591156,-0.0733903869986534,1.0,0.00136245408793905,head_nod
0.25434268638491625,-0.1958068199455738,0.5421955585479736,-0.4416495561599731,0.3849537670612335,-0.2888620495796203,1.0,0.0038811460253782002,head_nod
0.1846391856670379,-0.1035215221345424,0.1709942817687988,-0.1329922080039978,0.1535268276929855,-0.1026887893676757,1.0,0.002004096444579725,head_nod
0.12993536517024035,-0.032595002092421055,0.0640953034162521,-0.0316196009516716,0.0883408412337303,-0.0170637127012014,1.0,0.001104859344195525,head_nod
0.10461511649191375,-0.0206408811500296,0.0353173986077308,-0.0130064226686954,0.0512429177761077,-0.0040790559723973,1.0,0.0016028370009734752,head_nod
0.04279163200408215,-0.02889217063784595,0.0460010915994644,-0.0411427803337574,0.0408259481191635,-0.0174224860966205,1.0,0.0008692101037013001,head_nod
0.0490167513489723,-0.0330751100555062,0.043318573385477,-0.0409596748650074,0.0438754372298717,-0.0255685802549123,1.0,0.00100389603903745,head_nod
0.0438791122287511,-0.0129912244156003,0.0700501874089241,-0.0639665424823761,0.0584838017821311,-0.0292692184448242,1.0,0.001059451620676525,head_nod
0.042837770655751145,-0.0228075301274657,0.0551012605428695,-0.0474845021963119,0.0565351359546184,-0.0302259437739849,1.0,0.0009584767540218,head_nod
0.0471664536744356,-0.0181476548314094,0.0513672530651092,-0.0408571027219295,0.0496289916336536,-0.0202360153198242,1.0,0.00079323847603515,head_nod
0.041859071701765005,0.0052273245528340504,0.0335951894521713,-0.0237943865358829,0.0364802293479442,-0.0101249692961573,1.0,0.0009837932302616,head_nod
0.03901928476989265,-0.0036757332272828,0.0274826101958751,0.0003212822775822,0.0292360819876194,0.0098442081362009,1.0,0.0009804733417695,head_nod
0.0422172453254461,0.01514905458316205,0.0312941074371337,0.0234341099858284,0.0362227968871593,0.0115247722715139,1.0,0.001063440598954875,head_nod
0.1522029228508472,0.06417826935648915,0.062270913273096,0.0322528406977653,0.1138207167387008,0.0488374717533588,1.0,0.001668635377427525,head_nod
0.25098199397325516,0.056258410448208396,0.1695373654365539,0.0950571671128273,0.2044819295406341,0.0744966492056846,1.0,0.00271477737987875,head_nod
0.34086718410253525,0.2045093886554241,0.4191705882549286,0.3276892900466919,0.369894802570343,0.2446590363979339,1.0,0.0038147154264151504,head_nod
0.8263988792896271,0.7177328616380692,0.9948047995567322,0.9507056474685668,0.8325054049491882,0.7263919711112976,1.0,0.015473944251425523,head_nod
1.367322951555252,1.3051400482654572,1.5671628713607788,1.53849196434021,1.3244526386260986,1.205042600631714,1.0,0.07317509682616212,head_nod
1.8292784690856934,1.6960462927818298,2.2160074710845947,2.2046432495117188,1.8188560009002688,1.6923822164535522,1.0,0.01725546410307285,head_nod
2.7480281591415405,2.6343626976013184,3.6614973545074463,3.65449857711792,2.8358139991760254,2.6640591621398926,1.0,0.025015438557602424,head_nod
4.918613433837891,4.820650696754456,6.215749740600586,6.189234256744385,4.802690029144287,4.5755157470703125,1.0,0.054235178511589724,head_nod
7.590964078903197,7.513277530670167,8.826395034790039,8.774023056030273,6.943027019500732,6.738329887390137,0.99375,0.0725674931891262,head_nod
9.1001877784729,8.954051494598389,9.393848419189451,9.358325004577637,7.57244348526001,7.410754203796387,1.0,0.11121959146112201,head_nod
9.583701610565186,9.460027694702148,8.850672721862793,8.83204460144043,7.502361297607422,7.369710922241211,0.9935897435897436,0.0933877653442323,head_nod
8.681770324707031,8.499906063079834,7.294205665588379,7.281328201293945,6.22364616394043,6.139411926269531,1.0,0.08609378896653647,head_nod
7.377201080322266,7.1911797523498535,5.769507884979248,5.753072261810303,5.058145046234131,4.988101959228516,1.0,0.0600209455005824,head_nod
5.501514911651611,5.355115175247192,4.322941780090332,4.301015377044678,3.831673860549927,3.760435104370117,1.0,0.053280848544090945,head_nod
3.606853485107422,3.4602930545806885,2.845195770263672,2.7685344219207764,2.593826532363892,2.495692253112793,1.0,0.0278232062701135,head_nod
1.959770679473877,1.7129658460617065,1.8946350812911987,1.7478196620941162,1.676033854484558,1.498419165611267,1.0,0.03256023186258965,head_nod
0.8286333382129669,0.49050411581993103,1.0122593641281128,0.6942613124847412,0.8812816143035889,0.5296422243118286,1.0,0.0105389702948741,head_nod
0.8787938356399535,-0.15127281285822386,1.0010113716125488,0.0389438197016716,0.8789796233177185,-0.0079056592658162,1.0,0.00974934152327475,head_nod
1.7158918380737305,-1.2536969780921936,1.6920629739761353,-0.9640977382659912,1.4770714044570925,-0.9040326476097108,1.0,0.02881045523099595,head_nod
2.6410531997680664,-2.4162240028381348,2.531827449798584,-2.007154703140259,2.1355502605438232,-1.7752677202224731,1.0,0.039021771401166874,head_nod
3.925865888595581,-3.7979142665863037,3.4105231761932373,-3.0893352031707764,2.827698945999145,-2.6232142448425293,1.0,0.03803034778684373,head_nod
4.983476161956787,-4.9442243576049805,4.113767623901367,-3.95766544342041,3.5579674243927,-3.4564080238342285,0.9772727272727272,0.054859299212694126,head_nod
5.231027364730835,-5.202208757400513,4.561793804168701,-4.468324661254883,3.87455153465271,-3.805375814437866,1.0,0.0606596898287534,head_nod
4.924515724182129,-4.885339260101318,4.803058624267578,-4.756494998931885,3.897097826004028,-3.8597042560577393,1.0,0.048592301551252576,head_nod
5.160556077957153,-5.141984224319458,5.10224723815918,-5.063930988311768,4.124870777130127,-4.095147609710693,1.0,0.0324904711451381,head_nod
5.706036329269409,-5.678326845169067,5.392848491668701,-5.362692832946777,4.451190948486328,-4.423466682434082,1.0,0.04576926678419107,head_nod
5.542900800704956,-5.526759624481201,5.567660808563232,-5.55039644241333,4.625221252441406,-4.596724510192871,1.0,0.0438450081273913,head_nod
5.071627855300903,-5.018700838088989,5.487800598144531,-5.48187780380249,4.444474220275879,-4.393863677978516,1.0,0.03387456806376572,head_nod
4.84583044052124,-4.775068759918213,5.216699600219727,-5.199635982513428,4.181318759918213,-4.121387004852295,1.0,0.035738950129598344,head_nod
4.208069801330566,-4.083342790603638,4.690576553344727,-4.657288551330566,3.754810094833374,-3.6244282722473145,1.0,0.022925397846847724,head_nod
3.6264549493789673,-3.480764627456665,4.069794178009033,-4.018864154815674,3.290884017944336,-3.135316848754883,1.0,0.020248358021490227,head_nod
2.7878588438034058,-2.5500407218933105,3.3080949783325195,-3.231580972671509,2.670659303665161,-2.4578983783721924,1.0,0.022428375494200674,head_nod
2.229163885116577,-2.013529360294342,2.6130034923553467,-2.496689796447754,2.1676836013793945,-1.9194825887680051,1.0,0.0114920685300603,head_nod
1.9355093240737915,-1.5616918206214905,2.025193929672241,-1.9054031372070312,1.749670386314392,-1.452043890953064,1.0,0.02046119305305177,head_nod
1.5589966177940369,-1.2444795966148376,1.7933001518249512,-1.638174295425415,1.5463992357254028,-1.2451603412628174,1.0,0.012194464856293,head_nod
1.1974826157093048,-0.8934072256088257,1.4419350624084473,-1.2670356035232544,1.1934114694595337,-0.9368488788604736,1.0,0.012681367923505524,head_nod
0.6201605796813965,-0.510213129222393,0.8476980328559875,-0.8357102870941162,0.6932888031005859,-0.6143919229507446,1.0,0.0062713530496694,head_nod
0.3614035695791244,-0.3495582640171051,0.654420018196106,-0.6007088422775269,0.4744864106178283,-0.4035618305206299,1.0,0.005216739606112175,head_nod
0.3626318573951721,-0.2075891718268394,0.6322989463806152,-0.3276502788066864,0.4856577515602112,-0.190802127122879,1.0,0.00440263014752415,head_nod
0.5486277788877487,-0.1287077814340591,0.6814218163490295,-0.1421220600605011,0.6353027820587158,-0.109709084033966,1.0,0.007056147034745601,head_nod
0.7395550310611725,-0.01948045968310905,0.5410653948783875,0.0373026542365551,0.6018607020378113,-0.0259702578186988,1.0,0.007659348542801976,head_nod
0.7906833291053772,-0.002119444310665103,0.7626789808273315,0.1039208322763443,0.7285228967666626,0.0395250804722309,1.0,0.0087595545046497,head_nod
0.6172023713588715,-0.0299821039661765,0.5800620317459106,0.0038045246619731,0.5289028882980347,-0.0295532625168561,1.0,0.008105017739580899,head_nod
0.3594706654548645,-0.0431907661259174,0.4015593826770782,-0.0466842651367187,0.3260497748851776,-0.067256323993206,1.0,0.022288329520961225,head_nod
0.17850591242313385,-0.055148424580693196,0.3330029845237732,-0.003450181800872,0.2046106904745102,-0.054406214505434,1.0,0.025476093622273727,head_nod
0.11521817371249195,-0.0732597336173057,0.0914693251252174,-0.0096240574494004,0.0721077322959899,-0.027487302199006,1.0,0.0029580874906968754,head_nod
0.1096559092402458,-0.059877123683691,0.1335743069648742,-0.0627399012446403,0.1189813613891601,-0.0520880855619907,1.0,0.0064719512884039,head_nod
0.18019034713506696,-0.04802932741586115,0.4100600183010101,-0.3375930786132812,0.2684136629104614,-0.1841454803943634,1.0,0.0076026680908398,head_nod
0.2554102689027786,-0.09763488918542859,0.6169517040252686,-0.5434044599533081,0.4033041596412658,-0.2665184438228607,1.0,0.012914410850498775,head_nod
0.31332215666770935,-0.11810160800814626,0.8104269504547119,-0.757755696773529,0.5001507997512817,-0.3613401651382446,1.0,0.019905747263692274,head_nod
0.3999126404523849,-0.10832977294921875,0.6930682063102722,-0.6400943398475647,0.5079782605171204,-0.3502638936042785,1.0,0.00843067868845535,head_nod
0.3951918333768844,-0.050678906496614204,0.5675969123840332,-0.5194456577301025,0.4249887466430664,-0.2358133345842361,1.0,0.00560555513948195,head_nod
0.41864247620105743,0.05852475529536604,0.4862567186355591,-0.3721694946289062,0.3747621476650238,-0.1526443064212799,1.0,0.007543974352301975,head_nod
0.3836575001478195,0.11439776048064229,0.2479183971881866,-0.1160837784409523,0.2916024625301361,-0.0148126706480979,1.0,0.00333454999781675,head_nod
0.34711337089538574,0.09177485853433605,0.2280350476503372,0.0538999773561954,0.2626530826091766,0.0926704406738281,1.0,0.004084936081198925,head_nod
0.3088575303554535,0.11794270202517505,0.1837910711765289,0.1533966064453125,0.2013803422451019,0.1140526235103607,1.0,0.003967385273426725,head_nod
0.22190981358289713,0.15441916510462755,0.2603910267353058,0.2427113801240921,0.2376268059015274,0.2006362080574035,1.0,0.00340499312733295,head_nod
0.30299490690231323,0.2901787906885147,0.6235716342926025,0.6006461381912231,0.4555330872535705,0.4281397461891174,1.0,0.003520848666084875,head_nod
0.6750216484069824,0.6459218561649323,1.16197669506073,1.1467242240905762,0.8336589336395264,0.8050422668457031,1.0,0.006026015151292049,head_nod
1.2796019911766052,1.2622032165527344,1.6913135051727295,1.6800283193588257,1.272379755973816,1.2300846576690674,1.0,0.00979154394008215,head_nod
2.1476191878318787,2.100528836250305,2.653088331222534,2.6514222621917725,2.0766265392303467,1.9681589603424072,1.0,0.0666288346983492,head_nod
3.3949304819107056,3.362428665161133,4.070067882537842,4.062477111816406,3.276357650756836,3.1342766284942627,1.0,0.042161855148151475,head_nod
4.997405290603638,4.93246603012085,6.136300086975098,6.118698120117188,4.808636665344238,4.588089942932129,1.0,0.036666996311396347,head_nod
7.374672889709473,7.283129692077637,8.41818618774414,8.379992485046387,6.650960922241211,6.4343791007995605,1.0,0.06858620932325718,head_nod
10.012924194335938,9.878618717193604,10.186200141906738,10.140118598937988,8.087702751159668,7.917435646057129,1.0,0.12428778596222394,head_nod
11.47018814086914,11.323891639709473,10.241836547851562,10.108417510986328,8.367294311523438,8.152373313903809,0.975,0.1496978546492755,head_nod
9.707897663116455,9.600555419921875,8.260032653808594,8.141557693481445,6.833160400390625,6.686281681060791,1.0,0.0916827833279967,head_nod
6.822329759597778,6.6534271240234375,5.495668411254883,5.48186731338501,4.718326568603516,4.632543563842773,1.0,0.04801841499283902,head_nod
4.833480358123779,4.662771463394165,3.94401216506958,3.9336328506469727,3.4577579498291016,3.373900890350342,1.0,0.040771378204226445,head_nod
3.216184973716736,3.100271224975586,2.800363302230835,2.796234130859375,2.435716390609741,2.371133804321289,1.0,0.0234769834205508,head_nod
1.7427536845207214,1.6164064407348633,1.67883038520813,1.6557905673980713,1.4282058477401731,1.3714109659194946,1.0,0.027806138969026454,head_nod
0.4828800708055496,0.3616989403963089,0.8066418170928955,0.6318511962890625,0.6225297451019287,0.4725385904312134,1.0,0.0055458109127357,head_nod
0.44083974510431284,-0.15104487538337705,0.6530300378799438,0.1062181293964386,0.5448604822158813,0.0355722531676292,1.0,0.007516749901697025,head_nod
1.169997364282608,-1.0391747057437897,1.0569405555725098,-0.4785647988319397,0.949074923992157,-0.5470585227012634,1.0,0.015598743688315101,head_nod
2.0815318822860718,-2.00905579328537,1.4783035516738892,-1.2273796796798706,1.3065121173858645,-1.1270558834075928,1.0,0.023225445067509953,head_nod
2.830774664878845,-2.777110457420349,2.097299814224243,-1.9614393711090088,1.8377894163131716,-1.741236686706543,1.0,0.024504833389073548,head_nod
3.940984606742859,-3.9018819332122803,3.0936474800109863,-3.0260908603668213,2.657224655151367,-2.6086864471435547,1.0,0.030186184449121325,head_nod
4.686087131500244,-4.657827138900757,4.003076553344727,-3.94578218460083,3.4036741256713867,-3.35017991065979,1.0,0.025771508924663025,head_nod
5.314211368560791,-5.282207489013672,4.504397392272949,-4.46782112121582,3.8965208530426025,-3.848132371902466,1.0,0.07365684630349276,head_nod
5.233560562133789,-5.199375629425049,4.633938789367676,-4.610361576080322,3.866243839263916,-3.831498861312866,1.0,0.041361343115568126,head_nod
5.237452268600464,-5.158229827880859,4.667283058166504,-4.648706912994385,3.929207563400269,-3.872175455093384,1.0,0.04257621197029945,head_nod
5.425134897232056,-5.3477373123168945,5.100427627563477,-5.018603801727295,4.214330673217773,-4.1170525550842285,1.0,0.04538965504616495,head_nod
5.434076309204102,-5.362164735794067,5.145535945892334,-5.084417343139648,4.217209815979004,-4.139610767364502,1.0,0.044259099056944196,head_nod
4.970832824707031,-4.910569190979004,5.019155502319336,-5.000874042510986,4.023521900177002,-3.958908081054688,1.0,0.03841371508315203,head_nod
4.281907796859741,-4.232100963592529,4.665215015411377,-4.65989351272583,3.665619611740112,-3.625242233276367,1.0,0.021429725689813474,head_nod
3.6095848083496094,-3.506328582763672,4.364866256713867,-4.347925186157227,3.488569974899292,-3.333364486694336,1.0,0.035289696883410146,head_nod
3.279320478439331,-3.166068434715271,3.967316150665283,-3.952618837356568,3.1691765785217285,-3.003296375274658,1.0,0.031326953787356546,head_nod
2.328336238861084,-2.2091572880744934,2.991882801055908,-2.97709321975708,2.4587888717651367,-2.2402522563934326,1.0,0.0157183691626414,head_nod
1.7302395105361938,-1.6052500009536743,2.25147557258606,-2.244311809539795,1.857275485992432,-1.639517903327942,1.0,0.016931632533669427,head_nod
1.07892644405365,-0.8764377236366272,1.3444677591323853,-1.3391249179840088,1.1360442638397217,-0.9621275067329408,1.0,0.011321197845973026,head_nod
0.7032777965068817,-0.5074221789836884,0.7377115488052368,-0.716945230960846,0.7348729968070984,-0.5100477337837219,1.0,0.0083265373250469,head_nod
0.8299230933189392,-0.5217539966106415,0.7321975231170654,-0.6614269614219666,0.7113451957702637,-0.4782823324203491,1.0,0.01176752679748455,head_nod
0.7256927192211151,-0.39805883169174194,0.7880537509918213,-0.6209598183631897,0.7212201356887817,-0.4405282735824585,1.0,0.007265046297106849,head_nod
0.8454456925392151,-0.38709990680217743,0.7543219923973083,-0.571010172367096,0.7261573076248169,-0.4109671711921692,1.0,0.010964626562781576,head_nod
0.768525242805481,-0.2593096122145653,0.6891364455223083,-0.4096001386642456,0.658264696598053,-0.2892889678478241,1.0,0.009531073970720125,head_nod
0.6748737096786499,-0.2183064669370651,0.4922707378864288,-0.2163594514131546,0.5286248326301575,-0.1659732609987259,1.0,0.0085815744241699,head_nod
0.6768517792224884,-0.2665102481842041,0.6895695924758911,-0.2765282392501831,0.6179020404815674,-0.2232987284660339,1.0,0.008876695355866075,head_nod
0.66915562748909,-0.22649553418159485,0.98087477684021,-0.312957763671875,0.7522730827331543,-0.2237739562988281,1.0,0.014337490836623975,head_nod
0.3723948895931244,-0.06412578653544185,0.4263691008090973,-0.0328123308718204,0.3147262334823608,-0.0424397103488445,1.0,0.00550162571016695,head_nod
0.12524945102632046,0.0158787677064538,0.0407289154827594,0.0007731119985692,0.0660742074251174,0.0121004208922386,1.0,0.0024002195859793,head_nod
0.10027168318629259,0.0368111032294109,0.3173094987869262,0.0306015014648437,0.2426313161849975,0.0453437007963657,1.0,0.0019374840485397002,head_nod
0.20461697131395334,0.08816861640661955,0.5616207718849182,0.0049845376051962,0.3957415521144867,0.0461610481142997,1.0,0.0037437351711559746,head_nod
0.14048377797007555,0.1129804328083992,0.2560337483882904,0.1616024374961853,0.2002362012863159,0.126631885766983,1.0,0.001919775168062125,head_nod
0.2325130328536033,0.21648503839969635,0.2888007462024688,0.273101806640625,0.2301410883665084,0.2109298706054687,1.0,0.00192691117990755,head_nod
0.33679263293743134,0.3299194201827049,0.4056371748447418,0.3895221352577209,0.313105434179306,0.3012159168720245,1.0,0.004096360178664301,head_nod
0.15663508325815195,0.153469018638134,0.1661413609981537,0.1630232036113739,0.1342344433069229,0.1275865584611892,1.0,0.00156551614054475,head_nod
0.1407227776944637,0.1331043541431427,0.1584669798612594,0.1330557912588119,0.1442621201276779,0.1129696518182754,1.0,0.00139068828138985,head_nod
0.2011427283287048,0.10703174769878385,0.1861621141433715,0.093750849366188,0.1935547888278961,0.0937811210751533,1.0,0.001362592665827775,head_nod
0.46052317321300507,0.36756594479084015,0.30385422706604,0.2717234194278717,0.3651874363422394,0.3091167509555816,1.0,0.0133386598026845,head_nod
0.3585768863558769,0.3357585743069649,0.3446563184261322,0.3398624062538147,0.364465057849884,0.3367197215557098,1.0,0.0044658769038505245,head_nod
0.15387495979666704,0.14592573046684265,0.180020734667778,0.1712578684091568,0.1395490616559982,0.1255003213882446,1.0,0.00209003605414175,head_nod
0.13757621124386785,0.1290997751057148,0.1610133349895477,0.1532711386680603,0.1132381334900856,0.1037376821041107,1.0,0.001092630132916325,head_nod
0.1390331238508224,0.12332135066390035,0.120554007589817,0.1157811507582664,0.1110230460762977,0.0944832265377044,1.0,0.00171743113605765,head_nod
0.24395006895065305,0.19315919280052185,0.2517348527908325,0.1921683400869369,0.2258600145578384,0.156155839562416,1.0,0.002670511661563,head_nod
0.4463588446378708,0.30396318435668945,0.590148389339447,0.4768464863300323,0.5440265536308289,0.3855004608631134,1.0,0.005528609384782575,head_nod
0.9931964576244354,0.8444475531578064,1.077427625656128,0.9599193930625916,0.9294645190238952,0.7421489357948303,1.0,0.01180035830475385,head_nod
1.685103714466095,1.482269823551178,1.779614806175232,1.677662372589111,1.5144357681274414,1.3317943811416626,1.0,0.027384017244912625,head_nod
2.4997341632843018,2.2065800428390503,2.7702322006225586,2.6681814193725586,2.350534200668335,2.087510108947754,1.0,0.0449393251910805,head_nod
3.7240527868270874,3.4096966981887817,4.115867614746094,4.056910991668701,3.4490151405334477,3.129423141479492,1.0,0.0261946234386414,head_nod
5.079010725021362,4.910885810852051,5.805639266967773,5.785841941833496,4.698652744293213,4.420797824859619,1.0,0.040286827366799075,head_nod
6.845562934875488,6.708970069885254,7.43980598449707,7.36911678314209,5.974997043609619,5.669144630432129,1.0,0.06274174991995092,head_nod
9.110984802246094,8.981204748153687,9.327980995178224,9.05131721496582,7.523124217987059,7.055113792419434,1.0,0.11094377189874646,head_nod
10.198444843292236,10.064191818237305,9.542105674743652,9.136737823486328,7.788436889648437,7.271804809570312,1.0,0.13454347616061565,head_nod
10.540085792541504,10.315447807312012,8.299149513244629,8.06149673461914,7.006048202514648,6.752052307128906,0.993421052631579,0.16784723382443187,head_nod
8.645118236541748,8.457450866699219,6.143684387207031,6.126405715942383,5.4219841957092285,5.366421222686768,1.0,0.13221479952335355,head_nod
6.5074450969696045,6.212408781051636,4.394894123077393,4.265145301818848,3.989258289337158,3.8529324531555176,1.0,0.09864079952239985,head_nod
3.5363463163375854,3.2178401947021484,2.573962688446045,2.3111588954925537,2.309410810470581,2.082604169845581,1.0,0.028329011751338798,head_nod
0.6360793709754944,0.2848881334066391,1.0795607566833496,0.653656005859375,0.8917949795722961,0.5144208073616028,1.0,0.0063543532742187,head_nod
0.8949214816093445,-0.6964128315448761,0.8284080028533936,-0.1976148784160614,0.7394990921020508,-0.2589214444160461,1.0,0.0146329337731003,head_nod
2.438262701034546,-2.3832249641418457,1.6304280757904053,-1.1842752695083618,1.4466243982315063,-1.164528489112854,1.0,0.04060814995318645,head_nod
3.3635077476501465,-3.2901886701583862,2.0753979682922363,-1.7999234199523926,1.878753900527954,-1.7032392024993896,1.0,0.03790508350357407,head_nod
3.664939761161804,-3.6063886880874634,2.409062385559082,-2.2500102519989014,2.07419753074646,-1.9563186168670652,1.0,0.07605042308568952,head_nod
3.9739956855773926,-3.9202177524566655,2.870625257492065,-2.775519371032715,2.4445130825042725,-2.3815290927886963,1.0,0.040981597267091226,head_nod
4.188117742538452,-4.149467468261719,3.189182758331299,-3.1275346279144287,2.7293198108673096,-2.664329290390014,1.0,0.0262291016988456,head_nod
4.63986611366272,-4.591816425323486,3.70186710357666,-3.674089193344116,3.1757290363311768,-3.152970552444458,1.0,0.030457097338512498,head_nod
4.599506855010986,-4.572895526885986,4.153327941894531,-4.139943599700928,3.44237756729126,-3.4271202087402344,1.0,0.0402475313749164,head_nod
4.594893932342529,-4.556975603103638,4.244450092315674,-4.232877731323242,3.485726356506348,-3.4694480895996094,1.0,0.03809125605039293,head_nod
4.361631155014038,-4.318164825439453,4.1633782386779785,-4.153496742248535,3.433026075363159,-3.421053886413574,1.0,0.02182850497774775,head_nod
4.125545144081116,-4.077301502227783,4.219557762145996,-4.213757038116455,3.4311752319335938,-3.3792684078216557,1.0,0.0325966996606439,head_nod
4.131227731704712,-4.047117352485657,4.074653625488281,-4.0677361488342285,3.340059757232666,-3.3135688304901123,1.0,0.023882615030743126,head_nod
3.8096951246261597,-3.6758397817611694,3.950455904006958,-3.939121723175049,3.243039131164551,-3.1588406562805176,1.0,0.023379276157356774,head_nod
3.437133550643922,-3.3214536905288696,3.656729459762573,-3.645430564880371,2.970330715179444,-2.8908605575561523,1.0,0.031245451886206827,head_nod
2.879281520843506,-2.7857398986816406,3.3374252319335938,-3.3275723457336426,2.717664957046509,-2.6020925045013428,1.0,0.015905589214526075,head_nod
2.639624714851379,-2.5407196283340454,2.9164388179779053,-2.9066357612609863,2.369539737701416,-2.267037868499756,1.0,0.014500645920634226,head_nod
2.2643569707870483,-2.159055769443512,2.5494701862335205,-2.5394651889801025,2.140883684158325,-2.0024781227111816,1.0,0.008934456738643275,head_nod
1.989732265472412,-1.8642205595970154,2.3514952659606934,-2.34395170211792,1.8935052156448364,-1.7530810832977295,1.0,0.015604774584062325,head_nod
1.8165465593338013,-1.7372457981109617,2.1826791763305664,-2.177862405776977,1.805872082710266,-1.6835525035858154,1.0,0.014702022308483675,head_nod
1.6578211188316345,-1.55370032787323,1.984166502952576,-1.979544758796692,1.6190494298934937,-1.478750228881836,1.0,0.01718830445315685,head_nod
1.27493554353714,-1.2138549089431763,1.5075304508209229,-1.503936767578125,1.2465083599090576,-1.139810562133789,1.0,0.011389477120246674,head_nod
0.8174379169940948,-0.7704794108867645,1.11953604221344,-1.117609620094299,0.8833768963813782,-0.8287922739982605,1.0,0.010374173521995501,head_nod
0.572566956281662,-0.514083132147789,0.6782832145690918,-0.6748097538948059,0.5673906207084656,-0.5106770396232605,1.0,0.004667410044930825,head_nod
0.31175602972507477,-0.279657706618309,0.3512696325778961,-0.3441662192344665,0.2852034866809845,-0.2554564476013183,1.0,0.004147204395849175,head_nod
0.20882084965705872,-0.19062835723161695,0.2407872974872589,-0.2377556711435318,0.200618103146553,-0.1858817487955093,1.0,0.002703869628021425,head_nod
0.12380380555987355,-0.1174665167927742,0.2045875936746597,-0.1864980012178421,0.138832539319992,-0.1136008575558662,1.0,0.0016422754852100999,head_nod
0.13213049247860903,-0.12088787555694575,0.2227724939584732,-0.2131254374980926,0.1665528416633606,-0.150430217385292,1.0,0.001172180738649275,head_nod
0.12741754204034805,-0.1081111282110214,0.2099662125110626,-0.1636784821748733,0.1699130088090896,-0.1265031993389129,1.0,0.0016418589657404498,head_nod
0.11404500156641001,-0.0626259446144104,0.1610223650932312,-0.098084345459938,0.1406590938568115,-0.0664775967597961,1.0,0.001478684076573625,head_nod
0.15963845700025553,-0.0593177545815706,0.1594152152538299,-0.092913307249546,0.1508577615022659,-0.0682839080691337,1.0,0.0030724996759090004,head_nod
0.1425114646553993,-0.05750438198447225,0.1044718921184539,-0.0556352399289608,0.1043005511164665,-0.0391915813088417,1.0,0.0018316456116735502,head_nod
0.16808186843991274,-0.10604089125990865,0.1097073853015899,-0.0656721293926239,0.1326156705617904,-0.0732141435146331,1.0,0.0024618443130748,head_nod
0.3367927111685276,-0.30312570556998253,0.1821001917123794,-0.1568060964345932,0.2667489051818847,-0.2299511879682541,1.0,0.015852793847443477,head_nod
0.16444493830204004,-0.1551600843667984,0.2381933033466339,-0.2334993183612823,0.1916325837373733,-0.1804446727037429,1.0,0.0046943589986767256,head_nod
0.24068315699696535,-0.21304478123784065,0.1548229157924652,-0.1482425332069397,0.1795807927846908,-0.1591190695762634,1.0,0.002678227698197525,head_nod
0.1315045766532421,-0.0925692021846771,0.1221686229109764,-0.09991455078125,0.1192297711968422,-0.0763100311160087,1.0,0.001111867692088675,head_nod
0.1273368597030639,-0.0416907044127583,0.1625091433525085,-0.062531366944313,0.1339972168207168,-0.036722544580698,1.0,0.0017822509107645,head_nod
0.13231237977743143,-0.0343751446343958,0.1213069781661033,-0.0191489327698946,0.1093023791909217,-0.0158307868987321,1.0,0.0015209626872092251,head_nod
0.15208428353071204,0.00924440391827375,0.1550118327140808,0.0088823102414608,0.1419167220592498,0.0202071722596883,1.0,0.0015197299071587,head_nod
0.1149836406111717,0.0141936410218477,0.1157717183232307,0.0250922311097383,0.0964269861578941,0.022025030106306,1.0,0.001608403435966425,head_nod
0.10651018097996706,0.02489174716174605,0.0859609767794609,0.0400204136967659,0.0996428579092025,0.0411430560052394,1.0,0.001481065221014375,head_nod
0.26035869121551514,0.1665595583617687,0.0915077328681945,0.0807995274662971,0.153783842921257,0.105712890625,1.0,0.04522482388711065,head_nod
0.4790426716208458,0.4481047987937927,0.3283412158489227,0.3267356157302856,0.3969779908657074,0.3826788961887359,1.0,0.059984015941154156,head_nod
0.779180645942688,0.7308750599622726,1.073550820350647,1.0625441074371338,0.836845338344574,0.8093265891075134,1.0,0.007073956541717,head_nod
1.5141671299934385,1.4661402106285095,1.8399156332015991,1.829262614250183,1.4250695705413818,1.3748420476913452,1.0,0.013651756686158426,head_nod
2.155223250389099,2.0641303658485413,2.655153751373291,2.6434240341186523,2.097146987915039,1.9988453388214111,1.0,0.017217329703271327,head_nod
3.02210795879364,2.9352141618728638,3.4191665649414062,3.401172161102295,2.741201639175415,2.620661497116089,1.0,0.019860083702951625,head_nod
3.966305136680603,3.7666274309158325,4.196620464324951,4.13279914855957,3.3826398849487305,3.245849609375,1.0,0.03220670507289465,head_nod
4.853216648101807,4.628718614578247,4.752631187438965,4.612629413604736,3.911134958267212,3.738389253616333,1.0,0.031032667728140874,head_nod
5.9093756675720215,5.738267660140991,5.489448070526123,5.409406661987305,4.504897117614746,4.383006572723389,1.0,0.035426081623882,head_nod
5.815788745880127,5.679758548736572,5.097226142883301,5.053611755371094,4.231515407562256,4.145015239715576,1.0,0.051319251535460304,head_nod
4.1169445514678955,4.028456449508667,3.3911447525024414,3.353749513626098,2.834279537200928,2.7905585765838623,1.0,0.03077495843172067,head_nod
0.8940654695034028,0.8617765605449677,0.9178335666656494,0.9125823974609376,0.8189167380332947,0.8053807616233826,1.0,0.009119841270148676,head_nod
0.38044174015522003,-0.3606681823730469,0.3187552690505981,-0.2559390664100647,0.3414521217346191,-0.2380189597606659,1.0,0.010878370376303724,head_nod
1.911849319934845,-1.8958821892738345,1.402999997138977,-1.3806719779968262,1.2644293308258057,-1.2110629081726074,1.0,0.0127463192911818,head_nod
2.5468145608901978,-2.53486704826355,2.043465137481689,-2.030857563018799,1.8036820888519287,-1.7612284421920776,1.0,0.017195471562445126,head_nod
2.794861316680908,-2.779784321784973,2.35254454612732,-2.348315715789795,2.077880620956421,-2.0342049598693848,1.0,0.022699074819684004,head_nod
3.024142861366272,-3.007392287254333,2.5542495250701904,-2.5489230155944824,2.198638439178467,-2.1615407466888428,1.0,0.0244187337812036,head_nod
2.8598896265029907,-2.838088631629944,2.539880514144897,-2.5363149642944336,2.1396703720092773,-2.103461503982544,1.0,0.0214345783460885,head_nod
2.334304451942444,-2.3204716444015503,2.541205883026123,-2.524476766586304,2.0359339714050293,-1.9997694492340088,1.0,0.024912734981626224,head_nod
2.3334949016571045,-2.3262898921966553,2.4927399158477783,-2.478161334991455,1.988816738128662,-1.9623186588287356,1.0,0.02453234978020187,head_nod
2.133188784122467,-2.1180216670036316,2.480221748352051,-2.4751195907592773,1.954638123512268,-1.9345682859420776,1.0,0.015410674852319001,head_nod
2.1465230584144592,-2.1224201917648315,2.4080190658569336,-2.4043283462524414,1.8847150802612305,-1.8602901697158811,1.0,0.012045173090882549,head_nod
1.6571149826049805,-1.6116967797279358,2.064065456390381,-2.061126708984375,1.5914878845214844,-1.5585834980010986,1.0,0.01706233050208535,head_nod
1.4542195796966553,-1.3970357179641724,1.7610976696014404,-1.748645305633545,1.3898236751556396,-1.3290009498596191,1.0,0.0110663569066673,head_nod
1.4690994024276733,-1.3582221865653992,1.6940263509750366,-1.678069233894348,1.3319529294967651,-1.259531021118164,1.0,0.01222439459525045,head_nod
1.2539193034172058,-1.187586784362793,1.4699211120605469,-1.4271578788757324,1.190687656402588,-1.0963926315307615,1.0,0.011771328514441824,head_nod
1.1536425352096558,-1.0438034534454346,1.257742404937744,-1.223685383796692,1.0127171277999878,-0.9046804308891296,1.0,0.01020809769397595,head_nod
0.8864032626152039,-0.6767473220825195,0.9265681505203248,-0.8777499794960022,0.8405687212944031,-0.6955199241638184,1.0,0.008183083729818425,head_nod
0.642656147480011,-0.41297392547130585,0.622844934463501,-0.5668801069259644,0.5409454703330994,-0.4074785411357879,1.0,0.00927360123023385,head_nod
0.5046823471784592,-0.3738694489002228,0.4227374792098999,-0.3739242553710937,0.4134741723537445,-0.278018444776535,1.0,0.006538493616972074,head_nod
0.41187627613544464,-0.1593031510710716,0.2805209755897522,-0.2084181010723114,0.282635360956192,-0.1501704007387161,1.0,0.0057328023249283,head_nod
0.3098016530275345,-0.0453892073128372,0.2579332292079925,-0.0764753520488739,0.2436624765396118,-0.0491848513484001,1.0,0.002957280870759775,head_nod
0.2854943573474884,-0.0450439453125,0.2935532331466675,-0.0419565849006176,0.2464858442544937,-0.0271573457866907,1.0,0.00322135988972145,head_nod
0.22169075906276697,-0.03266307292506095,0.1602667868137359,-0.021759033203125,0.169693723320961,-0.009970175102353,1.0,0.0014952338387956502,head_nod
0.15553817152976984,-0.0229385020211339,0.0793069303035736,-0.0239054355770349,0.0913460478186607,0.0014792777365073,1.0,0.002074193937005425,head_nod
0.0980715826153755,-0.006383683532476401,0.0476675443351268,-0.0359310582280159,0.0476922541856765,-0.0237022601068019,1.0,0.001730065916490225,head_nod
0.056240027770400006,-0.03271811269223685,0.0641711503267288,-0.0625635758042335,0.056215975433588,-0.0411772839725017,1.0,0.0009664814569986751,head_nod
0.0736153163015842,-0.0645904541015625,0.1404391229152679,-0.1150131225585937,0.0951994135975837,-0.0732821896672248,1.0,0.001406146140652675,head_nod
0.17129470407962796,-0.08234653435647485,0.1959843039512634,-0.1777284443378448,0.1799462586641311,-0.1181871592998504,1.0,0.005393466388340975,head_nod
0.18689721450209615,-0.041509175440296545,0.2071839421987533,-0.1674686074256897,0.1915011405944824,-0.0810167491436004,1.0,0.006287689029704726,head_nod
0.09091002307832241,-0.05381447821855545,0.1740870326757431,-0.1277949064970016,0.1246142387390136,-0.0842635706067085,1.0,0.00146813187166115,head_nod
0.11088979616761205,-0.0578471589833498,0.151380643248558,-0.1068055927753448,0.1174798682332038,-0.0666982308030128,1.0,0.001323864096775625,head_nod
0.08623326569795606,-0.0379793681204319,0.0943888872861862,-0.0530921071767807,0.0879262238740921,-0.0419088825583457,1.0,0.001169032766483675,head_nod
0.08225959539413445,-0.0175568722188473,0.0937164723873138,-0.0589769147336483,0.0827667340636253,-0.0358915589749813,1.0,0.00116318813525135,head_nod
0.0512763932347297,0.010322631336748551,0.0712449848651886,-0.0041029187850654,0.057330098003149,-0.001721768756397,1.0,0.00101276719942685,head_nod
0.11460037529468531,0.0726191196590662,0.0984194800257682,0.0798975601792335,0.0981682017445564,0.0659167319536209,1.0,0.0012668911076616,head_nod
0.3162951692938804,0.26264166831970215,0.4263222217559814,0.401035726070404,0.3737544119358063,0.3306987881660461,1.0,0.0030756695196032247,head_nod
0.7466022670269012,0.7273156940937042,0.9128792881965636,0.9097764492034912,0.7290189862251282,0.6979039907455444,1.0,0.0109781788196414,head_nod
1.271528273820877,1.2189122140407562,1.389496922492981,1.3783315420150757,1.2066495418548584,1.1413788795471191,1.0,0.03762262966483827,head_nod
2.020880937576294,1.9421617984771729,2.2846226692199707,2.277676820755005,1.8966259956359863,1.7860989570617676,1.0,0.026497117243707152,head_nod
2.835461139678955,2.7218971252441406,3.349076986312866,3.339777708053589,2.66345763206482,2.521578073501587,1.0,0.020291198510676574,head_nod
3.5553961992263794,3.4484364986419678,3.915063619613648,3.8649706840515137,3.073376417160034,2.97703218460083,1.0,0.019322563661262348,head_nod
4.200679302215576,4.032240629196167,4.212210178375244,4.133411884307861,3.403897762298584,3.295459270477295,1.0,0.034685058752074775,head_nod
5.337734937667847,5.238713979721069,5.288869857788086,5.272371768951416,4.3022541999816895,4.219200611114502,1.0,0.03497930569574233,head_nod
5.702270269393921,5.624877452850342,5.352734565734863,5.335733890533447,4.359273910522461,4.2642598152160645,1.0,0.04318827320821578,head_nod
4.539065837860107,4.498246669769287,4.200397968292236,4.16691780090332,3.4756898880004883,3.41372013092041,1.0,0.05505281127989288,head_nod
2.0285550355911255,2.015835404396057,2.180302143096924,2.1168484687805176,1.7477829456329346,1.6867090463638306,1.0,0.02013574854936445,head_nod
0.2021387368440628,0.0880610756576061,0.2219856530427932,0.1578708291053772,0.2223914414644241,0.1192849650979042,1.0,0.004471342137549025,head_nod
0.6228951513767242,-0.5842514634132385,0.4746948480606079,-0.44757080078125,0.4816493093967438,-0.4244990944862366,1.0,0.00753112579695875,head_nod
1.9773581624031067,-1.9464543461799622,1.7012109756469729,-1.6874381303787231,1.4021570682525637,-1.3772599697113037,1.0,0.015593141200952175,head_nod
2.761765241622925,-2.702077627182007,2.226560354232788,-2.224191427230835,1.9435620307922363,-1.9243613481521609,1.0,0.019911511335521874,head_nod
2.811089038848877,-2.744093179702759,2.3938543796539307,-2.388014793395996,2.0615077018737797,-2.0138649940490723,1.0,0.020904115634039,head_nod
2.4917978048324585,-2.3940508365631104,2.152659177780152,-2.125917196273804,1.8508195877075195,-1.7827939987182615,1.0,0.03822429163847115,head_nod
2.3093360662460327,-2.209605574607849,2.233313798904419,-2.190500020980835,1.80364191532135,-1.725044846534729,1.0,0.021945027750916727,head_nod
2.317338705062866,-2.2431387901306152,2.4006872177124023,-2.373041868209839,1.9247891902923584,-1.8763662576675413,1.0,0.015388152562081774,head_nod
2.4423086643218994,-2.3755229711532593,2.553952217102051,-2.54809308052063,2.074887752532959,-1.994354605674744,1.0,0.02296105551067735,head_nod
2.3678138852119446,-2.337715804576874,2.69720721244812,-2.694974184036255,2.160594701766968,-2.09709095954895,1.0,0.017059056321158977,head_nod
2.5591458082199097,-2.5007901191711426,2.852330207824707,-2.848881959915161,2.2843282222747803,-2.2119123935699463,1.0,0.02239759569056325,head_nod
2.4287794828414917,-2.355609655380249,2.8338143825531006,-2.829909324645996,2.248879909515381,-2.1666057109832764,1.0,0.01981286972295485,head_nod
2.36468768119812,-2.3090267181396484,2.720875740051269,-2.7123591899871826,2.1709678173065186,-2.076121091842652,1.0,0.016518927994184147,head_nod
2.190206527709961,-2.140060245990753,2.429969072341919,-2.419909238815308,1.952370524406433,-1.859823226928711,1.0,0.021091489470563773,head_nod
1.553610622882843,-1.4827426075935364,1.8520063161849976,-1.816416382789612,1.4709643125534058,-1.4063655138015747,1.0,0.014008371392264924,head_nod
1.225710690021515,-1.1404976546764374,1.3881617784500122,-1.3548728227615356,1.125931978225708,-1.0534614324569702,1.0,0.01140417950227855,head_nod
0.7180449962615967,-0.6779040396213531,0.8306849598884583,-0.8075087070465088,0.6783357858657837,-0.6093370318412781,1.0,0.0117877532029524,head_nod
0.3710034489631653,-0.32134318351745605,0.4601280987262726,-0.4341905415058136,0.355560839176178,-0.3106025457382202,1.0,0.010216199734713827,head_nod
0.24264638125896454,-0.10011606290936464,0.1279401928186416,-0.1047507375478744,0.1450278460979461,-0.067869447171688,1.0,0.004230211168760375,head_nod
0.07672681938856835,-0.0226169774541631,0.0464174672961235,-0.0277930367738008,0.0414331220090389,-0.0137626025825738,1.0,0.001455822653952,head_nod
0.08390076830983159,0.0345589779317379,0.0547150000929832,0.0508066825568676,0.0633713528513908,0.0535934045910835,1.0,0.0012483966274884999,head_nod
0.12857190892100331,0.09666800312697885,0.1400142908096313,0.1355980783700943,0.1386751383543014,0.1262046247720718,1.0,0.0020333801367087003,head_nod
0.1579879261553287,0.1356104891747236,0.1668182760477066,0.1622831523418426,0.1596692651510238,0.1401466131210327,1.0,0.001545224673463925,head_nod
0.0747246518731117,0.0474375784397125,0.1197501420974731,0.1153174489736557,0.0871861800551414,0.0690777748823165,1.0,0.00151748470671005,head_nod
0.11429065838456148,0.09297749027609825,0.1016614660620689,0.0938186645507812,0.09571473300457,0.0703615769743919,1.0,0.0010958612547255502,head_nod
0.055081080645322744,0.0349110197275877,0.0890862047672271,0.0734507218003273,0.0698461309075355,0.0482507646083831,1.0,0.0013368190848268,head_nod
0.0562799833714962,0.0417385399341583,0.0617296285927295,0.0517900250852108,0.0529787391424179,0.0417051576077938,1.0,0.00090032053412865,head_nod
0.02912640850991005,0.01180806243792175,0.0270306058228015,0.0170271135866642,0.0255530998110771,0.0142393372952938,1.0,0.0011504821668494752,head_nod
0.07287621498107905,-0.05309779942035675,0.0468779355287551,-0.0428848266601562,0.0539504177868366,-0.0406989008188247,1.0,0.0011851404851767752,head_nod
0.3183662109076976,-0.10509255062788725,0.1134392172098159,-0.1056840717792511,0.2436715513467788,-0.1188201904296875,1.0,0.03340436593862248,head_nod
0.15476574748754499,-0.10728975385427475,0.1568914502859115,-0.1385743916034698,0.154727503657341,-0.1102958917617797,1.0,0.001866826234618175,head_nod
0.1746536791324615,-0.0930619016289711,0.1528510004281997,-0.1149792149662971,0.1519815325736999,-0.0847654566168785,1.0,0.001489239992224575,head_nod
0.14725514501333237,-0.044387212023139,0.1415292173624038,-0.0897793248295784,0.1311113089323043,-0.055327545851469,1.0,0.0017681625904515,head_nod
0.1708661094307899,-0.02886811457574365,0.150353342294693,-0.0284169521182775,0.1488334536552429,-0.0124210668727755,1.0,0.001346792036201725,head_nod
0.17433401197195048,-0.018824927508831052,0.1175907179713249,0.0007960001821629,0.1346257627010345,-0.0083939833566546,1.0,0.00401443116425065,head_nod
0.17673015594482414,-0.0737100597470999,0.112467885017395,-0.0084067452698946,0.1495293527841568,-0.0440805777907371,1.0,0.003386560041690175,head_nod
0.1127335168421268,-0.0348834693431854,0.1062716618180275,-0.0010613335762172,0.0956289768218994,-0.0087705049663782,1.0,0.0014320029004010748,head_nod
0.0769493523985147,0.022566718980669948,0.0904360711574554,0.0607672780752182,0.0709868967533111,0.040720347315073,1.0,0.001280904572922675,head_nod
0.1659373268485069,0.15064984187483785,0.3511701822280884,0.3229098916053772,0.2642809748649597,0.2412018626928329,1.0,0.0027726995758712,head_nod
0.6386525928974152,0.633007362484932,0.8891565799713135,0.8830905556678772,0.7091699838638306,0.6974091529846191,1.0,0.017198802204802573,head_nod
1.2458991408348083,1.2269593477249146,1.5183392763137815,1.513213276863098,1.2096898555755615,1.1659220457077026,1.0,0.0534193433122709,head_nod
2.0393816232681274,1.9491411447525024,2.4252405166625977,2.4189672470092773,1.9690074920654297,1.8535692691802976,1.0,0.0125970402732491,head_nod
3.083090901374817,3.0217617750167847,3.745270967483521,3.7407073974609375,3.0055489540100098,2.877328395843506,1.0,0.022554979892447546,head_nod
4.0912288427352905,4.012813210487366,4.715098857879639,4.70399284362793,3.7963693141937256,3.645464181900024,1.0,0.022834290168248075,head_nod
4.9640724658966064,4.856092691421509,5.388369560241699,5.378186702728272,4.395599365234375,4.264961242675781,1.0,0.02982011507265265,head_nod
5.692668199539185,5.586055278778076,5.627718925476074,5.615830421447754,4.613645076751709,4.491421222686768,1.0,0.05278992804232983,head_nod
6.239630222320557,6.095561504364014,5.585722923278809,5.574310302734375,4.659280300140381,4.560031890869141,1.0,0.029837351758032975,head_nod
5.866963863372803,5.69486141204834,5.044011116027832,5.026915550231934,4.204042911529541,4.142332553863525,1.0,0.05440851184539492,head_nod
4.105070352554321,3.9846348762512207,3.421011209487915,3.394273519515991,2.85555362701416,2.799485445022583,1.0,0.03846243629232045,head_nod
1.46537584066391,1.3704686760902405,1.5437602996826172,1.5104641914367676,1.2751950025558472,1.2089072465896606,1.0,0.012829995830543277,head_nod
0.08387671038508415,-0.0532505102455616,0.1108722686767578,0.0928226038813591,0.1294900476932525,0.0654816478490829,1.0,0.00316905003273855,head_nod
1.054559737443924,-1.0494455993175507,0.7826615571975708,-0.7381184697151184,0.7667380571365356,-0.7141649127006531,1.0,0.025733085465617426,head_nod
2.136549234390259,-2.115752875804901,1.7238227128982544,-1.691095948219299,1.4162094593048096,-1.382912278175354,1.0,0.024510399438440748,head_nod
2.3085345029830933,-2.2973735332489014,2.1164591312408447,-2.10020112991333,1.7018632888793943,-1.6791757345199585,1.0,0.0106843953253701,head_nod
2.6415904760360718,-2.627532124519348,2.3139126300811768,-2.292100667953491,1.95524001121521,-1.931671977043152,1.0,0.017714776098728128,head_nod
2.6313233375549316,-2.5861704349517822,2.4847099781036377,-2.4744906425476074,2.0859861373901367,-2.060314178466797,1.0,0.0210720476461574,head_nod
2.7574061155319214,-2.7381842136383057,2.6814448833465576,-2.6785991191864014,2.214801549911499,-2.1968207359313965,1.0,0.0161254038102924,head_nod
2.841736912727356,-2.825854778289795,2.8309133052825928,-2.8285250663757324,2.292965650558472,-2.273855209350586,1.0,0.02215295354835685,head_nod
2.726250410079956,-2.6832871437072754,3.064236640930176,-3.0614285469055176,2.432558059692383,-2.412362575531006,1.0,0.033928782446309876,head_nod
2.8452011346817017,-2.8236297369003296,3.1354339122772217,-3.118119955062866,2.4914512634277344,-2.441132068634033,1.0,0.02031110378447915,head_nod
2.7232298851013184,-2.690069794654846,3.126116991043091,-3.1201467514038086,2.4693491458892822,-2.4264073371887207,1.0,0.02104365429840975,head_nod
2.606178045272827,-2.5583866834640503,2.942049980163574,-2.940035581588745,2.3541619777679443,-2.266956329345703,1.0,0.0126403493341058,head_nod
2.4608535766601562,-2.376488983631134,2.852280616760254,-2.845378398895264,2.318495512008667,-2.213209867477417,1.0,0.02369708591140802,head_nod
2.4189635515213013,-2.231741786003113,2.729194164276123,-2.697077512741089,2.2032158374786377,-2.031008005142212,1.0,0.014697857201099323,head_nod
2.1189382076263428,-1.9165840148925781,2.31137752532959,-2.235527992248535,1.91631543636322,-1.7306241989135742,1.0,0.01253869273932645,head_nod
1.735613226890564,-1.521869957447052,1.9656298160552976,-1.8729451894760127,1.6408144235610962,-1.4282737970352173,1.0,0.009949252125807051,head_nod
1.357570469379425,-1.0992043614387512,1.4252512454986572,-1.3496679067611694,1.2223018407821655,-1.0396555662155151,1.0,0.007512470241636,head_nod
0.9632673263549805,-0.7682510912418365,0.9963307976722716,-0.9449573159217834,0.8756173849105835,-0.7268549203872681,1.0,0.010988013818860002,head_nod
0.4028254598379135,-0.24011503159999845,0.4808769226074219,-0.3928392231464386,0.4000130295753479,-0.2622923851013183,1.0,0.006429347384255351,head_nod
0.19349312037229532,-0.08785750344395635,0.1558647751808166,-0.0706227645277977,0.1420697569847107,-0.0626579523086547,1.0,0.002242080809082775,head_nod
0.19543972611427307,0.0196150514530018,0.2373554110527038,0.1033698171377182,0.2098788619041443,0.0534696839749813,1.0,0.0025500594347249252,head_nod
0.16373824328184125,0.0184867493808269,0.4050272703170776,0.3205930888652801,0.2972558140754699,0.1728598177433014,1.0,0.005808532878290825,head_nod
0.17211500555276865,0.0715662036091089,0.4549992978572845,0.4451251626014709,0.2909182906150818,0.2502140402793884,1.0,0.0032203795271925255,head_nod
0.16044367849826804,0.13102389499545095,0.6817768216133118,0.657156229019165,0.3875942528247833,0.3727940618991852,1.0,0.0030406427395063998,head_nod
0.12228868901729581,0.11680706217885015,0.2176454663276672,0.2062835693359375,0.1509122550487518,0.1361001431941986,1.0,0.0026039368240162,head_nod
0.15680529177188865,0.1270390450954437,0.213290587067604,0.1747665405273437,0.1556142270565033,0.1157403886318206,1.0,0.005071234394563326,head_nod
0.27341085672378534,0.1552997827529907,0.2205434292554855,0.0971917062997818,0.2300621271133422,0.0867701321840286,1.0,0.003762468521017525,head_nod
0.32759346067905426,0.05688355769962075,0.2514422833919525,0.0971645787358284,0.2746748924255371,0.0850178450345993,1.0,0.0025507973623461497,head_nod
0.28441196680068964,0.14520965516567225,0.2186286300420761,0.1218956857919693,0.2358987182378769,0.1011715456843376,1.0,0.00294890729128375,head_nod
0.19972430914640427,0.11343347653746605,0.138371080160141,0.0836427509784698,0.1542027294635772,0.0807367265224456,1.0,0.0031503089703619,head_nod
0.0876872800290584,0.0485518919304013,0.0992728322744369,-0.0292019322514534,0.0859104990959167,-0.0003352809580974,1.0,0.002240333342342575,head_nod
0.06160300783812995,-0.00534015242010355,0.4365924298763275,-0.3811730146408081,0.2040469646453857,-0.1711297929286956,1.0,0.01135070298914795,head_nod
0.06370455957949155,-0.04240102507174015,0.6718172430992126,-0.6054789423942566,0.3299838602542877,-0.2889185845851898,1.0,0.0099283867166377,head_nod
0.1757017783820629,-0.0843488909304142,0.5205100774765015,-0.50563645362854,0.3338061273097992,-0.2823140025138855,1.0,0.004088252288056475,head_nod
0.15086185932159418,-0.1141557842493057,0.2851793467998504,-0.2515140175819397,0.206639215350151,-0.1419306546449661,1.0,0.0057083451247308,head_nod
0.1156800799071788,-0.0505027174949646,0.2374647706747055,-0.2005878090858459,0.1582240164279937,-0.1100802049040794,1.0,0.0029359009349718248,head_nod
0.2524605952203273,0.10666807740926745,0.0943344309926033,-0.0866377055644989,0.1601985394954681,0.0349620096385479,1.0,0.01383525866549455,head_nod
0.1279536373913288,0.07073157280683515,0.0706219524145126,-0.0376366525888443,0.0934415161609649,0.0122899236157536,1.0,0.002361182268941725,head_nod
0.1963750422000885,0.15403668396174905,0.1012105792760849,0.0820855051279068,0.1594807654619217,0.1319596618413925,1.0,0.001546523111755925,head_nod
0.47087112069129944,0.4399869292974472,0.53746497631073,0.5114372968673706,0.4785679578781128,0.4518445134162903,1.0,0.005146937037352425,head_nod
0.724736899137497,0.7200183570384979,1.1558806896209717,1.14605712890625,0.8411546945571899,0.8301230669021606,1.0,0.00453613023273645,head_nod
1.098351538181305,1.092209279537201,1.3404426574707031,1.338451862335205,1.0387874841690063,1.0317399501800537,1.0,0.008520460629370024,head_nod
1.4177002310752869,1.3986985087394714,1.8646360635757449,1.8599878549575808,1.4446147680282593,1.4110310077667236,1.0,0.0099903523223474,head_nod
2.040135622024536,2.0012552738189697,2.398098945617676,2.3944194316864014,1.933135747909546,1.8629517555236816,1.0,0.0164298380259424,head_nod
2.9093949794769287,2.8502485752105713,3.319833993911743,3.313808917999268,2.6529111862182617,2.5725080966949463,1.0,0.05494183884002263,head_nod
4.13698148727417,4.0533976554870605,4.678414344787598,4.6673102378845215,3.767974138259888,3.620150566101074,1.0,0.018960443325340675,head_nod
5.256437063217163,5.099299669265747,5.5369181632995605,5.524033546447754,4.436583518981934,4.271333694458008,1.0,0.048792047426104504,head_nod
5.986905813217163,5.848406076431274,6.175654411315918,6.161458969116211,4.959805488586426,4.798250198364258,1.0,0.037166691618040176,head_nod
6.360693454742432,6.165808200836182,6.142333507537842,6.12651252746582,4.997995376586914,4.819772243499756,1.0,0.035340142669156124,head_nod
5.6835644245147705,5.514849424362183,5.284465312957764,5.263649940490723,4.272709846496582,4.158155918121338,1.0,0.056910900631919455,head_nod
3.98512065410614,3.800036907196045,3.483696937561035,3.475546836853028,2.9024431705474854,2.7859175205230717,1.0,0.028840374201536123,head_nod
1.356838583946228,1.1711576282978058,1.147917628288269,1.0548553466796875,1.0654263496398926,0.9289344549179076,1.0,0.011213888763450025,head_nod
0.3103994578123092,-0.04699670651461925,0.3240899741649627,0.000335693359375,0.3183868527412414,-0.0114325443282723,1.0,0.003109182056505175,head_nod
1.3340551853179932,-1.2702428996562958,1.2239038944244385,-1.0426889657974243,1.0970230102539062,-0.9862073063850404,1.0,0.0187390729552134,head_nod
2.536603569984436,-2.511425256729126,1.892944931983948,-1.8208160400390625,1.6056303977966309,-1.5540553331375122,1.0,0.025973214069381297,head_nod
3.407148599624634,-3.3757578134536743,2.577949285507202,-2.571372032165528,2.227201223373413,-2.192803382873535,1.0,0.03194965329021213,head_nod
3.9482358694076543,-3.9035229682922363,3.283458709716797,-3.255415201187134,2.7482378482818604,-2.698291778564453,1.0,0.03814861644059415,head_nod
3.9656702280044556,-3.9147828817367554,3.7264556884765625,-3.707478046417236,3.0450568199157715,-2.9970133304595947,0.9722222222222222,0.02764644403941925,head_nod
4.017794728279114,-3.981058120727539,3.92189359664917,-3.9116830825805664,3.175929307937622,-3.128700494766236,1.0,0.017049258574843372,head_nod
3.8908848762512207,-3.8542087078094482,4.12016487121582,-4.115832805633545,3.3160300254821777,-3.277850151062012,1.0,0.029639926971867625,head_nod
3.716139316558838,-3.680323839187622,4.088315963745117,-4.065701961517334,3.2293355464935303,-3.1870005130767822,1.0,0.0412700239103287,head_nod
3.215680956840515,-3.200380325317383,3.847189664840698,-3.827056884765625,3.041184663772583,-2.963154554367065,1.0,0.020695173996500626,head_nod
2.877792000770569,-2.8462905883789062,3.49708890914917,-3.480494976043701,2.786301612854004,-2.665312528610229,1.0,0.018673849059268777,head_nod
2.2464406490325928,-2.202161192893982,2.8645565509796143,-2.8572285175323486,2.271315097808838,-2.1568524837493896,1.0,0.0238121104193851,head_nod
1.6061947345733643,-1.493224561214447,2.090646266937256,-2.086532592773437,1.683948636054993,-1.563163995742798,1.0,0.016884603537619076,head_nod
1.071028232574463,-0.9662127494812012,1.4434995651245115,-1.4200210571289062,1.1573655605316162,-1.0574262142181396,1.0,0.015269057650584675,head_nod
0.8707669973373414,-0.5543792545795441,0.9224693775177002,-0.8444942831993103,0.8574435710906982,-0.6530336737632751,1.0,0.007824631000403301,head_nod
0.7151736617088318,-0.42426761984825134,0.7139599323272705,-0.587533712387085,0.6348227262496948,-0.4451450705528259,1.0,0.005714008701033825,head_nod
0.708223968744278,-0.38509342074394226,0.6455040574073792,-0.5096638798713684,0.6332111358642578,-0.3823304176330566,1.0,0.00746592954965305,head_nod
0.6239887177944183,-0.30073860287666315,0.5319331288337708,-0.3513895571231842,0.515386700630188,-0.2544547319412231,1.0,0.008294749364722475,head_nod
0.5433982014656067,-0.2679792791604996,0.4873360991477966,-0.3555119931697845,0.4800994396209717,-0.2682313621044159,1.0,0.006441989593440625,head_nod
0.3684469908475876,-0.17800351232290265,0.2926409542560577,-0.2103814035654068,0.2935158312320709,-0.1601112931966781,1.0,0.003328631108161025,head_nod
0.24112933874130243,-0.14143861830234525,0.1797368228435516,-0.1109907329082489,0.1726901084184646,-0.1017600372433662,1.0,0.002819966495735525,head_nod
0.14452759921550745,-0.04941027425229545,0.1262469887733459,-0.0329276174306869,0.1224802881479263,-0.0284077413380146,1.0,0.0017834043974289003,head_nod
0.12341633066534995,-0.010922431945800799,0.1079135835170745,0.0608054250478744,0.103332832455635,0.0384232811629772,1.0,0.0018359899986534998,head_nod
0.13893423229455945,0.08732312172651291,0.2549689710140228,0.2377412617206573,0.1881423443555832,0.1619934886693954,1.0,0.0019460986804915,head_nod
0.19635646790266031,0.18591982871294022,0.2841586172580719,0.2812050580978393,0.2299644351005554,0.2241099625825882,1.0,0.0018321594689040747,head_nod
0.1666751131415367,0.15493249893188477,0.2680931985378265,0.2582829892635345,0.1906232088804245,0.1771891862154007,1.0,0.0016937599284574,head_nod
0.139922097325325,0.1256517693400383,0.1373229473829269,0.1213650181889534,0.1302330493927002,0.1118675470352172,1.0,0.0019778597343247002,head_nod
0.15570741891860962,0.1157027669250965,0.1604765057563781,0.0736524760723114,0.1274765878915786,0.0586209669709205,1.0,0.0014624871255364,head_nod
0.10794962570071215,0.01996067631989715,0.1668048501014709,0.0050532021559774,0.1319921016693115,0.0121901230886578,1.0,0.00165801568073215,head_nod
0.09616342186927795,0.0351841789670288,0.1638281196355819,-0.0004263983864802,0.1230495944619178,0.0110106598585844,1.0,0.001121639696066225,head_nod
0.12446123361587519,0.036776542663574205,0.1543370485305786,0.0298512782901525,0.1264252364635467,0.0159062556922435,1.0,0.002039079219684875,head_nod
0.09390920400619501,0.05081238085404035,0.1727596223354339,0.0220218226313591,0.1245892643928527,0.0264302846044302,1.0,0.001579580115503575,head_nod
0.12610919028520579,0.0602835929021239,0.2356106489896774,0.0079633928835392,0.2032978683710098,0.0373617634177207,1.0,0.0019914864096789997,head_nod
0.0863632895052433,0.012855188921093899,0.2881401479244232,-0.0875125452876091,0.201682761311531,-0.0376178622245788,1.0,0.001417150553606875,head_nod
0.0926488935947418,-0.025054454803466797,0.2047441601753235,-0.1124979630112648,0.1698029190301895,-0.0542812868952751,1.0,0.0010435181757202,head_nod
0.11697673797607414,-0.09710339456796645,0.1100042909383773,-0.106598749756813,0.123879961669445,-0.0895563066005706,1.0,0.0011780077620642,head_nod
0.2046352550387382,-0.11138357222080225,0.130880057811737,-0.1230383962392807,0.1547352373600006,-0.1127896681427955,1.0,0.002103553299093575,head_nod
0.2051374018192291,-0.15471206605434415,0.1023362204432487,-0.0824576467275619,0.1305992156267166,-0.0842606797814369,1.0,0.0031081188935786,head_nod
0.1056312434375286,-0.05690125003457065,0.1238200664520263,-0.0798424631357193,0.1058358177542686,-0.0583364143967628,1.0,0.0011408270220272,head_nod
0.10050374269485465,-0.04625354334712025,0.073023110628128,-0.02532958984375,0.0816452130675315,-0.0214946847409009,1.0,0.0016135610785567747,head_nod
0.10585725679993624,-0.03014380671083925,0.1138415485620498,-0.0068910387344658,0.0932102352380752,-0.0089148441329598,1.0,0.001866522288764775,head_nod
0.08230472728610036,-0.0163553105667233,0.0680175721645355,-0.0011723836651071,0.0639210119843483,-0.0016896015731617,1.0,0.0010802899851114,head_nod
0.07953098043799395,-0.01378529425710435,0.0535685941576957,0.0030331080779433,0.0524092949926853,-0.0086340000852942,1.0,0.0017492699771536999,head_nod
0.07792207971215245,-0.02456603758037095,0.0439949892461299,-0.0086686871945858,0.046232309192419,-0.0163203068077564,1.0,0.000867433176608725,head_nod
0.07291807606816286,-0.0569992735981941,0.0534605048596859,-0.0460374616086483,0.0581049546599388,-0.0408655107021331,1.0,0.0011126264435006,head_nod
0.0932322889566421,-0.07761124148964875,0.1106004938483238,-0.1078050434589386,0.0967394411563873,-0.0888156369328498,1.0,0.0014551734202541001,head_nod
0.1539351865649223,-0.12563399225473398,0.1427378952503204,-0.1414311677217483,0.1402882039546966,-0.1252907365560531,1.0,0.0023357129975919754,head_nod
0.12360586598515509,-0.11686556786298745,0.1209622621536254,-0.1174104511737823,0.1104549169540405,-0.1011043265461921,1.0,0.001080945279682,head_nod
0.09791567921638486,-0.07982799038290975,0.1208567321300506,-0.1189168319106102,0.1016023382544517,-0.0904165729880333,1.0,0.001370289784972475,head_nod
0.11813243851065636,-0.0987404435873031,0.1105962768197059,-0.1094826608896255,0.0953367501497268,-0.0860834866762161,1.0,0.0012006244942312752,head_nod
0.0807454995810985,-0.0712146088480949,0.1075821742415428,-0.1064580306410789,0.0869147032499313,-0.0751643851399421,1.0,0.000886100235220475,head_nod
0.0793584547936916,-0.06112752482295035,0.1139348596334457,-0.1092529296875,0.0881067290902137,-0.0735308676958084,1.0,0.00084097293438385,head_nod
0.05309863202273845,-0.0509606767445802,0.0644261911511421,-0.0544577687978744,0.0519127584993839,-0.0360655896365642,1.0,0.000950225410633675,head_nod
0.0721696019172668,0.0539599824696779,0.0706260651350021,0.0486551932990551,0.0623708479106426,0.0369633845984935,1.0,0.0008897257794159999,head_nod
0.3222091868519783,0.23366586863994596,0.4553813338279724,0.4338607788085937,0.4064162373542785,0.348968505859375,1.0,0.003862784709781375,head_nod
1.0410637855529785,0.9537296295166016,1.3619614839553833,1.348559856414795,1.0735962390899658,0.9875245094299316,1.0,0.0096702349837869,head_nod
1.8368507623672485,1.7357264757156372,2.310439109802246,2.303255796432495,1.8547800779342647,1.7535948753356934,1.0,0.019832806661725003,head_nod
3.380953788757324,3.2748239040374756,4.141968727111816,4.131986141204834,3.367950677871704,3.176536798477173,1.0,0.056549713015556294,head_nod
4.839096784591675,4.607881307601929,5.578851699829102,5.557405471801758,4.620192527770996,4.314620971679688,1.0,0.0369729725643992,head_nod
5.658405542373657,5.286752939224243,6.263299942016602,6.2429962158203125,5.154668807983398,4.803709030151367,1.0,0.044498916715383474,head_nod
6.20195460319519,5.841618776321411,6.32021951675415,6.292802810668945,5.241862773895264,4.922165870666504,1.0,0.04376780823804438,head_nod
6.833957672119141,6.504003524780273,6.37507438659668,6.351370811462402,5.346757411956787,5.0701584815979,1.0,0.09977278811857099,head_nod
7.531254053115845,7.217435598373413,6.426749706268311,6.408486366271973,5.450282096862793,5.200031280517578,1.0,0.050938616041093995,head_nod
8.501486778259277,8.169105529785156,6.589794158935547,6.57779598236084,5.657295227050781,5.534593105316162,1.0,0.1137439836747944,head_nod
7.5654284954071045,7.221537828445435,5.434994697570801,5.41937255859375,4.690531730651856,4.609117031097412,1.0,0.05370246199890967,head_nod
5.053449392318726,4.829338312149048,3.750450611114502,3.687611818313599,3.2895216941833496,3.1993303298950195,1.0,0.05367919174022968,head_nod
2.85958731174469,2.7211679220199585,2.227866172790528,2.1588830947875977,1.9489985704422,1.8799331188201904,1.0,0.024537344346754197,head_nod
0.6888384222984314,0.6500695049762726,0.966121256351471,0.9403092861175536,0.8138468861579895,0.7816587090492249,1.0,0.015402099525090248,head_nod
0.11791824549436566,-0.0576032921671867,0.1239415258169174,0.0467020682990551,0.1387858241796493,0.0134891821071505,1.0,0.0040618532802909006,head_nod
1.4983595609664917,-1.489277005195618,0.9195916652679444,-0.8216705322265625,0.9130908846855164,-0.8464735150337219,1.0,0.026077997288666627,head_nod
2.674321174621582,-2.6324836015701294,1.9521757364273071,-1.8047451972961424,1.6817752122879028,-1.5918995141983032,1.0,0.030701320618391,head_nod
3.0978983640670776,-3.05873703956604,2.1854512691497803,-2.089789390563965,1.928268790245056,-1.872208833694458,1.0,0.01709074131213125,head_nod
3.1817706823349,-3.164221405982971,2.481980323791504,-2.4568819999694824,2.1280767917633057,-2.1048684120178223,1.0,0.022237539989873725,head_nod
3.383429765701294,-3.2668780088424683,2.785325765609741,-2.784188270568848,2.352667570114136,-2.311319351196289,1.0,0.023134293034672675,head_nod
3.7443580627441406,-3.631380796432495,3.1958398818969727,-3.191914796829224,2.6675257682800293,-2.6343514919281006,1.0,0.021681730169802876,head_nod
4.071857690811157,-3.897077798843384,3.6308577060699454,-3.628361940383911,2.997831106185913,-2.935239553451538,1.0,0.03588307858444745,head_nod
4.475856304168701,-4.272131681442261,4.19863748550415,-4.19524621963501,3.467713594436645,-3.3580880165100098,1.0,0.042805685661733095,head_nod
4.775199890136719,-4.5643064975738525,4.678169250488281,-4.674187660217285,3.847770929336548,-3.685114622116089,1.0,0.0325276871444657,head_nod
4.820587396621704,-4.575486898422241,4.785823345184326,-4.775157451629639,3.9456441402435294,-3.79234766960144,1.0,0.0461618511471897,head_nod
4.670068740844727,-4.359847545623779,4.628707885742188,-4.592926025390625,3.858161211013794,-3.6592063903808594,1.0,0.020120649482123498,head_nod
4.200458288192749,-3.8405513763427734,4.181532859802246,-4.109602928161621,3.471843719482422,-3.250230073928833,1.0,0.03414373856503512,head_nod
3.631694793701172,-3.1953420639038086,3.6360387802124015,-3.5192794799804688,3.064258337020874,-2.772550344467163,1.0,0.016349697601981402,head_nod
2.968332052230835,-2.4859310388565063,3.058762550354004,-2.8992903232574463,2.601688861846924,-2.2274177074432373,1.0,0.015470721758902024,head_nod
2.512853980064392,-1.8808038234710693,2.4933018684387207,-2.237715005874634,2.2130939960479736,-1.7079843282699585,1.0,0.011839594575576425,head_nod
2.1196666955947876,-1.311192810535431,1.992043137550354,-1.6789593696594238,1.8396707773208616,-1.2574524879455566,1.0,0.0150481162127107,head_nod
1.6357455253601074,-0.8180845975875854,1.468726396560669,-1.1036605834960938,1.3902584314346311,-0.8219629526138306,1.0,0.008980679966043625,head_nod
1.2568747997283936,-0.516438901424408,1.1179566383361816,-0.7662209272384644,1.0818465948104858,-0.5493980646133423,1.0,0.01792307989671823,head_nod
0.9308889508247375,-0.3737836480140686,0.748205304145813,-0.5313720703125,0.7687392830848694,-0.3974625766277313,1.0,0.0070651336573064,head_nod
0.4968860447406769,-0.1838256269693374,0.4730603992938995,-0.3855777382850647,0.4765959084033966,-0.2627196311950683,1.0,0.00855780229903755,head_nod
0.3217531591653824,-0.2230777740478515,0.3453151881694793,-0.3358730673789978,0.2749287784099579,-0.2293787747621536,1.0,0.0034775358799378746,head_nod
0.19067486375570294,-0.1524163633584976,0.3419913053512573,-0.320648193359375,0.2446494698524475,-0.2184609025716781,1.0,0.002014210273045975,head_nod
0.12963866069912905,-0.10807336866855614,0.2350760102272033,-0.1668489277362823,0.1819806098937988,-0.1263332813978195,1.0,0.00465721834916615,head_nod
0.23837894946336743,-0.0435075759887695,0.2573102116584778,-0.0717027485370636,0.232893094420433,-0.0317428186535835,1.0,0.0027891898353118,head_nod
0.33066288381814957,0.056246075779199545,0.3776910901069641,-0.0326928049325943,0.3782218396663666,-0.0202414020895957,1.0,0.0056653145584277245,head_nod
0.4498102068901062,-0.025357655249536048,0.5524153709411621,-0.003753662109375,0.4850556552410126,0.0119579415768384,1.0,0.0027161604666616247,head_nod
0.5632250607013702,0.09860147908329961,0.5040491819381714,0.0029110377654433,0.4962752163410187,0.016928594559431,1.0,0.005592757603153526,head_nod
0.5954719483852386,-0.08320345170795915,0.6513599753379822,-0.0403730608522892,0.5947430729866028,-0.0224399045109748,1.0,0.008190785447368351,head_nod
0.7209722697734833,-0.06930255889892575,0.7767146229743958,-0.1048312708735466,0.6967296004295349,-0.0659220963716507,1.0,0.004153725807554975,head_nod
0.8257997930049896,-0.0950238332152366,1.0479319095611572,-0.1928185373544693,0.9097131490707396,-0.1252961009740829,1.0,0.0102523739333264,head_nod
1.0606675148010254,-0.08537060767412186,1.1212503910064695,-0.0168092511594295,1.016528606414795,-0.0257584862411022,1.0,0.009893594309687575,head_nod
1.345222532749176,0.1457977294921875,1.3332161903381348,0.1750462800264358,1.214925765991211,0.1600659340620041,1.0,0.006611704302485975,head_nod
1.38882315158844,0.4612688422203064,1.468172907829285,0.6478347778320312,1.267749309539795,0.5634176135063171,1.0,0.04645216092467305,head_nod
1.4349308013916016,0.6830843389034271,1.3231523036956787,0.8711420893669128,1.193934202194214,0.7066015005111694,1.0,0.0179535957286134,head_nod
0.8810360729694366,0.5036136209964752,1.0632805824279783,0.8613170981407166,0.90619558095932,0.6169565320014954,1.0,0.009731050813570574,head_nod
0.5568536520004272,0.2287849634885788,0.5799360275268555,0.5012046098709106,0.492999404668808,0.3178496360778808,1.0,0.017477414919994723,head_nod
0.5134890675544739,0.20219039916992185,0.3407597243785858,0.3343437910079956,0.3988293707370758,0.2204144448041916,1.0,0.011233547469601,head_nod
0.1250915080308914,0.03682708740234375,0.2551220953464508,0.2414610087871551,0.1667998731136322,0.1085122600197792,1.0,0.013495847117155724,head_nod
0.09374050423502919,0.024294445291161502,0.2970552444458008,0.1563093364238739,0.213530421257019,0.0745577439665794,1.0,0.0045206396607681745,head_nod
0.4860149025917053,-0.04993561655282975,0.5061258673667908,-0.0556835606694221,0.5125141739845276,-0.0953529998660087,1.0,0.006231805018614925,head_nod
0.6329543590545654,-0.30546011030673975,0.4156588912010193,-0.2338655292987823,0.5037405490875244,-0.1821676790714264,1.0,0.0070994003617670005,head_nod
0.5592071861028671,-0.18575273454189295,0.2460325360298156,-0.1435512900352478,0.3894806802272796,-0.1044942513108253,1.0,0.019094773801043574,head_nod
0.5227005034685135,-0.0921366587281227,0.1192313805222511,-0.037820603698492,0.3198184967041015,-0.026021184399724,1.0,0.016556133574340427,head_nod
0.4010005593299866,0.021721022669225903,0.2225939929485321,0.0427186749875545,0.3112732768058777,0.0663423314690589,1.0,0.003425706585403475,head_nod
0.7659345865249634,-0.01158782467246055,0.6577422022819519,0.0941831767559051,0.6654488444328308,0.0728062838315963,1.0,0.009024971834151024,head_nod
1.0179352164268494,-0.0990853980183601,0.9603256583213806,-0.0028576320037245,0.9162449240684508,0.0012532826513051,1.0,0.011992317333351776,head_nod
1.4123836159706116,-0.21592453122138977,1.0884175300598145,-0.1423305869102478,1.0642454624176023,-0.1366997808218002,1.0,0.011069722531828974,head_nod
1.3003833889961245,-0.1321379840373993,0.980661392211914,-0.2159228920936584,0.994151771068573,-0.1450797468423843,1.0,0.0081301949685439,head_nod
0.9524181187152863,-0.20631653815507883,0.6126834154129028,-0.1855739951133728,0.6739751100540161,-0.127464085817337,1.0,0.0056895523448474,head_nod
0.4277838468551636,-0.047158651053905445,0.2607114911079407,-0.0195871982723474,0.3274697065353393,-0.0158963594585657,1.0,0.0080478473391849,head_nod
0.3005951941013336,0.0898899361491203,0.3777391016483307,0.1121597290039062,0.3000712990760803,0.0718721970915794,1.0,0.0038299575389828,head_nod
0.6105791330337524,0.3891662955284118,0.5813809633255005,0.3773668110370636,0.5875169038772583,0.350364476442337,1.0,0.053469475067686255,head_nod
0.7306559383869171,0.6163922548294067,0.8982003331184387,0.6533787846565247,0.8090438842773438,0.5784235596656799,1.0,0.020493688236456323,head_nod
0.5376165956258774,0.4754586815834045,0.8769834041595459,0.6269641518592834,0.6729996800422668,0.4827649891376495,1.0,0.006035563070327,head_nod
0.6134142577648163,0.5733867287635803,0.7670648097991943,0.615548849105835,0.652002215385437,0.5145523548126221,1.0,0.005710727127734525,head_nod
0.8162429630756378,0.8079756498336792,1.07332444190979,0.9670562744140624,0.8904958963394165,0.7353057861328125,1.0,0.005732793535571475,head_nod
0.9479450583457947,0.9305046796798705,1.131411075592041,1.0313873291015625,0.9542298316955566,0.7788226008415222,1.0,0.00897819717647505,head_nod
0.9854999780654907,0.9635084867477417,1.1679673194885254,1.0516289472579956,1.0177745819091797,0.7956122159957886,1.0,0.007683032308705075,head_nod
0.5792491436004639,0.511821061372757,1.0337367057800293,0.8369208574295044,0.8128490447998047,0.5603179931640625,1.0,0.006579309760127175,head_nod
0.47168195247650146,0.42099884152412415,0.7091121077537537,0.5088026523590088,0.6144194602966309,0.3384436666965484,1.0,0.0063191455556079,head_nod
0.2911526709794998,0.24722698330879211,0.5216258764266968,0.3745651245117187,0.4393679201602936,0.2124786376953125,1.0,0.002659198828041525,head_nod
0.19887806475162506,0.11962795257568355,0.2851369976997375,0.192626953125,0.2644411623477936,0.0967304110527038,1.0,0.004383842315291925,head_nod
0.24397952109575272,0.19424997270107264,0.2953302264213562,0.222599446773529,0.2694776654243469,0.185433879494667,1.0,0.005046534759458125,head_nod
0.2087394781410694,0.16256263852119446,0.386217713356018,0.3567089438438415,0.2861454784870147,0.2557768821716308,1.0,0.002994265640154425,head_nod
0.2934155389666557,0.26699297130107874,0.2786021828651428,0.2318962961435318,0.2651199996471405,0.2286265641450882,1.0,0.0027725677937268747,head_nod
0.2721950858831405,0.2488675862550735,0.3751112222671509,0.3412662148475647,0.3356899917125702,0.296328991651535,1.0,0.0054210344678722,head_nod
0.31304150074720377,0.29644911736249924,0.2257116138935089,0.2109425812959671,0.2291343510150909,0.2047172784805297,1.0,0.003353022038936575,head_nod
0.23904852569103235,0.21513120830059052,0.0702113211154937,0.0641293004155159,0.1551140695810318,0.1280769109725952,1.0,0.009745800838572849,head_nod
0.5176393240690231,-0.4029805362224579,0.174403503537178,-0.1323725432157516,0.3568908870220184,-0.2593293190002441,1.0,0.011045269377063925,head_nod
0.8918725252151489,-0.8153902888298035,0.6777872443199158,-0.6359642744064331,0.7490406632423401,-0.6341214776039124,1.0,0.027883650967851226,head_nod
0.5722643584012985,-0.4730262756347656,0.3840131163597107,-0.3739700317382812,0.4170290827751159,-0.3099022805690765,1.0,0.019326210982399,head_nod
0.2386296540498733,-0.1771643459796905,0.3021134734153747,-0.293182373046875,0.2770687341690063,-0.2006534934043884,1.0,0.0127541848341934,head_nod
0.4036017805337906,-0.35922786593437195,0.3426095247268677,-0.3363791704177856,0.374701976776123,-0.2878702580928802,1.0,0.005270804802421425,head_nod
0.38316740095615387,-0.31513799726963043,0.5573360323905945,-0.5505057573318481,0.4440900981426239,-0.3570300936698913,1.0,0.0062372451648115244,head_nod
0.7660165429115295,-0.41071033477783203,0.8153449296951294,-0.7221001386642456,0.6785615682601929,-0.494243323802948,1.0,0.0269635171862319,head_nod
0.9330261945724487,-0.5975787341594696,0.945227861404419,-0.764186441898346,0.7975332140922546,-0.5340217351913452,1.0,0.013863309402950049,head_nod
1.1156968474388123,-0.832269012928009,1.2260268926620483,-1.1482077836990356,1.0363584756851196,-0.8639315962791443,1.0,0.013604794978164076,head_nod
1.2471829652786255,-1.0792965292930603,1.4135010242462158,-1.3371835947036743,1.1426366567611694,-0.9948281049728394,1.0,0.018442966626025674,head_nod
1.5234606862068176,-1.1970637440681458,1.540537714958191,-1.3354898691177368,1.313549518585205,-1.0748341083526611,1.0,0.017121055396273677,head_nod
1.7348143458366394,-1.3015403747558594,1.9933172464370728,-1.6549233198165894,1.6376752853393557,-1.281834840774536,1.0,0.02065210405271495,head_nod
1.7658650875091553,-1.300014615058899,2.0231356620788574,-1.71065092086792,1.688143610954285,-1.369555950164795,1.0,0.014624527306295874,head_nod
1.5361588597297668,-1.2392197847366333,1.6077781915664673,-1.4179017543792725,1.3549221754074097,-1.1190383434295654,1.0,0.010996273253112974,head_nod
1.0769600868225098,-0.8960794806480408,1.2636115550994873,-1.2375352382659912,1.0316331386566162,-0.9674472212791444,1.0,0.012083916226401873,head_nod
0.6294594407081604,-0.5922925770282745,0.8981200456619263,-0.8696975708007812,0.6827100515365601,-0.6470229625701904,1.0,0.009292621281929276,head_nod
0.6511537134647369,-0.5854704082012175,0.7906973958015442,-0.6538450717926025,0.6668075323104858,-0.5470510721206665,1.0,0.011356438277289198,head_nod
0.657485157251358,-0.5144632160663605,0.7351415157318115,-0.5311957597732544,0.6739876866340637,-0.4611717462539673,1.0,0.020468768081627748,head_nod
0.49661093950271606,-0.3829209506511688,0.8350896239280701,-0.6283179521560669,0.6257368922233582,-0.450542151927948,1.0,0.007921422715298776,head_nod
