timestamp,elapsed_sec,frame_idx,face_detected,left_eye_points,left_eye_mean_u,left_eye_mean_v,left_eye_std_u,left_eye_std_v,left_eye_speed,left_eye_fb_error,left_eye_confidence,right_eye_points,right_eye_mean_u,right_eye_mean_v,right_eye_std_u,right_eye_std_v,right_eye_speed,right_eye_fb_error,right_eye_confidence,mouth_points,mouth_mean_u,mouth_mean_v,mouth_std_u,mouth_std_v,mouth_speed,mouth_fb_error,mouth_confidence,head_points,head_mean_u,head_mean_v,head_std_u,head_std_v,head_speed,head_fb_error,head_confidence,eye_mean_speed,eye_mean_v,mouth_speed,mouth_mean_v,head_speed,head_mean_v,overall_tracking_confidence
1790268547.7049294,0.00047469139099121094,1,0,19,-0.37894079089164734,-0.028158890083432198,0.0800163745880127,0.12951812148094177,0.40074554085731506,0.0055678896605968475,1.0,30,-0.42835184931755066,-0.06776275485754013,0.18477462232112885,0.12432322651147842,0.4456295371055603,0.015756279230117798,1.0,39,-0.3594677150249481,-0.17894138395786285,0.14115582406520844,0.0670725628733635,0.4105033278465271,0.006618324667215347,1.0,80,-0.39012470841407776,-0.17297354340553284,0.15351589024066925,0.2697569727897644,0.46648532152175903,0.006222784519195557,1.0,0.4231875389814377,-0.047960822470486164,0.4105033278465271,-0.17894138395786285,0.46648532152175903,-0.17297354340553284,1.0
1790268547.7117355,0.007280826568603516,2,0,19,-0.41502702236175537,-0.0933356061577797,0.07375947386026382,0.07630656659603119,0.4313744008541107,0.002582548651844263,1.0,30,-0.40400999784469604,-0.14627279341220856,0.09287428110837936,0.12839415669441223,0.4456924796104431,0.01405579037964344,1.0,39,-0.2753784954547882,-0.5073524117469788,0.14089734852313995,0.1784319430589676,0.6029934883117676,0.010377433151006699,1.0,80,-0.3441421389579773,-0.303623765707016,0.14268064498901367,0.26500415802001953,0.5070065259933472,0.005258637480437756,1.0,0.4385334402322769,-0.11980419978499413,0.6029934883117676,-0.5073524117469788,0.5070065259933472,-0.303623765707016,1.0
1790268547.7179897,0.013535022735595703,3,0,19,-0.4661078155040741,-0.08825764060020447,0.10215476900339127,0.12113453447818756,0.4885181188583374,0.004061388783156872,1.0,30,-0.4373331665992737,-0.28851571679115295,0.1194937452673912,0.13289134204387665,0.5352439284324646,0.012964350171387196,1.0,39,-0.12839645147323608,-0.42662909626960754,0.15696339309215546,0.1864185482263565,0.47704336047172546,0.010697843506932259,1.0,80,-0.3304077088832855,-0.3055831789970398,0.22767966985702515,0.25493258237838745,0.5185070037841797,0.005246725399047136,1.0,0.511881023645401,-0.1883866786956787,0.47704336047172546,-0.42662909626960754,0.5185070037841797,-0.3055831789970398,1.0
1790268547.7241137,0.019659042358398438,4,0,19,-0.43868857622146606,-0.10134807229042053,0.07529938966035843,0.06702587008476257,0.4563235342502594,0.0017508921446278691,1.0,30,-0.5904337763786316,-0.399932861328125,0.14255966246128082,0.1419951170682907,0.7238783240318298,0.0187921691685915,1.0,39,-0.25288549065589905,-0.6239616274833679,0.13217097520828247,0.21610000729560852,0.6895204186439514,0.011218083091080189,1.0,80,-0.33848610520362854,-0.3715387284755707,0.188311368227005,0.28700000047683716,0.5665158033370972,0.00628418754786253,1.0,0.5901009291410446,-0.25064046680927277,0.6895204186439514,-0.6239616274833679,0.5665158033370972,-0.3715387284755707,1.0
1790268547.7514837,0.04702901840209961,5,0,19,-8.738450050354004,-0.01646343059837818,0.7405941486358643,0.4961414337158203,8.752925872802734,0.09053727984428406,1.0,26,-8.986211776733398,-0.014055104926228523,1.4852821826934814,2.123488426208496,9.247345924377441,0.4864577054977417,0.8666666666666667,39,-8.54537582397461,-0.6673893332481384,1.6601630449295044,0.6731466054916382,8.605998992919922,0.23153439164161682,1.0,76,-8.440605163574219,0.13924579322338104,1.9642810821533203,1.233191728591919,8.595434188842773,0.2071814239025116,0.95,9.000135898590088,-0.015259267762303352,8.605998992919922,-0.6673893332481384,8.595434188842773,0.13924579322338104,0.9541666666666666
1790268547.8034308,0.09897613525390625,6,0,19,-0.7575860023498535,0.41630876064300537,0.10009900480508804,0.0660964846611023,0.8669987916946411,0.0032584487926214933,1.0,26,-0.8024268746376038,0.199962317943573,0.15880678594112396,0.13626378774642944,0.8380972146987915,0.010698774829506874,1.0,39,-0.4793509542942047,0.37430593371391296,0.12515050172805786,0.11445814371109009,0.6127398014068604,0.011222639121115208,1.0,76,-0.563462495803833,0.3307533264160156,0.19616442918777466,0.15432783961296082,0.6720982789993286,0.005524424836039543,1.0,0.8525480031967163,0.3081355392932892,0.6127398014068604,0.37430593371391296,0.6720982789993286,0.3307533264160156,1.0
1790268547.8554244,0.1509697437286377,7,0,19,-0.5151929259300232,0.29053056240081787,0.05039769038558006,0.12081252038478851,0.6010332107543945,0.004640897270292044,1.0,26,-0.505484938621521,0.23242950439453125,0.12247787415981293,0.07555107027292252,0.5584122538566589,0.006574032362550497,1.0,39,-0.4801013767719269,0.35512876510620117,0.13350453972816467,0.07974682003259659,0.6028364896774292,0.010083138942718506,1.0,76,-0.43693462014198303,0.2707134187221527,0.13491398096084595,0.1489773541688919,0.5305998921394348,0.004509562160819769,1.0,0.5797227323055267,0.26148003339767456,0.6028364896774292,0.35512876510620117,0.5305998921394348,0.2707134187221527,1.0
1790268547.9034493,0.19899463653564453,8,0,19,-0.31918254494667053,0.13470859825611115,0.08159104734659195,0.1263830065727234,0.36746588349342346,0.0032319938763976097,1.0,26,-0.36626845598220825,0.20676715672016144,0.1519622802734375,0.1396515965461731,0.4513627588748932,0.010063408873975277,1.0,39,-0.38049277663230896,0.22160691022872925,0.14936819672584534,0.09229763597249985,0.4476158320903778,0.005340368486940861,1.0,76,-0.32486122846603394,0.1333930343389511,0.14798568189144135,0.14781488478183746,0.37739166617393494,0.0037403982132673264,1.0,0.4094143211841583,0.1707378774881363,0.4476158320903778,0.22160691022872925,0.37739166617393494,0.1333930343389511,1.0
1790268547.9554741,0.2510194778442383,9,0,19,-0.11972367018461227,0.02247137762606144,0.08429437130689621,0.14163616299629211,0.18798896670341492,0.001754888566210866,1.0,26,-0.17413917183876038,0.09442842751741409,0.10157788544893265,0.11214538663625717,0.21793952584266663,0.004389147739857435,1.0,39,-0.30887818336486816,0.18514271080493927,0.07780813425779343,0.08816538751125336,0.36614155769348145,0.004829702898859978,1.0,76,-0.17346973717212677,0.04811527952551842,0.13069060444831848,0.18578383326530457,0.2574644684791565,0.0026918689254671335,1.0,0.20296424627304077,0.058449902571737766,0.36614155769348145,0.18514271080493927,0.2574644684791565,0.04811527952551842,1.0
1790268548.003429,0.29897427558898926,10,0,19,0.12401299923658371,-0.00825259555131197,0.1639116108417511,0.2237056940793991,0.21808265149593353,0.005214621312916279,1.0,26,-0.0157928466796875,0.2328227162361145,0.16079789400100708,0.121733158826828,0.2776930034160614,0.008552353829145432,1.0,39,-0.15378864109516144,0.29840362071990967,0.09710032492876053,0.14540192484855652,0.3402339220046997,0.008645590394735336,1.0,76,-0.00039612618274986744,0.11214326322078705,0.15171381831169128,0.2327156811952591,0.24028077721595764,0.006152523681521416,1.0,0.24788782745599747,0.11228506034240127,0.3402339220046997,0.29840362071990967,0.24028077721595764,0.11214326322078705,1.0
1790268548.0554338,0.3509790897369385,11,0,19,0.4478984773159027,0.22184672951698303,0.11940710246562958,0.13834843039512634,0.5282326936721802,0.005538359750062227,1.0,26,0.511366605758667,0.454159677028656,0.21042655408382416,0.2855679988861084,0.7448775768280029,0.02762788161635399,1.0,39,0.35246825218200684,0.5280550718307495,0.1850951761007309,0.10473310202360153,0.6553986668586731,0.013420121744275093,1.0,76,0.3652498424053192,0.3035232126712799,0.1774810254573822,0.2372324913740158,0.5171910524368286,0.006467047147452831,1.0,0.6365551352500916,0.3380032032728195,0.6553986668586731,0.5280550718307495,0.5171910524368286,0.3035232126712799,1.0
1790268548.107411,0.4029562473297119,12,0,19,0.42768779397010803,0.44915932416915894,0.08324691653251648,0.11714336276054382,0.622609555721283,0.004215824883431196,1.0,26,0.3983365595340729,0.5204168558120728,0.16592614352703094,0.1634676456451416,0.6663340926170349,0.019590523093938828,1.0,39,0.49544036388397217,0.5570521950721741,0.1576339453458786,0.11810004711151123,0.7607592344284058,0.013890702277421951,1.0,76,0.4095671772956848,0.4096418619155884,0.18082882463932037,0.20362165570259094,0.5869264006614685,0.006098002195358276,1.0,0.6444718241691589,0.48478808999061584,0.7607592344284058,0.5570521950721741,0.5869264006614685,0.4096418619155884,1.0
1790268548.1554396,0.4509849548339844,13,0,19,0.044675324112176895,0.3365687429904938,0.0649162158370018,0.10203628987073898,0.34546080231666565,0.002506711520254612,1.0,26,0.060451801866292953,0.2873247563838959,0.0579131543636322,0.06330802291631699,0.2990366816520691,0.004480860661715269,1.0,39,0.19288752973079681,0.441184401512146,0.0959458127617836,0.09026132524013519,0.49024122953414917,0.008266638033092022,1.0,76,0.12374436110258102,0.32688823342323303,0.10233356803655624,0.13187502324581146,0.3575190603733063,0.0036336304619908333,1.0,0.32224874198436737,0.3119467496871948,0.49024122953414917,0.441184401512146,0.3575190603733063,0.32688823342323303,1.0
1790268548.2074723,0.5030176639556885,14,0,19,-0.46124428510665894,0.45642009377479553,0.11868800967931747,0.06375718861818314,0.6579271554946899,0.006051177158951759,1.0,26,-0.3011486232280731,0.2539936900138855,0.13517805933952332,0.11561083048582077,0.41900569200515747,0.007218116894364357,1.0,39,-0.1355661302804947,0.2957344949245453,0.12123767286539078,0.09379556030035019,0.34165775775909424,0.0056765079498291016,1.0,76,-0.25185635685920715,0.34373292326927185,0.16327591240406036,0.15669117867946625,0.45658645033836365,0.004969961475580931,1.0,0.5384664237499237,0.3552068918943405,0.34165775775909424,0.2957344949245453,0.45658645033836365,0.34373292326927185,1.0
1790268548.2554553,0.5510005950927734,15,1,19,-0.7096316814422607,0.23073376715183258,0.12470302730798721,0.21319471299648285,0.7770881652832031,0.005102130584418774,1.0,26,-0.644889235496521,0.18866142630577087,0.15883436799049377,0.09273076057434082,0.6809580326080322,0.005287103820592165,1.0,39,-0.6215554475784302,0.2328612506389618,0.2611600160598755,0.07254011929035187,0.6706244349479675,0.007993168197572231,1.0,76,-0.6749113202095032,0.22153794765472412,0.20984451472759247,0.17585593461990356,0.7390789985656738,0.0066231293603777885,1.0,0.7290230989456177,0.20969759672880173,0.6706244349479675,0.2328612506389618,0.7390789985656738,0.22153794765472412,1.0
1790268548.3074653,0.6030106544494629,16,0,19,-0.7361329793930054,0.02292914129793644,0.1024678573012352,0.0473162867128849,0.7382157444953918,0.001984967151656747,1.0,26,-0.7900566458702087,0.19698098301887512,0.12359699606895447,0.08948882669210434,0.8182241916656494,0.010161753743886948,1.0,39,-1.0454297065734863,0.07975690811872482,0.1695670485496521,0.10602859407663345,1.0553916692733765,0.009298860095441341,1.0,76,-0.8761482238769531,0.07172956317663193,0.22332148253917694,0.12598024308681488,0.8947247862815857,0.0064123859629035,1.0,0.7782199680805206,0.10995506215840578,1.0553916692733765,0.07975690811872482,0.8947247862815857,0.07172956317663193,1.0
1790268548.359444,0.6549892425537109,17,0,19,-1.1580079793930054,-0.0863366350531578,0.11198828369379044,0.10949842631816864,1.1661946773529053,0.00359435030259192,1.0,26,-1.1552029848098755,0.03593151271343231,0.19508737325668335,0.22961151599884033,1.1788804531097412,0.016362767666578293,1.0,39,-1.11346435546875,-0.0763092041015625,0.17826789617538452,0.07514125853776932,1.1186127662658691,0.007923007942736149,1.0,76,-1.0501474142074585,-0.07933928072452545,0.26336562633514404,0.11697275936603546,1.0603958368301392,0.008696562610566616,1.0,1.1725375652313232,-0.025202561169862747,1.1186127662658691,-0.0763092041015625,1.0603958368301392,-0.07933928072452545,1.0
1790268548.407464,0.7030093669891357,18,0,19,-1.55718994140625,-0.10420869290828705,0.17552973330020905,0.1080816313624382,1.56492280960083,0.005065465345978737,1.0,26,-1.6391061544418335,-0.2228616625070572,0.37332603335380554,0.1388109028339386,1.6616852283477783,0.01970299705862999,1.0,39,-1.7155797481536865,-0.19097118079662323,0.18928660452365875,0.09296879917383194,1.7288730144500732,0.009795593097805977,1.0,76,-1.448050856590271,-0.14753742516040802,0.40105393528938293,0.171329066157341,1.4706817865371704,0.00962594710290432,1.0,1.6133040189743042,-0.16353517770767212,1.7288730144500732,-0.19097118079662323,1.4706817865371704,-0.14753742516040802,1.0
1790268548.4595072,0.7550525665283203,19,0,19,-1.5420387983322144,-0.059234619140625,0.15148477256298065,0.1029946506023407,1.547075867652893,0.0048403991386294365,1.0,26,-1.6671130657196045,-0.16619814932346344,0.20464813709259033,0.2094944268465042,1.6893846988677979,0.013391943648457527,1.0,39,-1.6525323390960693,-0.12582358717918396,0.17281992733478546,0.07968639582395554,1.6594568490982056,0.01082619372755289,1.0,76,-1.4323135614395142,-0.12625262141227722,0.42619362473487854,0.19259114563465118,1.4633415937423706,0.009171051904559135,1.0,1.6182302832603455,-0.11271638423204422,1.6594568490982056,-0.12582358717918396,1.4633415937423706,-0.12625262141227722,1.0
1790268548.5074368,0.8029820919036865,20,0,19,-1.5565305948257446,0.21453857421875,0.1575952172279358,0.10085747390985489,1.5745961666107178,0.00666623143479228,1.0,26,-1.5492541790008545,-0.03555063158273697,0.2508653700351715,0.3466375768184662,1.592519998550415,0.022885439917445183,1.0,39,-1.2764595746994019,0.08607717603445053,0.2794751822948456,0.10384617000818253,1.2834080457687378,0.010981486178934574,1.0,76,-1.2798885107040405,0.09905122220516205,0.44015172123908997,0.2212638258934021,1.3152813911437988,0.010196122340857983,1.0,1.5835580825805664,0.08949397131800652,1.2834080457687378,0.08607717603445053,1.3152813911437988,0.09905122220516205,1.0
1790268548.559698,0.855243444442749,21,0,19,-1.2601776123046875,0.4009833037853241,0.09613010287284851,0.08464646339416504,1.3242462873458862,0.006065092980861664,1.0,26,-1.272064208984375,0.13302670419216156,0.11667801439762115,0.14615966379642487,1.2882717847824097,0.0125949177891016,1.0,39,-1.0030733346939087,0.19633522629737854,0.12880997359752655,0.10143405199050903,1.0277793407440186,0.005973204504698515,1.0,76,-0.9878913760185242,0.2273581624031067,0.3415037989616394,0.2438593953847885,1.049098014831543,0.0060781193897128105,1.0,1.306259036064148,0.26700500398874283,1.0277793407440186,0.19633522629737854,1.049098014831543,0.2273581624031067,1.0
1790268548.6115184,0.9070637226104736,22,0,19,-0.6960521340370178,0.19185678660869598,0.08396153897047043,0.10410265624523163,0.7295762300491333,0.0031591150909662247,1.0,26,-0.7166172862052917,-0.07485727220773697,0.13306790590286255,0.1290609985589981,0.7312449216842651,0.006798602174967527,1.0,39,-0.34249213337898254,0.02993031032383442,0.08511180430650711,0.0771126076579094,0.3515710234642029,0.004016883205622435,1.0,76,-0.4271131753921509,0.06073078513145447,0.23754043877124786,0.18231450021266937,0.46478718519210815,0.004296473227441311,1.0,0.7304105758666992,0.05849975720047951,0.3515710234642029,0.02993031032383442,0.46478718519210815,0.06073078513145447,1.0
1790268548.6594524,0.9549977779388428,23,0,19,-0.18800754845142365,0.03218721225857735,0.08511164784431458,0.1456758826971054,0.21838398277759552,0.0018349969759583473,1.0,26,-0.4005596339702606,-0.230762779712677,0.16127288341522217,0.1546442210674286,0.48079967498779297,0.014231782406568527,1.0,39,-0.11785575747489929,-0.12674224376678467,0.08097793161869049,0.10790429264307022,0.18619903922080994,0.006138463970273733,1.0,76,-0.13603129982948303,-0.0656421035528183,0.11124524474143982,0.15365268290042877,0.19444085657596588,0.007082940079271793,1.0,0.34959182888269424,-0.09928778372704983,0.18619903922080994,-0.12674224376678467,0.19444085657596588,-0.0656421035528183,1.0
1790268548.711452,1.0069973468780518,24,0,19,-0.009418688714504242,-0.11397592723369598,0.03311295807361603,0.08687818795442581,0.13579459488391876,0.002542169764637947,1.0,26,-0.13950993120670319,-0.37532514333724976,0.19558577239513397,0.15849049389362335,0.44067198038101196,0.011604413390159607,1.0,39,0.1819477528333664,-0.48499631881713867,0.13998007774353027,0.223626509308815,0.5361045002937317,0.011131249368190765,1.0,76,0.10940130054950714,-0.30415624380111694,0.15389639139175415,0.26535335183143616,0.36914339661598206,0.0052123647183179855,1.0,0.28823328763246536,-0.24465053528547287,0.5361045002937317,-0.48499631881713867,0.36914339661598206,-0.30415624380111694,1.0
1790268548.7596548,1.0552000999450684,25,0,19,0.4262133240699768,-0.4886530935764313,0.12919341027736664,0.3027811050415039,0.6836177110671997,0.006664771120995283,1.0,26,0.11521442234516144,-0.5568231344223022,0.24961356818675995,0.2725425958633423,0.6079441905021667,0.01187199167907238,1.0,39,0.6162070035934448,-0.7207046747207642,0.19120700657367706,0.1540997177362442,0.9591817855834961,0.011705406941473484,1.0,76,0.5307157635688782,-0.5829805135726929,0.24920229613780975,0.3155725300312042,0.8261630535125732,0.006004967726767063,1.0,0.6457809507846832,-0.5227381139993668,0.9591817855834961,-0.7207046747207642,0.8261630535125732,-0.5829805135726929,1.0
1790268548.8114598,1.1070051193237305,26,0,19,0.8776004314422607,-0.6110582947731018,0.08989231288433075,0.18288198113441467,1.0798377990722656,0.0036298935301601887,1.0,26,0.5597663521766663,-0.4410341680049896,0.2229282706975937,0.17330163717269897,0.7270224094390869,0.024025999009609222,1.0,39,0.7064557075500488,-0.48607537150382996,0.18459513783454895,0.12128985673189163,0.8638255000114441,0.011929725296795368,1.0,76,0.6922017335891724,-0.4555290639400482,0.24518772959709167,0.21572403609752655,0.8451435565948486,0.005819101817905903,1.0,0.9034301042556763,-0.5260462313890457,0.8638255000114441,-0.48607537150382996,0.8451435565948486,-0.4555290639400482,1.0
1790268548.8594847,1.1550300121307373,27,0,19,0.8797366619110107,-0.44665688276290894,0.09962259232997894,0.0803518295288086,0.9910885691642761,0.004130017012357712,1.0,26,0.6959944367408752,-0.33133581280708313,0.15483412146568298,0.07676529139280319,0.7724217176437378,0.016541507095098495,1.0,39,0.7300059199333191,-0.4715666174888611,0.12701860070228577,0.08442617952823639,0.8707308769226074,0.005268429405987263,1.0,76,0.7371249794960022,-0.39909663796424866,0.23227137327194214,0.205004021525383,0.8628423810005188,0.006928932387381792,1.0,0.881755143404007,-0.38899634778499603,0.8707308769226074,-0.4715666174888611,0.8628423810005188,-0.39909663796424866,1.0
1790268548.91152,1.2070653438568115,28,0,19,0.8545692563056946,-0.2531360685825348,0.05103560909628868,0.12027834355831146,0.8993789553642273,0.003072850639000535,1.0,26,0.7194753885269165,-0.17225998640060425,0.1427193582057953,0.1261730194091797,0.747388482093811,0.011283979751169682,1.0,39,0.594529390335083,-0.18627068400382996,0.13915473222732544,0.09981969743967056,0.6274034976959229,0.004710053559392691,1.0,76,0.641351580619812,-0.18426072597503662,0.22609487175941467,0.1728341281414032,0.6920692324638367,0.00561737734824419,1.0,0.8233837187290192,-0.21269802749156952,0.6274034976959229,-0.18627068400382996,0.6920692324638367,-0.18426072597503662,1.0
1790268548.9635098,1.2590551376342773,29,0,19,0.8321725726127625,-0.1667608916759491,0.07846376299858093,0.08903205394744873,0.8538855314254761,0.005039254203438759,1.0,26,0.7401310801506042,-0.050118666142225266,0.10483276098966599,0.06886709481477737,0.7453421354293823,0.01342874113470316,1.0,39,0.759199857711792,-0.026002932339906693,0.13651593029499054,0.07006184756755829,0.7624559998512268,0.005684189964085817,1.0,76,0.6642178893089294,-0.06600108742713928,0.22296886146068573,0.1645800918340683,0.6929382681846619,0.00480946758762002,1.0,0.7996138334274292,-0.10843977890908718,0.7624559998512268,-0.026002932339906693,0.6929382681846619,-0.06600108742713928,1.0
1790268549.0115156,1.307060956954956,30,1,19,0.6654550433158875,0.13548921048641205,0.11454776674509048,0.10987834632396698,0.6866666674613953,0.004815659020096064,1.0,26,0.6909801959991455,0.16705204546451569,0.13982801139354706,0.13200122117996216,0.7236813306808472,0.022039664909243584,1.0,39,0.8254281282424927,0.2114746868610382,0.18574373424053192,0.08509393781423569,0.855242133140564,0.00924306083470583,1.0,76,0.6299675107002258,0.136161208152771,0.23627261817455292,0.1297767162322998,0.659734845161438,0.006306078284978867,1.0,0.7051739990711212,0.15127062797546387,0.855242133140564,0.2114746868610382,0.659734845161438,0.136161208152771,1.0
1790268549.0635188,1.3590641021728516,31,0,19,0.995821475982666,0.49493488669395447,0.4794516861438751,0.5931944251060486,1.1754528284072876,0.0793800950050354,1.0,24,0.5091374516487122,0.725610077381134,0.5235723853111267,0.7373929023742676,1.0835354328155518,0.25614383816719055,0.9230769230769231,39,0.5589188933372498,0.26493170857429504,0.12210977077484131,0.06449931114912033,0.6232578158378601,0.009282375685870647,1.0,75,0.5707582831382751,0.32190123200416565,0.3412429392337799,0.5418531894683838,0.7205986380577087,0.036832891404628754,0.9868421052631579,1.1294941306114197,0.6102724820375443,0.6232578158378601,0.26493170857429504,0.7205986380577087,0.32190123200416565,0.9774797570850203
1790268549.1115184,1.4070637226104736,32,0,19,0.49497663974761963,0.16254545748233795,0.20282204449176788,0.22292566299438477,0.5489463210105896,0.017516225576400757,1.0,24,0.3785603940486908,0.41550254821777344,0.2724388837814331,0.4115111231803894,0.7025200724601746,0.06047181412577629,1.0,39,0.3709705173969269,0.1972941905260086,0.14182516932487488,0.06525709480047226,0.4251614212989807,0.004767091479152441,1.0,75,0.3090222179889679,0.16615986824035645,0.20703689754009247,0.23843078315258026,0.39752236008644104,0.011687620542943478,1.0,0.6257331967353821,0.2890240028500557,0.4251614212989807,0.1972941905260086,0.39752236008644104,0.16615986824035645,1.0
1790268549.1635277,1.4590730667114258,33,0,19,-0.07491181790828705,-0.13700947165489197,0.2379114031791687,0.22762861847877502,0.2369658499956131,0.013898856937885284,1.0,24,0.2349802702665329,-0.057097118347883224,0.171563059091568,0.3508671820163727,0.376210480928421,0.0472099669277668,1.0,39,0.07073426991701126,0.14634078741073608,0.07891133427619934,0.060135677456855774,0.17762154340744019,0.002168351551517844,1.0,75,0.04316345229744911,-0.0003021240117959678,0.1804589331150055,0.22202982008457184,0.18994933366775513,0.0067038098350167274,1.0,0.30658816546201706,-0.0970532950013876,0.17762154340744019,0.14634078741073608,0.18994933366775513,-0.0003021240117959678,1.0
1790268549.21555,1.5110952854156494,34,0,19,-0.15122663974761963,-0.15993940830230713,0.17915955185890198,0.24822178483009338,0.2541048526763916,0.017149344086647034,1.0,24,0.009066264145076275,-0.14383888244628906,0.11604611575603485,0.3334031403064728,0.2549353241920471,0.03216904029250145,1.0,39,-0.060738980770111084,0.11071659624576569,0.04844905436038971,0.04227610304951668,0.13371771574020386,0.0014040271053090692,1.0,75,-0.07428588718175888,-0.015516764484345913,0.1075362116098404,0.2286604791879654,0.1692734658718109,0.007849324494600296,1.0,0.25452008843421936,-0.1518891453742981,0.13371771574020386,0.11071659624576569,0.1692734658718109,-0.015516764484345913,1.0
1790268549.2634995,1.5590448379516602,35,0,19,-0.18955592811107635,-0.017724288627505302,0.09971638768911362,0.0722101628780365,0.20255360007286072,0.0031176649499684572,1.0,24,-0.08655166625976562,0.016998926177620888,0.08803009986877441,0.068043053150177,0.12409696727991104,0.005000859498977661,1.0,39,-0.24881020188331604,0.10534746199846268,0.14281252026557922,0.04566020518541336,0.2778162956237793,0.002685556188225746,1.0,75,-0.2058068811893463,0.047035928815603256,0.13295476138591766,0.07521750777959824,0.22469300031661987,0.0019628875888884068,1.0,0.16332528367638588,-0.00036268122494220734,0.2778162956237793,0.10534746199846268,0.22469300031661987,0.047035928815603256,1.0
1790268549.3154473,1.610992670059204,36,0,19,-0.10154322534799576,0.12720127403736115,0.09611333161592484,0.1869664341211319,0.2206859290599823,0.01232778187841177,1.0,24,-0.20202381908893585,0.25723138451576233,0.11894136667251587,0.23786891996860504,0.3479900658130646,0.030697092413902283,1.0,39,-0.32421404123306274,0.11748367547988892,0.07824322581291199,0.04681961610913277,0.3503513038158417,0.0032549637835472822,1.0,75,-0.24428649246692657,0.1351163685321808,0.1354806125164032,0.15931639075279236,0.3072918653488159,0.006074662785977125,1.0,0.28433799743652344,0.19221632927656174,0.3503513038158417,0.11748367547988892,0.3072918653488159,0.1351163685321808,1.0
1790268549.3635187,1.6590640544891357,37,0,19,0.40977075695991516,0.5752531290054321,0.8790966868400574,0.704622745513916,0.864586591720581,0.1442432850599289,1.0,22,-0.4704936742782593,0.61102294921875,0.8422791957855225,0.7918002009391785,0.8444109559059143,0.23498253524303436,0.9166666666666666,39,-0.26833441853523254,0.2128874957561493,0.07725591212511063,0.08083545416593552,0.3472607433795929,0.003861045930534601,1.0,74,-0.12719397246837616,0.35728371143341064,0.6602032780647278,0.5658919811248779,0.5446516275405884,0.0554199144244194,0.9866666666666667,0.8544987738132477,0.5931380391120911,0.3472607433795929,0.2128874957561493,0.5446516275405884,0.35728371143341064,0.9758333333333333
1790268549.4155416,1.7110869884490967,38,0,19,-0.10993234813213348,0.12389253079891205,0.05609215050935745,0.07483141124248505,0.18119849264621735,0.0031544622033834457,1.0,22,-0.05348760262131691,0.19196873903274536,0.1243065744638443,0.13041231036186218,0.2295392006635666,0.007844478823244572,1.0,39,-0.24423766136169434,0.2673555016517639,0.07876010984182358,0.08932981640100479,0.36527392268180847,0.004244701005518436,1.0,74,-0.18700306117534637,0.2025952786207199,0.12222438305616379,0.1322251707315445,0.2910849153995514,0.003251001937314868,1.0,0.20536884665489197,0.1579306349158287,0.36527392268180847,0.2673555016517639,0.2910849153995514,0.2025952786207199,1.0
1790268549.4675202,1.7630655765533447,39,0,19,-0.37051230669021606,-0.15647326409816742,0.4157693386077881,0.27353760600090027,0.4207259714603424,0.033510178327560425,1.0,22,0.13324113190174103,0.022624623030424118,0.2920793890953064,0.29840290546417236,0.31495577096939087,0.045739829540252686,1.0,39,-0.10395225882530212,0.17456485331058502,0.05098191648721695,0.053994543850421906,0.20650897920131683,0.002733092987909913,1.0,74,-0.1390741765499115,0.041694436222314835,0.3055270314216614,0.23411084711551666,0.26777955889701843,0.0139498021453619,1.0,0.36784087121486664,-0.06692432053387165,0.20650897920131683,0.17456485331058502,0.26777955889701843,0.041694436222314835,1.0
1790268549.515495,1.8110404014587402,40,0,19,-0.23071931302547455,-0.2639898955821991,0.36150097846984863,0.3672466576099396,0.36851757764816284,0.0270792655646801,1.0,22,0.11241566389799118,-0.16273221373558044,0.22673526406288147,0.40127265453338623,0.3068403899669647,0.04560718312859535,1.0,39,-0.05141429230570793,0.08030387759208679,0.04149811342358589,0.03834255412220955,0.10396474599838257,0.0012509420048445463,1.0,74,-0.07499076426029205,-0.05232568830251694,0.23752664029598236,0.30368003249168396,0.20337866246700287,0.009566392749547958,1.0,0.3376789838075638,-0.21336105465888977,0.10396474599838257,0.08030387759208679,0.20337866246700287,-0.05232568830251694,1.0
1790268549.5675042,1.8630495071411133,41,0,19,-0.12790800631046295,-0.19524584710597992,0.13490808010101318,0.2432727813720703,0.25400105118751526,0.01347968727350235,1.0,22,0.012666181661188602,-0.03937530517578125,0.08753032237291336,0.253692626953125,0.20046041905879974,0.018939662724733353,1.0,39,-0.06972053647041321,0.10169904679059982,0.06692441552877426,0.040533434599637985,0.13534791767597198,0.00146404595579952,1.0,74,-0.08176277577877045,-0.005870509892702103,0.09195290505886078,0.20878727734088898,0.16988395154476166,0.00473303347826004,1.0,0.2272307351231575,-0.11731057614088058,0.13534791767597198,0.10169904679059982,0.16988395154476166,-0.005870509892702103,1.0
1790268549.6155767,1.9111220836639404,42,0,19,-0.26972559094429016,0.05219871178269386,0.14987054467201233,0.08742469549179077,0.2871725261211395,0.005974792409688234,1.0,22,-0.055062033236026764,0.10273465514183044,0.05713629350066185,0.10300793498754501,0.15059731900691986,0.0036031780764460564,1.0,39,-0.24683281779289246,0.32047057151794434,0.07612228393554688,0.07600179314613342,0.4088238477706909,0.00382124911993742,1.0,74,-0.22281110286712646,0.1935035139322281,0.12671619653701782,0.15987418591976166,0.3202124238014221,0.002583060646429658,1.0,0.2188849225640297,0.07746668346226215,0.4088238477706909,0.32047057151794434,0.3202124238014221,0.1935035139322281,1.0
1790268549.6675372,1.9630825519561768,43,0,19,-0.43142539262771606,0.28540360927581787,0.10643408447504044,0.13974572718143463,0.5308888554573059,0.003877038601785898,1.0,22,-0.22645153105258942,0.20849609375,0.16566984355449677,0.08184020966291428,0.3261667490005493,0.004663826897740364,1.0,39,-0.4126090109348297,0.5856886506080627,0.12001685053110123,0.10013456642627716,0.7203003168106079,0.005189892370253801,1.0,74,-0.35916221141815186,0.42236223816871643,0.18012550473213196,0.22874850034713745,0.5771278142929077,0.004285961855202913,1.0,0.4285278022289276,0.24694985151290894,0.7203003168106079,0.5856886506080627,0.5771278142929077,0.42236223816871643,1.0
1790268549.7194576,2.015002965927124,44,0,19,-0.21157194674015045,0.5966387391090393,0.13008727133274078,0.27600032091140747,0.6541213393211365,0.016901100054383278,1.0,22,-0.3585648834705353,0.5335124731063843,0.16393029689788818,0.3143129050731659,0.6680402159690857,0.04054613038897514,1.0,39,-0.36464279890060425,0.4761098325252533,0.11484561115503311,0.07532209903001785,0.6059360504150391,0.005867739673703909,1.0,74,-0.2654423117637634,0.44802671670913696,0.18089085817337036,0.25869300961494446,0.5466683506965637,0.008291629143059254,1.0,0.6610807776451111,0.5650756061077118,0.6059360504150391,0.4761098325252533,0.5466683506965637,0.44802671670913696,1.0
1790268549.7675538,2.0630991458892822,45,1,19,0.26913613080978394,0.5905488729476929,0.5767913460731506,0.4586663246154785,0.7308557629585266,0.05635024234652519,1.0,22,-0.2655695080757141,0.569190263748169,0.40532585978507996,0.5636478066444397,0.6891506314277649,0.13517583906650543,1.0,39,-0.1396464854478836,0.254783034324646,0.061962634325027466,0.054637063294649124,0.29428499937057495,0.0026995192747563124,1.0,74,-0.03667058050632477,0.348491370677948,0.40651655197143555,0.40460681915283203,0.4253957271575928,0.02586236596107483,1.0,0.7100031971931458,0.5798695683479309,0.29428499937057495,0.254783034324646,0.4253957271575928,0.348491370677948,1.0
1790268549.8195722,2.1151175498962402,46,0,19,0.2121606171131134,0.42025113105773926,0.3444632887840271,0.3725457489490509,0.514439582824707,0.06842279434204102,1.0,22,-0.24116654694080353,0.22880138456821442,0.28409481048583984,0.19685740768909454,0.3677869737148285,0.05782691389322281,1.0,39,-0.048297978937625885,0.09969936311244965,0.0371972918510437,0.027454761788249016,0.11581386625766754,0.0013333277311176062,1.0,74,0.024644387885928154,0.17824327945709229,0.2488633245229721,0.2550451457500458,0.22595687210559845,0.021997738629579544,1.0,0.44111327826976776,0.32452625781297684,0.11581386625766754,0.09969936311244965,0.22595687210559845,0.17824327945709229,1.0
1790268549.8675036,2.1630489826202393,47,0,19,0.05300260707736015,0.09810999780893326,0.06810647994279861,0.09835312515497208,0.1218133196234703,0.003626155899837613,1.0,22,0.004400080069899559,0.062171243131160736,0.07419027388095856,0.07918210327625275,0.10662878304719925,0.006495397072285414,1.0,39,0.029919356107711792,0.027840638533234596,0.03439236059784889,0.03546987846493721,0.053997114300727844,0.001099887304008007,1.0,74,0.047758977860212326,0.04802786186337471,0.05467206612229347,0.07379833608865738,0.08233705163002014,0.002099671633914113,1.0,0.11422105133533478,0.080140620470047,0.053997114300727844,0.027840638533234596,0.08233705163002014,0.04802786186337471,1.0
1790268549.919468,2.215013265609741,48,0,19,0.16017793118953705,0.01414971612393856,0.15671096742153168,0.0806308314204216,0.17201130092144012,0.005816674325615168,1.0,22,0.07447537779808044,0.014019358903169632,0.04558684304356575,0.042306169867515564,0.08730131387710571,0.0037917860317975283,1.0,39,0.09011019021272659,-0.018893510103225708,0.04048428684473038,0.033441852778196335,0.09825874865055084,0.0011120401322841644,1.0,74,0.12341102212667465,-0.01268768310546875,0.0754675567150116,0.058080900460481644,0.13510753214359283,0.002291723620146513,1.0,0.12965630739927292,0.014084537513554096,0.09825874865055084,-0.018893510103225708,0.13510753214359283,-0.01268768310546875,1.0
1790268549.9714615,2.2670068740844727,49,0,19,0.1469750702381134,-0.09565092623233795,0.054283108562231064,0.0475330613553524,0.18027539551258087,0.0016251797787845135,1.0,22,0.1780187487602234,-0.028545033186674118,0.09599956125020981,0.07490396499633789,0.19197143614292145,0.0043306853622198105,1.0,39,0.13797935843467712,-0.08948223292827606,0.05619734898209572,0.03254150226712227,0.1665063202381134,0.001501845195889473,1.0,74,0.17169252038002014,-0.07441216707229614,0.07430931180715561,0.07019603252410889,0.198956698179245,0.0017290441319346428,1.0,0.18612341582775116,-0.062097979709506035,0.1665063202381134,-0.08948223292827606,0.198956698179245,-0.07441216707229614,1.0
1790268550.0195184,2.315063714981079,50,0,19,0.19149379432201385,-0.06452299654483795,0.10292129218578339,0.04507296904921532,0.21155504882335663,0.0017701644683256745,1.0,22,0.15241311490535736,-0.07025978714227676,0.04749014601111412,0.056369148194789886,0.17524562776088715,0.005970276426523924,1.0,39,0.13714247941970825,-0.10884759575128555,0.037118785083293915,0.03701217472553253,0.17713864147663116,0.0015407016035169363,1.0,74,0.16203844547271729,-0.09399764239788055,0.06381643563508987,0.06213518604636192,0.19741575419902802,0.0016821549506857991,1.0,0.1934003382921219,-0.06739139184355736,0.17713864147663116,-0.10884759575128555,0.19741575419902802,-0.09399764239788055,1.0
1790268550.071493,2.3670382499694824,51,0,19,0.09393230080604553,-0.14265763759613037,0.04277171939611435,0.0400143526494503,0.175804004073143,0.0012525004567578435,1.0,22,0.11891312897205353,-0.07073836028575897,0.0763474777340889,0.056194476783275604,0.14647868275642395,0.00282937940210104,1.0,39,0.09323785454034805,-0.11605600267648697,0.03030935861170292,0.038732364773750305,0.15053671598434448,0.0012113878037780523,1.0,74,0.12061969935894012,-0.10794417560100555,0.05415155738592148,0.06639808416366577,0.17425160109996796,0.0012434571981430054,1.0,0.16114134341478348,-0.10669799894094467,0.15053671598434448,-0.11605600267648697,0.17425160109996796,-0.10794417560100555,1.0
1790268550.1195815,2.4151268005371094,52,0,19,0.10690789669752121,-0.24659889936447144,0.05760175362229347,0.25058379769325256,0.2789303958415985,0.007024046033620834,1.0,22,0.10410100966691971,-0.1383562982082367,0.1304304599761963,0.14152058959007263,0.1883193999528885,0.008411657065153122,1.0,39,0.03254973515868187,-0.12488966435194016,0.02922520786523819,0.04054524004459381,0.13268542289733887,0.0015606408705934882,1.0,74,0.08371178060770035,-0.13187511265277863,0.09084893763065338,0.16751180589199066,0.1867145150899887,0.00350261852145195,1.0,0.2336248978972435,-0.19247759878635406,0.13268542289733887,-0.12488966435194016,0.1867145150899887,-0.13187511265277863,1.0
1790268550.1715,2.467045307159424,53,0,19,-0.07306711375713348,-0.43091943860054016,0.16933350265026093,0.46223241090774536,0.46698468923568726,0.08371762931346893,1.0,22,0.15358804166316986,-0.2991742193698883,0.33447057008743286,0.2620616853237152,0.3761884570121765,0.0632762536406517,1.0,39,-0.09421245753765106,-0.19916905462741852,0.06930825114250183,0.06459395587444305,0.2288275510072708,0.0028361082077026367,1.0,74,-0.0017992999637499452,-0.2301720231771469,0.2158704400062561,0.30929237604141235,0.30929917097091675,0.027634253725409508,1.0,0.4215865731239319,-0.36504682898521423,0.2288275510072708,-0.19916905462741852,0.30929917097091675,-0.2301720231771469,1.0
1790268550.2234886,2.519033908843994,54,0,19,-0.5792083740234375,-0.6118934750556946,0.7389522790908813,0.5418602824211121,0.9215978384017944,0.08629141002893448,1.0,22,0.10090082138776779,-0.4912213385105133,0.43937450647354126,0.5940396189689636,0.5713945031166077,0.11127930134534836,1.0,39,-0.24957314133644104,-0.24426738917827606,0.08486942946910858,0.0658143162727356,0.3549085855484009,0.0038817948661744595,1.0,74,-0.20394381880760193,-0.3273773193359375,0.5275502800941467,0.44739001989364624,0.518153965473175,0.03505408391356468,1.0,0.746496170759201,-0.5515574067831039,0.3549085855484009,-0.24426738917827606,0.518153965473175,-0.3273773193359375,1.0
1790268550.2714813,2.5670266151428223,55,0,19,-0.14944377541542053,-0.6567816734313965,0.31920310854911804,0.42204082012176514,0.7392266988754272,0.04186912626028061,1.0,22,-0.03526167571544647,-0.4220178723335266,0.2207932472229004,0.41906943917274475,0.4817309081554413,0.07846808433532715,1.0,39,-0.3813719153404236,-0.42303231358528137,0.12049539387226105,0.1495303064584732,0.578241765499115,0.005104903131723404,1.0,74,-0.17923179268836975,-0.40726450085639954,0.28642699122428894,0.37715721130371094,0.5479826927185059,0.012887677177786827,1.0,0.6104788035154343,-0.5393997728824615,0.578241765499115,-0.42303231358528137,0.5479826927185059,-0.40726450085639954,1.0
1790268550.3235552,2.619100570678711,56,0,19,-0.20888720452785492,-0.5487092733383179,0.2744501233100891,0.2063189148902893,0.6391765475273132,0.021259648725390434,1.0,22,-0.06704573333263397,-0.3836871087551117,0.16635198891162872,0.2619094252586365,0.42727968096733093,0.04017562046647072,1.0,39,-0.37095212936401367,-0.3649076819419861,0.15194377303123474,0.09825892001390457,0.5307219624519348,0.004855677019804716,1.0,74,-0.17069244384765625,-0.35238274931907654,0.24523083865642548,0.22294673323631287,0.4599384069442749,0.007515088189393282,1.0,0.5332281142473221,-0.4661981910467148,0.5307219624519348,-0.3649076819419861,0.4599384069442749,-0.35238274931907654,1.0
1790268550.371627,2.667172431945801,57,0,19,-0.08210112154483795,-0.40650859475135803,0.1637677252292633,0.16688179969787598,0.44106733798980713,0.005612329579889774,1.0,22,-0.0070467861369252205,-0.363711953163147,0.13912904262542725,0.22936004400253296,0.416240394115448,0.018754012882709503,1.0,39,-0.2538796365261078,-0.34898102283477783,0.14961427450180054,0.09760275483131409,0.45229750871658325,0.007662793155759573,1.0,74,-0.09438303112983704,-0.2683435380458832,0.19468337297439575,0.19662289321422577,0.3576582372188568,0.004686178173869848,1.0,0.42865386605262756,-0.3851102739572525,0.45229750871658325,-0.34898102283477783,0.3576582372188568,-0.2683435380458832,1.0
1790268550.4235182,2.7190635204315186,58,0,19,0.03173185512423515,-0.5195256471633911,0.0899985283613205,0.23324553668498993,0.5277842283248901,0.01096972543746233,1.0,22,0.011145851574838161,-0.42565223574638367,0.17581991851329803,0.2546040117740631,0.46178504824638367,0.020523084327578545,1.0,39,-0.13133631646633148,-0.22013190388679504,0.07382987439632416,0.061284177005290985,0.2656303644180298,0.006481447257101536,1.0,74,-0.02030388079583645,-0.23667845129966736,0.10641450434923172,0.17976123094558716,0.2693292796611786,0.0036737273912876844,1.0,0.4947846382856369,-0.4725889414548874,0.2656303644180298,-0.22013190388679504,0.2693292796611786,-0.23667845129966736,1.0
1790268550.4755673,2.7711126804351807,59,0,19,-0.05205174535512924,-0.23487292230129242,0.062049318104982376,0.0850837305188179,0.2466670125722885,0.0016062082722783089,1.0,22,0.01516446191817522,-0.2151891589164734,0.06544524431228638,0.07992099970579147,0.22602476179599762,0.0062123630195856094,1.0,39,-0.0797932967543602,-0.0743357315659523,0.04189581423997879,0.025327369570732117,0.11347199976444244,0.0013372567482292652,1.0,74,-0.039193641394376755,-0.08699747174978256,0.06740321964025497,0.09604652225971222,0.13126136362552643,0.001180749968625605,1.0,0.23634588718414307,-0.2250310406088829,0.11347199976444244,-0.0743357315659523,0.13126136362552643,-0.08699747174978256,1.0
1790268550.5236757,2.819221019744873,60,1,19,-0.11708229780197144,-0.05515891686081886,0.06448611617088318,0.029464706778526306,0.13611294329166412,0.001244902960024774,1.0,22,-0.03394109383225441,-0.018509604036808014,0.0698595866560936,0.036559052765369415,0.07349362969398499,0.0037146585527807474,1.0,39,-0.22095352411270142,0.06579942256212234,0.09486067295074463,0.0439760647714138,0.23471947014331818,0.002016049576923251,1.0,74,-0.17029716074466705,0.030028780922293663,0.11359793692827225,0.09064839035272598,0.20265871286392212,0.001593130873516202,1.0,0.10480328649282455,-0.03683426044881344,0.23471947014331818,0.06579942256212234,0.20265871286392212,0.030028780922293663,1.0
1790268550.5755184,2.871063709259033,61,0,19,-0.4696631133556366,0.11130483448505402,0.13608425855636597,0.12535341084003448,0.49737080931663513,0.004721770063042641,1.0,22,-0.22893454134464264,0.11307179182767868,0.16503185033798218,0.08564870059490204,0.2703101634979248,0.004995086695998907,1.0,39,-0.5674559473991394,0.34707367420196533,0.11474013328552246,0.07821378111839294,0.6675863862037659,0.0066786110401153564,1.0,74,-0.5087801814079285,0.2625775635242462,0.22314465045928955,0.1960272192955017,0.6003972887992859,0.004871507175266743,1.0,0.38384048640727997,0.11218831315636635,0.6675863862037659,0.34707367420196533,0.6003972887992859,0.2625775635242462,1.0
1790268550.6234736,2.9190189838409424,62,0,19,-0.6750552654266357,0.3462395966053009,0.0925498753786087,0.12787054479122162,0.7668468952178955,0.006611955817788839,1.0,22,-0.48796913027763367,0.20621074736118317,0.1334952712059021,0.08934486657381058,0.535841703414917,0.006393427029252052,1.0,39,-0.6261021494865417,0.3367958962917328,0.11863423138856888,0.09027598053216934,0.7143744230270386,0.006070529576390982,1.0,74,-0.5631264448165894,0.29672715067863464,0.19818934798240662,0.15792325139045715,0.6523582339286804,0.002824569819495082,1.0,0.6513442993164062,0.27622517198324203,0.7143744230270386,0.3367958962917328,0.6523582339286804,0.29672715067863464,1.0
1790268550.675497,2.9710423946380615,63,0,19,-0.6310585141181946,0.1588311493396759,0.08990973979234695,0.15469853579998016,0.6695142388343811,0.002758955815806985,1.0,22,-0.539482831954956,0.14073528349399567,0.16744886338710785,0.11863844841718674,0.572408139705658,0.010610424913465977,1.0,39,-0.7140487432479858,0.23429791629314423,0.09946827590465546,0.05208706483244896,0.7531014084815979,0.005180195439606905,1.0,74,-0.6042148470878601,0.18402017652988434,0.19522981345653534,0.12618178129196167,0.6470561623573303,0.0034040091559290886,1.0,0.6209611892700195,0.14978321641683578,0.7531014084815979,0.23429791629314423,0.6470561623573303,0.18402017652988434,1.0
1790268550.7274559,3.023001194000244,64,0,19,-0.6953173279762268,0.1316680908203125,0.07908907532691956,0.06427217274904251,0.7113337516784668,0.0038897537160664797,1.0,22,-0.6469810009002686,0.10924530029296875,0.08263473212718964,0.11245321482419968,0.666073203086853,0.00874346774071455,1.0,39,-0.796777606010437,0.020687788724899292,0.1709466427564621,0.12304260581731796,0.805131196975708,0.007076987996697426,1.0,74,-0.6211314797401428,0.0504705086350441,0.21267928183078766,0.10541212558746338,0.6363605260848999,0.003818653291091323,1.0,0.6887034773826599,0.12045669555664062,0.805131196975708,0.020687788724899292,0.6363605260848999,0.0504705086350441,1.0
1790268550.7756593,3.071204662322998,65,0,19,-0.5999249815940857,0.011996620334684849,0.07882054150104523,0.06101632118225098,0.6029502749443054,0.0041724503971636295,1.0,22,-0.4939686059951782,0.024577053263783455,0.1044030413031578,0.07480767369270325,0.49961039423942566,0.006884181406348944,1.0,39,-0.6927568316459656,0.010487091727554798,0.15815934538841248,0.058541662991046906,0.6954498887062073,0.005990477744489908,1.0,74,-0.558950662612915,0.030694497749209404,0.1899159997701645,0.07743719220161438,0.5685963034629822,0.0042659323662519455,1.0,0.5512803345918655,0.018286836799234152,0.6954498887062073,0.010487091727554798,0.5685963034629822,0.030694497749209404,1.0
1790268550.8274555,3.1230008602142334,66,0,19,-0.5036195516586304,-0.003740009618923068,0.06382475048303604,0.055173713713884354,0.5068617463111877,0.003952666185796261,1.0,22,-0.4922083020210266,0.008173162117600441,0.15257392823696136,0.06372666358947754,0.4993225038051605,0.00929025374352932,1.0,39,-0.45036041736602783,0.10667301714420319,0.0917300209403038,0.058121465146541595,0.46562880277633667,0.0032897372730076313,1.0,74,-0.43433812260627747,0.05614925175905228,0.13087284564971924,0.08631924539804459,0.4478970170021057,0.003461988875642419,1.0,0.5030921250581741,0.0022165762493386865,0.46562880277633667,0.10667301714420319,0.4478970170021057,0.05614925175905228,1.0
1790268550.8754876,3.1710329055786133,67,0,19,-0.3218231201171875,-0.0995025634765625,0.08041881024837494,0.040942464023828506,0.3390578031539917,0.002406848594546318,1.0,22,-0.2924152612686157,-0.07613164931535721,0.07376330345869064,0.13572955131530762,0.3298979103565216,0.0068366811610758305,1.0,39,-0.30619576573371887,0.13943520188331604,0.1062655821442604,0.051963143050670624,0.34191223978996277,0.0028969694394618273,1.0,74,-0.27362576127052307,0.05244218930602074,0.10736879706382751,0.12314945459365845,0.3067038655281067,0.0022431937977671623,1.0,0.33447785675525665,-0.08781710639595985,0.34191223978996277,0.13943520188331604,0.3067038655281067,0.05244218930602074,1.0
1790268550.9275887,3.2231340408325195,68,0,19,-0.23807887732982635,-0.12325086444616318,0.10870448499917984,0.09164027124643326,0.28109726309776306,0.003665057010948658,1.0,22,-0.12332291901111603,-0.05456889793276787,0.06948526203632355,0.07726429402828217,0.15032467246055603,0.00897925440222025,1.0,39,-0.1505076140165329,0.18781886994838715,0.06781773269176483,0.08665966987609863,0.24448665976524353,0.004357602912932634,1.0,74,-0.14032147824764252,0.06121351942420006,0.07101327180862427,0.14217625558376312,0.19997239112854004,0.0025465660728514194,1.0,0.21571096777915955,-0.08890988118946552,0.24448665976524353,0.18781886994838715,0.19997239112854004,0.06121351942420006,1.0
1790268550.9795456,3.2750909328460693,69,0,19,-0.08297649025917053,-0.11604871600866318,0.0941460132598877,0.12316262722015381,0.17616991698741913,0.0053689791820943356,1.0,22,0.044913552701473236,-0.06528958678245544,0.10543013364076614,0.10274115949869156,0.12327329814434052,0.018172992393374443,1.0,39,0.08577669411897659,0.2715086340904236,0.1161089614033699,0.10663875192403793,0.29867997765541077,0.006880492903292179,1.0,74,0.004865079186856747,0.08951589465141296,0.08884186297655106,0.18477889895439148,0.18261019885540009,0.003538944059982896,1.0,0.14972160756587982,-0.09066915139555931,0.29867997765541077,0.2715086340904236,0.18261019885540009,0.08951589465141296,1.0
1790268551.027512,3.3230574131011963,70,0,19,0.05543437600135803,-0.07314260303974152,0.09343516081571579,0.0615738108754158,0.13093958795070648,0.0031739771366119385,1.0,22,0.17173351347446442,-0.04979914054274559,0.14827802777290344,0.10195333510637283,0.20033377408981323,0.010908602736890316,1.0,39,0.3389524817466736,0.374664306640625,0.12777383625507355,0.12511494755744934,0.5222253203392029,0.007668810896575451,1.0,74,0.16815495491027832,0.16901253163814545,0.18953900039196014,0.21834895014762878,0.3145296275615692,0.0035836193710565567,1.0,0.16563668102025986,-0.06147087179124355,0.5222253203392029,0.374664306640625,0.3145296275615692,0.16901253163814545,1.0
1790268551.079528,3.3750734329223633,71,0,19,0.04370759800076485,-0.022764507681131363,0.11509717255830765,0.0720023587346077,0.12048623710870743,0.00288883107714355,1.0,22,0.20298905670642853,0.038943205028772354,0.0785197988152504,0.044246941804885864,0.21080707013607025,0.005151998717337847,1.0,39,0.29774045944213867,0.3327037990093231,0.10758206993341446,0.07879789918661118,0.4605065882205963,0.0043911258690059185,1.0,74,0.15204662084579468,0.16760604083538055,0.1850401610136032,0.16796784102916718,0.2919679284095764,0.003084663301706314,1.0,0.16564665362238884,0.008089348673820496,0.4605065882205963,0.3327037990093231,0.2919679284095764,0.16760604083538055,1.0
1790268551.1275458,3.423091173171997,72,0,19,-0.04110075160861015,0.03308266028761864,0.13505221903324127,0.05742844566702843,0.11609014868736267,0.002630686154589057,1.0,22,0.17854586243629456,0.06060652434825897,0.07339233160018921,0.06415826827287674,0.1965663880109787,0.005069245584309101,1.0,39,0.25839507579803467,0.35890939831733704,0.10140688717365265,0.11175328493118286,0.4575004577636719,0.005087859928607941,1.0,74,0.10320735722780228,0.2180396467447281,0.19934578239917755,0.19737716019153595,0.3186599016189575,0.0035270287189632654,1.0,0.15632826834917068,0.046844592317938805,0.4575004577636719,0.35890939831733704,0.3186599016189575,0.2180396467447281,1.0
1790268551.1795049,3.475050210952759,73,0,19,-0.1373266875743866,0.1513109654188156,0.23316305875778198,0.09861961752176285,0.2815802991390228,0.0075400699861347675,1.0,22,0.10724986344575882,0.17215798795223236,0.10407456010580063,0.14334575831890106,0.23465704917907715,0.010594583116471767,1.0,39,0.16560402512550354,0.5100324749946594,0.14796459674835205,0.07995147258043289,0.5574542284011841,0.007561550009995699,1.0,74,-0.04056590422987938,0.3391754627227783,0.26216456294059753,0.23910602927207947,0.4530875086784363,0.004893374629318714,1.0,0.25811867415905,0.161734476685524,0.5574542284011841,0.5100324749946594,0.4530875086784363,0.3391754627227783,1.0
1790268551.2315495,3.527094841003418,74,0,19,-0.30912137031555176,0.4564538300037384,0.24924619495868683,0.1670219600200653,0.5980665683746338,0.008292735554277897,1.0,22,0.011023781262338161,0.2865142822265625,0.12393773347139359,0.20046019554138184,0.31705406308174133,0.022301068529486656,1.0,39,-0.034106913954019547,0.844163179397583,0.18806283175945282,0.15087737143039703,0.865258514881134,0.006829389370977879,1.0,74,-0.21207386255264282,0.6285839676856995,0.26204749941825867,0.34179264307022095,0.7386056184768677,0.005012380890548229,1.0,0.45756031572818756,0.37148405611515045,0.865258514881134,0.844163179397583,0.7386056184768677,0.6285839676856995,1.0
1790268551.2795804,3.5751256942749023,75,1,19,-0.5459192991256714,0.8469977378845215,0.16420239210128784,0.1482139229774475,1.02777099609375,0.006517102010548115,1.0,22,-0.053855203092098236,0.6408018469810486,0.21282261610031128,0.30778542160987854,0.6732568144798279,0.02712550014257431,1.0,39,-0.11238685250282288,1.2017446756362915,0.18257685005664825,0.12785570323467255,1.220286250114441,0.006383894942700863,1.0,74,-0.3530219793319702,0.9488661289215088,0.2813927233219147,0.3806738257408142,1.0793824195861816,0.0075407205149531364,1.0,0.8505139052867889,0.743899792432785,1.220286250114441,1.2017446756362915,1.0793824195861816,0.9488661289215088,1.0
1790268551.331573,3.6271183490753174,76,0,19,-0.5631553530693054,1.0894968509674072,0.21492518484592438,0.15312622487545013,1.2474921941757202,0.005220940802246332,1.0,22,-0.08926114439964294,0.6744551062583923,0.12131022661924362,0.22637352347373962,0.6942654252052307,0.019558053463697433,1.0,39,-0.04435651749372482,1.424940824508667,0.11746979504823685,0.1178877204656601,1.4301344156265259,0.010252405889332294,1.0,74,-0.26910853385925293,1.1021175384521484,0.32995590567588806,0.4130672812461853,1.2087184190750122,0.007883825339376926,1.0,0.9708788096904755,0.8819759786128998,1.4301344156265259,1.424940824508667,1.2087184190750122,1.1021175384521484,1.0
1790268551.3794665,3.6750118732452393,77,0,19,-0.4437046945095062,0.9973329305648804,0.19972334802150726,0.09345708042383194,1.1110734939575195,0.007694508880376816,1.0,22,0.054282449185848236,0.9425138831138611,0.16390952467918396,0.2852555811405182,0.9616361856460571,0.021391384303569794,1.0,39,0.180938720703125,1.3812310695648193,0.17331671714782715,0.1380043923854828,1.4046379327774048,0.010319799184799194,1.0,74,-0.14409823715686798,1.0920727252960205,0.3242267072200775,0.4201314151287079,1.1723155975341797,0.00881827063858509,1.0,1.0363548398017883,0.9699234068393707,1.4046379327774048,1.3812310695648193,1.1723155975341797,1.0920727252960205,1.0
1790268551.4315588,3.7271041870117188,78,0,19,-0.1869916468858719,1.0138036012649536,0.16865354776382446,0.22217635810375214,1.05508291721344,0.004713346250355244,1.0,22,0.06889620423316956,0.812137246131897,0.08867024630308151,0.20781566202640533,0.818986713886261,0.01705659180879593,1.0,39,0.3167736232280731,1.4404312372207642,0.13013982772827148,0.17070272564888,1.481728434562683,0.00784355029463768,1.0,74,0.03445702791213989,1.0655076503753662,0.31740376353263855,0.4521782696247101,1.1312458515167236,0.008324149064719677,1.0,0.9370348155498505,0.9129704236984253,1.481728434562683,1.4404312372207642,1.1312458515167236,1.0655076503753662,1.0
1790268551.4834876,3.7790329456329346,79,0,19,0.026330245658755302,0.8074557781219482,0.15762236714363098,0.14610864222049713,0.8223853707313538,0.004212924744933844,1.0,22,0.3841760754585266,0.9272758960723877,0.30316677689552307,0.2663767337799072,1.0219874382019043,0.014827195554971695,1.0,39,0.40788504481315613,1.344484806060791,0.11943205446004868,0.08718181401491165,1.408801794052124,0.007414510007947683,1.0,74,0.18032032251358032,0.987190842628479,0.26643192768096924,0.41308820247650146,1.0376925468444824,0.007334838155657053,1.0,0.922186404466629,0.867365837097168,1.408801794052124,1.344484806060791,1.0376925468444824,0.987190842628479,1.0
1790268551.5315595,3.8271048069000244,80,0,19,0.1570763885974884,0.6407109498977661,0.1475764960050583,0.14148367941379547,0.6745243072509766,0.004225433804094791,1.0,22,0.24691356718540192,0.6735486388206482,0.17085091769695282,0.2310568243265152,0.7346336841583252,0.019098149612545967,1.0,39,0.4431516230106354,1.0197206735610962,0.08235453069210052,0.1794157475233078,1.1153128147125244,0.0067078424617648125,1.0,74,0.25333714485168457,0.7037370204925537,0.2429412603378296,0.3188348114490509,0.774452805519104,0.005334286950528622,1.0,0.7045789957046509,0.6571297943592072,1.1153128147125244,1.0197206735610962,0.774452805519104,0.7037370204925537,1.0
1790268551.5834663,3.879011631011963,81,0,19,0.19855861365795135,0.40529191493988037,0.13230359554290771,0.08607044070959091,0.4615193009376526,0.002632044954225421,1.0,22,0.3218841552734375,0.4517621099948883,0.15419091284275055,0.11966434121131897,0.5657185912132263,0.013092100620269775,1.0,39,0.4111093282699585,0.6063956022262573,0.12648272514343262,0.11536530405282974,0.7445611953735352,0.007452931255102158,1.0,74,0.25389719009399414,0.4480883479118347,0.1949571669101715,0.2039426565170288,0.5306864380836487,0.0038934266194701195,1.0,0.5136189460754395,0.42852701246738434,0.7445611953735352,0.6063956022262573,0.5306864380836487,0.4480883479118347,1.0
1790268551.6315997,3.927145004272461,82,0,19,0.11116670072078705,0.2008819580078125,0.05259320139884949,0.04877740144729614,0.23334084451198578,0.0014411776792258024,1.0,22,0.2777904272079468,0.27486279606819153,0.1599203646183014,0.1092873141169548,0.4089129567146301,0.013882436789572239,1.0,39,0.18570494651794434,0.2430541217327118,0.09182881563901901,0.06704595685005188,0.3129644989967346,0.00396941090002656,1.0,74,0.12061866372823715,0.1792462319135666,0.09052366018295288,0.07221701741218567,0.22440451383590698,0.0021265612449496984,1.0,0.32112690061330795,0.23787237703800201,0.3129644989967346,0.2430541217327118,0.22440451383590698,0.1792462319135666,1.0
1790268551.6836152,3.9791605472564697,83,0,19,0.058413855731487274,0.11795927584171295,0.020968172699213028,0.038253508508205414,0.13361430168151855,0.0006502686301246285,1.0,22,0.08308549225330353,0.1039581298828125,0.03502168506383896,0.06549941003322601,0.14721545577049255,0.003271146211773157,1.0,39,0.08584712445735931,0.09069706499576569,0.031497467309236526,0.027005916461348534,0.12763141095638275,0.0012637395411729813,1.0,74,0.061715614050626755,0.09370505064725876,0.03967966139316559,0.043522171676158905,0.11727850139141083,0.001022498356178403,1.0,0.14041487872600555,0.11095870286226273,0.12763141095638275,0.09069706499576569,0.11727850139141083,0.09370505064725876,1.0
1790268551.7354987,4.031044006347656,84,0,19,0.09283447265625,0.03185633569955826,0.05627300962805748,0.04104052856564522,0.10585551708936691,0.0015070276567712426,1.0,22,0.010502208024263382,0.05334125831723213,0.04722893610596657,0.03903328999876976,0.0743531882762909,0.0013887365348637104,1.0,39,0.055201996117830276,-0.012719178572297096,0.040147267282009125,0.02490776777267456,0.06285751610994339,0.0011708613019436598,1.0,74,0.05716478452086449,-0.007407317403703928,0.04084548354148865,0.043093107640743256,0.07164609432220459,0.001187690650112927,1.0,0.0901043526828289,0.042598797008395195,0.06285751610994339,-0.012719178572297096,0.07164609432220459,-0.007407317403703928,1.0
1790268551.7835467,4.079092025756836,85,0,19,0.1438751220703125,-0.03917894884943962,0.044331397861242294,0.05830773711204529,0.16127893328666687,0.0018981262110173702,1.0,22,0.026396317407488823,-0.01528167724609375,0.025845224037766457,0.04398830235004425,0.05254272371530533,0.0016382739413529634,1.0,39,0.05661753937602043,-0.15275417268276215,0.049801550805568695,0.06091657653450966,0.16831395030021667,0.0022158275824040174,1.0,74,0.09190946072340012,-0.10554628074169159,0.06634413450956345,0.08514940738677979,0.16377794742584229,0.0015005189925432205,1.0,0.1069108285009861,-0.027230313047766685,0.16831395030021667,-0.15275417268276215,0.16377794742584229,-0.10554628074169159,1.0
1790268551.8355196,4.1310648918151855,86,0,19,0.21550871431827545,-0.08193327486515045,0.0961826890707016,0.05042337626218796,0.2388867884874344,0.003158019855618477,1.0,22,0.06876997649669647,-0.055290915071964264,0.04437539353966713,0.03559811785817146,0.0933690294623375,0.0017373237060382962,1.0,39,0.10118885338306427,-0.27638205885887146,0.06513088941574097,0.10649790614843369,0.2982253432273865,0.003683581482619047,1.0,74,0.14087574183940887,-0.19849354028701782,0.08613089472055435,0.13511407375335693,0.2702057361602783,0.002675358671694994,1.0,0.16612790897488594,-0.06861209496855736,0.2982253432273865,-0.27638205885887146,0.2702057361602783,-0.19849354028701782,1.0
1790268551.8839622,4.179507493972778,87,0,19,0.5484105348587036,0.10162273049354553,0.3078971803188324,0.23606717586517334,0.595273494720459,0.047024913132190704,1.0,21,0.072982057929039,0.0564495250582695,0.20318536460399628,0.397943913936615,0.27072739601135254,0.0811593309044838,0.9545454545454546,39,0.10809091478586197,-0.24442428350448608,0.06554120033979416,0.07428941130638123,0.2705806791782379,0.0025045471265912056,1.0,74,0.2403648942708969,-0.12782245874404907,0.1787605583667755,0.30283087491989136,0.37534332275390625,0.014478875324130058,1.0,0.43300044536590576,0.07903612777590752,0.2705806791782379,-0.24442428350448608,0.37534332275390625,-0.12782245874404907,0.9886363636363636
1790268551.9356058,4.231151103973389,88,0,18,1.1442819833755493,0.3626708984375,1.1612991094589233,0.6003008484840393,1.2406234741210938,0.34276050329208374,0.9473684210526315,17,0.07954137772321701,0.14094454050064087,0.24661120772361755,0.32486239075660706,0.30425411462783813,0.1509290486574173,0.8095238095238095,39,0.11454498767852783,-0.22390159964561462,0.05713224038481712,0.05807049199938774,0.2563449740409851,0.0017252875259146094,1.0,71,0.36016136407852173,-0.05490456148982048,0.6956597566604614,0.3964272141456604,0.47088268399238586,0.07949905842542648,0.9594594594594594,0.7724387943744659,0.25180771946907043,0.2563449740409851,-0.22390159964561462,0.47088268399238586,-0.05490456148982048,0.9290879225089752
1790268551.987573,4.28311824798584,89,0,18,0.1143374964594841,0.1274956613779068,0.1623673290014267,0.3138238191604614,0.28362518548965454,0.014671217650175095,1.0,17,0.03875911980867386,-0.01591671258211136,0.06193109601736069,0.09054698795080185,0.10387371480464935,0.006755863316357136,1.0,39,0.045859310775995255,-0.20949730277061462,0.04271916672587395,0.0535883791744709,0.2172468900680542,0.0028586494736373425,1.0,71,0.07508635520935059,-0.0907021090388298,0.10185582935810089,0.21467065811157227,0.21941620111465454,0.0054723829962313175,1.0,0.19374945014715195,0.05578947439789772,0.2172468900680542,-0.20949730277061462,0.21941620111465454,-0.0907021090388298,1.0
1790268552.0355337,4.331079006195068,90,1,18,-0.0127724539488554,-0.0180630162358284,0.11367259174585342,0.05915869399905205,0.10803843289613724,0.002823025453835726,1.0,17,0.0024126837961375713,-0.055410947650671005,0.045763127505779266,0.08332032710313797,0.07473663240671158,0.0032203602604568005,1.0,39,-0.03272462636232376,-0.2548777163028717,0.08401062339544296,0.07209750264883041,0.2714517414569855,0.0032788817770779133,1.0,71,0.0051297470927238464,-0.15799379348754883,0.10212123394012451,0.11493944376707077,0.19972974061965942,0.002386371837928891,1.0,0.09138753265142441,-0.0367369819432497,0.2714517414569855,-0.2548777163028717,0.19972974061965942,-0.15799379348754883,1.0
1790268552.0874932,4.383038520812988,91,0,18,-0.02004157193005085,-0.0676761195063591,0.11183622479438782,0.056622620671987534,0.12390647828578949,0.0018582599004730582,1.0,17,-0.05418665334582329,-0.08449599146842957,0.07073904573917389,0.09010873734951019,0.12673142552375793,0.0055281491950154305,1.0,39,-0.07761324197053909,-0.31146669387817383,0.06401852518320084,0.05001342296600342,0.3264883756637573,0.0030622093472629786,1.0,71,-0.018350735306739807,-0.20604631304740906,0.12009360641241074,0.12872833013534546,0.2466704398393631,0.0022031350526958704,1.0,0.1253189519047737,-0.07608605548739433,0.3264883756637573,-0.31146669387817383,0.2466704398393631,-0.20604631304740906,1.0
1790268552.1355872,4.431132555007935,92,0,18,-0.0407918281853199,-0.06332143396139145,0.09293082356452942,0.027177726849913597,0.11554503440856934,0.0012674868339672685,1.0,17,-0.0452880859375,-0.12180104106664658,0.032893307507038116,0.05481896921992302,0.13522113859653473,0.004181288182735443,1.0,39,-0.06718131899833679,-0.25616455078125,0.052996210753917694,0.05489697679877281,0.26884785294532776,0.002953513292595744,1.0,71,-0.013858634047210217,-0.16400963068008423,0.08891534805297852,0.10573401302099228,0.1939866840839386,0.0016836737049743533,1.0,0.12538308650255203,-0.09256123751401901,0.26884785294532776,-0.25616455078125,0.1939866840839386,-0.16400963068008423,1.0
1790268552.1876798,4.483225107192993,93,0,18,-0.0022413465194404125,-0.07131703943014145,0.05287747085094452,0.018766701221466064,0.08928252011537552,0.0010642826091498137,1.0,17,-0.045968446880578995,-0.12022668868303299,0.06114227697253227,0.08993665128946304,0.14497442543506622,0.0028129618149250746,1.0,39,-0.03614846244454384,-0.1767527312040329,0.045045655220746994,0.042528826743364334,0.18530070781707764,0.002534417435526848,1.0,71,-0.00016354842227883637,-0.11708090454339981,0.06620212644338608,0.07043919712305069,0.13935565948486328,0.0015174903674051166,1.0,0.11712847277522087,-0.09577186405658722,0.18530070781707764,-0.1767527312040329,0.13935565948486328,-0.11708090454339981,1.0
1790268552.2396276,4.535172939300537,94,0,18,0.0274378452450037,-0.0676727294921875,0.05497298017144203,0.012764577753841877,0.09055717289447784,0.0012022411683574319,1.0,17,-0.020103903487324715,-0.0887513980269432,0.046858612447977066,0.02986995130777359,0.10134798288345337,0.0020574750378727913,1.0,39,-0.005770169664174318,-0.10825680196285248,0.029601607471704483,0.0269769299775362,0.11287174373865128,0.0009368305327370763,1.0,71,0.025918664410710335,-0.0914212092757225,0.05110672488808632,0.04325440898537636,0.11019542068243027,0.0009943193290382624,1.0,0.0959525778889656,-0.07821206375956535,0.11287174373865128,-0.10825680196285248,0.11019542068243027,-0.0914212092757225,1.0
1790268552.2876034,4.583148717880249,95,0,18,0.0497317835688591,-0.10557471215724945,0.05922247841954231,0.14364126324653625,0.14990095794200897,0.003583491314202547,1.0,17,0.03975363448262215,-0.055045634508132935,0.03554791212081909,0.07318215817213058,0.08653983473777771,0.00887971930205822,1.0,39,0.043910883367061615,-0.06381890922784805,0.019443776458501816,0.025925159454345703,0.08007768541574478,0.0008410905720666051,1.0,71,0.051238153129816055,-0.06694524735212326,0.03805163875222206,0.0842914879322052,0.09783831983804703,0.0024563679471611977,1.0,0.11822039633989334,-0.08031017333269119,0.08007768541574478,-0.06381890922784805,0.09783831983804703,-0.06694524735212326,1.0
1790268552.3396347,4.6351799964904785,96,0,18,0.05753834918141365,-0.30412209033966064,0.18372289836406708,0.516916811466217,0.3648856580257416,0.02583971433341503,1.0,17,0.04426305368542671,-0.08526521921157837,0.044457368552684784,0.1122790053486824,0.11893823742866516,0.04798205941915512,1.0,39,0.06027260795235634,-0.020216722041368484,0.014698878861963749,0.01936285011470318,0.06566143035888672,0.0009076586575247347,1.0,71,0.07184331864118576,-0.08950074762105942,0.1151011660695076,0.2925352156162262,0.15734998881816864,0.007959987968206406,1.0,0.24191194772720337,-0.1946936547756195,0.06566143035888672,-0.020216722041368484,0.15734998881816864,-0.08950074762105942,1.0
1790268552.3875678,4.683113098144531,97,0,18,-0.40398067235946655,-0.21202002465724945,0.6302827000617981,0.312466561794281,0.5338252782821655,0.0874703899025917,1.0,17,0.05627800524234772,-0.05832986161112785,0.06488876789808273,0.11381541192531586,0.12040341645479202,0.05030858516693115,1.0,39,0.1151682510972023,0.0053644427098333836,0.05850601568818092,0.03767064958810806,0.12172523885965347,0.0012231162982061505,1.0,71,-0.028492242097854614,-0.05273072049021721,0.3904128074645996,0.19180509448051453,0.21828721463680267,0.0217166468501091,1.0,0.3271143473684788,-0.13517494313418865,0.12172523885965347,0.0053644427098333836,0.21828721463680267,-0.05273072049021721,1.0
1790268552.4395545,4.735099792480469,98,0,18,-0.16791874170303345,-0.2703281044960022,0.35701119899749756,0.39572247862815857,0.39233410358428955,0.05602668970823288,1.0,17,0.10608987510204315,-0.09987146407365799,0.1884293556213379,0.208068385720253,0.20697908103466034,0.09919239580631256,1.0,39,0.11717145889997482,-0.014373779296875,0.024618057534098625,0.026367174461483955,0.12138242274522781,0.0010541572701185942,1.0,71,0.03877580538392067,-0.0736599788069725,0.2126501053571701,0.23028525710105896,0.17255114018917084,0.01113633718341589,1.0,0.29965659230947495,-0.1850997842848301,0.12138242274522781,-0.014373779296875,0.17255114018917084,-0.0736599788069725,1.0
1790268552.4920266,4.787571907043457,99,0,18,-0.052642822265625,-0.1858249306678772,0.1889636218547821,0.19341067969799042,0.26490727066993713,0.017845654860138893,1.0,17,0.12810920178890228,-0.1069273129105568,0.130824014544487,0.11035745590925217,0.18463292717933655,0.007026760373264551,1.0,39,0.08910467475652695,-0.04334239289164543,0.02963864617049694,0.01834028773009777,0.10029490292072296,0.0007787233917042613,1.0,71,0.06170288845896721,-0.07334212213754654,0.08935341238975525,0.11558601260185242,0.12906739115715027,0.0032359822653234005,1.0,0.22477009892463684,-0.146376121789217,0.10029490292072296,-0.04334239289164543,0.12906739115715027,-0.07334212213754654,1.0
1790268552.5394983,4.835043668746948,100,0,18,0.02814653143286705,-0.11963483691215515,0.04218713194131851,0.07323282957077026,0.13467545807361603,0.0016363553004339337,1.0,17,0.057455625385046005,-0.06960611045360565,0.04150017723441124,0.08045204728841782,0.10494261980056763,0.0038189818151295185,1.0,39,0.0808054581284523,-0.06787187606096268,0.03150144964456558,0.018010906875133514,0.10714748501777649,0.000800335023086518,1.0,71,0.0661391168832779,-0.06675075739622116,0.03792170435190201,0.04948589578270912,0.10348930954933167,0.0007520596846006811,1.0,0.11980903893709183,-0.0946204736828804,0.10714748501777649,-0.06787187606096268,0.10348930954933167,-0.06675075739622116,1.0
1790268552.5914955,4.887040853500366,101,0,18,0.05735354870557785,-0.1566975861787796,0.05683274567127228,0.08457498997449875,0.18139125406742096,0.00321683450601995,1.0,17,0.10005277395248413,-0.1339847296476364,0.09124699980020523,0.061572395265102386,0.1768745630979538,0.003815322183072567,1.0,39,0.08840511739253998,-0.10528799146413803,0.02911679446697235,0.029033822938799858,0.13927938044071198,0.0011604572646319866,1.0,71,0.07529760897159576,-0.10310664772987366,0.04522319138050079,0.06374745070934296,0.13414204120635986,0.0011567602632567286,1.0,0.17913290858268738,-0.145341157913208,0.13927938044071198,-0.10528799146413803,0.13414204120635986,-0.10310664772987366,1.0
1790268552.6394866,4.935031890869141,102,0,18,0.05529870092868805,-0.1485917866230011,0.06116381660103798,0.07419243454933167,0.17624306678771973,0.0018280171789228916,1.0,17,0.052161723375320435,-0.12026708573102951,0.02675629034638405,0.051803138107061386,0.13500308990478516,0.003669610247015953,1.0,39,0.11123422533273697,-0.1636587232351303,0.05216300114989281,0.0593058280646801,0.199883371591568,0.0022798592690378428,1.0,71,0.08666712790727615,-0.1381186842918396,0.04678386449813843,0.08218583464622498,0.17098571360111237,0.0017291564727202058,1.0,0.15562307834625244,-0.1344294361770153,0.199883371591568,-0.1636587232351303,0.17098571360111237,-0.1381186842918396,1.0
1790268552.6916738,4.9872190952301025,103,0,18,0.13676367700099945,-0.1942087858915329,0.062043532729148865,0.0856616273522377,0.2534137964248657,0.0020285730715841055,1.0,17,0.10978788137435913,-0.1388612687587738,0.07346569001674652,0.06259051710367203,0.18468205630779266,0.008043735288083553,1.0,39,0.11735416948795319,-0.21857120096683502,0.06353497505187988,0.062463268637657166,0.25330057740211487,0.00287158926948905,1.0,71,0.12912867963314056,-0.17185673117637634,0.07448413223028183,0.09017129242420197,0.2259019911289215,0.0019388830987736583,1.0,0.2190479263663292,-0.16653502732515335,0.25330057740211487,-0.21857120096683502,0.2259019911289215,-0.17185673117637634,1.0
1790268552.7435997,5.039144992828369,104,0,18,0.1772291362285614,-0.20046912133693695,0.07596646994352341,0.05538368597626686,0.2787086069583893,0.003441478358581662,1.0,17,0.09980504959821701,-0.1434353142976761,0.0666712075471878,0.059961311519145966,0.18656063079833984,0.002989464206621051,1.0,39,0.12289781123399734,-0.25912436842918396,0.05196689814329147,0.0786539763212204,0.29013609886169434,0.003769809613004327,1.0,71,0.13644151389598846,-0.21188461780548096,0.06515288352966309,0.09994686394929886,0.26514410972595215,0.0022410235833376646,1.0,0.23263461887836456,-0.17195221781730652,0.29013609886169434,-0.25912436842918396,0.26514410972595215,-0.21188461780548096,1.0
1790268552.7915902,5.087135553359985,105,1,18,0.2262166291475296,-0.24324290454387665,0.04592965170741081,0.08050078898668289,0.34220272302627563,0.0029811894055455923,1.0,17,0.13398653268814087,-0.20168079435825348,0.06092558056116104,0.064283087849617,0.2527807950973511,0.006413901224732399,1.0,39,0.14733417332172394,-0.23174071311950684,0.04610771685838699,0.06104743480682373,0.27587616443634033,0.002471459098160267,1.0,71,0.17302800714969635,-0.2106858342885971,0.07086644321680069,0.09653326869010925,0.28365981578826904,0.001623012823984027,1.0,0.29749175906181335,-0.22246184945106506,0.27587616443634033,-0.23174071311950684,0.28365981578826904,-0.2106858342885971,1.0
1790268552.8435452,5.139090538024902,106,0,18,0.2734883725643158,-0.1409589946269989,0.06441393494606018,0.03457937017083168,0.3114841878414154,0.0024494039826095104,1.0,17,0.22198486328125,-0.11036951094865799,0.07621204107999802,0.05220166593790054,0.253033846616745,0.005793266464024782,1.0,39,0.21502920985221863,-0.15010149776935577,0.06455941498279572,0.04143686220049858,0.26555654406547546,0.0028693329077214003,1.0,71,0.23278872668743134,-0.12188591808080673,0.0739467591047287,0.06682947278022766,0.2709205150604248,0.00212841690517962,1.0,0.2822590172290802,-0.12566425278782845,0.26555654406547546,-0.15010149776935577,0.2709205150604248,-0.12188591808080673,1.0
1790268552.8915837,5.187129020690918,107,0,18,0.32984670996665955,-0.0533091239631176,0.05821380391716957,0.022619014605879784,0.3349987268447876,0.0018481463193893433,1.0,17,0.22698795795440674,-0.0647735595703125,0.07317349314689636,0.04726072773337364,0.23969154059886932,0.005203895270824432,1.0,39,0.3561084568500519,-0.09245143830776215,0.10959171503782272,0.05160839110612869,0.3700491786003113,0.0035973580088466406,1.0,71,0.32412290573120117,-0.047874558717012405,0.10927607119083405,0.06437724083662033,0.33297717571258545,0.002222929149866104,1.0,0.28734513372182846,-0.05904134176671505,0.3700491786003113,-0.09245143830776215,0.33297717571258545,-0.047874558717012405,1.0
1790268552.9435036,5.239048957824707,108,0,18,0.4641350507736206,-0.012393527664244175,0.06807816028594971,0.08036328852176666,0.4707068204879761,0.0024900538846850395,1.0,17,0.36829331517219543,-0.02278226986527443,0.08341757953166962,0.04844263195991516,0.37174201011657715,0.005255512893199921,1.0,39,0.3468111455440521,-0.04420275613665581,0.07668457180261612,0.031850289553403854,0.35101446509361267,0.0027610433753579855,1.0,71,0.37579345703125,-0.04532096907496452,0.11919309198856354,0.08079961687326431,0.3883105218410492,0.002410195767879486,1.0,0.4212244153022766,-0.017587898764759302,0.35101446509361267,-0.04420275613665581,0.3883105218410492,-0.04532096907496452,1.0
1790268552.995526,5.29107141494751,109,0,18,0.41010963916778564,-0.1249033585190773,0.05744225159287453,0.050283033400774,0.43127158284187317,0.002260089386254549,1.0,17,0.37190157175064087,-0.04193294793367386,0.07241268455982208,0.04523474723100662,0.37670353055000305,0.009408571757376194,1.0,39,0.3556678891181946,-0.14975249767303467,0.05035095661878586,0.04279933497309685,0.3876342177391052,0.002437428804114461,1.0,71,0.35781365633010864,-0.1391752064228058,0.09702444076538086,0.06589550524950027,0.3890025317668915,0.00293388101272285,1.0,0.4039875566959381,-0.08341815322637558,0.3876342177391052,-0.14975249767303467,0.3890025317668915,-0.1391752064228058,1.0
1790268553.0435498,5.339095115661621,110,0,18,0.4092864990234375,-0.1835852712392807,0.060116931796073914,0.053463131189346313,0.45077112317085266,0.002181318588554859,1.0,17,0.3141210079193115,-0.17029616236686707,0.09659618139266968,0.14027902483940125,0.38121479749679565,0.005372345447540283,1.0,39,0.36214661598205566,-0.2497609406709671,0.08619602769613266,0.08037164062261581,0.4429106116294861,0.003443483030423522,1.0,71,0.35934382677078247,-0.22071795165538788,0.1071053072810173,0.09651754051446915,0.42859962582588196,0.002828167984262109,1.0,0.41599296033382416,-0.17694071680307388,0.4429106116294861,-0.2497609406709671,0.42859962582588196,-0.22071795165538788,1.0
1790268553.095572,5.391117334365845,111,0,18,0.31255850195884705,-0.17921192944049835,0.053097475320100784,0.026494624093174934,0.3615301251411438,0.00129199109505862,1.0,17,0.29991599917411804,-0.1304231584072113,0.049309615045785904,0.10153227299451828,0.342375785112381,0.00819807406514883,1.0,39,0.27758947014808655,-0.20865963399410248,0.08116263151168823,0.05116603896021843,0.3494839668273926,0.00373290223069489,1.0,71,0.27800825238227844,-0.17534691095352173,0.09237983077764511,0.0768824890255928,0.33597007393836975,0.002592582954093814,1.0,0.3519529551267624,-0.15481754392385483,0.3494839668273926,-0.20865963399410248,0.33597007393836975,-0.17534691095352173,1.0
1790268553.1436083,5.439153671264648,112,0,18,0.2674238383769989,-0.0906999409198761,0.0482759103178978,0.03612592816352844,0.28450945019721985,0.001925479038618505,1.0,17,0.191162109375,-0.060247983783483505,0.032377347350120544,0.024443261325359344,0.20205771923065186,0.003875320078805089,1.0,39,0.21199935674667358,-0.12132576107978821,0.039847977459430695,0.03509960323572159,0.24573585391044617,0.0017643127357587218,1.0,71,0.20926763117313385,-0.10151951760053635,0.06175694242119789,0.05212993919849396,0.23734450340270996,0.002067053923383355,1.0,0.24328358471393585,-0.0754739623516798,0.24573585391044617,-0.12132576107978821,0.23734450340270996,-0.10151951760053635,1.0
1790268553.1956172,5.491162538528442,113,0,18,0.15893639624118805,-0.0611470527946949,0.05680036172270775,0.033729974180459976,0.17476938664913177,0.0013939004857093096,1.0,17,0.15056654810905457,-0.04739739000797272,0.04462524503469467,0.05049867928028107,0.16643553972244263,0.002559516578912735,1.0,39,0.16405311226844788,-0.06401531398296356,0.0424899123609066,0.026452388614416122,0.17692601680755615,0.0016948620323091745,1.0,71,0.14413967728614807,-0.045982684940099716,0.05111141502857208,0.036524929106235504,0.15523333847522736,0.0016288598999381065,1.0,0.1706024631857872,-0.05427222140133381,0.17692601680755615,-0.06401531398296356,0.15523333847522736,-0.045982684940099716,1.0
1790268553.2475865,5.5431318283081055,114,0,18,0.0952843576669693,-0.007977803237736225,0.019217798486351967,0.021507559344172478,0.09802145510911942,0.0010361860040575266,1.0,17,0.15224860608577728,0.005363913252949715,0.07020402699708939,0.035556722432374954,0.15720194578170776,0.0028647053986787796,1.0,39,0.13528050482273102,-0.025144919753074646,0.041944097727537155,0.02305382676422596,0.13905014097690582,0.0009643119410611689,1.0,71,0.10738555341959,-0.012066693045198917,0.03884578123688698,0.021871842443943024,0.11060050129890442,0.0008160191355273128,1.0,0.1276117004454136,-0.0013069449923932552,0.13905014097690582,-0.025144919753074646,0.11060050129890442,-0.012066693045198917,1.0
1790268553.2955363,5.591081619262695,115,0,18,0.07659912109375,0.0029127332381904125,0.03961601108312607,0.015420514158904552,0.0784635841846466,0.0010190637549385428,1.0,17,0.05939797684550285,-0.004860373213887215,0.02847619727253914,0.036703020334243774,0.07160024344921112,0.002025362802669406,1.0,39,0.08846654742956161,0.0049504986964166164,0.02950434572994709,0.02487182430922985,0.09172116965055466,0.0011771663557738066,1.0,71,0.07012961059808731,0.0023700552992522717,0.030539270490407944,0.021879544481635094,0.07393451780080795,0.0008816876215860248,1.0,0.07503191381692886,-0.0009738199878484011,0.09172116965055466,0.0049504986964166164,0.07393451780080795,0.0023700552992522717,1.0
1790268553.3475087,5.643054008483887,116,0,18,0.0307193323969841,0.0199262835085392,0.027108117938041687,0.017953038215637207,0.04286600649356842,0.0005014941561967134,1.0,17,0.05408073961734772,-0.0008158964337781072,0.04164345934987068,0.04674689844250679,0.07346004992723465,0.0016914776060730219,1.0,39,0.031276606023311615,0.015467326156795025,0.02160138450562954,0.015041329897940159,0.03993154689669609,0.001003467827104032,1.0,71,0.027885545045137405,0.012614076025784016,0.02072748914361,0.015364578925073147,0.03633489832282066,0.0007474165759049356,1.0,0.058163028210401535,0.009555193537380546,0.03993154689669609,0.015467326156795025,0.03633489832282066,0.012614076025784016,1.0
1790268553.395623,5.691168308258057,117,0,18,-0.013463337905704975,0.02362908236682415,0.011377669870853424,0.012402279302477837,0.030069708824157715,0.0005970868514850736,1.0,17,-0.002227783203125,0.01912105828523636,0.02275395765900612,0.01870441809296608,0.030866332352161407,0.0017359661869704723,1.0,39,0.009327814914286137,0.01912160962820053,0.020271936431527138,0.01484058890491724,0.030138282105326653,0.0010340805165469646,1.0,71,-0.005114702973514795,0.01804792322218418,0.019851986318826675,0.01729615218937397,0.029547294601798058,0.0008146638865582645,1.0,0.03046802058815956,0.021375070326030254,0.030138282105326653,0.01912160962820053,0.029547294601798058,0.01804792322218418,1.0
1790268553.4475198,5.743065118789673,118,0,18,-0.077056884765625,0.01851399801671505,0.06154920905828476,0.03737494722008705,0.0923488438129425,0.0013821920147165656,1.0,17,-0.010858871974050999,0.03175443783402443,0.03362533822655678,0.030467433854937553,0.0476175956428051,0.0014952430501580238,1.0,39,-0.03228681534528732,0.0062870122492313385,0.02396702952682972,0.015582658350467682,0.03760507330298424,0.0008937186212278903,1.0,71,-0.052838608622550964,0.013540348969399929,0.04373123124241829,0.02295743301510811,0.05996588617563248,0.0007536282064393163,1.0,0.0699832197278738,0.02513421792536974,0.03760507330298424,0.0062870122492313385,0.05996588617563248,0.013540348969399929,1.0
1790268553.4999042,5.795449495315552,119,0,18,-0.08511437475681305,0.0336659736931324,0.03520781546831131,0.02170228585600853,0.09632997959852219,0.001045911107212305,1.0,17,-0.06196504458785057,0.003420661436393857,0.045091088861227036,0.034516360610723495,0.0690552294254303,0.0028400172013789415,1.0,39,-0.09325506538152695,0.023504404351115227,0.05359017103910446,0.01877494901418686,0.09992129355669022,0.0009707928984425962,1.0,71,-0.08256788551807404,0.02880322001874447,0.044212162494659424,0.025795357301831245,0.09213750809431076,0.0008238953887484968,1.0,0.08269260451197624,0.01854331756476313,0.09992129355669022,0.023504404351115227,0.09213750809431076,0.02880322001874447,1.0
1790268553.5475833,5.843128681182861,120,1,18,-0.03222401812672615,0.1912604421377182,0.15143154561519623,0.17119835317134857,0.25359418988227844,0.011397231370210648,1.0,17,-0.1274019181728363,0.053123027086257935,0.1065579429268837,0.1005203127861023,0.15282076597213745,0.02423184923827648,1.0,39,-0.09470660984516144,0.05863169953227043,0.03411586582660675,0.021854061633348465,0.11337247490882874,0.0007924343226477504,1.0,71,-0.09176614135503769,0.0777759850025177,0.056009821593761444,0.1003795713186264,0.13896846771240234,0.0018135183490812778,1.0,0.20320747792720795,0.12219173461198807,0.11337247490882874,0.05863169953227043,0.13896846771240234,0.0777759850025177,1.0
1790268553.5996149,5.89516019821167,121,0,18,0.6912426352500916,0.7935731410980225,1.1174317598342896,0.8623124361038208,1.192279577255249,0.3092999756336212,1.0,15,-0.0931803360581398,0.2961415648460388,0.2358197420835495,0.45351529121398926,0.4131568968296051,0.08413825184106827,0.8823529411764706,39,-0.10266973823308945,0.09894033521413803,0.03833470493555069,0.03572121635079384,0.14375559985637665,0.001077408087439835,1.0,71,0.05264991521835327,0.25703924894332886,0.5983375310897827,0.5396214723587036,0.3685002624988556,0.06948035955429077,1.0,0.8027182370424271,0.5448573529720306,0.14375559985637665,0.09894033521413803,0.3685002624988556,0.25703924894332886,0.9705882352941176
1790268553.6477046,5.943249940872192,122,0,18,0.0827399343252182,0.4766133725643158,0.31038957834243774,0.36825498938560486,0.5507625937461853,0.06316355615854263,1.0,15,-0.15283814072608948,0.09786885231733322,0.06751983612775803,0.09901051223278046,0.20195181667804718,0.008221160620450974,1.0,39,-0.13584782183170319,0.17267706990242004,0.05425795540213585,0.06456957012414932,0.22185572981834412,0.003645444056019187,1.0,71,-0.0791340172290802,0.2227306067943573,0.18953421711921692,0.24187010526657104,0.28220081329345703,0.016985870897769928,1.0,0.37635720521211624,0.2872411124408245,0.22185572981834412,0.17267706990242004,0.28220081329345703,0.2227306067943573,1.0
1790268553.6994944,5.995039701461792,123,0,18,-0.14889271557331085,0.2149403840303421,0.08761719614267349,0.11544422805309296,0.27231061458587646,0.003588458290323615,1.0,15,-0.1249593123793602,0.08575439453125,0.023018507286906242,0.06823448836803436,0.1639251559972763,0.0024684478994458914,1.0,39,-0.08481226116418839,0.09296554327011108,0.03129734843969345,0.029554808512330055,0.12776555120944977,0.0011552228825166821,1.0,71,-0.09197138249874115,0.11320388317108154,0.06420323252677917,0.08717797696590424,0.1525612622499466,0.0017505644354969263,1.0,0.21811788529157639,0.15034738928079605,0.12776555120944977,0.09296554327011108,0.1525612622499466,0.11320388317108154,1.0
1790268553.7515843,6.0471296310424805,124,0,18,-0.0553741455078125,0.0631764754652977,0.04139558598399162,0.02534450590610504,0.09133370220661163,0.0015914286486804485,1.0,15,-0.09894409030675888,0.05907084047794342,0.07199995219707489,0.04435337334871292,0.1256617158651352,0.004485437646508217,1.0,39,-0.06629513204097748,0.04612458124756813,0.024768203496932983,0.02607988566160202,0.08367625623941422,0.0008121630526147783,1.0,71,-0.04946770519018173,0.03542854264378548,0.03826124966144562,0.027159132063388824,0.06818137317895889,0.0010433780262246728,1.0,0.10849770903587341,0.06112365797162056,0.08367625623941422,0.04612458124756813,0.06818137317895889,0.03542854264378548,1.0
1790268553.7995303,6.095075607299805,125,0,18,-0.03037346713244915,0.0331268310546875,0.025298459455370903,0.024408362805843353,0.0504169687628746,0.0009707249701023102,1.0,15,-0.05504760891199112,0.01778259314596653,0.04012696072459221,0.053498368710279465,0.08178891986608505,0.0022893694695085287,1.0,39,-0.04377198964357376,-0.00445165392011404,0.02317594736814499,0.020468587055802345,0.04927435144782066,0.0008023527334444225,1.0,71,-0.03223945572972298,0.008059434592723846,0.02724510245025158,0.027794767171144485,0.0444556325674057,0.0008758644107729197,1.0,0.06610294431447983,0.025454712100327015,0.04927435144782066,-0.00445165392011404,0.0444556325674057,0.008059434592723846,1.0
1790268553.851656,6.147201299667358,126,0,18,-0.0197626743465662,0.0261722132563591,0.01626211777329445,0.02381769008934498,0.038875579833984375,0.0007919530617073178,1.0,15,-0.06114501878619194,-0.02166849747300148,0.030154215171933174,0.0337139330804348,0.07322488725185394,0.001475112047046423,1.0,39,-0.04615001007914543,-0.029511671513319016,0.023878993466496468,0.027141427621245384,0.060404565185308456,0.0008743146318010986,1.0,71,-0.024129947647452354,-0.007347214501351118,0.03207636997103691,0.03204679861664772,0.04460010305047035,0.000635550997685641,1.0,0.05605023354291916,0.00225185789167881,0.060404565185308456,-0.029511671513319016,0.04460010305047035,-0.007347214501351118,1.0
1790268553.8995235,6.195068836212158,127,0,18,-0.0994177907705307,0.04672156274318695,0.07123415917158127,0.07144977152347565,0.1311284899711609,0.002508749719709158,1.0,15,-0.13609008491039276,-0.05892639234662056,0.06397279351949692,0.07909228652715683,0.17024368047714233,0.003962620161473751,1.0,39,-0.09766172617673874,-0.055456697940826416,0.06530380994081497,0.03857634216547012,0.11943572759628296,0.0015255018370226026,1.0,71,-0.08347675204277039,-0.015854312106966972,0.09337712824344635,0.06939248740673065,0.11279447376728058,0.0015332659240812063,1.0,0.1506860852241516,-0.0061024148017168045,0.11943572759628296,-0.055456697940826416,0.11279447376728058,-0.015854312106966972,1.0
1790268553.951611,6.247156381607056,128,0,18,-0.2108476459980011,0.0766821950674057,0.08227863907814026,0.07351024448871613,0.2351103574037552,0.003093656152486801,1.0,15,-0.23541870713233948,-0.11463215947151184,0.06294525414705276,0.04255710914731026,0.26525232195854187,0.005584608297795057,1.0,39,-0.1036631241440773,-0.06809528172016144,0.061581093817949295,0.04194549471139908,0.13211630284786224,0.001068432000465691,1.0,71,-0.11606308072805405,-0.00891800969839096,0.1063237413764,0.09521893411874771,0.14605283737182617,0.0013500087661668658,1.0,0.25018133968114853,-0.01897498220205307,0.13211630284786224,-0.06809528172016144,0.14605283737182617,-0.00891800969839096,1.0
1790268554.0036197,6.2991650104522705,129,0,18,-0.2553371787071228,-0.03045060858130455,0.15170861780643463,0.20889590680599213,0.30804377794265747,0.012178721837699413,1.0,15,-0.2568155825138092,0.009814453311264515,0.07434143871068954,0.1263812929391861,0.2830134332180023,0.014808175154030323,1.0,39,-0.21418605744838715,-0.06568126380443573,0.06571757793426514,0.024003656581044197,0.2257588505744934,0.0014956824015825987,1.0,71,-0.1764681041240692,-0.04736564680933952,0.1279553920030594,0.11349976062774658,0.20240940153598785,0.004213084001094103,1.0,0.2955286055803299,-0.010318077635020018,0.2257588505744934,-0.06568126380443573,0.20240940153598785,-0.04736564680933952,1.0
1790268554.0516057,6.347151041030884,130,0,18,-0.4403720498085022,-0.3222079873085022,0.4358615577220917,0.5569952726364136,0.5946375131607056,0.04072488099336624,1.0,15,-0.1609090119600296,-0.12240397185087204,0.08190745860338211,0.1434721052646637,0.21518681943416595,0.022726379334926605,1.0,39,-0.22597289085388184,-0.1066538468003273,0.06262049823999405,0.028113197535276413,0.2520428001880646,0.002424753736704588,1.0,71,-0.21278294920921326,-0.14706571400165558,0.2651549279689789,0.3091529905796051,0.27853259444236755,0.011843129061162472,1.0,0.40491216629743576,-0.22230597957968712,0.2520428001880646,-0.1066538468003273,0.27853259444236755,-0.14706571400165558,1.0
1790268554.1037815,6.399326801300049,131,0,18,-0.5523970127105713,-0.48345524072647095,0.6927031874656677,0.6119032502174377,0.7526185512542725,0.056437280029058456,1.0,15,-0.1238606795668602,-0.14936015009880066,0.13384152948856354,0.13708406686782837,0.20059825479984283,0.035985495895147324,1.0,39,-0.11812454462051392,-0.15498273074626923,0.04522716999053955,0.04547851160168648,0.1984211653470993,0.0015735646011307836,1.0,71,-0.1933421790599823,-0.2102297991514206,0.40827786922454834,0.3557206094264984,0.2937547266483307,0.014815188013017178,1.0,0.47660840302705765,-0.3164076954126358,0.1984211653470993,-0.15498273074626923,0.2937547266483307,-0.2102297991514206,1.0
1790268554.1515515,6.447096824645996,132,0,18,-0.10705481469631195,-0.34235212206840515,0.18909549713134766,0.34277620911598206,0.3728674352169037,0.03803587704896927,1.0,15,-0.01694335974752903,-0.09537149965763092,0.03857557848095894,0.1133754625916481,0.10572490841150284,0.012764306738972664,1.0,39,-0.04461943730711937,-0.15197792649269104,0.03485671058297157,0.039039045572280884,0.1634434312582016,0.0019265873124822974,1.0,71,-0.04569341242313385,-0.16625288128852844,0.10418380051851273,0.20959284901618958,0.18124927580356598,0.007751130033284426,1.0,0.23929617181420326,-0.21886181086301804,0.1634434312582016,-0.15197792649269104,0.18124927580356598,-0.16625288128852844,1.0
1790268554.2035844,6.499129772186279,133,0,18,-0.0394626185297966,-0.16451093554496765,0.06749387085437775,0.07857628911733627,0.17833158373832703,0.0048577506095170975,1.0,15,0.00696614570915699,-0.09038899838924408,0.033745914697647095,0.054857682436704636,0.0966852605342865,0.0022569173015654087,1.0,39,-0.027073396369814873,-0.09561979025602341,0.03077680617570877,0.022174950689077377,0.10218924283981323,0.0017139861593022943,1.0,71,-0.01539439894258976,-0.09568442404270172,0.03337223455309868,0.06172381341457367,0.10077118873596191,0.0012327713193371892,1.0,0.13750842213630676,-0.12744996696710587,0.10218924283981323,-0.09561979025602341,0.10077118873596191,-0.09568442404270172,1.0
1790268554.255586,6.551131248474121,134,0,18,0.02280171774327755,-0.0594092458486557,0.013173437677323818,0.023853158578276634,0.06616410613059998,0.0005907693412154913,1.0,15,0.009128824807703495,-0.05331319198012352,0.014266932383179665,0.028954319655895233,0.05591510608792305,0.0025035880971699953,1.0,39,0.014417598955333233,-0.04252859205007553,0.0234651118516922,0.011746254749596119,0.050026580691337585,0.0007844549254514277,1.0,71,0.01365575660020113,-0.03880546614527702,0.02202339842915535,0.020176835358142853,0.04684118181467056,0.0006963897030800581,1.0,0.06103960610926151,-0.05636121891438961,0.050026580691337585,-0.04252859205007553,0.04684118181467056,-0.03880546614527702,1.0
1790268554.3037453,6.599290609359741,135,1,18,0.0414394810795784,-0.0009028117056004703,0.017989305779337883,0.023571321740746498,0.04777829349040985,0.0006947229849174619,1.0,15,0.01306966133415699,-0.01758931390941143,0.04690911993384361,0.031084049493074417,0.05239970609545708,0.0015165347140282393,1.0,39,0.029501499608159065,0.0030235876329243183,0.020361287519335747,0.019973717629909515,0.03723152354359627,0.0009061424061655998,1.0,71,0.03003445453941822,0.0003601934004109353,0.02057003043591976,0.020464858040213585,0.036483414471149445,0.0006760955438949168,1.0,0.050088999792933464,-0.00924606280750595,0.03723152354359627,0.0030235876329243183,0.036483414471149445,0.0003601934004109353,1.0
1790268554.3556292,6.651174545288086,136,0,18,0.0560217946767807,0.0241817906498909,0.019046442583203316,0.022660939022898674,0.06503469496965408,0.0008230040548369288,1.0,15,0.04193115234375,-0.00031636556377634406,0.011882835999131203,0.02655453234910965,0.04881368204951286,0.0018405969021841884,1.0,39,0.08534944802522659,0.0373942069709301,0.05203142389655113,0.02434917353093624,0.09796761721372604,0.0010114272590726614,1.0,71,0.0579090379178524,0.0268640648573637,0.04153015837073326,0.02657279744744301,0.06912963837385178,0.0009536870056763291,1.0,0.05692418850958347,0.011932712543057278,0.09796761721372604,0.0373942069709301,0.06912963837385178,0.0268640648573637,1.0
1790268554.4036276,6.6991729736328125,137,0,18,0.09174346923828125,0.01610565185546875,0.04144800826907158,0.01941227726638317,0.09508706629276276,0.0009531865944154561,1.0,15,0.06912638247013092,-0.005458577536046505,0.01932893507182598,0.037615835666656494,0.07825548946857452,0.001979805761948228,1.0,39,0.09086021780967712,0.027135996147990227,0.02981831692159176,0.018921073526144028,0.09763877093791962,0.0007881619385443628,1.0,71,0.08358205854892731,0.012765803374350071,0.033512990921735764,0.027496125549077988,0.0888860747218132,0.0006591533892787993,1.0,0.08667127788066864,0.0053235371597111225,0.09763877093791962,0.027135996147990227,0.0888860747218132,0.012765803374350071,1.0
1790268554.4556537,6.751199007034302,138,0,18,0.16924794018268585,-0.0044275918044149876,0.059649113565683365,0.025527650490403175,0.17130537331104279,0.001804764848202467,1.0,15,0.08245442807674408,-0.00565287284553051,0.023530995473265648,0.02334519848227501,0.08562545478343964,0.0012409344781190157,1.0,39,0.09182621538639069,-0.023767715319991112,0.02980923280119896,0.022442514076828957,0.09743079543113708,0.0009308240259997547,1.0,71,0.1121559664607048,-0.01647132635116577,0.053089793771505356,0.024935103952884674,0.116363525390625,0.0008464475977234542,1.0,0.1284654140472412,-0.005040232324972749,0.09743079543113708,-0.023767715319991112,0.116363525390625,-0.01647132635116577,1.0
1790268554.5075514,6.803096771240234,139,0,18,0.1633283793926239,-0.0480143241584301,0.04213782027363777,0.030632944777607918,0.1721925586462021,0.0016317394329234958,1.0,15,0.15654093027114868,-0.01590067520737648,0.03743414208292961,0.03888779878616333,0.16187895834445953,0.002162718214094639,1.0,39,0.1237335205078125,-0.04017873853445053,0.03876890242099762,0.027648352086544037,0.1326204389333725,0.0013266816968098283,1.0,71,0.12407931685447693,-0.05143200606107712,0.05361681804060936,0.039177171885967255,0.14006398618221283,0.0013900418998673558,1.0,0.1670357584953308,-0.03195749968290329,0.1326204389333725,-0.04017873853445053,0.14006398618221283,-0.05143200606107712,1.0
1790268554.5555558,6.8511011600494385,140,0,18,0.14447276294231415,-0.0376247838139534,0.04460597783327103,0.022155608981847763,0.15115247666835785,0.0013133562169969082,1.0,15,0.11360066384077072,-0.03296000137925148,0.02594652771949768,0.052177976816892624,0.1288214772939682,0.002012744080275297,1.0,39,0.09941061586141586,-0.0624287910759449,0.024875139817595482,0.019793739542365074,0.11909782886505127,0.0007482473156414926,1.0,71,0.10159925371408463,-0.04244135320186615,0.03927384316921234,0.025954406708478928,0.11377771198749542,0.0007859667530283332,1.0,0.13998697698116302,-0.03529239259660244,0.11909782886505127,-0.0624287910759449,0.11377771198749542,-0.04244135320186615,1.0
1790268554.6075642,6.903109550476074,141,0,18,0.12018246203660965,-0.0074437460862100124,0.03796683996915817,0.025952938944101334,0.12345218658447266,0.0011638717260211706,1.0,15,0.07450968772172928,-0.01946411095559597,0.027568547055125237,0.04668036848306656,0.08863832801580429,0.0014577895635738969,1.0,39,0.10417566448450089,-0.026185255497694016,0.026875706389546394,0.017298918217420578,0.10864950716495514,0.0008216119022108614,1.0,71,0.10059496015310287,-0.020995449274778366,0.03259309008717537,0.022617662325501442,0.10564472526311874,0.0010169480228796601,1.0,0.10604525730013847,-0.013453928520902991,0.10864950716495514,-0.026185255497694016,0.10564472526311874,-0.020995449274778366,1.0
1790268554.655584,6.95112943649292,142,0,18,0.08868154138326645,-0.00473700650036335,0.022679461166262627,0.021764060482382774,0.09155221283435822,0.0006878367275930941,1.0,15,0.09158935397863388,0.011133830063045025,0.047141894698143005,0.02892155759036541,0.09508951753377914,0.002093653893098235,1.0,39,0.08959139138460159,-0.019157996401190758,0.030046243220567703,0.02300696261227131,0.0946587473154068,0.0008043493144214153,1.0,71,0.080938421189785,-0.011353613808751106,0.02820887789130211,0.022137204185128212,0.08476398140192032,0.0007362028118222952,1.0,0.09332086518406868,0.0031984117813408375,0.0946587473154068,-0.019157996401190758,0.08476398140192032,-0.011353613808751106,1.0
1790268554.707539,7.003084421157837,143,0,18,0.0519307442009449,0.00698004849255085,0.017355941236019135,0.015301051549613476,0.05497252941131592,0.00042816679342649877,1.0,15,0.06496582180261612,3.4586588299134746e-05,0.04030038043856621,0.04441993311047554,0.08354665338993073,0.0019499630434438586,1.0,39,0.0612030029296875,-0.008847749792039394,0.0226916391402483,0.015134495683014393,0.06372206658124924,0.0009052570094354451,1.0,71,0.05066906660795212,-0.00485573336482048,0.021978361532092094,0.015809599310159683,0.054004449397325516,0.0007048150873742998,1.0,0.06925959140062332,0.0035073175404249923,0.06372206658124924,-0.008847749792039394,0.054004449397325516,-0.00485573336482048,1.0
1790268554.7596664,7.055211782455444,144,0,18,0.05572933703660965,0.004307216964662075,0.029732245951890945,0.01910962536931038,0.05983934924006462,0.0005986482719890773,1.0,15,0.03608805313706398,0.014162191189825535,0.030342329293489456,0.021077018231153488,0.048254188150167465,0.0014960798434913158,1.0,39,0.04305052012205124,-0.014083079993724823,0.02043048106133938,0.01628149300813675,0.04853411018848419,0.0007707153563387692,1.0,71,0.045733168721199036,-0.011106464080512524,0.023545721545815468,0.0176223237067461,0.05029889568686485,0.0007785334601067007,1.0,0.05404676869511604,0.009234704077243805,0.04853411018848419,-0.014083079993724823,0.05029889568686485,-0.011106464080512524,1.0
1790268554.8076115,7.103156805038452,145,0,18,0.0728844553232193,-0.1848280131816864,0.20153196156024933,0.22870461642742157,0.2409237027168274,0.014108114875853062,1.0,15,0.03109334222972393,-0.02264099195599556,0.036075837910175323,0.052544333040714264,0.06458261609077454,0.004849297925829887,1.0,39,0.01781756989657879,-0.023775149136781693,0.01938490942120552,0.015025447122752666,0.03395254909992218,0.0006534775602631271,1.0,71,0.03211738541722298,-0.06456487625837326,0.10955860465765,0.1385117918252945,0.09054819494485855,0.003391630481928587,1.0,0.15275315940380096,-0.10373450256884098,0.03395254909992218,-0.023775149136781693,0.09054819494485855,-0.06456487625837326,1.0
1790268554.8595152,7.155060529708862,146,0,18,-0.23568810522556305,-0.3211585283279419,0.3464754819869995,0.32753199338912964,0.4404624402523041,0.033281538635492325,1.0,15,0.04377441480755806,-0.06466572731733322,0.05949536710977554,0.135038822889328,0.10929796099662781,0.017488062381744385,1.0,39,0.01888529397547245,-0.0612284354865551,0.01666082814335823,0.02251775749027729,0.0661245584487915,0.000811378937214613,1.0,71,-0.019024915993213654,-0.10879065096378326,0.15806040167808533,0.1978396624326706,0.13087284564971924,0.00475089019164443,1.0,0.27488020062446594,-0.19291212782263756,0.0661245584487915,-0.0612284354865551,0.13087284564971924,-0.10879065096378326,1.0
1790268554.9077418,7.203287124633789,147,0,18,0.01012590155005455,-0.0871819406747818,0.04600701853632927,0.05559726059436798,0.10084548592567444,0.0016608317382633686,1.0,15,0.01373901404440403,-0.04629618301987648,0.03132099285721779,0.05416840314865112,0.05825374647974968,0.0026027089916169643,1.0,39,0.004305717069655657,-0.05717937648296356,0.01910509169101715,0.023817967623472214,0.06052181124687195,0.0008687575464136899,1.0,71,0.011668031103909016,-0.05025235190987587,0.02699206955730915,0.040313053876161575,0.060451049357652664,0.0008529472397640347,1.0,0.07954961620271206,-0.06673906184732914,0.06052181124687195,-0.05717937648296356,0.060451049357652664,-0.05025235190987587,1.0
1790268554.9596276,7.255172967910767,148,0,18,-0.01122283935546875,-0.07123226672410965,0.027796117588877678,0.017864065244793892,0.07674954831600189,0.000542893772944808,1.0,15,0.02424519881606102,-0.02800292894244194,0.026743005961179733,0.04908169060945511,0.059558477252721786,0.0025436216965317726,1.0,39,0.003268510801717639,-0.06202736869454384,0.021925214678049088,0.015201805159449577,0.06556066125631332,0.0006438271375373006,1.0,71,0.0011970627820119262,-0.05041826143860817,0.020110495388507843,0.027264835312962532,0.05616506189107895,0.0005583271849900484,1.0,0.06815401278436184,-0.049617597833275795,0.06556066125631332,-0.06202736869454384,0.05616506189107895,-0.05041826143860817,1.0
1790268555.0115337,7.307079076766968,149,0,18,0.0137947928160429,-0.05152808129787445,0.016842545941472054,0.019098790362477303,0.05589468777179718,0.000713887857273221,1.0,15,-0.008304850198328495,-0.03453674167394638,0.015493318438529968,0.041301704943180084,0.04878873750567436,0.003069058060646057,1.0,39,0.0015556139405816793,-0.03893260285258293,0.02087925560772419,0.016505539417266846,0.04433279111981392,0.0006887628114782274,1.0,71,0.0028828366193920374,-0.03129684925079346,0.012897485867142677,0.021814629435539246,0.03660919889807701,0.00042279582703486085,1.0,0.05234171263873577,-0.043032411485910416,0.04433279111981392,-0.03893260285258293,0.03660919889807701,-0.03129684925079346,1.0
1790268555.0596097,7.355154991149902,150,1,18,0.002430385909974575,-0.03038533590734005,0.017728054895997047,0.01565510965883732,0.03610453009605408,0.0004677805118262768,1.0,15,0.01606445387005806,-0.02118733711540699,0.02361287921667099,0.022274883463978767,0.037519171833992004,0.0027558309957385063,1.0,39,0.014238014817237854,-0.020588411018252373,0.022845711559057236,0.014930305071175098,0.032697275280952454,0.0007960256771184504,1.0,71,0.01164503488689661,-0.01713024638593197,0.018488481640815735,0.017961690202355385,0.029241064563393593,0.0005646258359774947,1.0,0.03681185096502304,-0.02578633651137352,0.032697275280952454,-0.020588411018252373,0.029241064563393593,-0.01713024638593197,1.0
1790268555.1116414,7.40718674659729,151,0,18,-0.0016267565079033375,-0.04301028698682785,0.03464943543076515,0.020978813990950584,0.05412502959370613,0.0005839373916387558,1.0,15,0.0078063965775072575,-0.035247802734375,0.028283346444368362,0.050295304507017136,0.054822251200675964,0.001978308893740177,1.0,39,0.012257893569767475,-0.02483113668859005,0.015863293781876564,0.012321649119257927,0.03159331902861595,0.000730985717382282,1.0,71,0.008737913332879543,-0.02429843880236149,0.019544001668691635,0.017289694398641586,0.032639943063259125,0.0006282926769927144,1.0,0.05447364039719105,-0.039129044860601425,0.03159331902861595,-0.02483113668859005,0.032639943063259125,-0.02429843880236149,1.0
1790268555.1596284,7.45517373085022,152,0,18,0.01767391711473465,-0.04969533160328865,0.017950715497136116,0.02194867469370365,0.057840123772621155,0.0005955809028819203,1.0,15,0.02767130546271801,-0.02457072027027607,0.032001838088035583,0.03290608152747154,0.04675281047821045,0.0017239577136933804,1.0,39,0.00408739922568202,-0.0459238700568676,0.028443273156881332,0.013073463924229145,0.0540739931166172,0.000706333143170923,1.0,71,0.016414804384112358,-0.04129243269562721,0.01764373481273651,0.022870738059282303,0.05056696757674217,0.0005686224903911352,1.0,0.0522964671254158,-0.03713302593678236,0.0540739931166172,-0.0459238700568676,0.05056696757674217,-0.04129243269562721,1.0
1790268555.2116122,7.507157564163208,153,0,18,0.00696648471057415,-0.05366092175245285,0.022717474028468132,0.012849589809775352,0.05833783373236656,0.0006974218413233757,1.0,15,0.02183227613568306,-0.04517924040555954,0.03361351042985916,0.02977767400443554,0.06474210321903229,0.0016646611038595438,1.0,39,0.007789416238665581,-0.04691999405622482,0.02069552056491375,0.01358874887228012,0.052121955901384354,0.000961853249464184,1.0,71,0.00922404509037733,-0.03659401461482048,0.019039036706089973,0.024970905855298042,0.04631515592336655,0.0006163170910440385,1.0,0.061539968475699425,-0.049420081079006195,0.052121955901384354,-0.04691999405622482,0.04631515592336655,-0.03659401461482048,1.0
1790268555.2636366,7.5591819286346436,154,0,18,0.0144517682492733,-0.03259531781077385,0.020667603239417076,0.019150229170918465,0.04364389181137085,0.0003899912117049098,1.0,15,0.03790486603975296,-0.02978719025850296,0.047380946576595306,0.02295074053108692,0.052696093916893005,0.0019069889094680548,1.0,39,-0.009379460476338863,-0.03951283171772957,0.016632836312055588,0.021474100649356842,0.04534497857093811,0.0008249938255175948,1.0,71,0.0037323858123272657,-0.032151129096746445,0.023157529532909393,0.02201617881655693,0.041159406304359436,0.0005827932036481798,1.0,0.04816999286413193,-0.031191254034638405,0.04534497857093811,-0.03951283171772957,0.041159406304359436,-0.032151129096746445,1.0
1790268555.3115313,7.607076644897461,155,0,18,0.011516994796693325,-0.0398746058344841,0.01591630093753338,0.009044535458087921,0.044133126735687256,0.0004218729445710778,1.0,15,0.009735107421875,-0.0319264717400074,0.01566852256655693,0.02756575122475624,0.04081005975604057,0.002735965885221958,1.0,39,-0.020026182755827904,-0.024554912000894547,0.018468650057911873,0.021242473274469376,0.04090149700641632,0.0006725278799422085,1.0,71,-0.005803497973829508,-0.02819501794874668,0.018426932394504547,0.01941264607012272,0.037046488374471664,0.0006884728791192174,1.0,0.042471593245863914,-0.03590053878724575,0.04090149700641632,-0.024554912000894547,0.037046488374471664,-0.02819501794874668,1.0
1790268555.3635175,7.65906286239624,156,0,18,0.1369645893573761,0.08964792639017105,0.19173592329025269,0.13759104907512665,0.1949089914560318,0.016878485679626465,1.0,15,-0.04617512971162796,0.015899658203125,0.08768285810947418,0.0743955671787262,0.07652635872364044,0.01436756830662489,1.0,39,-0.045683640986680984,-0.059718988835811615,0.03920106589794159,0.0226338692009449,0.08084055781364441,0.0012056846171617508,1.0,71,6.963165651541203e-05,-0.012879062443971634,0.0902210995554924,0.08687320351600647,0.07598215341567993,0.0018805582076311111,1.0,0.13571767508983612,0.052773792296648026,0.08084055781364441,-0.059718988835811615,0.07598215341567993,-0.012879062443971634,1.0
1790268555.411749,7.707294225692749,157,0,17,0.9421350955963135,0.4407438337802887,1.148323655128479,0.6590750813484192,1.0800628662109375,0.31527888774871826,0.9444444444444444,15,0.00951538048684597,0.1017099991440773,0.2686927914619446,0.3403642475605011,0.24159345030784607,0.06655792891979218,1.0,39,-0.04451262578368187,-0.08149093389511108,0.014162187464535236,0.016849445179104805,0.09427888691425323,0.0006291552563197911,1.0,70,0.15588052570819855,0.04922289028763771,0.6291883587837219,0.39008229970932007,0.26594847440719604,0.06659141182899475,0.9859154929577465,0.6608281582593918,0.271226916462183,0.09427888691425323,-0.08149093389511108,0.26594847440719604,0.04922289028763771,0.9825899843505478
1790268555.463598,7.759143352508545,158,0,17,0.011895572766661644,0.08218563348054886,0.10649581998586655,0.2006763517856598,0.1360142081975937,0.026381060481071472,1.0,15,-0.04584147036075592,-0.014842732809484005,0.023584289476275444,0.08902420848608017,0.08919551968574524,0.010372989811003208,1.0,39,-0.0656280517578125,-0.09095098823308945,0.018199680373072624,0.025751963257789612,0.11442814022302628,0.0014219208387658,1.0,70,-0.03359135240316391,-0.02711835503578186,0.06792396306991577,0.12551309168338776,0.10066894441843033,0.008502809330821037,1.0,0.11260486394166946,0.03367145033553243,0.11442814022302628,-0.09095098823308945,0.10066894441843033,-0.02711835503578186,1.0
1790268555.5156808,7.81122612953186,159,0,17,-0.040489643812179565,-0.010323019698262215,0.054306235164403915,0.03371874988079071,0.05956938862800598,0.0009487271308898926,1.0,15,-0.06765136867761612,-0.04396871104836464,0.05651305988430977,0.07838103175163269,0.10626561939716339,0.004203231539577246,1.0,39,-0.06639881432056427,-0.08483026176691055,0.030107814818620682,0.019611986353993416,0.11028171330690384,0.0010327923810109496,1.0,70,-0.04584198072552681,-0.05120282992720604,0.04328252747654915,0.04238428175449371,0.07931242138147354,0.0007235814700834453,1.0,0.08291750401258469,-0.027145865373313427,0.11028171330690384,-0.08483026176691055,0.07931242138147354,-0.05120282992720604,1.0
1790268555.5636554,7.859200716018677,160,0,17,-0.02769290655851364,0.002993415342643857,0.030840320512652397,0.02207547053694725,0.03840457648038864,0.0007698424160480499,1.0,15,-0.017578125,0.00646260567009449,0.02248135395348072,0.03971784561872482,0.04049557447433472,0.0017874696059152484,1.0,39,-0.029919356107711792,-0.04155007377266884,0.021244648844003677,0.01370174065232277,0.05525008216500282,0.0007105881813913584,1.0,70,-0.01914411224424839,-0.02413264662027359,0.021208064630627632,0.02487172931432724,0.03987709432840347,0.0005652219988405704,1.0,0.03945007547736168,0.0047280105063691735,0.05525008216500282,-0.04155007377266884,0.03987709432840347,-0.02413264662027359,1.0
1790268555.6156857,7.91123104095459,161,0,17,-0.02825837954878807,0.016594382002949715,0.04449472203850746,0.060446612536907196,0.06125802919268608,0.0007613847847096622,1.0,15,-0.02262166328728199,-0.01689453050494194,0.04257095977663994,0.03063899464905262,0.052096765488386154,0.0015833658399060369,1.0,39,-0.010264079086482525,-0.02822641283273697,0.01753038726747036,0.017170531675219536,0.035014305263757706,0.0006840240675956011,1.0,70,-0.011800057254731655,-0.00959756039083004,0.018159834668040276,0.0382145456969738,0.03378446400165558,0.0005541928112506866,1.0,0.05667739734053612,-0.00015007425099611282,0.035014305263757706,-0.02822641283273697,0.03378446400165558,-0.00959756039083004,1.0
1790268555.6636477,7.959192991256714,162,0,17,-0.021228566765785217,0.05340306833386421,0.0689236968755722,0.07794035971164703,0.08381808549165726,0.0011853644391521811,1.0,15,-0.007389322854578495,-0.0029581706039607525,0.023843811824917793,0.020983988419175148,0.028508879244327545,0.0024422823917120695,1.0,39,0.0015923915198072791,-0.016457973048090935,0.018555548042058945,0.015373828820884228,0.025409653782844543,0.0008641248568892479,1.0,70,-0.00882742740213871,0.00147988460958004,0.03969928249716759,0.04878360033035278,0.037356507033109665,0.0008169318316504359,1.0,0.0561634823679924,0.02522244886495173,0.025409653782844543,-0.016457973048090935,0.037356507033109665,0.00147988460958004,1.0
1790268555.7156117,8.011157035827637,163,0,17,-0.021295884624123573,0.02001773566007614,0.03240160644054413,0.0644666776061058,0.05981309339404106,0.0009547580266371369,1.0,15,-0.00941365584731102,-0.00903422012925148,0.019463028758764267,0.032138362526893616,0.03426501899957657,0.0017653984250500798,1.0,39,-0.015416071750223637,-0.019345015287399292,0.020120199769735336,0.011564001441001892,0.03051338531076908,0.0006261355592869222,1.0,70,-0.01099526509642601,-0.003671046579256654,0.020507261157035828,0.03639579564332962,0.03160009905695915,0.0007827339577488601,1.0,0.047039056196808815,0.005491757765412331,0.03051338531076908,-0.019345015287399292,0.03160009905695915,-0.003671046579256654,1.0
1790268555.7675364,8.063081741333008,164,0,17,-0.03598471358418465,-0.03538243845105171,0.017266934737563133,0.023527050390839577,0.05600554868578911,0.0007629000465385616,1.0,15,-0.05436808243393898,-0.0010386148933321238,0.027175981551408768,0.023728888481855392,0.060483530163764954,0.0017280079191550612,1.0,39,-0.20659422874450684,-0.04096789285540581,0.07131411880254745,0.043204352259635925,0.21369518339633942,0.0014350655255839229,1.0,70,-0.1223885640501976,-0.04230194166302681,0.1012079045176506,0.04671498015522957,0.1377112716436386,0.000926533539313823,1.0,0.05824453942477703,-0.018210526672191918,0.21369518339633942,-0.04096789285540581,0.1377112716436386,-0.04230194166302681,1.0
1790268555.815582,8.111127376556396,165,1,17,-0.10077173262834549,-0.1533230096101761,0.17594105005264282,0.22791200876235962,0.20235078036785126,0.012228804640471935,1.0,15,-0.05724690854549408,-0.06996968388557434,0.02538330666720867,0.10891339927911758,0.10967931896448135,0.015446320176124573,1.0,39,-0.28756752610206604,-0.14362667500972748,0.07096759229898453,0.06673581153154373,0.325454443693161,0.0030835869256407022,1.0,70,-0.1736605018377304,-0.13067364692687988,0.15812800824642181,0.14037442207336426,0.2417725771665573,0.005855512339621782,1.0,0.1560150496661663,-0.11164634674787521,0.325454443693161,-0.14362667500972748,0.2417725771665573,-0.13067364692687988,1.0
1790268555.8676016,8.16314697265625,166,0,17,-0.16597972810268402,-0.2122102677822113,0.20624959468841553,0.17877861857414246,0.28807786107063293,0.020221328362822533,1.0,15,-0.0790608748793602,-0.10908304899930954,0.08391270041465759,0.11534939706325531,0.15112845599651337,0.010725939646363258,1.0,39,-0.14938002824783325,-0.13523747026920319,0.06385807693004608,0.056165359914302826,0.20830604434013367,0.002954214345663786,1.0,70,-0.10468532145023346,-0.11686466634273529,0.12213220447301865,0.11618582159280777,0.16805079579353333,0.006664643529802561,1.0,0.21960315853357315,-0.16064665839076042,0.20830604434013367,-0.13523747026920319,0.16805079579353333,-0.11686466634273529,1.0
1790268555.9155986,8.211143970489502,167,0,17,-0.38260963559150696,-0.3765133023262024,0.5007359385490417,0.38974782824516296,0.5537034869194031,0.049793995916843414,1.0,15,-0.0478515625,-0.13037516176700592,0.05579216405749321,0.09720046073198318,0.14333651959896088,0.02037518285214901,1.0,39,-0.04446489363908768,-0.11387908458709717,0.030507942661643028,0.03445705771446228,0.12535636126995087,0.0015824181027710438,1.0,70,-0.11482282727956772,-0.16794651746749878,0.2885948419570923,0.23448824882507324,0.21535995602607727,0.013107734732329845,1.0,0.348520003259182,-0.25344423204660416,0.12535636126995087,-0.11387908458709717,0.21535995602607727,-0.16794651746749878,1.0
1790268555.9675455,8.26309084892273,168,0,17,-0.19288994371891022,-0.3476050794124603,0.2919293940067291,0.25458937883377075,0.4167778789997101,0.009742951951920986,1.0,15,-0.04971923679113388,-0.1528981477022171,0.06669608503580093,0.11532623320817947,0.166624054312706,0.006798429414629936,1.0,39,-0.04105200991034508,-0.17518146336078644,0.02891649678349495,0.05386687070131302,0.18324026465415955,0.0022269326727837324,1.0,70,-0.07155870646238327,-0.17693263292312622,0.1637820601463318,0.17500656843185425,0.20242293179035187,0.0029549822211265564,1.0,0.29170096665620804,-0.2502516135573387,0.18324026465415955,-0.17518146336078644,0.20242293179035187,-0.17693263292312622,1.0
1790268556.019515,8.315060377120972,169,0,17,-0.11284054070711136,-0.22420097887516022,0.09372682869434357,0.1387607455253601,0.2571496069431305,0.005223075859248638,1.0,15,-0.04930826649069786,-0.16548869013786316,0.03958967700600624,0.08855263143777847,0.17529502511024475,0.005410247016698122,1.0,39,-0.0792185440659523,-0.17376983165740967,0.02791852317750454,0.04502450302243233,0.19269385933876038,0.001346273347735405,1.0,70,-0.06595764309167862,-0.15342146158218384,0.06196155026555061,0.11718923598527908,0.17015881836414337,0.0018206262029707432,1.0,0.21622231602668762,-0.1948448345065117,0.19269385933876038,-0.17376983165740967,0.17015881836414337,-0.15342146158218384,1.0
1790268556.0675418,8.363087177276611,170,0,17,-0.16750919818878174,-0.2710167467594147,0.14503875374794006,0.17508132755756378,0.3291386067867279,0.00797986425459385,1.0,15,-0.12325236201286316,-0.21795552968978882,0.06613573431968689,0.08552390336990356,0.2561487555503845,0.01076220441609621,1.0,39,-0.07684600353240967,-0.21804183721542358,0.06179024651646614,0.06397170573472977,0.23612183332443237,0.005220856983214617,1.0,70,-0.08652561902999878,-0.16451764106750488,0.09643811732530594,0.13346335291862488,0.1920108050107956,0.002358284080401063,1.0,0.2926436811685562,-0.24448613822460175,0.23612183332443237,-0.21804183721542358,0.1920108050107956,-0.16451764106750488,1.0
1790268556.1195326,8.415077924728394,171,0,17,-0.040763407945632935,-0.11034707725048065,0.017534561455249786,0.037657108157873154,0.1183503121137619,0.0009962990880012512,1.0,15,-0.06412963569164276,-0.14387206733226776,0.03370244801044464,0.055718593299388885,0.1636267453432083,0.0027488283812999725,1.0,39,-0.021068083122372627,-0.12603016197681427,0.034641560167074203,0.03508942574262619,0.13178777694702148,0.0016067838296294212,1.0,70,-0.01688973605632782,-0.09840437024831772,0.02607804909348488,0.04930873587727547,0.10398457199335098,0.0010340585140511394,1.0,0.1409885287284851,-0.1271095722913742,0.13178777694702148,-0.12603016197681427,0.10398457199335098,-0.09840437024831772,1.0
1790268556.1675322,8.463077545166016,172,0,17,0.011860567145049572,-0.0601654052734375,0.025065749883651733,0.03678474575281143,0.07163554430007935,0.0009823794243857265,1.0,15,-0.02840576134622097,-0.11448059231042862,0.019305380061268806,0.05221559479832649,0.12023437768220901,0.0023192099761217833,1.0,39,0.0531768798828125,-0.10142047703266144,0.020973382517695427,0.03517657145857811,0.11702296882867813,0.0012094929115846753,1.0,70,0.03286263719201088,-0.07708805799484253,0.037379760295152664,0.04366051033139229,0.0924752801656723,0.0009711803868412971,1.0,0.09593496099114418,-0.08732299879193306,0.11702296882867813,-0.10142047703266144,0.0924752801656723,-0.07708805799484253,1.0
1790268556.2195413,8.515086650848389,173,0,17,0.04475761950016022,-0.028216194361448288,0.03227894380688667,0.03515094146132469,0.06611233949661255,0.0006244420073926449,1.0,15,0.003361002542078495,-0.07654927670955658,0.0235232375562191,0.02038426510989666,0.08030607551336288,0.0016134388279169798,1.0,39,0.14354060590267181,-0.06604278087615967,0.08004771918058395,0.04285122826695442,0.16783902049064636,0.001708594849333167,1.0,70,0.09661036729812622,-0.04193049669265747,0.07842087745666504,0.043161094188690186,0.12071821838617325,0.0009496230049990118,1.0,0.07320920750498772,-0.052382735535502434,0.16783902049064636,-0.06604278087615967,0.12071821838617325,-0.04193049669265747,1.0
1790268556.2715282,8.567073583602905,174,0,17,0.047887466847896576,-0.012224982492625713,0.037076905369758606,0.037244196981191635,0.06554633378982544,0.000800862442702055,1.0,15,0.05609130859375,-0.05702514573931694,0.03790031000971794,0.02708214335143566,0.08491626381874084,0.002712602261453867,1.0,39,0.18180729448795319,-0.02668996900320053,0.07424761354923248,0.04387437552213669,0.1902971863746643,0.0016634378116577864,1.0,70,0.12111467868089676,-0.010137285105884075,0.09104891121387482,0.0399802066385746,0.13557136058807373,0.0011592227965593338,1.0,0.07523129880428314,-0.03462506411597133,0.1902971863746643,-0.02668996900320053,0.13557136058807373,-0.010137285105884075,1.0
1790268556.319572,8.615117311477661,175,0,17,0.06539109349250793,0.0037384033203125,0.04287678003311157,0.02368626929819584,0.07154637575149536,0.0006775069050490856,1.0,15,0.04566650465130806,-0.0453999824821949,0.037013448774814606,0.035858217626810074,0.07799427211284637,0.001471840892918408,1.0,39,0.16839991509914398,0.023694943636655807,0.04261687770485878,0.04364437982439995,0.17688506841659546,0.0014048056909814477,1.0,70,0.11400800198316574,0.01267939992249012,0.07405053824186325,0.037758033722639084,0.126817524433136,0.0010802114848047495,1.0,0.07477032393217087,-0.0208307895809412,0.17688506841659546,0.023694943636655807,0.126817524433136,0.01267939992249012,1.0
1790268556.3716383,8.667183637619019,176,0,17,0.05557161197066307,0.016024421900510788,0.02353908307850361,0.028139600530266762,0.06542408466339111,0.0006608008989132941,1.0,15,0.04170125350356102,-0.002201334573328495,0.02331523597240448,0.026587503030896187,0.05250106751918793,0.001422438770532608,1.0,39,0.13887375593185425,-0.0009613037109375,0.03956970199942589,0.02405289188027382,0.14144723117351532,0.0010359084699302912,1.0,70,0.09115360677242279,0.007096427027136087,0.05699748173356056,0.027741754427552223,0.09970593452453613,0.0008091415511444211,1.0,0.05896257609128952,0.0069115436635911465,0.14144723117351532,-0.0009613037109375,0.09970593452453613,0.007096427027136087,1.0
1790268556.4196935,8.715238809585571,177,0,17,0.03538243845105171,-0.006989423185586929,0.014725801534950733,0.011709107086062431,0.03836868703365326,0.0003145027149002999,1.0,15,0.03429972380399704,-0.04213765636086464,0.021077845245599747,0.047766879200935364,0.06421460956335068,0.0015814818907529116,1.0,39,0.0751241073012352,-0.013275928795337677,0.027879755944013596,0.022648939862847328,0.08028966933488846,0.0007886558305472136,1.0,70,0.0574362613260746,-0.01386980339884758,0.03355105221271515,0.025705721229314804,0.06662920862436295,0.0005275839357636869,1.0,0.05129164829850197,-0.024563539773225784,0.08028966933488846,-0.013275928795337677,0.06662920862436295,-0.01386980339884758,1.0
1790268556.4716175,8.767162799835205,178,0,17,0.05378992483019829,-0.029324699193239212,0.021000061184167862,0.029800206422805786,0.06731371581554413,0.0005106634343974292,1.0,15,0.04763183742761612,-0.02959187887609005,0.03387851640582085,0.022981273010373116,0.06057896465063095,0.0017999854171648622,1.0,39,0.06834451109170914,-0.02336081489920616,0.02283412218093872,0.014800169505178928,0.07432016730308533,0.0007038112380541861,1.0,70,0.05653730034828186,-0.02062377892434597,0.023852623999118805,0.024665845558047295,0.06527428328990936,0.0005903355195187032,1.0,0.06394634023308754,-0.02945828903466463,0.07432016730308533,-0.02336081489920616,0.06527428328990936,-0.02062377892434597,1.0
1790268556.5241373,8.819682598114014,179,0,17,0.06005590036511421,-0.019534841179847717,0.014519314281642437,0.02050446905195713,0.06646829098463058,0.0006800533155910671,1.0,15,0.05415039137005806,-0.02426961250603199,0.02635287679731846,0.037001919001340866,0.06938359886407852,0.0021163516212254763,1.0,39,0.07326918095350266,-0.012159298174083233,0.021763473749160767,0.013770454563200474,0.07537853717803955,0.0007783320615999401,1.0,70,0.06677529215812683,-0.014813450165092945,0.02708125114440918,0.017198756337165833,0.07072348147630692,0.000714813475497067,1.0,0.06792594492435455,-0.021902226842939854,0.07537853717803955,-0.012159298174083233,0.07072348147630692,-0.014813450165092945,1.0
1790268556.5716586,8.867203950881958,180,1,17,0.09464847296476364,0.0059661865234375,0.01833558827638626,0.01959717459976673,0.09643439948558807,0.0008004818810150027,1.0,15,0.06872965395450592,-0.0062500000931322575,0.017809677869081497,0.05658911168575287,0.08184859901666641,0.0025428920052945614,1.0,39,0.08892744034528732,0.0021338830702006817,0.03192051500082016,0.015958890318870544,0.09153330326080322,0.0008201752789318562,1.0,70,0.08063746988773346,0.00316641665995121,0.0290219783782959,0.01779130846261978,0.08288393914699554,0.0006775642395950854,1.0,0.08914149925112724,-0.00014190678484737873,0.09153330326080322,0.0021338830702006817,0.08288393914699554,0.00316641665995121,1.0
1790268556.6236913,8.919236660003662,181,0,17,0.08082669973373413,0.0270843505859375,0.02311459556221962,0.014937418513000011,0.08663756400346756,0.0012836470268666744,1.0,15,0.07690226286649704,0.02123209647834301,0.0361027754843235,0.036626264452934265,0.08877453207969666,0.0015756407519802451,1.0,39,0.10207542777061462,0.014673477970063686,0.03906445950269699,0.02631670981645584,0.10674941539764404,0.000957914104219526,1.0,70,0.07920248806476593,0.01690826378762722,0.032054536044597626,0.0210927315056324,0.08371569961309433,0.0008523597498424351,1.0,0.08770604804158211,0.024158223532140255,0.10674941539764404,0.014673477970063686,0.08371569961309433,0.01690826378762722,1.0
1790268556.6716888,8.967234134674072,182,0,17,0.05817727372050285,0.048408955335617065,0.025390129536390305,0.02498740702867508,0.08007267117500305,0.0009083679760806262,1.0,15,0.07018432766199112,0.011789957992732525,0.025633269920945168,0.03530732914805412,0.08206213265657425,0.0026738541200757027,1.0,39,0.07362913340330124,0.02489451877772808,0.028954988345503807,0.01822838746011257,0.08020301908254623,0.0009193186415359378,1.0,70,0.05973772332072258,0.02106345072388649,0.02969023399055004,0.024093592539429665,0.06714572757482529,0.0007219856488518417,1.0,0.08106740191578865,0.030099456664174795,0.08020301908254623,0.02489451877772808,0.06714572757482529,0.02106345072388649,1.0
1790268556.7236586,9.019203901290894,183,0,17,0.15009981393814087,-0.02649015560746193,0.20387758314609528,0.09375341236591339,0.17374002933502197,0.002866164082661271,1.0,15,0.08009236305952072,0.02399698831140995,0.04883965104818344,0.02566850744187832,0.09010680764913559,0.0022622731048613787,1.0,39,0.055520083755254745,0.017889561131596565,0.021047689020633698,0.017666053026914597,0.061017315834760666,0.0006457167328335345,1.0,70,0.06791534274816513,-0.0015842983266338706,0.1122337132692337,0.05132730305194855,0.07801325619220734,0.0012597633758559823,1.0,0.13192341849207878,-0.0012465836480259895,0.061017315834760666,0.017889561131596565,0.07801325619220734,-0.0015842983266338706,1.0
1790268556.7756677,9.071213006973267,184,0,17,-0.1778474748134613,-0.28472182154655457,0.2829921841621399,0.3702632784843445,0.3905360698699951,0.040218204259872437,1.0,15,0.01579386368393898,-0.07421061396598816,0.16364651918411255,0.1852523684501648,0.13791246712207794,0.02582913264632225,1.0,39,0.04404664784669876,-0.021027393639087677,0.01673467829823494,0.01103368028998375,0.05027010291814804,0.0007419308531098068,1.0,70,0.0018829345935955644,-0.07868107408285141,0.13860802352428436,0.21522149443626404,0.11727134138345718,0.0043130372650921345,1.0,0.26422426849603653,-0.17946621775627136,0.05027010291814804,-0.021027393639087677,0.11727134138345718,-0.07868107408285141,1.0
1790268556.823574,9.11911940574646,185,0,17,-0.07689083367586136,-0.12828153371810913,0.16473329067230225,0.1133345440030098,0.1873772144317627,0.004454814363270998,1.0,15,0.02826131135225296,-0.03328857570886612,0.07381126284599304,0.08420277386903763,0.0788358822464943,0.0026568949688225985,1.0,39,0.033822085708379745,-0.028843024745583534,0.019054805859923363,0.012656004168093204,0.04687381535768509,0.0008339261985383928,1.0,70,0.01470969058573246,-0.04280003160238266,0.07469601929187775,0.06374583393335342,0.06582288444042206,0.0010660996194928885,1.0,0.1331065483391285,-0.08078505471348763,0.04687381535768509,-0.028843024745583534,0.06582288444042206,-0.04280003160238266,1.0
1790268556.8757083,9.171253681182861,186,0,17,0.009211820550262928,-0.048452939838171005,0.024768805131316185,0.023225871846079826,0.0560191310942173,0.0007516220794059336,1.0,15,0.03803914412856102,-0.04033711925148964,0.030899403616786003,0.04717229679226875,0.0693865641951561,0.0020652259700000286,1.0,39,0.026370316743850708,-0.0400288887321949,0.02317090332508087,0.019464585930109024,0.0539507120847702,0.0006444321479648352,1.0,70,0.02002498134970665,-0.03684300184249878,0.02256428822875023,0.02259892039000988,0.048920031636953354,0.000602858082856983,1.0,0.0627028476446867,-0.04439502954483032,0.0539507120847702,-0.0400288887321949,0.048920031636953354,-0.03684300184249878,1.0
1790268556.923746,9.21929144859314,187,0,17,0.01202302798628807,-0.035211898386478424,0.025935610756278038,0.01764366403222084,0.044467899948358536,0.0006590642733499408,1.0,15,0.02801106683909893,-0.014057413674890995,0.017838576808571815,0.0267688799649477,0.03878040611743927,0.004278456326574087,1.0,39,0.02417774684727192,-0.017105884850025177,0.020352788269519806,0.011488349176943302,0.034009069204330444,0.0007534031756222248,1.0,70,0.01859370619058609,-0.01735818013548851,0.02133277989923954,0.01638421043753624,0.03316960111260414,0.0005535785458050668,1.0,0.0416241530328989,-0.02463465603068471,0.034009069204330444,-0.017105884850025177,0.03316960111260414,-0.01735818013548851,1.0
1790268556.9756353,9.271180629730225,188,0,17,0.009075389243662357,-0.024529850110411644,0.026472432538866997,0.012687659822404385,0.037123650312423706,0.00040254651685245335,1.0,15,0.004573567770421505,-0.03289083018898964,0.04739147424697876,0.040223684161901474,0.05759776383638382,0.0027918966952711344,1.0,39,0.007936134934425354,-0.016549134626984596,0.016640910878777504,0.014294622465968132,0.026460733264684677,0.0006726158899255097,1.0,70,0.009135655127465725,-0.01723022386431694,0.01753425784409046,0.01480791624635458,0.026958750560879707,0.0005898176459595561,1.0,0.04736070707440376,-0.02871034014970064,0.026460733264684677,-0.016549134626984596,0.026958750560879707,-0.01723022386431694,1.0
1790268557.0275638,9.323109149932861,189,0,17,0.04841883108019829,-0.02668672427535057,0.0187230221927166,0.019296463578939438,0.05735330656170845,0.0004009251715615392,1.0,15,0.02968343161046505,-0.00414326973259449,0.016459917649626732,0.036204542964696884,0.044395431876182556,0.0017302565975114703,1.0,39,0.026688795536756516,-0.026934891939163208,0.01709858328104019,0.012882868759334087,0.041017044335603714,0.0006446153856813908,1.0,70,0.02901262603700161,-0.02515237033367157,0.018561439588665962,0.0162553358823061,0.041554417461156845,0.0005136074032634497,1.0,0.0508743692189455,-0.01541499700397253,0.041017044335603714,-0.026934891939163208,0.041554417461156845,-0.02515237033367157,1.0
1790268557.0758271,9.37137246131897,190,0,17,0.03972042351961136,-0.048834409564733505,0.015932461246848106,0.02369219809770584,0.06528360396623611,0.0005927480524405837,1.0,15,0.03287149965763092,-0.02045288123190403,0.013239827007055283,0.018206125125288963,0.04257733374834061,0.0022448322270065546,1.0,39,0.030783629044890404,-0.03350790962576866,0.014836924150586128,0.01283128373324871,0.04785023257136345,0.000797862361650914,1.0,70,0.03204542025923729,-0.03322143480181694,0.01942550204694271,0.01743280701339245,0.05029827356338501,0.0006540644099004567,1.0,0.05393046885728836,-0.03464364539831877,0.04785023257136345,-0.03350790962576866,0.05029827356338501,-0.03322143480181694,1.0
1790268557.1276288,9.423174142837524,191,0,17,0.058400772511959076,-0.024990305304527283,0.0231619980186224,0.016473988071084023,0.06688088178634644,0.0005003474070690572,1.0,15,0.04418131336569786,-0.03064982034265995,0.0489027313888073,0.022877806797623634,0.06282210350036621,0.0024358867667615414,1.0,39,0.028722519055008888,-0.03641960024833679,0.02062026411294937,0.017864881083369255,0.050820160657167435,0.0007158432272262871,1.0,70,0.03536595031619072,-0.03046417236328125,0.022405313327908516,0.021554863080382347,0.05297776684165001,0.0006333367200568318,1.0,0.06485149264335632,-0.027820062823593616,0.050820160657167435,-0.03641960024833679,0.05297776684165001,-0.03046417236328125,1.0
1790268557.1756432,9.47118854522705,192,0,17,0.04421727731823921,-0.036081649363040924,0.015112343244254589,0.014823272824287415,0.05991630628705025,0.0003916425339411944,1.0,15,0.05026651918888092,-0.02660929411649704,0.025134630501270294,0.02670837566256523,0.06345074623823166,0.0013001988409087062,1.0,39,0.03801551088690758,-0.03524584695696831,0.017907576635479927,0.014721802435815334,0.053639352321624756,0.0006962581537663937,1.0,70,0.04253343865275383,-0.0280783511698246,0.01607915759086609,0.021748242899775505,0.05496624484658241,0.0006708308937959373,1.0,0.06168352626264095,-0.03134547173976898,0.053639352321624756,-0.03524584695696831,0.05496624484658241,-0.0280783511698246,1.0
1790268557.2276218,9.523167133331299,193,0,17,0.03862358629703522,-0.011667587794363499,0.008843817748129368,0.009776185266673565,0.041310518980026245,0.0006166178500279784,1.0,15,0.014066568575799465,-0.00450846366584301,0.014920922927558422,0.04099271446466446,0.03961336612701416,0.0021091036032885313,1.0,39,0.03764265030622482,-0.022712120786309242,0.027151498943567276,0.020036820322275162,0.05198923870921135,0.000724520708899945,1.0,70,0.03864876925945282,-0.013568551279604435,0.02167358249425888,0.0190751776099205,0.0455535463988781,0.0005513000069186091,1.0,0.0404619425535202,-0.008088025730103254,0.05198923870921135,-0.022712120786309242,0.0455535463988781,-0.013568551279604435,1.0
1790268557.2797527,9.575298070907593,194,0,17,0.0364227294921875,-0.0024934655521064997,0.013171718455851078,0.012740553356707096,0.038946039974689484,0.0005177477723918855,1.0,15,0.06300251930952072,-0.010942586697638035,0.05297592654824257,0.02795080654323101,0.07272957265377045,0.001817696145735681,1.0,39,0.033891335129737854,-0.014318613335490227,0.027334893122315407,0.020039819180965424,0.04638000205159187,0.0007789368974044919,1.0,70,0.0336151123046875,-0.010401916690170765,0.020377391949295998,0.018123816698789597,0.04140135645866394,0.0005426496500149369,1.0,0.055837806314229965,-0.006718026124872267,0.04638000205159187,-0.014318613335490227,0.04140135645866394,-0.010401916690170765,1.0
1790268557.327631,9.623176336288452,195,1,17,0.031579408794641495,-0.00985627993941307,0.013841492123901844,0.019928699359297752,0.03928868845105171,0.0006053195684216917,1.0,15,0.03287963941693306,0.0041524250991642475,0.01749221608042717,0.040531232953071594,0.049052733927965164,0.0012885465985164046,1.0,39,0.028450598940253258,-0.03966463357210159,0.040864091366529465,0.025637157261371613,0.06464102119207382,0.000982118071988225,1.0,70,0.03121795691549778,-0.02568533830344677,0.022967467084527016,0.026285311207175255,0.04912756010890007,0.0007006304804235697,1.0,0.04417071118950844,-0.0028519274201244116,0.06464102119207382,-0.03966463357210159,0.04912756010890007,-0.02568533830344677,1.0
1790268557.3796027,9.675148010253906,196,0,17,0.6317614316940308,0.34355971217155457,0.7677116394042969,0.39408078789711,0.7549642324447632,0.14890094101428986,1.0,15,0.02903035469353199,0.07632649689912796,0.20742030441761017,0.22970063984394073,0.17813128232955933,0.05852751061320305,1.0,39,0.0068508051335811615,-0.046047113835811615,0.023861723020672798,0.017079830169677734,0.05247395485639572,0.0007887606043368578,1.0,70,0.11789703369140625,0.0315442755818367,0.3527892827987671,0.228706955909729,0.1590438336133957,0.022384770214557648,1.0,0.46654775738716125,0.20994310453534126,0.05247395485639572,-0.046047113835811615,0.1590438336133957,0.0315442755818367,1.0
1790268557.4276893,9.7232346534729,197,0,17,0.5484843254089355,0.26168733835220337,0.6873735785484314,0.26306334137916565,0.6330834031105042,0.136943981051445,1.0,15,0.03792114183306694,0.12970174849033356,0.13654233515262604,0.2759895324707031,0.178020641207695,0.04328995570540428,1.0,39,-0.00506200548261404,-0.014913314022123814,0.024460069835186005,0.016960633918642998,0.02974647469818592,0.0008231000392697752,1.0,70,0.11529345065355301,0.05476532131433487,0.39896076917648315,0.20086629688739777,0.16297727823257446,0.03497445210814476,1.0,0.4055520221590996,0.19569454342126846,0.02974647469818592,-0.014913314022123814,0.16297727823257446,0.05476532131433487,1.0
1790268557.479573,9.775118350982666,198,0,17,-0.045981016010046005,0.08456061780452728,0.12190031260251999,0.09332318603992462,0.12632142007350922,0.004867251962423325,1.0,15,-0.02163899689912796,0.013361613266170025,0.016348088160157204,0.04116120561957359,0.043766506016254425,0.0036281177308410406,1.0,39,-0.016811272129416466,0.013013399206101894,0.020595572888851166,0.018102530390024185,0.02918659709393978,0.0006172209978103638,1.0,70,-0.0294505525380373,0.02316088043153286,0.07651130110025406,0.05919547379016876,0.05291541665792465,0.0017963454592972994,1.0,0.08504396304488182,0.048961115535348654,0.02918659709393978,0.013013399206101894,0.05291541665792465,0.02316088043153286,1.0
1790268557.5315843,9.827129602432251,199,0,17,-0.10107062757015228,0.10406314581632614,0.09890031069517136,0.043096426874399185,0.15445059537887573,0.0017796291504055262,1.0,15,-0.04160156100988388,0.04186808317899704,0.031806934624910355,0.051000867038965225,0.07835429161787033,0.002834906103089452,1.0,39,-0.02919475920498371,0.037524882704019547,0.018649136647582054,0.019303593784570694,0.05274505540728569,0.0007257995312102139,1.0,70,-0.04977329820394516,0.04947815090417862,0.06124036759138107,0.0381072536110878,0.0746854916214943,0.0008562802104279399,1.0,0.11640244349837303,0.07296561449766159,0.05274505540728569,0.037524882704019547,0.0746854916214943,0.04947815090417862,1.0
1790268557.5796993,9.875244617462158,200,0,17,-0.13744758069515228,0.08019750565290451,0.08966109156608582,0.03941545635461807,0.16424375772476196,0.0012873683590441942,1.0,15,-0.0708414688706398,0.0595296211540699,0.030982904136180878,0.04790664464235306,0.09759856015443802,0.002052830532193184,1.0,39,-0.055766571313142776,0.039989374577999115,0.02145669236779213,0.016303041949868202,0.07127194851636887,0.0008125111344270408,1.0,70,-0.0701359361410141,0.04083121195435524,0.05711258202791214,0.03227265551686287,0.08375014364719391,0.0008624874753877521,1.0,0.1309211589396,0.0698635634034872,0.07127194851636887,0.039989374577999115,0.08375014364719391,0.04083121195435524,1.0
1790268557.6315823,9.927127599716187,201,0,17,-0.1020050048828125,0.04011445865035057,0.05888422951102257,0.016571884974837303,0.11330665647983551,0.001073859166353941,1.0,15,-0.05791829526424408,0.01436665840446949,0.04103211313486099,0.062087900936603546,0.08216021209955215,0.004676318261772394,1.0,39,-0.050184983760118484,0.014529497362673283,0.012051420286297798,0.0182332806289196,0.05524373799562454,0.0008374036988243461,1.0,70,-0.05468793585896492,0.014760262332856655,0.03768160939216614,0.020403370261192322,0.06023333966732025,0.000732382875867188,1.0,0.09773343428969383,0.02724055852741003,0.05524373799562454,0.014529497362673283,0.06023333966732025,0.014760262332856655,1.0
1790268557.6797378,9.975283145904541,202,0,17,-0.08894258737564087,0.020228667184710503,0.07115323096513748,0.02237497828900814,0.09365517646074295,0.0009101154282689095,1.0,15,-0.03909098356962204,-0.00968831405043602,0.029747653752565384,0.05041838809847832,0.0624140128493309,0.0018992982804775238,1.0,39,-0.04990602284669876,-0.00736803887411952,0.02508143149316311,0.015017421916127205,0.05432087182998657,0.0006226770929060876,1.0,70,-0.05412270501255989,-0.00481458380818367,0.04106912389397621,0.020051073282957077,0.058186545968055725,0.0007182115805335343,1.0,0.07803459465503693,0.005270176567137241,0.05432087182998657,-0.00736803887411952,0.058186545968055725,-0.00481458380818367,1.0
1790268557.7316587,10.027204036712646,203,0,17,-0.04966286942362785,-0.012888290919363499,0.017532844096422195,0.013798770494759083,0.053533777594566345,0.0006009669741615653,1.0,15,-0.06405436247587204,-0.03108825720846653,0.03427353501319885,0.03214660659432411,0.0781424418091774,0.0020122884307056665,1.0,39,-0.0576019287109375,-0.040812958031892776,0.028544703498482704,0.022845184430480003,0.07672534137964249,0.0009121620678342879,1.0,70,-0.04711826890707016,-0.02201341837644577,0.024877041578292847,0.024072077125310898,0.056176722049713135,0.0007401857292279601,1.0,0.06583810970187187,-0.021988274063915014,0.07672534137964249,-0.040812958031892776,0.056176722049713135,-0.02201341837644577,1.0
1790268557.7796736,10.075218915939331,204,0,17,-0.07162116467952728,-0.09361805766820908,0.1405935436487198,0.14187464118003845,0.13804879784584045,0.003010440617799759,1.0,15,-0.010404459200799465,-0.01604614220559597,0.02149026468396187,0.06059849262237549,0.05749126523733139,0.004428573418408632,1.0,39,-0.06656196713447571,-0.029091468080878258,0.023467455059289932,0.0226015392690897,0.07526807487010956,0.000914683158043772,1.0,70,-0.05508226528763771,-0.04398258775472641,0.07437697798013687,0.08027325570583344,0.08010979741811752,0.001827050931751728,1.0,0.09777003154158592,-0.05483209993690252,0.07526807487010956,-0.029091468080878258,0.08010979741811752,-0.04398258775472641,1.0
1790268557.8315852,10.127130508422852,205,0,17,-0.05127132683992386,-0.17387568950653076,0.1759074330329895,0.21011151373386383,0.21431520581245422,0.03178872913122177,1.0,15,-0.03669637069106102,-0.05891520157456398,0.041175808757543564,0.13506793975830078,0.10158064216375351,0.0355604849755764,1.0,39,-0.03642977029085159,-0.006098820827901363,0.018920402973890305,0.014827484264969826,0.04159880802035332,0.000848509487695992,1.0,70,-0.03219408169388771,-0.05038953572511673,0.09870205819606781,0.1395755559206009,0.08782023936510086,0.010815194807946682,1.0,0.15794792398810387,-0.11639544554054737,0.04159880802035332,-0.006098820827901363,0.08782023936510086,-0.05038953572511673,1.0
1790268557.8836339,10.179179191589355,206,0,17,-0.3964807987213135,-0.15511277318000793,0.5114558339118958,0.1989039182662964,0.4338623583316803,0.0945964902639389,1.0,15,-0.01953125,-0.0463104248046875,0.08867491781711578,0.13218122720718384,0.06962241232395172,0.03236754238605499,1.0,39,-0.016707591712474823,0.008839142508804798,0.021334175020456314,0.019082413986325264,0.029143916442990303,0.0005695100408047438,1.0,70,-0.10567452758550644,-0.04056919738650322,0.3041800856590271,0.12607647478580475,0.12402338534593582,0.022539077326655388,1.0,0.251742385327816,-0.10071159899234772,0.029143916442990303,0.008839142508804798,0.12402338534593582,-0.04056919738650322,1.0
1790268557.9315867,10.227132081985474,207,0,17,-0.22185471653938293,-0.219085693359375,0.3228788375854492,0.2652858793735504,0.3268018662929535,0.04506949707865715,1.0,15,-0.00903930701315403,-0.04521484300494194,0.0935404822230339,0.15775279700756073,0.09865813702344894,0.014648265205323696,1.0,39,-0.002239520661532879,0.01020069606602192,0.02058703452348709,0.01670115254819393,0.02522609382867813,0.0007168638985604048,1.0,70,-0.04147600382566452,-0.04487740620970726,0.17420339584350586,0.15978989005088806,0.07898760586977005,0.0066287643276154995,1.0,0.21273000165820122,-0.13215026818215847,0.02522609382867813,0.01020069606602192,0.07898760586977005,-0.04487740620970726,1.0
1790268557.9835784,10.279123783111572,208,0,17,-0.14444328844547272,-0.1612001359462738,0.19761225581169128,0.15867741405963898,0.23318563401699066,0.011791279539465904,1.0,15,0.004071044735610485,-0.05893656238913536,0.04608263820409775,0.07494967430830002,0.07290050387382507,0.0027330878656357527,1.0,39,0.026340974494814873,0.0010939377825707197,0.015896108001470566,0.013260813429951668,0.03009476326406002,0.0007794375414960086,1.0,70,-0.0053924559615552425,-0.0315464548766613,0.08940237760543823,0.09697221964597702,0.056292928755283356,0.0019619883969426155,1.0,0.15304306894540787,-0.11006834916770458,0.03009476326406002,0.0010939377825707197,0.056292928755283356,-0.0315464548766613,1.0
1790268558.0316424,10.327187776565552,209,0,17,0.011076085269451141,-0.14972911775112152,0.0933343917131424,0.09664617478847504,0.1727142035961151,0.0038198400288820267,1.0,15,0.02259114570915699,-0.06730346381664276,0.01634271629154682,0.10342705994844437,0.0940299779176712,0.002979945857077837,1.0,39,0.05868569388985634,-0.011019975878298283,0.02864859625697136,0.01610857993364334,0.06346908956766129,0.0008004713454283774,1.0,70,0.0409153513610363,-0.03925933688879013,0.03664625063538551,0.06712666898965836,0.06900013983249664,0.001233188435435295,1.0,0.13337209075689316,-0.10851629078388214,0.06346908956766129,-0.011019975878298283,0.06900013983249664,-0.03925933688879013,1.0
1790268558.0836911,10.379236459732056,210,1,17,-0.027240529656410217,-0.1737392693758011,0.08556059747934341,0.10746851563453674,0.19656072556972504,0.0019088457338511944,1.0,15,0.02602335624396801,-0.1562855988740921,0.07885900139808655,0.13553765416145325,0.1714557558298111,0.006128366105258465,1.0,39,0.039150532335042953,-0.036251362413167953,0.026543371379375458,0.016814514994621277,0.057967111468315125,0.0006768961902707815,1.0,70,0.03253413736820221,-0.05242091417312622,0.040978122502565384,0.06806207448244095,0.07705914974212646,0.0009013633825816214,1.0,0.18400824069976807,-0.1650124341249466,0.057967111468315125,-0.036251362413167953,0.07705914974212646,-0.05242091417312622,1.0
1790268558.1356447,10.431190013885498,211,0,17,0.0036504408344626427,-0.12494704127311707,0.05521480739116669,0.0714355856180191,0.13863903284072876,0.0019344082102179527,1.0,15,-0.010982259176671505,-0.09470214694738388,0.07715842127799988,0.08731278777122498,0.12158500403165817,0.0036403522826731205,1.0,39,0.04150155931711197,-0.03527284413576126,0.020501604303717613,0.021901719272136688,0.05806082487106323,0.001028020167723298,1.0,70,0.03089141845703125,-0.04652339220046997,0.0363435335457325,0.05641128867864609,0.06910918653011322,0.0009429656784050167,1.0,0.13011201843619347,-0.10982459411025047,0.05806082487106323,-0.03527284413576126,0.06910918653011322,-0.04652339220046997,1.0
1790268558.1836803,10.479225635528564,212,0,17,0.004566865973174572,-0.06887906789779663,0.03215166926383972,0.04129277914762497,0.07893960922956467,0.0005946126766502857,1.0,15,0.015138753689825535,-0.08282877504825592,0.021688317880034447,0.04331958666443825,0.0903434008359909,0.0017954789800569415,1.0,39,0.026292849332094193,-0.02954140678048134,0.023112762719392776,0.01810765080153942,0.044054292142391205,0.0005206767818890512,1.0,70,0.02325875498354435,-0.03273053839802742,0.023834776133298874,0.031926531344652176,0.0486568845808506,0.0005845007253810763,1.0,0.08464150503277779,-0.07585392147302628,0.044054292142391205,-0.02954140678048134,0.0486568845808506,-0.03273053839802742,1.0
1790268558.2356517,10.53119707107544,213,0,17,-0.0014486873988062143,-0.03165839612483978,0.022772563621401787,0.013845742680132389,0.038426827639341354,0.0003569946566130966,1.0,15,0.0065938313491642475,-0.02985331229865551,0.027916422113776207,0.028128627687692642,0.043814726173877716,0.0022886809892952442,1.0,39,0.011187822557985783,-0.011564205400645733,0.01935959793627262,0.023805387318134308,0.02993297204375267,0.0005960154812783003,1.0,70,0.003424290334805846,-0.01845158077776432,0.016489876434206963,0.016873018816113472,0.026652932167053223,0.0005464659770950675,1.0,0.041120776906609535,-0.030755854211747646,0.02993297204375267,-0.011564205400645733,0.026652932167053223,-0.01845158077776432,1.0
1790268558.2836835,10.57922887802124,214,0,17,-0.008463242091238499,-0.009711770340800285,0.020988643169403076,0.012971400283277035,0.021247651427984238,0.00045865357969887555,1.0,15,-0.01641642302274704,-0.02663981169462204,0.02487015724182129,0.0323944129049778,0.04139220342040062,0.003542383434250951,1.0,39,0.012273935601115227,-0.006634051911532879,0.019550388678908348,0.01645759493112564,0.024450179189443588,0.0007391683175228536,1.0,70,0.00578351691365242,-0.00736236572265625,0.015601512044668198,0.014431033283472061,0.01975814439356327,0.0006442571757361293,1.0,0.03131992742419243,-0.018175791017711163,0.024450179189443588,-0.006634051911532879,0.01975814439356327,-0.00736236572265625,1.0
1790268558.33564,10.631185293197632,215,0,17,-0.009954116307199001,-0.023120656609535217,0.013217713683843613,0.01456527691334486,0.026865579187870026,0.0005417214124463499,1.0,15,0.007739257998764515,-0.03171183168888092,0.0350731760263443,0.028663041070103645,0.048675015568733215,0.0017105754232034087,1.0,39,0.0033279811032116413,-0.042443301528692245,0.018500177189707756,0.01799638383090496,0.04584607854485512,0.0008007563301362097,1.0,70,0.0033732822630554438,-0.03033054806292057,0.017637059092521667,0.01726480759680271,0.03509168699383736,0.0005795116303488612,1.0,0.03777029737830162,-0.02741624414920807,0.04584607854485512,-0.042443301528692245,0.03509168699383736,-0.03033054806292057,1.0
1790268558.3876386,10.683183908462524,216,0,17,-0.0005681655020453036,-0.04298490658402443,0.022386500611901283,0.010667317546904087,0.048845987766981125,0.0004722901794593781,1.0,15,-0.008648681454360485,-0.01302286796271801,0.020073343068361282,0.04275251924991608,0.042249444872140884,0.0016035245498642325,1.0,39,-0.009751148521900177,-0.03562653437256813,0.024680783972144127,0.01880870759487152,0.04483230784535408,0.0008048517629504204,1.0,70,-0.00448543019592762,-0.03457772359251976,0.021956181153655052,0.021542172878980637,0.04255661368370056,0.0006043473840691149,1.0,0.045547716319561005,-0.02800388727337122,0.04483230784535408,-0.03562653437256813,0.04255661368370056,-0.03457772359251976,1.0
1790268558.4355643,10.731109619140625,217,0,17,0.0104827880859375,-0.03706180304288864,0.0111991660669446,0.015698619186878204,0.0417715422809124,0.00043191047734580934,1.0,15,0.02789713628590107,-0.03724873811006546,0.03024136833846569,0.019500374794006348,0.05439125373959541,0.0014014466432854533,1.0,39,-0.011082184500992298,-0.04286272078752518,0.016299230977892876,0.01587308570742607,0.04743501916527748,0.0007418795139528811,1.0,70,-0.00022125244140625,-0.03714665025472641,0.015666713938117027,0.0185681339353323,0.04124495014548302,0.0004407842643558979,1.0,0.048081398010253906,-0.03715527057647705,0.04743501916527748,-0.04286272078752518,0.04124495014548302,-0.03714665025472641,1.0
1790268558.4876437,10.783189058303833,218,0,17,0.010858871974050999,-0.00848478451371193,0.013037546537816525,0.022515324875712395,0.026792310178279877,0.0007091702427715063,1.0,15,-0.013446045108139515,0.0026041667442768812,0.026812853291630745,0.02856113389134407,0.03651972860097885,0.0019046739907935262,1.0,39,0.0027579283341765404,-0.009969075210392475,0.014332755468785763,0.021189333871006966,0.02284504473209381,0.0007346980273723602,1.0,70,0.0056597026996314526,-0.01265585795044899,0.01332291029393673,0.017491349950432777,0.022612303495407104,0.0006914131809026003,1.0,0.031656019389629364,-0.002940308884717524,0.02284504473209381,-0.009969075210392475,0.022612303495407104,-0.01265585795044899,1.0
1790268558.5357938,10.831339120864868,219,0,17,0.02319156378507614,-0.014781278558075428,0.023074345663189888,0.007395281456410885,0.03119625151157379,0.00043832120718434453,1.0,15,-0.001739501953125,-0.030670166015625,0.024770088493824005,0.043570831418037415,0.050382938235998154,0.0014640702866017818,1.0,39,0.017716236412525177,-0.007277268450707197,0.020271817222237587,0.01111142709851265,0.02575259655714035,0.0006305018905550241,1.0,70,0.011754934675991535,-0.003832353977486491,0.015310276299715042,0.0141031788662076,0.021179022267460823,0.0004603664856404066,1.0,0.04078959487378597,-0.022725722286850214,0.02575259655714035,-0.007277268450707197,0.021179022267460823,-0.003832353977486491,1.0
1790268558.5875654,10.883110761642456,220,0,17,0.022609934210777283,-0.002392937196418643,0.016994085162878036,0.013954095542430878,0.028694940730929375,0.0006125139771029353,1.0,15,0.03401489183306694,0.01322021521627903,0.032068248838186264,0.023710111156105995,0.0435284748673439,0.0018959864974021912,1.0,39,0.02078755758702755,0.011912028305232525,0.01825668290257454,0.026382945477962494,0.03750551491975784,0.0007591716130264103,1.0,70,0.0259715486317873,0.0024355207569897175,0.015883274376392365,0.0215289369225502,0.03455742821097374,0.0005974135710857809,1.0,0.03611170779913664,0.005413639009930193,0.03750551491975784,0.011912028305232525,0.03455742821097374,0.0024355207569897175,1.0
1790268558.6395557,10.93510103225708,221,0,17,0.04818815365433693,-0.0008320527849718928,0.019774407148361206,0.015388303436338902,0.05040944740176201,0.0009883511811494827,1.0,15,0.02387695387005806,0.00394388847053051,0.02237364836037159,0.018397118896245956,0.0348978154361248,0.0018166354857385159,1.0,39,0.03514412045478821,0.01923624612390995,0.01961466111242771,0.019104117527604103,0.0459064319729805,0.0008486906881444156,1.0,70,0.03739907220005989,0.00611027330160141,0.017963828518986702,0.018894266337156296,0.04239969328045845,0.0006850640056654811,1.0,0.042653631418943405,0.0015559178427793086,0.0459064319729805,0.01923624612390995,0.04239969328045845,0.00611027330160141,1.0
1790268558.687687,10.983232259750366,222,0,17,0.061299942433834076,-0.009981940500438213,0.02129507251083851,0.018885139375925064,0.06516915559768677,0.0005766496178694069,1.0,15,0.04302775114774704,0.01002604141831398,0.0327472947537899,0.024457823485136032,0.056138165295124054,0.0006708829314447939,1.0,39,0.052412766963243484,0.06714845448732376,0.041278768330812454,0.03363985940814018,0.09114768356084824,0.002059351885691285,1.0,70,0.04436296597123146,0.02538713812828064,0.03384396806359291,0.044406019151210785,0.06551258265972137,0.0011361916549503803,1.0,0.06065366044640541,2.2050458937883377e-05,0.09114768356084824,0.06714845448732376,0.06551258265972137,0.02538713812828064,1.0
1790268558.7399015,11.035446882247925,223,0,17,0.05411125719547272,-0.009753058664500713,0.024052346125245094,0.015573367476463318,0.057280801236629486,0.0009923730976879597,1.0,15,0.02164713479578495,-0.01315918006002903,0.01944880746304989,0.03432203829288483,0.04254567250609398,0.0036683576181530952,1.0,39,0.12876853346824646,0.2632567584514618,0.15235114097595215,0.14520147442817688,0.3281305432319641,0.010323646478354931,1.0,70,0.08833618462085724,0.10794524848461151,0.09575586020946503,0.14973889291286469,0.1651996225118637,0.003941851202398539,1.0,0.04991323687136173,-0.011456119362264872,0.3281305432319641,0.2632567584514618,0.1651996225118637,0.10794524848461151,1.0
1790268558.7876182,11.083163499832153,224,0,17,0.017341164872050285,-0.02270418033003807,0.015853047370910645,0.011880003847181797,0.03193441033363342,0.0006852843798696995,1.0,15,0.01809081993997097,0.01319173164665699,0.021930836141109467,0.02243908680975437,0.035932112485170364,0.0015435551758855581,1.0,39,0.012032141909003258,0.30960240960121155,0.16073432564735413,0.24243280291557312,0.3472400903701782,0.018368816003203392,1.0,70,0.0369742251932621,0.12961316108703613,0.09891148656606674,0.22530776262283325,0.1709243357181549,0.005104243289679289,1.0,0.033933261409401894,-0.00475622434169054,0.3472400903701782,0.30960240960121155,0.1709243357181549,0.12961316108703613,1.0
1790268558.839572,11.135117292404175,225,1,17,-6.103515625e-05,0.0010322121670469642,0.013185340911149979,0.014415430836379528,0.017353558912873268,0.0003926139324903488,1.0,15,-0.0012166340602561831,-0.011746215634047985,0.018642794340848923,0.030448833480477333,0.03154138848185539,0.0025521249044686556,1.0,39,-0.08751972019672394,0.28353410959243774,0.18410177528858185,0.2727983891963959,0.348898321390152,0.014205148443579674,1.0,70,-0.00843026302754879,0.11888100951910019,0.10188387334346771,0.2210325002670288,0.15341942012310028,0.004961887840181589,1.0,0.02444747369736433,-0.0053570017335005105,0.348898321390152,0.28353410959243774,0.15341942012310028,0.11888100951910019,1.0
1790268558.8915598,11.187105178833008,226,0,17,-0.0003338982060085982,0.014902451075613499,0.014924083836376667,0.017641037702560425,0.02623640187084675,0.0003741131804417819,1.0,15,-0.02368571050465107,0.02753092534840107,0.028849057853221893,0.05989475175738335,0.058004897087812424,0.003125332063063979,1.0,39,-0.004849556367844343,0.11774503439664841,0.09282390773296356,0.06754501163959503,0.15153275430202484,0.004167883191257715,1.0,70,-0.0017157418187707663,0.06003526970744133,0.06287308782339096,0.07065112888813019,0.08527757227420807,0.0017151432111859322,1.0,0.042120649479329586,0.021216688212007284,0.15153275430202484,0.11774503439664841,0.08527757227420807,0.06003526970744133,1.0
1790268558.939602,11.23514723777771,227,0,17,0.009270163252949715,0.019231459125876427,0.008369066752493382,0.007076502311974764,0.02253573201596737,0.00046204146929085255,1.0,15,-0.005476887803524733,0.02924601174890995,0.012938200496137142,0.03015459142625332,0.03737504035234451,0.001277963281609118,1.0,39,0.005119128152728081,0.025364411994814873,0.048295337706804276,0.04867644980549812,0.0642976462841034,0.0019360693404451013,1.0,70,0.003109087236225605,0.01600821316242218,0.03564133867621422,0.030638044700026512,0.04083907976746559,0.0010816222056746483,1.0,0.02995538618415594,0.02423873543739319,0.0642976462841034,0.025364411994814873,0.04083907976746559,0.01600821316242218,1.0
1790268558.9916787,11.287224054336548,228,0,17,0.014916813001036644,0.01762210577726364,0.012614769861102104,0.02680700272321701,0.03474217653274536,0.0009698053472675383,1.0,15,0.01619466207921505,0.02963663823902607,0.03697488084435463,0.03410131111741066,0.04600156098604202,0.001698788721114397,1.0,39,-0.1481100171804428,-0.5094213485717773,0.5491644144058228,0.46431171894073486,0.6957281827926636,0.07386410236358643,1.0,70,-0.03283059224486351,-0.2248295396566391,0.2335553914308548,0.36875119805336,0.2801550328731537,0.023084541782736778,1.0,0.04037186875939369,0.023629372008144855,0.6957281827926636,-0.5094213485717773,0.2801550328731537,-0.2248295396566391,1.0
1790268559.0396519,11.33519721031189,229,0,17,0.021563362330198288,-0.012456557713449001,0.01197634357959032,0.016734745353460312,0.029103828594088554,0.0007369942613877356,1.0,15,0.02083943597972393,0.02833455428481102,0.038029227405786514,0.053407225757837296,0.058263279497623444,0.00205255881883204,1.0,39,-0.33195847272872925,-1.0736596584320068,0.725482165813446,0.6570492386817932,1.2996386289596558,0.09503372013568878,1.0,70,-0.17222747206687927,-0.5589320659637451,0.33009764552116394,0.6460937261581421,0.6410338282585144,0.02815929614007473,1.0,0.043683554045856,0.00793899828568101,1.2996386289596558,-1.0736596584320068,0.6410338282585144,-0.5589320659637451,1.0
1790268559.0916028,11.387148141860962,230,0,17,0.023428523913025856,-0.010755650699138641,0.013674033805727959,0.010949503630399704,0.029419168829917908,0.0006558580789715052,1.0,15,0.02059529535472393,-0.0107879638671875,0.03037724271416664,0.042711347341537476,0.054312027990818024,0.0016809715889394283,1.0,39,-0.19744637608528137,-0.7920238971710205,0.38429492712020874,0.3025239408016205,0.8848960995674133,0.030822433531284332,1.0,70,-0.11177411675453186,-0.4024294316768646,0.23950931429862976,0.4112657606601715,0.4562171697616577,0.012405400164425373,1.0,0.041865598410367966,-0.01077180728316307,0.8848960995674133,-0.7920238971710205,0.4562171697616577,-0.4024294316768646,1.0
1790268559.1436906,11.439235925674438,231,0,17,0.012394624762237072,-0.021994197741150856,0.007473579607903957,0.0205511637032032,0.027917103841900826,0.0005116277607157826,1.0,15,0.002170816995203495,-0.0027313232421875,0.042561184614896774,0.027123812586069107,0.04417775198817253,0.0020770342089235783,1.0,39,0.012628408148884773,-0.33422812819480896,0.14491157233715057,0.1886061578989029,0.3668042719364166,0.009080927819013596,1.0,70,-0.02026999369263649,-0.18528376519680023,0.0904887393116951,0.20518414676189423,0.20713622868061066,0.003302094293758273,1.0,0.03604742791503668,-0.012362760491669178,0.3668042719364166,-0.33422812819480896,0.20713622868061066,-0.18528376519680023,1.0
1790268559.1916585,11.48720383644104,232,0,17,0.04387171193957329,-0.021463731303811073,0.027439815923571587,0.025601748377084732,0.05561904236674309,0.0005318755866028368,1.0,15,0.02504068985581398,-0.007354736328125,0.022169312462210655,0.03753925859928131,0.044124212116003036,0.001375074265524745,1.0,39,0.011186257004737854,-0.19884197413921356,0.14804847538471222,0.1302785724401474,0.2610933184623718,0.00778718339279294,1.0,70,-0.001883806544356048,-0.12069004774093628,0.0856817215681076,0.12041503936052322,0.1522122174501419,0.003850635839626193,1.0,0.04987162724137306,-0.014409233815968037,0.2610933184623718,-0.19884197413921356,0.1522122174501419,-0.12069004774093628,1.0
1790268559.243709,11.539254426956177,233,0,17,0.05462197586894035,-0.010262882336974144,0.024477142840623856,0.019800351932644844,0.060043271631002426,0.000867786817252636,1.0,15,0.04280192032456398,-0.02094116248190403,0.02581644058227539,0.031362131237983704,0.0570032075047493,0.002454626141116023,1.0,39,0.12011366337537766,-0.1908944994211197,0.19808362424373627,0.12687313556671143,0.274438738822937,0.00631193071603775,1.0,70,0.05704846978187561,-0.09479304403066635,0.11634156852960587,0.09788098931312561,0.13533054292201996,0.002557968720793724,1.0,0.05852323956787586,-0.015602022409439087,0.274438738822937,-0.1908944994211197,0.13533054292201996,-0.09479304403066635,1.0
1790268559.2917066,11.587251901626587,234,0,17,0.09446177631616592,-0.0018956800922751427,0.06477148830890656,0.04669400304555893,0.10541413724422455,0.0009122484480030835,1.0,15,0.05508829653263092,-0.012143961153924465,0.02455986849963665,0.07019906491041183,0.0790516585111618,0.0030799389351159334,1.0,39,0.06833120435476303,-0.21773117780685425,0.12520089745521545,0.07942306250333786,0.25039294362068176,0.004627353977411985,1.0,70,0.04265725240111351,-0.09552481770515442,0.07121629267930984,0.10199856013059616,0.13180109858512878,0.0024790484458208084,1.0,0.09223289787769318,-0.007019820623099804,0.25039294362068176,-0.21773117780685425,0.13180109858512878,-0.09552481770515442,1.0
1790268559.343609,11.639154434204102,235,0,17,0.8500994443893433,0.511181116104126,0.9794843196868896,0.6496997475624084,1.0435870885849,0.2380031943321228,1.0,14,0.0237753726541996,0.0688193216919899,0.20800724625587463,0.16542111337184906,0.16047663986682892,0.037550535053014755,0.9333333333333333,39,0.024333463981747627,-0.06840202212333679,0.07288029789924622,0.0469459667801857,0.09695383161306381,0.0018764499109238386,1.0,70,0.17017407715320587,0.06773245334625244,0.5108879208564758,0.388838529586792,0.2522437274456024,0.046033937484025955,1.0,0.6020318642258644,0.29000021889805794,0.09695383161306381,-0.06840202212333679,0.2522437274456024,0.06773245334625244,0.9833333333333334
1790268559.3956158,11.691161155700684,236,0,17,0.48778489232063293,0.22147773206233978,0.5506346821784973,0.24129775166511536,0.5559306740760803,0.07825122028589249,1.0,14,0.0037558418698608875,0.0679517462849617,0.04319300875067711,0.20701715350151062,0.13530561327934265,0.02378552220761776,1.0,39,0.030928000807762146,-0.0006228716229088604,0.05066955089569092,0.03723376244306564,0.05724695324897766,0.0016336310654878616,1.0,70,0.1231863871216774,0.0522439144551754,0.32614877820014954,0.1749904602766037,0.1606791764497757,0.019911449402570724,1.0,0.3456181436777115,0.14471473917365074,0.05724695324897766,-0.0006228716229088604,0.1606791764497757,0.0522439144551754,1.0
1790268559.4436812,11.739226579666138,237,0,17,0.014463536441326141,0.03900146484375,0.04731190949678421,0.03509749472141266,0.06601586192846298,0.0013126013800501823,1.0,14,0.005377633031457663,0.01822880282998085,0.03159013390541077,0.062201641499996185,0.06261281669139862,0.0021762135438621044,1.0,39,0.03419025242328644,0.03865246847271919,0.06855937838554382,0.035875193774700165,0.07098184525966644,0.0014939800603315234,1.0,70,0.01708701066672802,0.03136901929974556,0.03940511867403984,0.03235284611582756,0.05297984927892685,0.0010640093823894858,1.0,0.0643143393099308,0.028615133836865425,0.07098184525966644,0.03865246847271919,0.05297984927892685,0.03136901929974556,1.0
1790268559.4955885,11.791133880615234,238,0,17,-0.029353423044085503,0.05324150621891022,0.04201469197869301,0.025154579430818558,0.07007449120283127,0.0008758712792769074,1.0,14,0.0066353934817016125,0.05658721923828125,0.03036106750369072,0.03038841113448143,0.06893359869718552,0.0029226497281342745,1.0,39,0.017084365710616112,0.05437293276190758,0.027173282578587532,0.027118399739265442,0.06537885218858719,0.0014324258081614971,1.0,70,-0.00508837029337883,0.04316907748579979,0.03825773298740387,0.03213956207036972,0.056918639689683914,0.0009670802392065525,1.0,0.06950404495000839,0.054914362728595734,0.06537885218858719,0.05437293276190758,0.056918639689683914,0.04316907748579979,1.0
1790268559.543671,11.839216232299805,239,0,17,-0.07705508917570114,0.059178970754146576,0.09756530076265335,0.029064519330859184,0.11121626198291779,0.001361117698252201,1.0,14,-0.03061349131166935,0.052490234375,0.026225682348012924,0.029359450563788414,0.06689406931400299,0.002633575815707445,1.0,39,-0.013853807002305984,0.07388658076524734,0.03907202556729317,0.048499055206775665,0.08543414622545242,0.001747945207171142,1.0,70,-0.03444366529583931,0.05251660943031311,0.06270166486501694,0.04412950575351715,0.07654418796300888,0.0010397974401712418,1.0,0.08905516564846039,0.05583460256457329,0.08543414622545242,0.07388658076524734,0.07654418796300888,0.05251660943031311,1.0
1790268559.595676,11.891221284866333,240,1,17,-0.051978617906570435,0.06392265856266022,0.03532871976494789,0.021457120776176453,0.08628442138433456,0.0007755496189929545,1.0,14,-0.028564453125,0.01697322353720665,0.0401151143014431,0.030142826959490776,0.05446792393922806,0.001375063555315137,1.0,39,-0.004296718630939722,0.0693257674574852,0.0443781316280365,0.02325689233839512,0.08213216811418533,0.00098239176440984,1.0,70,-0.02224164642393589,0.05655147135257721,0.033811137080192566,0.034408535808324814,0.06891195476055145,0.0008139259298332036,1.0,0.07037617266178131,0.040447941049933434,0.08213216811418533,0.0693257674574852,0.06891195476055145,0.05655147135257721,1.0
1790268559.6475844,11.943129777908325,241,0,17,-0.07462984323501587,0.032370176166296005,0.043814849108457565,0.013170924037694931,0.08446180820465088,0.0010968009009957314,1.0,14,-0.0489632748067379,0.0228424072265625,0.01697964034974575,0.029969003051519394,0.06103668734431267,0.0021803858689963818,1.0,39,-0.03155243769288063,0.08515773713588715,0.034256987273693085,0.041065145283937454,0.09906457364559174,0.002633016323670745,1.0,70,-0.03894565999507904,0.05283922329545021,0.034909140318632126,0.04434453696012497,0.07551264017820358,0.0010301725706085563,1.0,0.07274924777448177,0.027606291696429253,0.09906457364559174,0.08515773713588715,0.07551264017820358,0.05283922329545021,1.0
1790268559.6956892,11.991234540939331,242,0,17,-0.07370354235172272,-0.08645270764827728,0.14741170406341553,0.16376882791519165,0.13271769881248474,0.009569046087563038,1.0,14,-0.01757158525288105,-0.05224282294511795,0.026721246540546417,0.14644324779510498,0.09019577503204346,0.019166594371199608,1.0,39,-0.04283376783132553,0.020660400390625,0.02341163158416748,0.020336873829364777,0.05353623628616333,0.0009170162957161665,1.0,70,-0.04156472161412239,-0.01799076609313488,0.07914233952760696,0.11301761120557785,0.0727696567773819,0.00459506968036294,1.0,0.1114567369222641,-0.06934776529669762,0.05353623628616333,0.020660400390625,0.0727696567773819,-0.01799076609313488,1.0
1790268559.747611,12.043156385421753,243,0,17,-0.022188972681760788,-0.1217103824019432,0.1368022859096527,0.12457558512687683,0.16104252636432648,0.016252130270004272,1.0,14,-0.0389862060546875,-0.06734248250722885,0.039155326783657074,0.07875284552574158,0.09266259521245956,0.007380180060863495,1.0,39,-0.035847198218107224,-0.04743214324116707,0.035261232405900955,0.026904556900262833,0.06909879297018051,0.0009418792906217277,1.0,70,-0.0259421207010746,-0.05431126058101654,0.08592277020215988,0.0798032283782959,0.08637566864490509,0.005268000066280365,1.0,0.12685256078839302,-0.09452643245458603,0.06909879297018051,-0.04743214324116707,0.08637566864490509,-0.05431126058101654,1.0
1790268559.7956312,12.091176509857178,244,0,17,-0.31255924701690674,-0.22063760459423065,0.4140155613422394,0.22908833622932434,0.395526647567749,0.03148854896426201,1.0,14,-0.0167519710958004,-0.09338923543691635,0.07320698350667953,0.06354627013206482,0.11078090220689774,0.004538040142506361,1.0,39,-0.02893027290701866,-0.06738398969173431,0.032410264015197754,0.027972230687737465,0.08020985871553421,0.0012126874644309282,1.0,70,-0.09050837904214859,-0.09286847710609436,0.2405623495578766,0.14115741848945618,0.13978536427021027,0.008340426720678806,1.0,0.2531537748873234,-0.1570134200155735,0.08020985871553421,-0.06738398969173431,0.13978536427021027,-0.09286847710609436,1.0
1790268559.8476267,12.143172025680542,245,0,17,-0.22422072291374207,-0.21641181409358978,0.32709258794784546,0.22045157849788666,0.325289249420166,0.026786914095282555,1.0,14,-0.01821027509868145,-0.065338134765625,0.030354108661413193,0.0478878915309906,0.081501804292202,0.003406312083825469,1.0,39,-0.011904594488441944,-0.07303912937641144,0.021869683638215065,0.027741985395550728,0.07780317217111588,0.0009298198274336755,1.0,70,-0.05737479031085968,-0.09645538032054901,0.18576183915138245,0.13231000304222107,0.12476994842290878,0.006889877375215292,1.0,0.203395526856184,-0.1408749744296074,0.07780317217111588,-0.07303912937641144,0.12476994842290878,-0.09645538032054901,1.0
1790268559.899622,12.195167303085327,246,0,17,-0.1320280134677887,-0.20245540142059326,0.19656695425510406,0.18662841618061066,0.25516560673713684,0.01274095382541418,1.0,14,0.01935686357319355,-0.07329341024160385,0.03582823649048805,0.04790787026286125,0.08041711151599884,0.002119879238307476,1.0,39,-0.0069427490234375,-0.060818012803792953,0.021469328552484512,0.016920054331421852,0.06447208672761917,0.000787013559602201,1.0,70,-0.02987714484333992,-0.08129751682281494,0.11267342418432236,0.11794210225343704,0.09849907457828522,0.0025420140009373426,1.0,0.16779135912656784,-0.13787440583109856,0.06447208672761917,-0.060818012803792953,0.09849907457828522,-0.08129751682281494,1.0
1790268559.947651,12.243196249008179,247,0,17,-0.09243953973054886,-0.17484597861766815,0.18830330669879913,0.18484771251678467,0.2309088259935379,0.014443173073232174,1.0,14,-0.0035487583372741938,-0.0423692986369133,0.020993564277887344,0.05013300105929375,0.06466072052717209,0.002289294730871916,1.0,39,0.01018504612147808,-0.02418752759695053,0.024010594934225082,0.017324436455965042,0.03409167006611824,0.0008357446058653295,1.0,70,-0.0004669189511332661,-0.05480804294347763,0.09981261193752289,0.11085008084774017,0.07841503620147705,0.002104833023622632,1.0,0.147784773260355,-0.10860763862729073,0.03409167006611824,-0.02418752759695053,0.07841503620147705,-0.05480804294347763,1.0
1790268559.9996474,12.29519271850586,248,0,17,0.004507625941187143,-0.10288732498884201,0.119046151638031,0.06944634020328522,0.15397262573242188,0.0043011377565562725,1.0,14,0.0801783949136734,-0.02339608408510685,0.05490563064813614,0.07262275367975235,0.09970217943191528,0.003856973024085164,1.0,39,0.06129181757569313,-0.020742954686284065,0.02217390388250351,0.016066156327724457,0.0662645623087883,0.0009188836556859314,1.0,70,0.0545174740254879,-0.0357382632791996,0.05361681059002876,0.05237215757369995,0.08517587929964066,0.0010063308291137218,1.0,0.12683740258216858,-0.06314170453697443,0.0662645623087883,-0.020742954686284065,0.08517587929964066,-0.0357382632791996,1.0
1790268560.047619,12.343164443969727,249,0,17,0.013146793469786644,-0.22294795513153076,0.15112411975860596,0.20013806223869324,0.27732041478157043,0.011563042178750038,1.0,14,0.06292724609375,-0.0340968556702137,0.026089400053024292,0.04365130886435509,0.08314287662506104,0.004763203207403421,1.0,39,0.07842274010181427,-0.023029033094644547,0.02054772526025772,0.019416915252804756,0.08383425325155258,0.0008820541552267969,1.0,70,0.07022552192211151,-0.06476876139640808,0.06125449761748314,0.12802554666996002,0.12267601490020752,0.0021661706268787384,1.0,0.18023164570331573,-0.12852240540087223,0.08383425325155258,-0.023029033094644547,0.12267601490020752,-0.06476876139640808,1.0
1790268560.099626,12.395171403884888,250,0,17,0.0008158964337781072,-0.10828623920679092,0.12095075845718384,0.09990827739238739,0.16323953866958618,0.0029122293926775455,1.0,14,0.0776868537068367,-0.012578691355884075,0.03605371341109276,0.03693414106965065,0.08781866729259491,0.003366300370544195,1.0,39,0.06644733250141144,-0.00259203789755702,0.02134227380156517,0.017793796956539154,0.06889992207288742,0.0008239477756433189,1.0,70,0.05510515347123146,-0.01872057281434536,0.04723339155316353,0.06266822665929794,0.0819123163819313,0.0010375403799116611,1.0,0.12552910298109055,-0.0604324652813375,0.06889992207288742,-0.00259203789755702,0.0819123163819313,-0.01872057281434536,1.0
1790268560.1515818,12.447127103805542,251,0,17,-1.7951517293113284e-05,-0.01844967156648636,0.020167287439107895,0.025267165154218674,0.032705776393413544,0.0005911737098358572,1.0,14,0.0373491570353508,-0.0036414009518921375,0.012616162188351154,0.029677141457796097,0.04835516959428787,0.0015397266251966357,1.0,39,0.057656314224004745,0.02774556539952755,0.0171627439558506,0.019636785611510277,0.06717368215322495,0.0007588874432258308,1.0,70,0.03987012431025505,0.01832754909992218,0.025918344035744667,0.027310051023960114,0.053395066410303116,0.0006433204980567098,1.0,0.04053047299385071,-0.011045536259189248,0.06717368215322495,0.02774556539952755,0.053395066410303116,0.01832754909992218,1.0
1790268560.1995883,12.495133638381958,252,0,17,-0.024362003430724144,0.02717410773038864,0.03900882974267006,0.016994528472423553,0.04933645576238632,0.0006687550921924412,1.0,14,0.02585928700864315,0.0371900275349617,0.02874835953116417,0.026165563613176346,0.05407089367508888,0.0019563634414225817,1.0,39,0.016150841489434242,0.07655021548271179,0.018600622192025185,0.01734585501253605,0.08036677539348602,0.0011015180498361588,1.0,70,0.0027018955443054438,0.04872240498661995,0.024022305384278297,0.03320896252989769,0.057493142783641815,0.0006371217896230519,1.0,0.0517036747187376,0.03218206763267517,0.08036677539348602,0.07655021548271179,0.057493142783641815,0.04872240498661995,1.0
1790268560.2515705,12.547115802764893,253,0,17,-0.0836944580078125,0.045813169330358505,0.0457657165825367,0.01574709266424179,0.10137493908405304,0.0019198574591428041,1.0,14,0.0035029819700866938,0.0629795640707016,0.02804684080183506,0.01919432170689106,0.0696382075548172,0.0012503174366429448,1.0,39,-0.016193879768252373,0.08905616402626038,0.018421074375510216,0.026293309405446053,0.09249536693096161,0.0011172679951414466,1.0,70,-0.03628605604171753,0.06788679212331772,0.03492443263530731,0.03264883905649185,0.08426675945520401,0.0008922108681872487,1.0,0.08550657331943512,0.05439636670053005,0.09249536693096161,0.08905616402626038,0.08426675945520401,0.06788679212331772,1.0
1790268560.2997468,12.595292091369629,254,0,17,-0.11384223401546478,0.07751554250717163,0.03262493759393692,0.029917895793914795,0.1422894448041916,0.001113523030653596,1.0,14,-0.02771867997944355,0.040679931640625,0.02314511127769947,0.026390034705400467,0.05621439218521118,0.0024420940317213535,1.0,39,-0.0573374442756176,0.16435398161411285,0.04119796305894852,0.04877429082989693,0.1769985854625702,0.003492385847494006,1.0,70,-0.06491590291261673,0.11478816717863083,0.037536539137363434,0.06410522013902664,0.1406688690185547,0.001293999725021422,1.0,0.09925191849470139,0.059097737073898315,0.1769985854625702,0.16435398161411285,0.1406688690185547,0.11478816717863083,1.0
1790268560.3516424,12.64718770980835,255,1,17,-0.09725503623485565,0.07812679558992386,0.03273134306073189,0.014356239698827267,0.12711882591247559,0.001080990768969059,1.0,14,-0.0317186638712883,0.0801936537027359,0.020097533240914345,0.03967957943677902,0.08979345113039017,0.0025962423533201218,1.0,39,-0.05699431523680687,0.18078731000423431,0.03476722538471222,0.04346057027578354,0.19191277027130127,0.0028736935928463936,1.0,70,-0.0659702867269516,0.13463418185710907,0.03938133269548416,0.07085542380809784,0.15713541209697723,0.0014774429146200418,1.0,0.10845613852143288,0.07916022464632988,0.19191277027130127,0.18078731000423431,0.15713541209697723,0.13463418185710907,1.0
1790268560.4036393,12.699184656143188,256,0,17,-0.04765230044722557,0.07625265419483185,0.022655418142676353,0.021279314532876015,0.091193787753582,0.0011046137660741806,1.0,14,-0.0391496941447258,0.07851409912109375,0.019571928307414055,0.04170108586549759,0.09260846674442291,0.0040100640617311,1.0,39,-0.014400775544345379,0.1333668977022171,0.03246626257896423,0.03319942578673363,0.13739964365959167,0.0014189159264788032,1.0,70,-0.0281361173838377,0.10257546603679657,0.029358431696891785,0.05330070108175278,0.11461777240037918,0.001000732067041099,1.0,0.09190112724900246,0.0773833766579628,0.13739964365959167,0.1333668977022171,0.11461777240037918,0.10257546603679657,1.0
1790268560.451682,12.747227430343628,257,0,17,-0.03557003289461136,0.0631651058793068,0.0133929792791605,0.010760672390460968,0.07330533862113953,0.00047375739086419344,1.0,14,-0.0122528076171875,0.06887490302324295,0.02563970908522606,0.03573222830891609,0.07605289667844772,0.0017959772376343608,1.0,39,-0.01403065212070942,0.09496444463729858,0.023452218621969223,0.026413682848215103,0.09859641641378403,0.001345872413367033,1.0,70,-0.01869812048971653,0.06615273654460907,0.019550861790776253,0.028160864487290382,0.07259704917669296,0.0008148459601216018,1.0,0.07467911764979362,0.06602000445127487,0.09859641641378403,0.09496444463729858,0.07259704917669296,0.06615273654460907,1.0
1790268560.5036097,12.799154996871948,258,0,17,0.3942960798740387,0.24576164782047272,0.5217744708061218,0.2207271307706833,0.4938841462135315,0.021316703408956528,1.0,14,-0.014262608252465725,0.0330701544880867,0.01651901565492153,0.02851090580224991,0.044885631650686264,0.0019102890510112047,1.0,39,0.0075472318567335606,0.03735820949077606,0.01978633552789688,0.016977405175566673,0.04332064092159271,0.00108261127024889,1.0,70,0.07533525675535202,0.0758754163980484,0.2901225686073303,0.13707618415355682,0.12809734046459198,0.003775127464905381,1.0,0.2693848889321089,0.1394159011542797,0.04332064092159271,0.03735820949077606,0.12809734046459198,0.0758754163980484,1.0
1790268560.5516427,12.847187995910645,259,0,17,0.0652833804488182,0.004955516196787357,0.0734160840511322,0.02342495694756508,0.07272127270698547,0.0014300356851890683,1.0,14,0.012952531687915325,0.0070441109128296375,0.0236300490796566,0.037968628108501434,0.043001312762498856,0.001554223825223744,1.0,39,0.015358557924628258,0.007612961810082197,0.01556938886642456,0.015206694602966309,0.0251538697630167,0.0008734225993975997,1.0,70,0.02496403269469738,0.007122148759663105,0.044076189398765564,0.01748812012374401,0.03471548855304718,0.000667802058160305,1.0,0.057861292734742165,0.005999813554808497,0.0251538697630167,0.007612961810082197,0.03471548855304718,0.007122148759663105,1.0
1790268560.6037452,12.899290561676025,260,0,17,0.03170596808195114,-0.02073848992586136,0.023840630427002907,0.015558650717139244,0.04397869482636452,0.0007755824481137097,1.0,14,0.021209716796875,0.0221721101552248,0.018384389579296112,0.029010936617851257,0.040804002434015274,0.0025439888704568148,1.0,39,0.01634177193045616,-0.023194532841444016,0.016542669385671616,0.020265016704797745,0.03559132292866707,0.0009349473984912038,1.0,70,0.0235148835927248,-0.0224631167948246,0.020537687465548515,0.019130248576402664,0.038666948676109314,0.0006646931869909167,1.0,0.042391348630189896,0.0007168101146817207,0.03559132292866707,-0.023194532841444016,0.038666948676109314,-0.0224631167948246,1.0
1790268560.6556437,12.951189041137695,261,0,17,0.06422155350446701,-0.037378646433353424,0.029864400625228882,0.01903281733393669,0.07622631639242172,0.0009817704558372498,1.0,14,0.02568490244448185,-0.0029416766483336687,0.042681582272052765,0.03321808949112892,0.0543099008500576,0.0022838886361569166,1.0,39,0.03200315684080124,-0.037105854600667953,0.012753268703818321,0.012703430838882923,0.05014413222670555,0.0009696101769804955,1.0,70,0.04302346333861351,-0.03169076144695282,0.02274717204272747,0.023109426721930504,0.05830731242895126,0.000694891030434519,1.0,0.06526810862123966,-0.020160161540843546,0.05014413222670555,-0.037105854600667953,0.05830731242895126,-0.03169076144695282,1.0
1790268560.7036033,12.999148607254028,262,0,17,0.0744233950972557,-0.033468808978796005,0.025964556261897087,0.02892221324145794,0.08782700449228287,0.0005204688641242683,1.0,14,0.027069091796875,-0.04963357001543045,0.02022978663444519,0.028807656839489937,0.06122394651174545,0.0013851678231731057,1.0,39,0.060224875807762146,-0.04218272492289543,0.02190581150352955,0.015394662506878376,0.07546168565750122,0.0007317533600144088,1.0,70,0.06087123230099678,-0.03582087904214859,0.02663615345954895,0.023542748764157295,0.07434742897748947,0.0006311201141215861,1.0,0.07452547550201416,-0.04155118949711323,0.07546168565750122,-0.04218272492289543,0.07434742897748947,-0.03582087904214859,1.0
1790268560.75567,13.051215410232544,263,0,17,0.09240902215242386,-0.04237814620137215,0.024371257051825523,0.015330315567553043,0.10281363129615784,0.0013421924086287618,1.0,14,0.0375104621052742,-0.02915409579873085,0.02140853740274906,0.03420322388410568,0.055318985134363174,0.0032554022036492825,1.0,39,0.053290341049432755,-0.03105398267507553,0.018527690321207047,0.019412754103541374,0.06474912166595459,0.0007224007276818156,1.0,70,0.06152670830488205,-0.0347529835999012,0.02570239081978798,0.017814818769693375,0.07316563278436661,0.0007843244820833206,1.0,0.0790663082152605,-0.0357661210000515,0.06474912166595459,-0.03105398267507553,0.07316563278436661,-0.0347529835999012,1.0
1790268560.8037977,13.099343061447144,264,0,17,0.1334318220615387,0.019884895533323288,0.09796537458896637,0.059660568833351135,0.1449202299118042,0.0020667153876274824,1.0,14,0.0436553955078125,-0.0211334228515625,0.032158102840185165,0.011982215568423271,0.05579196289181709,0.0023186909966170788,1.0,39,0.06240805611014366,-0.025766225531697273,0.028025640174746513,0.020326217636466026,0.07065025717020035,0.0011163937160745263,1.0,70,0.0782601460814476,-0.0160086490213871,0.059716761112213135,0.04028618335723877,0.08723044395446777,0.0010636057704687119,1.0,0.10035609640181065,-0.000624263659119606,0.07065025717020035,-0.025766225531697273,0.08723044395446777,-0.0160086490213871,1.0
1790268560.855614,13.151159286499023,265,0,17,0.05514257028698921,0.0015204934170469642,0.029504870995879173,0.019021833315491676,0.059736110270023346,0.0009794781217351556,1.0,14,0.039794921875,-0.00262451171875,0.011457360349595547,0.028131894767284393,0.04850530996918678,0.0014917412772774696,1.0,39,0.03749867156147957,0.00266833184286952,0.02078126184642315,0.014630499295890331,0.042137257754802704,0.0008303995127789676,1.0,70,0.0410025455057621,0.0010504586389288306,0.0235736183822155,0.016396310180425644,0.04584460332989693,0.0007286825566552579,1.0,0.054120710119605064,-0.0005520091508515179,0.042137257754802704,0.00266833184286952,0.04584460332989693,0.0010504586389288306,1.0
1790268560.907647,13.203192234039307,266,0,17,0.030513091012835503,0.013861263170838356,0.016984885558485985,0.016657806932926178,0.038511957973241806,0.0007949484279379249,1.0,14,0.000396728515625,-0.0056250435300171375,0.02398957870900631,0.029728146269917488,0.033292148262262344,0.0018922091694548726,1.0,39,0.01601938158273697,0.025493523105978966,0.01682853139936924,0.020422620698809624,0.036442164331674576,0.0009337273659184575,1.0,70,0.02234715037047863,0.01602456159889698,0.01629236340522766,0.019325796514749527,0.03380359336733818,0.000673480739351362,1.0,0.035902053117752075,0.004118109820410609,0.036442164331674576,0.025493523105978966,0.03380359336733818,0.01602456159889698,1.0
1790268560.9556353,13.251180648803711,267,0,17,0.007542329840362072,0.024897856637835503,0.026126855984330177,0.01851135492324829,0.0361100435256958,0.00037602451629936695,1.0,14,0.0272369384765625,0.0368281789124012,0.018862463533878326,0.01839478686451912,0.04880699887871742,0.0012646432733163238,1.0,39,0.003488785121589899,0.03437101095914841,0.017330750823020935,0.012995819561183453,0.03881985321640968,0.0007498795748688281,1.0,70,0.00294538214802742,0.0266701839864254,0.015807410702109337,0.020720159634947777,0.033627551048994064,0.0005350004066713154,1.0,0.04245852120220661,0.03086301777511835,0.03881985321640968,0.03437101095914841,0.033627551048994064,0.0266701839864254,1.0
1790268561.007617,13.303162336349487,268,0,17,0.015918508172035217,0.02990543097257614,0.0295270886272192,0.022796576842665672,0.04344158247113228,0.0005856501520611346,1.0,14,0.0017787388060241938,0.0281339380890131,0.020899245515465736,0.03203492984175682,0.04214189201593399,0.0024450328201055527,1.0,39,-0.011532123200595379,0.032184697687625885,0.02094895951449871,0.02104588784277439,0.0406639389693737,0.0009039968135766685,1.0,70,-0.0069604055024683475,0.02059980109333992,0.020354362204670906,0.020969675853848457,0.030936384573578835,0.0007344825426116586,1.0,0.042791737243533134,0.02901968453079462,0.0406639389693737,0.032184697687625885,0.030936384573578835,0.02059980109333992,1.0
1790268561.0556116,13.351156949996948,269,0,17,-0.024586396291851997,0.020010555163025856,0.014532220549881458,0.020645389333367348,0.03817690908908844,0.0008364192908629775,1.0,14,-0.008381434716284275,0.0195944644510746,0.01847013831138611,0.012519261799752712,0.027985630556941032,0.0011541465064510703,1.0,39,-0.00179623335134238,0.019807081669569016,0.021695194765925407,0.010086790658533573,0.028159918263554573,0.0005997583502903581,1.0,70,-0.008593750186264515,0.01636483334004879,0.017445767298340797,0.015371532179415226,0.026018302887678146,0.0006010119104757905,1.0,0.033081269823014736,0.019802509807050228,0.028159918263554573,0.019807081669569016,0.026018302887678146,0.01636483334004879,1.0
1790268561.1076264,13.40317177772522,270,1,17,0.00035723517066799104,0.01969999447464943,0.017535950988531113,0.01687709614634514,0.02862549014389515,0.00037801466532982886,1.0,14,-0.010118757374584675,0.0233797337859869,0.018437203019857407,0.020385490730404854,0.03378649055957794,0.0021438898984342813,1.0,39,-0.018942417576909065,0.022520016878843307,0.017238538712263107,0.016886264085769653,0.03525881469249725,0.0006487176869995892,1.0,70,-0.015140642412006855,0.014745439402759075,0.013147496618330479,0.017290739342570305,0.027802612632513046,0.0006188965635374188,1.0,0.031205990351736546,0.021539864130318165,0.03525881469249725,0.022520016878843307,0.027802612632513046,0.014745439402759075,1.0
1790268561.1597269,13.455272197723389,271,0,17,-0.017978444695472717,0.028431611135601997,0.018465474247932434,0.011544539593160152,0.03721572458744049,0.0007262275321409106,1.0,14,-0.0170745849609375,0.0233121607452631,0.020006941631436348,0.02266800031065941,0.03950813040137291,0.0016697548562660813,1.0,39,-0.01985677145421505,0.03442109003663063,0.01802459917962551,0.014334057457745075,0.04285157844424248,0.0010038861073553562,1.0,70,-0.01903577521443367,0.02543291449546814,0.020841587334871292,0.01429570559412241,0.03551096096634865,0.0006271284655667841,1.0,0.0383619274944067,0.02587188594043255,0.04285157844424248,0.03442109003663063,0.03551096096634865,0.02543291449546814,1.0
1790268561.207625,13.503170251846313,272,0,17,-0.029713349416851997,0.028057321906089783,0.023980630561709404,0.019380267709493637,0.04794888198375702,0.0008942668209783733,1.0,14,-0.01216997392475605,0.0156424380838871,0.016376009210944176,0.036721065640449524,0.03992513567209244,0.0016566303092986345,1.0,39,-0.009105193428695202,0.03330954536795616,0.012574387714266777,0.017293516546487808,0.03736531734466553,0.0006429248605854809,1.0,70,-0.01363961398601532,0.02397221140563488,0.015773512423038483,0.021371427923440933,0.034558773040771484,0.0007372907712124288,1.0,0.04393700882792473,0.02184987999498844,0.03736531734466553,0.03330954536795616,0.034558773040771484,0.02397221140563488,1.0
1790268561.2596028,13.555148124694824,273,0,17,0.014687033370137215,0.053930845111608505,0.030591797083616257,0.04525222256779671,0.06627649068832397,0.0017165408935397863,1.0,14,-0.0264914371073246,0.010767255909740925,0.015507827512919903,0.02480979636311531,0.03785053640604019,0.0016864672070369124,1.0,39,-0.007155589759349823,0.04425870627164841,0.02026102878153324,0.017426302656531334,0.04970685765147209,0.0008343766676262021,1.0,70,-0.007153102196753025,0.03234666958451271,0.024748841300606728,0.028790397569537163,0.04268351569771767,0.0009167836979031563,1.0,0.05206351354718208,0.032349050510674715,0.04970685765147209,0.04425870627164841,0.04268351569771767,0.03234666958451271,1.0
1790268561.3076675,13.603212833404541,274,0,17,0.5952498316764832,0.3887580335140228,0.8051462769508362,0.44911399483680725,0.7374381422996521,0.13217218220233917,1.0,14,0.02646963857114315,0.07438550889492035,0.15118643641471863,0.25031790137290955,0.1454797089099884,0.04127880558371544,1.0,39,0.0001584566489327699,0.02440389059484005,0.015438149683177471,0.01744522526860237,0.03058081492781639,0.0007242588326334953,1.0,70,0.13276171684265137,0.11094404011964798,0.4637899100780487,0.2869475781917572,0.19151321053504944,0.03322168067097664,1.0,0.44145892560482025,0.2315717712044716,0.03058081492781639,0.02440389059484005,0.19151321053504944,0.11094404011964798,1.0
1790268561.359623,13.655168294906616,275,0,17,0.3481229841709137,0.15994441509246826,0.49353253841400146,0.17488710582256317,0.39729368686676025,0.039582401514053345,1.0,14,-0.0388336181640625,0.08913857489824295,0.051483456045389175,0.16078031063079834,0.16149914264678955,0.01997384987771511,1.0,39,-0.0022117418702691793,0.021424513310194016,0.021832266822457314,0.017386337742209435,0.0318651907145977,0.0007010175031609833,1.0,70,0.07422833889722824,0.05049939826130867,0.2818056643009186,0.11924156546592712,0.11312567442655563,0.010768160223960876,1.0,0.2793964147567749,0.1245414949953556,0.0318651907145977,0.021424513310194016,0.11312567442655563,0.05049939826130867,1.0
1790268561.4117143,13.70725965499878,276,0,17,-0.0669035091996193,0.014686135575175285,0.07306650280952454,0.015812372788786888,0.07716258615255356,0.0022724298760294914,1.0,14,-0.02847726084291935,0.00980268232524395,0.020669536665081978,0.06626790761947632,0.06546296179294586,0.002083096420392394,1.0,39,-0.009745671413838863,0.015991993248462677,0.01771768368780613,0.013325989246368408,0.025986002758145332,0.0007524470565840602,1.0,70,-0.02104208804666996,0.0076651438139379025,0.05415336415171623,0.01660793088376522,0.03678101673722267,0.0011058597592636943,1.0,0.07131277397274971,0.012244408950209618,0.025986002758145332,0.015991993248462677,0.03678101673722267,0.0076651438139379025,1.0
1790268561.4596648,13.755210161209106,277,0,17,-0.1669921875,-0.019195556640625,0.20823203027248383,0.04431594908237457,0.18753907084465027,0.0030508507043123245,1.0,14,-0.044189453125,-0.0026277813594788313,0.01711125485599041,0.02837139368057251,0.051851850003004074,0.0015017417026683688,1.0,39,-0.02096792310476303,-0.0012093568220734596,0.023464912548661232,0.01709955558180809,0.031411804258823395,0.0006377760437317193,1.0,70,-0.05338963121175766,-0.0070746284909546375,0.12880752980709076,0.028831757605075836,0.06720755249261856,0.0009609301341697574,1.0,0.11969546042382717,-0.010911669000051916,0.031411804258823395,-0.0012093568220734596,0.06720755249261856,-0.0070746284909546375,1.0
1790268561.511606,13.807151317596436,278,0,17,-0.1534450799226761,0.0034027099609375,0.15460704267024994,0.02745099924504757,0.15947945415973663,0.0028686451260000467,1.0,14,-0.0208413265645504,-0.0205960962921381,0.01617782935500145,0.04913836717605591,0.04960549250245094,0.0016592236934229732,1.0,39,-0.03950422257184982,-0.014848758466541767,0.01970420591533184,0.011241414584219456,0.04431633651256561,0.000521581619977951,1.0,70,-0.04805712029337883,-0.0057588848285377026,0.08285839110612869,0.02574031800031662,0.058056216686964035,0.0008753681904636323,1.0,0.10454247333109379,-0.0085966931656003,0.04431633651256561,-0.014848758466541767,0.058056216686964035,-0.0057588848285377026,1.0
1790268561.5596235,13.85516881942749,279,0,17,-0.15582275390625,-0.06549072265625,0.1840974986553192,0.08930688351392746,0.18196672201156616,0.005164154339581728,1.0,14,-0.039215087890625,-0.0277720857411623,0.023080389946699142,0.08973763138055801,0.07231229543685913,0.0024509571958333254,1.0,39,-0.04717939347028732,-0.015921959653496742,0.01915886625647545,0.014355644583702087,0.05280881002545357,0.0007166996947489679,1.0,70,-0.06224605068564415,-0.03299996629357338,0.10455664992332458,0.06253392994403839,0.07891804724931717,0.0012758998200297356,1.0,0.12713950872421265,-0.04663140419870615,0.05280881002545357,-0.015921959653496742,0.07891804724931717,-0.03299996629357338,1.0
1790268561.611608,13.907153367996216,280,0,17,-0.16120372712612152,-0.11837588995695114,0.2265688180923462,0.19763043522834778,0.22316157817840576,0.024053430184721947,1.0,14,-0.0345219187438488,-0.0698678120970726,0.049236614257097244,0.20412947237491608,0.11951970309019089,0.026417329907417297,1.0,39,-0.18636693060398102,-0.08367450535297394,0.07077537477016449,0.03921407461166382,0.2063756287097931,0.0026341937482357025,1.0,70,-0.13470067083835602,-0.0877489373087883,0.14812129735946655,0.13709446787834167,0.17972713708877563,0.00829434022307396,1.0,0.17134064063429832,-0.09412185102701187,0.2063756287097931,-0.08367450535297394,0.17972713708877563,-0.0877489373087883,1.0
1790268561.6635969,13.959142208099365,281,0,17,-0.049018412828445435,-0.1712978631258011,0.08839992433786392,0.1199508011341095,0.18785633146762848,0.01564864255487919,1.0,14,-0.0589556023478508,-0.04306139424443245,0.048763517290353775,0.0807562917470932,0.10478878021240234,0.006053558085113764,1.0,39,-0.30780029296875,-0.1330699473619461,0.05838973447680473,0.0732162743806839,0.3404710590839386,0.0027139298617839813,1.0,70,-0.17300371825695038,-0.12243957817554474,0.15456241369247437,0.10039072483778,0.24295812845230103,0.00680700084194541,1.0,0.1463225558400154,-0.10717962868511677,0.3404710590839386,-0.1330699473619461,0.24295812845230103,-0.12243957817554474,1.0
1790268561.7117157,14.007261037826538,282,0,17,-0.27695152163505554,-0.23500598967075348,0.3700219690799713,0.21002958714962006,0.38616105914115906,0.04742036759853363,1.0,14,-0.02994864247739315,-0.07885197550058365,0.026252424344420433,0.040443118661642075,0.08935319632291794,0.008809086866676807,1.0,39,-0.06573408097028732,-0.09767346829175949,0.03932706639170647,0.04515213519334793,0.1247573122382164,0.0020461881067603827,1.0,70,-0.10144740343093872,-0.12069375067949295,0.20529569685459137,0.13430142402648926,0.1671539545059204,0.013135573826730251,1.0,0.2377571277320385,-0.15692898258566856,0.1247573122382164,-0.09767346829175949,0.1671539545059204,-0.12069375067949295,1.0
1790268561.763647,14.059192419052124,283,0,17,-0.06328627467155457,-0.2044857293367386,0.16701607406139374,0.19914495944976807,0.23523882031440735,0.01860644295811653,1.0,14,-0.01499284990131855,-0.06428200751543045,0.04121468588709831,0.06257793307304382,0.08128217607736588,0.004309191834181547,1.0,39,-0.016017815098166466,-0.07688473165035248,0.030821850523352623,0.022921724244952202,0.08390679955482483,0.0013807222712785006,1.0,70,-0.02520621195435524,-0.09219904989004135,0.08857665956020355,0.1220436543226242,0.1051456555724144,0.004594707395881414,1.0,0.1582604981958866,-0.13438386842608452,0.08390679955482483,-0.07688473165035248,0.1051456555724144,-0.09219904989004135,1.0
1790268561.811705,14.107250452041626,284,0,17,-0.1175079345703125,-0.19840465486049652,0.17065946757793427,0.16414105892181396,0.2508702874183655,0.015454016625881195,1.0,14,-0.0316598080098629,-0.051788330078125,0.038066111505031586,0.038601525127887726,0.06815308332443237,0.003712763311341405,1.0,39,-0.022399120032787323,-0.05730144679546356,0.018552212044596672,0.018039321526885033,0.06465309113264084,0.0007894393056631088,1.0,70,-0.02764391154050827,-0.07928401231765747,0.08779066801071167,0.10198163241147995,0.0934252217411995,0.0018935720436275005,1.0,0.15951168537139893,-0.12509649246931076,0.06465309113264084,-0.05730144679546356,0.0934252217411995,-0.07928401231765747,1.0
1790268561.8637214,14.159266710281372,285,1,17,-0.06275221705436707,-0.11766770482063293,0.10142821818590164,0.07902020961046219,0.1474088579416275,0.0043082814663648605,1.0,14,0.00872148759663105,-0.0540509894490242,0.018348535522818565,0.05574331432580948,0.07669613510370255,0.0025393590331077576,1.0,39,-0.0037423158064484596,-0.05744699388742447,0.014598102308809757,0.018249912187457085,0.05939200520515442,0.0007783102919347584,1.0,70,-0.01068115234375,-0.06139570102095604,0.04513217508792877,0.054083481431007385,0.06958228349685669,0.0012581158662214875,1.0,0.11205249652266502,-0.08585934713482857,0.05939200520515442,-0.05744699388742447,0.06958228349685669,-0.06139570102095604,1.0
1790268561.91567,14.211215257644653,286,0,17,0.014414169825613499,-0.05555814877152443,0.022405216470360756,0.024340854957699776,0.062324158847332,0.0007681231945753098,1.0,14,0.007455008570104837,-0.02521732822060585,0.029454626142978668,0.03203587234020233,0.047049351036548615,0.0039602005854249,1.0,39,0.01793651096522808,-0.04884533956646919,0.02877717837691307,0.02028001844882965,0.06040981411933899,0.0010121552040800452,1.0,70,0.0238157007843256,-0.04078827053308487,0.023878592997789383,0.02956484444439411,0.05247810482978821,0.0008497624075971544,1.0,0.05468675494194031,-0.04038773849606514,0.06040981411933899,-0.04884533956646919,0.05247810482978821,-0.04078827053308487,1.0
1790268561.963669,14.259214401245117,287,0,17,0.009386847727000713,-0.04963594302535057,0.02484363690018654,0.022302962839603424,0.058190520852804184,0.000638313649687916,1.0,14,0.01743207685649395,-0.03551047295331955,0.03180377185344696,0.031174633651971817,0.054881852120161057,0.0020303414203226566,1.0,39,0.03181731328368187,-0.013965313322842121,0.02185663767158985,0.01727864518761635,0.04215331748127937,0.0006258169887587428,1.0,70,0.02384905144572258,-0.0199268888682127,0.01725921593606472,0.021200072020292282,0.03801845759153366,0.0005999769200570881,1.0,0.05653618648648262,-0.04257320798933506,0.04215331748127937,-0.013965313322842121,0.03801845759153366,-0.0199268888682127,1.0
1790268562.0156708,14.311216115951538,288,0,17,0.08046946674585342,-0.03815146163105965,0.08486005663871765,0.021077286452054977,0.09784770756959915,0.0016649991739541292,1.0,14,0.015581403858959675,-0.0285655427724123,0.04569810628890991,0.060536958277225494,0.06140739470720291,0.001887048245407641,1.0,39,0.040694016963243484,-0.020257411524653435,0.02289569564163685,0.018117453902959824,0.050144705921411514,0.0005672561237588525,1.0,70,0.04404013603925705,-0.02262268029153347,0.05126677080988884,0.019155332818627357,0.055941060185432434,0.0007427146192640066,1.0,0.07962755113840103,-0.03335850220173597,0.050144705921411514,-0.020257411524653435,0.055941060185432434,-0.02262268029153347,1.0
1790268562.0636868,14.359232187271118,289,0,17,0.02398502081632614,-0.03467873856425285,0.017458906397223473,0.025150567293167114,0.04931184649467468,0.0005805222317576408,1.0,14,0.0213143490254879,-0.0509578175842762,0.03428119421005249,0.049533698707818985,0.0696462020277977,0.0012480567675083876,1.0,39,0.05298047140240669,-0.025537734851241112,0.020729871466755867,0.016085544601082802,0.060864247381687164,0.0008221606840379536,1.0,70,0.0362636037170887,-0.02498168870806694,0.022264057770371437,0.02129410207271576,0.04898488521575928,0.0005672199185937643,1.0,0.05947902426123619,-0.042818278074264526,0.060864247381687164,-0.025537734851241112,0.04898488521575928,-0.02498168870806694,1.0
1790268562.11577,14.411315441131592,290,0,17,0.029839010909199715,-0.029034782201051712,0.01902562752366066,0.016578899696469307,0.04447681084275246,0.0010135805932804942,1.0,14,0.015605381689965725,-0.04442814365029335,0.029333652928471565,0.02574910782277584,0.055060651153326035,0.0018391665071249008,1.0,39,0.06497935950756073,-0.04183725267648697,0.03112996183335781,0.02213822863996029,0.08015576004981995,0.0008752256399020553,1.0,70,0.04710846021771431,-0.035967908799648285,0.030466236174106598,0.02275725081562996,0.06346706300973892,0.0008402910316362977,1.0,0.049768730998039246,-0.03673146292567253,0.08015576004981995,-0.04183725267648697,0.06346706300973892,-0.035967908799648285,1.0
1790268562.1676848,14.46323013305664,291,0,17,0.045602235943078995,-0.031305648386478424,0.0297008715569973,0.015575692988932133,0.05878743156790733,0.0007721082656644285,1.0,14,0.0379202701151371,-0.01482391357421875,0.02303563989698887,0.028341496363282204,0.05146168917417526,0.0019559748470783234,1.0,39,0.07020294666290283,-0.007637219503521919,0.02362167276442051,0.016974374651908875,0.07379160076379776,0.0009425713215023279,1.0,70,0.05422581359744072,-0.01135384663939476,0.03215485438704491,0.02017948217689991,0.0603850893676281,0.0008326377137564123,1.0,0.0551245603710413,-0.023064780980348587,0.07379160076379776,-0.007637219503521919,0.0603850893676281,-0.01135384663939476,1.0
1790268562.2156932,14.51123857498169,292,0,17,0.037559956312179565,-0.0018454159144312143,0.023157525807619095,0.015188908204436302,0.04191967844963074,0.001011258689686656,1.0,14,0.0395115427672863,-0.01831708662211895,0.03242790699005127,0.014920217916369438,0.05152067914605141,0.001486901892349124,1.0,39,0.10535606741905212,0.01649514213204384,0.033514440059661865,0.025792701169848442,0.10980165004730225,0.000831601326353848,1.0,70,0.07642517238855362,0.008028303273022175,0.048473041504621506,0.02114696055650711,0.08179309964179993,0.0007336924900300801,1.0,0.04672017879784107,-0.010081251268275082,0.10980165004730225,0.01649514213204384,0.08179309964179993,0.008028303273022175,1.0
1790268562.267693,14.563238382339478,293,0,17,0.04591279849410057,0.021001478657126427,0.020361989736557007,0.01991276629269123,0.05555109307169914,0.0008188948268070817,1.0,14,0.0529959537088871,0.007109505590051413,0.034990184009075165,0.03743848204612732,0.06538907438516617,0.001465657027438283,1.0,39,0.08279810100793839,0.041047707200050354,0.025517234578728676,0.025020217522978783,0.09584905207157135,0.0008050161995925009,1.0,70,0.06372266262769699,0.025511713698506355,0.03325355425477028,0.02520822174847126,0.0729672834277153,0.0007073306478559971,1.0,0.060470083728432655,0.01405549212358892,0.09584905207157135,0.041047707200050354,0.0729672834277153,0.025511713698506355,1.0
1790268562.3157055,14.611250877380371,294,0,17,0.02604765072464943,0.009912827052175999,0.013934649527072906,0.01068798080086708,0.029865432530641556,0.0004006841336376965,1.0,14,0.0431082583963871,0.009267534129321575,0.03118208982050419,0.030612502247095108,0.05966848134994507,0.0011284740176051855,1.0,39,0.04532682150602341,0.022512583062052727,0.01675957813858986,0.020020214840769768,0.05525459349155426,0.0007198244566097856,1.0,70,0.03687199205160141,0.01130033191293478,0.020955713465809822,0.01799427904188633,0.043749257922172546,0.0006129653775133193,1.0,0.04476695694029331,0.009590180590748787,0.05525459349155426,0.022512583062052727,0.043749257922172546,0.01130033191293478,1.0
1790268562.3677456,14.663290977478027,295,0,17,0.005112592130899429,0.0165252685546875,0.010637244209647179,0.014037235639989376,0.02160187065601349,0.0008247541845776141,1.0,14,-0.005423409398645163,-0.014722551219165325,0.02010081149637699,0.029547585174441338,0.034489765763282776,0.001526637002825737,1.0,39,0.015764284878969193,-0.0002863957197405398,0.013217993080615997,0.018291279673576355,0.024601180106401443,0.0009623322985135019,1.0,70,0.011380004696547985,0.0020682199392467737,0.01710055209696293,0.01786826178431511,0.023568028584122658,0.0007284516468644142,1.0,0.028045818209648132,0.0009013586677610874,0.024601180106401443,-0.0002863957197405398,0.023568028584122658,0.0020682199392467737,1.0
1790268562.419728,14.715273380279541,296,0,17,0.00244140625,-0.013300278224050999,0.010615700855851173,0.024169348180294037,0.02324295975267887,0.0006619028863497078,1.0,14,-0.008693150244653225,-0.014271327294409275,0.03112732619047165,0.04162277281284332,0.047593481838703156,0.0011020660167559981,1.0,39,-0.0022359995637089014,-0.018543342128396034,0.018872948363423347,0.014929505065083504,0.02698606625199318,0.0007806489011272788,1.0,70,-0.001041303388774395,-0.014240155927836895,0.01644868776202202,0.01765795797109604,0.02517802268266678,0.0005634744884446263,1.0,0.03541822079569101,-0.013785802759230137,0.02698606625199318,-0.018543342128396034,0.02517802268266678,-0.014240155927836895,1.0
1790268562.4676254,14.763170719146729,297,0,17,-0.16084110736846924,-0.027201035991311073,0.21493905782699585,0.06378952413797379,0.1764124631881714,0.00612167501822114,1.0,14,-0.0075531005859375,-0.02156720869243145,0.03261056914925575,0.035910848528146744,0.04767013341188431,0.0023183960001915693,1.0,39,0.00056027143727988,-0.028967441990971565,0.016728226095438004,0.016308296471834183,0.034821320325136185,0.0006465777405537665,1.0,70,-0.03441772609949112,-0.024493517354130745,0.130403533577919,0.035658273845911026,0.06698651611804962,0.0016213683411478996,1.0,0.11204129830002785,-0.02438412234187126,0.034821320325136185,-0.028967441990971565,0.06698651611804962,-0.024493517354130745,1.0
1790268562.5197084,14.815253734588623,298,0,17,-0.24387404322624207,-0.19540315866470337,0.28814828395843506,0.17624039947986603,0.3294069170951843,0.014173630625009537,1.0,14,0.0024196079466491938,-0.03230830654501915,0.024068575352430344,0.025913547724485397,0.04299524426460266,0.00160594645421952,1.0,39,0.01068115234375,-0.0423380546271801,0.011565854772925377,0.012959281913936138,0.04503025487065315,0.0007094838074408472,1.0,70,-0.03053719736635685,-0.0653175339102745,0.1580868363380432,0.1038682609796524,0.09456145018339157,0.0025685636792331934,1.0,0.1862010806798935,-0.11385573260486126,0.04503025487065315,-0.0423380546271801,0.09456145018339157,-0.0653175339102745,1.0
1790268562.5677733,14.863318681716919,299,0,17,-0.0111846923828125,-0.0417938232421875,0.030387887731194496,0.01717553660273552,0.05241071805357933,0.0008658529259264469,1.0,14,-0.006112235132604837,-0.0067116874270141125,0.020205844193696976,0.036498043686151505,0.03613525256514549,0.0012980398023501039,1.0,39,-0.0045017339289188385,-0.028128599748015404,0.017376482486724854,0.014037460088729858,0.032723311334848404,0.0005685873911716044,1.0,70,0.0007958548376336694,-0.024558039382100105,0.022136546671390533,0.01856524497270584,0.033540990203619,0.0006458563730120659,1.0,0.04427298530936241,-0.024252755334600806,0.032723311334848404,-0.028128599748015404,0.033540990203619,-0.024558039382100105,1.0
1790268562.6196246,14.915169954299927,300,1,17,-0.009832942858338356,-0.035210102796554565,0.03686467185616493,0.029030201956629753,0.051043421030044556,0.0008681514300405979,1.0,14,0.008924211375415325,-0.03493281826376915,0.03498474135994911,0.04772147536277771,0.054778724908828735,0.0018398743122816086,1.0,39,0.01615162380039692,-0.017313247546553612,0.015249601565301418,0.013971474021673203,0.02631697617471218,0.0007514162571169436,1.0,70,0.00929957814514637,-0.012395694851875305,0.02147716097533703,0.02217986062169075,0.027425650507211685,0.0005228414665907621,1.0,0.052911072969436646,-0.03507146053016186,0.02631697617471218,-0.017313247546553612,0.027425650507211685,-0.012395694851875305,1.0
1790268562.6718054,14.967350721359253,301,0,17,-0.025151869282126427,-0.022758932784199715,0.026202082633972168,0.012725213542580605,0.04253392294049263,0.0005361764342524111,1.0,14,-0.008725847117602825,-0.004731314722448587,0.023354610428214073,0.02383415959775448,0.029538676142692566,0.0013601400423794985,1.0,39,0.0024300599470734596,0.0033933199010789394,0.015765374526381493,0.015203469432890415,0.019517973065376282,0.00065807462669909,1.0,70,-0.0014249528758227825,-0.00467692781239748,0.01860940456390381,0.016114313155412674,0.021187590435147285,0.0005263453349471092,1.0,0.0360362995415926,-0.013745123753324151,0.019517973065376282,0.0033933199010789394,0.021187590435147285,-0.00467692781239748,1.0
1790268562.719621,15.015166282653809,302,0,17,-0.0273895263671875,-0.018105899915099144,0.045200005173683167,0.02419675514101982,0.05292174965143204,0.0005123924929648638,1.0,14,-0.00128173828125,-0.004458836279809475,0.032353710383176804,0.021282564848661423,0.030618412420153618,0.000677532225381583,1.0,39,0.0033643674105405807,-0.005729870870709419,0.013964437879621983,0.012191451154649258,0.01707512140274048,0.00048777126357890666,1.0,70,-0.00229688361287117,-0.010791451670229435,0.02370646595954895,0.017711929976940155,0.02494511567056179,0.0004909341805614531,1.0,0.04177008103579283,-0.01128236809745431,0.01707512140274048,-0.005729870870709419,0.02494511567056179,-0.010791451670229435,1.0
1790268562.7717113,15.067256689071655,303,0,17,0.0010797837749123573,-0.030850578099489212,0.04285364970564842,0.01836162991821766,0.050185393542051315,0.0008256463333964348,1.0,14,0.034576416015625,0.0132282804697752,0.01751154474914074,0.02963899075984955,0.04581182077527046,0.0010363527107983828,1.0,39,0.011111137457191944,0.011591202579438686,0.016667066141963005,0.02062101848423481,0.02660292014479637,0.0005411544116213918,1.0,70,0.008012826554477215,-0.0019411359680816531,0.023582682013511658,0.020225167274475098,0.027853861451148987,0.0007566126296296716,1.0,0.04799860715866089,-0.008811148814857006,0.02660292014479637,0.011591202579438686,0.027853861451148987,-0.0019411359680816531,1.0
1790268562.8197103,15.11525559425354,304,0,17,-0.006120569538325071,-0.01829618588089943,0.02253141812980175,0.01606801152229309,0.029971743002533913,0.0006144469953142107,1.0,14,0.0348183773458004,0.00042942591244354844,0.011973376385867596,0.02780098281800747,0.04455506056547165,0.0008958918624557555,1.0,39,0.029041389003396034,0.0024093235842883587,0.020315006375312805,0.012913602404296398,0.03278365731239319,0.00091023143613711,1.0,70,0.013232422061264515,-0.004544285591691732,0.025237562134861946,0.013456063345074654,0.027304476127028465,0.0006706350832246244,1.0,0.03726340178400278,-0.00893337998422794,0.03278365731239319,0.0024093235842883587,0.027304476127028465,-0.004544285591691732,1.0
1790268562.871783,15.167328357696533,305,0,17,0.014619715511798859,0.0009864357998594642,0.017262663692235947,0.013528043404221535,0.022302886471152306,0.00032853728043846786,1.0,14,0.0074746268801391125,-0.0013155256165191531,0.020478740334510803,0.02309437096118927,0.02989141456782818,0.0017173270462080836,1.0,39,0.019420525059103966,0.0049371966160833836,0.022239213809370995,0.01843411475419998,0.031367167830467224,0.0005990959471091628,1.0,70,0.0093536376953125,-0.0053389412350952625,0.02181657962501049,0.02344450354576111,0.02980523183941841,0.0005840177764184773,1.0,0.026097150519490242,-0.00016454490832984447,0.031367167830467224,0.0049371966160833836,0.02980523183941841,-0.0053389412350952625,1.0
1790268562.9237492,15.219294548034668,306,0,17,0.016974953934550285,-0.02203279361128807,0.009451172314584255,0.01694471947848797,0.032975975424051285,0.0005681119509972632,1.0,14,0.015655517578125,-0.009432111866772175,0.02347772940993309,0.02805206924676895,0.03666049614548683,0.0016553275054320693,1.0,39,0.028118818998336792,-0.0057220458984375,0.01833953894674778,0.018799345940351486,0.03554683178663254,0.0007959918584674597,1.0,70,0.01904275082051754,-0.01129738986492157,0.019491322338581085,0.016397474333643913,0.030522247776389122,0.0005578107084147632,1.0,0.03481823578476906,-0.015732452739030123,0.03554683178663254,-0.0057220458984375,0.030522247776389122,-0.01129738986492157,1.0
1790268562.9717839,15.267329216003418,307,0,17,0.04885684698820114,-0.05409061163663864,0.023759638890624046,0.015947537496685982,0.07491980493068695,0.0004449255357030779,1.0,14,0.011505126953125,-0.0197884701192379,0.02048063836991787,0.025884049013257027,0.03871896117925644,0.0013660070253536105,1.0,39,0.0210418701171875,-0.03973623365163803,0.025912297889590263,0.01885339617729187,0.0500907227396965,0.000896438374184072,1.0,70,0.02772609144449234,-0.04517320916056633,0.036652643233537674,0.030152231454849243,0.06335803866386414,0.0007230464252643287,1.0,0.056819383054971695,-0.03693954087793827,0.0500907227396965,-0.03973623365163803,0.06335803866386414,-0.04517320916056633,1.0
1790268563.023771,15.319316387176514,308,0,17,0.04578983038663864,-0.050348617136478424,0.01809871941804886,0.016250336542725563,0.07038187980651855,0.0006523947813548148,1.0,14,0.04248046875,-0.0499245785176754,0.03433110564947128,0.04294244945049286,0.0784781351685524,0.0014184460742399096,1.0,39,0.03288229927420616,-0.049994442611932755,0.016235822811722755,0.01891898363828659,0.06218286603689194,0.0008280443726107478,1.0,70,0.02648903988301754,-0.045407433062791824,0.024916265159845352,0.024643046781420708,0.06015581265091896,0.0006337070371955633,1.0,0.07443000748753548,-0.05013659782707691,0.06218286603689194,-0.049994442611932755,0.06015581265091896,-0.045407433062791824,1.0
1790268563.07166,15.367205381393433,309,0,17,0.06837911903858185,-0.043701171875,0.01816497929394245,0.01433603186160326,0.08309481292963028,0.0005379205103963614,1.0,14,0.0408477783203125,-0.0172260832041502,0.029840005561709404,0.01966768689453602,0.048756349831819534,0.0015585143119096756,1.0,39,0.03806794062256813,-0.05812659487128258,0.015854306519031525,0.018263814970850945,0.07144764065742493,0.0008246394572779536,1.0,70,0.03510916605591774,-0.046460505574941635,0.02825581654906273,0.02565704844892025,0.06577224284410477,0.0005725978408008814,1.0,0.0659255813807249,-0.0304636275395751,0.07144764065742493,-0.05812659487128258,0.06577224284410477,-0.046460505574941635,1.0
1790268563.1237197,15.419265031814575,310,0,17,0.0467071533203125,-0.04587061330676079,0.018712807446718216,0.019008997827768326,0.06955081224441528,0.0005262397462502122,1.0,14,0.02476937510073185,-0.02861567959189415,0.03121323324739933,0.017489859834313393,0.049275659024715424,0.0018287391867488623,1.0,39,0.01795450784265995,-0.0396474190056324,0.020943084731698036,0.01659252494573593,0.04799441620707512,0.0005546417087316513,1.0,70,0.02777099609375,-0.04148733988404274,0.03267856687307358,0.023341361433267593,0.061213936656713486,0.0006465465412475169,1.0,0.05941323563456535,-0.03724314644932747,0.04799441620707512,-0.0396474190056324,0.061213936656713486,-0.04148733988404274,1.0
1790268563.1757197,15.471265077590942,311,0,17,0.04794131964445114,-0.03538243845105171,0.03172145038843155,0.018512504175305367,0.0657162070274353,0.0007125406409613788,1.0,14,0.0406515933573246,-0.01238141767680645,0.016611900180578232,0.023520078510046005,0.048283644020557404,0.0013385458150878549,1.0,39,0.018890380859375,-0.04500129818916321,0.022872213274240494,0.017544323578476906,0.054829128086566925,0.0006225105025805533,1.0,70,0.02662397176027298,-0.04171513020992279,0.028037559241056442,0.02645285613834858,0.06037048622965813,0.0007523168460465968,1.0,0.05699992552399635,-0.02388192806392908,0.054829128086566925,-0.04500129818916321,0.06037048622965813,-0.04171513020992279,1.0
1790268563.2236843,15.519229650497437,312,0,17,0.058509379625320435,-0.044747743755578995,0.016243156045675278,0.01845424249768257,0.07575283199548721,0.0004896622849628329,1.0,14,0.01783316396176815,-0.05025482177734375,0.017415016889572144,0.02682609111070633,0.05757606774568558,0.0010503652738407254,1.0,39,0.031633034348487854,-0.07889263331890106,0.017127124592661858,0.015224902890622616,0.08622444421052933,0.0008803228847682476,1.0,70,0.03422524407505989,-0.06383460015058517,0.026354845613241196,0.02994508482515812,0.07866521924734116,0.0007603443809784949,1.0,0.0666644498705864,-0.04750128276646137,0.08622444421052933,-0.07889263331890106,0.07866521924734116,-0.06383460015058517,1.0
1790268563.2756476,15.571192979812622,313,0,17,0.05411215499043465,-0.057686299085617065,0.0141290333122015,0.012736602686345577,0.08034826815128326,0.0005996188265271485,1.0,14,0.0356074757874012,-0.0372641421854496,0.021489493548870087,0.02790127508342266,0.05893046408891678,0.001858474686741829,1.0,39,0.0301513671875,-0.09883783012628555,0.022081052884459496,0.02467106655240059,0.10560479760169983,0.0011755531886592507,1.0,70,0.03767678514122963,-0.07784859836101532,0.02906298078596592,0.035769980400800705,0.09334038943052292,0.0009325980208814144,1.0,0.06963936612010002,-0.04747522063553333,0.10560479760169983,-0.09883783012628555,0.09334038943052292,-0.07784859836101532,1.0
1790268563.3236654,15.619210720062256,314,0,17,0.07377085834741592,-0.0678253173828125,0.02477033995091915,0.02194184623658657,0.10436221212148666,0.000969851273111999,1.0,14,0.01865277998149395,-0.05574580654501915,0.018103517591953278,0.023003261536359787,0.06179191917181015,0.0012055871775373816,1.0,39,0.042466774582862854,-0.10968799889087677,0.021290183067321777,0.026554442942142487,0.1188802495598793,0.0011006713612005115,1.0,70,0.04434552788734436,-0.08731591701507568,0.027616780251264572,0.042435307055711746,0.10429999232292175,0.0010466163512319326,1.0,0.08307706564664841,-0.061785561963915825,0.1188802495598793,-0.10968799889087677,0.10429999232292175,-0.08731591701507568,1.0
1790268563.3757968,15.671342134475708,315,1,17,0.09765893965959549,-0.049460917711257935,0.026301180943846703,0.026439815759658813,0.11204633861780167,0.001071763108484447,1.0,14,0.086700439453125,-0.0576150082051754,0.02594362199306488,0.027605261653661728,0.10745487362146378,0.002183421514928341,1.0,39,0.06100776791572571,-0.07668714970350266,0.024661332368850708,0.019817855209112167,0.09985871613025665,0.0008708314853720367,1.0,70,0.06934095174074173,-0.06196005642414093,0.0331716425716877,0.034148093312978745,0.09929051250219345,0.000875335477758199,1.0,0.10975060611963272,-0.05353796295821667,0.09985871613025665,-0.07668714970350266,0.09929051250219345,-0.06196005642414093,1.0
1790268563.4276228,15.723168134689331,316,0,17,0.12277760356664658,-1.077091019396903e-05,0.04454725608229637,0.021935077384114265,0.1254393607378006,0.0011100996052846313,1.0,14,0.0803070068359375,-0.0055792671628296375,0.016553599387407303,0.03138704597949982,0.08629249781370163,0.001547610037960112,1.0,39,0.11370380222797394,-0.04012983292341232,0.04544280096888542,0.0230147335678339,0.12188448011875153,0.0015206180978566408,1.0,70,0.11233346164226532,-0.03260301798582077,0.048900678753852844,0.029392901808023453,0.12116159498691559,0.0010349334916099906,1.0,0.10586592927575111,-0.0027950190365118033,0.12188448011875153,-0.04012983292341232,0.12116159498691559,-0.03260301798582077,1.0
1790268563.4757411,15.771286487579346,317,0,17,0.39087989926338196,0.18902766704559326,0.3215790092945099,0.21307195723056793,0.4525517225265503,0.017819825559854507,1.0,14,0.1002546027302742,-0.009074619971215725,0.0741959884762764,0.06297991424798965,0.11844594031572342,0.004630689043551683,1.0,39,0.12526917457580566,-0.019079746678471565,0.03235721215605736,0.021270813420414925,0.12827783823013306,0.0011029618326574564,1.0,70,0.1505870223045349,0.01716308668255806,0.14675767719745636,0.12451396137475967,0.16842059791088104,0.003173388773575425,1.0,0.28549883142113686,0.08997652353718877,0.12827783823013306,-0.019079746678471565,0.16842059791088104,0.01716308668255806,1.0
1790268563.527689,15.82323431968689,318,0,16,1.1146526336669922,0.4448518753051758,1.2513507604599,0.5198005437850952,1.227721929550171,0.2397899031639099,0.9411764705882353,14,0.0896453857421875,0.11535535752773285,0.30940723419189453,0.273833304643631,0.2451648712158203,0.08215033262968063,1.0,39,0.11389707773923874,0.005240024533122778,0.03262026980519295,0.01586611196398735,0.11525127291679382,0.001003940124064684,1.0,69,0.2821449637413025,0.08802397549152374,0.6643480658531189,0.3158009648323059,0.30820006132125854,0.05386856198310852,0.9857142857142858,0.7364434003829956,0.2801036164164543,0.11525127291679382,0.005240024533122778,0.30820006132125854,0.08802397549152374,0.9817226890756303
1790268563.575641,15.871186256408691,319,0,16,0.18833446502685547,0.11555767059326172,0.2033972591161728,0.11350520700216293,0.23226326704025269,0.021366283297538757,1.0,14,0.0349578857421875,0.0412161685526371,0.0397387370467186,0.10337522625923157,0.09652697294950485,0.01120727974921465,1.0,39,0.058605097234249115,0.015206752344965935,0.02313271164894104,0.020948436111211777,0.06408604234457016,0.000832497957162559,1.0,69,0.06928529590368271,0.03228461369872093,0.11441028118133545,0.08128709346055984,0.08892471343278885,0.007551631424576044,1.0,0.16439511999487877,0.07838691957294941,0.06408604234457016,0.015206752344965935,0.08892471343278885,0.03228461369872093,1.0
1790268563.6276524,15.923197746276855,320,0,16,-0.050271034240722656,0.031577110290527344,0.10977976769208908,0.03453276306390762,0.0871124267578125,0.0011452361941337585,1.0,14,-0.007513863500207663,0.0260456632822752,0.0189084243029356,0.05730266496539116,0.05810421705245972,0.0016830054810270667,1.0,39,0.011779002845287323,0.007615309674292803,0.03173188120126724,0.018749946728348732,0.03236015513539314,0.0008239603484980762,1.0,69,-0.013468203134834766,0.014240873046219349,0.07501232624053955,0.028097575530409813,0.04884009808301926,0.0007746994961053133,1.0,0.07260832190513611,0.028811386786401272,0.03236015513539314,0.007615309674292803,0.04884009808301926,0.014240873046219349,1.0
1790268563.6797452,15.975290536880493,321,0,16,-0.08844661712646484,0.048697471618652344,0.06180872395634651,0.028704870492219925,0.1077260822057724,0.0009629186242818832,1.0,14,-0.0431692935526371,0.03762272372841835,0.017624925822019577,0.034584105014801025,0.06517580896615982,0.0023902805987745523,1.0,39,-0.05837269499897957,0.01882425881922245,0.022377703338861465,0.021057577803730965,0.06347811967134476,0.0011505981674417853,1.0,69,-0.061802297830581665,0.02388276904821396,0.041624877601861954,0.027691449970006943,0.07044858485460281,0.0007953165913932025,1.0,0.08645094558596611,0.04316009767353535,0.06347811967134476,0.01882425881922245,0.07044858485460281,0.02388276904821396,1.0
1790268563.727736,16.02328133583069,322,0,16,-0.1527729034423828,0.050889015197753906,0.05608382076025009,0.025266190990805626,0.16381922364234924,0.0008913584752008319,1.0,14,-0.0761130228638649,-0.0009852817747741938,0.03664086386561394,0.02010633610188961,0.07989217340946198,0.0019002073677256703,1.0,39,-0.11460641771554947,0.03337018936872482,0.05058380961418152,0.029279332607984543,0.12155965715646744,0.001195126329548657,1.0,69,-0.11149619519710541,0.036007095128297806,0.058223649859428406,0.03970359265804291,0.12189590185880661,0.001048473408445716,1.0,0.12185569852590561,0.024951866711489856,0.12155965715646744,0.03337018936872482,0.12189590185880661,0.036007095128297806,1.0
1790268563.7797427,16.07528805732727,323,0,16,-0.11528491973876953,0.059790611267089844,0.038858797401189804,0.042613763362169266,0.1376711130142212,0.0011422125389799476,1.0,14,-0.0861859992146492,0.02210453525185585,0.03396565467119217,0.025520402938127518,0.09349115937948227,0.0029864348471164703,1.0,39,-0.07074678689241409,0.03532448783516884,0.025155022740364075,0.01843753084540367,0.08062569051980972,0.0008098003454506397,1.0,69,-0.08201311528682709,0.04180731251835823,0.03478468209505081,0.03796674311161041,0.09821189939975739,0.0009241540101356804,1.0,0.11558113619685173,0.04094757325947285,0.08062569051980972,0.03532448783516884,0.09821189939975739,0.04180731251835823,1.0
1790268563.8277566,16.12330198287964,324,0,16,-0.10000419616699219,0.07013797760009766,0.0642678439617157,0.04375633969902992,0.13221201300621033,0.002409993903711438,1.0,14,-0.0717926025390625,0.01172637939453125,0.047507237643003464,0.037790361791849136,0.08758137375116348,0.003721493761986494,1.0,39,-0.07227462530136108,0.08726932108402252,0.019980324432253838,0.019242454320192337,0.11468439549207687,0.0007882821373641491,1.0,69,-0.07009489834308624,0.0690891444683075,0.041667092591524124,0.04136459156870842,0.10664000362157822,0.0009162742644548416,1.0,0.1098966933786869,0.04093217849731445,0.11468439549207687,0.08726932108402252,0.10664000362157822,0.0690891444683075,1.0
1790268563.8796525,16.17519783973694,325,0,16,-0.1276226043701172,-0.005160331726074219,0.1208384558558464,0.09663134813308716,0.16532334685325623,0.011700568720698357,1.0,14,0.006123133935034275,0.0227944515645504,0.07423180341720581,0.13011141121387482,0.11256343126296997,0.021002037450671196,1.0,39,-0.03238188847899437,0.07353992760181427,0.017487244680523872,0.017970815300941467,0.08183687180280685,0.0008532900828868151,1.0,69,-0.03966909274458885,0.04158230125904083,0.06935121864080429,0.08156761527061462,0.09560631215572357,0.005855968687683344,1.0,0.1389433890581131,0.00881705991923809,0.08183687180280685,0.07353992760181427,0.09560631215572357,0.04158230125904083,1.0
1790268563.9316547,16.227200031280518,326,0,16,-0.25430870056152344,-0.07635784149169922,0.3323196768760681,0.17053021490573883,0.28307902812957764,0.026921067386865616,1.0,14,-0.0096588134765625,-0.005374363623559475,0.04729003831744194,0.03891579806804657,0.053532924503088,0.009844747371971607,1.0,39,-0.020972227677702904,0.04972878471016884,0.018639493733644485,0.018332507461309433,0.0572965033352375,0.0005102517898194492,1.0,69,-0.06423927843570709,0.008322232402861118,0.1878410130739212,0.10009012371301651,0.09747732430696487,0.009182206355035305,1.0,0.16830597631633282,-0.04086610255762935,0.0572965033352375,0.04972878471016884,0.09747732430696487,0.008322232402861118,1.0
1790268563.9796405,16.27518582344055,327,0,16,-0.2174835205078125,-0.17733097076416016,0.3590720593929291,0.22735899686813354,0.2995067238807678,0.041479043662548065,1.0,14,-0.005013602320104837,-0.0159585140645504,0.04719257727265358,0.05664851516485214,0.05616084858775139,0.012520099990069866,1.0,39,0.007556621916592121,0.014285356737673283,0.011994102969765663,0.011669086292386055,0.021372970193624496,0.0007451867568306625,1.0,69,-0.04425336420536041,-0.0342700257897377,0.19048133492469788,0.13710065186023712,0.0809507817029953,0.009003125131130219,1.0,0.1778337862342596,-0.09664474241435528,0.021372970193624496,0.014285356737673283,0.0809507817029953,-0.0342700257897377,1.0
1790268564.0317438,16.32728910446167,328,0,16,-0.12867164611816406,-0.19502830505371094,0.2205878049135208,0.20944362878799438,0.258346825838089,0.0329756923019886,1.0,14,0.02935137040913105,-0.06597355753183365,0.06978564709424973,0.07016099244356155,0.09474050253629684,0.006807693280279636,1.0,39,0.009496052749454975,-0.02101174369454384,0.020426936447620392,0.017145466059446335,0.03144454210996628,0.0008086837478913367,1.0,69,-0.009184906259179115,-0.04879871383309364,0.10444384068250656,0.11805539578199387,0.06665737181901932,0.002582879737019539,1.0,0.17654366418719292,-0.1305009312927723,0.03144454210996628,-0.02101174369454384,0.06665737181901932,-0.04879871383309364,1.0
1790268564.0797243,16.375269651412964,329,0,16,-0.1260509490966797,-0.1854534149169922,0.2331206053495407,0.17599445581436157,0.25698283314704895,0.0104362266138196,1.0,14,0.03411865234375,-0.0453752800822258,0.05790874734520912,0.03332825005054474,0.07212037593126297,0.003420619061216712,1.0,39,0.030701857060194016,-0.04028867930173874,0.02397942915558815,0.01877051778137684,0.055930253118276596,0.0009033289970830083,1.0,69,0.016295945271849632,-0.06164473295211792,0.09162449836730957,0.09322693943977356,0.08464369177818298,0.0018471337389200926,1.0,0.16455160453915596,-0.115414347499609,0.055930253118276596,-0.04028867930173874,0.08464369177818298,-0.06164473295211792,1.0
1790268564.1318142,16.427359580993652,330,1,16,0.07281017303466797,-0.056491851806640625,0.03405475243926048,0.0473787896335125,0.10149702429771423,0.0014828175771981478,1.0,14,0.0265786312520504,-0.04229845479130745,0.015551125630736351,0.040251683443784714,0.0569499246776104,0.0010037036845460534,1.0,39,0.06476182490587234,-0.03537182882428169,0.030826475471258163,0.015652082860469818,0.07670167088508606,0.0008866394637152553,1.0,69,0.05767800286412239,-0.03716510161757469,0.03671255707740784,0.028545178472995758,0.07294085621833801,0.0009675169712863863,1.0,0.07922347448766232,-0.04939515329897404,0.07670167088508606,-0.03537182882428169,0.07294085621833801,-0.03716510161757469,1.0
1790268564.1836681,16.47921347618103,331,0,16,0.03392791748046875,-0.03828620910644531,0.04096779599785805,0.03183569386601448,0.07014037668704987,0.0010223895078524947,1.0,14,0.0720432847738266,0.00101470947265625,0.021628806367516518,0.04546772688627243,0.08432953804731369,0.004059263039380312,1.0,39,0.0943450927734375,0.009739411063492298,0.03190286457538605,0.018742762506008148,0.09721577167510986,0.0010871313279494643,1.0,69,0.06213931739330292,0.004459104500710964,0.0370207354426384,0.030189380049705505,0.07217580080032349,0.0009382910211570561,1.0,0.07723495736718178,-0.01863574981689453,0.09721577167510986,0.009739411063492298,0.07217580080032349,0.004459104500710964,1.0
1790268564.2317472,16.527292490005493,332,0,16,0.047698974609375,-0.0031423568725585938,0.04698280245065689,0.030472349375486374,0.06555681675672531,0.000924170482903719,1.0,14,0.0742209330201149,-0.009874616749584675,0.02569444105029106,0.05656801536679268,0.09500528126955032,0.0018056277185678482,1.0,39,0.09808506071567535,0.02881133183836937,0.025989236310124397,0.014964685775339603,0.10366033762693405,0.0010405838256701827,1.0,69,0.07510353624820709,0.02171756885945797,0.04115917906165123,0.02104971371591091,0.08276093751192093,0.0008763071382418275,1.0,0.08028104901313782,-0.006508486811071634,0.10366033762693405,0.02881133183836937,0.08276093751192093,0.02171756885945797,1.0
1790268564.2837875,16.57933282852173,333,0,16,0.06086254119873047,0.005306243896484375,0.03085285983979702,0.016413027420639992,0.06294966489076614,0.0011409076396375895,1.0,14,0.0704258531332016,-0.006946018896996975,0.024293940514326096,0.02871078997850418,0.07683711498975754,0.0016592737520113587,1.0,39,0.11174793541431427,0.01748891919851303,0.029961111024022102,0.018947020173072815,0.11503087729215622,0.0008602683083154261,1.0,69,0.08002792298793793,0.01099218800663948,0.04227881878614426,0.0219391081482172,0.08459299057722092,0.000825599068775773,1.0,0.06989338994026184,-0.0008198875002563,0.11503087729215622,0.01748891919851303,0.08459299057722092,0.01099218800663948,1.0
1790268564.3317008,16.627246141433716,334,0,16,0.03809928894042969,-0.018646240234375,0.017827214673161507,0.021014751866459846,0.048642486333847046,0.0005802507512271404,1.0,14,0.0630623921751976,-0.0028795513790100813,0.03238852694630623,0.0458853542804718,0.08023840188980103,0.0020802062936127186,1.0,39,0.06815788149833679,-0.0076446533203125,0.02191128395497799,0.018522227182984352,0.07084082812070847,0.0006140762125141919,1.0,69,0.05012711137533188,-0.0047704726457595825,0.02875075675547123,0.022004151716828346,0.05674343928694725,0.0006468305364251137,1.0,0.06444044411182404,-0.01076289580669254,0.07084082812070847,-0.0076446533203125,0.05674343928694725,-0.0047704726457595825,1.0
1790268564.3836894,16.679234743118286,335,0,16,0.022382736206054688,-0.02705097198486328,0.031236566603183746,0.030594130977988243,0.051350973546504974,0.0008835924090817571,1.0,14,0.0420161671936512,-0.0184042789041996,0.02798658423125744,0.032369162887334824,0.057016920298337936,0.001936030457727611,1.0,39,0.03899363800883293,-0.015106983482837677,0.021304374560713768,0.017972012981772423,0.045489512383937836,0.0008309285622090101,1.0,69,0.0328267402946949,-0.017281020060181618,0.024970898404717445,0.022674033418297768,0.045444197952747345,0.0006474446272477508,1.0,0.054183946922421455,-0.02272762544453144,0.045489512383937836,-0.015106983482837677,0.045444197952747345,-0.017281020060181618,1.0
1790268564.43582,16.731365442276,336,0,16,-0.00093841552734375,-0.04607391357421875,0.019579436630010605,0.028838040307164192,0.053041011095047,0.0005116231041029096,1.0,14,-0.0072152274660766125,-0.03542109951376915,0.01670532114803791,0.031332749873399734,0.04638630524277687,0.0020159599371254444,1.0,39,0.03582724556326866,-0.03423015773296356,0.02345084585249424,0.019055308774113655,0.053534213453531265,0.0009060239535756409,1.0,69,0.01987556740641594,-0.029311027377843857,0.022610237821936607,0.02602439932525158,0.042795054614543915,0.0006953798583708704,1.0,0.049713658168911934,-0.04074750654399395,0.053534213453531265,-0.03423015773296356,0.042795054614543915,-0.029311027377843857,1.0
1790268564.4836652,16.779210567474365,337,0,16,-0.020361900329589844,-0.03918647766113281,0.01898372732102871,0.012922953814268112,0.04639015346765518,0.00046741191181354225,1.0,14,0.0020119803957641125,-0.02501787431538105,0.018284553661942482,0.02555237151682377,0.036699648946523666,0.0020716062281280756,1.0,39,0.014719645492732525,-0.027238111943006516,0.019560927525162697,0.028135372325778008,0.04231864959001541,0.0007501454674638808,1.0,69,0.0017204837640747428,-0.02225671336054802,0.01588180847465992,0.021627988666296005,0.030502021312713623,0.000591129413805902,1.0,0.041544901207089424,-0.03210217598825693,0.04231864959001541,-0.027238111943006516,0.030502021312713623,-0.02225671336054802,1.0
1790268564.5359442,16.83148956298828,338,0,16,-0.01758098602294922,-0.016023635864257812,0.01393697876483202,0.02294819802045822,0.034770507365465164,0.0006436116527765989,1.0,14,-0.0036991664674133062,0.0037013462278991938,0.0326346717774868,0.033543750643730164,0.03919001296162605,0.002008648356422782,1.0,39,0.00550451036542654,0.009335639886558056,0.02936886064708233,0.03822057321667671,0.03983805328607559,0.001257645315490663,1.0,69,-0.0037622866220772266,-0.0017281131586059928,0.017330778762698174,0.026551751419901848,0.02821308560669422,0.0007264577434398234,1.0,0.03698026016354561,-0.006161144818179309,0.03983805328607559,0.009335639886558056,0.02821308560669422,-0.0017281131586059928,1.0
1790268564.58366,16.879205226898193,339,0,16,-0.026620864868164062,-0.006134986877441406,0.017819570377469063,0.02195003256201744,0.03445021063089371,0.000560794782359153,1.0,14,-0.0051400321535766125,-0.01741899736225605,0.013927148655056953,0.032711226493120193,0.03622705861926079,0.0014665102353319526,1.0,39,-0.006360176485031843,0.005710308440029621,0.023388337343931198,0.033392250537872314,0.03795916214585304,0.0008808949496597052,1.0,69,-0.012538522481918335,0.0038076206110417843,0.016746535897254944,0.026498278602957726,0.030119305476546288,0.0005451439647004008,1.0,0.03533863462507725,-0.011776992119848728,0.03795916214585304,0.005710308440029621,0.030119305476546288,0.0038076206110417843,1.0
1790268564.635656,16.931201457977295,340,0,16,-0.02558422088623047,-0.015730857849121094,0.014072122052311897,0.01086966972798109,0.03345656394958496,0.0008789081475697458,1.0,14,-0.01290239579975605,-0.02352033369243145,0.015116305090487003,0.022075382992625237,0.03187035769224167,0.0015387639869004488,1.0,39,-0.02778860181570053,-0.0030779715161770582,0.016451990231871605,0.01596461609005928,0.03429142013192177,0.0006613369914703071,1.0,69,-0.02117566019296646,-0.005145750008523464,0.016483165323734283,0.013745550997555256,0.02833903767168522,0.0006298443186096847,1.0,0.032663460820913315,-0.019625595770776272,0.03429142013192177,-0.0030779715161770582,0.02833903767168522,-0.005145750008523464,1.0
1790268564.6876798,16.983225107192993,341,0,16,-0.01565074920654297,-0.03444194793701172,0.010461266152560711,0.02066519483923912,0.04260466247797012,0.0004699114360846579,1.0,14,-0.0084075927734375,-0.0166353490203619,0.028845658525824547,0.0339466854929924,0.04343936964869499,0.001513751456514001,1.0,39,-0.025819044560194016,-0.0398763008415699,0.013369600288569927,0.012924964539706707,0.04956495016813278,0.0006058723665773869,1.0,69,-0.01883443258702755,-0.0322519950568676,0.012908865697681904,0.028717277571558952,0.04486864432692528,0.000547238567378372,1.0,0.04302201606333256,-0.02553864847868681,0.04956495016813278,-0.0398763008415699,0.04486864432692528,-0.0322519950568676,1.0
1790268564.7356887,17.0312340259552,342,0,16,-0.0041599273681640625,-0.03986358642578125,0.01799745298922062,0.019552383571863174,0.04655782878398895,0.0007130458834581077,1.0,14,-0.0102081298828125,-0.04451751708984375,0.016477040946483612,0.021838122978806496,0.05031237006187439,0.0015458455309271812,1.0,39,-0.02316518872976303,-0.054584600031375885,0.021513143554329872,0.01799136772751808,0.06248253583908081,0.0009129522368311882,1.0,69,-0.013292616233229637,-0.04091058298945427,0.01958226040005684,0.027102269232273102,0.04910462722182274,0.000667017069645226,1.0,0.04843509942293167,-0.0421905517578125,0.06248253583908081,-0.054584600031375885,0.04910462722182274,-0.04091058298945427,1.0
1790268564.7877028,17.083248138427734,343,0,16,0.008564949035644531,-0.05748176574707031,0.02288752794265747,0.019192000851035118,0.06113412231206894,0.0007908510742709041,1.0,14,-0.014630998484790325,-0.03238460049033165,0.041215162724256516,0.01818670518696308,0.04427638277411461,0.0017830826109275222,1.0,39,-0.031065329909324646,-0.057969313114881516,0.025834713131189346,0.01720305345952511,0.06966198980808258,0.0008967177709564567,1.0,69,-0.006303427740931511,-0.04413836821913719,0.022831324487924576,0.0260835699737072,0.050308018922805786,0.0006144401268102229,1.0,0.052705252543091774,-0.04493318311870098,0.06966198980808258,-0.057969313114881516,0.050308018922805786,-0.04413836821913719,1.0
1790268564.835882,17.13142728805542,344,0,16,0.01897430419921875,-0.05152130126953125,0.025993935763835907,0.027803385630249977,0.062002941966056824,0.0010942767839878798,1.0,14,0.01244463212788105,-0.0457240529358387,0.012491828761994839,0.02161455899477005,0.05061480402946472,0.0015091358218342066,1.0,39,-0.0009679549839347601,-0.06980778276920319,0.028908124193549156,0.035847257822752,0.0764911100268364,0.0006307646981440485,1.0,69,0.014494964852929115,-0.046985018998384476,0.026724768802523613,0.03260574862360954,0.05921526998281479,0.0007754249381832778,1.0,0.05630887299776077,-0.048622677102684975,0.0764911100268364,-0.06980778276920319,0.05921526998281479,-0.046985018998384476,1.0
1790268564.88769,17.18323540687561,345,1,16,0.029535293579101562,-0.06430625915527344,0.016536230221390724,0.01423649676144123,0.072502002120018,0.000588127295486629,1.0,14,0.0187050960958004,-0.04513440653681755,0.01789332926273346,0.02665732614696026,0.05484414100646973,0.0012575387954711914,1.0,39,0.011019584722816944,-0.06133954972028732,0.01949150301516056,0.021988915279507637,0.06546567380428314,0.0009366415324620903,1.0,69,0.030757738277316093,-0.05127738043665886,0.026804694905877113,0.02058611996471882,0.06616552919149399,0.0009250701405107975,1.0,0.06367307156324387,-0.054720332846045494,0.06546567380428314,-0.06133954972028732,0.06616552919149399,-0.05127738043665886,1.0
1790268564.9397376,17.23528289794922,346,0,16,0.09760379791259766,-0.05751991271972656,0.05635632574558258,0.02609008364379406,0.12149535119533539,0.0013668034225702286,1.0,14,0.0555092953145504,-0.02161625400185585,0.02376723475754261,0.03507091850042343,0.06854955852031708,0.0020328606478869915,1.0,39,0.03945375233888626,-0.058225974440574646,0.01880425587296486,0.026312850415706635,0.07421118766069412,0.0008988381596282125,1.0,69,0.06077288091182709,-0.05032050237059593,0.03503299131989479,0.02777927555143833,0.0859488919377327,0.0010710277128964663,1.0,0.09502245485782623,-0.039568083360791206,0.07421118766069412,-0.058225974440574646,0.0859488919377327,-0.05032050237059593,1.0
1790268564.9878302,17.28337550163269,347,0,16,0.0845489501953125,-0.08496570587158203,0.024062629789114,0.02878713607788086,0.12181406468153,0.0009282669052481651,1.0,14,0.0534755177795887,-0.07337188720703125,0.0241437628865242,0.050242118537425995,0.09523683786392212,0.002341917948797345,1.0,39,0.048272158950567245,-0.05596219748258591,0.02592793107032776,0.02003340609371662,0.07662177085876465,0.0007572071626782417,1.0,69,0.06933129578828812,-0.05633389949798584,0.027161480858922005,0.02957574836909771,0.09350229054689407,0.0008530251798219979,1.0,0.10852545127272606,-0.07916879653930664,0.07662177085876465,-0.05596219748258591,0.09350229054689407,-0.05633389949798584,1.0
1790268565.0397537,17.335299015045166,348,0,16,0.11019134521484375,-0.07188606262207031,0.025342730805277824,0.018200384452939034,0.13313692808151245,0.0012066864874213934,1.0,14,0.0787636861205101,-0.0180075503885746,0.04139506816864014,0.043531931936740875,0.09280518442392349,0.003668608143925667,1.0,39,0.05921466648578644,-0.061369676142930984,0.02721966616809368,0.021641574800014496,0.08702768385410309,0.0011827928246930242,1.0,69,0.08539017289876938,-0.05573228374123573,0.0388004332780838,0.032210029661655426,0.10753974318504333,0.000901329331099987,1.0,0.11297105625271797,-0.044946806505322456,0.08702768385410309,-0.061369676142930984,0.10753974318504333,-0.05573228374123573,1.0
1790268565.087838,17.38338327407837,349,0,16,0.11355113983154297,-0.07131767272949219,0.03383500874042511,0.024175960570573807,0.13651075959205627,0.0010876661399379373,1.0,14,0.0994284525513649,-0.005387442652136087,0.02599823661148548,0.0605163648724556,0.1142880767583847,0.005205798428505659,1.0,39,0.07226444780826569,-0.06654788553714752,0.02809292823076248,0.02701791748404503,0.10078811645507812,0.0007242524297907948,1.0,69,0.08895409852266312,-0.06440801173448563,0.03526629880070686,0.02981177531182766,0.1131550520658493,0.0008520168485119939,1.0,0.1253994181752205,-0.03835255769081414,0.10078811645507812,-0.06654788553714752,0.1131550520658493,-0.06440801173448563,1.0
1790268565.1398034,17.435348749160767,350,0,16,0.09982681274414062,-0.05656623840332031,0.022893978282809258,0.0280733834952116,0.11885833740234375,0.001038149930536747,1.0,14,0.0628596693277359,-0.0902688130736351,0.026238566264510155,0.0463363416492939,0.11650799959897995,0.0017329491674900055,1.0,39,0.062491390854120255,-0.07195731997489929,0.025274159386754036,0.018160149455070496,0.09680665284395218,0.0008734095026738942,1.0,69,0.0821024551987648,-0.054070957005023956,0.02578197792172432,0.028537489473819733,0.10274903476238251,0.0008392827585339546,1.0,0.11768316850066185,-0.0734175257384777,0.09680665284395218,-0.07195731997489929,0.10274903476238251,-0.054070957005023956,1.0
1790268565.1917307,17.487276077270508,351,0,16,0.04024505615234375,-0.051517486572265625,0.016191981732845306,0.013966410420835018,0.06734522432088852,0.0010628793388605118,1.0,14,0.0535801462829113,-0.0329982228577137,0.028766030445694923,0.04574970155954361,0.07384942471981049,0.0021488212514668703,1.0,39,0.043852586299180984,-0.07623212784528732,0.0157601460814476,0.017547480762004852,0.08906197547912598,0.0007240709965117276,1.0,69,0.04795019328594208,-0.05886177346110344,0.02163037098944187,0.027052512392401695,0.08028916269540787,0.0006637769402004778,1.0,0.0705973245203495,-0.04225785471498966,0.08906197547912598,-0.07623212784528732,0.08028916269540787,-0.05886177346110344,1.0
1790268565.2398112,17.535356521606445,352,0,16,0.038664817810058594,-0.05552196502685547,0.013871033675968647,0.013013222254812717,0.06930854916572571,0.0006949672242626548,1.0,14,0.0218636654317379,-0.05527714267373085,0.021405166015028954,0.05086611583828926,0.06879771500825882,0.001368501572869718,1.0,39,0.018098097294569016,-0.05261699855327606,0.02732781320810318,0.014087672345340252,0.061570633202791214,0.0008060780237428844,1.0,69,0.028806602582335472,-0.04590252786874771,0.02113797701895237,0.017949355766177177,0.058822859078645706,0.0007252430077642202,1.0,0.06905313208699226,-0.05539955385029316,0.061570633202791214,-0.05261699855327606,0.058822859078645706,-0.04590252786874771,1.0
1790268565.2917833,17.587328672409058,353,0,16,0.007451057434082031,-0.027141571044921875,0.014280006289482117,0.014766057021915913,0.033161792904138565,0.0007285386091098189,1.0,14,0.008089338429272175,0.015156337060034275,0.028274504467844963,0.03880542889237404,0.04300539568066597,0.0020971253979951143,1.0,39,-0.008813710883259773,-0.021251188591122627,0.019058682024478912,0.016326263546943665,0.03175482526421547,0.0006234976463019848,1.0,69,-0.0018657739274203777,-0.01719997264444828,0.022201867774128914,0.019129447638988495,0.030179427936673164,0.0006513505941256881,1.0,0.03808359429240227,-0.0059926169924438,0.03175482526421547,-0.021251188591122627,0.030179427936673164,-0.01719997264444828,1.0
1790268565.3397481,17.63529348373413,354,0,16,-0.012424468994140625,-0.0066585540771484375,0.00944201834499836,0.007478069048374891,0.017046421766281128,0.00041427454561926425,1.0,14,-0.004326956812292337,-0.04045867919921875,0.016503848135471344,0.03424851596355438,0.0465380884706974,0.0008030660101212561,1.0,39,-0.017213087528944016,-0.010806352831423283,0.02305932156741619,0.020576639100909233,0.03163979947566986,0.0007850645924918354,1.0,69,-0.00962564256042242,-0.0046118032187223434,0.016161832958459854,0.017735572531819344,0.02306358888745308,0.0005161525914445519,1.0,0.031792255118489265,-0.023558616638183594,0.03163979947566986,-0.010806352831423283,0.02306358888745308,-0.0046118032187223434,1.0
1790268565.3917305,17.687275886535645,355,0,16,-0.032070159912109375,0.01065826416015625,0.010146957822144032,0.016446039080619812,0.03777759149670601,0.0005294443108141422,1.0,14,0.0007585798157379031,-0.01997811533510685,0.027063768357038498,0.02619527466595173,0.03816442936658859,0.0010637860978022218,1.0,39,-0.023734068498015404,0.0019965539686381817,0.02177281305193901,0.01740802638232708,0.033269815146923065,0.0005775912432000041,1.0,69,-0.02220972068607807,0.004563925787806511,0.018466630950570107,0.013732961378991604,0.028705019503831863,0.0004876234452240169,1.0,0.0379710104316473,-0.0046599255874753,0.033269815146923065,0.0019965539686381817,0.028705019503831863,0.004563925787806511,1.0
1790268565.4437225,17.739267826080322,356,0,16,-0.04224109649658203,-0.0026826858520507812,0.017832661047577858,0.01976519078016281,0.046639516949653625,0.0008122532162815332,1.0,14,-0.0337916798889637,0.0018277849303558469,0.02633799985051155,0.02600921131670475,0.04600072652101517,0.0010551187442615628,1.0,39,-0.044742289930582047,0.004277938511222601,0.022284647449851036,0.012835057452321053,0.047198060899972916,0.0007854084251448512,1.0,69,-0.03935219720005989,0.006128283683210611,0.024790802970528603,0.015908071771264076,0.044550634920597076,0.0006489541847258806,1.0,0.046320121735334396,-0.0004274504608474672,0.047198060899972916,0.004277938511222601,0.044550634920597076,0.006128283683210611,1.0
1790268565.4917164,17.787261724472046,357,0,16,-0.05720329284667969,0.01985645294189453,0.02751401998102665,0.020882897078990936,0.06455627083778381,0.0009839491685852408,1.0,14,-0.0475354865193367,0.007252284325659275,0.020584631711244583,0.031070271506905556,0.05778595432639122,0.003183188149705529,1.0,39,-0.04815947636961937,0.0061336420476436615,0.021369630470871925,0.016748270019888878,0.05209307745099068,0.0008826230769045651,1.0,69,-0.051446445286273956,0.009607618674635887,0.025861253961920738,0.01573408581316471,0.05500645935535431,0.0008048849413171411,1.0,0.06117111258208752,0.013554368633776903,0.05209307745099068,0.0061336420476436615,0.05500645935535431,0.009607618674635887,1.0
1790268565.5436802,17.83922553062439,358,0,16,0.20865917205810547,0.21306419372558594,0.40689873695373535,0.23799961805343628,0.37056076526641846,0.03321956843137741,1.0,14,-0.0599190853536129,0.0262167789041996,0.1330176591873169,0.06653532385826111,0.11765772849321365,0.015109767206013203,1.0,39,-0.047888338565826416,0.01328649278730154,0.022037191316485405,0.0201709121465683,0.05442698672413826,0.0007573661278001964,1.0,69,-0.009339926764369011,0.04500789940357208,0.16004373133182526,0.12157110869884491,0.09545611590147018,0.00626749312505126,1.0,0.24410924687981606,0.11964048631489277,0.05442698672413826,0.01328649278730154,0.09545611590147018,0.04500789940357208,1.0
1790268565.5917015,17.88724684715271,359,0,16,0.7216615676879883,0.3984565734863281,1.0016487836837769,0.4138124883174896,0.879112720489502,0.1478816568851471,1.0,14,-0.0535692498087883,0.12784793972969055,0.12724056839942932,0.3598848879337311,0.27294135093688965,0.0846092700958252,1.0,39,-0.07811052352190018,0.021593142300844193,0.023074975237250328,0.021096574142575264,0.08372335880994797,0.0007276574615389109,1.0,69,0.08279197663068771,0.10635088384151459,0.5374384522438049,0.2725985050201416,0.2292202115058899,0.04020603373646736,1.0,0.5760270357131958,0.26315225660800934,0.08372335880994797,0.021593142300844193,0.2292202115058899,0.10635088384151459,1.0
1790268565.6438527,17.939398050308228,360,1,16,-0.02762603759765625,0.064544677734375,0.07773078233003616,0.04371068254113197,0.10033155232667923,0.007467260584235191,1.0,14,-0.0986480712890625,0.0382755808532238,0.035945869982242584,0.06483859568834305,0.12019820511341095,0.005105377174913883,1.0,39,-0.08712103217840195,0.027742043137550354,0.031800027936697006,0.01756862923502922,0.09300363063812256,0.0010859627509489655,1.0,69,-0.06607630848884583,0.027607792988419533,0.05578761547803879,0.03102647326886654,0.0829596146941185,0.002618747064843774,1.0,0.11026487872004509,0.0514101292937994,0.09300363063812256,0.027742043137550354,0.0829596146941185,0.027607792988419533,1.0
1790268565.695721,17.99126625061035,361,0,16,-0.07744407653808594,0.07011604309082031,0.05674712732434273,0.029839830473065376,0.11340716481208801,0.0017384316306561232,1.0,14,-0.0779484361410141,0.02860151045024395,0.028483057394623756,0.04254515841603279,0.09229815006256104,0.002188208047300577,1.0,39,-0.06702247262001038,0.013243455439805984,0.035954028367996216,0.01742609404027462,0.07084935903549194,0.0007762417080812156,1.0,69,-0.06623154878616333,0.026816215366125107,0.048482924699783325,0.027946321293711662,0.07829508185386658,0.0007128134602680802,1.0,0.10285265743732452,0.04935877677053213,0.07084935903549194,0.013243455439805984,0.07829508185386658,0.026816215366125107,1.0
1790268565.7436814,18.039226770401,362,0,16,-0.06055927276611328,0.05016326904296875,0.023685958236455917,0.01721174456179142,0.08135464787483215,0.0008836873457767069,1.0,14,-0.0671561136841774,0.0077056884765625,0.019099999219179153,0.0213746540248394,0.0708945021033287,0.002804455580189824,1.0,39,-0.06888990849256516,0.010235517285764217,0.02677227556705475,0.01291774120181799,0.07101946324110031,0.0006700624944642186,1.0,69,-0.05636065825819969,0.02091272361576557,0.03764873743057251,0.0236654132604599,0.06638112664222717,0.000744861492421478,1.0,0.07612457498908043,0.028934478759765625,0.07101946324110031,0.010235517285764217,0.06638112664222717,0.02091272361576557,1.0
1790268565.7957563,18.091301679611206,363,0,16,-0.11307048797607422,0.04903697967529297,0.07395818829536438,0.032610852271318436,0.1269691288471222,0.0009719352819956839,1.0,14,-0.0776345357298851,0.010343278758227825,0.04071902856230736,0.027421878650784492,0.0837206169962883,0.003560541430488229,1.0,39,-0.051784809678792953,0.010096232406795025,0.027762824669480324,0.020304011180996895,0.05547390878200531,0.0007282121805474162,1.0,69,-0.05100526660680771,0.014047263190150261,0.05085073038935661,0.030612217262387276,0.05987904593348503,0.0005490742041729391,1.0,0.10534487292170525,0.029690129216760397,0.05547390878200531,0.010096232406795025,0.05987904593348503,0.014047263190150261,1.0
1790268565.8437188,18.13926410675049,364,0,16,-0.17742347717285156,0.1630096435546875,0.09108013659715652,0.037933576852083206,0.2463059425354004,0.001439700135961175,1.0,14,-0.1439884752035141,-0.0062005179934203625,0.05138690024614334,0.05296647176146507,0.15413318574428558,0.002979839453473687,1.0,39,-0.01685039885342121,0.041960105299949646,0.034833069890737534,0.03520016744732857,0.06023861840367317,0.0007770315860398114,1.0,69,-0.05478613078594208,0.06697038561105728,0.10825694352388382,0.0820450484752655,0.12337718904018402,0.0011320672929286957,1.0,0.200219564139843,0.07840456278063357,0.06023861840367317,0.041960105299949646,0.12337718904018402,0.06697038561105728,1.0
1790268565.8957288,18.191274166107178,365,0,16,-0.49666786193847656,0.3426513671875,0.059835951775312424,0.07004208117723465,0.6090183258056641,0.004961187951266766,1.0,14,-0.3978271484375,-0.11794499307870865,0.10280422121286392,0.17871622741222382,0.43790823221206665,0.005120348650962114,1.0,39,-0.11790035665035248,0.09521406143903732,0.09655455499887466,0.06852943450212479,0.16995204985141754,0.001786886714398861,1.0,69,-0.21562106907367706,0.15483160316944122,0.22956638038158417,0.18108317255973816,0.3070501685142517,0.002915259450674057,1.0,0.5234632790088654,0.11235318705439568,0.16995204985141754,0.09521406143903732,0.3070501685142517,0.15483160316944122,1.0
1790268565.9477777,18.24332308769226,366,0,16,-0.670689582824707,0.4400043487548828,0.14870162308216095,0.11212973296642303,0.8053133487701416,0.009002948179841042,1.0,14,-0.6606793999671936,0.0868268683552742,0.21647588908672333,0.16929270327091217,0.685576319694519,0.00851657334715128,1.0,39,-0.3809650242328644,0.1492278277873993,0.14883491396903992,0.1251206398010254,0.42503219842910767,0.0023144225124269724,1.0,69,-0.46474489569664,0.2220906764268875,0.21189486980438232,0.20071668922901154,0.5476101040840149,0.003586739767342806,1.0,0.7454448342323303,0.2634156085550785,0.42503219842910767,0.1492278277873993,0.5476101040840149,0.2220906764268875,1.0
1790268565.9956806,18.291225910186768,367,0,16,-0.6634683609008789,0.16271686553955078,0.19908127188682556,0.11356143653392792,0.6953091621398926,0.011047904379665852,1.0,14,-0.5444880723953247,0.0545654296875,0.12518510222434998,0.11113017797470093,0.5594466924667358,0.02121780440211296,1.0,39,-0.5628114342689514,0.1651693433523178,0.12481047213077545,0.07098115980625153,0.589711606502533,0.003102631075307727,1.0,69,-0.5082751512527466,0.16574141383171082,0.18785987794399261,0.12147074192762375,0.5515291690826416,0.004686303436756134,1.0,0.6273779273033142,0.10864114761352539,0.589711606502533,0.1651693433523178,0.5515291690826416,0.16574141383171082,1.0
1790268566.047773,18.343318223953247,368,0,16,-0.5406160354614258,-0.06405258178710938,0.17474693059921265,0.11684831231832504,0.5561988949775696,0.018550246953964233,1.0,14,-0.3384006917476654,-0.0251323152333498,0.055042561143636703,0.11107788980007172,0.3563419282436371,0.020325835794210434,1.0,39,-0.415840744972229,0.0797882080078125,0.07467415183782578,0.04864834249019623,0.4258174002170563,0.0029869205318391323,1.0,69,-0.37831515073776245,0.027278292924165726,0.1446981132030487,0.0904017835855484,0.38963404297828674,0.00800235103815794,1.0,0.45627041161060333,-0.04459244851022959,0.4258174002170563,0.0797882080078125,0.38963404297828674,0.027278292924165726,1.0
1790268566.0957725,18.39131784439087,369,0,16,-0.41902732849121094,-0.1314096450805664,0.32627007365226746,0.14895430207252502,0.44494032859802246,0.037844493985176086,1.0,14,-0.2872641384601593,-0.0494907908141613,0.08049216121435165,0.09444836527109146,0.30637994408607483,0.015085898339748383,1.0,39,-0.3201364278793335,-0.00478734727948904,0.07182516157627106,0.03976772725582123,0.3225109577178955,0.001938708359375596,1.0,69,-0.300618052482605,-0.03951871395111084,0.17961744964122772,0.09763573855161667,0.3109382688999176,0.012474432587623596,1.0,0.37566013634204865,-0.09045021794736385,0.3225109577178955,-0.00478734727948904,0.3109382688999176,-0.03951871395111084,1.0
1790268566.1477318,18.44327712059021,370,0,16,-0.34555816650390625,-0.2052173614501953,0.3359736502170563,0.21566469967365265,0.4139133095741272,0.03433410823345184,1.0,14,-0.1632712185382843,-0.0164042878895998,0.06962455064058304,0.11816249042749405,0.20374400913715363,0.01583898440003395,1.0,39,-0.26187485456466675,-0.06806867569684982,0.06444594264030457,0.04190058633685112,0.27343758940696716,0.0016181832179427147,1.0,69,-0.2316465526819229,-0.09215225279331207,0.17692998051643372,0.12719865143299103,0.2551177144050598,0.007613735739141703,1.0,0.3088286593556404,-0.11081082466989756,0.27343758940696716,-0.06806867569684982,0.2551177144050598,-0.09215225279331207,1.0
1790268566.199737,18.495282411575317,371,0,16,-0.16444778442382812,-0.17593765258789062,0.18666104972362518,0.16904853284358978,0.25579309463500977,0.01399228535592556,1.0,14,-0.1040976420044899,-0.0801413431763649,0.08095475286245346,0.05869109928607941,0.15196578204631805,0.0071477885358035564,1.0,39,-0.1449401080608368,-0.042428433895111084,0.04197916015982628,0.02747279778122902,0.15466222167015076,0.0012682912638410926,1.0,69,-0.1293410211801529,-0.05446679890155792,0.08693742007017136,0.09186265617609024,0.15047845244407654,0.002323524560779333,1.0,0.2038794383406639,-0.12803949788212776,0.15466222167015076,-0.042428433895111084,0.15047845244407654,-0.05446679890155792,1.0
1790268566.2476778,18.5432231426239,372,0,16,-0.09738922119140625,-0.08729362487792969,0.0862853154540062,0.06483537703752518,0.1382182240486145,0.004464634694159031,1.0,14,-0.0986349955201149,-0.0267214085906744,0.060430094599723816,0.04019000381231308,0.10785766690969467,0.004204590804874897,1.0,39,-0.07768445461988449,-0.00567626953125,0.03872723504900932,0.024139713495969772,0.08218657970428467,0.002033199416473508,1.0,69,-0.06756193935871124,-0.01997397653758526,0.039582520723342896,0.04664165899157524,0.07810704410076141,0.0016788155771791935,1.0,0.12303794547915459,-0.057007516734302044,0.08218657970428467,-0.00567626953125,0.07810704410076141,-0.01997397653758526,1.0
1790268566.2997973,18.5953426361084,373,0,16,-0.0665121078491211,-0.04514884948730469,0.11459071189165115,0.07221335917711258,0.10782571136951447,0.002870397875085473,1.0,14,-0.01462445966899395,0.011753627099096775,0.029390789568424225,0.03638295456767082,0.043625179678201675,0.0014779475750401616,1.0,39,0.0023611998185515404,0.018245598301291466,0.025602858513593674,0.01760038360953331,0.03285966441035271,0.0009500603191554546,1.0,69,-0.0007987644639797509,0.006190645508468151,0.04689399152994156,0.039753761142492294,0.038936130702495575,0.000816160230897367,1.0,0.07572544552385807,-0.016697611194103956,0.03285966441035271,0.018245598301291466,0.038936130702495575,0.006190645508468151,1.0
1790268566.3477807,18.64332604408264,374,0,16,0.22168827056884766,-0.017136573791503906,0.1258174031972885,0.11394766718149185,0.2502165138721466,0.004558273125439882,1.0,14,0.1447296142578125,0.00963592529296875,0.0975087508559227,0.02949291653931141,0.14938457310199738,0.01002589426934719,1.0,39,0.1807149201631546,0.0005274063441902399,0.10118863731622696,0.039182405918836594,0.18483956158161163,0.0036486561875790358,1.0,69,0.17657138407230377,-0.005020362790673971,0.10041806846857071,0.06195066124200821,0.18458254635334015,0.002297795843333006,1.0,0.199800543487072,-0.003750324249267578,0.18483956158161163,0.0005274063441902399,0.18458254635334015,-0.005020362790673971,1.0
1790268566.39968,18.69522523880005,375,1,16,0.4810924530029297,-0.1846933364868164,0.16325147449970245,0.08361919224262238,0.5288354158401489,0.008452954702079296,1.0,14,0.4253757894039154,-0.0022953578736633062,0.17782174050807953,0.06168900057673454,0.4293818473815918,0.019680572673678398,1.0,39,0.5238854885101318,-0.08343818783760071,0.15726794302463531,0.05448481813073158,0.5332440137863159,0.00317471195012331,1.0,69,0.5027866363525391,-0.10079137980937958,0.18406997621059418,0.10373121500015259,0.5240406394004822,0.004587975330650806,1.0,0.47910863161087036,-0.09349434718023986,0.5332440137863159,-0.08343818783760071,0.5240406394004822,-0.10079137980937958,1.0
1790268566.4516757,18.747220993041992,376,0,16,0.6140308380126953,-0.23911380767822266,0.08539504557847977,0.08498676866292953,0.6647508144378662,0.0036917252000421286,1.0,14,0.5821751356124878,-0.166656494140625,0.16632437705993652,0.16391974687576294,0.6254130601882935,0.013977861031889915,1.0,39,0.6143298149108887,-0.22452877461910248,0.13537032902240753,0.061543870717287064,0.6559255123138428,0.004659171216189861,1.0,69,0.5839394927024841,-0.19760142266750336,0.18537846207618713,0.10535047948360443,0.6264896392822266,0.003998758736997843,1.0,0.6450819373130798,-0.20288515090942383,0.6559255123138428,-0.22452877461910248,0.6264896392822266,-0.19760142266750336,1.0
1790268566.4997334,18.795278787612915,377,0,16,0.6303005218505859,-0.21853923797607422,0.07129628956317902,0.1434985101222992,0.680992603302002,0.004151181783527136,1.0,14,0.5558995008468628,-0.09704045206308365,0.07787911593914032,0.07714056223630905,0.5688899755477905,0.01200780551880598,1.0,39,0.5297691226005554,-0.20788182318210602,0.10862865298986435,0.06959858536720276,0.5712921619415283,0.005037450231611729,1.0,69,0.5158337354660034,-0.19956572353839874,0.16677474975585938,0.11949237436056137,0.5641294717788696,0.00457564415410161,1.0,0.6249412894248962,-0.15778984501957893,0.5712921619415283,-0.20788182318210602,0.5641294717788696,-0.19956572353839874,1.0
1790268566.5516987,18.847244024276733,378,0,16,0.47033214569091797,-0.17403030395507812,0.07231239229440689,0.04916311427950859,0.5035169720649719,0.0029705832712352276,1.0,14,0.4687587320804596,-0.09867967665195465,0.11236398667097092,0.13492561876773834,0.5005887150764465,0.006528519559651613,1.0,39,0.5371156334877014,-0.15998683869838715,0.10058104991912842,0.05965113639831543,0.5629695653915405,0.005498802289366722,1.0,69,0.4446234107017517,-0.14142321050167084,0.15547776222229004,0.07190451771020889,0.47323939204216003,0.002882565837353468,1.0,0.5020528435707092,-0.1363549903035164,0.5629695653915405,-0.15998683869838715,0.47323939204216003,-0.14142321050167084,1.0
1790268566.5998003,18.89534568786621,379,0,16,0.32483673095703125,-0.10284805297851562,0.05539524927735329,0.02280520834028721,0.34148332476615906,0.003246982116252184,1.0,14,0.4009203314781189,-0.0423954539000988,0.10669104009866714,0.12816572189331055,0.4209137558937073,0.014156333170831203,1.0,39,0.3628223240375519,-0.04655730351805687,0.08633285760879517,0.048952192068099976,0.3687436878681183,0.004020971711724997,1.0,69,0.3025099039077759,-0.06817439198493958,0.11473842710256577,0.061374880373477936,0.3190709948539734,0.0024404856376349926,1.0,0.38119854032993317,-0.07262175343930721,0.3687436878681183,-0.04655730351805687,0.3190709948539734,-0.06817439198493958,1.0
1790268566.6517212,18.947266578674316,380,0,16,0.2174072265625,-0.0639352798461914,0.07738710939884186,0.03161172196269035,0.22982746362686157,0.0025363711174577475,1.0,14,0.2970232367515564,-0.0355246402323246,0.11682437360286713,0.03118470124900341,0.3022654056549072,0.010840251110494137,1.0,39,0.20109519362449646,-0.049480341374874115,0.04621613025665283,0.03402331471443176,0.2104489952325821,0.001715328311547637,1.0,69,0.17672419548034668,-0.05609185993671417,0.07918453961610794,0.04589133709669113,0.19197183847427368,0.0015220673521980643,1.0,0.2660464346408844,-0.049729960039258,0.2104489952325821,-0.049480341374874115,0.19197183847427368,-0.05609185993671417,1.0
1790268566.7036724,18.999217748641968,381,0,16,0.08925437927246094,-0.07829666137695312,0.030432144179940224,0.02077503129839897,0.12017816305160522,0.001043723663315177,1.0,14,0.12353515625,0.0071563720703125,0.054704099893569946,0.060495998710393906,0.14210426807403564,0.002358546480536461,1.0,39,0.11152923107147217,-0.016889523714780807,0.032313402742147446,0.022841155529022217,0.11480072140693665,0.0012605306692421436,1.0,69,0.08343373239040375,-0.039224930107593536,0.04963300749659538,0.038213737308979034,0.10457940399646759,0.0010466251987963915,1.0,0.13114121556282043,-0.03557014465332031,0.11480072140693665,-0.016889523714780807,0.10457940399646759,-0.039224930107593536,1.0
1790268566.7517998,19.04734516143799,382,0,16,0.05255413055419922,-0.06503677368164062,0.028070276603102684,0.012899206019937992,0.08664430677890778,0.0008183947647921741,1.0,14,0.0720999613404274,-0.0133819580078125,0.033762089908123016,0.04821446165442467,0.08768714219331741,0.0015704783145338297,1.0,39,0.07274608314037323,-0.032917510718107224,0.024206940084695816,0.012467908672988415,0.08134591579437256,0.0009484185138717294,1.0,69,0.04629383981227875,-0.04529460892081261,0.039457470178604126,0.03401884064078331,0.07661641389131546,0.0008519203402101994,1.0,0.0871657244861126,-0.03920936584472656,0.08134591579437256,-0.032917510718107224,0.07661641389131546,-0.04529460892081261,1.0
1790268566.8036854,19.099230766296387,383,0,16,0.0019817352294921875,-0.06513690948486328,0.011308233253657818,0.009345331229269505,0.06610628962516785,0.0005682483897544444,1.0,14,0.02586800791323185,-0.0160337183624506,0.04439757764339447,0.027725813910365105,0.050652895122766495,0.0014799508498981595,1.0,39,0.029419727623462677,-0.03423798456788063,0.021528566256165504,0.018745483830571175,0.04967604950070381,0.0008605078910477459,1.0,69,0.005816031247377396,-0.03755298629403114,0.02905837818980217,0.02654646895825863,0.04733576998114586,0.0009183146175928414,1.0,0.05837959237396717,-0.04058531392365694,0.04967604950070381,-0.03423798456788063,0.04733576998114586,-0.03755298629403114,1.0
1790268566.8517752,19.14732050895691,384,0,16,-0.0284271240234375,-0.04824542999267578,0.0260583758354187,0.014288704842329025,0.06018144637346268,0.0007259787525981665,1.0,14,-0.0158059261739254,-0.03877585381269455,0.029382305219769478,0.02282562106847763,0.05038690194487572,0.0017278135055676103,1.0,39,-0.020730042830109596,-0.039020635187625885,0.037151698023080826,0.01664160005748272,0.05715620145201683,0.0008385972469113767,1.0,69,-0.033832717686891556,-0.043130625039339066,0.031636808067560196,0.022118255496025085,0.06017429754137993,0.0006506017525680363,1.0,0.0552841741591692,-0.043510641902685165,0.05715620145201683,-0.039020635187625885,0.06017429754137993,-0.043130625039339066,1.0
1790268566.9037006,19.199245929718018,385,0,16,-0.07403182983398438,-0.05276012420654297,0.05339343845844269,0.022673601284623146,0.09821556508541107,0.0010904476512223482,1.0,14,-0.0734819695353508,-0.03511374443769455,0.06024183705449104,0.04377460107207298,0.09604763984680176,0.0036745721008628607,1.0,39,-0.08371167629957199,-0.03566252812743187,0.032396797090768814,0.017018457874655724,0.09327802062034607,0.0012070505181327462,1.0,69,-0.07401684671640396,-0.036832064390182495,0.041616540402173996,0.02820761129260063,0.08707575500011444,0.0010673663346096873,1.0,0.09713160246610641,-0.04393693432211876,0.09327802062034607,-0.03566252812743187,0.08707575500011444,-0.036832064390182495,1.0
1790268566.9518347,19.247380018234253,386,0,16,-0.10357284545898438,-0.015505790710449219,0.05817835405468941,0.0313945971429348,0.10801903903484344,0.002191785490140319,1.0,14,-0.1019199937582016,-0.0227530337870121,0.06017445772886276,0.040006112307310104,0.108518585562706,0.002692821202799678,1.0,39,-0.08683346211910248,-0.017284687608480453,0.03155034780502319,0.02230474166572094,0.0912628024816513,0.0009468129719607532,1.0,69,-0.09368100017309189,-0.01930314302444458,0.03857872635126114,0.025153063237667084,0.09844595193862915,0.0009403657168149948,1.0,0.10826881229877472,-0.01912941224873066,0.0912628024816513,-0.017284687608480453,0.09844595193862915,-0.01930314302444458,1.0
1790268567.0036926,19.299237966537476,387,0,16,-0.09642219543457031,0.00020503997802734375,0.03768787905573845,0.015529146417975426,0.09811541438102722,0.0008159668650478125,1.0,14,-0.0650591179728508,0.03776005282998085,0.033512357622385025,0.05974603444337845,0.08439679443836212,0.0029631848447024822,1.0,39,-0.09721335023641586,0.011018019169569016,0.03170769661664963,0.017427196726202965,0.09935030341148376,0.0009358528186567128,1.0,69,-0.09555009752511978,0.00377588695846498,0.030474400147795677,0.022584687918424606,0.09794300049543381,0.0008355063619092107,1.0,0.09125610440969467,0.018982546404004097,0.09935030341148376,0.011018019169569016,0.09794300049543381,0.00377588695846498,1.0
1790268567.0557394,19.351284742355347,388,0,16,-0.06648921966552734,0.011099815368652344,0.01099256332963705,0.013674880377948284,0.06856725364923477,0.000596199999563396,1.0,14,-0.0884224995970726,0.0192903783172369,0.025561660528182983,0.03738176450133324,0.09703107923269272,0.004807277582585812,1.0,39,-0.07487213611602783,0.013015355914831161,0.019252829253673553,0.013546939007937908,0.07714290171861649,0.0008131524664349854,1.0,69,-0.07711128890514374,0.004838252440094948,0.024969467893242836,0.029518980532884598,0.08210915327072144,0.0007469101692549884,1.0,0.08279916644096375,0.015195096842944622,0.07714290171861649,0.013015355914831161,0.08210915327072144,0.004838252440094948,1.0
1790268567.1037722,19.399317502975464,389,0,16,-0.05250358581542969,-0.0002689361572265625,0.013950920663774014,0.01230823528021574,0.053936369717121124,0.00046218326315283775,1.0,14,-0.0672433003783226,0.0019727435428649187,0.04025653749704361,0.026957986876368523,0.07668386399745941,0.002640721620991826,1.0,39,-0.07315023988485336,0.0040224515832960606,0.02288147807121277,0.013056010939180851,0.0744146928191185,0.0008907501469366252,1.0,69,-0.06892107427120209,-0.0011930604232475162,0.02356777712702751,0.017286470159888268,0.07085956633090973,0.0006075504934415221,1.0,0.06531011685729027,0.0008519036928191781,0.0744146928191185,0.0040224515832960606,0.07085956633090973,-0.0011930604232475162,1.0
1790268567.1556904,19.4512357711792,390,1,16,-0.06403446197509766,0.010684013366699219,0.01842295005917549,0.013727315701544285,0.06654433906078339,0.0006163096986711025,1.0,14,-0.0489065982401371,-0.014508928172290325,0.024614328518509865,0.035020262002944946,0.062204208225011826,0.0010890174889937043,1.0,39,-0.050792206078767776,-0.017683763056993484,0.0250864140689373,0.015258992090821266,0.0582069493830204,0.0006522660260088742,1.0,69,-0.057845406234264374,-0.012243077158927917,0.021323708817362785,0.02123497985303402,0.06264398247003555,0.0006118874880485237,1.0,0.0643742736428976,-0.0019124574027955532,0.0582069493830204,-0.017683763056993484,0.06264398247003555,-0.012243077158927917,1.0
1790268567.2038393,19.49938464164734,391,0,16,-0.0345306396484375,-0.004282951354980469,0.010202445089817047,0.010600967332720757,0.03647613525390625,0.0005430869059637189,1.0,14,-0.02790396474301815,0.0005460466491058469,0.025407008826732635,0.039208922535181046,0.05042639374732971,0.0014447191497310996,1.0,39,-0.04247068613767624,-0.004193036817014217,0.018308550119400024,0.01635613664984703,0.04621436819434166,0.0008113111834973097,1.0,69,-0.042131949216127396,-0.0028699792455881834,0.016605917364358902,0.020493533462285995,0.04748101159930229,0.0004641001869458705,1.0,0.04345126450061798,-0.001868452352937311,0.04621436819434166,-0.004193036817014217,0.04748101159930229,-0.0028699792455881834,1.0
1790268567.2557158,19.55126118659973,392,0,16,-0.010955810546875,-0.0015659332275390625,0.012159202247858047,0.01517027523368597,0.01935233548283577,0.0006905131740495563,1.0,14,-0.0258026123046875,-0.014848981983959675,0.015474461950361729,0.025021672248840332,0.03858020901679993,0.0010385144269093871,1.0,39,-0.0328928641974926,-0.0063022710382938385,0.020418208092451096,0.02248043566942215,0.03944624215364456,0.0005438352236524224,1.0,69,-0.02732163667678833,-0.007017495110630989,0.015639618039131165,0.016041984781622887,0.032976407557725906,0.0006407907349057496,1.0,0.028966272249817848,-0.008207457605749369,0.03944624215364456,-0.0063022710382938385,0.032976407557725906,-0.007017495110630989,1.0
1790268567.3076987,19.603244066238403,393,0,16,-0.019822120666503906,0.012926101684570312,0.013942004181444645,0.016062356531620026,0.02947053499519825,0.0006197169423103333,1.0,14,-0.0002397809730609879,0.011785234324634075,0.021889537572860718,0.03825695440173149,0.032145291566848755,0.0018325482960790396,1.0,39,-0.00038381724152714014,0.01633160002529621,0.014787391759455204,0.01704171672463417,0.025810694321990013,0.0007267841720022261,1.0,69,-0.01118137501180172,0.01554273534566164,0.01699526235461235,0.014027602039277554,0.026097789406776428,0.0007149336743168533,1.0,0.030807913281023502,0.012355668004602194,0.025810694321990013,0.01633160002529621,0.026097789406776428,0.01554273534566164,1.0
1790268567.355702,19.651247262954712,394,0,16,0.006829261779785156,0.0212554931640625,0.012961253523826599,0.018241938203573227,0.0294475220143795,0.0006711645983159542,1.0,14,-0.01815359853208065,0.0292369294911623,0.02073613740503788,0.019335975870490074,0.040113236755132675,0.0016381684690713882,1.0,39,-0.0026761568151414394,0.024261474609375,0.01666673831641674,0.014677692204713821,0.030188169330358505,0.000694604474119842,1.0,69,-0.0048529584892094135,0.01336835790425539,0.017964523285627365,0.016775991767644882,0.026082424446940422,0.0006150491535663605,1.0,0.03478037938475609,0.0252462113276124,0.030188169330358505,0.024261474609375,0.026082424446940422,0.01336835790425539,1.0
1790268567.4077978,19.703343152999878,395,0,16,0.006123542785644531,-0.010510444641113281,0.00950633455067873,0.015233993530273438,0.018430370837450027,0.00047839811304584146,1.0,14,-0.009691511280834675,0.0264859888702631,0.017535414546728134,0.03534071519970894,0.042751796543598175,0.0027440006379038095,1.0,39,0.010783269070088863,0.009774623438715935,0.01489255391061306,0.013871822506189346,0.022610481828451157,0.0005317101604305208,1.0,69,0.005248581059277058,0.001751554198563099,0.01671103946864605,0.014655524864792824,0.02018415555357933,0.0006168178515508771,1.0,0.0305910836905241,0.00798777211457491,0.022610481828451157,0.009774623438715935,0.02018415555357933,0.001751554198563099,1.0
1790268567.4557748,19.751320123672485,396,0,16,0.03115081787109375,-0.01802539825439453,0.018271002918481827,0.013616684824228287,0.040174275636672974,0.00043621851364150643,1.0,14,0.01590619795024395,-0.01479448564350605,0.0253513865172863,0.022974222898483276,0.03037632443010807,0.0011722228955477476,1.0,39,0.00743298651650548,-0.010952680371701717,0.012360656633973122,0.01597071811556816,0.020207425579428673,0.0005954322405159473,1.0,69,0.005064148921519518,-0.007725922856479883,0.018826542422175407,0.017675666138529778,0.023617172613739967,0.0006129441317170858,1.0,0.03527530003339052,-0.01640994194895029,0.020207425579428673,-0.010952680371701717,0.023617172613739967,-0.007725922856479883,1.0
1790268567.5077558,19.803301095962524,397,0,16,0.018479347229003906,0.010313987731933594,0.020323479548096657,0.024904239922761917,0.0319058895111084,0.0006728601874783635,1.0,14,0.011625017039477825,-0.011516026221215725,0.01617177575826645,0.03889121115207672,0.038894105702638626,0.0015285027911886573,1.0,39,0.0038456059992313385,-0.018158741295337677,0.019671600311994553,0.013296539895236492,0.02648898959159851,0.0008377833873964846,1.0,69,0.0053808242082595825,-0.012027574703097343,0.016259029507637024,0.0174147617071867,0.022814515978097916,0.000696340692229569,1.0,0.03539999760687351,-0.0006010192446410656,0.02648898959159851,-0.018158741295337677,0.022814515978097916,-0.012027574703097343,1.0
1790268567.5596817,19.85522699356079,398,0,16,0.005600929260253906,0.010670661926269531,0.011066178791224957,0.017947791144251823,0.02174440026283264,0.0008334920275956392,1.0,14,-0.01137651689350605,-0.0182353425770998,0.007835781201720238,0.02669239230453968,0.02795650251209736,0.0020421927329152822,1.0,39,-0.007069514133036137,-0.014349522069096565,0.015143005177378654,0.011983065865933895,0.023493316024541855,0.0005836322670802474,1.0,69,-0.007541379891335964,-0.006611920893192291,0.015221319161355495,0.01786079816520214,0.023223714902997017,0.0005851617315784097,1.0,0.024850451387465,-0.0037823403254151344,0.023493316024541855,-0.014349522069096565,0.023223714902997017,-0.006611920893192291,1.0
1790268567.607686,19.903231382369995,399,0,16,0.03250885009765625,0.04136943817138672,0.06476093828678131,0.03877078741788864,0.07108819484710693,0.0014062956906855106,1.0,14,-0.02545602060854435,0.0038790020626038313,0.01909620128571987,0.02348501607775688,0.034951306879520416,0.0017682997277006507,1.0,39,-0.024829570204019547,-0.00380139471963048,0.017281286418437958,0.012179555371403694,0.03045208938419819,0.0005935588269494474,1.0,69,-0.01140096876770258,0.009263301268219948,0.032556645572185516,0.021486833691596985,0.03121970407664776,0.0006425364408642054,1.0,0.053019750863313675,0.022624220116995275,0.03045208938419819,-0.00380139471963048,0.03121970407664776,0.009263301268219948,1.0
1790268567.659688,19.955233335494995,400,0,16,0.8272771835327148,0.4256620407104492,1.1043100357055664,0.4761834144592285,0.9692140817642212,0.17310719192028046,1.0,14,0.01056780107319355,0.07486724853515625,0.3271038234233856,0.2586367428302765,0.22317025065422058,0.0950828567147255,1.0,39,-0.011866251938045025,0.009244869463145733,0.025934437289834023,0.013325228355824947,0.026221347972750664,0.000673399306833744,1.0,69,0.14286693930625916,0.08185787498950958,0.5338201522827148,0.27058640122413635,0.17984743416309357,0.04234476387500763,1.0,0.5961921662092209,0.25026464462280273,0.026221347972750664,0.009244869463145733,0.17984743416309357,0.08185787498950958,1.0
1790268567.707822,20.00336742401123,401,0,16,0.25101661682128906,0.13968372344970703,0.29745572805404663,0.10812641680240631,0.30246683955192566,0.028383085504174232,1.0,14,-0.0344870425760746,0.0492793507874012,0.044532857835292816,0.15570013225078583,0.11473197489976883,0.029388532042503357,1.0,39,-0.006821461021900177,-0.007989345118403435,0.012275287881493568,0.010394634678959846,0.016991395503282547,0.000750653154682368,1.0,69,0.04073145613074303,0.028787806630134583,0.16204693913459778,0.09577048569917679,0.07409599423408508,0.010410270653665066,1.0,0.20859940722584724,0.09448153711855412,0.016991395503282547,-0.007989345118403435,0.07409599423408508,0.028787806630134583,1.0
1790268567.7597547,20.055299997329712,402,0,16,0.013673782348632812,0.013364791870117188,0.027631649747490883,0.024377407506108284,0.03733384609222412,0.0007736033294349909,1.0,14,-0.01923479326069355,0.00445556640625,0.022586878389120102,0.04249858111143112,0.048740655183792114,0.0011589393252506852,1.0,39,0.00029422075022011995,-0.02972646802663803,0.020449958741664886,0.016910536214709282,0.035997796803712845,0.0007155082421377301,1.0,69,0.0033341560047119856,-0.01365396287292242,0.02143353596329689,0.020093770697712898,0.028908003121614456,0.0005652207764796913,1.0,0.04303725063800812,0.008910179138183594,0.035997796803712845,-0.02972646802663803,0.028908003121614456,-0.01365396287292242,1.0
1790268567.8116832,20.10722851753235,403,0,16,0.016595840454101562,-0.005623817443847656,0.026303071528673172,0.010829591192305088,0.029112141579389572,0.000766754150390625,1.0,14,-0.0015520368469879031,0.006064278539270163,0.024189045652747154,0.04651468247175217,0.04528377577662468,0.0022585412953048944,1.0,39,-0.003092056605964899,-0.03707690164446831,0.01764698512852192,0.021602509543299675,0.043009575456380844,0.0007059422205202281,1.0,69,0.01137045118957758,-0.02653326466679573,0.021250160411000252,0.023206783458590508,0.037994902580976486,0.00073758460348472,1.0,0.037197958678007126,0.00022023054771125317,0.043009575456380844,-0.03707690164446831,0.037994902580976486,-0.02653326466679573,1.0
1790268567.8597422,20.155287504196167,404,0,16,-0.0027027130126953125,-0.0007801055908203125,0.03977428749203682,0.017104700207710266,0.03558150306344032,0.0009439272107556462,1.0,14,0.02183968760073185,-0.0196849275380373,0.01816965639591217,0.0352523997426033,0.04194570332765579,0.0011704392964020371,1.0,39,-0.019114958122372627,-0.08830495923757553,0.03437524661421776,0.03568440303206444,0.09593133628368378,0.0015138054732233286,1.0,69,-0.005034958012402058,-0.04845638573169708,0.03994433954358101,0.04640604555606842,0.06645435094833374,0.0010158034274354577,1.0,0.03876360319554806,-0.010232516564428806,0.09593133628368378,-0.08830495923757553,0.06645435094833374,-0.04845638573169708,1.0
1790268567.9116902,20.20723557472229,405,1,16,-0.0258941650390625,0.010731697082519531,0.04934832826256752,0.011757257394492626,0.0437922328710556,0.0006921393796801567,1.0,14,-0.011474609375,-0.0228554867208004,0.03476596623659134,0.0449298731982708,0.05523918196558952,0.002589244395494461,1.0,39,-0.027139907702803612,-0.044132329523563385,0.01811928115785122,0.02154790237545967,0.05596979334950447,0.0006361881969496608,1.0,69,-0.011147761717438698,-0.024576159194111824,0.03637409582734108,0.03364255279302597,0.04944364354014397,0.0005718421307392418,1.0,0.04951570741832256,-0.006061894819140434,0.05596979334950447,-0.044132329523563385,0.04944364354014397,-0.024576159194111824,1.0
1790268567.9597976,20.255342960357666,406,0,16,-0.0252227783203125,-0.013007164001464844,0.030909957364201546,0.017995962873101234,0.03963828086853027,0.0009226785623468459,1.0,14,-0.0057809012942016125,-0.0023149761836975813,0.03041008673608303,0.037485215812921524,0.042369816452264786,0.0021010751370340586,1.0,39,-0.02013886347413063,-0.07821811735630035,0.021089183166623116,0.017076680436730385,0.08379016071557999,0.0007062185904942453,1.0,69,-0.01571146585047245,-0.04219851270318031,0.027053529396653175,0.0339973047375679,0.056626006960868835,0.0005934200016781688,1.0,0.04100404866039753,-0.0076610700925812125,0.08379016071557999,-0.07821811735630035,0.056626006960868835,-0.04219851270318031,1.0
1790268568.0118577,20.307403087615967,407,0,16,-0.03208446502685547,-0.07663440704345703,0.02969318814575672,0.037700455635786057,0.08695271611213684,0.0016325416509062052,1.0,14,-0.0030517578125,-0.0999537855386734,0.0321228913962841,0.07365349680185318,0.10384877771139145,0.005530009977519512,1.0,39,-0.03824635222554207,-0.10810304433107376,0.027900800108909607,0.025628061965107918,0.11819810420274734,0.0016960265347734094,1.0,69,-0.023185839876532555,-0.083136186003685,0.03510013222694397,0.04928361251950264,0.09199175983667374,0.0015827578026801348,1.0,0.09540074691176414,-0.08829409629106522,0.11819810420274734,-0.10810304433107376,0.09199175983667374,-0.083136186003685,1.0
1790268568.0638535,20.35939884185791,408,0,16,-0.02761554718017578,-0.14246273040771484,0.10543308407068253,0.12166880071163177,0.17583829164505005,0.01218399964272976,1.0,14,0.01653180830180645,-0.1356462687253952,0.052816152572631836,0.23230895400047302,0.14350248873233795,0.016764873638749123,1.0,39,-0.06402979046106339,-0.12727707624435425,0.030526868999004364,0.028669049963355064,0.14589020609855652,0.0013448534300550818,1.0,69,-0.022717241197824478,-0.10885443538427353,0.08050137758255005,0.12320351600646973,0.13267336785793304,0.0038404494989663363,1.0,0.159670390188694,-0.13905449956655502,0.14589020609855652,-0.12727707624435425,0.13267336785793304,-0.10885443538427353,1.0
1790268568.1118026,20.407347917556763,409,0,16,-0.24340534210205078,-0.1831684112548828,0.29810279607772827,0.13736304640769958,0.323525607585907,0.025112807750701904,1.0,14,0.0020272391848266125,-0.06119537353515625,0.07535172253847122,0.05267368629574776,0.08937858790159225,0.018132511526346207,1.0,39,-0.020901020616292953,-0.06423284858465195,0.02449047565460205,0.018952446058392525,0.07170648127794266,0.0007491633296012878,1.0,69,-0.05542346090078354,-0.0793062299489975,0.1725889891386032,0.09027914702892303,0.11492180824279785,0.009397357702255249,1.0,0.20645209774374962,-0.12218189239501953,0.07170648127794266,-0.06423284858465195,0.11492180824279785,-0.0793062299489975,1.0
1790268568.1637368,20.459282159805298,410,0,16,-0.20617294311523438,-0.17426204681396484,0.32943084836006165,0.18341371417045593,0.28714174032211304,0.054895538836717606,1.0,14,0.008390153758227825,-0.0363311767578125,0.026727695018053055,0.04193668067455292,0.05232540890574455,0.028470007702708244,1.0,39,-0.007956089451909065,-0.021813808009028435,0.02157152071595192,0.015905087813735008,0.03142593428492546,0.0007138987421058118,1.0,69,-0.042754244059324265,-0.05217311531305313,0.17432212829589844,0.11002399027347565,0.07939769327640533,0.014355074614286423,1.0,0.1697335746139288,-0.10529661178588867,0.03142593428492546,-0.021813808009028435,0.07939769327640533,-0.05217311531305313,1.0
1790268568.2117712,20.50731658935547,411,0,16,-0.11694812774658203,-0.13353633880615234,0.18458372354507446,0.1437346637248993,0.19736456871032715,0.020362768322229385,1.0,14,0.0078887939453125,-0.0099171232432127,0.02445090375840664,0.04409284144639969,0.04400087520480156,0.003935826476663351,1.0,39,-0.004515819251537323,0.015470455400645733,0.015554331243038177,0.019810205325484276,0.0248689167201519,0.0006443787133321166,1.0,69,-0.017637168988585472,-0.017803579568862915,0.0836525484919548,0.08618989586830139,0.04937871918082237,0.0030719339847564697,1.0,0.12068272195756435,-0.07172673102468252,0.0248689167201519,0.015470455400645733,0.04937871918082237,-0.017803579568862915,1.0
1790268568.2637274,20.55927276611328,412,0,16,-0.1268901824951172,-0.08057212829589844,0.17121846973896027,0.09964772313833237,0.1673576831817627,0.006501291878521442,1.0,14,0.01952035166323185,-0.01775469072163105,0.04811444878578186,0.02353662997484207,0.04600454494357109,0.0034582021180540323,1.0,39,0.031114235520362854,0.024270864203572273,0.01832432858645916,0.016252245754003525,0.043276023119688034,0.0006360645638778806,1.0,69,-0.0024491462390869856,-0.0007420415640808642,0.08041820675134659,0.051461879163980484,0.049569856375455856,0.0012237351620569825,1.0,0.10668111406266689,-0.049163409508764744,0.043276023119688034,0.024270864203572273,0.049569856375455856,-0.0007420415640808642,1.0
1790268568.315861,20.611406326293945,413,0,16,0.0112457275390625,-0.04056072235107422,0.031949352473020554,0.02562178485095501,0.05456650257110596,0.0013231796910986304,1.0,14,0.0316336490213871,0.0021961757447570562,0.011743047274649143,0.029581492766737938,0.043778736144304276,0.002510647987946868,1.0,39,0.038491275161504745,0.0002554868988227099,0.013761655427515507,0.01692105643451214,0.04239000752568245,0.000716636364813894,1.0,69,0.02889196388423443,-0.004737411625683308,0.017217671498656273,0.023058820515871048,0.03853638097643852,0.0008798562921583652,1.0,0.049172619357705116,-0.01918227330315858,0.04239000752568245,0.0002554868988227099,0.03853638097643852,-0.004737411625683308,1.0
1790268568.3637507,20.6592960357666,414,0,16,-0.01639842987060547,-0.07697010040283203,0.07490711659193039,0.051305804401636124,0.10200958698987961,0.0013502300716936588,1.0,14,0.0476837158203125,-0.04004669189453125,0.01624128594994545,0.029631629586219788,0.06809937953948975,0.0019568572752177715,1.0,39,0.036772508174180984,-0.024735670536756516,0.01801816187798977,0.016979331150650978,0.047357793897390366,0.0007560275844298303,1.0,69,0.03644793853163719,-0.03135205805301666,0.03825458139181137,0.03429863601922989,0.06036591902375221,0.0009018703131005168,1.0,0.08505448326468468,-0.05850839614868164,0.047357793897390366,-0.024735670536756516,0.06036591902375221,-0.03135205805301666,1.0
1790268568.4157267,20.71127200126648,415,0,16,0.030141830444335938,-0.0945596694946289,0.04773949459195137,0.03966299816966057,0.11227806657552719,0.0014779882039874792,1.0,14,0.0479060597717762,-0.03627777099609375,0.03055489808320999,0.02005264163017273,0.06445316970348358,0.0017470017774030566,1.0,39,0.029780851677060127,-0.0500946044921875,0.0249595046043396,0.017928345128893852,0.06263600289821625,0.0008266548975370824,1.0,69,0.03403881937265396,-0.049579787999391556,0.02852766029536724,0.0348769910633564,0.06874337047338486,0.0007418570457957685,1.0,0.08836561813950539,-0.06541872024536133,0.06263600289821625,-0.0500946044921875,0.06874337047338486,-0.049579787999391556,1.0
1790268568.4637213,20.75926661491394,416,0,16,0.05495262145996094,-0.05478858947753906,0.035580720752477646,0.02465512603521347,0.08651246130466461,0.0013848204398527741,1.0,14,0.048126220703125,-0.00864410400390625,0.020069783553481102,0.035756487399339676,0.060815732926130295,0.0018324439879506826,1.0,39,0.06030860170722008,-0.028707260265946388,0.026235787197947502,0.01563490554690361,0.06878239661455154,0.0010802015895023942,1.0,69,0.052782803773880005,-0.02728758007287979,0.020277634263038635,0.021524177864193916,0.063103087246418,0.0008307061507366598,1.0,0.07366409711539745,-0.031716346740722656,0.06878239661455154,-0.028707260265946388,0.063103087246418,-0.02728758007287979,1.0
1790268568.5157154,20.81126070022583,417,0,16,0.05188465118408203,-0.021559715270996094,0.034214261919260025,0.023206401616334915,0.06084231287240982,0.0012543329503387213,1.0,14,0.0593087337911129,-0.0034746441524475813,0.02625156007707119,0.045083366334438324,0.07304421812295914,0.0008756802417337894,1.0,39,0.0571492500603199,0.00171328813303262,0.02302372455596924,0.017542602494359016,0.06147518381476402,0.0006713907932862639,1.0,69,0.05360257625579834,-0.00237274169921875,0.021956972777843475,0.022348128259181976,0.058310724794864655,0.0006284177070483565,1.0,0.06694326549768448,-0.012517179711721838,0.06147518381476402,0.00171328813303262,0.058310724794864655,-0.00237274169921875,1.0
1790268568.567833,20.863378286361694,418,0,16,0.04329872131347656,-0.009935379028320312,0.016124997287988663,0.011815248057246208,0.04638095200061798,0.0005861023673787713,1.0,14,0.0614297054708004,-0.0004937308258377016,0.030952803790569305,0.04063369706273079,0.07216689735651016,0.0026892039459198713,1.0,39,0.05162870138883591,0.01628856174647808,0.02109171822667122,0.012969505973160267,0.05595041438937187,0.0006799784023314714,1.0,69,0.05590842291712761,0.006937994621694088,0.021378396078944206,0.017620528116822243,0.05903998762369156,0.0008313583675771952,1.0,0.05927392467856407,-0.005214554927079007,0.05595041438937187,0.01628856174647808,0.05903998762369156,0.006937994621694088,1.0
1790268568.6157165,20.911261796951294,419,0,16,0.06902503967285156,-0.0029964447021484375,0.03652920573949814,0.020227136090397835,0.07198973000049591,0.0008244977798312902,1.0,14,0.0565926693379879,0.014935084618628025,0.010633492842316628,0.02432633563876152,0.0630778819322586,0.0027422963175922632,1.0,39,0.07133053243160248,0.023284912109375,0.03302362933754921,0.013329065404832363,0.07696975022554398,0.0006491022650152445,1.0,69,0.07142241299152374,0.014424089342355728,0.029953841120004654,0.020047510042786598,0.07598716020584106,0.0007775427657179534,1.0,0.06753380596637726,0.005969319958239794,0.07696975022554398,0.023284912109375,0.07598716020584106,0.014424089342355728,1.0
1790268568.667758,20.963303327560425,420,1,16,0.07657337188720703,0.0001735687255859375,0.023679427802562714,0.011153207160532475,0.07729006558656693,0.0014151267241686583,1.0,14,0.0997467041015625,0.009455000050365925,0.039782680571079254,0.030657751485705376,0.10353977978229523,0.003127469215542078,1.0,39,0.08463502675294876,0.030096983537077904,0.02529684640467167,0.01407552044838667,0.09100662171840668,0.0007684679003432393,1.0,69,0.07899032533168793,0.019548499956727028,0.030035613104701042,0.02200252376496792,0.0842624306678772,0.0009848132031038404,1.0,0.09041492268443108,0.004814284387975931,0.09100662171840668,0.030096983537077904,0.0842624306678772,0.019548499956727028,1.0
1790268568.715747,21.011292457580566,421,0,16,0.06328201293945312,-0.00989532470703125,0.0345243401825428,0.01855545863509178,0.06805767118930817,0.0013205783907324076,1.0,14,0.0789249986410141,0.0262178685516119,0.029861032962799072,0.05242345482110977,0.09656494110822678,0.0019407079089432955,1.0,39,0.06466987729072571,0.02104147896170616,0.016772951930761337,0.015842631459236145,0.07058503478765488,0.0006775946239940822,1.0,69,0.06588789075613022,0.006583614740520716,0.02379574067890644,0.02369951456785202,0.07055718451738358,0.0007869051187299192,1.0,0.08231130614876747,0.008161271922290325,0.07058503478765488,0.02104147896170616,0.07055718451738358,0.006583614740520716,1.0
1790268568.76777,21.063315391540527,422,0,16,0.05019569396972656,-0.014728546142578125,0.01878541149199009,0.013591886498034,0.05406627431511879,0.00054094911320135,1.0,14,0.0558885857462883,0.02675519697368145,0.044310931116342545,0.06502548605203629,0.08714226633310318,0.002018872182816267,1.0,39,0.045960646122694016,0.03355955332517624,0.019608668982982635,0.014586160890758038,0.05983506888151169,0.0007530151633545756,1.0,69,0.049876559525728226,0.014144455082714558,0.0201246477663517,0.023197432979941368,0.05752351135015488,0.0007710728677920997,1.0,0.07060427032411098,0.0060133254155516624,0.05983506888151169,0.03355955332517624,0.05752351135015488,0.014144455082714558,1.0
1790268568.8198166,21.11536192893982,423,0,16,0.017400741577148438,0.00174713134765625,0.01620449312031269,0.011795883998274803,0.023686785250902176,0.0006318644154816866,1.0,14,0.0599801205098629,0.0265633724629879,0.023456454277038574,0.02768801338970661,0.07138091325759888,0.0027886326424777508,1.0,39,0.049312885850667953,0.02780620940029621,0.024406060576438904,0.015904227271676064,0.060861580073833466,0.0005944605218246579,1.0,69,0.03789420798420906,0.019385075196623802,0.021568696945905685,0.019230596721172333,0.047243230044841766,0.0007184071000665426,1.0,0.047533849254250526,0.014155251905322075,0.060861580073833466,0.02780620940029621,0.047243230044841766,0.019385075196623802,1.0
1790268568.8678048,21.163350105285645,424,0,16,0.030559539794921875,0.00252532958984375,0.016917461529374123,0.013553219847381115,0.03322814777493477,0.0005739546613767743,1.0,14,0.0434788279235363,0.0030539375729858875,0.014003627933561802,0.032995205372571945,0.054190702736377716,0.0015913133975118399,1.0,39,0.02599080465734005,0.029620829969644547,0.01970374956727028,0.01786945015192032,0.04428599774837494,0.0005851974710822105,1.0,69,0.02846449613571167,0.01901145651936531,0.0168394073843956,0.02097179926931858,0.039426323026418686,0.0005664806230925024,1.0,0.04370942525565624,0.0027896335814148188,0.04428599774837494,0.029620829969644547,0.039426323026418686,0.01901145651936531,1.0
1790268568.919692,21.215237379074097,425,0,16,0.0072078704833984375,0.013083457946777344,0.009800460189580917,0.020425591617822647,0.024858705699443817,0.0009447424090467393,1.0,14,0.0453229621052742,0.0221841000020504,0.03986223787069321,0.013942795805633068,0.05653432756662369,0.0020904988050460815,1.0,39,0.019949888810515404,0.03114788420498371,0.020614145323634148,0.01242328342050314,0.041959796100854874,0.0009168015676550567,1.0,69,0.01538859959691763,0.022729845717549324,0.014099501073360443,0.017616556957364082,0.03240128234028816,0.0005902121192775667,1.0,0.04069651663303375,0.017633778974413872,0.041959796100854874,0.03114788420498371,0.03240128234028816,0.022729845717549324,1.0
1790268568.9677188,21.263264179229736,426,0,16,0.02053546905517578,0.01707172393798828,0.0048514558002352715,0.013369421474635601,0.02968044951558113,0.0006439666030928493,1.0,14,0.0356576107442379,0.014568873681128025,0.024851078167557716,0.020464859902858734,0.045529626309871674,0.0009652994922362268,1.0,39,0.013397607952356339,0.03824048116803169,0.014946426264941692,0.022474678233265877,0.043159328401088715,0.0007431081030517817,1.0,69,0.01984173245728016,0.02265012450516224,0.01560258399695158,0.020750034600496292,0.03595755249261856,0.0005999024724587798,1.0,0.0376050379127264,0.015820298809558153,0.043159328401088715,0.03824048116803169,0.03595755249261856,0.02265012450516224,1.0
1790268569.0197349,21.315280199050903,427,0,16,0.02312183380126953,0.02486705780029297,0.022642025724053383,0.018185846507549286,0.03779417276382446,0.0004709205823019147,1.0,14,0.0219748355448246,0.01918574795126915,0.0244697667658329,0.022998470813035965,0.04062700271606445,0.0017334837466478348,1.0,39,0.01747913844883442,0.04536750912666321,0.02000340260565281,0.014375089667737484,0.053064677864313126,0.0008831031736917794,1.0,69,0.027263475582003593,0.0357932485640049,0.02081095241010189,0.02253101021051407,0.049886107444763184,0.0004930258728563786,1.0,0.03921058773994446,0.02202640287578106,0.053064677864313126,0.04536750912666321,0.049886107444763184,0.0357932485640049,1.0
1790268569.0717478,21.367293119430542,428,0,16,0.021709442138671875,0.015223503112792969,0.01375637948513031,0.031539443880319595,0.04035428538918495,0.0007093168678693473,1.0,14,0.0428205206990242,0.0329873226583004,0.046861253678798676,0.030240923166275024,0.07045326381921768,0.0011902545811608434,1.0,39,0.020764082670211792,0.04429313540458679,0.013551686890423298,0.019364625215530396,0.05126867815852165,0.0006343078566715121,1.0,69,0.02455316111445427,0.03300575539469719,0.014266467653214931,0.025706350803375244,0.04692711681127548,0.0007171346223913133,1.0,0.05540377460420132,0.024105412885546684,0.05126867815852165,0.04429313540458679,0.04692711681127548,0.03300575539469719,1.0
1790268569.119975,21.415520429611206,429,0,16,0.007353782653808594,0.02232646942138672,0.013947302475571632,0.013368194922804832,0.02765268087387085,0.0007121214875951409,1.0,14,0.0215170718729496,0.02750723622739315,0.01600494235754013,0.017135169357061386,0.03900879621505737,0.0011660318123176694,1.0,39,0.005739652086049318,0.03518637642264366,0.01193838007748127,0.021727291867136955,0.03960806503891945,0.0007273872615769506,1.0,69,0.008561065420508385,0.022979073226451874,0.017067672684788704,0.02154812216758728,0.03261224925518036,0.000769567908719182,1.0,0.03333073854446411,0.024916852824389935,0.03960806503891945,0.03518637642264366,0.03261224925518036,0.022979073226451874,1.0
1790268569.1717238,21.4672691822052,430,0,16,0.009446144104003906,-0.013079643249511719,0.013683394528925419,0.012675438076257706,0.020086778327822685,0.0007375662680715322,1.0,14,-0.0022866385988891125,0.0256380345672369,0.025082005187869072,0.02316565066576004,0.034685831516981125,0.0010058183688670397,1.0,39,-0.027568327262997627,0.018146220594644547,0.018597237765789032,0.022890212014317513,0.04037965089082718,0.0006429787026718259,1.0,69,-0.006913336925208569,0.004622860345989466,0.027012471109628677,0.022122690454125404,0.03191881626844406,0.0006281596142798662,1.0,0.027386304922401905,0.006279195658862591,0.04037965089082718,0.018146220594644547,0.03191881626844406,0.004622860345989466,1.0
1790268569.2197285,21.515273809432983,431,0,16,0.00992584228515625,-0.029909133911132812,0.014390134252607822,0.017451928928494453,0.034756436944007874,0.0006557667511515319,1.0,14,0.0017111642519012094,0.0098887849599123,0.033896543085575104,0.04571434482932091,0.0506942942738533,0.0011927747400477529,1.0,39,-0.02411905862390995,-0.014028304256498814,0.020579582080245018,0.01078058872371912,0.033642567694187164,0.0006601135828532279,1.0,69,-0.0060373940505087376,-0.012581534683704376,0.02503749541938305,0.021754024550318718,0.031436726450920105,0.0006231341976672411,1.0,0.04272536560893059,-0.010010174475610256,0.033642567694187164,-0.014028304256498814,0.031436726450920105,-0.012581534683704376,1.0
1790268569.2717073,21.56725263595581,432,0,16,-0.00746917724609375,-0.04725456237792969,0.018226897343993187,0.012442348524928093,0.05148914083838463,0.0005307032261043787,1.0,14,-0.01039995439350605,-0.01706368662416935,0.016001064330339432,0.017638295888900757,0.027082296088337898,0.0016849031671881676,1.0,39,-0.06082700937986374,-0.03704286366701126,0.026268480345606804,0.018715905025601387,0.07488702982664108,0.0009749853634275496,1.0,69,-0.033725906163454056,-0.03157021477818489,0.0387413315474987,0.01957419328391552,0.05680619180202484,0.0007117922650650144,1.0,0.03928571846336126,-0.03215912450104952,0.07488702982664108,-0.03704286366701126,0.05680619180202484,-0.03157021477818489,1.0
1790268569.3238013,21.619346618652344,433,0,16,-0.022092819213867188,-0.04961967468261719,0.017792154103517532,0.013250376097857952,0.056467875838279724,0.0004292947705835104,1.0,14,-0.0382428839802742,-0.05146462470293045,0.03418907895684242,0.017417704686522484,0.06901662051677704,0.001127556781284511,1.0,39,-0.06892864406108856,-0.04515036568045616,0.030677171424031258,0.01607251539826393,0.08575646579265594,0.0009386797319166362,1.0,69,-0.03766046091914177,-0.039172958582639694,0.03921159729361534,0.021715601906180382,0.0642291009426117,0.0008536753593944013,1.0,0.06274224817752838,-0.05054214969277382,0.08575646579265594,-0.04515036568045616,0.0642291009426117,-0.039172958582639694,1.0
1790268569.3717387,21.66728401184082,434,0,16,-0.021941184997558594,-0.03720855712890625,0.028335757553577423,0.008441952057182789,0.04730226844549179,0.0004268239135853946,1.0,14,-0.0497719906270504,-0.007679530419409275,0.026495100930333138,0.049630057066679,0.07136337459087372,0.0015771593898534775,1.0,39,-0.05252818390727043,-0.05050346255302429,0.02393464185297489,0.017849106341600418,0.07670577615499496,0.0005964684532955289,1.0,69,-0.035060495138168335,-0.03565824031829834,0.039645716547966,0.02173585444688797,0.05892517417669296,0.0006648663547821343,1.0,0.059332821518182755,-0.022444043774157763,0.07670577615499496,-0.05050346255302429,0.05892517417669296,-0.03565824031829834,1.0
1790268569.4237866,21.719331979751587,435,1,16,-0.017246246337890625,-0.024915695190429688,0.016876839101314545,0.011699211783707142,0.03301137685775757,0.0004650582850445062,1.0,14,-0.0423518605530262,-0.04049573466181755,0.03489212319254875,0.0260128416121006,0.0665101408958435,0.002352149458602071,1.0,39,-0.053140103816986084,-0.05138456076383591,0.02069186605513096,0.02047661505639553,0.07766290009021759,0.0008062426932156086,1.0,69,-0.020116833969950676,-0.039522696286439896,0.036629218608140945,0.023941705003380775,0.057726532220840454,0.0006107804365456104,1.0,0.04976075887680054,-0.03270571492612362,0.07766290009021759,-0.05138456076383591,0.057726532220840454,-0.039522696286439896,1.0
1790268569.471731,21.767276287078857,436,0,16,0.014929771423339844,-0.05171394348144531,0.01589246094226837,0.019375000149011612,0.057051725685596466,0.000912400777451694,1.0,14,-0.01058088056743145,-0.04383740946650505,0.017825406044721603,0.030112145468592644,0.05338584631681442,0.0021840138360857964,1.0,39,-0.02045734040439129,-0.07002454251050949,0.02160397358238697,0.013410836458206177,0.07617832720279694,0.0007790380623191595,1.0,69,0.0013171209720894694,-0.056291330605745316,0.02611122652888298,0.02475409023463726,0.06378260999917984,0.0007936522015370429,1.0,0.055218786001205444,-0.04777567647397518,0.07617832720279694,-0.07002454251050949,0.06378260999917984,-0.056291330605745316,1.0
1790268569.5238488,21.8193941116333,437,0,16,0.10784530639648438,-0.07565784454345703,0.07273665815591812,0.021915286779403687,0.1363331377506256,0.0029895654879510403,1.0,14,0.0511060431599617,-0.0411529541015625,0.02623864822089672,0.03368866816163063,0.07478823512792587,0.0014429556904360652,1.0,39,0.03400401398539543,-0.09423241019248962,0.019157595932483673,0.027967380359768867,0.10118252784013748,0.00109421880915761,1.0,69,0.05204595997929573,-0.09244404733181,0.043437980115413666,0.04398178309202194,0.11197645962238312,0.0013365839840844274,1.0,0.10556068643927574,-0.058405399322509766,0.10118252784013748,-0.09423241019248962,0.11197645962238312,-0.09244404733181,1.0
1790268569.575737,21.87128233909607,438,0,16,0.09583091735839844,-0.08122825622558594,0.025827860459685326,0.021152952685952187,0.1279393434524536,0.0015920985024422407,1.0,14,0.0468532033264637,-0.05379921942949295,0.024111207574605942,0.027410460636019707,0.07608646899461746,0.0015322492690756917,1.0,39,0.04712109640240669,-0.11193808168172836,0.039751630276441574,0.029064370319247246,0.1265699863433838,0.0016162320971488953,1.0,69,0.0722070187330246,-0.09948387742042542,0.044342443346977234,0.04482544586062431,0.13218168914318085,0.0014586852630600333,1.0,0.10201290622353554,-0.06751373782753944,0.1265699863433838,-0.11193808168172836,0.13218168914318085,-0.09948387742042542,1.0
1790268569.6237574,21.919302701950073,439,0,16,0.12182807922363281,-0.06993675231933594,0.028406299650669098,0.028205014765262604,0.14312930405139923,0.0013390453532338142,1.0,14,0.0445033498108387,-0.0392870232462883,0.01851528137922287,0.02850334718823433,0.06370525807142258,0.0009721153182908893,1.0,39,0.04767119511961937,-0.08036138862371445,0.027873367071151733,0.024344608187675476,0.09574855864048004,0.001085500931367278,1.0,69,0.06698984652757645,-0.06470400840044022,0.03172365576028824,0.04157427325844765,0.1019459143280983,0.0010562604293227196,1.0,0.1034172810614109,-0.05461188778281212,0.09574855864048004,-0.08036138862371445,0.1019459143280983,-0.06470400840044022,1.0
1790268569.6757596,21.971304893493652,440,0,16,0.1031494140625,-0.045508384704589844,0.024672742933034897,0.016369841992855072,0.1141878217458725,0.0009712756145745516,1.0,14,0.0556073859333992,-0.04330771416425705,0.021756911650300026,0.029999366030097008,0.07539056241512299,0.00154274667147547,1.0,39,0.061769142746925354,-0.0475667305290699,0.02488097734749317,0.014846071600914001,0.08025238662958145,0.0006112189148552716,1.0,69,0.07738682627677917,-0.04198654741048813,0.033965639770030975,0.0233269352465868,0.09163041412830353,0.0008739064214751124,1.0,0.09478919208049774,-0.04440804943442345,0.08025238662958145,-0.0475667305290699,0.09163041412830353,-0.04198654741048813,1.0
1790268569.723715,22.01926040649414,441,0,16,0.07265472412109375,-0.00550079345703125,0.009311375208199024,0.009236296638846397,0.07347731292247772,0.0007095642504282296,1.0,14,0.0617174431681633,0.00843157060444355,0.023212717846035957,0.026039667427539825,0.06856025010347366,0.0010759813012555242,1.0,39,0.06469883024692535,-0.01446141954511404,0.02225147746503353,0.019545886665582657,0.06907438486814499,0.0007399225141853094,1.0,69,0.06815216690301895,-0.02085445262491703,0.024478068575263023,0.02442266047000885,0.07574056833982468,0.0008578307460993528,1.0,0.07101878151297569,0.00146538857370615,0.06907438486814499,-0.01446141954511404,0.07574056833982468,-0.02085445262491703,1.0
1790268569.775727,22.071272373199463,442,0,16,0.08146476745605469,0.0013370513916015625,0.015075589530169964,0.011980162933468819,0.08235355466604233,0.0008957823738455772,1.0,14,0.0793566033244133,-0.011409214697778225,0.01866321451961994,0.03950568288564682,0.08856601268053055,0.002203770447522402,1.0,39,0.08702047914266586,-0.016107412055134773,0.026708627119660378,0.01827148348093033,0.09042646735906601,0.0012389908079057932,1.0,69,0.07716988772153854,-0.011741858907043934,0.031003348529338837,0.021024826914072037,0.08245854079723358,0.0009866418549790978,1.0,0.08545978367328644,-0.005036081653088331,0.09042646735906601,-0.016107412055134773,0.08245854079723358,-0.011741858907043934,1.0
1790268569.8278532,22.123398542404175,443,0,16,0.10521793365478516,-0.019773483276367188,0.025091474875807762,0.01843445748090744,0.10852500051259995,0.0011125924065709114,1.0,14,0.1071297749876976,-0.02348763681948185,0.03937925398349762,0.03125527501106262,0.11386341601610184,0.002318283775821328,1.0,39,0.08362247049808502,-0.012609628960490227,0.022941527888178825,0.012177838012576103,0.0856403335928917,0.0009213915327563882,1.0,69,0.07670748233795166,-0.012263422831892967,0.03591474890708923,0.02668260596692562,0.08557271957397461,0.0008182406309060752,1.0,0.11119420826435089,-0.02163056004792452,0.0856403335928917,-0.012609628960490227,0.08557271957397461,-0.012263422831892967,1.0
1790268569.8757906,22.17133593559265,444,0,16,0.07927703857421875,-0.018303871154785156,0.026477186009287834,0.007986290380358696,0.08188509196043015,0.0009863479062914848,1.0,14,0.061676025390625,-0.005364554468542337,0.04131303355097771,0.055244408547878265,0.08506225794553757,0.0025662556290626526,1.0,39,0.08603179454803467,-0.020307883620262146,0.023972943425178528,0.017587341368198395,0.0902346596121788,0.0007280486752279103,1.0,69,0.07162299007177353,-0.019556239247322083,0.03705073893070221,0.01815202087163925,0.0806584358215332,0.0007616944494657218,1.0,0.08347367495298386,-0.011834212811663747,0.0902346596121788,-0.020307883620262146,0.0806584358215332,-0.019556239247322083,1.0
1790268569.9278107,22.223356008529663,445,0,16,0.028759002685546875,-0.0036754608154296875,0.012777088209986687,0.01392893772572279,0.03224357217550278,0.0005099131958559155,1.0,14,0.0608171746134758,0.024017333984375,0.027191922068595886,0.03314583748579025,0.07421199232339859,0.0016106946859508753,1.0,39,0.054144442081451416,-0.0059356689453125,0.02119724452495575,0.018263904377818108,0.05773402377963066,0.0006785287405364215,1.0,69,0.03780995309352875,-0.00988504197448492,0.028861843049526215,0.019955148920416832,0.049060381948947906,0.00046417058911174536,1.0,0.053227782249450684,0.010170936584472656,0.05773402377963066,-0.0059356689453125,0.049060381948947906,-0.00988504197448492,1.0
1790268569.9758432,22.2713885307312,446,0,16,0.07935237884521484,0.06396102905273438,0.09963872283697128,0.054428957402706146,0.1103840172290802,0.003596208058297634,1.0,14,0.01650564931333065,0.0072043281979858875,0.014558913186192513,0.033664241433143616,0.03642595559358597,0.0022622388787567616,1.0,39,0.014586228877305984,0.0055033364333212376,0.020330609753727913,0.018302878364920616,0.02820901945233345,0.0007026884704828262,1.0,69,0.01265727635473013,0.00889322068542242,0.0472693108022213,0.036959730088710785,0.03728463873267174,0.0012065835762768984,1.0,0.07340498641133308,0.03558267862536013,0.02820901945233345,0.0055033364333212376,0.03728463873267174,0.00889322068542242,1.0
1790268570.0277927,22.3233380317688,447,0,16,0.7931585311889648,0.4666299819946289,1.1150938272476196,0.4914848208427429,0.981075644493103,0.1842052936553955,1.0,13,-0.11968055367469788,0.017195481806993484,0.18610051274299622,0.17869539558887482,0.1953151971101761,0.019086625427007675,0.9285714285714286,39,-0.03681671991944313,0.022441765293478966,0.014876394532620907,0.01434218231588602,0.04511302709579468,0.0007888375548645854,1.0,68,0.09365104138851166,0.08045633882284164,0.5440219044685364,0.2613585293292999,0.19133448600769043,0.028411120176315308,0.9855072463768116,0.5881954208016396,0.2419127319008112,0.04511302709579468,0.022441765293478966,0.19133448600769043,0.08045633882284164,0.9785196687370601
1790268570.0797396,22.375284910202026,448,0,16,0.008919715881347656,0.11682701110839844,0.1571188122034073,0.10228278487920761,0.19260770082473755,0.02326042577624321,1.0,13,-0.14686232805252075,0.01930002123117447,0.0638279840350151,0.06725315749645233,0.1595080941915512,0.010436097159981728,1.0,39,-0.11903146654367447,0.010443663224577904,0.0467851385474205,0.020180802792310715,0.12160102277994156,0.0017920357640832663,1.0,68,-0.09355926513671875,0.026308957487344742,0.09634625911712646,0.0664728581905365,0.13190439343452454,0.005646642297506332,1.0,0.17605789750814438,0.06806351616978645,0.12160102277994156,0.010443663224577904,0.13190439343452454,0.026308957487344742,1.0
1790268570.1277246,22.423269987106323,449,0,16,-0.19633007049560547,0.02827167510986328,0.10597971826791763,0.04515703767538071,0.2060575634241104,0.003130299039185047,1.0,13,-0.17948561906814575,0.025655893608927727,0.07876234501600266,0.052667174488306046,0.19059187173843384,0.008423461578786373,1.0,39,-0.19544239342212677,-0.019875550642609596,0.05032961070537567,0.026642832905054092,0.19878199696540833,0.0014556514797732234,1.0,68,-0.18294458091259003,-0.000542248017154634,0.07671873271465302,0.03539148345589638,0.1865483820438385,0.0016291412757709622,1.0,0.19832471758127213,0.026963784359395504,0.19878199696540833,-0.019875550642609596,0.1865483820438385,-0.000542248017154634,1.0
1790268570.1797428,22.475288152694702,450,1,16,-0.24840450286865234,0.045159339904785156,0.10489049553871155,0.04111132398247719,0.25581157207489014,0.002105230465531349,1.0,13,-0.22970816493034363,-0.038562480360269547,0.042797788977622986,0.09398495405912399,0.24760130047798157,0.0028080397751182318,1.0,39,-0.24659337103366852,-0.022215623408555984,0.05418092757463455,0.024469932541251183,0.2488217055797577,0.001716136117465794,1.0,68,-0.22995039820671082,-0.0018171422416344285,0.09454729408025742,0.0417044535279274,0.2337084263563156,0.001702807261608541,1.0,0.25170643627643585,0.003298429772257805,0.2488217055797577,-0.022215623408555984,0.2337084263563156,-0.0018171422416344285,1.0
1790268570.2278035,22.523348808288574,451,0,16,-0.31902503967285156,0.07064247131347656,0.04284871742129326,0.03545133024454117,0.32921138405799866,0.0024248496629297733,1.0,13,-0.2631295919418335,0.0352783203125,0.05935855954885483,0.0887303277850151,0.27826905250549316,0.0035467075649648905,1.0,39,-0.2541382610797882,-0.017114492133259773,0.055210746824741364,0.030010756105184555,0.25690436363220215,0.002275734441354871,1.0,68,-0.232113778591156,0.018245697021484375,0.07013862580060959,0.047391608357429504,0.23726746439933777,0.001599843380972743,1.0,0.3037402182817459,0.05296039581298828,0.25690436363220215,-0.017114492133259773,0.23726746439933777,0.018245697021484375,1.0
1790268570.2797494,22.575294733047485,452,0,16,-0.24736976623535156,0.07002830505371094,0.07648182660341263,0.041993122547864914,0.2597052752971649,0.0014581960858777165,1.0,13,-0.2583712041378021,0.010851346887648106,0.05087883397936821,0.06464651226997375,0.2667297124862671,0.008430705405771732,1.0,39,-0.23784969747066498,0.004296718630939722,0.06325345486402512,0.02586536854505539,0.2393001914024353,0.0022482506465166807,1.0,68,-0.2255735993385315,0.02513829432427883,0.08874145895242691,0.04658599942922592,0.23152193427085876,0.0015338282100856304,1.0,0.263217493891716,0.04043982597067952,0.2393001914024353,0.004296718630939722,0.23152193427085876,0.02513829432427883,1.0
1790268570.3318033,22.62734866142273,453,0,16,-0.25298118591308594,0.053203582763671875,0.05655951425433159,0.03604326769709587,0.2620168924331665,0.0025704277213662863,1.0,13,-0.2730947732925415,-0.02834026701748371,0.05196966975927353,0.07427068799734116,0.285057008266449,0.004953270312398672,1.0,39,-0.20645728707313538,0.013404259458184242,0.0611288920044899,0.02024069055914879,0.20810924470424652,0.0011834679171442986,1.0,68,-0.1992916762828827,0.02641330100595951,0.07213109731674194,0.043647464364767075,0.20593023300170898,0.001371497754007578,1.0,0.27353695034980774,0.012431657873094082,0.20810924470424652,0.013404259458184242,0.20593023300170898,0.02641330100595951,1.0
1790268570.3800216,22.675566911697388,454,0,16,-0.15785598754882812,0.05117988586425781,0.10864492505788803,0.06059553846716881,0.18156792223453522,0.003134945873171091,1.0,13,-0.1314767748117447,-0.012124868109822273,0.023298578336834908,0.025460513308644295,0.13426944613456726,0.004409941378980875,1.0,39,-0.13593819737434387,-0.024103017523884773,0.04028437286615372,0.026949886232614517,0.1406213641166687,0.0012293248437345028,1.0,68,-0.12540368735790253,0.0004595588252414018,0.06718413531780243,0.044921912252902985,0.1330622434616089,0.0013301578583195806,1.0,0.15791868418455124,0.01952750887721777,0.1406213641166687,-0.024103017523884773,0.1330622434616089,0.0004595588252414018,1.0
1790268570.4318297,22.727375030517578,455,0,16,-0.05208110809326172,-0.027069091796875,0.1615050733089447,0.10452009737491608,0.1668059378862381,0.013761593960225582,1.0,13,-0.10422222316265106,-0.05958087742328644,0.06406298279762268,0.07619280368089676,0.13733376562595367,0.01571495458483696,1.0,39,-0.07692112028598785,-0.03616802394390106,0.016105178743600845,0.01908797211945057,0.08720838278532028,0.0011332870926707983,1.0,68,-0.06345636397600174,-0.02420223504304886,0.09502861648797989,0.05717099830508232,0.10731301456689835,0.0046193297021090984,1.0,0.1520698517560959,-0.04332498461008072,0.08720838278532028,-0.03616802394390106,0.10731301456689835,-0.02420223504304886,1.0
1790268570.4797773,22.775322675704956,456,0,16,-0.13797855377197266,-0.09937381744384766,0.14224278926849365,0.1341405212879181,0.18893486261367798,0.018766863271594048,1.0,13,-0.024608906358480453,-0.03174414858222008,0.024250898510217667,0.03065325692296028,0.05140471085906029,0.003202218096703291,1.0,39,-0.03659761697053909,-0.06764612346887589,0.02264234982430935,0.021246841177344322,0.08110608905553818,0.000982530415058136,1.0,68,-0.06411989778280258,-0.05848906934261322,0.07835666090250015,0.07429525256156921,0.09762803465127945,0.004761710297316313,1.0,0.12016978673636913,-0.06555898301303387,0.08110608905553818,-0.06764612346887589,0.09762803465127945,-0.05848906934261322,1.0
1790268570.5318677,22.827413082122803,457,0,16,-0.20595550537109375,-0.19149303436279297,0.3480086028575897,0.1763288378715515,0.31050077080726624,0.04555775597691536,1.0,13,-0.03927377611398697,-0.11055696755647659,0.05433259159326553,0.052185095846652985,0.12395073473453522,0.0036166678182780743,1.0,39,-0.016389112919569016,-0.09459549188613892,0.02304900623857975,0.023310936987400055,0.09878121316432953,0.0008909713942557573,1.0,68,-0.058176375925540924,-0.10734636336565018,0.183371901512146,0.10422981530427933,0.13733822107315063,0.008903957903385162,1.0,0.21722575277090073,-0.15102500095963478,0.09878121316432953,-0.09459549188613892,0.13733822107315063,-0.10734636336565018,1.0
1790268570.5838323,22.879377603530884,458,0,16,-0.14264488220214844,-0.2853851318359375,0.2552638351917267,0.222275510430336,0.34751051664352417,0.03267495706677437,1.0,13,0.012793907895684242,-0.11758540570735931,0.030401431024074554,0.0417606420814991,0.12144457548856735,0.0017539007822051644,1.0,39,0.021781334653496742,-0.13884128630161285,0.04151583090424538,0.035843376070261,0.14500129222869873,0.0015963783953338861,1.0,68,-0.013265273533761501,-0.1336607038974762,0.1253640055656433,0.13083960115909576,0.1494511067867279,0.0037077725864946842,1.0,0.23447754606604576,-0.2014852687716484,0.14500129222869873,-0.13884128630161285,0.1494511067867279,-0.1336607038974762,1.0
1790268570.6318002,22.927345514297485,459,0,16,-0.08526802062988281,-0.22136783599853516,0.1646462380886078,0.13231836259365082,0.2620542645454407,0.007467917166650295,1.0,13,0.009883000515401363,-0.08434354513883591,0.057507630437612534,0.04883702099323273,0.09325887262821198,0.0026916770730167627,1.0,39,-0.021691737696528435,-0.13084293901920319,0.03400164097547531,0.03311995416879654,0.13683506846427917,0.0015796168008819222,1.0,68,-0.020480437204241753,-0.13300412893295288,0.06561598181724548,0.08865818381309509,0.14126718044281006,0.0018798443488776684,1.0,0.17765656858682632,-0.15285569056868553,0.13683506846427917,-0.13084293901920319,0.14126718044281006,-0.13300412893295288,1.0
1790268570.683732,22.97927737236023,460,0,16,-0.026622772216796875,-0.10256004333496094,0.05814850702881813,0.039052095264196396,0.11800910532474518,0.0013810526579618454,1.0,13,-0.03098003752529621,-0.065887451171875,0.036377329379320145,0.03868459165096283,0.07730551064014435,0.001774296280927956,1.0,39,-0.018245991319417953,-0.08461194485425949,0.021724112331867218,0.01906483992934227,0.08941059559583664,0.001034177839756012,1.0,68,-0.014089696109294891,-0.07030846178531647,0.02832048572599888,0.035122018307447433,0.0766097903251648,0.000769049976952374,1.0,0.09765730798244476,-0.08422374725341797,0.08941059559583664,-0.08461194485425949,0.0766097903251648,-0.07030846178531647,1.0
1790268570.7318177,23.027363061904907,461,0,16,-0.05565452575683594,-0.08515167236328125,0.07437139749526978,0.03612420707941055,0.11066679656505585,0.0018250059802085161,1.0,13,0.004594069439917803,-0.03771033510565758,0.04536457359790802,0.03919382393360138,0.06513338536024094,0.0014159864513203502,1.0,39,-0.009387285448610783,-0.05447857081890106,0.02079232595860958,0.012752927839756012,0.0590696707367897,0.0007698150002397597,1.0,68,-0.008882634341716766,-0.04593299329280853,0.03917410224676132,0.03140779584646225,0.055600766092538834,0.0007644346333108842,1.0,0.08790009096264839,-0.061431003734469414,0.0590696707367897,-0.05447857081890106,0.055600766092538834,-0.04593299329280853,1.0
1790268570.7838147,23.079360008239746,462,0,16,-0.027225494384765625,-0.047486305236816406,0.06480908393859863,0.03666282072663307,0.07491558790206909,0.0016089482232928276,1.0,13,0.013899583369493484,-0.02438589185476303,0.022929692640900612,0.03368154913187027,0.03846117481589317,0.0023420476354658604,1.0,39,0.00693140272051096,-0.014311179518699646,0.016749590635299683,0.015241404995322227,0.025522414594888687,0.0006817436078563333,1.0,68,0.004517947789281607,-0.013064215891063213,0.029409723356366158,0.023452648892998695,0.030578777194023132,0.0007170213502831757,1.0,0.05668838135898113,-0.03593609854578972,0.025522414594888687,-0.014311179518699646,0.030578777194023132,-0.013064215891063213,1.0
1790268570.8357935,23.131338834762573,463,0,16,0.028348922729492188,-0.0016050338745117188,0.03339017927646637,0.014955641701817513,0.03949765861034393,0.0007543250685557723,1.0,13,-0.0018967848736792803,0.008750328794121742,0.018324973061680794,0.03631790354847908,0.037911321967840195,0.001679538283497095,1.0,39,0.039295684546232224,0.014554145745933056,0.017594564706087112,0.01549791544675827,0.04622989147901535,0.0007071044528856874,1.0,68,0.03552088886499405,0.007172304205596447,0.01897749863564968,0.02013867348432541,0.04272264614701271,0.000591386342421174,1.0,0.038704490289092064,0.0035726474598050117,0.04622989147901535,0.014554145745933056,0.04272264614701271,0.007172304205596447,1.0
1790268570.8837683,23.17931365966797,464,0,16,0.05511760711669922,-0.019471168518066406,0.02946944162249565,0.025304390117526054,0.0674295574426651,0.0011436394415795803,1.0,13,0.06673020869493484,0.022037211805582047,0.024492962285876274,0.033672746270895004,0.07752780616283417,0.0039031330961734056,1.0,39,0.07348319888114929,-0.009872045367956161,0.04494505375623703,0.015513371676206589,0.07920651882886887,0.001030144514515996,1.0,68,0.06441430747509003,-0.012125351466238499,0.03744350001215935,0.015866827219724655,0.06941930204629898,0.0008421707898378372,1.0,0.07247868180274963,0.0012830216437578201,0.07920651882886887,-0.009872045367956161,0.06941930204629898,-0.012125351466238499,1.0
1790268570.9357588,23.231304168701172,465,1,16,0.10961151123046875,-0.055561065673828125,0.03829130157828331,0.029725821688771248,0.12981921434402466,0.0022493386641144753,1.0,13,0.10331138968467712,-0.039780836552381516,0.026474274694919586,0.02307756617665291,0.11377647519111633,0.0029623182490468025,1.0,39,0.09563778340816498,-0.048697445541620255,0.045634739100933075,0.022562306374311447,0.11089224368333817,0.00095847382908687,1.0,68,0.09783755987882614,-0.04772545397281647,0.04602854698896408,0.0306527279317379,0.11365219205617905,0.0012175366282463074,1.0,0.1217978447675705,-0.04767095111310482,0.11089224368333817,-0.048697445541620255,0.11365219205617905,-0.04772545397281647,1.0
1790268570.9838278,23.279373168945312,466,0,16,0.09455204010009766,-0.061336517333984375,0.030173448845744133,0.04703247547149658,0.12410365045070648,0.0009129787795245647,1.0,13,0.11208402365446091,-0.005886371247470379,0.048751965165138245,0.05966251716017723,0.12523166835308075,0.0027490854263305664,1.0,39,0.08491750806570053,-0.041037533432245255,0.026151683181524277,0.012178883887827396,0.09533166885375977,0.0007365474011749029,1.0,68,0.0842406302690506,-0.04212424159049988,0.034972790628671646,0.03101569227874279,0.09854841977357864,0.0008341450011357665,1.0,0.12466765940189362,-0.03361144429072738,0.09533166885375977,-0.041037533432245255,0.09854841977357864,-0.04212424159049988,1.0
1790268571.0357566,23.33130192756653,467,0,16,0.0725259780883789,-0.045310020446777344,0.025842802599072456,0.021677767857909203,0.08971172571182251,0.0008254046551883221,1.0,13,0.09692617505788803,-0.021607618778944016,0.041381798684597015,0.015581064857542515,0.10103614628314972,0.0031079647596925497,1.0,39,0.09239275008440018,-0.014445378445088863,0.026673512533307076,0.017219029366970062,0.09545338898897171,0.0005495273508131504,1.0,68,0.07846181839704514,-0.022549012675881386,0.03176749497652054,0.021399831399321556,0.08469078689813614,0.0007303477032110095,1.0,0.09537393599748611,-0.03345881961286068,0.09545338898897171,-0.014445378445088863,0.08469078689813614,-0.022549012675881386,1.0
1790268571.0877223,23.383267641067505,468,0,16,0.08957576751708984,0.0038881301879882812,0.03244912624359131,0.015729837119579315,0.09103405475616455,0.0010663989232853055,1.0,13,0.10773643851280212,0.017683763056993484,0.03517666086554527,0.050176993012428284,0.11993976682424545,0.0012845218880102038,1.0,39,0.14393223822116852,0.06901002675294876,0.0647657960653305,0.031213007867336273,0.1635100096464157,0.0014153434894979,1.0,68,0.10997951775789261,0.04519776627421379,0.06110704317688942,0.042819272726774216,0.12426295131444931,0.0010384571505710483,1.0,0.105486910790205,0.010785946622490883,0.1635100096464157,0.06901002675294876,0.12426295131444931,0.04519776627421379,1.0
1790268571.1357257,23.431271076202393,469,0,16,0.11061286926269531,0.053444862365722656,0.06279051303863525,0.0308787003159523,0.12753845751285553,0.0012506595812737942,1.0,13,0.11745746433734894,0.07334195822477341,0.04911837726831436,0.051196105778217316,0.1471392810344696,0.0024185562506318092,1.0,39,0.20143792033195496,0.1465117633342743,0.0567743219435215,0.04242352768778801,0.2522737383842468,0.0020936992950737476,1.0,68,0.14416256546974182,0.09464443475008011,0.07978778332471848,0.06783124804496765,0.17775456607341766,0.001500372658483684,1.0,0.13733886927366257,0.06339341029524803,0.2522737383842468,0.1465117633342743,0.17775456607341766,0.09464443475008011,1.0
1790268571.1877458,23.483291149139404,470,0,16,0.13111114501953125,0.044831275939941406,0.034019745886325836,0.01490057073533535,0.13907897472381592,0.0011192343663424253,1.0,13,0.13989493250846863,0.046085063368082047,0.044246915727853775,0.05867812782526016,0.15871888399124146,0.00643183384090662,1.0,39,0.17536495625972748,0.14566157758235931,0.042374733835458755,0.04566197842359543,0.23052462935447693,0.0025246012955904007,1.0,68,0.12999433279037476,0.09193465113639832,0.0599813349545002,0.06351447105407715,0.16369886696338654,0.0016045237425714731,1.0,0.1488989293575287,0.045458169654011726,0.23052462935447693,0.14566157758235931,0.16369886696338654,0.09193465113639832,1.0
1790268571.235754,23.531299352645874,471,0,16,0.11314868927001953,0.03264427185058594,0.0361529178917408,0.024669155478477478,0.12006218731403351,0.0014885322889313102,1.0,13,0.1700674146413803,0.057112473994493484,0.01847454160451889,0.046656373888254166,0.18504206836223602,0.0029468685388565063,1.0,39,0.13300499320030212,0.07687808573246002,0.02953624352812767,0.02999981865286827,0.15581975877285004,0.0011373935267329216,1.0,68,0.11134854704141617,0.05039787292480469,0.043131109327077866,0.03452019393444061,0.1260800063610077,0.001068879384547472,1.0,0.15255212783813477,0.04487837292253971,0.15581975877285004,0.07687808573246002,0.1260800063610077,0.05039787292480469,1.0
1790268571.287749,23.58329439163208,472,0,16,0.10840892791748047,-0.006038665771484375,0.019558550789952278,0.01753595657646656,0.11000048369169235,0.000923291256185621,1.0,13,0.14326594769954681,0.03007976897060871,0.04005977138876915,0.06905875355005264,0.16234825551509857,0.004349289461970329,1.0,39,0.09392215311527252,0.036163330078125,0.03468399494886398,0.019134830683469772,0.10327351093292236,0.0009601440979167819,1.0,68,0.0875062346458435,0.01990901678800583,0.03414975851774216,0.027647141367197037,0.0939689427614212,0.0009490370866842568,1.0,0.13617436960339546,0.012020551599562168,0.10327351093292236,0.036163330078125,0.0939689427614212,0.01990901678800583,1.0
1790268571.3397515,23.63529682159424,473,0,16,0.08636856079101562,-0.021322250366210938,0.02114037238061428,0.021292652934789658,0.09184176474809647,0.0009102291660383344,1.0,13,0.09176166355609894,0.008739764802157879,0.030947182327508926,0.032680660486221313,0.09892415255308151,0.0032361438497900963,1.0,39,0.06918960809707642,-0.0016307341866195202,0.02072199061512947,0.01222273986786604,0.0702475979924202,0.0008791147265583277,1.0,68,0.07018639147281647,-0.007641960401087999,0.0318109467625618,0.023322075605392456,0.07400351017713547,0.0008276035077869892,1.0,0.09538295865058899,-0.006291242782026529,0.0702475979924202,-0.0016307341866195202,0.07400351017713547,-0.007641960401087999,1.0
1790268571.3877616,23.68330693244934,474,0,16,0.06372451782226562,-0.029158592224121094,0.028313877061009407,0.008072898723185062,0.07077140361070633,0.0007685667951591313,1.0,13,0.08548443019390106,-0.004378098528832197,0.041033659130334854,0.031427402049303055,0.09353760629892349,0.0018436262616887689,1.0,39,0.052316129207611084,-0.004909026436507702,0.02532263472676277,0.01628011465072632,0.055192336440086365,0.0011004764819517732,1.0,68,0.05529538169503212,-0.011242473497986794,0.02302495203912258,0.018201053142547607,0.05927419662475586,0.0007167283329181373,1.0,0.08215450495481491,-0.016768345376476645,0.055192336440086365,-0.004909026436507702,0.05927419662475586,-0.011242473497986794,1.0
1790268571.4397833,23.735328674316406,475,0,16,0.03410911560058594,-0.021083831787109375,0.013042044825851917,0.01687062531709671,0.04273146390914917,0.0006943537737242877,1.0,13,0.061748798936605453,-0.01919320970773697,0.022993026301264763,0.03991606459021568,0.07517169415950775,0.0020977172534912825,1.0,39,0.05644812807440758,0.008676773868501186,0.030940044671297073,0.019252264872193336,0.060123298317193985,0.0008951858035288751,1.0,68,0.04119132459163666,-0.0008743510697968304,0.0204082690179348,0.019866792485117912,0.04543709382414818,0.0006619576015509665,1.0,0.05895157903432846,-0.020138520747423172,0.060123298317193985,0.008676773868501186,0.04543709382414818,-0.0008743510697968304,1.0
1790268571.487756,23.78330135345459,476,0,16,0.05075263977050781,-0.0033597946166992188,0.016887471079826355,0.01252328883856535,0.05258800834417343,0.0008118617115542293,1.0,13,0.04816612973809242,0.007607093080878258,0.033496443182229996,0.039543166756629944,0.06505471467971802,0.0012803759891539812,1.0,39,0.03468009829521179,0.0008341471548192203,0.02083924412727356,0.01416397001594305,0.038118619471788406,0.000830693868920207,1.0,68,0.039025697857141495,0.0037256127689033747,0.018271295353770256,0.01687777042388916,0.042988333851099014,0.0008482820121571422,1.0,0.058821361511945724,0.0021236492320895195,0.038118619471788406,0.0008341471548192203,0.042988333851099014,0.0037256127689033747,1.0
1790268571.539747,23.83529233932495,477,0,16,0.058966636657714844,-0.010805130004882812,0.016945334151387215,0.01018591970205307,0.060946740210056305,0.0007678895490244031,1.0,13,0.06461275368928909,0.005266629625111818,0.02560403198003769,0.05312184989452362,0.07869931310415268,0.001641765353269875,1.0,39,0.050434600561857224,0.011528993025422096,0.022146891802549362,0.015679839998483658,0.054263122379779816,0.0005690776742994785,1.0,68,0.05736227706074715,0.0006493960972875357,0.01893894374370575,0.015945695340633392,0.0595705583691597,0.0006134160794317722,1.0,0.06982302665710449,-0.002769250189885497,0.054263122379779816,0.011528993025422096,0.0595705583691597,0.0006493960972875357,1.0
1790268571.5917532,23.887298583984375,478,0,16,0.12537384033203125,-0.004818916320800781,0.028445128351449966,0.029309848323464394,0.12840741872787476,0.0009524135384708643,1.0,13,0.09270536154508591,0.016457190737128258,0.05287349596619606,0.03159711882472038,0.10172920674085617,0.001963959774002433,1.0,39,0.09490301460027695,0.0027986185159534216,0.03560416400432587,0.010180657729506493,0.09554674476385117,0.0010159850353375077,1.0,68,0.09246355295181274,-0.0007871739799156785,0.03288256376981735,0.020625248551368713,0.09511812776327133,0.0010130126029253006,1.0,0.11506831273436546,0.005819137208163738,0.09554674476385117,0.0027986185159534216,0.09511812776327133,-0.0007871739799156785,1.0
1790268571.639752,23.93529725074768,479,0,16,0.12499713897705078,-0.008641242980957031,0.02412242814898491,0.01031481008976698,0.12576532363891602,0.0011617991840466857,1.0,13,0.11643160134553909,0.01997140794992447,0.03301924094557762,0.058797404170036316,0.12842735648155212,0.004750922322273254,1.0,39,0.09025221318006516,0.00301263271830976,0.03428589552640915,0.018360624089837074,0.09284783154726028,0.0010018091415986419,1.0,68,0.10116599500179291,-0.004018559120595455,0.03526845946907997,0.025537308305501938,0.10462171584367752,0.0010412302799522877,1.0,0.12709634006023407,0.005665082484483719,0.09284783154726028,0.00301263271830976,0.10462171584367752,-0.004018559120595455,1.0
1790268571.6918833,23.987428665161133,480,1,16,0.0975046157836914,-0.022943496704101562,0.02383565716445446,0.027910130098462105,0.10446527600288391,0.0006539245368912816,1.0,13,0.09322650730609894,0.007342998869717121,0.01946568302810192,0.047515686601400375,0.10547630488872528,0.0024380176328122616,1.0,39,0.09805610775947571,0.004490778781473637,0.021380947902798653,0.013157284818589687,0.09900226444005966,0.0008141365251503885,1.0,68,0.08792338520288467,-0.0051205577328801155,0.02395089715719223,0.02376280538737774,0.0914182960987091,0.0008559371344745159,1.0,0.1049707904458046,-0.007800248917192221,0.09900226444005966,0.004490778781473637,0.0914182960987091,-0.0051205577328801155,1.0
1790268571.739765,24.0353102684021,481,0,16,0.0934906005859375,0.006184577941894531,0.025163954123854637,0.0077513461001217365,0.09400235116481781,0.0005086477613076568,1.0,13,0.06384042650461197,0.010857215151190758,0.015434407629072666,0.045516107231378555,0.07784458249807358,0.002217825036495924,1.0,39,0.07875921577215195,0.007015912793576717,0.026043780148029327,0.014662373811006546,0.08040334284305573,0.0008095185039564967,1.0,68,0.07610052078962326,0.0068511962890625,0.025734277442097664,0.019550388678908348,0.07956624776124954,0.0007499827770516276,1.0,0.0859234668314457,0.008520896546542645,0.08040334284305573,0.007015912793576717,0.07956624776124954,0.0068511962890625,1.0
1790268571.7918806,24.08742594718933,482,0,16,0.06363487243652344,-0.0020618438720703125,0.020113946869969368,0.009841248393058777,0.06471160054206848,0.00038669182686135173,1.0,13,0.07578218728303909,0.011219904758036137,0.031645286828279495,0.03894941508769989,0.08834391087293625,0.0028201292734593153,1.0,39,0.057468511164188385,0.010724580846726894,0.016829082742333412,0.017395110800862312,0.06097983196377754,0.0008212174871005118,1.0,68,0.0561797209084034,0.007391312625259161,0.02011650986969471,0.015551949851214886,0.05876412242650986,0.0005667087389156222,1.0,0.07652775570750237,0.004579030442982912,0.06097983196377754,0.010724580846726894,0.05876412242650986,0.007391312625259161,1.0
1790268571.8438258,24.139371156692505,483,0,16,0.05605125427246094,0.0047702789306640625,0.02048751711845398,0.010203850455582142,0.057107992470264435,0.0005380184156820178,1.0,13,0.055403489619493484,-0.0021115816198289394,0.024127475917339325,0.03694644570350647,0.06746677309274673,0.002460574498400092,1.0,39,0.044871795922517776,0.017861781641840935,0.016749195754528046,0.01802741549909115,0.05172910913825035,0.0006324977148324251,1.0,68,0.04688150808215141,0.011550678871572018,0.020611904561519623,0.02732032909989357,0.05434282496571541,0.0006048799259588122,1.0,0.062287382781505585,0.0013293486554175615,0.05172910913825035,0.017861781641840935,0.05434282496571541,0.011550678871572018,1.0
1790268571.8918297,24.18737506866455,484,0,16,0.014055252075195312,0.023392677307128906,0.012637023814022541,0.018919577822089195,0.03462449461221695,0.000583022425416857,1.0,13,0.03942636400461197,0.036957960575819016,0.017668338492512703,0.040742021054029465,0.06693287193775177,0.0013978072674944997,1.0,39,0.031192094087600708,0.0429890938103199,0.02960287593305111,0.020291483029723167,0.06070679798722267,0.0006204713718034327,1.0,68,0.031188741326332092,0.03378912806510925,0.023077217862010002,0.023057259619235992,0.05230201408267021,0.0005500354454852641,1.0,0.05077868327498436,0.03017531894147396,0.06070679798722267,0.0429890938103199,0.05230201408267021,0.03378912806510925,1.0
1790268571.9438224,24.239367723464966,485,0,16,0.05295372009277344,0.04583263397216797,0.025755906477570534,0.018490342423319817,0.07210438698530197,0.0006934081320650876,1.0,13,0.08014854788780212,0.041672926396131516,0.02867116965353489,0.026180081069469452,0.09499481320381165,0.002708925399929285,1.0,39,0.06756787747144699,0.07784877717494965,0.037327561527490616,0.01887672208249569,0.10712650418281555,0.0014889509184285998,1.0,68,0.05207308754324913,0.05327033996582031,0.03291375935077667,0.03186081349849701,0.07835334539413452,0.0009100119932554662,1.0,0.08354960009455681,0.04375278018414974,0.10712650418281555,0.07784877717494965,0.07835334539413452,0.05327033996582031,1.0
1790268571.9918313,24.287376642227173,486,0,16,0.06529617309570312,0.05508613586425781,0.027780557051301003,0.022234026342630386,0.08709490299224854,0.0007059777854010463,1.0,13,0.09533456712961197,0.08278010785579681,0.04372389242053032,0.025985050946474075,0.13179545104503632,0.004124832339584827,1.0,39,0.09264589101076126,0.11163877695798874,0.027023451402783394,0.02534707635641098,0.14786885678768158,0.002156172413378954,1.0,68,0.07836756855249405,0.07313335686922073,0.034534141421318054,0.044896624982357025,0.11037634313106537,0.0010269066551700234,1.0,0.10944517701864243,0.06893312186002731,0.14786885678768158,0.11163877695798874,0.11037634313106537,0.07313335686922073,1.0
1790268572.0439568,24.339502096176147,487,0,16,0.07413768768310547,0.05599498748779297,0.029054686427116394,0.01476350799202919,0.0943712517619133,0.0006967923836782575,1.0,13,0.07607562839984894,0.0682220458984375,0.03242785856127739,0.08794818073511124,0.1193535327911377,0.0029710738454014063,1.0,39,0.08130430430173874,0.10816642642021179,0.02034950442612171,0.02632511407136917,0.13687612116336823,0.0013278051046654582,1.0,68,0.06809930503368378,0.07423097640275955,0.03089216910302639,0.04187257960438728,0.10485374927520752,0.0008331570425070822,1.0,0.1068623922765255,0.062108516693115234,0.13687612116336823,0.10816642642021179,0.10485374927520752,0.07423097640275955,1.0
1790268572.0958288,24.391374111175537,488,0,16,0.0942087173461914,0.04004383087158203,0.011996827088296413,0.020822688937187195,0.10437048971652985,0.0008270955295301974,1.0,13,0.11829317361116409,0.03650724142789841,0.05251017212867737,0.04854866489768028,0.13296499848365784,0.0037709588650614023,1.0,39,0.10457552224397659,0.07408338040113449,0.02361258491873741,0.019407248124480247,0.13010859489440918,0.0011708972742781043,1.0,68,0.08650229871273041,0.05100317671895027,0.03458915650844574,0.031527284532785416,0.10362131893634796,0.0007540834485553205,1.0,0.11866774410009384,0.03827553614974022,0.13010859489440918,0.07408338040113449,0.10362131893634796,0.05100317671895027,1.0
1790268572.1437712,24.439316511154175,489,0,16,0.06276416778564453,0.025366783142089844,0.015017837285995483,0.016833221539855003,0.06923055648803711,0.0007496799225918949,1.0,13,0.05634014308452606,0.05346914380788803,0.024415094405412674,0.042179789394140244,0.08568883687257767,0.0034326862078160048,1.0,39,0.0711212158203125,0.034495819360017776,0.028224745765328407,0.023497706279158592,0.08308340609073639,0.0008067410090006888,1.0,68,0.0647154450416565,0.025237925350666046,0.023389285430312157,0.022068051621317863,0.07245542109012604,0.0005788147682324052,1.0,0.07745969668030739,0.03941796347498894,0.08308340609073639,0.034495819360017776,0.07245542109012604,0.025237925350666046,1.0
1790268572.195859,24.49140429496765,490,0,16,0.08342361450195312,-0.0025234222412109375,0.032551977783441544,0.01802212931215763,0.08608249574899673,0.0007842932245694101,1.0,13,0.08401254564523697,0.010863084346055984,0.023060021921992302,0.032592933624982834,0.09029380232095718,0.002438953844830394,1.0,39,0.04852255806326866,0.011084923520684242,0.019000016152858734,0.017474165186285973,0.05295205116271973,0.0009485353366471827,1.0,68,0.05373696610331535,0.004345052409917116,0.024429498240351677,0.016383005306124687,0.05640783533453941,0.0005872960900887847,1.0,0.08818814903497696,0.0041698310524225235,0.05295205116271973,0.011084923520684242,0.05640783533453941,0.004345052409917116,1.0
1790268572.2437584,24.53930377960205,491,0,16,0.23666763305664062,0.10682201385498047,0.2883477509021759,0.16376209259033203,0.28618109226226807,0.012622137553989887,1.0,13,0.013286883942782879,0.004378098528832197,0.08869477361440659,0.029496539384126663,0.06433192640542984,0.0024865695741027594,1.0,39,0.007144634611904621,-0.025259947404265404,0.013522420078516006,0.01827417127788067,0.032025329768657684,0.0007532236049883068,1.0,68,0.05015631392598152,-0.0018595526926219463,0.12587743997573853,0.07840422540903091,0.0708419606089592,0.0024858303368091583,1.0,0.17525650933384895,0.05560005619190633,0.032025329768657684,-0.025259947404265404,0.0708419606089592,-0.0018595526926219463,1.0
1790268572.2957435,24.591288805007935,492,0,16,0.7617301940917969,0.3126039505004883,0.9627660512924194,0.3783124089241028,0.8534258604049683,0.1829279512166977,1.0,13,-0.09014423191547394,-0.04277977719902992,0.22782652080059052,0.17780230939388275,0.18705876171588898,0.02037336304783821,1.0,39,-0.04807770624756813,-0.06236032396554947,0.03270888328552246,0.015730317682027817,0.08398821949958801,0.0013674091314896941,1.0,68,0.10560024529695511,0.014069052413105965,0.502774178981781,0.21046675741672516,0.19566690921783447,0.03001503087580204,1.0,0.5202423110604286,0.13491208665072918,0.08398821949958801,-0.06236032396554947,0.19566690921783447,0.014069052413105965,1.0
1790268572.3478017,24.643347024917603,493,0,16,-0.03250694274902344,-0.007538795471191406,0.05822715908288956,0.055086344480514526,0.07117089629173279,0.009988367557525635,1.0,13,-0.07572819292545319,-0.054200392216444016,0.03429717943072319,0.05825332552194595,0.10976279526948929,0.003877253970131278,1.0,39,-0.12681423127651215,-0.10626102983951569,0.05372897535562515,0.03743366524577141,0.17068423330783844,0.0015576878795400262,1.0,68,-0.07518588751554489,-0.06773903965950012,0.07793168723583221,0.05804061144590378,0.11562429368495941,0.0030639651231467724,1.0,0.09046684578061104,-0.03086959384381771,0.17068423330783844,-0.10626102983951569,0.11562429368495941,-0.06773903965950012,1.0
1790268572.3958418,24.691387176513672,494,0,16,-0.1462411880493164,-0.02108001708984375,0.15751616656780243,0.024681227281689644,0.15122711658477783,0.0019210894824936986,1.0,13,-0.14971688389778137,-0.06272301077842712,0.05043627694249153,0.05719881132245064,0.17379440367221832,0.0039272308349609375,1.0,39,-0.13119858503341675,-0.11792970448732376,0.03343179076910019,0.040480054914951324,0.17971639335155487,0.002007258590310812,1.0,68,-0.09868083149194717,-0.06545975804328918,0.10273035615682602,0.05348758026957512,0.12818364799022675,0.0011884077684953809,1.0,0.16251076012849808,-0.04190151393413544,0.17971639335155487,-0.11792970448732376,0.12818364799022675,-0.06545975804328918,1.0
1790268572.447754,24.74329924583435,495,1,16,-0.12423133850097656,-0.03174591064453125,0.09459201246500015,0.02798646315932274,0.13693144917488098,0.0013991284649819136,1.0,13,-0.10161649435758591,-0.03303997218608856,0.03490413352847099,0.07360288500785828,0.12523052096366882,0.003652596613392234,1.0,39,-0.1654682606458664,-0.11037464439868927,0.052951209247112274,0.034264665096998215,0.20274819433689117,0.001631207182072103,1.0,68,-0.12267325818538666,-0.07621529698371887,0.09651517122983932,0.05146373063325882,0.15396906435489655,0.001346471020951867,1.0,0.1310809850692749,-0.032392941415309906,0.20274819433689117,-0.11037464439868927,0.15396906435489655,-0.07621529698371887,1.0
1790268572.4959314,24.791476726531982,496,0,16,-0.09132575988769531,-0.0003986358642578125,0.05346004664897919,0.048079997301101685,0.10380043089389801,0.0012852647341787815,1.0,13,-0.09427583962678909,-0.06479938328266144,0.028022387996315956,0.01998370885848999,0.11722012609243393,0.0034286517184227705,1.0,39,-0.15682318806648254,-0.08608734607696533,0.056104082614183426,0.020920876413583755,0.18144308030605316,0.0012856221292167902,1.0,68,-0.0911865234375,-0.047702789306640625,0.07099302113056183,0.046713992953300476,0.11543361842632294,0.0011603396851569414,1.0,0.11051027849316597,-0.032599009573459625,0.18144308030605316,-0.08608734607696533,0.11543361842632294,-0.047702789306640625,1.0
1790268572.5478146,24.84335994720459,497,0,16,-0.10339832305908203,0.009698867797851562,0.05329204723238945,0.033576928079128265,0.10932162404060364,0.0015600614715367556,1.0,13,-0.12823955714702606,0.013169508427381516,0.03308851644396782,0.0748542919754982,0.1482623964548111,0.002318322192877531,1.0,39,-0.12662407755851746,-0.05709525942802429,0.05021417513489723,0.020378194749355316,0.1417875736951828,0.0010474544251337647,1.0,68,-0.09273775666952133,-0.029978584498167038,0.06048533320426941,0.03448384627699852,0.10549529641866684,0.001091980142518878,1.0,0.12879201024770737,0.011434188112616539,0.1417875736951828,-0.05709525942802429,0.10549529641866684,-0.029978584498167038,1.0
1790268572.599751,24.895296335220337,498,0,16,-0.06076812744140625,-0.005646705627441406,0.0444880910217762,0.03317613527178764,0.0676376074552536,0.0011980265844613314,1.0,13,-0.11634944379329681,-0.04769428074359894,0.03072149120271206,0.03398773819208145,0.12980680167675018,0.004415889736264944,1.0,39,-0.10387401282787323,-0.04784843325614929,0.031815554946660995,0.02912254072725773,0.11744064092636108,0.0011027830187231302,1.0,68,-0.07596767693758011,-0.023175295442342758,0.05014234408736229,0.0314895398914814,0.08657552301883698,0.0009521436877548695,1.0,0.09872220456600189,-0.026670493185520172,0.11744064092636108,-0.04784843325614929,0.08657552301883698,-0.023175295442342758,1.0
1790268572.6478057,24.94335103034973,499,0,16,-0.10679054260253906,-0.020353317260742188,0.05752607434988022,0.03622450679540634,0.11806894838809967,0.0014120275154709816,1.0,13,-0.13743942975997925,-0.050123948603868484,0.062017228454351425,0.04336552694439888,0.14913037419319153,0.006499394774436951,1.0,39,-0.13351401686668396,-0.07500320672988892,0.030739760026335716,0.03211313858628273,0.15683776140213013,0.0018035200191661716,1.0,68,-0.10266651958227158,-0.04696834832429886,0.054007500410079956,0.04500005394220352,0.12048400193452835,0.0012921154266223311,1.0,0.1335996612906456,-0.035238632932305336,0.15683776140213013,-0.07500320672988892,0.12048400193452835,-0.04696834832429886,1.0
1790268572.699797,24.995342254638672,500,0,16,-0.16297626495361328,-0.049953460693359375,0.12913832068443298,0.09770729392766953,0.21401405334472656,0.009721389971673489,1.0,13,-0.16152484714984894,-0.04119286313652992,0.08052536845207214,0.07430506497621536,0.18485182523727417,0.011987792328000069,1.0,39,-0.1784026324748993,-0.11640264838933945,0.05269097909331322,0.033915869891643524,0.21836845576763153,0.0018535322742536664,1.0,68,-0.13654327392578125,-0.06908910721540451,0.09188878536224365,0.07207850366830826,0.1715013086795807,0.0030732087325304747,1.0,0.19943293929100037,-0.04557316191494465,0.21836845576763153,-0.11640264838933945,0.1715013086795807,-0.06908910721540451,1.0
1790268572.74779,25.043335437774658,501,0,16,-0.21768474578857422,-0.1256999969482422,0.13061672449111938,0.12483373284339905,0.26279425621032715,0.008840975351631641,1.0,13,-0.09490966796875,-0.06991224735975266,0.037110090255737305,0.04811600223183632,0.125814288854599,0.003940823953598738,1.0,39,-0.1736876666545868,-0.10215211659669876,0.06805624812841415,0.03796878457069397,0.2064458429813385,0.002382420701906085,1.0,68,-0.1366148591041565,-0.08053364604711533,0.09406818449497223,0.0759020522236824,0.16463418304920197,0.002618916565552354,1.0,0.19430427253246307,-0.09780612215399742,0.2064458429813385,-0.10215211659669876,0.16463418304920197,-0.08053364604711533,1.0
1790268572.7999349,25.09548020362854,502,0,16,-0.28340721130371094,-0.14024639129638672,0.26336464285850525,0.10649656504392624,0.3234782814979553,0.024694308638572693,1.0,13,-0.09235557913780212,-0.04624352231621742,0.054374173283576965,0.03580058366060257,0.10928425192832947,0.0024756838101893663,1.0,39,-0.12792812287807465,-0.07684404402971268,0.0408807210624218,0.020417222753167152,0.15170028805732727,0.0017221010057255626,1.0,68,-0.13627691566944122,-0.06543226540088654,0.14800234138965607,0.07136061042547226,0.1549406200647354,0.00679507851600647,1.0,0.2163812667131424,-0.09324495680630207,0.15170028805732727,-0.07684404402971268,0.1549406200647354,-0.06543226540088654,1.0
1790268572.8518448,25.147390127182007,503,0,16,-0.21872997283935547,-0.13453388214111328,0.26274797320365906,0.14802898466587067,0.2672257423400879,0.0327141247689724,1.0,13,-0.08045607060194016,-0.025086622685194016,0.03550506383180618,0.0526898019015789,0.09810221195220947,0.0023877897765487432,1.0,39,-0.05978941172361374,-0.029933830723166466,0.01925526186823845,0.018477480858564377,0.06908967345952988,0.0007981226081028581,1.0,68,-0.0883757621049881,-0.04191151633858681,0.13360141217708588,0.08492200076580048,0.10320889949798584,0.004962317179888487,1.0,0.18266397714614868,-0.07981025241315365,0.06908967345952988,-0.029933830723166466,0.10320889949798584,-0.04191151633858681,1.0
1790268572.899888,25.195433378219604,504,0,16,-0.15943145751953125,-0.1346607208251953,0.17176032066345215,0.1377522051334381,0.21814590692520142,0.01534300297498703,1.0,13,-0.02554086595773697,0.008900568820536137,0.05019146949052811,0.05461666360497475,0.06941923499107361,0.002967884298413992,1.0,39,-0.0358072929084301,0.006513155531138182,0.024009741842746735,0.017978869378566742,0.04031363129615784,0.0009068079525604844,1.0,68,-0.053192585706710815,-0.014200771227478981,0.08506963402032852,0.07998048514127731,0.0688638836145401,0.0028022394981235266,1.0,0.1437825709581375,-0.06288007600232959,0.04031363129615784,0.006513155531138182,0.0688638836145401,-0.014200771227478981,1.0
1790268572.951856,25.247401237487793,505,0,16,-0.05446338653564453,-0.045653343200683594,0.06005769222974777,0.050000596791505814,0.08138108253479004,0.0017315491568297148,1.0,13,-0.024090107530355453,0.0050565279088914394,0.04114856943488121,0.02895403280854225,0.04961792379617691,0.001991697121411562,1.0,39,-0.010676848702132702,0.006316356360912323,0.024143574759364128,0.016768386587500572,0.02705453522503376,0.00063261081231758,1.0,68,-0.019321665167808533,0.0037989895790815353,0.033464979380369186,0.030606215819716454,0.03501293435692787,0.00067839928669855,1.0,0.06549950316548347,-0.020298407645896077,0.02705453522503376,0.006316356360912323,0.03501293435692787,0.0037989895790815353,1.0
1790268572.9998806,25.29542589187622,506,0,16,-0.052491188049316406,-0.0396575927734375,0.0810672789812088,0.05707355588674545,0.08257743716239929,0.0025272732600569725,1.0,13,0.014765813015401363,-0.0009296123753301799,0.02054821513593197,0.02030855230987072,0.02997559681534767,0.0010967169655486941,1.0,39,0.03446373715996742,0.01010914333164692,0.04854420945048332,0.022266225889325142,0.0481736995279789,0.0011439548106864095,1.0,68,0.006053251214325428,0.00462004728615284,0.05114201828837395,0.031762927770614624,0.03907353803515434,0.0011676172725856304,1.0,0.05627651698887348,-0.02029360257438384,0.0481736995279789,0.01010914333164692,0.03907353803515434,0.00462004728615284,1.0
1790268573.0518665,25.34741187095642,507,0,16,-0.04456043243408203,-0.0777292251586914,0.09932229667901993,0.08670615404844284,0.12319884449243546,0.004753912799060345,1.0,13,0.02956683747470379,0.005997878033667803,0.048345670104026794,0.03806077688932419,0.04952162131667137,0.0022407774813473225,1.0,39,0.040813349187374115,0.01366405002772808,0.022446298971772194,0.013688987120985985,0.04647095128893852,0.0006395485252141953,1.0,68,0.02345365658402443,-0.005192364100366831,0.04994208365678787,0.04489303380250931,0.051743004471063614,0.0008669529925100505,1.0,0.08636023290455341,-0.0358656735625118,0.04647095128893852,0.01366405002772808,0.051743004471063614,-0.005192364100366831,1.0
1790268573.103779,25.399324417114258,508,0,16,-0.008769035339355469,-0.04710578918457031,0.08470195531845093,0.05535251647233963,0.09685097634792328,0.0021374905481934547,1.0,13,0.041485127061605453,-0.009976900182664394,0.01908205635845661,0.029852982610464096,0.05408589541912079,0.0022518234327435493,1.0,39,0.08048893511295319,0.0017715845024213195,0.041940025985240936,0.016732025891542435,0.08263649791479111,0.0009292202885262668,1.0,68,0.051366470754146576,-0.0030645483639091253,0.056083545088768005,0.028920330107212067,0.06887927651405334,0.0009663683595135808,1.0,0.07546843588352203,-0.028541344683617353,0.08263649791479111,0.0017715845024213195,0.06887927651405334,-0.0030645483639091253,1.0
1790268573.151809,25.447354316711426,509,0,16,0.02615070343017578,-0.010709762573242188,0.05423421412706375,0.03400246798992157,0.0636579766869545,0.0008937832317315042,1.0,13,0.047412578016519547,0.027532724663615227,0.019239237532019615,0.03152212128043175,0.05973092094063759,0.001955522457137704,1.0,39,0.08020488917827606,0.023037251085042953,0.020642759278416634,0.022279176861047745,0.0869036540389061,0.0007863513310439885,1.0,68,0.05806126445531845,0.011766545474529266,0.03320026397705078,0.022160038352012634,0.06603404134511948,0.0008504149736836553,1.0,0.06169444881379604,0.00841148104518652,0.0869036540389061,0.023037251085042953,0.06603404134511948,0.011766545474529266,1.0
1790268573.203799,25.49934434890747,510,1,16,0.04221153259277344,-0.0045070648193359375,0.022033702582120895,0.012249315157532692,0.045331500470638275,0.0008642622269690037,1.0,13,0.0545654296875,-0.03303997218608856,0.026801759377121925,0.06268429756164551,0.07952385395765305,0.0026821992360055447,1.0,39,0.07645553350448608,0.031309470534324646,0.030033817514777184,0.015476441942155361,0.08533453196287155,0.0006690705195069313,1.0,68,0.06349249184131622,0.016140207648277283,0.026280993595719337,0.01967313140630722,0.0687408521771431,0.0006499968003481627,1.0,0.06242767721414566,-0.01877351850271225,0.08533453196287155,0.031309470534324646,0.0687408521771431,0.016140207648277283,1.0
1790268573.25185,25.5473952293396,511,0,16,0.05568218231201172,0.0008497238159179688,0.019269783049821854,0.023470211774110794,0.05985633283853531,0.0006738119991496205,1.0,13,0.10023850947618484,0.022040734067559242,0.03297615051269531,0.05186890438199043,0.11408396810293198,0.00435944739729166,1.0,39,0.08090953528881073,0.04536633566021919,0.026358943432569504,0.013424410484731197,0.09497435390949249,0.0008832361199893057,1.0,68,0.06270173192024231,0.020002814009785652,0.029769236221909523,0.025069961324334145,0.06922601908445358,0.0006024488247931004,1.0,0.08697015047073364,0.011445228941738605,0.09497435390949249,0.04536633566021919,0.06922601908445358,0.020002814009785652,1.0
1790268573.3038242,25.599369525909424,512,0,16,0.05451488494873047,0.016763687133789062,0.024848800152540207,0.010296391323208809,0.058170102536678314,0.0005491607589647174,1.0,13,0.07534320652484894,0.0117645263671875,0.04105106368660927,0.027573702856898308,0.08146165311336517,0.0020874678157269955,1.0,39,0.07834605872631073,0.042375221848487854,0.02489490434527397,0.016269292682409286,0.09124035388231277,0.0008047570590861142,1.0,68,0.0595153346657753,0.02391781471669674,0.03106561489403248,0.019659366458654404,0.06671018898487091,0.0006092945113778114,1.0,0.06981587782502174,0.014264106750488281,0.09124035388231277,0.042375221848487854,0.06671018898487091,0.02391781471669674,1.0
1790268573.3558714,25.651416778564453,513,0,16,0.05122566223144531,0.0151214599609375,0.014303592033684254,0.011593140661716461,0.05453416332602501,0.0007140091038309038,1.0,13,0.06940401345491409,0.03744741529226303,0.02352301962673664,0.04429346323013306,0.08792971074581146,0.0021573572885245085,1.0,39,0.10354731976985931,0.06162438169121742,0.03475170582532883,0.022414445877075195,0.12497206032276154,0.001125510549172759,1.0,68,0.07689913362264633,0.033286936581134796,0.04075838625431061,0.032512910664081573,0.0873941034078598,0.0007630793261341751,1.0,0.07123193703591824,0.026284437626600266,0.12497206032276154,0.06162438169121742,0.0873941034078598,0.033286936581134796,1.0
1790268573.4038658,25.699411153793335,514,0,16,0.06974601745605469,0.02718067169189453,0.03288024663925171,0.020685367286205292,0.07935471087694168,0.0008645914494991302,1.0,13,0.053938645869493484,0.04566251486539841,0.023117780685424805,0.07237526029348373,0.09107236564159393,0.003223934443667531,1.0,39,0.07871891558170319,0.06346052139997482,0.022176360711455345,0.017168758437037468,0.1024974063038826,0.0011168295750394464,1.0,68,0.059849683195352554,0.037642985582351685,0.039080239832401276,0.0369381308555603,0.07925933599472046,0.0007448148098774254,1.0,0.08521353825926781,0.03642159327864647,0.1024974063038826,0.06346052139997482,0.07925933599472046,0.037642985582351685,1.0
1790268573.4559085,25.75145387649536,515,0,16,0.06811141967773438,0.040467262268066406,0.02113044448196888,0.02028435282409191,0.08111269772052765,0.0007436138112097979,1.0,13,0.07455913722515106,0.07711204886436462,0.026260465383529663,0.05256234109401703,0.1151677817106247,0.0027891008649021387,1.0,39,0.0683797225356102,0.06405248492956161,0.03364554047584534,0.015584693290293217,0.09553597122430801,0.0009880753932520747,1.0,68,0.0492369718849659,0.03853091225028038,0.03593982383608818,0.030917232856154442,0.06813579052686691,0.0007075372850522399,1.0,0.09814023971557617,0.058789655566215515,0.09553597122430801,0.06405248492956161,0.06813579052686691,0.03853091225028038,1.0
1790268573.503864,25.79940938949585,516,0,16,0.053221702575683594,0.042293548583984375,0.029146885499358177,0.01761843077838421,0.07014009356498718,0.0006340492982417345,1.0,13,0.03843102231621742,0.03368084132671356,0.01891259104013443,0.05612289905548096,0.07147978991270065,0.0017885651905089617,1.0,39,0.04911569505929947,0.08060240000486374,0.029170412570238113,0.017724528908729553,0.09749889373779297,0.000936564989387989,1.0,68,0.035031937062740326,0.04824593663215637,0.033858656883239746,0.040926460176706314,0.07097102701663971,0.0008313472499139607,1.0,0.07080994173884392,0.03798719495534897,0.09749889373779297,0.08060240000486374,0.07097102701663971,0.04824593663215637,1.0
1790268573.5558147,25.851360082626343,517,0,16,0.0038690567016601562,0.07818889617919922,0.0128237996250391,0.017806271091103554,0.07942545413970947,0.0005790013819932938,1.0,13,0.02191162109375,0.04329740256071091,0.018847079947590828,0.04119798541069031,0.06187501177191734,0.0014849898871034384,1.0,39,0.02710704319179058,0.11630914360284805,0.021083218976855278,0.02501557394862175,0.12204919755458832,0.001534913433715701,1.0,68,0.005964391399174929,0.07953430712223053,0.03127836436033249,0.05008605495095253,0.08696875721216202,0.001057079411111772,1.0,0.07065023295581341,0.06074314936995506,0.12204919755458832,0.11630914360284805,0.08696875721216202,0.07953430712223053,1.0
1790268573.6078243,25.903369665145874,518,0,16,-0.026218414306640625,0.06959152221679688,0.018592800945043564,0.02180001139640808,0.07691176980733871,0.0008578446577303112,1.0,13,0.009181096218526363,0.11713937669992447,0.034904807806015015,0.05865440517663956,0.12273357808589935,0.0038808120880275965,1.0,39,-0.005118736997246742,0.12590691447257996,0.02320006676018238,0.042661670595407486,0.12840957939624786,0.0015709407161921263,1.0,68,-0.02046024054288864,0.09118181467056274,0.03378457948565483,0.05092979967594147,0.10251837223768234,0.0010916953906416893,1.0,0.09982267394661903,0.09336544945836067,0.12840957939624786,0.12590691447257996,0.10251837223768234,0.09118181467056274,1.0
1790268573.6559198,25.951465129852295,519,0,16,-0.02034473419189453,0.10223960876464844,0.04597337543964386,0.028314849361777306,0.11464284360408783,0.0008384581888094544,1.0,13,-0.00015728290600236505,0.08084693551063538,0.03986603394150734,0.0506129190325737,0.09188534319400787,0.0017566467868164182,1.0,39,-0.01621265895664692,0.16835296154022217,0.03861401975154877,0.044477105140686035,0.17283742129802704,0.0018743696855381131,1.0,68,-0.03365236148238182,0.11798959970474243,0.03742313012480736,0.06329181790351868,0.13328802585601807,0.0012939287116751075,1.0,0.10326409339904785,0.0915432721376419,0.17283742129802704,0.16835296154022217,0.13328802585601807,0.11798959970474243,1.0
1790268573.707922,26.003467321395874,520,0,16,-0.03873920440673828,0.08368110656738281,0.02814752608537674,0.014509321190416813,0.09642653167247772,0.0009229910792782903,1.0,13,-0.0013779860455542803,0.08316861838102341,0.04033532738685608,0.02599491737782955,0.0914182960987091,0.002186272758990526,1.0,39,-0.007728772237896919,0.12137153744697571,0.03391609713435173,0.02717665582895279,0.12657223641872406,0.002055960474535823,1.0,68,-0.034101374447345734,0.08623280376195908,0.03838711977005005,0.04357335716485977,0.10532759130001068,0.0011432095197960734,1.0,0.09392241388559341,0.08342486247420311,0.12657223641872406,0.12137153744697571,0.10532759130001068,0.08623280376195908,1.0
1790268573.7557878,26.05133318901062,521,0,16,-0.06856060028076172,0.05665302276611328,0.027731576934456825,0.027790021151304245,0.09485919028520584,0.0011611843947321177,1.0,13,-0.024249736219644547,0.038784321397542953,0.011111651547253132,0.039290644228458405,0.05826452746987343,0.0013764060568064451,1.0,39,-0.011606069281697273,0.0843963623046875,0.021364597603678703,0.019649576395750046,0.08769391477108002,0.001035253400914371,1.0,68,-0.04336144030094147,0.06428224593400955,0.039253100752830505,0.03604796156287193,0.08963565528392792,0.001110296230763197,1.0,0.07656185887753963,0.04771867208182812,0.08769391477108002,0.0843963623046875,0.08963565528392792,0.06428224593400955,1.0
1790268573.8078408,26.103386163711548,522,0,16,-0.05759716033935547,0.055848121643066406,0.018018389120697975,0.03265580162405968,0.08750161528587341,0.0007340983720496297,1.0,13,-0.044419508427381516,0.06669264286756516,0.02963860332965851,0.03180038183927536,0.08613582700490952,0.002759674098342657,1.0,39,-0.033499300479888916,0.07314006984233856,0.019488489255309105,0.01937353052198887,0.08232928812503815,0.0008444141130894423,1.0,68,-0.042187634855508804,0.05310170724987984,0.03043193928897381,0.03626123070716858,0.07954665273427963,0.0007255797972902656,1.0,0.08681872114539146,0.06127038225531578,0.08232928812503815,0.07314006984233856,0.07954665273427963,0.05310170724987984,1.0
1790268573.8597999,26.15534520149231,523,0,16,-0.060459136962890625,0.06570148468017578,0.018383285030722618,0.01640813611447811,0.09109392762184143,0.0005984932067804039,1.0,13,-0.054671067744493484,0.04656043276190758,0.018060922622680664,0.026148542761802673,0.07630989700555801,0.0015298924408853054,1.0,39,-0.04156415909528732,0.05941459536552429,0.027899794280529022,0.02590011991560459,0.0778791680932045,0.0008681719191372395,1.0,68,-0.052840739488601685,0.056314244866371155,0.02756919525563717,0.026800204068422318,0.08280748128890991,0.0007586786523461342,1.0,0.08370191231369972,0.05613095872104168,0.0778791680932045,0.05941459536552429,0.08280748128890991,0.056314244866371155,1.0
1790268573.907857,26.203402280807495,524,0,16,-0.08020687103271484,0.06437206268310547,0.01630096137523651,0.028127791360020638,0.10564442723989487,0.0008266096701845527,1.0,13,-0.016143798828125,0.056408222764730453,0.015295305289328098,0.02832304686307907,0.06197730824351311,0.0013648263411596417,1.0,39,-0.029962783679366112,0.07270773500204086,0.014264058321714401,0.01774887554347515,0.07971744239330292,0.0008743248763494194,1.0,68,-0.0461944118142128,0.05729372426867485,0.028536131605505943,0.031580980867147446,0.081572987139225,0.0007843996281735599,1.0,0.08381086774170399,0.06039014272391796,0.07971744239330292,0.07270773500204086,0.081572987139225,0.05729372426867485,1.0
1790268573.9597945,26.255339860916138,525,1,16,-0.03921222686767578,0.05219459533691406,0.016526291146874428,0.00724862702190876,0.06650891900062561,0.0006910791853442788,1.0,13,-0.026477519422769547,0.05923696607351303,0.0165952630341053,0.029747281223535538,0.06955154985189438,0.0018493646057322621,1.0,39,-0.024541610851883888,0.06388072669506073,0.016931097954511642,0.014573055319488049,0.07030588388442993,0.000800974783487618,1.0,68,-0.04143703728914261,0.05153768137097359,0.021561700850725174,0.027855344116687775,0.07164940983057022,0.0007603876292705536,1.0,0.06803023442626,0.05571578070521355,0.07030588388442993,0.06388072669506073,0.07164940983057022,0.05153768137097359,1.0
1790268574.0078087,26.303354024887085,526,0,16,-0.026932716369628906,0.045823097229003906,0.01715388521552086,0.012876996770501137,0.056846532970666885,0.0003972398699261248,1.0,13,-0.035935621708631516,0.021079430356621742,0.038770243525505066,0.027351362630724907,0.0584573894739151,0.001525628729723394,1.0,39,-0.02249419316649437,0.059579312801361084,0.021029241383075714,0.014350200071930885,0.06696899235248566,0.0008421799866482615,1.0,68,-0.030029969289898872,0.0388382188975811,0.0230664424598217,0.025854621082544327,0.05780171602964401,0.0006721123936586082,1.0,0.05765196122229099,0.033451263792812824,0.06696899235248566,0.059579312801361084,0.05780171602964401,0.0388382188975811,1.0
1790268574.0598018,26.355347156524658,527,0,16,-0.03501605987548828,0.029402732849121094,0.010192016139626503,0.014785663224756718,0.0478769987821579,0.0006371260969899595,1.0,13,-0.03063730150461197,0.032609205693006516,0.03300978243350983,0.016782041639089584,0.05151321738958359,0.0018386031733825803,1.0,39,-0.015967736020684242,0.032413579523563385,0.019096873700618744,0.020293449983000755,0.04165211692452431,0.0007479985943064094,1.0,68,-0.02502777986228466,0.021274229511618614,0.019465671852231026,0.021948663517832756,0.04073633626103401,0.0006914593977853656,1.0,0.04969510808587074,0.031005969271063805,0.04165211692452431,0.032413579523563385,0.04073633626103401,0.021274229511618614,1.0
1790268574.1118414,26.407386779785156,528,0,16,-0.021762847900390625,0.023609161376953125,0.012553529813885689,0.011586083099246025,0.034746430814266205,0.0004057091136928648,1.0,13,-0.042219895869493484,0.025397667661309242,0.03269834443926811,0.020881876349449158,0.05357604846358299,0.001478150486946106,1.0,39,-0.015207143500447273,0.02662189118564129,0.014611641876399517,0.019274914637207985,0.03432691469788551,0.000705946353264153,1.0,68,-0.022973228245973587,0.018106237053871155,0.018209487199783325,0.019120115786790848,0.03606675937771797,0.0006771698826923966,1.0,0.0441612396389246,0.024503414519131184,0.03432691469788551,0.02662189118564129,0.03606675937771797,0.018106237053871155,1.0
1790268574.1598387,26.455384016036987,529,0,16,-0.03818702697753906,0.03297710418701172,0.013212894089519978,0.018854035064578056,0.0530397891998291,0.0007138821529224515,1.0,13,-0.04125507175922394,0.010765662416815758,0.020865119993686676,0.023298459127545357,0.05062280595302582,0.002720562508329749,1.0,39,-0.027621928602457047,0.018800001591444016,0.017443355172872543,0.011733081191778183,0.036826085299253464,0.0006513285334222019,1.0,68,-0.028456294909119606,0.015402400866150856,0.015199507586658001,0.01954035833477974,0.03801232576370239,0.0006297164363786578,1.0,0.05183129757642746,0.021871383301913738,0.036826085299253464,0.018800001591444016,0.03801232576370239,0.015402400866150856,1.0
1790268574.2119422,26.507487535476685,530,0,16,-0.04482841491699219,0.02021026611328125,0.01272670365869999,0.006376188714057207,0.0496167317032814,0.0007700641872361302,1.0,13,-0.03704364597797394,0.02205364592373371,0.018912097439169884,0.043770018965005875,0.05888622626662254,0.0012937698047608137,1.0,39,-0.021752381697297096,0.02354900725185871,0.015595543198287487,0.013056719675660133,0.03627242147922516,0.0006488938815891743,1.0,68,-0.03306310251355171,0.016920313239097595,0.017071906477212906,0.016090434044599533,0.04115289822220802,0.0006315429345704615,1.0,0.05425147898495197,0.02113195601850748,0.03627242147922516,0.02354900725185871,0.04115289822220802,0.016920313239097595,1.0
1790268574.2601511,26.555696487426758,531,0,16,-0.03781318664550781,0.020032882690429688,0.009059584699571133,0.013241281732916832,0.04478374868631363,0.0007465360686182976,1.0,13,-0.015108549036085606,0.01767202466726303,0.03328990191221237,0.02570555917918682,0.042445845901966095,0.0008879938395693898,1.0,39,-0.03832421079277992,0.015935653820633888,0.01894383504986763,0.013455001637339592,0.0447944812476635,0.000538470281753689,1.0,68,-0.04175208508968353,0.013385772705078125,0.014636796899139881,0.014787595719099045,0.04622308164834976,0.0005471433396451175,1.0,0.04361479729413986,0.01885245367884636,0.0447944812476635,0.015935653820633888,0.04622308164834976,0.013385772705078125,1.0
1790268574.3118885,26.607433795928955,532,0,16,-0.032989501953125,-0.0005283355712890625,0.007559309247881174,0.015957845374941826,0.03632955253124237,0.0004755445697810501,1.0,13,-0.061936598271131516,-0.026518601924180984,0.03337205573916435,0.034261420369148254,0.07844071835279465,0.0013975731562823057,1.0,39,-0.0383860282599926,-0.012421827763319016,0.023942941799759865,0.01889127679169178,0.045626990497112274,0.0005514947115443647,1.0,68,-0.03774912282824516,-0.005167456343770027,0.019096270203590393,0.020083345472812653,0.043604638427495956,0.0005086301825940609,1.0,0.05738513544201851,-0.013523468747735023,0.045626990497112274,-0.012421827763319016,0.043604638427495956,-0.005167456343770027,1.0
1790268574.363855,26.65940022468567,533,0,16,-0.04505157470703125,-0.0013074874877929688,0.01911197043955326,0.022962747141718864,0.05046483874320984,0.0005813869065605104,1.0,13,-0.026207556948065758,-0.04003671556711197,0.014416065067052841,0.03372848406434059,0.05281843990087509,0.0017334272852167487,1.0,39,-0.009907257743179798,-0.013689481653273106,0.013258705846965313,0.015841122716665268,0.024626335129141808,0.000701507437042892,1.0,68,-0.021849464625120163,-0.005967757198959589,0.022297905758023262,0.023014383390545845,0.032997965812683105,0.0006985061918385327,1.0,0.051641639322042465,-0.02067210152745247,0.024626335129141808,-0.013689481653273106,0.032997965812683105,-0.005967757198959589,1.0
1790268574.4119089,26.707454204559326,534,0,16,-0.003918647766113281,-0.0022554397583007812,0.012879735790193081,0.03687199950218201,0.030447734519839287,0.0005334567395038903,1.0,13,-0.017172006890177727,-0.020180335268378258,0.021475108340382576,0.03814219310879707,0.04918602481484413,0.0010833840351551771,1.0,39,0.0020552414935082197,-0.014448899775743484,0.013896135613322258,0.015430531464517117,0.02166549675166607,0.0007711878861300647,1.0,68,-0.006998623255640268,-0.0047648935578763485,0.01988156884908676,0.022758718580007553,0.024782592430710793,0.0006336294463835657,1.0,0.03981687966734171,-0.01121788751333952,0.02166549675166607,-0.014448899775743484,0.024782592430710793,-0.0047648935578763485,1.0
1790268574.4638438,26.7593891620636,535,0,16,-0.007483482360839844,-0.010237693786621094,0.007434567902237177,0.013653079979121685,0.018024206161499023,0.0007694843807257712,1.0,13,-0.0017066368600353599,-0.014274010434746742,0.01830105297267437,0.030559394508600235,0.032596882432699203,0.0016806162893772125,1.0,39,0.0005540114361792803,-0.0038886438123881817,0.012127460911870003,0.013335335068404675,0.01615939475595951,0.0007297656848095357,1.0,68,-0.00473448820412159,-0.006610758136957884,0.01673620007932186,0.019293295219540596,0.021147258579730988,0.0007402730989269912,1.0,0.025310544297099113,-0.012255852110683918,0.01615939475595951,-0.0038886438123881817,0.021147258579730988,-0.006610758136957884,1.0
1790268574.511809,26.80735445022583,536,0,16,0.019931793212890625,-0.020188331604003906,0.013512711971998215,0.015198776498436928,0.031093360856175423,0.0005979891284368932,1.0,13,0.006666916888207197,0.010190523229539394,0.01939866691827774,0.019185421988368034,0.025903642177581787,0.0014068830059841275,1.0,39,0.011887770146131516,-0.010849390178918839,0.018284166231751442,0.013820103369653225,0.023278919979929924,0.0005003237747587264,1.0,68,0.008627498522400856,-0.013393177650868893,0.018105415627360344,0.015732791274785995,0.02437584474682808,0.0006081630126573145,1.0,0.028498501516878605,-0.004998904187232256,0.023278919979929924,-0.010849390178918839,0.02437584474682808,-0.013393177650868893,1.0
1790268574.5638769,26.859422206878662,537,0,16,0.11149311065673828,0.08659839630126953,0.15035954117774963,0.08639276027679443,0.14938831329345703,0.005474081262946129,1.0,13,-0.006598839536309242,0.005503728054463863,0.031890880316495895,0.027821671217679977,0.03698078542947769,0.0016961374785751104,1.0,39,-0.010247254744172096,0.008777325041592121,0.016109758988022804,0.014115761034190655,0.022222211584448814,0.0006831492064520717,1.0,68,0.009001563303172588,0.019138673320412636,0.07241534441709518,0.043974265456199646,0.03952427953481674,0.001027307822369039,1.0,0.09318454936146736,0.0460510621778667,0.022222211584448814,0.008777325041592121,0.03952427953481674,0.019138673320412636,1.0
1790268574.6157763,26.91132164001465,538,0,16,0.6681051254272461,0.39529991149902344,0.9240537881851196,0.3783407211303711,0.829803466796875,0.15596041083335876,1.0,13,-0.09678062796592712,0.02911376953125,0.20207571983337402,0.1577434092760086,0.1647803783416748,0.0149075947701931,1.0,39,-0.036558885127305984,0.036533843725919724,0.018784986808896065,0.02036035619676113,0.05446038022637367,0.000677695672493428,1.0,68,0.08059938997030258,0.07910425215959549,0.4535068869590759,0.19322460889816284,0.16250798106193542,0.02152874507009983,1.0,0.4972919225692749,0.21220684051513672,0.05446038022637367,0.036533843725919724,0.16250798106193542,0.07910425215959549,1.0
1790268574.663788,26.959333419799805,539,0,16,0.08896446228027344,0.1689004898071289,0.1758706271648407,0.12378468364477158,0.23372559249401093,0.029062420129776,1.0,13,-0.06498835980892181,0.07981754839420319,0.03142504394054413,0.05731285363435745,0.1152128055691719,0.00828121230006218,1.0,39,-0.07409393787384033,0.046905517578125,0.036552950739860535,0.02280590683221817,0.09052879363298416,0.0010587769793346524,1.0,68,-0.04320885241031647,0.07062743604183197,0.11441971361637115,0.07815849781036377,0.11890722811222076,0.007177920080721378,1.0,0.17446919903159142,0.12435901910066605,0.09052879363298416,0.046905517578125,0.11890722811222076,0.07062743604183197,1.0
1790268574.715787,27.011332273483276,540,1,16,-0.12719249725341797,0.10036849975585938,0.14317166805267334,0.04423537850379944,0.1822039633989334,0.0021581260953098536,1.0,13,-0.10570350289344788,0.04033132642507553,0.029031099751591682,0.06823824346065521,0.13031484186649323,0.0037026144564151764,1.0,39,-0.10066575556993484,0.07404151558876038,0.029204944148659706,0.016530368477106094,0.1265718787908554,0.0008894111379049718,1.0,68,-0.09154690057039261,0.06555501371622086,0.08441381901502609,0.0379340760409832,0.11983224749565125,0.001199820777401328,1.0,0.15625940263271332,0.07034991309046745,0.1265718787908554,0.07404151558876038,0.11983224749565125,0.06555501371622086,1.0
1790268574.7641234,27.05966877937317,541,0,16,-0.06970024108886719,0.07606983184814453,0.02571713551878929,0.022954383864998817,0.10427388548851013,0.0011239319574087858,1.0,13,-0.07915086299180984,0.05523212254047394,0.022017739713191986,0.03107895888388157,0.10063420981168747,0.0027258892077952623,1.0,39,-0.07960744947195053,0.056550636887550354,0.031040817499160767,0.015389730222523212,0.09890397638082504,0.0009820414707064629,1.0,68,-0.07005556672811508,0.049048032611608505,0.03084026649594307,0.02465658076107502,0.08764240890741348,0.0009011254878714681,1.0,0.1024540476500988,0.06565097719430923,0.09890397638082504,0.056550636887550354,0.08764240890741348,0.049048032611608505,1.0
1790268574.815823,27.111368417739868,542,0,16,-0.06569194793701172,0.05022907257080078,0.0361352302134037,0.02128046751022339,0.08478966355323792,0.001106668496504426,1.0,13,-0.025491567328572273,0.04156963527202606,0.024822667241096497,0.03887873888015747,0.06002374738454819,0.0028312171343714,1.0,39,-0.05966890603303909,0.043971918523311615,0.026114091277122498,0.018132377415895462,0.07741762697696686,0.0008482394041493535,1.0,68,-0.043003980070352554,0.0371062345802784,0.035718463361263275,0.01880597323179245,0.062128838151693344,0.0009442830923944712,1.0,0.07240670546889305,0.04589935392141342,0.07741762697696686,0.043971918523311615,0.062128838151693344,0.0371062345802784,1.0
1790268574.8677845,27.16332983970642,543,0,16,-0.015164375305175781,0.03776741027832031,0.012395515106618404,0.012658360414206982,0.042504288256168365,0.001443426706828177,1.0,13,0.000732421875,0.044796284288167953,0.03656145930290222,0.02742154151201248,0.05688362941145897,0.0018936782144010067,1.0,39,-0.018761267885565758,0.031975772231817245,0.016645316034555435,0.014030884951353073,0.04082118719816208,0.0006474553956650198,1.0,68,-0.016667310148477554,0.03479834273457527,0.015504315495491028,0.018132241442799568,0.042142342776060104,0.0005396315245889127,1.0,0.04969395883381367,0.04128184728324413,0.04082118719816208,0.031975772231817245,0.042142342776060104,0.03479834273457527,1.0
1790268574.9159024,27.211447715759277,544,0,16,0.06247425079345703,0.05089759826660156,0.1288779377937317,0.03585826978087425,0.1145336702466011,0.0021831458434462547,1.0,13,0.018035888671875,0.05522859841585159,0.03725956007838249,0.04529082402586937,0.07582402229309082,0.0058507295325398445,1.0,39,0.008861052803695202,0.043041132390499115,0.01758454367518425,0.020077519118785858,0.04839542880654335,0.0007362438482232392,1.0,68,0.02609499730169773,0.03638020530343056,0.074338398873806,0.027696402743458748,0.058067210018634796,0.0012692277086898685,1.0,0.09517884626984596,0.05306309834122658,0.04839542880654335,0.043041132390499115,0.058067210018634796,0.03638020530343056,1.0
1790268574.9678516,27.263396978378296,545,0,16,0.015789031982421875,0.028351783752441406,0.10179885476827621,0.0707879513502121,0.10745717585086823,0.01188499853014946,1.0,13,0.03808828443288803,0.006247887387871742,0.0859423279762268,0.08346240967512131,0.10105704516172409,0.014710153453052044,1.0,39,0.03188500180840492,0.05718172341585159,0.018527358770370483,0.013988487422466278,0.06808721274137497,0.0007863888749852777,1.0,68,0.02690304070711136,0.04119940474629402,0.05451066046953201,0.041537314653396606,0.06815605610609055,0.003525065490975976,1.0,0.10425711050629616,0.017299835570156574,0.06808721274137497,0.05718172341585159,0.06815605610609055,0.04119940474629402,1.0
1790268575.0158439,27.311389207839966,546,0,16,-0.12862205505371094,-0.019843101501464844,0.17460140585899353,0.08141497522592545,0.16259005665779114,0.01743789203464985,1.0,13,0.032073974609375,0.05301959812641144,0.011836136691272259,0.06645969301462173,0.07048682868480682,0.002587314695119858,1.0,39,0.05162791535258293,0.08395816385746002,0.030223049223423004,0.025985142216086388,0.1019749864935875,0.000934501294977963,1.0,68,0.001414130674675107,0.04895883426070213,0.10642579197883606,0.06049034371972084,0.09470364451408386,0.004670252092182636,1.0,0.11653844267129898,0.016588248312473297,0.1019749864935875,0.08395816385746002,0.09470364451408386,0.04895883426070213,1.0
1790268575.0678303,27.363375663757324,547,0,16,-0.17649555206298828,-0.06165885925292969,0.2782083749771118,0.13802820444107056,0.21870246529579163,0.042692072689533234,1.0,13,0.026519775390625,0.029481153935194016,0.010464589111506939,0.027013495564460754,0.04627078026533127,0.002932705217972398,1.0,39,0.03608155995607376,0.044495802372694016,0.024174509570002556,0.013819783926010132,0.06130747124552727,0.0007031477871350944,1.0,68,-0.012986351735889912,0.021174486726522446,0.15192677080631256,0.0791584923863411,0.08536608517169952,0.007459820248186588,1.0,0.13248662278056145,-0.016088852658867836,0.06130747124552727,0.044495802372694016,0.08536608517169952,0.021174486726522446,1.0
1790268575.1198566,27.415401935577393,548,0,16,-0.16517162322998047,-0.1409597396850586,0.23126478493213654,0.15077908337116241,0.23309504985809326,0.017720606178045273,1.0,13,0.027658315375447273,0.003277118317782879,0.040872685611248016,0.03453230857849121,0.045881882309913635,0.002316852565854788,1.0,39,0.018469003960490227,0.028170853853225708,0.014439111575484276,0.021626058965921402,0.040334876626729965,0.0005542541621252894,1.0,68,-0.01661435328423977,-0.003052318701520562,0.12074744701385498,0.08459563553333282,0.06544777005910873,0.002867884235456586,1.0,0.13948846608400345,-0.06884131068363786,0.040334876626729965,0.028170853853225708,0.06544777005910873,-0.003052318701520562,1.0
1790268575.1678605,27.46340584754944,549,0,16,-0.09395408630371094,-0.07808971405029297,0.12282104790210724,0.08901971578598022,0.1364731639623642,0.004189652390778065,1.0,13,0.02582021802663803,-0.007537841796875,0.02748379111289978,0.03544776886701584,0.048993583768606186,0.0021386216394603252,1.0,39,0.012640146538615227,0.01297388318926096,0.012394024059176445,0.012243412435054779,0.022413766011595726,0.0007543780957348645,1.0,68,-0.005375806242227554,-0.0012097078142687678,0.06017199903726578,0.053037554025650024,0.04219529405236244,0.000971280038356781,1.0,0.09273337386548519,-0.042813777923583984,0.022413766011595726,0.01297388318926096,0.04219529405236244,-0.0012097078142687678,1.0
1790268575.2198799,27.515425205230713,550,0,16,-0.06387615203857422,-0.07739639282226562,0.09530870616436005,0.06261734664440155,0.11583130061626434,0.002362298546358943,1.0,13,0.02313701994717121,-0.010719886049628258,0.04144714027643204,0.028641073033213615,0.045394718647003174,0.00265680905431509,1.0,39,0.0047454833984375,-0.008198273368179798,0.015646450221538544,0.011710116639733315,0.01892698183655739,0.0005893601919524372,1.0,68,-0.007188684772700071,-0.016781190410256386,0.04387139156460762,0.03677114099264145,0.032415419816970825,0.0008149624336510897,1.0,0.08061300963163376,-0.04405813943594694,0.01892698183655739,-0.008198273368179798,0.032415419816970825,-0.016781190410256386,1.0
1790268575.267952,27.563497304916382,551,0,16,-0.04844188690185547,-0.049986839294433594,0.05734119564294815,0.03565487638115883,0.07969048619270325,0.0020067254081368446,1.0,13,-0.003338153474032879,-0.01593487150967121,0.022942252457141876,0.037483587861061096,0.04204317554831505,0.0018523272592574358,1.0,39,0.014790070243179798,-0.010615422390401363,0.013351056724786758,0.013292056508362293,0.023713642731308937,0.0006492819520644844,1.0,68,-0.0006493960972875357,-0.010688669979572296,0.034035615622997284,0.023020047694444656,0.028249487280845642,0.0008851339807733893,1.0,0.06086683087050915,-0.0329608554020524,0.023713642731308937,-0.010615422390401363,0.028249487280845642,-0.010688669979572296,1.0
1790268575.3198934,27.61543869972229,552,0,16,-0.0211334228515625,-0.050415992736816406,0.04808066040277481,0.040187541395425797,0.06423375010490417,0.0011237985454499722,1.0,13,0.011246901005506516,-0.008237398229539394,0.022717231884598732,0.0344449058175087,0.04225178062915802,0.0015278254868462682,1.0,39,0.014063517563045025,-0.00480260606855154,0.017018713057041168,0.011478702537715435,0.02284114621579647,0.0005425733397714794,1.0,68,0.007862315513193607,-0.012457567267119884,0.025399116799235344,0.025934239849448204,0.02729695290327072,0.0004812378319911659,1.0,0.0532427653670311,-0.0293266954831779,0.02284114621579647,-0.00480260606855154,0.02729695290327072,-0.012457567267119884,1.0
1790268575.3718407,27.667386054992676,553,0,16,-0.006580352783203125,-0.03938579559326172,0.030682800337672234,0.03441982343792915,0.05145912617444992,0.0010082247899845243,1.0,13,0.01760629564523697,0.00012911282829008996,0.017062000930309296,0.03230712562799454,0.03842562809586525,0.0015469292411580682,1.0,39,0.0143585205078125,-0.019678359851241112,0.017248520627617836,0.014661560766398907,0.03037259168922901,0.0007382662151940167,1.0,68,0.013124129734933376,-0.018193749710917473,0.021119188517332077,0.022725993767380714,0.033733028918504715,0.0006570406258106232,1.0,0.044942377135157585,-0.019628341382485814,0.03037259168922901,-0.019678359851241112,0.033733028918504715,-0.018193749710917473,1.0
1790268575.4197881,27.715333461761475,554,0,16,0.01717662811279297,-0.022979736328125,0.019996559247374535,0.010198730044066906,0.03352878987789154,0.0007203489076346159,1.0,13,0.008505014702677727,-0.010947594419121742,0.017382396385073662,0.019610611721873283,0.02489645406603813,0.0012743220431730151,1.0,39,0.03093230351805687,-0.023601042106747627,0.022909218445420265,0.01531561091542244,0.04443180561065674,0.0006727281725034118,1.0,68,0.028328390792012215,-0.013415505178272724,0.01971839740872383,0.016658924520015717,0.03671540692448616,0.0005758004845120013,1.0,0.029212621971964836,-0.01696366537362337,0.04443180561065674,-0.023601042106747627,0.03671540692448616,-0.013415505178272724,1.0
1790268575.4719296,27.76747488975525,555,1,16,0.02742767333984375,-0.024825096130371094,0.033714309334754944,0.0190423596650362,0.05129289627075195,0.0011508353054523468,1.0,13,0.04449462890625,-0.008279653266072273,0.02618263103067875,0.02299605682492256,0.05086836963891983,0.0018952463287860155,1.0,39,0.03856717795133591,-0.016160231083631516,0.02257823757827282,0.015484096482396126,0.04458023980259895,0.0007023456273600459,1.0,68,0.03950747475028038,-0.012767231091856956,0.02238016575574875,0.017736302688717842,0.046724822372198105,0.0006815869710408151,1.0,0.05108063295483589,-0.016552374698221684,0.04458023980259895,-0.016160231083631516,0.046724822372198105,-0.012767231091856956,1.0
1790268575.5200136,27.815558910369873,556,0,16,0.037764549255371094,-0.024977684020996094,0.027826791629195213,0.02267669141292572,0.05422800034284592,0.0009709263686090708,1.0,13,0.028949443250894547,0.0013486421667039394,0.025859255343675613,0.028172170743346214,0.04498891532421112,0.0014197623822838068,1.0,39,0.04937978833913803,-0.014150374568998814,0.01655801758170128,0.012775164097547531,0.05262108892202377,0.0006595818558707833,1.0,68,0.04196570813655853,-0.012294657528400421,0.021427080035209656,0.016223056241869926,0.04749765992164612,0.0006407162873074412,1.0,0.04960845783352852,-0.011814520927146077,0.05262108892202377,-0.014150374568998814,0.04749765992164612,-0.012294657528400421,1.0
1790268575.5719204,27.86746573448181,557,0,16,0.06067180633544922,-0.028596878051757812,0.026222597807645798,0.025129731744527817,0.07376333326101303,0.0011143082519993186,1.0,13,0.05811486020684242,0.0019918589387089014,0.036071278154850006,0.021410450339317322,0.0667116716504097,0.001820325036533177,1.0,39,0.07597507536411285,-0.011987539008259773,0.03524177148938179,0.016177479177713394,0.07912235707044601,0.0012938515283167362,1.0,68,0.06585536152124405,-0.01649295538663864,0.030125122517347336,0.019356049597263336,0.07171662896871567,0.0008778774063102901,1.0,0.07023750245571136,-0.013302509556524456,0.07912235707044601,-0.011987539008259773,0.07171662896871567,-0.01649295538663864,1.0
1790268575.623842,27.919387340545654,558,0,16,0.0672616958618164,-0.042510986328125,0.02558263950049877,0.012390409596264362,0.08134635537862778,0.0008001194801181555,1.0,13,0.051166240125894547,-0.014695387333631516,0.014766309410333633,0.03627277910709381,0.06269838660955429,0.0013691579224541783,1.0,39,0.06868411600589752,-0.015726333484053612,0.024289343506097794,0.013370581902563572,0.07211414724588394,0.0007551347953267395,1.0,68,0.06558429449796677,-0.01896117627620697,0.029011042788624763,0.018756220117211342,0.07094325870275497,0.0006026890478096902,1.0,0.07202237099409103,-0.028603186830878258,0.07211414724588394,-0.015726333484053612,0.07094325870275497,-0.01896117627620697,1.0
1790268575.6718676,27.9674129486084,559,0,16,0.061379432678222656,-0.024003982543945312,0.021111859008669853,0.01622030697762966,0.06773893535137177,0.0011403454700484872,1.0,13,0.058729905635118484,0.012441782280802727,0.0215563103556633,0.03189985081553459,0.06682281941175461,0.001784313702955842,1.0,39,0.04372425749897957,-0.020046528428792953,0.017128944396972656,0.02459912747144699,0.05198883265256882,0.0005611752858385444,1.0,68,0.05119907110929489,-0.01586667262017727,0.020444482564926147,0.02225770428776741,0.057620126754045486,0.0005972943617962301,1.0,0.06728087738156319,-0.005781100131571293,0.05198883265256882,-0.020046528428792953,0.057620126754045486,-0.01586667262017727,1.0
1790268575.724245,28.019790410995483,560,0,16,0.03810310363769531,-0.030620574951171875,0.01277901791036129,0.020227201282978058,0.053195759654045105,0.0007533964817412198,1.0,13,0.06393667310476303,-0.022032517939805984,0.01705070398747921,0.027731264010071754,0.07233401387929916,0.0022467358503490686,1.0,39,0.05800922214984894,-0.00398645643144846,0.022864211350679398,0.01624983549118042,0.06081540882587433,0.0007858986500650644,1.0,68,0.052482157945632935,-0.008038576692342758,0.017411498352885246,0.016243360936641693,0.05577462539076805,0.0005227030487731099,1.0,0.06276488676667213,-0.02632654644548893,0.06081540882587433,-0.00398645643144846,0.05577462539076805,-0.008038576692342758,1.0
1790268575.7724488,28.067994117736816,561,0,16,0.040615081787109375,0.012101173400878906,0.018855443224310875,0.011069459840655327,0.0433083139359951,0.0005769356503151357,1.0,13,0.06393197923898697,0.004752526059746742,0.01541866920888424,0.033767685294151306,0.07245270907878876,0.0026642954908311367,1.0,39,0.06259429454803467,0.01780661568045616,0.021606121212244034,0.016965288668870926,0.06800256669521332,0.0008056964143179357,1.0,68,0.05486880987882614,0.014935998246073723,0.023964913561940193,0.01733185537159443,0.05935133248567581,0.0007192802149802446,1.0,0.05788051150739193,0.008426849730312824,0.06800256669521332,0.01780661568045616,0.05935133248567581,0.014935998246073723,1.0
1790268575.8244019,28.1199471950531,562,0,16,0.018899917602539062,0.01593017578125,0.010568339377641678,0.007473277393728495,0.026700660586357117,0.0008155713439919055,1.0,13,0.061690110713243484,0.016005296260118484,0.02443905547261238,0.02941484935581684,0.07108850032091141,0.00207470147870481,1.0,39,0.06985591351985931,0.04496999830007553,0.02577882818877697,0.021019738167524338,0.0860549658536911,0.0009873571107164025,1.0,68,0.042933519929647446,0.03191443160176277,0.022880949079990387,0.025256222113966942,0.05685611069202423,0.0008702681516297162,1.0,0.04889458045363426,0.015967736020684242,0.0860549658536911,0.04496999830007553,0.05685611069202423,0.03191443160176277,1.0
1790268575.8762412,28.171786546707153,563,0,16,0.0476531982421875,0.017973899841308594,0.026035653427243233,0.008161520585417747,0.052291832864284515,0.000506113632582128,1.0,13,0.03949209302663803,0.054351806640625,0.017427507787942886,0.04804522544145584,0.08083216845989227,0.0015589435352012515,1.0,39,0.058452509343624115,0.048613328486680984,0.028399275615811348,0.01584426872432232,0.07850493490695953,0.000986203202046454,1.0,68,0.04884450510144234,0.03689844533801079,0.024928675964474678,0.02170250564813614,0.06370119005441666,0.0006655626348219812,1.0,0.0665620006620884,0.0361628532409668,0.07850493490695953,0.048613328486680984,0.06370119005441666,0.03689844533801079,1.0
1790268575.9243555,28.219900846481323,564,0,16,0.03558921813964844,0.026311874389648438,0.012527300044894218,0.00806026067584753,0.04506353661417961,0.0005647270008921623,1.0,13,0.06534048169851303,0.014872624538838863,0.04177556186914444,0.03267042338848114,0.07794398814439774,0.001451934571377933,1.0,39,0.06455797702074051,0.04566133767366409,0.02503981441259384,0.015499907545745373,0.08160869032144547,0.0007730061188340187,1.0,68,0.05167074874043465,0.0334823839366436,0.02663828805088997,0.02387869544327259,0.06513465195894241,0.0006401918362826109,1.0,0.06150376237928867,0.02059224946424365,0.08160869032144547,0.04566133767366409,0.06513465195894241,0.0334823839366436,1.0
1790268575.976302,28.271847248077393,565,0,16,0.05439949035644531,0.004368782043457031,0.016438283026218414,0.01086786575615406,0.05568469688296318,0.0006968266097828746,1.0,13,0.05191979184746742,0.006380521226674318,0.047150157392024994,0.010806678794324398,0.06678427010774612,0.002859643427655101,1.0,39,0.061163876205682755,0.01757342927157879,0.019984982907772064,0.01469323132187128,0.06583280116319656,0.0007672792999073863,1.0,68,0.053094975650310516,0.009388194419443607,0.019443510100245476,0.014018070884048939,0.05627577379345894,0.0007389686070382595,1.0,0.06123448349535465,0.005374651635065675,0.06583280116319656,0.01757342927157879,0.05627577379345894,0.009388194419443607,1.0
1790268576.0243905,28.31993579864502,566,0,16,0.0762166976928711,-0.012440681457519531,0.02466731145977974,0.01030781026929617,0.07808341085910797,0.0010129965376108885,1.0,13,0.07023738324642181,-0.026526818051934242,0.03156071528792381,0.04869891330599785,0.09058131277561188,0.002375244628638029,1.0,39,0.06754283607006073,0.006788987200707197,0.025145001709461212,0.01600749045610428,0.070088692009449,0.0006589206168428063,1.0,68,0.06459449231624603,0.005807091016322374,0.024143243208527565,0.01808208040893078,0.06758862733840942,0.0009244481916539371,1.0,0.08433236181735992,-0.019483749754726887,0.070088692009449,0.006788987200707197,0.06758862733840942,0.005807091016322374,1.0
1790268576.0764785,28.372023820877075,567,0,16,0.059360504150390625,-0.012236595153808594,0.016775833442807198,0.016764769330620766,0.06340613216161728,0.001164657180197537,1.0,13,0.09051513671875,0.0076505220495164394,0.04551025852560997,0.06660709530115128,0.1106090173125267,0.0020289078820496798,1.0,39,0.04071631655097008,0.003320938441902399,0.019021162763237953,0.018175344914197922,0.04484015703201294,0.0007642427808605134,1.0,68,0.05010560154914856,-0.0042018890380859375,0.019996508955955505,0.01950794644653797,0.05366140976548195,0.000663826591335237,1.0,0.08700757473707199,-0.002293036552146077,0.04484015703201294,0.003320938441902399,0.05366140976548195,-0.0042018890380859375,1.0
1790268576.128417,28.423962354660034,568,0,16,0.061962127685546875,-0.0172576904296875,0.01982118748128414,0.007033159956336021,0.06482575833797455,0.0008811855223029852,1.0,13,0.05467810854315758,-0.004241943359375,0.02248465083539486,0.026668796315789223,0.06043670326471329,0.0022421840112656355,1.0,39,0.03896351531147957,0.0018427922623232007,0.020973283797502518,0.015894416719675064,0.044108763337135315,0.000710774096660316,1.0,68,0.04883261397480965,-0.002391927409917116,0.020434904843568802,0.016065610572695732,0.05172540619969368,0.0008418024517595768,1.0,0.06263123080134392,-0.01074981689453125,0.044108763337135315,0.0018427922623232007,0.05172540619969368,-0.002391927409917116,1.0
1790268576.1762364,28.471781730651855,569,0,16,0.04888343811035156,-0.0018510818481445312,0.020741771906614304,0.017704671248793602,0.05159645155072212,0.0010515680769458413,1.0,13,0.04717782884836197,-0.004626934416592121,0.017557688057422638,0.03422592952847481,0.05757397413253784,0.004452197812497616,1.0,39,0.047707583755254745,0.013751299120485783,0.020792488008737564,0.015980735421180725,0.052558060735464096,0.0008930403273552656,1.0,68,0.048380233347415924,0.0052540721371769905,0.019540760666131973,0.019918236881494522,0.05255637317895889,0.0008936733938753605,1.0,0.05458521284162998,-0.003239008132368326,0.052558060735464096,0.013751299120485783,0.05255637317895889,0.0052540721371769905,1.0
1790268576.228131,28.52367639541626,570,1,16,0.09012508392333984,-0.003021240234375,0.02287941612303257,0.017380256205797195,0.09163036197423935,0.0006834038067609072,1.0,13,0.07151207327842712,0.03691335767507553,0.03877468407154083,0.043678972870111465,0.08796393871307373,0.001770920935086906,1.0,39,0.06842275708913803,-0.011592376045882702,0.02121240459382534,0.011921456083655357,0.07081383466720581,0.0007713920203968883,1.0,68,0.07032102346420288,-0.009701897390186787,0.024112842977046967,0.021282361820340157,0.07416873425245285,0.0006090310052968562,1.0,0.08979715034365654,0.016946058720350266,0.07081383466720581,-0.011592376045882702,0.07416873425245285,-0.009701897390186787,1.0
1790268576.2761338,28.57167911529541,571,0,16,0.12476158142089844,-0.039318084716796875,0.04154669865965843,0.012710337527096272,0.13216441869735718,0.00165248301345855,1.0,13,0.09589561820030212,-0.03493440896272659,0.02777855657041073,0.03496788814663887,0.1058843582868576,0.00260866223834455,1.0,39,0.06404309719800949,-0.025630852207541466,0.024316951632499695,0.020680025219917297,0.07162760198116302,0.0009135400177910924,1.0,68,0.08753630518913269,-0.02778445929288864,0.03699580207467079,0.025840185582637787,0.09571517258882523,0.0007813972770236433,1.0,0.11902438849210739,-0.037126246839761734,0.07162760198116302,-0.025630852207541466,0.09571517258882523,-0.02778445929288864,1.0
1790268576.3282511,28.623796463012695,572,0,16,0.14091777801513672,-0.061748504638671875,0.04157188534736633,0.01635252684354782,0.15453526377677917,0.0020169122144579887,1.0,13,0.12825129926204681,-0.014974741265177727,0.04354599863290787,0.044709041714668274,0.13874273002147675,0.0028016960714012384,1.0,39,0.08789297193288803,-0.043023526668548584,0.026995133608579636,0.017574552446603775,0.09948674589395523,0.0011015477357432246,1.0,68,0.10715978592634201,-0.047526415437459946,0.04377456381917,0.027200233191251755,0.12021314352750778,0.0011501897824928164,1.0,0.14663899689912796,-0.0383616229519248,0.09948674589395523,-0.043023526668548584,0.12021314352750778,-0.047526415437459946,1.0
1790268576.3763237,28.671869039535522,573,0,16,0.10058212280273438,-0.06005287170410156,0.033201634883880615,0.019128259271383286,0.1195397824048996,0.0006390170892700553,1.0,13,0.09436504542827606,-0.014828021638095379,0.05338789150118828,0.0490141399204731,0.10743692517280579,0.0038646818138659,1.0,39,0.0772298201918602,-0.05727680027484894,0.02437594346702099,0.016305387020111084,0.09771991521120071,0.0008737246971577406,1.0,68,0.09064550697803497,-0.051012713462114334,0.0315578430891037,0.025392940267920494,0.10651044547557831,0.00099756324198097,1.0,0.11348835378885269,-0.03744044667109847,0.09771991521120071,-0.05727680027484894,0.10651044547557831,-0.051012713462114334,1.0
1790268576.428275,28.723820447921753,574,0,16,0.0927877426147461,-0.047061920166015625,0.029157068580389023,0.011930232867598534,0.10493985563516617,0.0005868691368959844,1.0,13,0.08279653638601303,-0.03695913404226303,0.03359517827630043,0.02122773788869381,0.09437435120344162,0.0022452010307461023,1.0,39,0.07657955586910248,-0.042469121515750885,0.027983026579022408,0.016664009541273117,0.08995622396469116,0.0009621389326639473,1.0,68,0.07240362465381622,-0.03604540973901749,0.029235970228910446,0.0209368783980608,0.08363014459609985,0.0008562691509723663,1.0,0.0996571034193039,-0.04201052710413933,0.08995622396469116,-0.042469121515750885,0.08363014459609985,-0.03604540973901749,1.0
1790268576.4802845,28.775829792022705,575,0,16,0.053661346435546875,-0.022771835327148438,0.011899428442120552,0.01731174625456333,0.061443716287612915,0.0006042110035195947,1.0,13,0.05362642556428909,0.0045623779296875,0.017300186678767204,0.04190417379140854,0.06734603643417358,0.002436388283967972,1.0,39,0.047141049057245255,-0.022952739149332047,0.016704222187399864,0.022442759945988655,0.0565694160759449,0.000842463516164571,1.0,68,0.05645101144909859,-0.02878514491021633,0.019336242228746414,0.02228364907205105,0.06598775088787079,0.0007450097473338246,1.0,0.06439487636089325,-0.009104728698730469,0.0565694160759449,-0.022952739149332047,0.06598775088787079,-0.02878514491021633,1.0
1790268576.5283153,28.82386064529419,576,0,16,0.05284881591796875,-0.016396522521972656,0.021325737237930298,0.014774470590054989,0.057992544025182724,0.0008883608970791101,1.0,13,0.04363074526190758,-0.0067385160364210606,0.032020166516304016,0.026419926434755325,0.05189921334385872,0.0018606233643367887,1.0,39,0.050863802433013916,-0.014541234821081161,0.015260623767971992,0.014168590307235718,0.054474838078022,0.0006325715221464634,1.0,68,0.0438658781349659,-0.009498259983956814,0.022158710286021233,0.01906520314514637,0.049736201763153076,0.0007343798060901463,1.0,0.05494587868452072,-0.011567519279196858,0.054474838078022,-0.014541234821081161,0.049736201763153076,-0.009498259983956814,1.0
1790268576.5801756,28.875720977783203,577,0,16,0.029313087463378906,-0.0034093856811523438,0.012490016408264637,0.009978567250072956,0.031761638820171356,0.0006158092292025685,1.0,13,0.032484788447618484,0.005145733244717121,0.039720796048641205,0.02676246501505375,0.05358288064599037,0.0018744149710983038,1.0,39,0.042736347764730453,-0.0033815824426710606,0.016715047881007195,0.013161784037947655,0.04528817534446716,0.0006310981698334217,1.0,68,0.03222297132015228,-0.008636586368083954,0.01817469485104084,0.015448339283466339,0.038326725363731384,0.0005233052070252597,1.0,0.042672259733080864,0.0008681737817823887,0.04528817534446716,-0.0033815824426710606,0.038326725363731384,-0.008636586368083954,1.0
1790268576.6283703,28.92391562461853,578,0,16,0.04281425476074219,-0.011427879333496094,0.014465274289250374,0.01028699055314064,0.0459296740591526,0.0004884448717348278,1.0,13,0.037097636610269547,-0.01974721997976303,0.03348531574010849,0.027857325971126556,0.05386503040790558,0.0024311619345098734,1.0,39,0.02900930494070053,-0.010552039369940758,0.01921222172677517,0.016717050224542618,0.036834467202425,0.0009899867000058293,1.0,68,0.03288448601961136,-0.005686367396265268,0.01788393221795559,0.013590078800916672,0.03734108433127403,0.0005732342251576483,1.0,0.04989735223352909,-0.015587549656629562,0.036834467202425,-0.010552039369940758,0.03734108433127403,-0.005686367396265268,1.0
1790268576.6802757,28.975821018218994,579,0,16,0.027329444885253906,-0.011387825012207031,0.011045667342841625,0.01982603780925274,0.034855253994464874,0.0006873539532534778,1.0,13,0.04601346701383591,0.008479191921651363,0.02948121540248394,0.024560892954468727,0.05338255688548088,0.0016231718473136425,1.0,39,0.03561166673898697,-0.013284928165376186,0.012565642595291138,0.011298902332782745,0.03978610411286354,0.0008884996059350669,1.0,68,0.032031115144491196,-0.012876959517598152,0.019693242385983467,0.017562558874487877,0.04072102904319763,0.0006707283901050687,1.0,0.04411890543997288,-0.001454316545277834,0.03978610411286354,-0.013284928165376186,0.04072102904319763,-0.012876959517598152,1.0
1790268576.7324371,29.027982473373413,580,0,16,0.04429340362548828,-0.024010658264160156,0.013960364274680614,0.013330408371984959,0.05177763104438782,0.000763384741730988,1.0,13,0.014383168891072273,-0.015329213812947273,0.03282934054732323,0.038828715682029724,0.05140122026205063,0.0011197393760085106,1.0,39,0.040873993188142776,-0.03681241720914841,0.02084612473845482,0.014462954364717007,0.057341985404491425,0.0007653292850591242,1.0,68,0.03251378610730171,-0.0341324508190155,0.018236080184578896,0.02137676067650318,0.05188813433051109,0.0005965805612504482,1.0,0.05158942565321922,-0.019669936038553715,0.057341985404491425,-0.03681241720914841,0.05188813433051109,-0.0341324508190155,1.0
1790268576.7803078,29.07585310935974,581,0,16,0.02964305877685547,-0.034607887268066406,0.020943108946084976,0.019734490662813187,0.051569148898124695,0.0011195854749530554,1.0,13,0.035599928349256516,-0.03706946596503258,0.028608288615942,0.02238810621201992,0.05547758564352989,0.001794639159925282,1.0,39,0.017922425642609596,-0.03120148554444313,0.01779555343091488,0.01408595871180296,0.03992918133735657,0.0007669467013329268,1.0,68,0.02544403076171875,-0.03178888186812401,0.02057834528386593,0.015707558020949364,0.04550247639417648,0.0007034766604192555,1.0,0.05352336727082729,-0.03583867661654949,0.03992918133735657,-0.03120148554444313,0.04550247639417648,-0.03178888186812401,1.0
1790268576.8320484,29.127593755722046,582,0,16,0.01781177520751953,-0.020910263061523438,0.01519968081265688,0.017813624814152718,0.033671677112579346,0.0007219210965558887,1.0,13,-0.0055635892786085606,-0.010266817174851894,0.028970172628760338,0.03069623000919819,0.03597061336040497,0.001400515902787447,1.0,39,0.024700459092855453,-0.04977886378765106,0.023130910471081734,0.018162766471505165,0.059979572892189026,0.0006141234771348536,1.0,68,0.009080101735889912,-0.03551516681909561,0.025748714804649353,0.027254890650510788,0.046383704990148544,0.0006110559916123748,1.0,0.03482114523649216,-0.015588540118187666,0.059979572892189026,-0.04977886378765106,0.046383704990148544,-0.03551516681909561,1.0
1790268576.8802788,29.17582416534424,583,0,16,0.0008478164672851562,-0.025753021240234375,0.02249758690595627,0.018461858853697777,0.03555579483509064,0.0006385073065757751,1.0,13,-0.021982045844197273,-0.024417582899332047,0.012518877163529396,0.031680721789598465,0.04275459423661232,0.0019043422071263194,1.0,39,-0.04566759988665581,-0.033575594425201416,0.02678079903125763,0.014849412254989147,0.0604979507625103,0.0007212370983324945,1.0,68,-0.03506739065051079,-0.02973298542201519,0.028944777324795723,0.01773761212825775,0.0513741634786129,0.0006880650762468576,1.0,0.03915519453585148,-0.02508530206978321,0.0604979507625103,-0.033575594425201416,0.0513741634786129,-0.02973298542201519,1.0
1790268576.9320078,29.227553129196167,584,0,16,-0.08824825286865234,0.0021886825561523438,0.05848768353462219,0.027123939245939255,0.0920405238866806,0.0013457387685775757,1.0,13,-0.09522657841444016,-0.02665475755929947,0.04489728435873985,0.02756221406161785,0.10218200087547302,0.002210872247815132,1.0,39,-0.09421050548553467,-0.020422520115971565,0.03491908684372902,0.020111020654439926,0.09895794093608856,0.0011140946298837662,1.0,68,-0.08998354524374008,-0.01685759611427784,0.04447408765554428,0.02873229794204235,0.09708140045404434,0.0012124588247388601,1.0,0.09711126238107681,-0.012233037501573563,0.09895794093608856,-0.020422520115971565,0.09708140045404434,-0.01685759611427784,1.0
1790268576.9844916,29.28003692626953,585,1,16,0.2521209716796875,0.3029661178588867,0.6314073801040649,0.31815671920776367,0.5935345888137817,0.08812170475721359,1.0,13,-0.3029386103153229,0.014211801812052727,0.22770866751670837,0.07785182446241379,0.3084346354007721,0.011652480810880661,1.0,39,-0.18693386018276215,0.0024781839456409216,0.05630743131041527,0.031217841431498528,0.1892475187778473,0.0013922180514782667,1.0,68,-0.10519431531429291,0.04495082050561905,0.3038345277309418,0.16130892932415009,0.2345520555973053,0.012356064282357693,1.0,0.4509846121072769,0.15858895983546972,0.1892475187778473,0.0024781839456409216,0.2345520555973053,0.04495082050561905,1.0
1790268577.03223,29.327775239944458,586,0,16,0.24775218963623047,0.2829923629760742,0.5478675365447998,0.21140411496162415,0.545697808265686,0.07554534077644348,1.0,13,-0.21971717476844788,0.07080195844173431,0.08865714073181152,0.269275039434433,0.339773029088974,0.028764860704541206,1.0,39,-0.19676247239112854,0.002183180535212159,0.039015498012304306,0.02236434631049633,0.19835133850574493,0.0012457027332857251,1.0,68,-0.10973111540079117,0.05593131482601166,0.2966257929801941,0.1397252380847931,0.2500441074371338,0.015458895824849606,1.0,0.44273541867733,0.17689716070890427,0.19835133850574493,0.002183180535212159,0.2500441074371338,0.05593131482601166,1.0
1790268577.0842407,29.379786014556885,587,0,16,-0.21332168579101562,0.06370258331298828,0.12752875685691833,0.033111345022916794,0.22769829630851746,0.003940925933420658,1.0,13,-0.22713059186935425,-0.05706552416086197,0.07160966098308563,0.08024349808692932,0.24377629160881042,0.010856415145099163,1.0,39,-0.22081111371517181,0.006327702663838863,0.05955858528614044,0.024703681468963623,0.22244614362716675,0.0020926345605403185,1.0,68,-0.1966458559036255,0.02729707583785057,0.09181889146566391,0.03739357367157936,0.20286138355731964,0.0022287480533123016,1.0,0.23573729395866394,0.003318529576063156,0.22244614362716675,0.006327702663838863,0.20286138355731964,0.02729707583785057,1.0
1790268577.132299,29.427844285964966,588,0,16,-0.1026773452758789,0.06107330322265625,0.04752964526414871,0.011116315610706806,0.12328064441680908,0.0012727543944492936,1.0,13,-0.12040123343467712,0.06849317997694016,0.06072379648685455,0.05385696887969971,0.15067614614963531,0.004993949551135302,1.0,39,-0.13372372090816498,-0.007162631954997778,0.04557676240801811,0.025887638330459595,0.13732849061489105,0.0011979162227362394,1.0,68,-0.12271454930305481,0.015110576525330544,0.056148726493120193,0.03341415151953697,0.12985248863697052,0.0010988082503899932,1.0,0.1369783952832222,0.0647832415997982,0.13732849061489105,-0.007162631954997778,0.12985248863697052,0.015110576525330544,1.0
1790268577.1842642,29.479809522628784,589,0,16,-0.13387393951416016,0.05234336853027344,0.056823041290044785,0.02438982203602791,0.14494021236896515,0.001522201462648809,1.0,13,-0.114471435546875,-0.007381732575595379,0.041183359920978546,0.03315047174692154,0.11968599259853363,0.003843611339107156,1.0,39,-0.09059847146272659,0.01619466207921505,0.021626822650432587,0.011131258681416512,0.09274612367153168,0.0006127806846052408,1.0,68,-0.09915250539779663,0.02243894711136818,0.038912463933229446,0.025199489668011665,0.10374768823385239,0.0008255747961811721,1.0,0.1323131024837494,0.02248081797733903,0.09274612367153168,0.01619466207921505,0.10374768823385239,0.02243894711136818,1.0
1790268577.2363665,29.531911849975586,590,0,16,-0.09891319274902344,0.019591331481933594,0.018937531858682632,0.01947442628443241,0.10270881652832031,0.00077113724546507,1.0,13,-0.08997286111116409,0.008047251030802727,0.04982476308941841,0.03432145714759827,0.09986526519060135,0.002476598136126995,1.0,39,-0.09786126762628555,0.022751636803150177,0.031225591897964478,0.020099692046642303,0.10249771177768707,0.0010918226325884461,1.0,68,-0.08597362786531448,0.02114318311214447,0.02748248726129532,0.017697149887681007,0.09071948379278183,0.0006449316861107945,1.0,0.10128704085946083,0.01381929125636816,0.10249771177768707,0.022751636803150177,0.09071948379278183,0.02114318311214447,1.0
1790268577.2843516,29.579896926879883,591,0,16,-0.10925960540771484,0.05303382873535156,0.03446466475725174,0.0347299762070179,0.12536022067070007,0.0015126190846785903,1.0,13,-0.05752798169851303,0.040179912000894547,0.04109768941998482,0.042884692549705505,0.08196621388196945,0.0022787193302065134,1.0,39,-0.0646260604262352,0.0290374755859375,0.01870441995561123,0.02066708356142044,0.07321151345968246,0.0009763414855115116,1.0,68,-0.07153724133968353,0.03148864209651947,0.032262977212667465,0.026162272319197655,0.08080007135868073,0.0008647912181913853,1.0,0.10366321727633476,0.046606870368123055,0.07321151345968246,0.0290374755859375,0.08080007135868073,0.03148864209651947,1.0
1790268577.3362634,29.631808757781982,592,0,16,-0.0869302749633789,0.040599822998046875,0.02206694707274437,0.024329766631126404,0.09982220828533173,0.0012401110725477338,1.0,13,-0.08747276663780212,0.014002873562276363,0.03859664499759674,0.02796347253024578,0.09682869166135788,0.0019975428003817797,1.0,39,-0.07042752951383591,0.021543454378843307,0.022886162623763084,0.016872495412826538,0.07611826807260513,0.0006475721020251513,1.0,68,-0.07251694798469543,0.022715512663125992,0.029258932918310165,0.02720380760729313,0.08156685531139374,0.0007291576475836337,1.0,0.0983254499733448,0.02730134828016162,0.07611826807260513,0.021543454378843307,0.08156685531139374,0.022715512663125992,1.0
1790268577.3843415,29.67988681793213,593,0,16,-0.06852436065673828,0.01904582977294922,0.01677911914885044,0.013720009475946426,0.0726337730884552,0.0010439336765557528,1.0,13,-0.07020686566829681,-0.007118811830878258,0.022571280598640442,0.027591124176979065,0.07412999123334885,0.002138713141903281,1.0,39,-0.07354971021413803,0.013362395577132702,0.02932044304907322,0.013887125067412853,0.07687431573867798,0.001079194014891982,1.0,68,-0.06554727256298065,0.009177825413644314,0.02751726657152176,0.015322824940085411,0.06819373369216919,0.0006792288622818887,1.0,0.07338188216090202,0.0059635089710354805,0.07687431573867798,0.013362395577132702,0.06819373369216919,0.009177825413644314,1.0
1790268577.4362502,29.7317955493927,594,0,16,-0.03483104705810547,0.016335487365722656,0.01968758925795555,0.0119134820997715,0.04327361658215523,0.0005782678490504622,1.0,13,-0.04705810546875,-0.015613262541592121,0.02032085321843624,0.022835396230220795,0.055534444749355316,0.0035009318962693214,1.0,39,-0.04399030655622482,-0.004859728738665581,0.01848411187529564,0.01795549876987934,0.047280244529247284,0.0007984649855643511,1.0,68,-0.03740692138671875,0.0028262417763471603,0.02041158266365528,0.02103145234286785,0.04323550686240196,0.0004560227971524,1.0,0.04940403066575527,0.00036111241206526756,0.047280244529247284,-0.004859728738665581,0.04323550686240196,0.0028262417763471603,1.0
1790268577.4880676,29.783612966537476,595,0,16,-0.06830596923828125,-0.0024328231811523438,0.09815420210361481,0.07251790910959244,0.12273752689361572,0.006383861415088177,1.0,13,-0.021343525499105453,-0.0008744460064917803,0.027549611404538155,0.0965205654501915,0.07800710946321487,0.01620279997587204,1.0,39,-0.030707726255059242,-0.004006018862128258,0.013368427753448486,0.01586209051311016,0.035327136516571045,0.0008436667849309742,1.0,68,-0.03310798108577728,0.00042848027078434825,0.047805655747652054,0.037940219044685364,0.05029607564210892,0.0017910654423758388,1.0,0.1003723181784153,-0.001653634593822062,0.035327136516571045,-0.004006018862128258,0.05029607564210892,0.00042848027078434825,1.0
1790268577.5361218,29.831667184829712,596,0,16,-0.032126426696777344,-0.005641937255859375,0.1480238437652588,0.05402093380689621,0.12435804307460785,0.010144997388124466,1.0,13,-0.016845703125,-0.015305738896131516,0.029393864795565605,0.04313896968960762,0.0497610978782177,0.0028789143543690443,1.0,39,-0.0016639905516058207,-0.008434980176389217,0.024330969899892807,0.014293590560555458,0.02355037070810795,0.0007386418874375522,1.0,68,-0.0033894707448780537,-0.0036035424564033747,0.0731038972735405,0.028399359434843063,0.042615506798028946,0.0030117689166218042,1.0,0.08705957047641277,-0.010473838075995445,0.02355037070810795,-0.008434980176389217,0.042615506798028946,-0.0036035424564033747,1.0
1790268577.5884209,29.883966207504272,597,0,16,-0.10197067260742188,-0.07282829284667969,0.11899591237306595,0.11564361304044724,0.13946308195590973,0.006151751149445772,1.0,13,0.005645751953125,-0.016463059931993484,0.0181951392441988,0.040234461426734924,0.040170274674892426,0.0024646942038089037,1.0,39,0.017495179548859596,5.8687648561317474e-05,0.01566525734961033,0.0103151211515069,0.02195853181183338,0.0006177602335810661,1.0,68,-0.009875128977000713,-0.015204709954559803,0.07431969046592712,0.06357713788747787,0.0459105521440506,0.001710066688247025,1.0,0.08981667831540108,-0.044645676389336586,0.02195853181183338,5.8687648561317474e-05,0.0459105521440506,-0.015204709954559803,1.0
1790268577.6363275,29.931872844696045,598,0,16,-0.06816577911376953,-0.10778045654296875,0.1608656942844391,0.11035451292991638,0.16598111391067505,0.030837468802928925,1.0,13,0.028282752260565758,-0.04915795102715492,0.042680174112319946,0.034888461232185364,0.06896916031837463,0.0028340311255306005,1.0,39,0.027462299913167953,-0.040264032781124115,0.017644483596086502,0.013752816244959831,0.05096707120537758,0.0007544769905507565,1.0,68,0.007012759801000357,-0.04392971843481064,0.08347716927528381,0.06470653414726257,0.06667929887771606,0.0066404337994754314,1.0,0.11747513711452484,-0.07846920378506184,0.05096707120537758,-0.040264032781124115,0.06667929887771606,-0.04392971843481064,1.0
1790268577.688409,29.983954429626465,599,0,16,-0.10748481750488281,-0.19223880767822266,0.23504245281219482,0.13656818866729736,0.2711498737335205,0.029356859624385834,1.0,13,0.02526385895907879,-0.053055983036756516,0.05855250731110573,0.05763813480734825,0.08144760131835938,0.002614663215354085,1.0,39,0.03422350808978081,-0.0686899796128273,0.020532045513391495,0.021986713632941246,0.07894707471132278,0.0007474607555195689,1.0,68,0.01989140175282955,-0.07926525920629501,0.11836154758930206,0.08081218600273132,0.10906512290239334,0.004179861396551132,1.0,0.17629873752593994,-0.12264739535748959,0.07894707471132278,-0.0686899796128273,0.10906512290239334,-0.07926525920629501,1.0
1790268577.7404099,30.03595519065857,600,1,16,-0.052908897399902344,-0.1762256622314453,0.17802612483501434,0.1415484994649887,0.23720146715641022,0.00905667059123516,1.0,13,0.07222102582454681,-0.07910743355751038,0.048739757388830185,0.01963759958744049,0.11102176457643509,0.0025245153810828924,1.0,39,0.03132081776857376,-0.08124992251396179,0.020943637937307358,0.025901878252625465,0.0889132097363472,0.0010887016542255878,1.0,68,0.03426047042012215,-0.08283693343400955,0.08612951636314392,0.07831668853759766,0.11239904165267944,0.0021993680857121944,1.0,0.17411161586642265,-0.12766654789447784,0.0889132097363472,-0.08124992251396179,0.11239904165267944,-0.08283693343400955,1.0
1790268577.7884672,30.084012508392334,601,0,16,0.055998802185058594,-0.1206502914428711,0.06821601092815399,0.06711703538894653,0.15666541457176208,0.002494995715096593,1.0,13,0.06904014945030212,-0.01781991869211197,0.03439165651798248,0.05257261171936989,0.08476865291595459,0.0033874448854476213,1.0,39,0.051718685775995255,-0.06865594536066055,0.026595767587423325,0.02090921439230442,0.08819393068552017,0.0008907833835110068,1.0,68,0.05589788034558296,-0.060727737843990326,0.033965788781642914,0.0374484658241272,0.09130091220140457,0.0011054080678150058,1.0,0.12071703374385834,-0.06923510506749153,0.08819393068552017,-0.06865594536066055,0.09130091220140457,-0.060727737843990326,1.0
1790268577.8404908,30.136036157608032,602,0,16,0.030127525329589844,-0.05562877655029297,0.0884581208229065,0.03281928971409798,0.11031185835599899,0.001107680262066424,1.0,13,0.05783550441265106,-0.018812913447618484,0.023503171280026436,0.045381978154182434,0.07686196267604828,0.0028748551849275827,1.0,39,0.08891100436449051,-0.02752215974032879,0.02902195230126381,0.014717151410877705,0.094797283411026,0.0007632016786374152,1.0,68,0.07638639211654663,-0.028975991532206535,0.04870095103979111,0.022810284048318863,0.09328510612249374,0.0008228854276239872,1.0,0.09358691051602364,-0.03722084499895573,0.094797283411026,-0.02752215974032879,0.09328510612249374,-0.028975991532206535,1.0
1790268577.88855,30.18409538269043,603,0,16,0.03791236877441406,-0.03432464599609375,0.08356355875730515,0.069121815264225,0.1153155192732811,0.002272202167659998,1.0,13,0.08396793901920319,0.015174278989434242,0.02082783728837967,0.022611115127801895,0.08887004107236862,0.0020513013005256653,1.0,39,0.11226047575473785,0.010950333438813686,0.05411841347813606,0.021075544878840446,0.11642572283744812,0.0012555025750771165,1.0,68,0.084713876247406,0.005897297523915768,0.055139146745204926,0.037070199847221375,0.09914325177669525,0.0010270236525684595,1.0,0.10209278017282486,-0.009575183503329754,0.11642572283744812,0.010950333438813686,0.09914325177669525,0.005897297523915768,1.0
1790268577.9403617,30.235907077789307,604,0,16,0.05321502685546875,-0.01596546173095703,0.02895812876522541,0.015286885201931,0.05910878628492355,0.0011132694780826569,1.0,13,0.12215013056993484,-0.021300096064805984,0.02966507524251938,0.05988096445798874,0.13734062016010284,0.0039917523972690105,1.0,39,0.09945482760667801,0.02839425951242447,0.03207661956548691,0.0185881108045578,0.10606145858764648,0.0009916169801726937,1.0,68,0.08205728232860565,0.009226630441844463,0.032432425767183304,0.021828066557645798,0.0856805071234703,0.0009627635008655488,1.0,0.0982247032225132,-0.018632778897881508,0.10606145858764648,0.02839425951242447,0.0856805071234703,0.009226630441844463,1.0
1790268577.992321,30.287866353988647,605,0,16,0.042446136474609375,-0.03696155548095703,0.03017294406890869,0.01615610532462597,0.06297829747200012,0.0014120887499302626,1.0,13,0.058793287724256516,7.62939453125e-05,0.0342559814453125,0.04493241012096405,0.06853685528039932,0.0019008032977581024,1.0,39,0.07108326256275177,0.0016115629114210606,0.018731705844402313,0.012546622194349766,0.07211574167013168,0.0008023500558920205,1.0,68,0.05916348472237587,-0.007678312249481678,0.02859422005712986,0.019786639139056206,0.064266137778759,0.0008039709064178169,1.0,0.06575757637619972,-0.018442630767822266,0.07211574167013168,0.0016115629114210606,0.064266137778759,-0.007678312249481678,1.0
1790268578.0403416,30.33588695526123,606,0,16,0.05930900573730469,-0.05507183074951172,0.026543056592345238,0.014171605929732323,0.0833173394203186,0.0009051751694642007,1.0,13,0.07466947287321091,-0.027728740125894547,0.022631831467151642,0.03136797994375229,0.08706691861152649,0.0020009062718600035,1.0,39,0.06572351604700089,-0.01506785862147808,0.03268344700336456,0.01960557885468006,0.06987293064594269,0.0008685089414939284,1.0,68,0.06031440198421478,-0.025856129825115204,0.029032735154032707,0.029755696654319763,0.0708298459649086,0.0007447742973454297,1.0,0.08519212901592255,-0.04140028543770313,0.06987293064594269,-0.01506785862147808,0.0708298459649086,-0.025856129825115204,1.0
1790268578.0922403,30.38778567314148,607,0,16,0.057816505432128906,-0.06909847259521484,0.015469097532331944,0.03363955020904541,0.09431231021881104,0.0007509351707994938,1.0,13,0.07798649370670319,-0.0170440673828125,0.02229154482483864,0.023332256823778152,0.08355104178190231,0.0017399888020008802,1.0,39,0.09777401387691498,-0.021430382505059242,0.023598821833729744,0.020824339240789413,0.10221419483423233,0.000878612685482949,1.0,68,0.0831114798784256,-0.030837789177894592,0.029097700491547585,0.03267696872353554,0.09443099796772003,0.0007799669983796775,1.0,0.08893167600035667,-0.04307126998901367,0.10221419483423233,-0.021430382505059242,0.09443099796772003,-0.030837789177894592,1.0
1790268578.1402414,30.435786724090576,608,0,16,0.07249927520751953,-0.05769157409667969,0.02065911702811718,0.013054868206381798,0.0947132259607315,0.000564640446100384,1.0,13,0.09886756539344788,-0.037506103515625,0.03824448585510254,0.071273073554039,0.12750081717967987,0.004731206223368645,1.0,39,0.0821024551987648,0.02968069165945053,0.04794061556458473,0.024342184886336327,0.09100678563117981,0.0013425889192149043,1.0,68,0.07482147216796875,-0.004540499299764633,0.033565670251846313,0.036014191806316376,0.0828142836689949,0.0006965537322685122,1.0,0.11110702157020569,-0.047598838806152344,0.09100678563117981,0.02968069165945053,0.0828142836689949,-0.004540499299764633,1.0
1790268578.1920092,30.4875545501709,609,0,16,0.07785892486572266,-0.03134346008300781,0.016882531344890594,0.012432917952537537,0.08503882586956024,0.0007245917804539204,1.0,13,0.08369093388319016,-0.01263427734375,0.024693133309483528,0.03007822297513485,0.0895223319530487,0.0022855487186461687,1.0,39,0.11263959854841232,0.06798142939805984,0.05163842812180519,0.03863970562815666,0.1386333554983139,0.0016649388708174229,1.0,68,0.09124059975147247,0.023271337151527405,0.045768026262521744,0.047905366867780685,0.10394322127103806,0.0010862118797376752,1.0,0.08728057891130447,-0.021988868713378906,0.1386333554983139,0.06798142939805984,0.10394322127103806,0.023271337151527405,1.0
1790268578.2442365,30.53978180885315,610,0,16,0.06854629516601562,-0.00872039794921875,0.027316348627209663,0.014856453984975815,0.07022988796234131,0.000917091325391084,1.0,13,0.10699932277202606,-0.023449238389730453,0.0237566027790308,0.04265209287405014,0.11715999990701675,0.0025131863076239824,1.0,39,0.08656389266252518,0.028850849717855453,0.06070950627326965,0.0378660187125206,0.10035441815853119,0.004165405873209238,1.0,68,0.07704140245914459,0.0009966457728296518,0.04261944442987442,0.03415638580918312,0.084701307117939,0.001604098710231483,1.0,0.09369494393467903,-0.016084818169474602,0.10035441815853119,0.028850849717855453,0.084701307117939,0.0009966457728296518,1.0
1790268578.2923307,30.587876081466675,611,0,16,0.13564586639404297,-0.03547477722167969,0.042219821363687515,0.013609010726213455,0.1415967345237732,0.001697152853012085,1.0,13,0.09222646802663803,0.014259925112128258,0.02365466021001339,0.038872089236974716,0.10145041346549988,0.0028715087100863457,1.0,39,0.05516834929585457,-0.05902647227048874,0.0533875934779644,0.07172656059265137,0.10316693782806396,0.0036918383557349443,1.0,68,0.08219685405492783,-0.06041650101542473,0.045205023139715195,0.057382017374038696,0.1170748695731163,0.0016845948994159698,1.0,0.12152357399463654,-0.010607426054775715,0.10316693782806396,-0.05902647227048874,0.1170748695731163,-0.06041650101542473,1.0
1790268578.3442533,30.639798641204834,612,0,16,0.11273574829101562,-0.058325767517089844,0.02713814191520214,0.013592996634542942,0.12863129377365112,0.0008096939418464899,1.0,13,0.10224092751741409,-0.025864820927381516,0.037760552018880844,0.0368107445538044,0.11118260025978088,0.00227276305668056,1.0,39,0.06231650337576866,-0.056428566575050354,0.03341251611709595,0.03876060992479324,0.090826116502285,0.0010746442712843418,1.0,68,0.0860719084739685,-0.0722578838467598,0.04743073135614395,0.03989136591553688,0.11866603046655655,0.0010297137778252363,1.0,0.119906947016716,-0.04209529422223568,0.090826116502285,-0.056428566575050354,0.11866603046655655,-0.0722578838467598,1.0
1790268578.3922224,30.68776774406433,613,0,16,0.1753997802734375,-0.0817108154296875,0.07075583934783936,0.03166118636727333,0.1957581490278244,0.0014741956256330013,1.0,13,0.12227689474821091,-0.02213580720126629,0.030858315527439117,0.048860277980566025,0.1325325071811676,0.0038617951795458794,1.0,39,0.10884250700473785,-0.05634366720914841,0.04106307029724121,0.032104384154081345,0.1261427402496338,0.0016786461928859353,1.0,68,0.12013199925422668,-0.06101574748754501,0.05130273476243019,0.03501040115952492,0.13770191371440887,0.0015228958800435066,1.0,0.164145328104496,-0.051923311315476894,0.1261427402496338,-0.05634366720914841,0.13770191371440887,-0.06101574748754501,1.0
1790268578.444301,30.739846229553223,614,0,16,0.06975936889648438,-0.05491447448730469,0.01807614229619503,0.02037293277680874,0.09080373495817184,0.0008828155696392059,1.0,13,0.10552978515625,-0.058775682002305984,0.03878292813897133,0.034526582807302475,0.12691166996955872,0.001597037655301392,1.0,39,0.10831119120121002,-0.02558390237390995,0.029151715338230133,0.025067761540412903,0.11338859051465988,0.0010491629363968968,1.0,68,0.09384020417928696,-0.023625990375876427,0.03553656116127968,0.028421850875020027,0.10097936540842056,0.0008797351038083434,1.0,0.10885770246386528,-0.056845078244805336,0.11338859051465988,-0.02558390237390995,0.10097936540842056,-0.023625990375876427,1.0
1790268578.496295,30.791840314865112,615,1,16,0.05866050720214844,-0.014859199523925781,0.033116765320301056,0.01111361663788557,0.061319831758737564,0.001059730420820415,1.0,13,0.05499736964702606,0.0026773305144160986,0.02814231626689434,0.04510410875082016,0.07348775863647461,0.002709133317694068,1.0,39,0.07694929093122482,0.02081768400967121,0.024929441511631012,0.013792445883154869,0.08143846690654755,0.0007482809596695006,1.0,68,0.06398795545101166,0.0015046736225485802,0.025556113570928574,0.023087861016392708,0.06755440682172775,0.0006538988091051579,1.0,0.06740379519760609,-0.006090934504754841,0.08143846690654755,0.02081768400967121,0.06755440682172775,0.0015046736225485802,1.0
1790268578.5443802,30.839925527572632,616,0,16,0.05235576629638672,0.006016731262207031,0.02797640860080719,0.017925085499882698,0.05681522935628891,0.0005067929741926491,1.0,13,0.07482206076383591,0.022710947319865227,0.042766593396663666,0.04845036566257477,0.09500432014465332,0.0013528440613299608,1.0,39,0.052171364426612854,0.04031450301408768,0.027587560936808586,0.03724227473139763,0.07250857353210449,0.0015337367076426744,1.0,68,0.0491851344704628,0.01855165883898735,0.030809422954916954,0.0298461876809597,0.060331184417009354,0.0008406112319789827,1.0,0.07590977475047112,0.014363839291036129,0.07250857353210449,0.04031450301408768,0.060331184417009354,0.01855165883898735,1.0
1790268578.5963998,30.891945123672485,617,0,16,0.042862892150878906,0.014898300170898438,0.02579055353999138,0.01484712865203619,0.048233453184366226,0.0005644234479404986,1.0,13,0.08647038042545319,0.02828509919345379,0.04859002307057381,0.05052651837468147,0.10821883380413055,0.0014146409230306745,1.0,39,0.06604199856519699,0.023555656895041466,0.05149005725979805,0.061137523502111435,0.09214716404676437,0.001172057818621397,1.0,68,0.04334528371691704,0.003653245745226741,0.04691305384039879,0.053010910749435425,0.0676659569144249,0.0009767796145752072,1.0,0.07822614349424839,0.021591699682176113,0.09214716404676437,0.023555656895041466,0.0676659569144249,0.003653245745226741,1.0
1790268578.6445205,30.94006586074829,618,0,16,0.0345306396484375,-0.0030183792114257812,0.018422670662403107,0.028702909126877785,0.04402095824480057,0.0006090621463954449,1.0,13,0.04154381528496742,0.01790090650320053,0.019516941159963608,0.030904192477464676,0.05403318628668785,0.0017558007966727018,1.0,39,0.05404741317033768,-0.1353200227022171,0.1899804174900055,0.1394454538822174,0.22845856845378876,0.007187725510448217,1.0,68,0.03450348973274231,-0.08322323113679886,0.1052720919251442,0.12061382085084915,0.1312127709388733,0.0030772921163588762,1.0,0.04902707226574421,0.007441263645887375,0.22845856845378876,-0.1353200227022171,0.1312127709388733,-0.08322323113679886,1.0
1790268578.6962495,30.99179482460022,619,0,16,0.037634849548339844,-0.009705543518066406,0.020895352587103844,0.01458855252712965,0.04308401793241501,0.0008567625773139298,1.0,13,0.04710974916815758,0.004819429945200682,0.01574384979903698,0.03486358001828194,0.05826779827475548,0.0023122993297874928,1.0,39,0.053638163954019547,-0.24800266325473785,0.15236550569534302,0.20014503598213196,0.30154669284820557,0.017739811912178993,1.0,68,0.018556931987404823,-0.12780167162418365,0.11130519956350327,0.16724108159542084,0.16335366666316986,0.006981517653912306,1.0,0.05067590810358524,-0.0024430567864328623,0.30154669284820557,-0.24800266325473785,0.16335366666316986,-0.12780167162418365,1.0
1790268578.7480805,31.043625831604004,620,0,16,0.02611064910888672,-0.012844085693359375,0.02054658718407154,0.023784028366208076,0.038909025490283966,0.0005635088309645653,1.0,13,0.03998506814241409,0.0008544921875,0.022980839014053345,0.04705502465367317,0.06046474725008011,0.002032690681517124,1.0,39,0.03883909434080124,-0.2378000169992447,0.16262100636959076,0.13363954424858093,0.28490495681762695,0.007393866777420044,1.0,68,0.02861202508211136,-0.1244339644908905,0.08449740707874298,0.12777303159236908,0.14961840212345123,0.0024714528117328882,1.0,0.04968688637018204,-0.0059947967529296875,0.28490495681762695,-0.2378000169992447,0.14961840212345123,-0.1244339644908905,1.0
1790268578.7960682,31.09161353111267,621,0,16,0.034763336181640625,-0.009670257568359375,0.01726885698735714,0.01607654057443142,0.03987577557563782,0.00046670332085341215,1.0,13,0.060194749385118484,0.011116614565253258,0.027963273227214813,0.030906010419130325,0.06888451427221298,0.0018924656324088573,1.0,39,0.008704552426934242,-0.3572418987751007,0.12589938938617706,0.17248043417930603,0.37896299362182617,0.008218633942306042,1.0,68,0.014032700099050999,-0.1806688904762268,0.09214670211076736,0.1787295788526535,0.20409993827342987,0.004282515496015549,1.0,0.0543801449239254,0.0007231784984469414,0.37896299362182617,-0.3572418987751007,0.20409993827342987,-0.1806688904762268,1.0
1790268578.848108,31.143653392791748,622,0,16,0.03820037841796875,-0.01996135711669922,0.028194861486554146,0.01589818112552166,0.050263725221157074,0.0007478654151782393,1.0,13,0.03326181322336197,-0.012815034948289394,0.022026073187589645,0.03849951550364494,0.048580609261989594,0.0021042858716100454,1.0,39,0.06367336213588715,-0.3960121273994446,0.1554344892501831,0.18671002984046936,0.41875794529914856,0.010100796818733215,1.0,68,0.026695923879742622,-0.18936078250408173,0.0724806934595108,0.17755676805973053,0.20618602633476257,0.0033862243872135878,1.0,0.049422167241573334,-0.016388196032494307,0.41875794529914856,-0.3960121273994446,0.20618602633476257,-0.18936078250408173,1.0
1790268578.8963537,31.191899061203003,623,0,16,0.042099952697753906,-0.03517341613769531,0.02128017507493496,0.022640235722064972,0.06075998768210411,0.000733854656573385,1.0,13,0.06127460300922394,-0.0037290132604539394,0.023144029080867767,0.03215620666742325,0.06879658997058868,0.0028049410320818424,1.0,39,0.0410664863884449,-0.49407997727394104,0.14182859659194946,0.1703636795282364,0.5137148499488831,0.008977915160357952,1.0,68,0.028842253610491753,-0.2425840049982071,0.10162707418203354,0.22945575416088104,0.2669486701488495,0.004174523521214724,1.0,0.0647782888263464,-0.019451214699074626,0.5137148499488831,-0.49407997727394104,0.2669486701488495,-0.2425840049982071,1.0
1790268578.9483597,31.243905067443848,624,0,16,0.032179832458496094,-0.04926586151123047,0.01956251822412014,0.02504311129450798,0.06347163021564484,0.0006443207967095077,1.0,13,0.033125657588243484,-0.030198317021131516,0.015911540016531944,0.054881706833839417,0.060831353068351746,0.0017246390925720334,1.0,39,-0.03660035878419876,-0.33162787556648254,0.12495565414428711,0.11874264478683472,0.3590311110019684,0.008292097598314285,1.0,68,0.007248822599649429,-0.17292538285255432,0.08681712299585342,0.13820725679397583,0.19451750814914703,0.003439758438616991,1.0,0.06215149164199829,-0.03973208926618099,0.3590311110019684,-0.33162787556648254,0.19451750814914703,-0.17292538285255432,1.0
1790268579.000257,31.295802354812622,625,0,16,0.04490089416503906,-0.04141426086425781,0.009208664298057556,0.02397824078798294,0.06335407495498657,0.0007289395434781909,1.0,13,0.03629009425640106,-0.035902757197618484,0.037099115550518036,0.045918241143226624,0.06591479480266571,0.002106255618855357,1.0,39,-0.04352041333913803,-0.20156586170196533,0.10822766274213791,0.05847374349832535,0.23086266219615936,0.005624121520668268,1.0,68,-0.007080527022480965,-0.1208818107843399,0.07993154227733612,0.08448241651058197,0.14602388441562653,0.002199198119342327,1.0,0.06463443487882614,-0.03865850903093815,0.23086266219615936,-0.20156586170196533,0.14602388441562653,-0.1208818107843399,1.0
1790268579.0483136,31.34385895729065,626,0,16,0.04938316345214844,-0.0613250732421875,0.023270711302757263,0.02517998404800892,0.08206012845039368,0.0008470584289170802,1.0,13,0.06378173828125,-0.007561316713690758,0.01902286522090435,0.04238329827785492,0.07497665286064148,0.001909396261908114,1.0,39,-0.02657024748623371,-0.22638408839702606,0.06201421096920967,0.07332019507884979,0.2369079887866974,0.003553425194695592,1.0,68,0.00125885009765625,-0.12566521763801575,0.05671468377113342,0.09332182258367538,0.1393895298242569,0.002014084020629525,1.0,0.07851839065551758,-0.03444319497793913,0.2369079887866974,-0.22638408839702606,0.1393895298242569,-0.12566521763801575,1.0
1790268579.1003547,31.395900011062622,627,0,16,0.056858062744140625,-0.05234336853027344,0.020734896883368492,0.010000651702284813,0.07912002503871918,0.0006617422332055867,1.0,13,0.02170034497976303,-0.03571143373847008,0.025970181450247765,0.027170486748218536,0.050559334456920624,0.0015861381543800235,1.0,39,-0.04794272407889366,-0.1587473601102829,0.06688650697469711,0.04364519193768501,0.17771784961223602,0.0018393418285995722,1.0,68,-0.006970125250518322,-0.09996010363101959,0.06539725512266159,0.06096898764371872,0.11841972917318344,0.001098801614716649,1.0,0.0648396797478199,-0.04402740113437176,0.17771784961223602,-0.1587473601102829,0.11841972917318344,-0.09996010363101959,1.0
1790268579.1483529,31.44389820098877,628,0,16,0.022350311279296875,-0.054228782653808594,0.01071625854820013,0.012728371657431126,0.059300005435943604,0.0007961300434544683,1.0,13,0.0004319410945754498,-0.04434438794851303,0.025182874873280525,0.021982837468385696,0.05035097151994705,0.00252999528311193,1.0,39,-0.05894704908132553,-0.15056277811527252,0.06717319041490555,0.054072294384241104,0.17258836328983307,0.0031183455139398575,1.0,68,-0.022690268233418465,-0.09458833932876587,0.052575401961803436,0.06015130504965782,0.10790511965751648,0.0015297848731279373,1.0,0.05482548847794533,-0.04928658530116081,0.17258836328983307,-0.15056277811527252,0.10790511965751648,-0.09458833932876587,1.0
1790268579.2003958,31.495941162109375,629,0,16,0.011316299438476562,-0.05295848846435547,0.013416266068816185,0.018014783039689064,0.056107643991708755,0.0005715169827453792,1.0,13,0.022237924858927727,-0.04418475925922394,0.05422575771808624,0.035808663815259933,0.07287684082984924,0.0013851914554834366,1.0,39,-0.052681948989629745,-0.07932770252227783,0.043949127197265625,0.028082888573408127,0.1056884229183197,0.0009753966005519032,1.0,68,-0.02512269839644432,-0.062062207609415054,0.0386996753513813,0.02846318483352661,0.07544247061014175,0.0007168242009356618,1.0,0.064492242410779,-0.0485716238617897,0.1056884229183197,-0.07932770252227783,0.07544247061014175,-0.062062207609415054,1.0
1790268579.2524211,31.547966480255127,630,1,16,0.010653495788574219,-0.044208526611328125,0.011075563728809357,0.007142011076211929,0.046602025628089905,0.00055231514852494,1.0,13,-0.03295194357633591,-0.04344646632671356,0.03269575163722038,0.043320752680301666,0.06350211799144745,0.0023842337541282177,1.0,39,-0.022982865571975708,-0.026664147153496742,0.028650231659412384,0.027836060151457787,0.04909196123480797,0.0012212891597300768,1.0,68,-0.010179631412029266,-0.03044218197464943,0.027207497507333755,0.02338314615190029,0.0440121591091156,0.0007809067610651255,1.0,0.05505207180976868,-0.043827496469020844,0.04909196123480797,-0.026664147153496742,0.0440121591091156,-0.03044218197464943,1.0
1790268579.300499,31.596044301986694,631,0,16,0.0010213851928710938,-0.06787395477294922,0.022457608953118324,0.016769230365753174,0.07136949896812439,0.000840415246784687,1.0,13,-0.0006596492021344602,-0.016397329047322273,0.015544337220489979,0.048116594552993774,0.049560464918613434,0.0014724490465596318,1.0,39,-0.022562270984053612,-0.015613262541592121,0.039376817643642426,0.0297764390707016,0.05338069051504135,0.0009597339085303247,1.0,68,-0.004666945431381464,-0.029796376824378967,0.03414219990372658,0.02753427065908909,0.04933498054742813,0.0008228407241404057,1.0,0.06046498194336891,-0.042135641910135746,0.05338069051504135,-0.015613262541592121,0.04933498054742813,-0.029796376824378967,1.0
1790268579.3522334,31.647778749465942,632,0,16,0.030328750610351562,-0.06375885009765625,0.010349896736443043,0.016935722902417183,0.07123752683401108,0.0008416261407546699,1.0,13,0.012723482213914394,-0.024138230830430984,0.024990398436784744,0.02038639411330223,0.039170071482658386,0.0009643628727644682,1.0,39,0.00015063163300510496,-0.0118560791015625,0.04023773968219757,0.028327060863375664,0.046387121081352234,0.001119833323173225,1.0,68,0.014215805567800999,-0.039267707616090775,0.030464153736829758,0.02992573007941246,0.05530669167637825,0.0007936576148495078,1.0,0.05520379915833473,-0.04394854046404362,0.046387121081352234,-0.0118560791015625,0.05530669167637825,-0.039267707616090775,1.0
1790268579.400276,31.695821285247803,633,0,16,0.048058509826660156,-0.036251068115234375,0.023646079003810883,0.01877324841916561,0.06589194387197495,0.0007516250479966402,1.0,13,0.019669752568006516,-0.006638747174292803,0.04528246447443962,0.0278506837785244,0.05457490310072899,0.0014305259101092815,1.0,39,0.009968684054911137,-0.011967194266617298,0.023044228553771973,0.023168230429291725,0.032521750777959824,0.0009172980207949877,1.0,68,0.024602552875876427,-0.02202022820711136,0.02220093458890915,0.02137983962893486,0.0411246158182621,0.0007956651388667524,1.0,0.06023342348635197,-0.02144490764476359,0.032521750777959824,-0.011967194266617298,0.0411246158182621,-0.02202022820711136,1.0
1790268579.4522965,31.747841835021973,634,0,16,0.054497718811035156,-0.0270843505859375,0.019013196229934692,0.020296992734074593,0.06357703357934952,0.0010964267421513796,1.0,13,0.04205322265625,-0.024216871708631516,0.03647709637880325,0.03166307881474495,0.06182049214839935,0.0017407267587259412,1.0,39,0.04126680642366409,0.007889185100793839,0.03238373249769211,0.01799614168703556,0.04837224632501602,0.0007921691285446286,1.0,68,0.03802894055843353,-0.009130141697824001,0.025625010952353477,0.02417205274105072,0.04596656188368797,0.0006364240543916821,1.0,0.06269876286387444,-0.025650611147284508,0.04837224632501602,0.007889185100793839,0.04596656188368797,-0.009130141697824001,1.0
1790268579.5044308,31.799976110458374,635,0,16,0.07308101654052734,0.010756492614746094,0.018220022320747375,0.023037338629364967,0.07675167918205261,0.0008318870677612722,1.0,13,0.05879798159003258,0.006868802476674318,0.023513374850153923,0.035863570868968964,0.0682833343744278,0.0016630359459668398,1.0,39,0.06530527025461197,0.007714687380939722,0.021734267473220825,0.02608553133904934,0.07162956148386002,0.0009143780334852636,1.0,68,0.06642195582389832,9.82845522230491e-05,0.022431541234254837,0.02020401507616043,0.06999129056930542,0.0007201720145530999,1.0,0.0725175067782402,0.008812647545710206,0.07162956148386002,0.007714687380939722,0.06999129056930542,9.82845522230491e-05,1.0
1790268579.5524418,31.847987174987793,636,0,16,0.10498332977294922,0.003009796142578125,0.032968468964099884,0.030251724645495415,0.10820499062538147,0.0011473388876765966,1.0,13,0.08327777683734894,0.014299833215773106,0.021910613402724266,0.027510199695825577,0.08910514414310455,0.0023639388382434845,1.0,39,0.08663588017225266,-0.004948542453348637,0.0285586379468441,0.022563716396689415,0.08978615701198578,0.001143022789619863,1.0,68,0.08241990208625793,-0.004993214271962643,0.031654346734285355,0.026911286637187004,0.08647076785564423,0.0008724508224986494,1.0,0.09865506738424301,0.008654814679175615,0.08978615701198578,-0.004948542453348637,0.08647076785564423,-0.004993214271962643,1.0
1790268579.604235,31.8997802734375,637,0,16,0.10078239440917969,-0.008400917053222656,0.02038276009261608,0.017992643639445305,0.10267291963100433,0.0010459956247359514,1.0,13,0.11228825151920319,-0.024331899359822273,0.027480125427246094,0.031424276530742645,0.1194978877902031,0.002078436082229018,1.0,39,0.08988483250141144,-0.018103575333952904,0.029355252161622047,0.014237514697015285,0.09298417717218399,0.0007377042202278972,1.0,68,0.08843904733657837,-0.02075868472456932,0.03190465644001961,0.029036689549684525,0.09560530632734299,0.0008773222798481584,1.0,0.11108540371060371,-0.016366408206522465,0.09298417717218399,-0.018103575333952904,0.09560530632734299,-0.02075868472456932,1.0
1790268579.6524963,31.948041677474976,638,0,16,0.1855621337890625,-0.015325546264648438,0.06124626472592354,0.02422819286584854,0.18768522143363953,0.00209477124735713,1.0,13,0.14861825108528137,0.028251061215996742,0.042436957359313965,0.06781329214572906,0.16008441150188446,0.002720600925385952,1.0,39,0.15713618695735931,0.0010481614153832197,0.04716851934790611,0.01908365823328495,0.1582862138748169,0.0011928485473617911,1.0,68,0.14739631116390228,-0.014600417576730251,0.06042853370308876,0.03438466787338257,0.15290625393390656,0.0011018773075193167,1.0,0.173884816467762,0.006462757475674152,0.1582862138748169,0.0010481614153832197,0.15290625393390656,-0.014600417576730251,1.0
1790268579.7044928,32.000038146972656,639,0,16,0.19348812103271484,-0.012887954711914062,0.0454007089138031,0.04006249085068703,0.1985989212989807,0.0029130636248737574,1.0,13,0.1668701171875,0.02045147307217121,0.04353813827037811,0.10714590549468994,0.1958594024181366,0.002624326618388295,1.0,39,0.23376113176345825,0.04913369193673134,0.07781866192817688,0.03498043492436409,0.24181655049324036,0.0018729367293417454,1.0,68,0.18690019845962524,0.01419403962790966,0.0872950479388237,0.05499831214547157,0.19661454856395721,0.0017307298257946968,1.0,0.19722916185855865,0.0037817591801285744,0.24181655049324036,0.04913369193673134,0.19661454856395721,0.01419403962790966,1.0
1790268579.7564228,32.05196809768677,640,0,16,0.21610736846923828,0.006072044372558594,0.04026857763528824,0.03551516309380531,0.21894115209579468,0.0018914893735200167,1.0,13,0.291473388671875,0.012083787471055984,0.04882354661822319,0.04781745746731758,0.2961244285106659,0.001774245291016996,1.0,39,0.23498809337615967,0.05171516537666321,0.06159260869026184,0.031247872859239578,0.24284876883029938,0.0017922591650858521,1.0,68,0.19338315725326538,0.02020476758480072,0.08380835503339767,0.04868347570300102,0.20240847766399384,0.0015521917957812548,1.0,0.2575327903032303,0.009077915921807289,0.24284876883029938,0.05171516537666321,0.20240847766399384,0.02020476758480072,1.0
1790268579.8043976,32.09994292259216,641,0,16,0.19402790069580078,-0.028751373291015625,0.06869074702262878,0.02248232066631317,0.19854052364826202,0.002453724853694439,1.0,13,0.23097580671310425,0.06905775517225266,0.04736757650971413,0.08986835926771164,0.2535185217857361,0.005342933814972639,1.0,39,0.2748526632785797,0.01904805563390255,0.08386567234992981,0.03978938236832619,0.27837201952934265,0.0025740324053913355,1.0,68,0.20813100039958954,-0.011709998361766338,0.10736032575368881,0.04568158835172653,0.2190910130739212,0.002144406083971262,1.0,0.22602952271699905,0.020153190940618515,0.27837201952934265,0.01904805563390255,0.2190910130739212,-0.011709998361766338,1.0
1790268579.8563821,32.15192747116089,642,0,16,0.16115951538085938,-0.0052852630615234375,0.04420976713299751,0.01899360679090023,0.1625766158103943,0.0014495449140667915,1.0,13,0.16346389055252075,0.0031796968542039394,0.03317674621939659,0.06175146624445915,0.17474858462810516,0.004428560379892588,1.0,39,0.21882550418376923,0.0207977294921875,0.06567106395959854,0.018870724365115166,0.22069935500621796,0.0017430353909730911,1.0,68,0.16621443629264832,-0.0008118573459796607,0.0923992171883583,0.041045088320970535,0.17628589272499084,0.0013026946689933538,1.0,0.16866260021924973,-0.001052783103659749,0.22069935500621796,0.0207977294921875,0.17628589272499084,-0.0008118573459796607,1.0
1790268579.904355,32.19990038871765,643,0,16,0.13422393798828125,-0.07249832153320312,0.05389251187443733,0.02242446318268776,0.15814101696014404,0.0012036238331347704,1.0,13,0.14842575788497925,-0.03470552712678909,0.08786583691835403,0.05402887612581253,0.17030389606952667,0.0034206626005470753,1.0,39,0.14367596805095673,-0.027535071596503258,0.038932204246520996,0.018586011603474617,0.14771880209445953,0.0012364283902570605,1.0,68,0.11913613975048065,-0.047149769961833954,0.0704910084605217,0.03956316038966179,0.14266535639762878,0.0012790869222953916,1.0,0.16422245651483536,-0.05360192432999611,0.14771880209445953,-0.027535071596503258,0.14266535639762878,-0.047149769961833954,1.0
1790268579.9563658,32.25191116333008,644,0,16,0.1342611312866211,-0.14971256256103516,0.04560428485274315,0.04751890152692795,0.20323342084884644,0.0019128071144223213,1.0,13,0.139984130859375,-0.09048109501600266,0.040900856256484985,0.05542435497045517,0.17157527804374695,0.0032504904083907604,1.0,39,0.13722150027751923,-0.12143022567033768,0.046938300132751465,0.036118779331445694,0.18563349545001984,0.0017036518547683954,1.0,68,0.11983602494001389,-0.13775713741779327,0.07869496196508408,0.05949818342924118,0.19302842020988464,0.0015093606198206544,1.0,0.1874043494462967,-0.1200968287885189,0.18563349545001984,-0.12143022567033768,0.19302842020988464,-0.13775713741779327,1.0
1790268580.0082061,32.30375146865845,645,1,16,0.24557971954345703,-0.36191844940185547,0.09994269162416458,0.0859510526061058,0.4443374276161194,0.004209490027278662,1.0,13,0.14853374660015106,-0.21243050694465637,0.06085437536239624,0.05789048969745636,0.26366952061653137,0.01182575710117817,1.0,39,0.24499668180942535,-0.4334748089313507,0.15878990292549133,0.12674202024936676,0.5052450895309448,0.007616731803864241,1.0,68,0.18826472759246826,-0.36552664637565613,0.1282450258731842,0.17472435534000397,0.42414912581443787,0.0038272007368505,1.0,0.3540034741163254,-0.2871744781732559,0.5052450895309448,-0.4334748089313507,0.42414912581443787,-0.36552664637565613,1.0
1790268580.0559535,32.35149884223938,646,0,16,0.10974311828613281,-0.29431819915771484,0.061364639550447464,0.08765818178653717,0.31973886489868164,0.0029452142771333456,1.0,13,0.11380943655967712,-0.26270586252212524,0.10724598914384842,0.11349938809871674,0.2946615219116211,0.003269295208156109,1.0,39,0.04624899849295616,-0.40978768467903137,0.0650230348110199,0.08284751325845718,0.41757017374038696,0.004496709443628788,1.0,68,0.05463409423828125,-0.2909047603607178,0.08140450716018677,0.13064667582511902,0.3103261888027191,0.0033717192709445953,1.0,0.30720019340515137,-0.27851203083992004,0.41757017374038696,-0.40978768467903137,0.3103261888027191,-0.2909047603607178,1.0
1790268580.1081982,32.403743505477905,647,0,16,0.04490947723388672,-0.2062397003173828,0.017265766859054565,0.04182397574186325,0.2123388946056366,0.001985499169677496,1.0,13,0.022594746202230453,-0.2186666578054428,0.06460705399513245,0.03864940255880356,0.22892683744430542,0.0041478294879198074,1.0,39,0.01131810899823904,-0.24086663126945496,0.056392207741737366,0.07054992020130157,0.24759536981582642,0.0032288539223372936,1.0,68,0.030329536646604538,-0.2057735174894333,0.04941664636135101,0.08709350973367691,0.21519508957862854,0.001934240572154522,1.0,0.220632866024971,-0.2124531790614128,0.24759536981582642,-0.24086663126945496,0.21519508957862854,-0.2057735174894333,1.0
1790268580.1565473,32.45209264755249,648,0,16,0.015026092529296875,-0.1039896011352539,0.025616951286792755,0.023837950080633163,0.10795536637306213,0.000998233212158084,1.0,13,0.0068148099817335606,-0.11347726732492447,0.02902967855334282,0.031537123024463654,0.11732777208089828,0.002258751541376114,1.0,39,0.008729200810194016,-0.1340809315443039,0.03518253192305565,0.029016241431236267,0.13908955454826355,0.002214796142652631,1.0,68,0.016293693333864212,-0.11577841639518738,0.03476938232779503,0.047414783388376236,0.1238286942243576,0.0013581688981503248,1.0,0.11264156922698021,-0.10873343423008919,0.13908955454826355,-0.1340809315443039,0.1238286942243576,-0.11577841639518738,1.0
1790268580.2082882,32.503833532333374,649,0,16,0.02472209930419922,-0.0521392822265625,0.02607380598783493,0.02330264076590538,0.06558401882648468,0.0007166287396103144,1.0,13,0.006671612150967121,-0.07782217115163803,0.012122737243771553,0.024403922259807587,0.07903491705656052,0.0029797505121678114,1.0,39,0.0005062787677161396,-0.07584869861602783,0.034939318895339966,0.02313007228076458,0.08341177552938461,0.0010694890515878797,1.0,68,0.008040035143494606,-0.0636778473854065,0.033026061952114105,0.029757220298051834,0.07373906672000885,0.0009259795187972486,1.0,0.0723094679415226,-0.06498072668910027,0.08341177552938461,-0.07584869861602783,0.07373906672000885,-0.0636778473854065,1.0
1790268580.260353,32.55589842796326,650,0,16,0.03018665313720703,-0.040955543518066406,0.021238896995782852,0.011729652062058449,0.054778311401605606,0.0009881663136184216,1.0,13,0.0029930700547993183,-0.05237872898578644,0.027359770610928535,0.02386915311217308,0.05835685878992081,0.001366587821394205,1.0,39,0.005012316629290581,-0.060294125229120255,0.029821554198861122,0.02297479845583439,0.06764277070760727,0.0009136329754255712,1.0,68,0.011170106939971447,-0.05213804915547371,0.030774591490626335,0.026938552036881447,0.0625462606549263,0.0008384704706259072,1.0,0.056567585095763206,-0.04666713625192642,0.06764277070760727,-0.060294125229120255,0.0625462606549263,-0.05213804915547371,1.0
1790268580.308307,32.60385227203369,651,0,16,0.035231590270996094,-0.052321434020996094,0.018108459189534187,0.020647341385483742,0.06537100672721863,0.0005679002497345209,1.0,13,0.008718637749552727,-0.07613783329725266,0.023820679634809494,0.025647198781371117,0.08149388432502747,0.0013360090088099241,1.0,39,0.033161260187625885,-0.0563913993537426,0.024259809404611588,0.02114412561058998,0.06742580980062485,0.0010712138609960675,1.0,68,0.03186371922492981,-0.05177273601293564,0.02207588031888008,0.028125133365392685,0.06537318229675293,0.0007051319116726518,1.0,0.07343244552612305,-0.06422963365912437,0.06742580980062485,-0.0563913993537426,0.06537318229675293,-0.05177273601293564,1.0
1790268580.3602612,32.65580654144287,652,0,16,0.032596588134765625,-0.026465415954589844,0.022754764184355736,0.013355707749724388,0.04492753744125366,0.000725639401935041,1.0,13,0.008939302526414394,-0.039279643446207047,0.015785804018378258,0.055409178137779236,0.06536494195461273,0.0008830301812849939,1.0,39,0.017296424135565758,-0.062406882643699646,0.02138797752559185,0.021296672523021698,0.0676274374127388,0.0007391819963231683,1.0,68,0.017522700130939484,-0.05242830142378807,0.02722637541592121,0.03365379571914673,0.06256785243749619,0.0006675942568108439,1.0,0.0551462396979332,-0.032872529700398445,0.0676274374127388,-0.062406882643699646,0.06256785243749619,-0.05242830142378807,1.0
1790268580.4084027,32.70394802093506,653,0,16,0.0010023117065429688,-0.037314414978027344,0.014362798072397709,0.02036389522254467,0.04016204923391342,0.000826875795610249,1.0,13,-0.03268667310476303,-0.030233530327677727,0.020725414156913757,0.019192593172192574,0.04782499745488167,0.002082096878439188,1.0,39,-0.016778798773884773,-0.060291778296232224,0.02161507122218609,0.01825214922428131,0.06653520464897156,0.0007390736718662083,1.0,68,-0.01540374755859375,-0.04088166356086731,0.01829429343342781,0.0254757609218359,0.049383047968149185,0.0006725838757120073,1.0,0.043993523344397545,-0.033773972652852535,0.06653520464897156,-0.060291778296232224,0.049383047968149185,-0.04088166356086731,1.0
1790268580.4603581,32.755903482437134,654,0,16,-0.050667762756347656,-0.007031440734863281,0.04915250092744827,0.021815508604049683,0.061299197375774384,0.0007963544921949506,1.0,13,-0.07149799168109894,-0.02998117357492447,0.020169725641608238,0.08527083694934845,0.10580877214670181,0.0034545338712632656,1.0,39,-0.09816722571849823,-0.054744623601436615,0.03084378130733967,0.028466997668147087,0.11586892604827881,0.0011539817787706852,1.0,68,-0.07770897448062897,-0.037236832082271576,0.04576879367232323,0.032124683260917664,0.09104753285646439,0.0008915396756492555,1.0,0.0835539847612381,-0.018506307154893875,0.11586892604827881,-0.054744623601436615,0.09104753285646439,-0.037236832082271576,1.0
1790268580.5124705,32.80801582336426,655,0,16,0.34624767303466797,0.34587955474853516,0.8515801429748535,0.3729637861251831,0.7356923222541809,0.14208225905895233,1.0,13,-0.4107431173324585,-0.06814105808734894,0.30070626735687256,0.2153216451406479,0.4545144736766815,0.011700577102601528,1.0,39,-0.25938063859939575,-0.04246560111641884,0.07726934552192688,0.032893095165491104,0.2646622657775879,0.0021134193520992994,1.0,68,-0.12217734754085541,0.02182186394929886,0.40695077180862427,0.18599091470241547,0.28830447793006897,0.02016913890838623,1.0,0.5951033979654312,0.1388692483305931,0.2646622657775879,-0.04246560111641884,0.28830447793006897,0.02182186394929886,1.0
1790268580.5603416,32.855886936187744,656,0,16,-0.10031700134277344,0.16257953643798828,0.2826770842075348,0.15378166735172272,0.3562144637107849,0.03914111480116844,1.0,13,-0.2868582010269165,0.07339712232351303,0.08924396336078644,0.2529962360858917,0.37383463978767395,0.01930156722664833,1.0,39,-0.32462602853775024,0.025874601677060127,0.08236834406852722,0.026263754814863205,0.32645970582962036,0.0019521445501595736,1.0,68,-0.2941925823688507,0.06682384759187698,0.1835702508687973,0.09329214692115784,0.3488450348377228,0.008776294998824596,1.0,0.36502455174922943,0.11798832938075066,0.32645970582962036,0.025874601677060127,0.3488450348377228,0.06682384759187698,1.0
1790268580.6122274,32.90777277946472,657,0,16,-0.38329315185546875,0.16474056243896484,0.1876945197582245,0.07163361459970474,0.43119215965270996,0.007796585559844971,1.0,13,-0.3839252293109894,-0.041321974247694016,0.10524264723062515,0.1291625201702118,0.4055299162864685,0.025681080296635628,1.0,39,-0.439139723777771,0.09418819844722748,0.09087065607309341,0.03896791487932205,0.45098114013671875,0.0026688158977776766,1.0,68,-0.3912665545940399,0.1108044981956482,0.16377191245555878,0.06657975912094116,0.41376417875289917,0.003173041855916381,1.0,0.41836103796958923,0.061709294095635414,0.45098114013671875,0.09418819844722748,0.41376417875289917,0.1108044981956482,1.0
1790268580.6603267,32.95587205886841,658,0,16,-0.5012712478637695,0.2364358901977539,0.15896634757518768,0.08691998571157455,0.5584430694580078,0.0028180035296827555,1.0,13,-0.32017868757247925,0.08493276685476303,0.08793613314628601,0.14223505556583405,0.3629950284957886,0.010265836492180824,1.0,39,-0.36208245158195496,0.14475895464420319,0.09237832576036453,0.04093268886208534,0.39264115691185,0.003496256424114108,1.0,68,-0.351226806640625,0.1636020392179489,0.15114884078502655,0.0812029018998146,0.39282405376434326,0.0028000804595649242,1.0,0.4607190489768982,0.16068432852625847,0.39264115691185,0.14475895464420319,0.39282405376434326,0.1636020392179489,1.0
1790268580.7119396,33.007484912872314,659,0,16,-0.2672910690307617,0.20923995971679688,0.10384002327919006,0.03886474668979645,0.3444899916648865,0.003328047227114439,1.0,13,-0.20811580121517181,0.12618900835514069,0.10180890560150146,0.1052379459142685,0.26913827657699585,0.008006474003195763,1.0,39,-0.23874801397323608,0.18399712443351746,0.09303584694862366,0.056346595287323,0.3047466278076172,0.004924206994473934,1.0,68,-0.2157348245382309,0.16776365041732788,0.1009959951043129,0.08134718239307404,0.2809578478336334,0.0027416152879595757,1.0,0.30681413412094116,0.16771448403596878,0.3047466278076172,0.18399712443351746,0.2809578478336334,0.16776365041732788,1.0
1790268580.764021,33.059566259384155,660,1,16,-0.1406097412109375,0.12170219421386719,0.08650999516248703,0.042020849883556366,0.18979723751544952,0.0013168444857001305,1.0,13,-0.14994694292545319,0.06476768851280212,0.05778847634792328,0.049261387437582016,0.16773779690265656,0.0035910073202103376,1.0,39,-0.13004478812217712,0.1363983154296875,0.031853992491960526,0.033467844128608704,0.19016586244106293,0.0016391027020290494,1.0,68,-0.10462592542171478,0.11479388922452927,0.05852188915014267,0.04989040642976761,0.1592472642660141,0.0013236231170594692,1.0,0.17876751720905304,0.09323494136333466,0.19016586244106293,0.1363983154296875,0.1592472642660141,0.11479388922452927,1.0
1790268580.8122463,33.10779166221619,661,0,16,-0.031005859375,0.06370925903320312,0.022436756640672684,0.023013904690742493,0.0733504667878151,0.0011429189471527934,1.0,13,-0.04443124681711197,0.03562223166227341,0.05474479869008064,0.049308788031339645,0.0810103490948677,0.00218076235614717,1.0,39,-0.04339560493826866,0.06369487941265106,0.022786948829889297,0.025444239377975464,0.07917846739292145,0.0010430404217913747,1.0,68,-0.031843073666095734,0.053860943764448166,0.025290852412581444,0.02717536874115467,0.0670742392539978,0.0008255394641309977,1.0,0.0771804079413414,0.049665745347738266,0.07917846739292145,0.06369487941265106,0.0670742392539978,0.053860943764448166,1.0
1790268580.8643122,33.159857511520386,662,0,16,0.12797164916992188,-0.03241443634033203,0.17881977558135986,0.0941670686006546,0.1490747630596161,0.008539851754903793,1.0,13,0.018111009150743484,0.003556471550837159,0.030334219336509705,0.08892618119716644,0.06289199739694595,0.010885276831686497,1.0,39,0.018374711275100708,0.012174165807664394,0.025478828698396683,0.019801076501607895,0.03408437594771385,0.000809339398983866,1.0,68,0.04623929038643837,0.002205455908551812,0.10097150504589081,0.05266561359167099,0.06049811840057373,0.0030533839017152786,1.0,0.10598338022828102,-0.014428982394747436,0.03408437594771385,0.012174165807664394,0.06049811840057373,0.002205455908551812,1.0
1790268580.9124744,33.208019733428955,663,0,16,0.10523509979248047,-0.01706409454345703,0.10740131139755249,0.027144724503159523,0.11024852097034454,0.007804268039762974,1.0,13,0.05806791037321091,-0.02731557935476303,0.046372540295124054,0.06324224919080734,0.0859515517950058,0.005605315789580345,1.0,39,0.04049995541572571,-0.015557313337922096,0.025056323036551476,0.014438560232520103,0.046568673104047775,0.0006590734119527042,1.0,68,0.06365877389907837,-0.016101613640785217,0.062267325818538666,0.022990304976701736,0.0698172003030777,0.002610074123367667,1.0,0.09810003638267517,-0.02218983694911003,0.046568673104047775,-0.015557313337922096,0.0698172003030777,-0.016101613640785217,1.0
1790268580.964384,33.25992941856384,664,0,16,0.12564849853515625,-0.05191516876220703,0.08493321388959885,0.05783448368310928,0.15688930451869965,0.004047155845910311,1.0,13,0.08123075217008591,-0.03192842751741409,0.05901748687028885,0.03009885922074318,0.09448789805173874,0.002037812490016222,1.0,39,0.07877565175294876,-0.02523569017648697,0.04770767316222191,0.026781132444739342,0.08769956976175308,0.001103365095332265,1.0,68,0.09633299708366394,-0.03417946398258209,0.05490903556346893,0.03357882425189018,0.10672823339700699,0.0016518490156158805,1.0,0.1256886012852192,-0.04192179813981056,0.08769956976175308,-0.02523569017648697,0.10672823339700699,-0.03417946398258209,1.0
1790268581.0163858,33.311931133270264,665,0,16,0.02989959716796875,-0.052962303161621094,0.08275466412305832,0.06260653585195541,0.10571802407503128,0.01013541966676712,1.0,13,0.05865713208913803,-0.006068303249776363,0.04510849341750145,0.044788654893636703,0.07984963804483414,0.0024955531116575003,1.0,39,0.09489010274410248,-0.01046361681073904,0.040922604501247406,0.025433532893657684,0.09892407059669495,0.0009705470874905586,1.0,68,0.08561639487743378,-0.014708463102579117,0.058145053684711456,0.04069661721587181,0.10416019707918167,0.0023270295932888985,1.0,0.09278383105993271,-0.02951530320569873,0.09892407059669495,-0.01046361681073904,0.10416019707918167,-0.014708463102579117,1.0
1790268581.0643604,33.35990571975708,666,0,16,0.02660846710205078,-0.038910865783691406,0.07977953553199768,0.03851165995001793,0.09513136744499207,0.005726723000407219,1.0,13,0.07329383492469788,0.022193321958184242,0.024395018815994263,0.056628189980983734,0.09181443601846695,0.0020981314592063427,1.0,39,0.06747240573167801,0.00968189723789692,0.038024526089429855,0.01977403461933136,0.07320612668991089,0.0010999178048223257,1.0,68,0.06223297119140625,-0.005726758390665054,0.04546474292874336,0.030709853395819664,0.07750727981328964,0.0018319677328690886,1.0,0.09347290173172951,-0.008358771912753582,0.07320612668991089,0.00968189723789692,0.07750727981328964,-0.005726758390665054,1.0
1790268581.1163828,33.41192817687988,667,0,16,0.05797863006591797,-0.012246131896972656,0.028862837702035904,0.021102556958794594,0.06551657617092133,0.0019528173143044114,1.0,13,0.05498563498258591,0.008642343804240227,0.0394153855741024,0.04777703061699867,0.07801099121570587,0.001875764224678278,1.0,39,0.12801223993301392,0.04354310780763626,0.05810299515724182,0.03325095400214195,0.14055591821670532,0.000997523427940905,1.0,68,0.09980998188257217,0.02486846037209034,0.053639695048332214,0.03778252378106117,0.10890287160873413,0.0010007033124566078,1.0,0.0717637836933136,-0.0018018940463662148,0.14055591821670532,0.04354310780763626,0.10890287160873413,0.02486846037209034,1.0
1790268581.1643803,33.45992565155029,668,0,16,0.08291244506835938,-0.005829811096191406,0.017501184716820717,0.01731269806623459,0.08505699038505554,0.001111103454604745,1.0,13,0.08440223336219788,0.010961679741740227,0.021744929254055023,0.029496783390641212,0.09026122093200684,0.0014963385183364153,1.0,39,0.1436951458454132,0.0567626953125,0.04219614341855049,0.024124229326844215,0.15758107602596283,0.0014445279957726598,1.0,68,0.1212066188454628,0.030146094039082527,0.054328542202711105,0.03580046817660332,0.1293414980173111,0.0009552533156238496,1.0,0.08765910565853119,0.0025659343227744102,0.15758107602596283,0.0567626953125,0.1293414980173111,0.030146094039082527,1.0
1790268581.2163637,33.51190900802612,669,0,16,0.09602546691894531,0.005507469177246094,0.028598565608263016,0.025873836129903793,0.09926173835992813,0.0011520696571096778,1.0,13,0.07566951215267181,0.017037024721503258,0.02629157342016697,0.06165403872728348,0.10000753402709961,0.001697929692454636,1.0,39,0.08167129755020142,0.05947915092110634,0.04197917878627777,0.021086055785417557,0.10671670734882355,0.0008135873358696699,1.0,68,0.08457902073860168,0.021421320736408234,0.03591769561171532,0.04032910242676735,0.09651067107915878,0.0009578478639014065,1.0,0.09963463619351387,0.011272246949374676,0.10671670734882355,0.05947915092110634,0.09651067107915878,0.021421320736408234,1.0
1790268581.2681272,33.56367254257202,670,0,16,0.057778358459472656,-0.018777847290039062,0.016332993283867836,0.01588478311896324,0.0626528263092041,0.0009703063988126814,1.0,13,0.07463426142930984,0.04091937839984894,0.018456825986504555,0.04520463943481445,0.09357508271932602,0.0016701157437637448,1.0,39,0.056315887719392776,0.053732845932245255,0.021300718188285828,0.030034836381673813,0.08363229036331177,0.0010953090386465192,1.0,68,0.06818008422851562,0.016173195093870163,0.023937948048114777,0.03475038334727287,0.07803335040807724,0.0007563550607301295,1.0,0.07811395451426506,0.011070765554904938,0.08363229036331177,0.053732845932245255,0.07803335040807724,0.016173195093870163,1.0
1790268581.3160806,33.6116259098053,671,0,16,0.05064201354980469,-0.020400047302246094,0.024684526026248932,0.014021649956703186,0.05750884488224983,0.0007304656319320202,1.0,13,0.06521841138601303,-0.0010223388671875,0.018663674592971802,0.021336596459150314,0.06830055266618729,0.002233075210824609,1.0,39,0.050938140600919724,0.04120616242289543,0.02382475882768631,0.021633682772517204,0.07079021632671356,0.0010740435682237148,1.0,68,0.05835476890206337,0.009675418958067894,0.022692615166306496,0.031168866902589798,0.06722038984298706,0.0009245573310181499,1.0,0.06290469877421856,-0.010711193084716797,0.07079021632671356,0.04120616242289543,0.06722038984298706,0.009675418958067894,1.0
1790268581.3683548,33.66390013694763,672,0,16,0.033138275146484375,-0.03643226623535156,0.013253443874418736,0.011619619093835354,0.051016803830862045,0.0005854477058164775,1.0,13,0.06088022142648697,1.1737530485333991e-06,0.034729890525341034,0.04058023914694786,0.07383281737565994,0.0016056961612775922,1.0,39,0.031441714614629745,0.03839894011616707,0.026896262541413307,0.03027884103357792,0.05991503968834877,0.0011485121212899685,1.0,68,0.03919197618961334,0.009640300646424294,0.016557661816477776,0.03270944952964783,0.05166088044643402,0.0006976781878620386,1.0,0.062424810603260994,-0.018215546241151515,0.05991503968834877,0.03839894011616707,0.05166088044643402,0.009640300646424294,1.0
1790268581.4163868,33.71193218231201,673,0,16,0.021627426147460938,-0.010783195495605469,0.01259671337902546,0.012819914147257805,0.027065016329288483,0.0007834123680368066,1.0,13,0.040055494755506516,-0.007901704870164394,0.026876145973801613,0.04238256439566612,0.06175851449370384,0.0014892463805153966,1.0,39,0.01810983568429947,0.052595481276512146,0.02424006164073944,0.021578025072813034,0.06086493656039238,0.0008021643734537065,1.0,68,0.0312865749001503,0.029414121061563492,0.022653106600046158,0.03772004693746567,0.05512744560837746,0.0007602698169648647,1.0,0.04441176541149616,-0.009342450182884932,0.06086493656039238,0.052595481276512146,0.05512744560837746,0.029414121061563492,1.0
1790268581.468406,33.76395130157471,674,0,16,0.024010658264160156,0.05050182342529297,0.016500350087881088,0.03472324460744858,0.0637468546628952,0.0006585547234863043,1.0,13,0.02419809252023697,0.05919823423027992,0.02520088106393814,0.020099584013223648,0.06853707134723663,0.0017476702341809869,1.0,39,0.004600329324603081,0.18643932044506073,0.07642573118209839,0.07198294997215271,0.19667036831378937,0.003237590892240405,1.0,68,0.02167668007314205,0.10520542412996292,0.03767348825931549,0.08217072486877441,0.11743086576461792,0.00156211422290653,1.0,0.06614196300506592,0.054850028827786446,0.19667036831378937,0.18643932044506073,0.11743086576461792,0.10520542412996292,1.0
1790268581.5204432,33.815988540649414,675,1,16,0.0038423538208007812,0.09185600280761719,0.02225775085389614,0.024245109409093857,0.09457368403673172,0.0008902709232643247,1.0,13,0.040435791015625,0.09313612431287766,0.018161553889513016,0.03577672690153122,0.10285908728837967,0.0016520003555342555,1.0,39,0.07362913340330124,0.33048775792121887,0.06772491335868835,0.10725651681423187,0.34457048773765564,0.005946160294115543,1.0,68,0.03946932777762413,0.2049700766801834,0.048733171075582504,0.14639073610305786,0.21433517336845398,0.003188233356922865,1.0,0.0987163856625557,0.09249606356024742,0.34457048773765564,0.33048775792121887,0.21433517336845398,0.2049700766801834,1.0
1790268581.5683377,33.86388301849365,676,0,16,-0.057407379150390625,0.16718482971191406,0.0322590246796608,0.05963350459933281,0.17837642133235931,0.0013728381600230932,1.0,13,0.0012629582779482007,0.10674931108951569,0.028400948271155357,0.03127661347389221,0.10996536165475845,0.0015365106519311666,1.0,39,-0.026767829433083534,0.3218168616294861,0.08301466703414917,0.09049314260482788,0.3307144343852997,0.005603604018688202,1.0,68,-0.014808879233896732,0.21387818455696106,0.055074334144592285,0.12471016496419907,0.22390083968639374,0.0025686684530228376,1.0,0.14417089149355888,0.13696707040071487,0.3307144343852997,0.3218168616294861,0.22390083968639374,0.21387818455696106,1.0
1790268581.6203399,33.91588521003723,677,0,16,-0.16718578338623047,0.32099151611328125,0.04263349249958992,0.12641490995883942,0.3671165108680725,0.004020649008452892,1.0,13,-0.062269944697618484,0.16087692975997925,0.03496891260147095,0.0915413424372673,0.17812833189964294,0.005115954205393791,1.0,39,-0.02018463984131813,0.45256471633911133,0.06730486452579498,0.08836894482374191,0.45735079050064087,0.0072652497328817844,1.0,68,-0.057016484439373016,0.341866672039032,0.09338554739952087,0.19445371627807617,0.3654267489910126,0.00300299352966249,1.0,0.2726224213838577,0.24093422293663025,0.45735079050064087,0.45256471633911133,0.3654267489910126,0.341866672039032,1.0
1790268581.668343,33.96388840675354,678,0,16,-0.44060802459716797,0.6729869842529297,0.06758579611778259,0.20604950189590454,0.8153895139694214,0.004466671030968428,1.0,13,-0.2246164232492447,0.34142011404037476,0.08560629934072495,0.11112001538276672,0.4116218388080597,0.010431445203721523,1.0,39,-0.1614755541086197,0.8978279232978821,0.10826560109853745,0.1593560129404068,0.9185898900032043,0.008856682106852531,1.0,68,-0.19723914563655853,0.6327037811279297,0.19812484085559845,0.33674880862236023,0.7110748291015625,0.005066110752522945,1.0,0.6135056763887405,0.5072035491466522,0.9185898900032043,0.8978279232978821,0.7110748291015625,0.6327037811279297,1.0
1790268581.7203734,34.01591873168945,679,0,16,-0.6608648300170898,1.0096492767333984,0.10950200259685516,0.2989521026611328,1.218280553817749,0.007467577699571848,1.0,13,-0.5780991911888123,0.6087963581085205,0.2058008313179016,0.24874219298362732,0.8600646257400513,0.025311758741736412,1.0,39,-0.2542470395565033,1.1263294219970703,0.15923906862735748,0.14828649163246155,1.1651464700698853,0.0066809807904064655,1.0,68,-0.31333720684051514,0.8851112127304077,0.28690120577812195,0.43520843982696533,1.0055797100067139,0.005627565085887909,1.0,1.0391725897789001,0.8092228174209595,1.1651464700698853,1.1263294219970703,1.0055797100067139,0.8851112127304077,1.0
1790268581.7723053,34.0678505897522,680,0,16,-0.8188972473144531,1.1196098327636719,0.15556597709655762,0.33042824268341064,1.395644187927246,0.00429186224937439,1.0,13,-0.5888437032699585,0.7527641654014587,0.14989438652992249,0.25442811846733093,0.9612704515457153,0.01703055389225483,1.0,39,-0.3485890030860901,1.2827516794204712,0.1806236356496811,0.19447603821754456,1.3390848636627197,0.009246456436812878,1.0,68,-0.4180232882499695,0.991128146648407,0.33239519596099854,0.5078219175338745,1.155336618423462,0.006105454638600349,1.0,1.1784573197364807,0.9361869990825653,1.3390848636627197,1.2827516794204712,1.155336618423462,0.991128146648407,1.0
1790268581.820366,34.11591124534607,681,0,16,-0.6927356719970703,1.1246862411499023,0.07430076599121094,0.3653143644332886,1.33962082862854,0.007800792343914509,1.0,13,-0.6410874724388123,0.690169095993042,0.1888446807861328,0.2520114481449127,0.9483123421669006,0.02007357031106949,1.0,39,-0.22275054454803467,1.2490633726119995,0.13000929355621338,0.18966318666934967,1.2751902341842651,0.008194278925657272,1.0,68,-0.3233911991119385,0.933631420135498,0.3161502480506897,0.5130998492240906,1.0684666633605957,0.006803300231695175,1.0,1.1439665853977203,0.9074276685714722,1.2751902341842651,1.2490633726119995,1.0684666633605957,0.933631420135498,1.0
1790268581.8721628,34.16770815849304,682,0,16,-0.6682004928588867,0.8487091064453125,0.17949174344539642,0.20463697612285614,1.0937272310256958,0.006500083953142166,1.0,13,-0.5699697732925415,0.43055373430252075,0.18380185961723328,0.34222060441970825,0.7527214884757996,0.014007413759827614,1.0,39,-0.24767009913921356,0.9096460342407227,0.15912416577339172,0.14536325633525848,0.9544937014579773,0.006554983556270599,1.0,68,-0.313925564289093,0.7164759635925293,0.3284466862678528,0.3947601318359375,0.8642005920410156,0.0058318860828876495,1.0,0.9232243597507477,0.6396314203739166,0.9544937014579773,0.9096460342407227,0.8642005920410156,0.7164759635925293,1.0
1790268581.920267,34.21581244468689,683,0,16,-0.6539640426635742,0.8022489547729492,0.13125242292881012,0.32252106070518494,1.0538113117218018,0.0071324934251606464,1.0,13,-0.5716294646263123,0.46282958984375,0.16255882382392883,0.26859620213508606,0.7602056860923767,0.014602292329072952,1.0,39,-0.2074991911649704,0.7744430303573608,0.15020263195037842,0.1682518571615219,0.8180994391441345,0.0073877135291695595,1.0,68,-0.29293733835220337,0.5842893123626709,0.2993186116218567,0.402377724647522,0.7451370358467102,0.004824204370379448,1.0,0.9070084989070892,0.6325392723083496,0.8180994391441345,0.7744430303573608,0.7451370358467102,0.5842893123626709,1.0
1790268581.9721096,34.26765489578247,684,0,16,-0.40082550048828125,0.5477352142333984,0.07421743124723434,0.13949033617973328,0.6852501630783081,0.007584457751363516,1.0,13,-0.321258544921875,0.2615896463394165,0.17099270224571228,0.1890135407447815,0.44609150290489197,0.018030131235718727,1.0,39,-0.08548599481582642,0.479653000831604,0.12942031025886536,0.1272606998682022,0.5034334659576416,0.004075618926435709,1.0,68,-0.16568778455257416,0.37460753321647644,0.23629023134708405,0.3007164001464844,0.4962179660797119,0.005023355130106211,1.0,0.5656708329916,0.40466243028640747,0.5034334659576416,0.479653000831604,0.4962179660797119,0.37460753321647644,1.0
1790268582.0244398,34.319985151290894,685,0,16,-0.04681587219238281,0.19411277770996094,0.18943023681640625,0.13346920907497406,0.28118330240249634,0.04383566975593567,1.0,13,-0.288970947265625,0.010053194127976894,0.12928041815757751,0.26140230894088745,0.37828153371810913,0.01342157181352377,1.0,39,-0.07059654593467712,0.062287550419569016,0.0733257606625557,0.03900792822241783,0.10874897241592407,0.0018163931090384722,1.0,68,-0.06015889719128609,0.06122342124581337,0.12662926316261292,0.11615714430809021,0.1492529809474945,0.008334810845553875,1.0,0.32973241806030273,0.10208298591896892,0.10874897241592407,0.062287550419569016,0.1492529809474945,0.06122342124581337,1.0
1790268582.0723708,34.367916107177734,686,0,16,0.07463264465332031,0.14788055419921875,0.1732226312160492,0.11376509815454483,0.22401320934295654,0.016980204731225967,1.0,13,-0.17625309526920319,0.03872915357351303,0.059649500995874405,0.09708032011985779,0.2062351554632187,0.004986404906958342,1.0,39,-0.02462729439139366,0.057524070143699646,0.03952120617032051,0.025820832699537277,0.07214664667844772,0.001236473093740642,1.0,68,-0.010115230455994606,0.03524937480688095,0.11595095694065094,0.10933130234479904,0.11436311900615692,0.004780173767358065,1.0,0.21512418240308762,0.09330485388636589,0.07214664667844772,0.057524070143699646,0.11436311900615692,0.03524937480688095,1.0
1790268582.1245127,34.42005801200867,687,0,16,0.018166542053222656,0.15854454040527344,0.04388856142759323,0.10720234364271164,0.17887574434280396,0.0028417103458195925,1.0,13,-0.07460843771696091,0.05887897312641144,0.041205599904060364,0.07514572143554688,0.11660341918468475,0.0048430683091282845,1.0,39,0.22198055684566498,0.2098419964313507,0.16624318063259125,0.08445990830659866,0.31998586654663086,0.0036538750864565372,1.0,68,0.13419364392757416,0.12022220343351364,0.16706565022468567,0.17342567443847656,0.2630966603755951,0.0030441058333963156,1.0,0.14773958176374435,0.10871175676584244,0.31998586654663086,0.2098419964313507,0.2630966603755951,0.12022220343351364,1.0
1790268582.1723022,34.4678475856781,688,0,16,-0.10237979888916016,0.03381061553955078,0.16195473074913025,0.08633935451507568,0.17339937388896942,0.03357252478599548,1.0,13,0.04113065451383591,0.023545484989881516,0.10201341658830643,0.06515266001224518,0.09448858350515366,0.004916954319924116,1.0,39,0.3177826702594757,0.06476299464702606,0.10619553178548813,0.06742066890001297,0.3314147889614105,0.003423156216740608,1.0,68,0.22724869847297668,-0.0019829694647341967,0.2442595213651657,0.11756692826747894,0.3168829083442688,0.008320057764649391,1.0,0.13394397869706154,0.02867805026471615,0.3314147889614105,0.06476299464702606,0.3168829083442688,-0.0019829694647341967,1.0
1790268582.2242494,34.51979470252991,689,0,16,-0.07568168640136719,-0.15514278411865234,0.43110647797584534,0.14392542839050293,0.3940149247646332,0.06063321232795715,1.0,13,0.06134267896413803,-0.06328993290662766,0.04637350142002106,0.0586126372218132,0.09504275768995285,0.0028740253765136003,1.0,39,0.16392399370670319,-0.13445770740509033,0.06209765747189522,0.047840263694524765,0.215460404753685,0.0019042413914576173,1.0,68,0.14479805529117584,-0.16711492836475372,0.22538545727729797,0.09787140786647797,0.287249892950058,0.009128883481025696,1.0,0.24452884122729301,-0.10921635851264,0.215460404753685,-0.13445770740509033,0.287249892950058,-0.16711492836475372,1.0
1790268582.2762856,34.5718309879303,690,1,16,0.13846206665039062,-0.7708501815795898,0.310124009847641,0.1822948306798935,0.8470317125320435,0.02750159054994583,1.0,13,0.1271596997976303,-0.3387686014175415,0.15016873180866241,0.19946086406707764,0.3877321779727936,0.011886185966432095,1.0,39,0.35716676712036133,-0.8831364512443542,0.1255037784576416,0.2157856971025467,0.9556184411048889,0.007490812335163355,1.0,68,0.29325979948043823,-0.7292680144309998,0.1723295897245407,0.30922359228134155,0.8136054277420044,0.009894512593746185,1.0,0.6173819452524185,-0.5548093914985657,0.9556184411048889,-0.8831364512443542,0.8136054277420044,-0.7292680144309998,1.0
1790268582.324357,34.61990237236023,691,0,16,0.4266223907470703,-1.1882200241088867,0.21090459823608398,0.26941338181495667,1.287083625793457,0.008914008736610413,1.0,13,0.43968552350997925,-0.9402782917022705,0.19803375005722046,0.23561707139015198,1.0456483364105225,0.026207996532320976,1.0,39,0.3846122622489929,-1.3612209558486938,0.10428131371736526,0.15725763142108917,1.4168570041656494,0.008440447971224785,1.0,68,0.40436306595802307,-1.0738729238510132,0.1556195765733719,0.3793531656265259,1.1707563400268555,0.006419914308935404,1.0,1.1663659811019897,-1.0642491579055786,1.4168570041656494,-1.3612209558486938,1.1707563400268555,-1.0738729238510132,1.0
1790268582.376411,34.671956300735474,692,0,16,0.6489715576171875,-1.3722867965698242,0.06717292964458466,0.20841160416603088,1.5238333940505981,0.006547561846673489,1.0,13,0.48091477155685425,-0.9006887674331665,0.28940850496292114,0.25778964161872864,1.057819128036499,0.026135096326470375,1.0,39,0.501653790473938,-1.5717840194702148,0.10729946196079254,0.11707022041082382,1.652194857597351,0.008978006429970264,1.0,68,0.5509390234947205,-1.313618779182434,0.17761392891407013,0.4330320358276367,1.4464114904403687,0.00770077109336853,1.0,1.2908262610435486,-1.1364877820014954,1.652194857597351,-1.5717840194702148,1.4464114904403687,-1.313618779182434,1.0
1790268582.4245288,34.72007417678833,693,0,16,0.8771934509277344,-1.3717765808105469,0.11353494226932526,0.25484761595726013,1.6378870010375977,0.005788180977106094,1.0,13,0.7931025624275208,-1.323128342628479,0.37509506940841675,0.21495427191257477,1.5748653411865234,0.03265383467078209,1.0,39,0.6141897439956665,-1.5874810218811035,0.10578476637601852,0.12982583045959473,1.7041481733322144,0.00976548157632351,1.0,68,0.669788122177124,-1.3251080513000488,0.24155451357364655,0.44815221428871155,1.5134363174438477,0.007064519915729761,1.0,1.6063761711120605,-1.347452461719513,1.7041481733322144,-1.5874810218811035,1.5134363174438477,-1.3251080513000488,1.0
1790268582.4763494,34.771894693374634,694,0,16,0.9210739135742188,-1.3979225158691406,0.069693423807621,0.278296560049057,1.6845531463623047,0.006507029291242361,1.0,13,0.660905122756958,-1.1740792989730835,0.23158064484596252,0.2780323326587677,1.3554307222366333,0.025170546025037766,1.0,39,0.7493759393692017,-1.6402239799499512,0.12223070114850998,0.13781701028347015,1.805165410041809,0.009586895816028118,1.0,68,0.7534475922584534,-1.340714454650879,0.22820015251636505,0.442586749792099,1.564215898513794,0.007449835538864136,1.0,1.519991934299469,-1.286000907421112,1.805165410041809,-1.6402239799499512,1.564215898513794,-1.340714454650879,1.0
1790268582.5281162,34.82366156578064,695,0,16,1.0562734603881836,-1.5130634307861328,0.09415917098522186,0.3311954736709595,1.8586726188659668,0.005250790622085333,1.0,13,0.738145112991333,-1.2831984758377075,0.32288259267807007,0.19326479732990265,1.4987860918045044,0.027399156242609024,1.0,39,0.6602125763893127,-1.8508328199386597,0.1413542628288269,0.11703844368457794,1.9684473276138306,0.01512735802680254,1.0,68,0.7633155584335327,-1.5100469589233398,0.2756139934062958,0.5302572846412659,1.7295351028442383,0.007896880619227886,1.0,1.6787293553352356,-1.3981309533119202,1.9684473276138306,-1.8508328199386597,1.7295351028442383,-1.5100469589233398,1.0
1790268582.5759997,34.87154507637024,696,0,16,1.1958770751953125,-1.714752197265625,0.12688978016376495,0.33916887640953064,2.1010725498199463,0.006447596475481987,1.0,13,0.8069082498550415,-1.6306833028793335,0.1881399005651474,0.3348821699619293,1.8269257545471191,0.036642663180828094,1.0,39,0.7605418562889099,-2.240267515182495,0.14780455827713013,0.18260425329208374,2.368119955062866,0.01124894805252552,1.0,68,0.8295922875404358,-1.7386693954467773,0.31241846084594727,0.6692913770675659,1.97495698928833,0.009330399334430695,1.0,1.9639991521835327,-1.6727177500724792,2.368119955062866,-2.240267515182495,1.97495698928833,-1.7386693954467773,1.0
1790268582.628351,34.92389631271362,697,0,16,1.2620315551757812,-2.082797050476074,0.08144872635602951,0.5315931439399719,2.4523231983184814,0.008187182247638702,1.0,13,0.9693040251731873,-1.9693650007247925,0.4156325161457062,0.3331183195114136,2.2097105979919434,0.018753986805677414,1.0,39,0.9153156876564026,-2.767202854156494,0.0947730764746666,0.17486904561519623,2.916494607925415,0.01657782308757305,1.0,68,0.9693466424942017,-2.096433639526367,0.33757874369621277,0.8549566864967346,2.363929033279419,0.013192902319133282,1.0,2.3310168981552124,-2.0260810256004333,2.916494607925415,-2.767202854156494,2.363929033279419,-2.096433639526367,1.0
1790268582.6764297,34.97197508811951,698,0,16,1.5103120803833008,-2.3181772232055664,0.12732110917568207,0.7586997151374817,2.8046951293945312,0.01808289811015129,1.0,13,0.94866943359375,-2.2200140953063965,0.3396984934806824,0.487428218126297,2.423736810684204,0.023379473015666008,1.0,39,1.1135019063949585,-3.210338830947876,0.14951053261756897,0.189965158700943,3.3996315002441406,0.01431259699165821,1.0,68,1.1198813915252686,-2.4005179405212402,0.3928455412387848,1.0607644319534302,2.713503837585449,0.017694851383566856,1.0,2.6142159700393677,-2.2690956592559814,3.3996315002441406,-3.210338830947876,2.713503837585449,-2.4005179405212402,1.0
1790268582.7283645,35.0239098072052,699,0,16,1.531393051147461,-2.0486268997192383,0.17911554872989655,0.7392464280128479,2.597407579421997,0.00998390931636095,1.0,13,1.019054651260376,-2.0292065143585205,0.419481486082077,0.4598305821418762,2.289748430252075,0.0405757874250412,1.0,39,1.3433184623718262,-2.9720563888549805,0.1532019078731537,0.19449788331985474,3.2629902362823486,0.008824767544865608,1.0,68,1.2899436950683594,-2.2192296981811523,0.39490461349487305,0.969891369342804,2.6201722621917725,0.01414142269641161,1.0,2.443578004837036,-2.0389167070388794,3.2629902362823486,-2.9720563888549805,2.6201722621917725,-2.2192296981811523,1.0
1790268582.7802863,35.07583165168762,700,0,16,1.3951807022094727,-1.3891105651855469,0.15142183005809784,0.5537149310112,2.014674425125122,0.013901105150580406,1.0,13,0.9881004691123962,-1.225905179977417,0.32003453373908997,0.18816159665584564,1.5832852125167847,0.03172846511006355,1.0,39,1.308263897895813,-2.0496654510498047,0.12988632917404175,0.1333806812763214,2.4339888095855713,0.011479481123387814,1.0,68,1.1979491710662842,-1.5306859016418457,0.3674888014793396,0.6764235496520996,1.9813090562820435,0.012003611773252487,1.0,1.7989798188209534,-1.307507872581482,2.4339888095855713,-2.0496654510498047,1.9813090562820435,-1.5306859016418457,1.0
1790268582.8283937,35.123939037323,701,0,16,0.9928007125854492,-0.46815013885498047,0.08948776870965958,0.10930342972278595,1.1003928184509277,0.009729143232107162,1.0,13,0.5766507387161255,-0.36146074533462524,0.0738338902592659,0.07244419306516647,0.6838263869285583,0.014703490771353245,1.0,39,0.7445353865623474,-0.6133896112442017,0.16776908934116364,0.11354657262563705,0.9684829711914062,0.006745659280568361,1.0,68,0.8135627508163452,-0.5569556951522827,0.24648134410381317,0.18657967448234558,1.0014574527740479,0.008352681063115597,1.0,0.892109602689743,-0.41480544209480286,0.9684829711914062,-0.6133896112442017,1.0014574527740479,-0.5569556951522827,1.0
1790268582.8804297,35.17597508430481,702,0,16,0.7051944732666016,-0.08281135559082031,0.1430986076593399,0.06600368767976761,0.7127443552017212,0.0056977043859660625,1.0,13,0.4350726902484894,-0.08122135698795319,0.10646927356719971,0.10981746762990952,0.4547859728336334,0.011412099935114384,1.0,39,0.4190177023410797,-0.10182268172502518,0.1881180703639984,0.09235819429159164,0.436449259519577,0.004361667204648256,1.0,68,0.5113610625267029,-0.11760767549276352,0.1794952154159546,0.1264662891626358,0.5375850200653076,0.005285759922116995,1.0,0.5837651640176773,-0.08201635628938675,0.436449259519577,-0.10182268172502518,0.5375850200653076,-0.11760767549276352,1.0
1790268582.9283607,35.22390604019165,703,0,16,0.6656217575073242,-0.02267932891845703,0.08820149302482605,0.0644468143582344,0.6686519384384155,0.0036788261495530605,1.0,13,0.5927781462669373,0.0019496037857607007,0.14675848186016083,0.12122543901205063,0.6048298478126526,0.010684195905923843,1.0,39,0.3818472921848297,-0.012316581793129444,0.09593596309423447,0.07003352791070938,0.3880666196346283,0.003151840064674616,1.0,68,0.47610607743263245,-0.0500015914440155,0.16767503321170807,0.0980682224035263,0.4900858402252197,0.004543235991150141,1.0,0.6367408931255341,-0.010364862566348165,0.3880666196346283,-0.012316581793129444,0.4900858402252197,-0.0500015914440155,1.0
1790268582.9804204,35.27596569061279,704,0,16,0.7177162170410156,-0.14060115814208984,0.05361557379364967,0.03925037384033203,0.7324377298355103,0.004858395084738731,1.0,13,0.5815101265907288,0.013336181640625,0.056514620780944824,0.09845877438783646,0.5893805623054504,0.008698003366589546,1.0,39,0.4288909137248993,-0.17303818464279175,0.10198032855987549,0.11821708083152771,0.46964195370674133,0.0032209132332354784,1.0,68,0.5096157193183899,-0.17293144762516022,0.16615141928195953,0.1443217396736145,0.5576160550117493,0.0051405467092990875,1.0,0.6609091460704803,-0.06363248825073242,0.46964195370674133,-0.17303818464279175,0.5576160550117493,-0.17293144762516022,1.0
1790268583.0323114,35.32785677909851,705,1,16,0.7422628402709961,-0.41912174224853516,0.11523693799972534,0.11637941747903824,0.8635205030441284,0.006987967994064093,1.0,13,0.548933744430542,-0.13067978620529175,0.1295018047094345,0.08280817419290543,0.5685515403747559,0.009583402425050735,1.0,39,0.4104856848716736,-0.5394502282142639,0.17023806273937225,0.13777123391628265,0.6822949051856995,0.006969956215471029,1.0,68,0.4999627470970154,-0.45361068844795227,0.2243204563856125,0.21698275208473206,0.7088955044746399,0.0061339824460446835,1.0,0.7160360217094421,-0.27490076422691345,0.6822949051856995,-0.5394502282142639,0.7088955044746399,-0.45361068844795227,1.0
1790268583.0804055,35.37595081329346,706,0,16,0.7214498519897461,-0.8602094650268555,0.12474759668111801,0.21656106412410736,1.129780650138855,0.009110752493143082,1.0,13,0.5081529021263123,-0.4098275899887085,0.11398705095052719,0.1197555735707283,0.6593590974807739,0.021206077188253403,1.0,39,0.24184203147888184,-0.9835658669471741,0.16207192838191986,0.19710130989551544,1.0245013236999512,0.00933194812387228,1.0,68,0.34675082564353943,-0.7186641693115234,0.28591471910476685,0.3788943588733673,0.8728740811347961,0.0064100464805960655,1.0,0.8945698738098145,-0.635018527507782,1.0245013236999512,-0.9835658669471741,0.8728740811347961,-0.7186641693115234,1.0
1790268583.1320667,35.42761206626892,707,0,16,0.35982704162597656,-0.4943857192993164,0.12076766788959503,0.1113133355975151,0.6278092861175537,0.006247140467166901,1.0,13,0.33373552560806274,-0.3155048191547394,0.08440889418125153,0.2639347314834595,0.5272721648216248,0.014331603422760963,1.0,39,0.056766998022794724,-0.8329412937164307,0.07872071117162704,0.14742711186408997,0.8384156823158264,0.008443514816462994,1.0,68,0.1712285280227661,-0.5950274467468262,0.18386054039001465,0.3038654923439026,0.6798043251037598,0.005999433342367411,1.0,0.5775407254695892,-0.4049452692270279,0.8384156823158264,-0.8329412937164307,0.6798043251037598,-0.5950274467468262,1.0
1790268583.1799839,35.475529193878174,708,0,16,0.22486305236816406,-0.3403196334838867,0.061136987060308456,0.11471536755561829,0.4168599843978882,0.0044611007906496525,1.0,13,0.1651376634836197,-0.2987964451313019,0.11446110904216766,0.18436869978904724,0.3615930676460266,0.008061083033680916,1.0,39,-0.11800521612167358,-0.4124137759208679,0.12321984767913818,0.08521457761526108,0.4461846947669983,0.005146630574017763,1.0,68,0.031331006437540054,-0.32933661341667175,0.15764768421649933,0.18948768079280853,0.3826276659965515,0.004496046341955662,1.0,0.3892265260219574,-0.3195580393075943,0.4461846947669983,-0.4124137759208679,0.3826276659965515,-0.32933661341667175,1.0
1790268583.2322683,35.52781367301941,709,0,16,0.047089576721191406,-0.1410675048828125,0.02814696729183197,0.0355280302464962,0.15233837068080902,0.0015412329230457544,1.0,13,0.05976280942559242,-0.10964613407850266,0.06289126724004745,0.0436563603579998,0.143954798579216,0.004963812418282032,1.0,39,-0.016467753797769547,-0.1380685716867447,0.051778364926576614,0.048831261694431305,0.1462746262550354,0.002569218399003148,1.0,68,0.008777618408203125,-0.09940630197525024,0.05079656094312668,0.06954491138458252,0.12063950300216675,0.0013008270179852843,1.0,0.1481465846300125,-0.12535681948065758,0.1462746262550354,-0.1380685716867447,0.12063950300216675,-0.09940630197525024,1.0
1790268583.2843683,35.57991361618042,710,0,16,0.06998634338378906,0.00884246826171875,0.06166688725352287,0.03925417736172676,0.08240509033203125,0.0015258344355970621,1.0,13,0.025897685438394547,-0.027373094111680984,0.05632941052317619,0.04203321039676666,0.0714075043797493,0.002314535900950432,1.0,39,-0.006690783426165581,0.011079054325819016,0.02609998919069767,0.019529743120074272,0.031683556735515594,0.0007909222622402012,1.0,68,0.010551677085459232,0.010751388035714626,0.04303191974759102,0.029999379068613052,0.042284104973077774,0.0009457564447075129,1.0,0.07690629735589027,-0.009265312924981117,0.031683556735515594,0.011079054325819016,0.042284104973077774,0.010751388035714626,1.0
1790268583.3324475,35.62799286842346,711,0,16,0.9548740386962891,0.7046146392822266,1.258984088897705,0.6421834826469421,1.2586655616760254,0.2058345377445221,1.0,13,-0.024151142686605453,0.13344280421733856,0.15180811285972595,0.22391150891780853,0.19407886266708374,0.031338293105363846,1.0,39,-0.0001584566489327699,0.27876242995262146,0.05193287879228592,0.09385605156421661,0.2823972702026367,0.0032265097834169865,1.0,68,0.12431829422712326,0.29675236344337463,0.6134327054023743,0.34597983956336975,0.393294095993042,0.034686632454395294,1.0,0.7263722121715546,0.41902872174978256,0.2823972702026367,0.27876242995262146,0.393294095993042,0.29675236344337463,1.0
1790268583.3844333,35.67997860908508,712,0,16,-0.0968027114868164,0.49374961853027344,0.18429109454154968,0.21592256426811218,0.543117105960846,0.02862960658967495,1.0,13,-0.06344369798898697,0.2645510137081146,0.07951666414737701,0.18868568539619446,0.3017021417617798,0.014719279482960701,1.0,39,-0.14600861072540283,0.6832365393638611,0.14653640985488892,0.14844703674316406,0.7081878781318665,0.00790355447679758,1.0,68,-0.11218104511499405,0.4894505739212036,0.10867838561534882,0.2570000886917114,0.5212813019752502,0.008621236309409142,1.0,0.42240962386131287,0.37915031611919403,0.7081878781318665,0.6832365393638611,0.5212813019752502,0.4894505739212036,1.0
1790268583.4323573,35.72790265083313,713,0,16,-0.47371673583984375,0.6954536437988281,0.09030576050281525,0.1909710019826889,0.8570221066474915,0.004729224368929863,1.0,13,-0.14531062543392181,0.3831552267074585,0.13030286133289337,0.13067764043807983,0.43353208899497986,0.00904855877161026,1.0,39,-0.16493694484233856,0.817191481590271,0.11367875337600708,0.09944574534893036,0.8410147428512573,0.007337289862334728,1.0,68,-0.2692718505859375,0.6429049372673035,0.15253464877605438,0.2921808958053589,0.7324924468994141,0.005206768400967121,1.0,0.6452770978212357,0.5393044352531433,0.8410147428512573,0.817191481590271,0.7324924468994141,0.6429049372673035,1.0
1790268583.4843676,35.7799129486084,714,0,16,-0.6362199783325195,0.7965373992919922,0.14526814222335815,0.18997803330421448,1.0251185894012451,0.005799197591841221,1.0,13,-0.39395612478256226,0.5061598420143127,0.17538908123970032,0.18279480934143066,0.6506375670433044,0.012909302487969398,1.0,39,-0.40526559948921204,1.0132105350494385,0.12748177349567413,0.08763682097196579,1.0958925485610962,0.005465508438646793,1.0,68,-0.3983405530452728,0.7547271847724915,0.19305643439292908,0.33949926495552063,0.8795185089111328,0.0059768445789813995,1.0,0.8378780782222748,0.6513486206531525,1.0958925485610962,1.0132105350494385,0.8795185089111328,0.7547271847724915,1.0
1790268583.536454,35.8319993019104,715,0,16,-0.5842533111572266,0.634765625,0.06605855375528336,0.16025249660015106,0.8694628477096558,0.007889531552791595,1.0,13,-0.4479910135269165,0.3713367283344269,0.06652818620204926,0.1276445835828781,0.5929931402206421,0.016185792163014412,1.0,39,-0.3080201745033264,0.5756433010101318,0.14626529812812805,0.1493786722421646,0.6616135239601135,0.005903773475438356,1.0,68,-0.3910271227359772,0.5878640413284302,0.1837589293718338,0.24844519793987274,0.7274395823478699,0.005644467193633318,1.0,0.7312279939651489,0.5030511766672134,0.6616135239601135,0.5756433010101318,0.7274395823478699,0.5878640413284302,1.0
1790268583.5843742,35.87991952896118,716,0,16,-0.6669406890869141,0.6066122055053711,0.09725204110145569,0.19497612118721008,0.9086909890174866,0.0067348843440413475,1.0,13,-0.48025748133659363,0.34654000401496887,0.12568935751914978,0.1268533319234848,0.5970208048820496,0.018957840278744698,1.0,39,-0.2981332540512085,0.33042046427726746,0.11209060251712799,0.151492178440094,0.4533672332763672,0.005652148742228746,1.0,68,-0.4357975125312805,0.42248961329460144,0.19104349613189697,0.23403453826904297,0.6254118084907532,0.005468535702675581,1.0,0.7528558969497681,0.47657610476017,0.4533672332763672,0.33042046427726746,0.6254118084907532,0.42248961329460144,1.0
1790268583.6364841,35.932029485702515,717,0,16,-0.7969236373901367,0.49021053314208984,0.16272194683551788,0.2977096438407898,0.9549010396003723,0.006543235387653112,1.0,13,-0.644881010055542,0.18451984226703644,0.09458404034376144,0.16432662308216095,0.68879234790802,0.009712361730635166,1.0,39,-0.4016316831111908,0.18953998386859894,0.18523159623146057,0.17390798032283783,0.45780113339424133,0.004806824494153261,1.0,68,-0.570367693901062,0.3976549208164215,0.2398061901330948,0.3334324359893799,0.7273871898651123,0.007322688587009907,1.0,0.8218466937541962,0.33736518770456314,0.45780113339424133,0.18953998386859894,0.7273871898651123,0.3976549208164215,1.0
1790268583.684366,35.97991132736206,718,0,16,-0.9918308258056641,0.6459827423095703,0.24931153655052185,0.20113764703273773,1.193501353263855,0.013879239559173584,1.0,13,-0.8331111073493958,0.30271440744400024,0.20929065346717834,0.19358378648757935,0.9123862385749817,0.023060429841279984,1.0,39,-0.6483831405639648,0.47417742013931274,0.21471738815307617,0.20744657516479492,0.8172035813331604,0.00479238573461771,1.0,68,-0.7310961484909058,0.5530155301094055,0.25153666734695435,0.2653998136520386,0.9412128329277039,0.00964414607733488,1.0,1.0529437959194183,0.4743485748767853,0.8172035813331604,0.47417742013931274,0.9412128329277039,0.5530155301094055,1.0
1790268583.7363956,36.031940937042236,719,0,16,-0.9996223449707031,0.4947681427001953,0.27434808015823364,0.13709226250648499,1.1322860717773438,0.02282017283141613,1.0,13,-0.540816068649292,0.35892778635025024,0.08135451376438141,0.152105912566185,0.6606947779655457,0.02479514293372631,1.0,39,-0.845131516456604,0.7626143097877502,0.10982320457696915,0.07438107579946518,1.140336275100708,0.00755050266161561,1.0,68,-0.8022313117980957,0.6671399474143982,0.23012112081050873,0.22631549835205078,1.064915657043457,0.010247335769236088,1.0,0.8964904248714447,0.4268479645252228,1.140336275100708,0.7626143097877502,1.064915657043457,0.6671399474143982,1.0
1790268583.7882826,36.08382797241211,720,1,16,-0.769465446472168,0.15009593963623047,0.10318280756473541,0.1691398322582245,0.8009301424026489,0.017407886683940887,1.0,13,-0.5091623067855835,0.19186636805534363,0.1929968297481537,0.07317188382148743,0.548875629901886,0.01040912140160799,1.0,39,-0.6167027354240417,0.29645830392837524,0.14325375854969025,0.09583713114261627,0.6888020038604736,0.004661212209612131,1.0,68,-0.598808765411377,0.25627124309539795,0.189289852976799,0.13997595012187958,0.6694572567939758,0.007454075384885073,1.0,0.6749028861522675,0.17098115384578705,0.6888020038604736,0.29645830392837524,0.6694572567939758,0.25627124309539795,1.0
1790268583.8360286,36.13157391548157,721,0,16,-0.5486698150634766,-0.14227008819580078,0.25470930337905884,0.1278187781572342,0.5727893114089966,0.042760178446769714,1.0,13,-0.31384512782096863,0.09534278512001038,0.12118696421384811,0.10756981372833252,0.35088688135147095,0.006782174576073885,1.0,39,-0.5693433880805969,0.1197967529296875,0.15924277901649475,0.0720294862985611,0.5873359441757202,0.004608380142599344,1.0,68,-0.5147032141685486,0.08623819053173065,0.19688495993614197,0.15212292969226837,0.5487183928489685,0.010257546789944172,1.0,0.46183809638023376,-0.023463651537895203,0.5873359441757202,0.1197967529296875,0.5487183928489685,0.08623819053173065,1.0
1790268583.888493,36.184038400650024,722,0,16,-0.5016107559204102,-0.28313255310058594,0.19606028497219086,0.17230165004730225,0.5819965600967407,0.02631942369043827,1.0,13,-0.32415771484375,-0.050159160047769547,0.13114643096923828,0.048866551369428635,0.3322547376155853,0.013895527459681034,1.0,39,-0.4127064347267151,-0.06450868397951126,0.12167087197303772,0.08967454731464386,0.4259335398674011,0.003153954166918993,1.0,68,-0.3894927203655243,-0.06534329801797867,0.16253729164600372,0.1604253351688385,0.4221513271331787,0.0059660510160028934,1.0,0.457125648856163,-0.16664585657417774,0.4259335398674011,-0.06450868397951126,0.4221513271331787,-0.06534329801797867,1.0
1790268583.9364262,36.23197150230408,723,0,16,-0.399749755859375,-0.4750518798828125,0.11926621943712234,0.36109328269958496,0.7043076753616333,0.008180104196071625,1.0,13,-0.27651742100715637,-0.38567763566970825,0.26883575320243835,0.3049773871898651,0.5087400078773499,0.027685917913913727,1.0,39,-0.25906842947006226,-0.5480057001113892,0.10732758790254593,0.20057322084903717,0.6160891056060791,0.009163676761090755,1.0,68,-0.2664009630680084,-0.3548882305622101,0.11871977895498276,0.36708545684814453,0.5190733075141907,0.0058576613664627075,1.0,0.6065238416194916,-0.4303647577762604,0.6160891056060791,-0.5480057001113892,0.5190733075141907,-0.3548882305622101,1.0
1790268583.9884915,36.28403687477112,724,0,16,-0.16826534271240234,-0.41641807556152344,0.09910451620817184,0.42286065220832825,0.6146304607391357,0.006344019901007414,1.0,13,-0.10095684230327606,-0.3752676248550415,0.07257014513015747,0.15812502801418304,0.39326775074005127,0.014278559014201164,1.0,39,0.11647307872772217,-0.5590143203735352,0.11868753284215927,0.23998291790485382,0.5811603665351868,0.008116587996482849,1.0,68,-0.02775147370994091,-0.3255198001861572,0.18727239966392517,0.38757526874542236,0.4621041715145111,0.004458623938262463,1.0,0.5039491057395935,-0.39584285020828247,0.5811603665351868,-0.5590143203735352,0.4621041715145111,-0.3255198001861572,1.0
1790268584.0403008,36.335846185684204,725,0,16,-0.042247772216796875,-0.008488655090332031,0.06363562494516373,0.13224926590919495,0.12310517579317093,0.0013860177714377642,1.0,13,0.013019268400967121,-0.09161259233951569,0.06477407366037369,0.08240976929664612,0.11569797247648239,0.002827148651704192,1.0,39,0.036007221788167953,-0.017928294837474823,0.03456304594874382,0.033564116805791855,0.05285912752151489,0.002099447650834918,1.0,68,-0.026583503931760788,0.02785245142877102,0.0820947214961052,0.09680290520191193,0.10320235043764114,0.0015979978488758206,1.0,0.11940157413482666,-0.05005062371492386,0.05285912752151489,-0.017928294837474823,0.10320235043764114,0.02785245142877102,1.0
1790268584.0883589,36.383904218673706,726,0,16,-0.011717796325683594,0.16764545440673828,0.047109454870224,0.04346892237663269,0.17475809156894684,0.002430912107229233,1.0,13,0.03897798806428909,0.06259859353303909,0.037756096571683884,0.055625252425670624,0.07954429090023041,0.003727269358932972,1.0,39,0.12287002801895142,0.5367392301559448,0.11795498430728912,0.18519270420074463,0.5640414357185364,0.011572271585464478,1.0,68,0.03385476395487785,0.3680388629436493,0.11223084479570389,0.25696876645088196,0.38588643074035645,0.0043060495518147945,1.0,0.12715119123458862,0.11512202396988869,0.5640414357185364,0.5367392301559448,0.38588643074035645,0.3680388629436493,1.0
1790268584.1404264,36.43597173690796,727,0,16,0.026945114135742188,0.6047840118408203,0.09002472460269928,0.2832995653152466,0.6105429530143738,0.004234423860907555,1.0,13,0.21616069972515106,0.4852693974971771,0.2899113595485687,0.34508970379829407,0.5596317052841187,0.028660191223025322,1.0,39,0.18659073114395142,1.2450060844421387,0.10664551705121994,0.18498064577579498,1.2636829614639282,0.00724878441542387,1.0,68,0.10942907631397247,0.7839226722717285,0.12499979138374329,0.4685334265232086,0.8008638024330139,0.004550110548734665,1.0,0.5850873291492462,0.5450267046689987,1.2636829614639282,1.2450060844421387,0.8008638024330139,0.7839226722717285,1.0
1790268584.1884854,36.48403072357178,728,0,16,0.10725975036621094,0.5010824203491211,0.07521338760852814,0.18876151740550995,0.5179450511932373,0.004927386529743671,1.0,13,0.20778244733810425,0.584136962890625,0.150746151804924,0.20120176672935486,0.6377073526382446,0.02536344714462757,1.0,39,0.13546988368034363,0.8499873280525208,0.09386420249938965,0.14080432057380676,0.8663020730018616,0.008111581206321716,1.0,68,0.118929922580719,0.5874236822128296,0.08008323609828949,0.3254038095474243,0.6067500114440918,0.004151560831815004,1.0,0.577826201915741,0.542609691619873,0.8663020730018616,0.8499873280525208,0.6067500114440918,0.5874236822128296,1.0
1790268584.2404919,36.53603720664978,729,0,16,0.1591501235961914,0.4874086380004883,0.06469203531742096,0.1812913566827774,0.5312091112136841,0.0046890610828995705,1.0,13,0.3083730936050415,0.569543719291687,0.0886794775724411,0.17822396755218506,0.6543346643447876,0.015875810757279396,1.0,39,0.18135188519954681,0.7759466171264648,0.08174094557762146,0.10635481029748917,0.8014646172523499,0.00927009992301464,1.0,68,0.14377953112125397,0.531002402305603,0.07862809300422668,0.31418949365615845,0.5697211027145386,0.005480616819113493,1.0,0.5927718877792358,0.5284761786460876,0.8014646172523499,0.7759466171264648,0.5697211027145386,0.531002402305603,1.0
1790268584.2924066,36.58795189857483,730,0,16,0.09119319915771484,0.33253955841064453,0.08338931202888489,0.16446520388126373,0.3767550587654114,0.0048209973610937595,1.0,13,0.10696645826101303,0.611008882522583,0.16710636019706726,0.19148139655590057,0.6429964303970337,0.025947915390133858,1.0,39,0.029391556978225708,0.6781459450721741,0.11447703093290329,0.11736098676919937,0.687861442565918,0.008505092933773994,1.0,68,0.07257169485092163,0.42348557710647583,0.0865345299243927,0.25973159074783325,0.45268458127975464,0.004501489456743002,1.0,0.5098757445812225,0.47177422046661377,0.687861442565918,0.6781459450721741,0.45268458127975464,0.42348557710647583,1.0
1790268584.3402236,36.63576889038086,731,0,16,0.08406352996826172,0.32977962493896484,0.05777425691485405,0.1648031622171402,0.3640857934951782,0.003269612556323409,1.0,13,0.09578529000282288,0.37225812673568726,0.058663297444581985,0.15453188121318817,0.39465317130088806,0.011448034085333347,1.0,39,0.05060010030865669,0.4666231572628021,0.07656176388263702,0.12425897270441055,0.4765821099281311,0.006553415209054947,1.0,68,0.07541476935148239,0.33642229437828064,0.06405074894428253,0.21471446752548218,0.3725753426551819,0.002887553768232465,1.0,0.37936948239803314,0.35101887583732605,0.4765821099281311,0.4666231572628021,0.3725753426551819,0.33642229437828064,1.0
1790268584.3921669,36.6877121925354,732,0,16,0.087677001953125,0.21839332580566406,0.034275978803634644,0.12350637465715408,0.25816160440444946,0.0022392109967768192,1.0,13,0.13471397757530212,0.28547433018684387,0.05131389573216438,0.12360921502113342,0.3250136077404022,0.009521512314677238,1.0,39,0.015695815905928612,0.3778005838394165,0.06732810288667679,0.07177246361970901,0.3843425214290619,0.005352834705263376,1.0,68,0.049085505306720734,0.24743741750717163,0.0506366603076458,0.15196014940738678,0.27089154720306396,0.002603258704766631,1.0,0.29158760607242584,0.25193382799625397,0.3843425214290619,0.3778005838394165,0.27089154720306396,0.24743741750717163,1.0
1790268584.4402063,36.73575162887573,733,0,16,0.01978778839111328,0.1701679229736328,0.03849774971604347,0.09922721982002258,0.1912166327238083,0.0015753429615870118,1.0,13,0.05674156919121742,0.2586505711078644,0.04998204857110977,0.07591809332370758,0.2734602689743042,0.0073509071953594685,1.0,39,0.05104612559080124,0.20447754859924316,0.05298343300819397,0.047648318111896515,0.21759319305419922,0.0031517664901912212,1.0,68,0.04137330874800682,0.15760017931461334,0.03846956416964531,0.09488806128501892,0.17776799201965332,0.0018266544211655855,1.0,0.23233845084905624,0.2144092470407486,0.21759319305419922,0.20447754859924316,0.17776799201965332,0.15760017931461334,1.0
1790268584.4923077,36.78785300254822,734,0,16,0.004726409912109375,0.08530902862548828,0.02559978887438774,0.06277568638324738,0.10493365675210953,0.0012048198841512203,1.0,13,0.013631967827677727,0.14441269636154175,0.029368240386247635,0.06234591081738472,0.14783073961734772,0.003174500772729516,1.0,39,-0.022203493863344193,0.1321798413991928,0.03910370171070099,0.02780389040708542,0.1392194926738739,0.0012940639862790704,1.0,68,-0.004672779701650143,0.10282774269580841,0.03729526326060295,0.06163081154227257,0.11718184500932693,0.001009219791740179,1.0,0.12638219818472862,0.11486086249351501,0.1392194926738739,0.1321798413991928,0.11718184500932693,0.10282774269580841,1.0
1790268584.5443938,36.83993911743164,735,1,16,-0.041866302490234375,0.07045269012451172,0.035312678664922714,0.05028781667351723,0.0960414707660675,0.000919865386094898,1.0,13,-0.016463059931993484,0.09096233546733856,0.027698174118995667,0.030777504667639732,0.09594346582889557,0.0038434427697211504,1.0,39,-0.004304543603211641,0.10257583856582642,0.024649720638990402,0.025561224669218063,0.1055636778473854,0.001025356468744576,1.0,68,-0.011606552638113499,0.0737258717417717,0.026920126751065254,0.04458940029144287,0.08292609453201294,0.0008854311890900135,1.0,0.09599246829748154,0.08070751279592514,0.1055636778473854,0.10257583856582642,0.08292609453201294,0.0737258717417717,1.0
1790268584.5924761,36.88802146911621,736,0,16,-0.03697681427001953,0.057074546813964844,0.03788873553276062,0.03985802084207535,0.07937575876712799,0.0009968755766749382,1.0,13,-0.009040245786309242,0.09515850245952606,0.0337907150387764,0.040938880294561386,0.10318306088447571,0.002528486307710409,1.0,39,-0.008668165653944016,0.06777641177177429,0.0265358854085207,0.018723666667938232,0.07344552874565125,0.0009627572144381702,1.0,68,-0.010923049412667751,0.0487854890525341,0.026684189215302467,0.0334118977189064,0.05906354635953903,0.000879047263879329,1.0,0.09127940982580185,0.07611652463674545,0.07344552874565125,0.06777641177177429,0.05906354635953903,0.0487854890525341,1.0
1790268584.6444123,36.93995761871338,737,0,16,-0.027099609375,0.026872634887695312,0.03533780202269554,0.026654567569494247,0.052694350481033325,0.0009893362876027822,1.0,13,-0.014859712682664394,0.06480994820594788,0.03324146196246147,0.03418058529496193,0.07718133181333542,0.001654622028581798,1.0,39,-0.013522417284548283,0.04603302851319313,0.030134836211800575,0.014329922385513783,0.05621703341603279,0.0007743493770249188,1.0,68,-0.020022448152303696,0.03149178624153137,0.025039158761501312,0.02562188170850277,0.04714781790971756,0.0008175368420779705,1.0,0.06493784114718437,0.045841291546821594,0.05621703341603279,0.04603302851319313,0.04714781790971756,0.03149178624153137,1.0
1790268584.6924894,36.98803472518921,738,0,16,-0.029201507568359375,0.018158912658691406,0.015314231626689434,0.023260856047272682,0.0416705347597599,0.0006718884687870741,1.0,13,-0.015289306640625,0.04691490903496742,0.043956734240055084,0.025185570120811462,0.062021154910326004,0.002029770752415061,1.0,39,-0.01814230903983116,0.06245461478829384,0.0222606398165226,0.020790183916687965,0.06897743046283722,0.0007919198833405972,1.0,68,-0.015401504002511501,0.03671937808394432,0.02171231433749199,0.03200606629252434,0.051099859178066254,0.0007741251029074192,1.0,0.051845844835042953,0.032536910846829414,0.06897743046283722,0.06245461478829384,0.051099859178066254,0.03671937808394432,1.0
1790268584.744339,37.03988432884216,739,0,16,-0.013574600219726562,0.056273460388183594,0.013334483839571476,0.023420052602887154,0.061244405806064606,0.0006533151026815176,1.0,13,0.010082538239657879,0.07384549826383591,0.03621750324964523,0.02577129937708378,0.08193012326955795,0.0025649259332567453,1.0,39,-0.02052072435617447,0.08730100840330124,0.0301912110298872,0.02022148109972477,0.09381243586540222,0.0007593678892590106,1.0,68,-0.013236550614237785,0.06201284006237984,0.024207288399338722,0.036471929401159286,0.06847812235355377,0.0005194602999836206,1.0,0.07158726453781128,0.06505947932600975,0.09381243586540222,0.08730100840330124,0.06847812235355377,0.06201284006237984,1.0
1790268584.796316,37.09186124801636,740,0,16,0.0043487548828125,0.041782379150390625,0.010191273875534534,0.028212890028953552,0.048949453979730606,0.0006097211735323071,1.0,13,0.0037184495013207197,0.07872361689805984,0.0173149686306715,0.03543196618556976,0.08149480819702148,0.0021953394170850515,1.0,39,0.008138411678373814,0.12883269786834717,0.030092066153883934,0.03371977061033249,0.13303393125534058,0.0010733334347605705,1.0,68,0.0015344058629125357,0.0825853943824768,0.021086856722831726,0.06095696985721588,0.08943779021501541,0.0006715140189044178,1.0,0.06522213108837605,0.060252998024225235,0.13303393125534058,0.12883269786834717,0.08943779021501541,0.0825853943824768,1.0
1790268584.844351,37.139896392822266,741,0,16,-0.00162506103515625,0.07187938690185547,0.022839706391096115,0.04223622754216194,0.07997600734233856,0.0011034634662792087,1.0,13,0.018017109483480453,0.10135357081890106,0.032406821846961975,0.033844802528619766,0.10859637707471848,0.0022993215825408697,1.0,39,0.04157276824116707,0.13734318315982819,0.03314322605729103,0.027095364406704903,0.14731404185295105,0.0014992301585152745,1.0,68,0.02660459652543068,0.09263846278190613,0.03148048743605614,0.051871947944164276,0.10130112618207932,0.0009709158330224454,1.0,0.09428619220852852,0.08661647886037827,0.14731404185295105,0.13734318315982819,0.10130112618207932,0.09263846278190613,1.0
1790268584.8963478,37.191893100738525,742,0,16,0.026308059692382812,0.05538177490234375,0.013823799788951874,0.018450967967510223,0.06285637617111206,0.0005596994888037443,1.0,13,0.05174842104315758,0.09153982251882553,0.022104967385530472,0.02699151821434498,0.10841818153858185,0.001618288573808968,1.0,39,0.061491746455430984,0.11463028192520142,0.029310373589396477,0.029612256214022636,0.13422362506389618,0.0018304536351934075,1.0,68,0.0401032380759716,0.07576673477888107,0.024793554097414017,0.04601601883769035,0.08884338289499283,0.0010220735566690564,1.0,0.08563727885484695,0.07346079871058464,0.13422362506389618,0.11463028192520142,0.08884338289499283,0.07576673477888107,1.0
1790268584.9444504,37.23999571800232,743,0,16,0.06532573699951172,0.04105186462402344,0.026842335239052773,0.026611054316163063,0.08200211822986603,0.0014026104472577572,1.0,13,0.07652400434017181,0.061372023075819016,0.04964194819331169,0.03476100042462349,0.10674093663692474,0.003428878728300333,1.0,39,0.05826040357351303,0.05768056958913803,0.02024228312075138,0.01737520471215248,0.08440633863210678,0.0006740894168615341,1.0,68,0.05497001111507416,0.0390898771584034,0.024547753855586052,0.029381781816482544,0.07314085215330124,0.0006540779722854495,1.0,0.09437152743339539,0.051211943849921227,0.08440633863210678,0.05768056958913803,0.07314085215330124,0.0390898771584034,1.0
1790268584.996267,37.29181241989136,744,0,16,0.07120800018310547,0.0071468353271484375,0.014058416709303856,0.009098025038838387,0.07212547957897186,0.0012508443323895335,1.0,13,0.08950570970773697,0.049915019422769547,0.024946467950940132,0.028794707730412483,0.10614977777004242,0.00304683786816895,1.0,39,0.0682881698012352,0.03360063582658768,0.029378147795796394,0.021067848429083824,0.07946599274873734,0.0007056581671349704,1.0,68,0.06459134817123413,0.011731316335499287,0.02458568476140499,0.026388254016637802,0.07060448080301285,0.0007384823402389884,1.0,0.08913762867450714,0.028530927374958992,0.07946599274873734,0.03360063582658768,0.07060448080301285,0.011731316335499287,1.0
1790268585.0482345,37.34377980232239,745,0,16,0.11093711853027344,-0.007048606872558594,0.024326544255018234,0.014081417582929134,0.11201921850442886,0.0010830855462700129,1.0,13,0.09324293583631516,0.024445753544569016,0.020882586017251015,0.05352610722184181,0.10756562650203705,0.0022237272933125496,1.0,39,0.0718231201171875,0.02598337084054947,0.023570667952299118,0.030246105045080185,0.0812688022851944,0.0008680495666339993,1.0,68,0.06934334337711334,0.005467022303491831,0.032973501831293106,0.02415676787495613,0.07415205985307693,0.0008687211666256189,1.0,0.10979242250323296,0.008698573336005211,0.0812688022851944,0.02598337084054947,0.07415205985307693,0.005467022303491831,1.0
1790268585.096268,37.39181327819824,746,0,16,0.11520099639892578,-0.008607864379882812,0.04247081279754639,0.013355635106563568,0.11706407368183136,0.0008925552247092128,1.0,13,0.108184814453125,0.05040917173027992,0.03966060280799866,0.05234864726662636,0.12536661326885223,0.003760209772735834,1.0,39,0.07487957179546356,0.03516564145684242,0.03052625060081482,0.026235273107886314,0.08523578941822052,0.0007395570864900947,1.0,68,0.06915552169084549,0.014023836702108383,0.0373765267431736,0.036221567541360855,0.07893150299787521,0.0006520462338812649,1.0,0.1212153434753418,0.020900653675198555,0.08523578941822052,0.03516564145684242,0.07893150299787521,0.014023836702108383,1.0
1790268585.1482222,37.44376754760742,747,0,16,0.07819461822509766,0.0028781890869140625,0.015733376145362854,0.018414368852972984,0.08083102107048035,0.0007155555649660528,1.0,13,0.09825721383094788,0.046235304325819016,0.04252166673541069,0.053697455674409866,0.12084491550922394,0.0023398692719638348,1.0,39,0.09966415166854858,0.049612972885370255,0.04090085253119469,0.024930620566010475,0.11320415884256363,0.001374455401673913,1.0,68,0.07616985589265823,0.02051454409956932,0.034548886120319366,0.03691580519080162,0.0852634385228157,0.0008709473768249154,1.0,0.10083796828985214,0.02455674670636654,0.11320415884256363,0.049612972885370255,0.0852634385228157,0.02051454409956932,1.0
1790268585.1963544,37.491899728775024,748,0,16,0.0736236572265625,0.015119552612304688,0.012217212468385696,0.01589035801589489,0.07682529091835022,0.0007409841637127101,1.0,13,0.054614726454019547,0.03614220395684242,0.036848150193691254,0.05670730024576187,0.08501844853162766,0.0027352820616215467,1.0,39,0.07460217922925949,0.04930857941508293,0.021527718752622604,0.02847394160926342,0.09245964884757996,0.0013507666299119592,1.0,68,0.060869328677654266,0.01920688897371292,0.02706935629248619,0.031159579753875732,0.07125583291053772,0.0008246359648182988,1.0,0.08092186972498894,0.025630878284573555,0.09245964884757996,0.04930857941508293,0.07125583291053772,0.01920688897371292,1.0
1790268585.248452,37.543997287750244,749,0,16,0.06901741027832031,0.0006265640258789062,0.027249673381447792,0.02403414435684681,0.07347928732633591,0.000587533344514668,1.0,13,0.07468590140342712,0.033581074327230453,0.03270029276609421,0.023221729323267937,0.08603692799806595,0.0028449920937418938,1.0,39,0.06959690153598785,0.020366569980978966,0.02006976306438446,0.023066887632012367,0.07530190050601959,0.0007054775487631559,1.0,68,0.06707943230867386,0.009051491506397724,0.02893759123980999,0.023200100287795067,0.07122200727462769,0.0007574129267595708,1.0,0.07975810766220093,0.01710381917655468,0.07530190050601959,0.020366569980978966,0.07122200727462769,0.009051491506397724,1.0
1790268585.3005536,37.59609889984131,750,1,16,0.0633087158203125,-0.007330894470214844,0.010064154863357544,0.00867876224219799,0.06426746398210526,0.0006217184709385037,1.0,13,0.06186617165803909,0.030373206362128258,0.02110995352268219,0.05497470498085022,0.08675316721200943,0.0026512867771089077,1.0,39,0.0465494804084301,-0.007784329820424318,0.018448736518621445,0.017102833837270737,0.050328612327575684,0.0006248425925150514,1.0,68,0.052755020558834076,-0.013981763273477554,0.022322185337543488,0.019508013501763344,0.05819011107087135,0.0006265126285143197,1.0,0.07551031559705734,0.011521155945956707,0.050328612327575684,-0.007784329820424318,0.05819011107087135,-0.013981763273477554,1.0
1790268585.3485022,37.644047498703,751,0,16,0.08460807800292969,0.0006055831909179688,0.023058850318193436,0.010084794834256172,0.08528159558773041,0.0006041791057214141,1.0,13,0.06232393532991409,0.025770921260118484,0.013214744627475739,0.0290011428296566,0.07257775962352753,0.001011188025586307,1.0,39,0.053976986557245255,-0.003983717877417803,0.018182219937443733,0.016319047659635544,0.05673795938491821,0.0006128094391897321,1.0,68,0.05992979183793068,-0.008434969000518322,0.02269073575735092,0.019286110997200012,0.06430169939994812,0.0007425905787386,1.0,0.07892967760562897,0.013188252225518227,0.05673795938491821,-0.003983717877417803,0.06430169939994812,-0.008434969000518322,1.0
1790268585.4003499,37.695895195007324,752,0,16,0.06548500061035156,0.0064716339111328125,0.011718153022229671,0.010647044517099857,0.06658978760242462,0.00041236222023144364,1.0,13,0.05892005190253258,0.007693951018154621,0.01259175967425108,0.03609373793005943,0.06886901706457138,0.002652569208294153,1.0,39,0.06901941448450089,0.0035122602712363005,0.018439602106809616,0.01815120503306389,0.07153646647930145,0.0007562372484244406,1.0,68,0.06052802503108978,-0.0069453297182917595,0.026095079258084297,0.020445289090275764,0.06522828340530396,0.0005812814924865961,1.0,0.067729402333498,0.007082792464643717,0.07153646647930145,0.0035122602712363005,0.06522828340530396,-0.0069453297182917595,1.0
1790268585.4483652,37.74391055107117,753,0,16,0.05785560607910156,-0.009195327758789062,0.014731119386851788,0.02903631143271923,0.06395252794027328,0.00080632243771106,1.0,13,0.06070415675640106,0.032975416630506516,0.029416775330901146,0.0350654199719429,0.07785333693027496,0.0011542990105226636,1.0,39,0.040121614933013916,0.02534250169992447,0.02140226401388645,0.016227196902036667,0.05200859159231186,0.0005883887060917914,1.0,68,0.04795680195093155,0.006313997320830822,0.021515147760510445,0.02513967454433441,0.055312786251306534,0.0005259978934191167,1.0,0.07090293243527412,0.011890044435858727,0.05200859159231186,0.02534250169992447,0.055312786251306534,0.006313997320830822,1.0
1790268585.500419,37.79596424102783,754,0,16,0.03715705871582031,0.012767791748046875,0.010260266251862049,0.014663414098322392,0.04177205264568329,0.0005593487294390798,1.0,13,0.06476064771413803,0.01791851408779621,0.0284279752522707,0.04886145517230034,0.08031325042247772,0.0018787519074976444,1.0,39,0.02827688306570053,0.019198685884475708,0.016269626095891,0.022659579291939735,0.04130217805504799,0.0006727735744789243,1.0,68,0.027510249987244606,0.017887787893414497,0.023375704884529114,0.01788361743092537,0.039714451879262924,0.0006838423432782292,1.0,0.061042651534080505,0.015343152917921543,0.04130217805504799,0.019198685884475708,0.039714451879262924,0.017887787893414497,1.0
1790268585.5486882,37.84423351287842,755,0,16,0.0123748779296875,0.02786731719970703,0.013868927955627441,0.024906808510422707,0.039638012647628784,0.0008103648433461785,1.0,13,0.019371619448065758,0.018749531358480453,0.02117123082280159,0.04219093546271324,0.05168887600302696,0.0011023505358025432,1.0,39,0.008931477554142475,0.0438028983771801,0.019439347088336945,0.02115115523338318,0.04852265119552612,0.0006527237710542977,1.0,68,0.0030066545587033033,0.03121981956064701,0.024328097701072693,0.02448039874434471,0.041431352496147156,0.0006044631008990109,1.0,0.04566344432532787,0.023308424279093742,0.04852265119552612,0.0438028983771801,0.041431352496147156,0.03121981956064701,1.0
1790268585.6004877,37.89603304862976,756,0,16,0.30774974822998047,0.3038311004638672,0.5023048520088196,0.2977958917617798,0.4928057789802551,0.04077623039484024,1.0,13,-0.05139394849538803,0.04656160622835159,0.11451112478971481,0.06895256787538528,0.09061551839113235,0.006243408657610416,1.0,39,-0.025435227900743484,0.0591227225959301,0.019492652267217636,0.018297722563147545,0.06727869063615799,0.0006800805567763746,1.0,68,0.017320072278380394,0.0782759040594101,0.23597417771816254,0.14335697889328003,0.12363740801811218,0.006409381050616503,1.0,0.29171064868569374,0.1751963533461094,0.06727869063615799,0.0591227225959301,0.12363740801811218,0.0782759040594101,1.0
1790268585.6521902,37.94773554801941,757,0,16,0.4036712646484375,0.34905147552490234,0.5935316681861877,0.2889742851257324,0.6286268830299377,0.10391998291015625,1.0,13,-0.10701341181993484,0.09358097612857819,0.10913163423538208,0.1262936145067215,0.17448145151138306,0.01164209470152855,1.0,39,-0.08649112284183502,0.07394722104072571,0.025979923084378242,0.018634462729096413,0.1155998632311821,0.001096271094866097,1.0,68,-0.003282883670181036,0.10147061198949814,0.3152308166027069,0.16869060695171356,0.19541685283184052,0.018582740798592567,1.0,0.4015541672706604,0.22131622582674026,0.1155998632311821,0.07394722104072571,0.19541685283184052,0.10147061198949814,1.0
1790268585.7002115,37.99575686454773,758,0,16,-0.19094085693359375,0.10004615783691406,0.13749293982982635,0.08564044535160065,0.2380594164133072,0.007250838913023472,1.0,13,-0.13780799508094788,0.059826191514730453,0.042906686663627625,0.03393404930830002,0.15493646264076233,0.005773981101810932,1.0,39,-0.16165082156658173,0.0396575927734375,0.049313198775053024,0.04332200810313225,0.17184290289878845,0.001801854930818081,1.0,68,-0.1596309393644333,0.05326865613460541,0.0884452611207962,0.05529105290770531,0.1748427003622055,0.0028948455583304167,1.0,0.19649793952703476,0.07993617467582226,0.17184290289878845,0.0396575927734375,0.1748427003622055,0.05326865613460541,1.0
1790268585.7525015,38.048046827316284,759,0,16,-0.3400907516479492,0.07306671142578125,0.1754860132932663,0.06919366121292114,0.3550637364387512,0.00479953782632947,1.0,13,-0.2804964482784271,0.04491483420133591,0.055338796228170395,0.11132130026817322,0.3017297089099884,0.0114725511521101,1.0,39,-0.39305663108825684,-0.05169482156634331,0.08643542975187302,0.08476381748914719,0.4081677794456482,0.0025464489590376616,1.0,68,-0.3119116425514221,-0.007863662205636501,0.1648533046245575,0.07794591784477234,0.3205109238624573,0.003101541195064783,1.0,0.3283967226743698,0.05899077281355858,0.4081677794456482,-0.05169482156634331,0.3205109238624573,-0.007863662205636501,1.0
1790268585.8004785,38.09602379798889,760,0,16,-0.3476905822753906,0.04773235321044922,0.11661942303180695,0.0941876694560051,0.36216169595718384,0.0032489639706909657,1.0,13,-0.31910353899002075,-0.0099945068359375,0.11642421782016754,0.12112610042095184,0.3489001989364624,0.007701073307543993,1.0,39,-0.4147550165653229,-0.046130839735269547,0.08385246992111206,0.036813538521528244,0.4192400574684143,0.0021502794697880745,1.0,68,-0.33417847752571106,-0.00027578018489293754,0.16190434992313385,0.06832462549209595,0.3413050174713135,0.0018403775757178664,1.0,0.3555309474468231,0.01886892318725586,0.4192400574684143,-0.046130839735269547,0.3413050174713135,-0.00027578018489293754,1.0
1790268585.8523948,38.147940158843994,761,0,16,-0.2697734832763672,0.06318283081054688,0.09356054663658142,0.017179880291223526,0.2783176898956299,0.0023067540023475885,1.0,13,-0.3047086298465729,0.010488657280802727,0.04479994624853134,0.056633926928043365,0.31047922372817993,0.007151677273213863,1.0,39,-0.24786612391471863,0.0071469820104539394,0.06391827017068863,0.04128236696124077,0.2517472803592682,0.001703678979538381,1.0,68,-0.21617934107780457,0.04411809518933296,0.07993930578231812,0.05258456990122795,0.2283456027507782,0.0016340622678399086,1.0,0.2943984568119049,0.0368357440456748,0.2517472803592682,0.0071469820104539394,0.2283456027507782,0.04411809518933296,1.0
1790268585.9044244,38.19996976852417,762,0,16,-0.17550945281982422,0.058368682861328125,0.04834432899951935,0.02207600511610508,0.18687918782234192,0.002378961769863963,1.0,13,-0.18599525094032288,0.016925517469644547,0.04523912072181702,0.043116021901369095,0.19171319901943207,0.0033099274151027203,1.0,39,-0.14477774500846863,0.03251608833670616,0.03988747298717499,0.02701651118695736,0.1502341479063034,0.0017686778446659446,1.0,68,-0.1468173712491989,0.03660493716597557,0.05236457288265228,0.03212752565741539,0.1545010656118393,0.0013089808635413647,1.0,0.189296193420887,0.037647100165486336,0.1502341479063034,0.03251608833670616,0.1545010656118393,0.03660493716597557,1.0
1790268585.9524665,38.24801182746887,763,0,16,-0.0896139144897461,0.02122211456298828,0.05513754114508629,0.017939645797014236,0.09361165761947632,0.0014947757590562105,1.0,13,-0.11932138353586197,-0.009208092465996742,0.02672724425792694,0.021346520632505417,0.1217455118894577,0.0020701989997178316,1.0,39,-0.14116805791854858,0.01752491481602192,0.05524975433945656,0.013522742316126823,0.14285138249397278,0.000970869034063071,1.0,68,-0.10488958656787872,0.013041664846241474,0.05307900533080101,0.02622184529900551,0.10944056510925293,0.0009296048665419221,1.0,0.10767858475446701,0.0060070110484957695,0.14285138249397278,0.01752491481602192,0.10944056510925293,0.013041664846241474,1.0
1790268586.004456,38.30000138282776,764,0,16,-0.023998260498046875,0.018754959106445312,0.0897442102432251,0.03947996720671654,0.09021025151014328,0.002309951465576887,1.0,13,-0.09331101924180984,-0.006416907534003258,0.026005785912275314,0.06392853707075119,0.1136358305811882,0.004522478207945824,1.0,39,-0.07407789677381516,-0.01617392525076866,0.023699453100562096,0.03297752887010574,0.08292738348245621,0.0011770736891776323,1.0,68,-0.05057121813297272,-0.005980884190648794,0.047354526817798615,0.03027302958071232,0.06858058273792267,0.0012606466189026833,1.0,0.10192304104566574,0.006169025786221027,0.08292738348245621,-0.01617392525076866,0.06858058273792267,-0.005980884190648794,1.0
1790268586.0524268,38.34797215461731,765,1,16,0.039394378662109375,-0.05750751495361328,0.17642474174499512,0.08722463250160217,0.1532994508743286,0.011757894419133663,1.0,13,-0.0066011869348585606,-0.04198632016777992,0.028509074822068214,0.060811325907707214,0.061308979988098145,0.010335088707506657,1.0,39,-0.013409736566245556,-0.04296562075614929,0.021359965205192566,0.021975543349981308,0.05091533437371254,0.0007806687499396503,1.0,68,-0.004818635992705822,-0.04679533839225769,0.0853673666715622,0.04700798913836479,0.07290758192539215,0.003297642804682255,1.0,0.10730421543121338,-0.0497469175606966,0.05091533437371254,-0.04296562075614929,0.07290758192539215,-0.04679533839225769,1.0
1790268586.1042297,38.39977502822876,766,0,16,-0.04323863983154297,-0.13296031951904297,0.08006154000759125,0.10717906057834625,0.15450911223888397,0.010105414316058159,1.0,13,0.024639423936605453,-0.04448993504047394,0.03482305258512497,0.044168658554553986,0.05805858224630356,0.006975866388529539,1.0,39,0.014016957953572273,-0.07563899457454681,0.02752734161913395,0.02463233843445778,0.08224554359912872,0.0010796119458973408,1.0,68,0.010047239251434803,-0.07415760308504105,0.04865854233503342,0.06655941903591156,0.08595156669616699,0.002288057701662183,1.0,0.10628384724259377,-0.08872512727975845,0.08224554359912872,-0.07563899457454681,0.08595156669616699,-0.07415760308504105,1.0
1790268586.1565146,38.45205998420715,767,0,16,-0.1080789566040039,-0.15137386322021484,0.252006471157074,0.13837972283363342,0.26547524333000183,0.043157756328582764,1.0,13,0.045696552842855453,-0.03363506495952606,0.03523561730980873,0.04186435788869858,0.06746577471494675,0.0026058005169034004,1.0,39,0.05188927426934242,-0.0825653076171875,0.03317353129386902,0.024207673966884613,0.10130149871110916,0.0008808759157545865,1.0,68,0.020093580707907677,-0.08694031834602356,0.12558463215827942,0.0760183185338974,0.12354981154203415,0.007220841944217682,1.0,0.1664705090224743,-0.09250446408987045,0.10130149871110916,-0.0825653076171875,0.12354981154203415,-0.08694031834602356,1.0
1790268586.2044399,38.499985218048096,768,0,16,-0.115814208984375,-0.22092628479003906,0.24637605249881744,0.17274890840053558,0.30053335428237915,0.02055402100086212,1.0,13,0.04980938136577606,-0.038176316767930984,0.05283361300826073,0.055042169988155365,0.08258369565010071,0.004142701625823975,1.0,39,0.049208421260118484,-0.07663863897323608,0.025842489674687386,0.018427079543471336,0.0930643081665039,0.0011928719468414783,1.0,68,0.020269056782126427,-0.08354927599430084,0.11781501024961472,0.0925140231847763,0.11317833513021469,0.003484430955722928,1.0,0.19155852496623993,-0.12955130077898502,0.0930643081665039,-0.07663863897323608,0.11317833513021469,-0.08354927599430084,1.0
1790268586.256226,38.55177140235901,769,0,16,-0.06346797943115234,-0.156829833984375,0.17457075417041779,0.13752935826778412,0.2245020866394043,0.0057014720514416695,1.0,13,0.04123394191265106,-0.026526818051934242,0.029946083202958107,0.03886551782488823,0.05940757319331169,0.001962613081559539,1.0,39,0.030406853184103966,-0.057849589735269547,0.025958359241485596,0.01756962761282921,0.06929440051317215,0.0007840642356313765,1.0,68,0.026405783370137215,-0.06127436086535454,0.08088429272174835,0.06762896478176117,0.09015423059463501,0.0014491364127025008,1.0,0.141954829916358,-0.09167832601815462,0.06929440051317215,-0.057849589735269547,0.09015423059463501,-0.06127436086535454,1.0
1790268586.3040009,38.59954619407654,770,0,16,0.05381584167480469,-0.06785202026367188,0.05630576238036156,0.03589474409818649,0.10326001793146133,0.001542557729408145,1.0,13,0.05472271144390106,-0.043185893446207047,0.03537791967391968,0.026323528960347176,0.07397528737783432,0.0015111605171114206,1.0,39,0.060039423406124115,-0.047283466905355453,0.0330251008272171,0.017819542437791824,0.07933875918388367,0.000922771985642612,1.0,68,0.06558429449796677,-0.04907125607132912,0.03807167708873749,0.025814654305577278,0.08844665437936783,0.0009393170475959778,1.0,0.08861765265464783,-0.05551895685493946,0.07933875918388367,-0.047283466905355453,0.08844665437936783,-0.04907125607132912,1.0
1790268586.3560941,38.651639461517334,771,0,16,0.08332443237304688,-0.075103759765625,0.07816614955663681,0.051423508673906326,0.14373290538787842,0.002304313238710165,1.0,13,0.09117478877305984,-0.025626549497246742,0.04370635375380516,0.03454999998211861,0.0977698266506195,0.0015734490007162094,1.0,39,0.10424217581748962,-0.038702938705682755,0.03647639602422714,0.022985074669122696,0.11370391398668289,0.0010964098619297147,1.0,68,0.09615886956453323,-0.042319804430007935,0.045498076826334,0.029097234830260277,0.11260514706373215,0.0013157797511667013,1.0,0.12075136601924896,-0.05036515463143587,0.11370391398668289,-0.038702938705682755,0.11260514706373215,-0.042319804430007935,1.0
1790268586.4085338,38.704079151153564,772,0,16,0.1481456756591797,-0.08592796325683594,0.10064192116260529,0.08501673489809036,0.2087513953447342,0.003299710573628545,1.0,13,0.18839675188064575,-0.03595440089702606,0.033178891986608505,0.042590685188770294,0.19699080288410187,0.009069034829735756,1.0,39,0.13291461765766144,-0.023671859875321388,0.04529888555407524,0.026479046791791916,0.1375749409198761,0.0006873122183606029,1.0,68,0.13370873034000397,-0.04773891717195511,0.06201787665486336,0.045457083731889725,0.15122276544570923,0.0011448062723502517,1.0,0.20287109911441803,-0.060941182076931,0.1375749409198761,-0.023671859875321388,0.15122276544570923,-0.04773891717195511,1.0
1790268586.4563715,38.75191688537598,773,0,16,0.1238412857055664,-0.057098388671875,0.0512203574180603,0.028644170612096786,0.14251160621643066,0.0016322432784363627,1.0,13,0.21383902430534363,-0.005460299085825682,0.03889589384198189,0.05000859126448631,0.21991412341594696,0.004881835542619228,1.0,39,0.16708099842071533,0.007725642062723637,0.0486585833132267,0.023647421970963478,0.16954770684242249,0.001590954838320613,1.0,68,0.14689725637435913,-0.008451237343251705,0.06430277228355408,0.03735703229904175,0.15239274501800537,0.001491880277171731,1.0,0.1812128648161888,-0.03127934387885034,0.16954770684242249,0.007725642062723637,0.15239274501800537,-0.008451237343251705,1.0
1790268586.508493,38.804038286209106,774,0,16,0.0966653823852539,-0.016587257385253906,0.026421120390295982,0.02163572609424591,0.10054446756839752,0.0006019683787599206,1.0,13,0.15901535749435425,0.06537569314241409,0.03554897382855415,0.07896238565444946,0.18335455656051636,0.006370758172124624,1.0,39,0.2179839313030243,0.07667697966098785,0.04480920359492302,0.019144752994179726,0.23233634233474731,0.0015899247955530882,1.0,68,0.1398710310459137,0.03663612902164459,0.06972820311784744,0.05039645731449127,0.1505008041858673,0.0012041337322443724,1.0,0.14194951206445694,0.024394217878580093,0.23233634233474731,0.07667697966098785,0.1505008041858673,0.03663612902164459,1.0
1790268586.5564597,38.85200500488281,775,0,16,0.0886077880859375,0.013495445251464844,0.034061577171087265,0.025812383741140366,0.0939561128616333,0.0004600479733198881,1.0,13,0.1618722826242447,0.06902254372835159,0.05463002622127533,0.03872246667742729,0.18021567165851593,0.0032757180742919445,1.0,39,0.16185154020786285,0.11402188986539841,0.06359585374593735,0.04255568981170654,0.20039714872837067,0.0030720054637640715,1.0,68,0.1059175357222557,0.06227931007742882,0.059323329478502274,0.05729866772890091,0.13000044226646423,0.0012194279115647078,1.0,0.13708589226007462,0.04125899448990822,0.20039714872837067,0.11402188986539841,0.13000044226646423,0.06227931007742882,1.0
1790268586.6085224,38.90406775474548,776,0,16,0.04595947265625,0.022359848022460938,0.02411617524921894,0.02603590488433838,0.05733776092529297,0.0008196111302822828,1.0,13,0.08375667035579681,0.03322307765483856,0.031647827476263046,0.07020092010498047,0.11476631462574005,0.001984464470297098,1.0,39,0.06137789040803909,0.09448829293251038,0.028362516313791275,0.028491048142313957,0.11628817021846771,0.001077233930118382,1.0,68,0.05262307450175285,0.04583044722676277,0.03254042938351631,0.04576854780316353,0.08027184754610062,0.0008840240188874304,1.0,0.08605203777551651,0.02779146283864975,0.11628817021846771,0.09448829293251038,0.08027184754610062,0.04583044722676277,1.0
1790268586.6603854,38.95593070983887,777,0,16,0.010109901428222656,0.01798248291015625,0.023397957906126976,0.02120376192033291,0.03309060260653496,0.0009739829110912979,1.0,13,0.04442655295133591,0.0579986572265625,0.027475599199533463,0.030952919274568558,0.07771019637584686,0.0010798093862831593,1.0,39,0.04334552586078644,0.07184229046106339,0.018883496522903442,0.024623224511742592,0.08678951859474182,0.0009733889601193368,1.0,68,0.022041544318199158,0.0454879105091095,0.023615946993231773,0.03707852214574814,0.058487504720687866,0.0006855304818600416,1.0,0.05540039949119091,0.037990570068359375,0.08678951859474182,0.07184229046106339,0.058487504720687866,0.0454879105091095,1.0
1790268586.7084231,39.003968477249146,778,0,16,0.0104827880859375,0.010794639587402344,0.028552096337080002,0.01745382323861122,0.028954939916729927,0.0008932329365052283,1.0,13,0.034834641963243484,0.04493126645684242,0.025254318490624428,0.02952839620411396,0.06174977868795395,0.0012588798999786377,1.0,39,0.010065714828670025,0.07251602411270142,0.011367379687726498,0.01567913591861725,0.07414393872022629,0.0006603331421501935,1.0,68,0.013381284661591053,0.04857220500707626,0.01698015257716179,0.03130282089114189,0.05420117452740669,0.0006446948973461986,1.0,0.04535235930234194,0.027862953022122383,0.07414393872022629,0.07251602411270142,0.05420117452740669,0.04857220500707626,1.0
1790268586.7604802,39.05602550506592,779,0,16,0.00426483154296875,0.01897430419921875,0.025831477716565132,0.018577763810753822,0.03401544690132141,0.0005909198080189526,1.0,13,-0.01055908203125,0.04789968580007553,0.023202139884233475,0.02224782109260559,0.05526454746723175,0.0010361755266785622,1.0,39,0.0071872808039188385,0.06107623875141144,0.024050923064351082,0.01428096555173397,0.06633743643760681,0.0007746100309304893,1.0,68,0.0018869288032874465,0.04140505939722061,0.019590653479099274,0.02833060547709465,0.04991073161363602,0.0005938229151070118,1.0,0.04463999718427658,0.03343699499964714,0.06633743643760681,0.06107623875141144,0.04991073161363602,0.04140505939722061,1.0
1790268586.8084552,39.10400056838989,780,1,16,-0.04776191711425781,0.04706001281738281,0.02556588314473629,0.027071524411439896,0.07436389476060867,0.0007112703751772642,1.0,13,-0.002460186369717121,0.03506000339984894,0.03884216025471687,0.025323236361145973,0.05703333392739296,0.0014767821412533522,1.0,39,-0.009312947280704975,0.0745798721909523,0.02271232381463051,0.024983379989862442,0.07833782583475113,0.0007969121215865016,1.0,68,-0.024567099288105965,0.05854213982820511,0.024799220263957977,0.03668559342622757,0.07169756293296814,0.00070616026641801,1.0,0.06569861434400082,0.041060008108615875,0.07833782583475113,0.0745798721909523,0.07169756293296814,0.05854213982820511,1.0
1790268586.8604856,39.156030893325806,781,0,16,-0.030259132385253906,0.0562591552734375,0.017923422157764435,0.014569978229701519,0.06657737493515015,0.0007969160214997828,1.0,13,-0.03421489894390106,0.0697021484375,0.026473429054021835,0.026920121163129807,0.08278437703847885,0.002128232503309846,1.0,39,-0.012467212975025177,0.06872480362653732,0.019026044756174088,0.01890043541789055,0.07189935445785522,0.0008372460724785924,1.0,68,-0.021138807758688927,0.0634734183549881,0.020405609160661697,0.029560359194874763,0.07253559678792953,0.0006628609844483435,1.0,0.0746808759868145,0.06298065185546875,0.07189935445785522,0.06872480362653732,0.07253559678792953,0.0634734183549881,1.0
1790268586.9121985,39.207743883132935,782,0,16,-0.03595256805419922,0.04721641540527344,0.015437106601893902,0.017355578020215034,0.06190032511949539,0.0009907003259286284,1.0,13,-0.008598914369940758,0.042728129774332047,0.027318647131323814,0.02603680081665516,0.05430201441049576,0.0017335134325549006,1.0,39,-0.010857997462153435,0.05196595937013626,0.014989860355854034,0.01529027707874775,0.055007971823215485,0.0006151103298179805,1.0,68,-0.017423518002033234,0.04149358347058296,0.01919977180659771,0.022169552743434906,0.05082430690526962,0.0006671485025435686,1.0,0.058101169764995575,0.04497227258980274,0.055007971823215485,0.05196595937013626,0.05082430690526962,0.04149358347058296,1.0
1790268586.9603152,39.255860567092896,783,0,16,-0.03630828857421875,0.03632926940917969,0.016087796539068222,0.02309345081448555,0.05399934947490692,0.0005359654314815998,1.0,13,-0.008836012333631516,0.028519850224256516,0.03551732003688812,0.030295493081212044,0.05149417743086815,0.0013605008134618402,1.0,39,-0.009670550934970379,0.037721291184425354,0.012168696150183678,0.01399366557598114,0.040799982845783234,0.0007495694444514811,1.0,68,-0.011761609464883804,0.03138575702905655,0.019068393856287003,0.018614090979099274,0.038956206291913986,0.0005926143494434655,1.0,0.052746763452887535,0.0324245598167181,0.040799982845783234,0.037721291184425354,0.038956206291913986,0.03138575702905655,1.0
1790268587.0122614,39.307806730270386,784,0,16,-0.0013027191162109375,0.0249786376953125,0.01202563289552927,0.01173027791082859,0.02710549533367157,0.0007893179426901042,1.0,13,-0.007251446135342121,0.03786527365446091,0.01026313565671444,0.025989068672060966,0.04532168433070183,0.0007328853826038539,1.0,39,0.019932283088564873,0.035186767578125,0.030109355226159096,0.019395021721720695,0.048997510224580765,0.0005990025820210576,1.0,68,0.008351270109415054,0.02218964509665966,0.019870275631546974,0.020386748015880585,0.03194236755371094,0.0006229138816706836,1.0,0.0362135898321867,0.031421955674886703,0.048997510224580765,0.035186767578125,0.03194236755371094,0.02218964509665966,1.0
1790268587.0605462,39.35609149932861,785,0,16,0.007557868957519531,0.027898788452148438,0.007656426634639502,0.014822086319327354,0.030302654951810837,0.0003880826407112181,1.0,13,0.011631892062723637,0.005076481960713863,0.026602892205119133,0.024144316092133522,0.03246661275625229,0.0009230382274836302,1.0,39,0.018635286018252373,0.031881868839263916,0.01813207007944584,0.014344981871545315,0.040864646434783936,0.000608879781793803,1.0,68,0.017730040475726128,0.025054708123207092,0.016160666942596436,0.01663670502603054,0.03589782491326332,0.000597161240875721,1.0,0.03138463385403156,0.01648763520643115,0.040864646434783936,0.031881868839263916,0.03589782491326332,0.025054708123207092,1.0
1790268587.1123376,39.40788292884827,786,0,16,0.02697277069091797,0.02079486846923828,0.008527485653758049,0.018048329278826714,0.03847047686576843,0.0005558351404033601,1.0,13,0.03521963208913803,0.03446021303534508,0.02866276539862156,0.021869344636797905,0.05587625503540039,0.0018779392121359706,1.0,39,0.024764232337474823,0.033863555639982224,0.01630193181335926,0.01573622040450573,0.04593932256102562,0.000698853749781847,1.0,68,0.023723602294921875,0.021228566765785217,0.013901520520448685,0.020018253475427628,0.03790020942687988,0.0005778630147688091,1.0,0.04717336595058441,0.02762754075229168,0.04593932256102562,0.033863555639982224,0.03790020942687988,0.021228566765785217,1.0
1790268587.1643944,39.45993971824646,787,0,16,0.03159046173095703,0.01747608184814453,0.009626584127545357,0.024560537189245224,0.04380761831998825,0.0005988632328808308,1.0,13,0.04860746115446091,0.056835468858480453,0.018403321504592896,0.03900137171149254,0.08386338502168655,0.0016830421518534422,1.0,39,0.012068919837474823,0.04579123482108116,0.013081490062177181,0.018715059384703636,0.04936373978853226,0.0006654870230704546,1.0,68,0.020389556884765625,0.03275153040885925,0.021300241351127625,0.023901382461190224,0.0453835129737854,0.0005654801498167217,1.0,0.0638355016708374,0.03715577535331249,0.04936373978853226,0.04579123482108116,0.0453835129737854,0.03275153040885925,1.0
1790268587.2123215,39.507866859436035,788,0,16,0.001186370849609375,0.0138702392578125,0.012882598675787449,0.02039819397032261,0.026399236172437668,0.00043893075780943036,1.0,13,0.028130164369940758,0.02856210619211197,0.018391750752925873,0.023658324033021927,0.04833265393972397,0.0012796127703040838,1.0,39,-0.0018603985663503408,0.05397737771272659,0.01694103144109249,0.020724225789308548,0.05680667608976364,0.0007221281412057579,1.0,68,-0.0019488615216687322,0.03569468483328819,0.02040116675198078,0.027688024565577507,0.04468122869729996,0.0006125131621956825,1.0,0.03736594505608082,0.021216172724962234,0.05680667608976364,0.05397737771272659,0.04468122869729996,0.03569468483328819,1.0
1790268587.2643335,39.55987882614136,789,0,16,-0.016815185546875,0.017528533935546875,0.012137086130678654,0.014756839722394943,0.02983161248266697,0.0006541432230733335,1.0,13,-0.023712158203125,0.01644427888095379,0.02411598525941372,0.0339486300945282,0.04727432504296303,0.0012415931560099125,1.0,39,-0.02976715937256813,0.039557039737701416,0.016548411920666695,0.019068025052547455,0.053412724286317825,0.0006338292732834816,1.0,68,-0.0258941650390625,0.03081905096769333,0.01800709031522274,0.01829778030514717,0.04462708532810211,0.0005083480500616133,1.0,0.038552968762815,0.016986406408250332,0.053412724286317825,0.039557039737701416,0.04462708532810211,0.03081905096769333,1.0
1790268587.3125293,39.60807466506958,790,0,16,-0.12645912170410156,0.039885520935058594,0.036504603922367096,0.011092004366219044,0.13311296701431274,0.0011847963323816657,1.0,13,-0.05514056980609894,0.044218797236680984,0.04021560773253441,0.04182302579283714,0.08034587651491165,0.002299846149981022,1.0,39,-0.07878699898719788,0.04655378311872482,0.030717648565769196,0.020133694633841515,0.09396626800298691,0.0009585965890437365,1.0,68,-0.08936220407485962,0.04770301282405853,0.03437457233667374,0.025943322107195854,0.10465633869171143,0.0008474235073663294,1.0,0.1067294217646122,0.04205215908586979,0.09396626800298691,0.04655378311872482,0.10465633869171143,0.04770301282405853,1.0
1790268587.3644967,39.66004204750061,791,0,16,-0.1299600601196289,0.021538734436035156,0.03873283788561821,0.04386995732784271,0.13825924694538116,0.0020039519295096397,1.0,13,-0.14362041652202606,0.035002488642930984,0.0547775998711586,0.037300027906894684,0.15249285101890564,0.004444075748324394,1.0,39,-0.15591861307621002,0.05530332773923874,0.05313736945390701,0.020293980836868286,0.16657017171382904,0.0011454025516286492,1.0,68,-0.14761845767498016,0.04684964194893837,0.048276323825120926,0.03742842376232147,0.15885253250598907,0.0012264989782124758,1.0,0.1453760489821434,0.02827061153948307,0.16657017171382904,0.05530332773923874,0.15885253250598907,0.04684964194893837,1.0
1790268587.416333,39.711878299713135,792,0,16,-0.16432476043701172,0.03454875946044922,0.029651248827576637,0.039081770926713943,0.17224879562854767,0.002154523739591241,1.0,13,-0.1275259107351303,0.03714575991034508,0.018318424001336098,0.02980061247944832,0.1357572227716446,0.004135960713028908,1.0,39,-0.14388881623744965,0.053523920476436615,0.03727616369724274,0.016934771090745926,0.1544334441423416,0.0008752465364523232,1.0,68,-0.13607922196388245,0.05515995994210243,0.0403081513941288,0.03239281103014946,0.1504039466381073,0.0010780934244394302,1.0,0.15400300920009613,0.03584725968539715,0.1544334441423416,0.053523920476436615,0.1504039466381073,0.05515995994210243,1.0
1790268587.4643755,39.759920835494995,793,0,16,-0.08075714111328125,0.06575489044189453,0.02455333061516285,0.016536101698875427,0.10555218905210495,0.0010049076518043876,1.0,13,-0.09278047829866409,0.06515268236398697,0.0381673239171505,0.03442512825131416,0.12225478142499924,0.002451441017910838,1.0,39,-0.10012660920619965,0.052773501724004745,0.025504659861326218,0.014488122425973415,0.11451225727796555,0.0009589065448381007,1.0,68,-0.08245962113142014,0.05164269730448723,0.03565538302063942,0.02541915886104107,0.10019973665475845,0.000895791279617697,1.0,0.1139034852385521,0.06545378640294075,0.11451225727796555,0.052773501724004745,0.10019973665475845,0.05164269730448723,1.0
1790268587.5164032,39.81194853782654,794,0,16,-0.03871726989746094,0.031746864318847656,0.013924733735620975,0.01282443106174469,0.05281119421124458,0.0006221581134013832,1.0,13,-0.05313345044851303,0.03171480447053909,0.036455146968364716,0.02883668802678585,0.06973281502723694,0.001695328508503735,1.0,39,-0.04513628035783768,0.01648457907140255,0.024096021428704262,0.017298035323619843,0.05296162888407707,0.0010570258600637317,1.0,68,-0.03549845144152641,0.017236821353435516,0.023093299940228462,0.018580332398414612,0.0456707589328289,0.0007170829339884222,1.0,0.06127200461924076,0.031730834394693375,0.05296162888407707,0.01648457907140255,0.0456707589328289,0.017236821353435516,1.0
1790268587.5644462,39.85999155044556,795,1,16,0.016138076782226562,0.019144058227539062,0.023385344073176384,0.011995624750852585,0.03528941422700882,0.0008072254131548107,1.0,13,0.03558349609375,-0.007652869448065758,0.014896406792104244,0.042396217584609985,0.05320724472403526,0.0010036843596026301,1.0,39,0.01649435982108116,-0.020282451063394547,0.02257554791867733,0.02459401823580265,0.037306997925043106,0.0008362330263480544,1.0,68,0.01814606599509716,-0.009314930066466331,0.01658122055232525,0.02538270503282547,0.0319494865834713,0.0005735413287766278,1.0,0.04424832947552204,0.005745594389736652,0.037306997925043106,-0.020282451063394547,0.0319494865834713,-0.009314930066466331,1.0
1790268587.6161115,39.911656856536865,796,0,16,0.1749582290649414,0.009759902954101562,0.06962691992521286,0.06297004222869873,0.18198978900909424,0.0041049267165362835,1.0,13,0.13013634085655212,0.03343435376882553,0.0611020065844059,0.07780591398477554,0.1471496969461441,0.003893616609275341,1.0,39,0.09327384829521179,-0.04800180345773697,0.04512866213917732,0.029055416584014893,0.11106088757514954,0.0010105285327881575,1.0,68,0.10055048018693924,-0.028001224622130394,0.05817665904760361,0.04536768049001694,0.11306338757276535,0.0013553788885474205,1.0,0.16456974297761917,0.021597128361463547,0.11106088757514954,-0.04800180345773697,0.11306338757276535,-0.028001224622130394,1.0
1790268587.6684856,39.96403098106384,797,0,16,0.1610107421875,-0.022525787353515625,0.058260273188352585,0.042342204600572586,0.16867640614509583,0.0026375690940767527,1.0,13,0.12425114214420319,-0.013727040961384773,0.054322533309459686,0.028598876670002937,0.12781614065170288,0.002989660482853651,1.0,39,0.17527888715267181,-0.06661243736743927,0.065242238342762,0.032522302120923996,0.19003887474536896,0.0016474109143018723,1.0,68,0.16186994314193726,-0.05243077129125595,0.05570072680711746,0.04739929735660553,0.17657597362995148,0.0015100589953362942,1.0,0.14824627339839935,-0.0181264141574502,0.19003887474536896,-0.06661243736743927,0.17657597362995148,-0.05243077129125595,1.0
1790268587.7164068,40.01195216178894,798,0,16,0.21236610412597656,-0.0178985595703125,0.0953316017985344,0.025900589302182198,0.21481317281723022,0.003458088031038642,1.0,13,0.21679218113422394,-0.027990488335490227,0.07337597012519836,0.06645983457565308,0.2256878912448883,0.005328674800693989,1.0,39,0.22784031927585602,-0.028881758451461792,0.09079936146736145,0.02962958626449108,0.23169119656085968,0.0015854773810133338,1.0,68,0.21393832564353943,-0.03675359860062599,0.09561976045370102,0.03903108462691307,0.2222454696893692,0.0020246219355612993,1.0,0.22025053203105927,-0.022944523952901363,0.23169119656085968,-0.028881758451461792,0.2222454696893692,-0.03675359860062599,1.0
1790268587.7684956,40.06404089927673,799,0,16,0.24746131896972656,0.01842975616455078,0.0309241134673357,0.04610329866409302,0.2519948482513428,0.002008677925914526,1.0,13,0.19911076128482819,-0.011979322880506516,0.053382743149995804,0.04321276769042015,0.20581179857254028,0.007729590870440006,1.0,39,0.30061811208724976,-0.013031397014856339,0.08965520560741425,0.04139343276619911,0.3037690818309784,0.0021702670492231846,1.0,68,0.25321534276008606,-0.01340742688626051,0.09771216660737991,0.05254320800304413,0.26027679443359375,0.0019875075668096542,1.0,0.22890332341194153,0.003225216642022133,0.3037690818309784,-0.013031397014856339,0.26027679443359375,-0.01340742688626051,1.0
1790268587.8166885,40.11223387718201,800,0,16,0.18394851684570312,0.05135917663574219,0.049592144787311554,0.042524293065071106,0.19508957862854004,0.0028243758715689182,1.0,13,0.29387956857681274,0.04475168138742447,0.10236895084381104,0.07492570579051971,0.30303266644477844,0.00982674490660429,1.0,39,0.323600172996521,0.04396135360002518,0.057472918182611465,0.0385410375893116,0.32854747772216797,0.001941103022545576,1.0,68,0.23443065583705902,0.02806977741420269,0.0945901870727539,0.04165839031338692,0.2394576370716095,0.0020493522752076387,1.0,0.24906112253665924,0.04805542901158333,0.32854747772216797,0.04396135360002518,0.2394576370716095,0.02806977741420269,1.0
1790268587.8684814,40.164026737213135,801,0,16,0.1283855438232422,0.049323081970214844,0.05042728781700134,0.04560194909572601,0.14422622323036194,0.0021164012141525745,1.0,13,0.17892220616340637,0.06643089652061462,0.09679364413022995,0.0826883316040039,0.20961469411849976,0.004992160014808178,1.0,39,0.21617557108402252,0.1452452838420868,0.07772527635097504,0.03274910897016525,0.2643183469772339,0.0020122346468269825,1.0,68,0.1548430472612381,0.07883677631616592,0.08272446691989899,0.07301666587591171,0.1818283647298813,0.0016012231353670359,1.0,0.17692045867443085,0.057876989245414734,0.2643183469772339,0.1452452838420868,0.1818283647298813,0.07883677631616592,1.0
1790268587.9203784,40.21592378616333,802,0,16,0.10817146301269531,0.10413932800292969,0.12278865277767181,0.0565398633480072,0.1650136113166809,0.0023549417965114117,1.0,13,0.08329655230045319,0.09761399775743484,0.04800856485962868,0.049878671765327454,0.13459303975105286,0.0033451435156166553,1.0,39,0.08338810503482819,0.20306552946567535,0.044007137417793274,0.06562361866235733,0.22428008913993835,0.007917525246739388,1.0,68,0.06419641524553299,0.12748022377490997,0.068492591381073,0.09563037753105164,0.1540113240480423,0.00281903357245028,1.0,0.14980332553386688,0.10087666288018227,0.22428008913993835,0.20306552946567535,0.1540113240480423,0.12748022377490997,1.0
1790268587.9685035,40.26404881477356,803,0,16,0.11182212829589844,0.2766542434692383,0.17821045219898224,0.17477279901504517,0.32477298378944397,0.005764557980000973,1.0,13,0.03247539699077606,0.11422611773014069,0.05354301631450653,0.05718028545379639,0.12753510475158691,0.003364186268299818,1.0,39,-0.021810287609696388,0.23499512672424316,0.04709465429186821,0.06300806999206543,0.2394547164440155,0.0037678617518395185,1.0,68,-0.007975634187459946,0.18480996787548065,0.09628202766180038,0.12339655309915543,0.19859744608402252,0.0023633046075701714,1.0,0.22615404427051544,0.19544018059968948,0.2394547164440155,0.23499512672424316,0.19859744608402252,0.18480996787548065,1.0
1790268588.0205052,40.31605052947998,804,0,16,0.41614818572998047,0.5764837265014648,0.840408980846405,0.4451748728752136,0.9053306579589844,0.1489792764186859,1.0,13,-0.21880868077278137,0.17022117972373962,0.24583911895751953,0.2230347990989685,0.31552740931510925,0.018504109233617783,1.0,39,-0.17786113917827606,0.2397410124540329,0.09588029235601425,0.04791394621133804,0.3053441047668457,0.0031560601200908422,1.0,68,-0.06503049284219742,0.23618507385253906,0.4030906856060028,0.22842122614383698,0.3451383411884308,0.02396547980606556,1.0,0.6104290336370468,0.37335245311260223,0.3053441047668457,0.2397410124540329,0.3451383411884308,0.23618507385253906,1.0
1790268588.0684648,40.36401009559631,805,0,16,-0.06740474700927734,0.25943756103515625,0.18816058337688446,0.14043591916561127,0.34033265709877014,0.022595815360546112,1.0,13,-0.21631094813346863,0.14689166843891144,0.07155025750398636,0.12135961651802063,0.28320884704589844,0.026851864531636238,1.0,39,-0.21343994140625,0.14837646484375,0.06622998416423798,0.050396814942359924,0.264011949300766,0.0022212688345462084,1.0,68,-0.18351542949676514,0.1616164892911911,0.11069969832897186,0.09465600550174713,0.26982519030570984,0.005663525313138962,1.0,0.3117707520723343,0.20316461473703384,0.264011949300766,0.14837646484375,0.26982519030570984,0.1616164892911911,1.0
1790268588.120402,40.41594743728638,806,0,16,-0.2683868408203125,0.11495304107666016,0.14520473778247833,0.06107674911618233,0.30556291341781616,0.005043447948992252,1.0,13,-0.23039832711219788,0.094451904296875,0.037583764642477036,0.06967323273420334,0.25846827030181885,0.008601326495409012,1.0,39,-0.20276153087615967,0.10366038978099823,0.07650404423475266,0.035235870629549026,0.22991549968719482,0.0012576067820191383,1.0,68,-0.212860107421875,0.08953779190778732,0.09565499424934387,0.050135910511016846,0.23647819459438324,0.0022010013926774263,1.0,0.2820155918598175,0.10470247268676758,0.22991549968719482,0.10366038978099823,0.23647819459438324,0.08953779190778732,1.0
1790268588.1722987,40.467844009399414,807,0,16,-0.28090572357177734,0.07356643676757812,0.10112600773572922,0.0790359377861023,0.2985477149486542,0.004822954535484314,1.0,13,-0.23086312413215637,0.024995069950819016,0.0627855733036995,0.06456146389245987,0.24058236181735992,0.004095032811164856,1.0,39,-0.2367350310087204,0.061692848801612854,0.061939679086208344,0.03383268043398857,0.24722260236740112,0.001516189076937735,1.0,68,-0.2301395684480667,0.06578075140714645,0.08447068929672241,0.052650682628154755,0.24467305839061737,0.0019162630196660757,1.0,0.26956503838300705,0.04928075335919857,0.24722260236740112,0.061692848801612854,0.24467305839061737,0.06578075140714645,1.0
1790268588.2201574,40.51570272445679,808,0,16,-0.3282489776611328,0.06376075744628906,0.15774282813072205,0.03909808397293091,0.3392488360404968,0.0031426751520484686,1.0,13,-0.21033184230327606,0.07938443869352341,0.05755152180790901,0.0775432288646698,0.23695018887519836,0.005722102243453264,1.0,39,-0.20653709769248962,0.06459827721118927,0.04429863020777702,0.03355652093887329,0.218459352850914,0.002083180006593466,1.0,68,-0.2111237496137619,0.059575699269771576,0.09877654165029526,0.03760019689798355,0.2222728282213211,0.0015398184768855572,1.0,0.2880995124578476,0.07157259806990623,0.218459352850914,0.06459827721118927,0.2222728282213211,0.059575699269771576,1.0
1790268588.2721524,40.56769776344299,809,0,16,-0.2612276077270508,0.12684345245361328,0.1367504745721817,0.09230247884988785,0.29356613755226135,0.003079719375818968,1.0,13,-0.15373112261295319,0.08663236349821091,0.0634346753358841,0.12980660796165466,0.2088301181793213,0.008779915980994701,1.0,39,-0.19113041460514069,0.06876940280199051,0.03974772244691849,0.027348117902874947,0.2044619917869568,0.0015286797424778342,1.0,68,-0.18580538034439087,0.08110685646533966,0.09225890785455704,0.05407317355275154,0.2054215669631958,0.0019679369870573282,1.0,0.2511981278657913,0.1067379079759121,0.2044619917869568,0.06876940280199051,0.2054215669631958,0.08110685646533966,1.0
1790268588.3204374,40.6159827709198,810,1,16,-0.11658763885498047,0.05927276611328125,0.05546923726797104,0.027058254927396774,0.13214175403118134,0.001418636180460453,1.0,13,-0.15595656633377075,0.012083787471055984,0.04468056559562683,0.05042625963687897,0.16494515538215637,0.0035655824467539787,1.0,39,-0.12188642472028732,0.047222431749105453,0.023912860080599785,0.01259894110262394,0.131657674908638,0.0008981262217275798,1.0,68,-0.1079285591840744,0.04958915710449219,0.04370911046862602,0.024428503587841988,0.12194301187992096,0.0009401219431310892,1.0,0.14854345470666885,0.03567827679216862,0.131657674908638,0.047222431749105453,0.12194301187992096,0.04958915710449219,1.0
1790268588.3723342,40.667879581451416,811,0,16,-0.07121658325195312,0.01990032196044922,0.03341804817318916,0.015205847099423409,0.07567703723907471,0.001097997883334756,1.0,13,-0.10389827191829681,0.014151940122246742,0.051710132509469986,0.03908271715044975,0.1132056713104248,0.002601887099444866,1.0,39,-0.08458494395017624,0.028357481583952904,0.024137385189533234,0.015288515016436577,0.09023045003414154,0.001051260158419609,1.0,68,-0.07782206684350967,0.029427023604512215,0.032791994512081146,0.01937456987798214,0.085758276283741,0.0007940588984638453,1.0,0.09444135427474976,0.01702613104134798,0.09023045003414154,0.028357481583952904,0.085758276283741,0.029427023604512215,1.0
1790268588.4244688,40.7200140953064,812,0,16,0.028527259826660156,-0.036342620849609375,0.11864706128835678,0.11058478057384491,0.12348200380802155,0.004707604646682739,1.0,13,-0.02041391283273697,-0.007233839947730303,0.01700226031243801,0.06602296233177185,0.0568864680826664,0.012074404396116734,1.0,39,-0.042992617934942245,0.005827683489769697,0.018947111442685127,0.01495824009180069,0.04602714255452156,0.0007858992321416736,1.0,68,-0.015153548680245876,-0.007759543135762215,0.05920646712183952,0.05568663775920868,0.05108807981014252,0.0020523900166153908,1.0,0.09018423594534397,-0.02178823039866984,0.04602714255452156,0.005827683489769697,0.05108807981014252,-0.007759543135762215,1.0
1790268588.4724638,40.768009185791016,813,0,16,0.17650508880615234,-0.07190418243408203,0.2521301209926605,0.11630888283252716,0.2110527902841568,0.012670495547354221,1.0,13,0.0074556791223585606,-0.04334082826972008,0.04251484200358391,0.0829186663031578,0.07634834200143814,0.005504995584487915,1.0,39,0.009562957100570202,-0.04330131411552429,0.024527089670300484,0.015447025187313557,0.05133318156003952,0.0005974182276986539,1.0,68,0.04472799971699715,-0.0469619520008564,0.12881000339984894,0.05976593866944313,0.0788605809211731,0.0032552103511989117,1.0,0.14370056614279747,-0.057622505351901054,0.05133318156003952,-0.04330131411552429,0.0788605809211731,-0.0469619520008564,1.0
1790268588.5246506,40.82019591331482,814,0,16,0.04807472229003906,-0.1503000259399414,0.08561941981315613,0.13290059566497803,0.19337902963161469,0.012107218615710735,1.0,13,0.058624267578125,-0.07659794390201569,0.03648165240883827,0.048060834407806396,0.10368209332227707,0.0036839330568909645,1.0,39,0.04231457784771919,-0.07891102135181427,0.0368858240544796,0.029066303744912148,0.09282401204109192,0.0009955670684576035,1.0,68,0.05550743639469147,-0.09097906947135925,0.05760106071829796,0.08109190315008163,0.1208449974656105,0.002446392085403204,1.0,0.14853056147694588,-0.11344898492097855,0.09282401204109192,-0.07891102135181427,0.1208449974656105,-0.09097906947135925,1.0
1790268588.5726898,40.86823511123657,815,0,16,0.03159904479980469,-0.22988128662109375,0.20430400967597961,0.18163998425006866,0.32709431648254395,0.0513250008225441,1.0,13,0.14878493547439575,-0.07421405613422394,0.05623692274093628,0.06340152025222778,0.17720428109169006,0.004727908410131931,1.0,39,0.08867078274488449,-0.11968915909528732,0.040606386959552765,0.03009609319269657,0.15090252459049225,0.0011590124340727925,1.0,68,0.0888519287109375,-0.1370709389448166,0.09341618418693542,0.10614993423223495,0.18739153444766998,0.008597515523433685,1.0,0.252149298787117,-0.15204767137765884,0.15090252459049225,-0.11968915909528732,0.18739153444766998,-0.1370709389448166,1.0
1790268588.6244025,40.91994786262512,816,0,16,-0.06000709533691406,-0.23406219482421875,0.22295871376991272,0.16396987438201904,0.3040129542350769,0.01715988665819168,1.0,13,0.12065711617469788,-0.06046588718891144,0.05594322457909584,0.08936992287635803,0.1587328314781189,0.00555372703820467,1.0,39,0.08640582859516144,-0.1088968887925148,0.03432326391339302,0.021452661603689194,0.1411852091550827,0.0011149345664307475,1.0,68,0.06403575092554092,-0.1142396330833435,0.11108455061912537,0.091966912150383,0.16025173664093018,0.0028167839627712965,1.0,0.2313728928565979,-0.1472640410065651,0.1411852091550827,-0.1088968887925148,0.16025173664093018,-0.1142396330833435,1.0
1790268588.6763444,40.97188973426819,817,0,16,-0.06278514862060547,-0.16297626495361328,0.18323400616645813,0.12191407382488251,0.22601331770420074,0.005145061761140823,1.0,13,0.06841806322336197,-0.055938720703125,0.05035310611128807,0.031669363379478455,0.10270904004573822,0.0035550175234675407,1.0,39,0.06210561841726303,-0.053519222885370255,0.01793050765991211,0.016175758093595505,0.08321399986743927,0.001009404077194631,1.0,68,0.03877505287528038,-0.05997377261519432,0.08888040482997894,0.06561330705881119,0.09749153256416321,0.0012711321469396353,1.0,0.16436117887496948,-0.10945749282836914,0.08321399986743927,-0.053519222885370255,0.09749153256416321,-0.05997377261519432,1.0
1790268588.7245388,41.02008414268494,818,0,16,0.0024890899658203125,-0.08073616027832031,0.05893674120306969,0.034730564802885056,0.09919141978025436,0.001727487426251173,1.0,13,0.05472036451101303,-0.022146372124552727,0.04091190546751022,0.026427652686834335,0.06634671241044998,0.002296523656696081,1.0,39,0.06811210513114929,-0.02635466679930687,0.016677074134349823,0.015985572710633278,0.07448188960552216,0.0007598332013003528,1.0,68,0.04349158704280853,-0.02862302027642727,0.03628603368997574,0.0273366030305624,0.06350897997617722,0.0009255000622943044,1.0,0.08276906609535217,-0.05144126620143652,0.07448188960552216,-0.02635466679930687,0.06350897997617722,-0.02862302027642727,1.0
1790268588.7763638,41.07190918922424,819,0,16,-0.045436859130859375,-0.09157848358154297,0.12415487319231033,0.07236684858798981,0.14357036352157593,0.004204952623695135,1.0,13,0.05554903298616409,-0.0030928391497582197,0.03954396769404411,0.023838086053729057,0.061490532010793686,0.0019240225665271282,1.0,39,0.051176413893699646,-0.012594761326909065,0.019102705642580986,0.02299559861421585,0.05767064914107323,0.0008222474134527147,1.0,68,0.036123163998126984,-0.0246261153370142,0.06487308442592621,0.03831265866756439,0.06863091140985489,0.0010108196875080466,1.0,0.1025304477661848,-0.047335661365650594,0.05767064914107323,-0.012594761326909065,0.06863091140985489,-0.0246261153370142,1.0
1790268588.8242805,41.11982583999634,820,0,16,-0.0040187835693359375,-0.06655406951904297,0.07781574130058289,0.04599529132246971,0.10146544873714447,0.002175780013203621,1.0,13,0.03650137037038803,-0.008507361635565758,0.02163737080991268,0.027338437736034393,0.0479188933968544,0.001876603695563972,1.0,39,0.06128242611885071,-0.015633998438715935,0.03645803779363632,0.02002006396651268,0.06747087091207504,0.0008631179807707667,1.0,68,0.040886372327804565,-0.024079378694295883,0.04317815974354744,0.02918728068470955,0.06190470978617668,0.0011618782300502062,1.0,0.07469217106699944,-0.03753071557730436,0.06747087091207504,-0.015633998438715935,0.06190470978617668,-0.024079378694295883,1.0
1790268588.8763406,41.17188596725464,821,0,16,0.009554862976074219,-0.050319671630859375,0.045057933777570724,0.024474265053868294,0.06899812072515488,0.0010885456576943398,1.0,13,0.05135404318571091,-0.03198711574077606,0.02443590946495533,0.04065011441707611,0.06704079359769821,0.0016595592023804784,1.0,39,0.041624411940574646,-0.024239564314484596,0.016674594953656197,0.01588691771030426,0.05051916837692261,0.0006937579601071775,1.0,68,0.035533905029296875,-0.023320253938436508,0.028147373348474503,0.027039512991905212,0.05233670398592949,0.0006387003231793642,1.0,0.06801945716142654,-0.04115339368581772,0.05051916837692261,-0.024239564314484596,0.05233670398592949,-0.023320253938436508,1.0
1790268588.9282405,41.22378587722778,822,0,16,0.014721870422363281,-0.050991058349609375,0.048209622502326965,0.035194817930459976,0.07687412202358246,0.0013099234784021974,1.0,13,0.041644755750894547,-0.025826087221503258,0.024465980008244514,0.05076252669095993,0.06767839938402176,0.0024501136504113674,1.0,39,0.04307751730084419,-0.015992384403944016,0.021952444687485695,0.01728340983390808,0.04890140891075134,0.0007047428516671062,1.0,68,0.035257451236248016,-0.0150443809106946,0.02781769074499607,0.025588173419237137,0.048510629683732986,0.0008891875040717423,1.0,0.07227626070380211,-0.038408572785556316,0.04890140891075134,-0.015992384403944016,0.048510629683732986,-0.0150443809106946,1.0
1790268588.9764693,41.27201461791992,823,0,16,0.020272254943847656,-0.03342247009277344,0.02800435572862625,0.015244921669363976,0.04670034348964691,0.0009369396138936281,1.0,13,0.04938448220491409,-0.015565138310194016,0.03648388013243675,0.036678772419691086,0.06620253622531891,0.0036734729073941708,1.0,39,0.034150734543800354,-0.005049094092100859,0.018315104767680168,0.01613168604671955,0.038614410907030106,0.0006723763071931899,1.0,68,0.029961979016661644,-0.013151168823242188,0.018781784921884537,0.021206175908446312,0.04005296155810356,0.0005895303329452872,1.0,0.05645143985748291,-0.024493804201483727,0.038614410907030106,-0.005049094092100859,0.04005296155810356,-0.013151168823242188,1.0
1790268589.0284417,41.32398700714111,824,0,16,0.011474609375,-0.017624855041503906,0.009843483567237854,0.01908850111067295,0.028337521478533745,0.0005496511003002524,1.0,13,0.02972646802663803,0.007805457338690758,0.026547180488705635,0.02289281226694584,0.04179755970835686,0.0008194195106625557,1.0,39,0.021267622709274292,0.008458063937723637,0.017468079924583435,0.009932700544595718,0.026175284758210182,0.0004973890609107912,1.0,68,0.017171747982501984,0.006350012496113777,0.012985839508473873,0.016913313418626785,0.025531020015478134,0.00054716388694942,1.0,0.0350675405934453,-0.004909698851406574,0.026175284758210182,0.008458063937723637,0.025531020015478134,0.006350012496113777,1.0
1790268589.0764158,41.37196111679077,825,1,16,0.003704071044921875,0.0036373138427734375,0.03078203834593296,0.01338148396462202,0.02961980178952217,0.0005939244292676449,1.0,13,0.02206186205148697,-0.040435791015625,0.03138808161020279,0.03504225239157677,0.061442382633686066,0.0022220718674361706,1.0,39,0.02553069218993187,0.012539203278720379,0.017969852313399315,0.012487554922699928,0.03296148031949997,0.0006136000156402588,1.0,68,0.023553287610411644,0.008422963321208954,0.021214192733168602,0.018226662650704384,0.03380545973777771,0.000667811487801373,1.0,0.04553109221160412,-0.01839923858642578,0.03296148031949997,0.012539203278720379,0.03380545973777771,0.008422963321208954,1.0
1790268589.1284542,41.423999547958374,826,0,16,0.028173446655273438,-0.017441749572753906,0.008570007979869843,0.02047666534781456,0.038595497608184814,0.0006857575499452651,1.0,13,0.05252779275178909,0.015460674650967121,0.021454419940710068,0.029109962284564972,0.06179212033748627,0.0016711225034669042,1.0,39,0.03963646665215492,-0.0053804838098585606,0.020484065636992455,0.020066004246473312,0.04615696519613266,0.0007827611407265067,1.0,68,0.035839080810546875,-0.007256900426000357,0.016013450920581818,0.015848109498620033,0.03994786739349365,0.0007312451489269733,1.0,0.05019380897283554,-0.0009905374608933926,0.04615696519613266,-0.0053804838098585606,0.03994786739349365,-0.007256900426000357,1.0
1790268589.180212,41.475757360458374,827,0,16,0.04824638366699219,-0.048842430114746094,0.02453017234802246,0.018464263528585434,0.07355310022830963,0.0006588245159946382,1.0,13,0.054215651005506516,-0.02318044751882553,0.05115177109837532,0.05000435933470726,0.08727395534515381,0.0043712276965379715,1.0,39,0.04796385020017624,-0.027780776843428612,0.01826951466500759,0.015222498215734959,0.056719064712524414,0.0005314169684424996,1.0,68,0.0437958650290966,-0.021766774356365204,0.0199202261865139,0.023925254121422768,0.05344919115304947,0.0006226119585335255,1.0,0.08041352778673172,-0.03601143881678581,0.056719064712524414,-0.027780776843428612,0.05344919115304947,-0.021766774356365204,1.0
1790268589.2285218,41.52406716346741,828,0,16,0.10457134246826172,-0.0484619140625,0.03681303933262825,0.03221559152007103,0.1196947917342186,0.0006909741787239909,1.0,13,0.08692814409732819,-0.020129863172769547,0.037575267255306244,0.03124532476067543,0.09515996277332306,0.002151759574189782,1.0,39,0.07276838272809982,-0.04179617017507553,0.022764403373003006,0.016972515732049942,0.08540666103363037,0.0007398794987238944,1.0,68,0.07664354890584946,-0.03629818931221962,0.03406621515750885,0.023456646129488945,0.08725036680698395,0.0007585244020447135,1.0,0.10742737725377083,-0.03429588861763477,0.08540666103363037,-0.04179617017507553,0.08725036680698395,-0.03629818931221962,1.0
1790268589.2804737,41.576019048690796,829,0,16,0.0977792739868164,-0.04601287841796875,0.02843567542731762,0.035865701735019684,0.11438776552677155,0.0009730650344863534,1.0,13,0.09578059613704681,-0.007170456927269697,0.01904485933482647,0.04029813036322594,0.10298066586256027,0.00162044120952487,1.0,39,0.07641053944826126,-0.04363074526190758,0.024428609758615494,0.020023472607135773,0.08953630924224854,0.0005955214146524668,1.0,68,0.08036916702985764,-0.04561861976981163,0.02491253800690174,0.02998640201985836,0.09632328897714615,0.0007902527577243745,1.0,0.10868421569466591,-0.026591667672619224,0.08953630924224854,-0.04363074526190758,0.09632328897714615,-0.04561861976981163,1.0
1790268589.328667,41.62421226501465,830,0,16,0.12427139282226562,-0.056115150451660156,0.03877279907464981,0.020904093980789185,0.1387513428926468,0.0007475788006559014,1.0,13,0.07862736284732819,-0.06107154116034508,0.024906400591135025,0.043955251574516296,0.10569750517606735,0.0017309724353253841,1.0,39,0.09863241761922836,-0.04401456564664841,0.028074020519852638,0.022650571539998055,0.11022487282752991,0.0013183895498514175,1.0,68,0.09328258782625198,-0.03984181955456734,0.03547753021121025,0.023892853409051895,0.10415862500667572,0.0008433895418420434,1.0,0.12222442403435707,-0.05859334580600262,0.11022487282752991,-0.04401456564664841,0.10415862500667572,-0.03984181955456734,1.0
1790268589.3805654,41.67611074447632,831,0,16,0.08139419555664062,-0.031223297119140625,0.014482870697975159,0.010952826589345932,0.08773675560951233,0.0008080214029178023,1.0,13,0.07610379904508591,-0.022228535264730453,0.03457816690206528,0.028672045096755028,0.08523383736610413,0.0022085062228143215,1.0,39,0.07551378756761551,-0.035691481083631516,0.028595957905054092,0.017473971471190453,0.08615093678236008,0.0010672826319932938,1.0,68,0.07684483379125595,-0.032860588282346725,0.024037988856434822,0.01543634757399559,0.08530112355947495,0.0007269158377312124,1.0,0.08648529648780823,-0.02672591619193554,0.08615093678236008,-0.035691481083631516,0.08530112355947495,-0.032860588282346725,1.0
1790268589.4322202,41.72776556015015,832,0,16,0.0842294692993164,-0.03501129150390625,0.015170596539974213,0.010853558778762817,0.0917908176779747,0.001177416299469769,1.0,13,0.08590463548898697,-0.0026174692902714014,0.02140967734158039,0.024399440735578537,0.08963415026664734,0.0019557932391762733,1.0,39,0.07556739449501038,-0.03235450014472008,0.027656875550746918,0.015518931671977043,0.08362254500389099,0.0005820078076794744,1.0,68,0.07784989476203918,-0.02657407894730568,0.02921232208609581,0.02031897008419037,0.08457876741886139,0.0006433333037421107,1.0,0.09071248397231102,-0.018814380397088826,0.08362254500389099,-0.03235450014472008,0.08457876741886139,-0.02657407894730568,1.0
1790268589.4801347,41.77568006515503,833,0,16,0.07903575897216797,-0.024599075317382812,0.01444967370480299,0.020464254543185234,0.08525772392749786,0.0005705677322112024,1.0,13,0.09487680345773697,-0.004136305768042803,0.020728284493088722,0.023661861196160316,0.09760088473558426,0.0026294365525245667,1.0,39,0.07822828739881516,-0.029125899076461792,0.022739313542842865,0.017502542585134506,0.0849590003490448,0.0007892330759204924,1.0,68,0.07078731805086136,-0.021051183342933655,0.026321928948163986,0.015557351522147655,0.07536398619413376,0.0006050683441571891,1.0,0.09142930433154106,-0.014367690542712808,0.0849590003490448,-0.029125899076461792,0.07536398619413376,-0.021051183342933655,1.0
1790268589.5323064,41.82785177230835,834,0,16,0.07864570617675781,-0.022907257080078125,0.01688162423670292,0.02242954820394516,0.08472850918769836,0.0007748644566163421,1.0,13,0.06987117230892181,0.0086822509765625,0.020652934908866882,0.028860270977020264,0.07618914544582367,0.0020168148912489414,1.0,39,0.06467105448246002,-0.02798970602452755,0.01640062965452671,0.011970202438533306,0.07140184938907623,0.0008099186234176159,1.0,68,0.06369220465421677,-0.02388180047273636,0.02233869396150112,0.02259979583323002,0.07178980112075806,0.0006133110146038234,1.0,0.08045882731676102,-0.0071125030517578125,0.07140184938907623,-0.02798970602452755,0.07178980112075806,-0.02388180047273636,1.0
1790268589.5807421,41.87628746032715,835,0,16,0.0589447021484375,-0.023319244384765625,0.01786140911281109,0.010189780034124851,0.06461966037750244,0.0009365022415295243,1.0,13,0.087158203125,-0.010401799343526363,0.030817314982414246,0.0377190038561821,0.09570859372615814,0.002269027754664421,1.0,39,0.03672086447477341,-0.003534561488777399,0.01791934296488762,0.013479957357048988,0.0404277928173542,0.0007530594011768699,1.0,68,0.044281005859375,-0.00944260973483324,0.022490957751870155,0.01617595925927162,0.04834567382931709,0.0007249212358146906,1.0,0.08016412705183029,-0.016860521864145994,0.0404277928173542,-0.003534561488777399,0.04834567382931709,-0.00944260973483324,1.0
1790268589.63262,41.928165435791016,836,0,16,0.046029090881347656,-0.02661418914794922,0.009022751823067665,0.00941259041428566,0.054062359035015106,0.00048562418669462204,1.0,13,0.052234355360269547,-0.004835862200707197,0.02704382687807083,0.022819485515356064,0.058365847915410995,0.0014062486588954926,1.0,39,0.04805970937013626,-0.01230601780116558,0.014407383278012276,0.01564820297062397,0.05209287628531456,0.0007221271516755223,1.0,68,0.04404786229133606,-0.015499788336455822,0.016372935846447945,0.015762900933623314,0.04931735247373581,0.0005930324550718069,1.0,0.05621410347521305,-0.015725025674328208,0.05209287628531456,-0.01230601780116558,0.04931735247373581,-0.015499788336455822,1.0
1790268589.6846418,41.98018717765808,837,0,16,0.057023048400878906,-0.015903472900390625,0.025340227410197258,0.006227828096598387,0.059900134801864624,0.0007915662135928869,1.0,13,0.03733238950371742,0.017555823549628258,0.01848648302257061,0.03896917402744293,0.0524715855717659,0.0009791941847652197,1.0,39,0.03053009882569313,0.0004366361245047301,0.013541221618652344,0.011787226423621178,0.03271287679672241,0.0007016497547738254,1.0,68,0.029292162507772446,-0.006913577672094107,0.02287236973643303,0.014034255407750607,0.03446929156780243,0.0006051719537936151,1.0,0.05618586018681526,0.0008261753246188164,0.03271287679672241,0.0004366361245047301,0.03446929156780243,-0.006913577672094107,1.0
1790268589.732383,42.02792835235596,838,0,16,0.021959304809570312,-0.0022525787353515625,0.008653820492327213,0.006002381443977356,0.023021891713142395,0.0006417792174033821,1.0,13,0.04278329759836197,0.008634126745164394,0.04374241456389427,0.021939389407634735,0.058678265661001205,0.0013759888242930174,1.0,39,0.013503637164831161,0.00717358710244298,0.023128274828195572,0.02124890312552452,0.031113162636756897,0.0006610790733247995,1.0,68,0.020029854029417038,0.00945955142378807,0.017906060442328453,0.019416658207774162,0.02992314100265503,0.0005465624271892011,1.0,0.0408500786870718,0.003190774004906416,0.031113162636756897,0.00717358710244298,0.02992314100265503,0.00945955142378807,1.0
1790268589.7844515,42.079996824264526,839,0,16,0.02318096160888672,-0.001338958740234375,0.01161304023116827,0.007827505469322205,0.024768266826868057,0.0005140160792507231,1.0,13,0.025320200249552727,0.00021714430477004498,0.014029205776751041,0.027313614264130592,0.03707621619105339,0.0011176279513165355,1.0,39,0.024141360074281693,0.0253143310546875,0.016551991924643517,0.020181013271212578,0.03991466760635376,0.0007718537817709148,1.0,68,0.018185334280133247,0.009469985961914062,0.009916248731315136,0.015535471960902214,0.025173135101795197,0.000483049574540928,1.0,0.030922241508960724,-0.000560907217732165,0.03991466760635376,0.0253143310546875,0.025173135101795197,0.009469985961914062,1.0
1790268589.8323302,42.127875566482544,840,1,16,0.02966022491455078,0.012658119201660156,0.01100411731749773,0.006706953980028629,0.03318820148706436,0.0003325706929899752,1.0,13,0.02865131013095379,0.014482938684523106,0.026464076712727547,0.029863456264138222,0.04101608321070671,0.0013919209595769644,1.0,39,0.01754721626639366,0.019617324694991112,0.015856150537729263,0.015322535298764706,0.032167788594961166,0.0007675380911678076,1.0,68,0.022652121260762215,0.010931126773357391,0.0140699353069067,0.01477320957928896,0.030512714758515358,0.0005306333187036216,1.0,0.037102142348885536,0.013570528943091631,0.032167788594961166,0.019617324694991112,0.030512714758515358,0.010931126773357391,1.0
1790268589.884481,42.1800262928009,841,0,16,0.04094696044921875,0.009904861450195312,0.013770719058811665,0.017455143854022026,0.046020373702049255,0.0005074398359283805,1.0,13,0.037003736943006516,-0.01824716478586197,0.02926214039325714,0.025342173874378204,0.052527859807014465,0.0012160385958850384,1.0,39,0.029746422544121742,0.003887861268594861,0.016017841175198555,0.010550984181463718,0.03231647610664368,0.0007099533104337752,1.0,68,0.028418373316526413,0.004173166584223509,0.014109378680586815,0.014867899008095264,0.03292624652385712,0.00044560819515027106,1.0,0.04927411675453186,-0.004171151667833328,0.03231647610664368,0.003887861268594861,0.03292624652385712,0.004173166584223509,1.0
1790268589.9364285,42.23197388648987,842,0,16,0.052315711975097656,-0.017152786254882812,0.022831646725535393,0.016895201057195663,0.058229342103004456,0.0008327792165800929,1.0,13,0.04367769509553909,0.010946420952677727,0.018816553056240082,0.027022186666727066,0.05346826836466789,0.0012441915459930897,1.0,39,0.026100745424628258,-0.006725604645907879,0.014984131790697575,0.01472580898553133,0.031111983582377434,0.0007484227535314858,1.0,68,0.03237488865852356,-0.010844623669981956,0.01972900703549385,0.015583998523652554,0.03854268044233322,0.0005262707127258182,1.0,0.055848805233836174,-0.003103182651102543,0.031111983582377434,-0.006725604645907879,0.03854268044233322,-0.010844623669981956,1.0
1790268589.984385,42.27993035316467,843,0,16,0.05754280090332031,-0.041790008544921875,0.029271002858877182,0.007811384741216898,0.0734882578253746,0.0009165989467874169,1.0,13,0.05945763364434242,0.004685622174292803,0.03381919115781784,0.050565455108881,0.07195354998111725,0.0014588144840672612,1.0,39,0.033191386610269547,-0.039310943335294724,0.01735535077750683,0.02199641242623329,0.05567998066544533,0.0006957938894629478,1.0,68,0.039339400827884674,-0.03481943532824516,0.023763472214341164,0.024204373359680176,0.057280853390693665,0.0006733355694450438,1.0,0.07272090390324593,-0.018552193185314536,0.05567998066544533,-0.039310943335294724,0.057280853390693665,-0.03481943532824516,1.0
1790268590.0362747,42.331820011138916,844,0,16,0.04992485046386719,-0.0560150146484375,0.026111271232366562,0.024785833433270454,0.07990482449531555,0.00048797932686284184,1.0,13,0.02147967927157879,-0.046657856553792953,0.02761772647500038,0.031144186854362488,0.0594785176217556,0.0015897511038929224,1.0,39,0.006745949853211641,-0.05933399870991707,0.016712026670575142,0.015745218843221664,0.06171121820807457,0.0005887409206479788,1.0,68,0.028444401919841766,-0.05326360836625099,0.026834998279809952,0.027344921603798866,0.06799736618995667,0.00077200768282637,1.0,0.06969167105853558,-0.05133643560111523,0.06171121820807457,-0.05933399870991707,0.06799736618995667,-0.05326360836625099,1.0
1790268590.0843213,42.37986660003662,845,0,16,0.04732704162597656,-0.06538867950439453,0.008822725154459476,0.013181294314563274,0.0815504938364029,0.0006010778015479445,1.0,13,0.004072922747582197,-0.029445942491292953,0.02849055826663971,0.02861821837723255,0.044918205589056015,0.002045195084065199,1.0,39,0.011940589174628258,-0.08752715587615967,0.018385332077741623,0.024880051612854004,0.09051137417554855,0.0010148093570023775,1.0,68,0.026326123625040054,-0.062291424721479416,0.026276206597685814,0.03942340612411499,0.07565595954656601,0.0006570842233486474,1.0,0.06323434971272945,-0.04741731099784374,0.09051137417554855,-0.08752715587615967,0.07565595954656601,-0.062291424721479416,1.0
1790268590.1364737,42.432018995285034,846,0,16,0.01570892333984375,-0.07793903350830078,0.017909754067659378,0.01065324991941452,0.0816866010427475,0.0006409512716345489,1.0,13,-0.031118540093302727,-0.07249920070171356,0.04690944775938988,0.026849092915654182,0.08801288157701492,0.0020045919809490442,1.0,39,-0.0068868002854287624,-0.10168496519327164,0.022437863051891327,0.020043496042490005,0.10436273366212845,0.0010715046664699912,1.0,68,0.008493535220623016,-0.08051098138093948,0.024971915408968925,0.038749292492866516,0.08771287649869919,0.0006927298381924629,1.0,0.08484974130988121,-0.07521911710500717,0.10436273366212845,-0.10168496519327164,0.08771287649869919,-0.08051098138093948,1.0
1790268590.1883793,42.48392462730408,847,0,16,-0.0011911392211914062,-0.06663799285888672,0.01649090275168419,0.022231165319681168,0.06918707489967346,0.0007928881095722318,1.0,13,-0.006523719057440758,-0.03936180844902992,0.021280286833643913,0.04936956241726875,0.057233214378356934,0.0014884582487866282,1.0,39,-0.02448800951242447,-0.11271823942661285,0.024071387946605682,0.017856888473033905,0.11739297956228256,0.0014295356813818216,1.0,68,-0.009482888504862785,-0.08165987581014633,0.03212020918726921,0.04232316091656685,0.09050589054822922,0.000942701124586165,1.0,0.0632101446390152,-0.05299990065395832,0.11739297956228256,-0.11271823942661285,0.09050589054822922,-0.08165987581014633,1.0
1790268590.2364,42.53194522857666,848,0,16,-0.0035009384155273438,-0.0906820297241211,0.025771858170628548,0.020389484241604805,0.09428334981203079,0.0007281339494511485,1.0,13,-0.033982496708631516,-0.0874481201171875,0.020789967849850655,0.03368223458528519,0.09613227844238281,0.0027041700668632984,1.0,39,-0.059895049780607224,-0.15004123747348785,0.03035665862262249,0.03813441842794418,0.1652558594942093,0.0015583977801725268,1.0,68,-0.024653490632772446,-0.10939665138721466,0.04007205367088318,0.05849451199173927,0.11818285286426544,0.001047326484695077,1.0,0.0952078141272068,-0.0890650749206543,0.1652558594942093,-0.15004123747348785,0.11818285286426544,-0.10939665138721466,1.0
1790268590.2883117,42.58385705947876,849,0,16,0.0065441131591796875,-0.05857372283935547,0.01796101965010166,0.010737266391515732,0.06168844923377037,0.0006726786959916353,1.0,13,-0.05111459642648697,-0.07865436375141144,0.03768600896000862,0.04787718877196312,0.10524383187294006,0.0020274685230106115,1.0,39,-0.037652432918548584,-0.11185005307197571,0.01647660881280899,0.019919289276003838,0.11927536129951477,0.0011488291202113032,1.0,68,-0.016581816598773003,-0.08642309159040451,0.027779459953308105,0.040159158408641815,0.09312166273593903,0.0008512589847669005,1.0,0.08346614055335522,-0.06861404329538345,0.11927536129951477,-0.11185005307197571,0.09312166273593903,-0.08642309159040451,1.0
1790268590.3364463,42.63199162483215,850,0,16,0.25551509857177734,0.1642618179321289,0.4080030918121338,0.21434524655342102,0.35342419147491455,0.022072987630963326,1.0,13,-0.10594764351844788,-0.05328955873847008,0.14178882539272308,0.06635229289531708,0.14062665402889252,0.004989040549844503,1.0,39,-0.05711090937256813,-0.08401528745889664,0.03005979210138321,0.021314824000000954,0.10579737275838852,0.0011050219181925058,1.0,68,0.0027584750205278397,-0.03369533270597458,0.19924257695674896,0.1198045164346695,0.12282148748636246,0.004349836613982916,1.0,0.24702542275190353,0.055486129596829414,0.10579737275838852,-0.08401528745889664,0.12282148748636246,-0.03369533270597458,1.0
1790268590.3884442,42.68398952484131,851,0,16,0.4357643127441406,0.3080892562866211,0.650976300239563,0.31813114881515503,0.6148425936698914,0.14127397537231445,1.0,13,-0.16041682660579681,-0.01595013029873371,0.14963343739509583,0.12109635770320892,0.1955217719078064,0.017784953117370605,1.0,39,-0.09387637674808502,-0.02520517259836197,0.032800983637571335,0.02683783322572708,0.1007477417588234,0.0011506722075864673,1.0,68,-0.005675371736288071,0.03099609911441803,0.3297686278820038,0.17246082425117493,0.18070220947265625,0.022056443616747856,1.0,0.4051821827888489,0.1460695629939437,0.1007477417588234,-0.02520517259836197,0.18070220947265625,0.03099609911441803,1.0
1790268590.4404445,42.735989809036255,852,0,16,-0.10854911804199219,0.07409381866455078,0.10231088846921921,0.07298259437084198,0.17090323567390442,0.005770091898739338,1.0,13,-0.13351204991340637,0.014801025390625,0.06578010320663452,0.09315414726734161,0.15890958905220032,0.007915530353784561,1.0,39,-0.11304298043251038,0.018781613558530807,0.03675123676657677,0.02979978360235691,0.11882542073726654,0.0012785651488229632,1.0,68,-0.12124656140804291,0.03684548661112785,0.0663263201713562,0.043854281306266785,0.13728830218315125,0.002331505296751857,1.0,0.16490641236305237,0.04444742202758789,0.11882542073726654,0.018781613558530807,0.13728830218315125,0.03684548661112785,1.0
1790268590.4884772,42.78402256965637,853,0,16,-0.2506904602050781,0.0874176025390625,0.12202773243188858,0.04270312190055847,0.2701660692691803,0.00254432437941432,1.0,13,-0.17756770551204681,0.042660053819417953,0.036798469722270966,0.1565888226032257,0.22574307024478912,0.006936308927834034,1.0,39,-0.17028339207172394,0.0604197196662426,0.044622041285037994,0.03184456005692482,0.18323415517807007,0.0016060133930295706,1.0,68,-0.18213653564453125,0.05609680712223053,0.0794360414147377,0.04670095816254616,0.19493000209331512,0.0018274516332894564,1.0,0.2479545697569847,0.06503882817924023,0.18323415517807007,0.0604197196662426,0.19493000209331512,0.05609680712223053,1.0
1790268590.5406356,42.83618092536926,854,0,16,-0.23604106903076172,0.10076141357421875,0.09538772702217102,0.0618860200047493,0.2600618898868561,0.003416681895032525,1.0,13,-0.19005878269672394,0.03260216489434242,0.06784702092409134,0.023488935083150864,0.19383588433265686,0.004232964478433132,1.0,39,-0.18165509402751923,0.04251841828227043,0.060950227081775665,0.025456910952925682,0.18823373317718506,0.0014087752206251025,1.0,68,-0.1858614683151245,0.064666748046875,0.07806346565485,0.05048156529664993,0.20054610073566437,0.0016932929866015911,1.0,0.22694888710975647,0.06668178923428059,0.18823373317718506,0.04251841828227043,0.20054610073566437,0.064666748046875,1.0
1790268590.5882668,42.88381218910217,855,1,16,-0.21034622192382812,0.1052541732788086,0.04676096513867378,0.03394904360175133,0.23821201920509338,0.001474118558689952,1.0,13,-0.17689162492752075,0.010331373661756516,0.06351687759160995,0.061879441142082214,0.18943558633327484,0.0021715399343520403,1.0,39,-0.1615835279226303,0.06709524244070053,0.04372341185808182,0.025105301290750504,0.17650029063224792,0.0010501572396606207,1.0,68,-0.16280139982700348,0.07124306261539459,0.06740047037601471,0.04655296355485916,0.18435078859329224,0.0011585647007450461,1.0,0.2138238027691841,0.057792773470282555,0.17650029063224792,0.06709524244070053,0.18435078859329224,0.07124306261539459,1.0
1790268590.6401763,42.93572163581848,856,0,16,-0.2232799530029297,0.16083717346191406,0.05097062885761261,0.03331154212355614,0.27838823199272156,0.0021867784671485424,1.0,13,-0.14408992230892181,0.02303842455148697,0.020146222785115242,0.027546696364879608,0.14887069165706635,0.002636606339365244,1.0,39,-0.09507164359092712,0.09141344577074051,0.0322563610970974,0.034503258764743805,0.13741855323314667,0.0009772060438990593,1.0,68,-0.11941505968570709,0.09785472601652145,0.07930585741996765,0.0680345669388771,0.16580921411514282,0.0012786851730197668,1.0,0.21362946182489395,0.09193779900670052,0.13741855323314667,0.09141344577074051,0.16580921411514282,0.09785472601652145,1.0
1790268590.692459,42.98800444602966,857,0,16,-0.2778749465942383,0.238433837890625,0.05035826191306114,0.03135976195335388,0.36890584230422974,0.003620523028075695,1.0,13,-0.17514507472515106,0.0011174128158017993,0.04547271132469177,0.07181273400783539,0.1858549863100052,0.004381667822599411,1.0,39,-0.06863442808389664,0.1712615191936493,0.0525931753218174,0.08311688899993896,0.18898852169513702,0.0024034662637859583,1.0,68,-0.12342856824398041,0.16993388533592224,0.11444627493619919,0.09675535559654236,0.22919735312461853,0.0022449418902397156,1.0,0.27738041430711746,0.1197756253532134,0.18898852169513702,0.1712615191936493,0.22919735312461853,0.16993388533592224,1.0
1790268590.7403448,43.035890102386475,858,0,16,-0.1372509002685547,0.18986797332763672,0.06675266474485397,0.044844258576631546,0.2378459870815277,0.0020731149706989527,1.0,13,-0.18921837210655212,0.07312715798616409,0.05185559391975403,0.05452704429626465,0.21024037897586823,0.003012291621416807,1.0,39,-0.09691600501537323,0.1581776887178421,0.024763815104961395,0.04859531298279762,0.18877379596233368,0.0016944754170253873,1.0,68,-0.110964834690094,0.1554032564163208,0.06429176777601242,0.07178947329521179,0.2023889422416687,0.0014656881103292108,1.0,0.22404318302869797,0.1314975656569004,0.18877379596233368,0.1581776887178421,0.2023889422416687,0.1554032564163208,1.0
1790268590.792202,43.08774733543396,859,0,16,-0.06211090087890625,0.09606361389160156,0.05360408127307892,0.05017320066690445,0.12956008315086365,0.0019266833551228046,1.0,13,-0.09893798828125,0.04602285474538803,0.053887173533439636,0.03548264503479004,0.1129380390048027,0.0022631646133959293,1.0,39,-0.06374691426753998,0.0925394669175148,0.03455258533358574,0.024838898330926895,0.11571981012821198,0.0010685132583603263,1.0,68,-0.06341036409139633,0.07605451345443726,0.03588232025504112,0.04072863608598709,0.10520917922258377,0.001015047775581479,1.0,0.12124906107783318,0.0710432343184948,0.11571981012821198,0.0925394669175148,0.10520917922258377,0.07605451345443726,1.0
1790268590.8402333,43.1357786655426,860,0,16,0.008635520935058594,0.025951385498046875,0.14936821162700653,0.05681106448173523,0.13115575909614563,0.005429672077298164,1.0,13,-0.02298208326101303,0.028143076226115227,0.08799253404140472,0.09195028245449066,0.11311694979667664,0.014057456515729427,1.0,39,-0.02314484491944313,0.0346577949821949,0.026444057002663612,0.02176281064748764,0.0471113920211792,0.0008295471780002117,1.0,68,-0.017569823190569878,0.01716703549027443,0.06547201424837112,0.033659353852272034,0.055847249925136566,0.0019619017839431763,1.0,0.12213635444641113,0.02704723086208105,0.0471113920211792,0.0346577949821949,0.055847249925136566,0.01716703549027443,1.0
1790268590.8925347,43.188080072402954,861,0,16,0.013894081115722656,-0.06764698028564453,0.12794823944568634,0.07022039592266083,0.12450923025608063,0.00963648222386837,1.0,13,0.00048828125,-0.035007182508707047,0.05214178189635277,0.05709373578429222,0.06619253754615784,0.007308585103601217,1.0,39,0.005146906711161137,-0.005130474455654621,0.027867844328284264,0.01985577866435051,0.029702691361308098,0.0009622802026569843,1.0,68,0.005951376631855965,-0.020769119262695312,0.06212518364191055,0.04496289789676666,0.045814935117959976,0.0024538214784115553,1.0,0.09535088390111923,-0.05132708139717579,0.029702691361308098,-0.005130474455654621,0.045814935117959976,-0.020769119262695312,1.0
1790268590.94468,43.240225315093994,862,0,16,-0.04117870330810547,-0.11787986755371094,0.09925515949726105,0.10541657358407974,0.14206433296203613,0.009688087739050388,1.0,13,0.01901479810476303,-0.027035053819417953,0.017920682206749916,0.03063950128853321,0.04128754138946533,0.0016289217164739966,1.0,39,0.01117725856602192,-0.033477783203125,0.017978237941861153,0.01918925531208515,0.03992890566587448,0.0007122514653019607,1.0,68,-0.00281524658203125,-0.04848816990852356,0.05654885619878769,0.0657641738653183,0.06354202330112457,0.002180116018280387,1.0,0.09167593717575073,-0.07245746068656445,0.03992890566587448,-0.033477783203125,0.06354202330112457,-0.04848816990852356,1.0
1790268590.9926598,43.28820514678955,863,0,16,-0.11838912963867188,-0.12349319458007812,0.17857860028743744,0.10157256573438644,0.19173753261566162,0.03894078731536865,1.0,13,0.009312556125223637,-0.030727680772542953,0.030755510553717613,0.036931004375219345,0.05112799257040024,0.002021191408857703,1.0,39,0.006411429960280657,-0.027713090181350708,0.018778184428811073,0.013658245094120502,0.03422115370631218,0.0005643887561745942,1.0,68,-0.010759465396404266,-0.04363587498664856,0.08334533125162125,0.05853886902332306,0.06092412397265434,0.006784320343285799,1.0,0.12143276259303093,-0.07711043767631054,0.03422115370631218,-0.027713090181350708,0.06092412397265434,-0.04363587498664856,1.0
1790268591.0445654,43.340110778808594,864,0,16,-0.12381649017333984,-0.1384258270263672,0.1800592839717865,0.13057318329811096,0.20239052176475525,0.015403919853270054,1.0,13,0.018310546875,-0.020345835015177727,0.035924892872571945,0.0402640774846077,0.05196364223957062,0.0025893189013004303,1.0,39,0.0017927121371030807,-0.010679195635020733,0.022061539813876152,0.011197068728506565,0.023696938529610634,0.0006157548632472754,1.0,68,-0.020029405131936073,-0.027905408293008804,0.08725670725107193,0.07099038362503052,0.04953260347247124,0.0020587951876223087,1.0,0.12717708200216293,-0.07938583102077246,0.023696938529610634,-0.010679195635020733,0.04953260347247124,-0.027905408293008804,1.0
1790268591.0924487,43.387994050979614,865,0,16,-0.06627082824707031,-0.06389427185058594,0.11623946577310562,0.06277433782815933,0.11430160701274872,0.0037945557851344347,1.0,13,0.021291879937052727,-0.01994558423757553,0.04375312849879265,0.04408892244100571,0.05122850462794304,0.003760694293305278,1.0,39,0.017428666353225708,0.004723181948065758,0.017023801803588867,0.011022141203284264,0.023707985877990723,0.0005637313006445765,1.0,68,0.0018784018466249108,-0.005288628861308098,0.05544932186603546,0.03276998922228813,0.03563390672206879,0.0011029058368876576,1.0,0.08276505582034588,-0.041919928044080734,0.023707985877990723,0.004723181948065758,0.03563390672206879,-0.005288628861308098,1.0
1790268591.1445746,43.44011998176575,866,0,16,-0.06766414642333984,-0.10209369659423828,0.1309800148010254,0.10541559010744095,0.1510733962059021,0.003132107201963663,1.0,13,0.022082988172769547,-0.009830181486904621,0.016632800921797752,0.043699298053979874,0.046680815517902374,0.003407841082662344,1.0,39,0.022353343665599823,0.0066676996648311615,0.017663972452282906,0.01710079237818718,0.03136351332068443,0.0005893533816561103,1.0,68,0.012958302162587643,-0.014962476678192616,0.06113852560520172,0.055834077298641205,0.04941890761256218,0.0008460780372843146,1.0,0.09887710586190224,-0.05596193904057145,0.03136351332068443,0.0066676996648311615,0.04941890761256218,-0.014962476678192616,1.0
1790268591.1965487,43.49209403991699,867,0,16,0.03437519073486328,-0.08444881439208984,0.0997721254825592,0.07604748755693436,0.1469697803258896,0.002694936003535986,1.0,13,0.08344679325819016,-0.011826734989881516,0.027428200468420982,0.022551821544766426,0.08738167583942413,0.0017700442112982273,1.0,39,0.06030860170722008,-0.03135407343506813,0.02569325640797615,0.01694759540259838,0.0698157548904419,0.0007117837085388601,1.0,68,0.06090433523058891,-0.04132428020238876,0.04829380288720131,0.03918573632836342,0.08804862201213837,0.0007859686738811433,1.0,0.11717572808265686,-0.04813777469098568,0.0698157548904419,-0.03135407343506813,0.08804862201213837,-0.04132428020238876,1.0
1790268591.2445402,43.540085554122925,868,0,16,0.09879207611083984,-0.09688091278076172,0.15065814554691315,0.08671548217535019,0.2106541395187378,0.004304114263504744,1.0,13,0.10387714207172394,-0.011678842827677727,0.03652346134185791,0.03926747664809227,0.10953052341938019,0.003188460599631071,1.0,39,0.12225654721260071,-0.036055345088243484,0.04834090918302536,0.02366269938647747,0.12909430265426636,0.0011064314749091864,1.0,68,0.11615125089883804,-0.0503280870616436,0.07514111697673798,0.04968715086579323,0.14327441155910492,0.0016752730589359999,1.0,0.160092331469059,-0.05427987780421972,0.12909430265426636,-0.036055345088243484,0.14327441155910492,-0.0503280870616436,1.0
1790268591.296531,43.59207630157471,869,0,16,0.14075279235839844,-0.088592529296875,0.05645164102315903,0.0352734699845314,0.17186369001865387,0.002209556521847844,1.0,13,0.12928420305252075,-0.0005399264045991004,0.040336620062589645,0.07152353227138519,0.1455088108778,0.003870039712637663,1.0,39,0.12976504862308502,-0.012011014856398106,0.03472188487648964,0.02217108942568302,0.13250362873077393,0.001075250911526382,1.0,68,0.1220826506614685,-0.03124057501554489,0.04857923835515976,0.037515558302402496,0.13134925067424774,0.0011145550524815917,1.0,0.15868625044822693,-0.04456622785073705,0.13250362873077393,-0.012011014856398106,0.13134925067424774,-0.03124057501554489,1.0
1790268591.3445253,43.64007067680359,870,1,16,0.05903816223144531,-0.032294273376464844,0.06013612821698189,0.02227175608277321,0.0888543352484703,0.0006254187901504338,1.0,13,0.13403084874153137,0.015992384403944016,0.02705816552042961,0.040905434638261795,0.14106479287147522,0.002763782860711217,1.0,39,0.12538734078407288,0.024015769362449646,0.03682498261332512,0.011577608995139599,0.12850485742092133,0.000954171409830451,1.0,68,0.1059660091996193,0.0016157487407326698,0.05280761793255806,0.02556621842086315,0.11293751001358032,0.0009184260852634907,1.0,0.11495956405997276,-0.008150944486260414,0.12850485742092133,0.024015769362449646,0.11293751001358032,0.0016157487407326698,1.0
1790268591.3963695,43.691914796829224,871,0,16,0.04201221466064453,-0.004475593566894531,0.017464859411120415,0.012387829832732677,0.04539654776453972,0.0008476348011754453,1.0,13,0.10416822880506516,0.0121612548828125,0.04223087430000305,0.0497610829770565,0.11627554148435593,0.0018962753238156438,1.0,39,0.11343031376600266,0.045525576919317245,0.03443366661667824,0.019695959985256195,0.12446107715368271,0.0008395066834054887,1.0,68,0.07771974802017212,0.027636921033263206,0.03621836379170418,0.029661165550351143,0.08708657324314117,0.0007671387284062803,1.0,0.08083604462444782,0.0038428306579589844,0.12446107715368271,0.045525576919317245,0.08708657324314117,0.027636921033263206,1.0
1790268591.4481704,43.74371576309204,872,0,16,0.04193305969238281,-0.0038852691650390625,0.029972227290272713,0.01584390550851822,0.047287844121456146,0.0005176395061425865,1.0,13,0.06692035496234894,0.024802574887871742,0.0326375886797905,0.05031883344054222,0.0885566920042038,0.0027996886055916548,1.0,39,0.10382745414972305,0.06601148098707199,0.02592417038977146,0.02312319166958332,0.12580068409442902,0.0009581611957401037,1.0,68,0.07460605353116989,0.035384684801101685,0.03546064719557762,0.037598349153995514,0.08825698494911194,0.0006697423523291945,1.0,0.06792226806282997,0.01045865286141634,0.12580068409442902,0.06601148098707199,0.08825698494911194,0.035384684801101685,1.0
1790268591.4964263,43.7919716835022,873,0,16,0.04222869873046875,0.0064697265625,0.019755808636546135,0.014566799625754356,0.045294638723134995,0.0006805168814025819,1.0,13,0.062042236328125,-0.0033545861952006817,0.02190263755619526,0.060039568692445755,0.08527469635009766,0.0015234060119837523,1.0,39,0.06412134319543839,0.08183484524488449,0.026100289076566696,0.022204753011465073,0.10730178654193878,0.0011962766293436289,1.0,68,0.052341461181640625,0.03982566297054291,0.025311242789030075,0.03528307378292084,0.07157118618488312,0.00079396553337574,1.0,0.06528466753661633,0.0015575701836496592,0.10730178654193878,0.08183484524488449,0.07157118618488312,0.03982566297054291,1.0
1790268591.548442,43.843987226486206,874,0,16,0.019392967224121094,0.0178680419921875,0.015567480586469173,0.011464224196970463,0.02934468910098076,0.0004763047327287495,1.0,13,0.060746412724256516,0.05739534646272659,0.028042828664183617,0.02679368481040001,0.08767960965633392,0.003671664511784911,1.0,39,0.06336779147386551,0.07254067808389664,0.020121734589338303,0.01691569574177265,0.09778767079114914,0.0010780353331938386,1.0,68,0.04405302181839943,0.051118403673172,0.025910232216119766,0.03376471996307373,0.0714782178401947,0.0005587997147813439,1.0,0.05851214937865734,0.037631694227457047,0.09778767079114914,0.07254067808389664,0.0714782178401947,0.051118403673172,1.0
1790268591.596684,43.892229318618774,875,0,16,0.027311325073242188,0.04044914245605469,0.021517271175980568,0.019112112000584602,0.052976883947849274,0.0006717935902997851,1.0,13,0.06079805642366409,0.04589021950960159,0.041568856686353683,0.03458262234926224,0.08277003467082977,0.001692652702331543,1.0,39,0.05442888289690018,0.0853068009018898,0.0361197404563427,0.025305435061454773,0.10469450056552887,0.000946366460993886,1.0,68,0.03374122083187103,0.0487702302634716,0.024271808564662933,0.030739393085241318,0.06203117221593857,0.0006671450100839138,1.0,0.06787345930933952,0.04316968098282814,0.10469450056552887,0.0853068009018898,0.06203117221593857,0.0487702302634716,1.0
1790268591.6487095,43.944254875183105,876,0,16,0.01856231689453125,0.020514488220214844,0.0278468020260334,0.019735759124159813,0.03492625057697296,0.0007385985227301717,1.0,13,0.055041972547769547,0.05539527162909508,0.014170480892062187,0.02620118483901024,0.08111892640590668,0.0014815093018114567,1.0,39,0.06114666163921356,0.08924905210733414,0.02422516420483589,0.019769497215747833,0.1103028729557991,0.0014857822097837925,1.0,68,0.04094606265425682,0.0582183375954628,0.02829761989414692,0.037593889981508255,0.07459540665149689,0.000852396129630506,1.0,0.05802258849143982,0.03795487992465496,0.1103028729557991,0.08924905210733414,0.07459540665149689,0.0582183375954628,1.0
1790268591.7007618,43.996307134628296,877,0,16,0.04134559631347656,0.031061172485351562,0.019366608932614326,0.014381648041307926,0.053265150636434555,0.0006457053241319954,1.0,13,0.04653461277484894,0.049350444227457047,0.03579523786902428,0.031405482441186905,0.07654038071632385,0.0029117728117853403,1.0,39,0.0540771484375,0.06337522715330124,0.018333882093429565,0.01735268346965313,0.08506401628255844,0.000913614931050688,1.0,68,0.03957882896065712,0.04637426510453224,0.024411411955952644,0.027053292840719223,0.06447676569223404,0.000736132322344929,1.0,0.0649027656763792,0.040205808356404305,0.08506401628255844,0.06337522715330124,0.06447676569223404,0.04637426510453224,1.0
1790268591.7486343,44.04417967796326,878,0,16,0.0286865234375,0.0055980682373046875,0.019609874114394188,0.018439339473843575,0.03470713645219803,0.0006938755977898836,1.0,13,0.0609130859375,0.024664072319865227,0.06045829504728317,0.032118622213602066,0.0742046982049942,0.0023127994500100613,1.0,39,0.06479351222515106,0.039277296513319016,0.02959468774497509,0.02145739458501339,0.07997015863656998,0.0007895658491179347,1.0,68,0.04555331915616989,0.025525260716676712,0.028562773019075394,0.022291487082839012,0.057530730962753296,0.0005414359038695693,1.0,0.054455917328596115,0.015131070278584957,0.07997015863656998,0.039277296513319016,0.057530730962753296,0.025525260716676712,1.0
1790268591.800648,44.09619331359863,879,0,16,0.06467628479003906,0.00461578369140625,0.02746407687664032,0.01529843732714653,0.0673590898513794,0.0008583215530961752,1.0,13,0.07550518214702606,0.041027363389730453,0.016235072165727615,0.02347816713154316,0.08859605342149734,0.0018889681668952107,1.0,39,0.05773182585835457,0.02041391283273697,0.014611179940402508,0.013150664046406746,0.06266408413648605,0.0006007688352838159,1.0,68,0.04965658858418465,0.011522181332111359,0.024927347898483276,0.015506315045058727,0.05330134183168411,0.0006086503271944821,1.0,0.07797757163643837,0.022821573540568352,0.06266408413648605,0.02041391283273697,0.05330134183168411,0.011522181332111359,1.0
1790268591.8485863,44.144131660461426,880,0,16,0.07073307037353516,-0.026719093322753906,0.019834280014038086,0.010076858103275299,0.07658921182155609,0.0005574690294452012,1.0,13,0.09394249320030212,0.01575176604092121,0.036551088094711304,0.02995258755981922,0.09863762557506561,0.0020154588855803013,1.0,39,0.05098157003521919,-0.0008474496426060796,0.015502660535275936,0.017373135313391685,0.054117023944854736,0.0009922501631081104,1.0,68,0.05391109734773636,-0.0065838308073580265,0.023573560640215874,0.01925014704465866,0.05815728381276131,0.000574843492358923,1.0,0.08761341869831085,-0.0054836636409163475,0.054117023944854736,-0.0008474496426060796,0.05815728381276131,-0.0065838308073580265,1.0
1790268591.9004772,44.196022510528564,881,0,16,0.06680870056152344,-0.008001327514648438,0.020782947540283203,0.023700224235653877,0.07126517593860626,0.0008384466636925936,1.0,13,0.06185678392648697,0.002628033049404621,0.03301313892006874,0.0344693697988987,0.07419265061616898,0.00254427851177752,1.0,39,0.06264398247003555,-0.0077870688401162624,0.022075723856687546,0.022276906296610832,0.06667452305555344,0.0007917879265733063,1.0,68,0.05967644974589348,-0.005823584273457527,0.023927995935082436,0.019460706040263176,0.06284748017787933,0.0007051521679386497,1.0,0.07272891327738762,-0.002686647232621908,0.06667452305555344,-0.0077870688401162624,0.06284748017787933,-0.005823584273457527,1.0
1790268591.9525115,44.24805688858032,882,0,16,0.1044931411743164,-0.010106086730957031,0.021455466747283936,0.022743290290236473,0.10724055767059326,0.0008128367480821908,1.0,13,0.07566715776920319,-0.009444016963243484,0.026674961671233177,0.04526197165250778,0.08652592450380325,0.002792437095195055,1.0,39,0.06908710300922394,-0.01579323783516884,0.030992738902568817,0.012840742245316505,0.07233589887619019,0.0006014100508764386,1.0,68,0.07341945916414261,-0.01708558015525341,0.027493789792060852,0.021645452827215195,0.07860523462295532,0.00066751753911376,1.0,0.09688324108719826,-0.009775051847100258,0.07233589887619019,-0.01579323783516884,0.07860523462295532,-0.01708558015525341,1.0
1790268592.0003586,44.29590392112732,883,0,16,0.10799121856689453,-0.05205726623535156,0.04870571941137314,0.029349908232688904,0.12508857250213623,0.0013873826246708632,1.0,13,0.06272301077842712,-0.029906053096055984,0.03139737248420715,0.048006877303123474,0.08338424563407898,0.0033468282781541348,1.0,39,0.07437055557966232,-0.047400448471307755,0.018765369430184364,0.018345853313803673,0.09035173058509827,0.0008662301697768271,1.0,68,0.08178979903459549,-0.042547114193439484,0.030839309096336365,0.029210656881332397,0.09698771685361862,0.0008095145458355546,1.0,0.1042364090681076,-0.040981659665703773,0.09035173058509827,-0.047400448471307755,0.09698771685361862,-0.042547114193439484,1.0
1790268592.052156,44.34770131111145,884,0,16,0.1090078353881836,-0.037323951721191406,0.027128521353006363,0.019483814015984535,0.1172274649143219,0.0006631402648054063,1.0,13,0.12346942722797394,0.008711595088243484,0.02131599746644497,0.042960286140441895,0.1290595978498459,0.002964109182357788,1.0,39,0.09650949388742447,-0.04292532056570053,0.0341457761824131,0.01870260201394558,0.1066773384809494,0.0012449949281290174,1.0,68,0.10420922935009003,-0.03857825696468353,0.038943152874708176,0.024747030809521675,0.11357429623603821,0.0008927213493734598,1.0,0.12314353138208389,-0.014306178316473961,0.1066773384809494,-0.04292532056570053,0.11357429623603821,-0.03857825696468353,1.0
1790268592.100399,44.395944356918335,885,1,16,0.14693069458007812,-0.030345916748046875,0.03296724706888199,0.03054993785917759,0.15324851870536804,0.001423032023012638,1.0,13,0.1348806470632553,-0.003913292661309242,0.03721131011843681,0.03878704458475113,0.1404043734073639,0.002215204993262887,1.0,39,0.11507865786552429,-0.032024286687374115,0.051915738731622696,0.028532903641462326,0.1223636195063591,0.0008671103278174996,1.0,68,0.11758287996053696,-0.03252467140555382,0.0505809560418129,0.0303940512239933,0.1256605088710785,0.0010182660771533847,1.0,0.14682644605636597,-0.01712960470467806,0.1223636195063591,-0.032024286687374115,0.1256605088710785,-0.03252467140555382,1.0
1790268592.152466,44.44801139831543,886,0,16,0.11159896850585938,-0.04175853729248047,0.03411456570029259,0.018553970381617546,0.12222017347812653,0.0013810506789013743,1.0,13,0.10550161451101303,-0.0018416184466332197,0.02368944138288498,0.03224426135420799,0.11063721776008606,0.0025583873502910137,1.0,39,0.09807293117046356,-0.027403611689805984,0.021191107109189034,0.016257215291261673,0.10269980877637863,0.0006754089845344424,1.0,68,0.10338368266820908,-0.028423981741070747,0.027043821290135384,0.021224142983555794,0.1094946414232254,0.0009008675115182996,1.0,0.11642869561910629,-0.021800077869556844,0.10269980877637863,-0.027403611689805984,0.1094946414232254,-0.028423981741070747,1.0
1790268592.2044775,44.500022888183594,887,0,16,0.11268806457519531,-0.031989097595214844,0.022965693846344948,0.01863556168973446,0.11851352453231812,0.0009686078410595655,1.0,13,0.13410362601280212,-0.018861036747694016,0.04366806894540787,0.05917558819055557,0.14643490314483643,0.004588407464325428,1.0,39,0.10791289806365967,-0.015360514633357525,0.03017960861325264,0.01817592792212963,0.11027280986309052,0.0008007267024368048,1.0,68,0.09879684448242188,-0.020333683118224144,0.02947690710425377,0.02423257753252983,0.1036001518368721,0.000726579746697098,1.0,0.13247421383857727,-0.02542506717145443,0.11027280986309052,-0.015360514633357525,0.1036001518368721,-0.020333683118224144,1.0
1790268592.2525032,44.54804849624634,888,0,16,0.10823535919189453,-0.031719207763671875,0.034393079578876495,0.012527918443083763,0.11387227475643158,0.0008619383443146944,1.0,13,0.09250582009553909,0.01960284821689129,0.04279850795865059,0.04716917499899864,0.10713095217943192,0.004295622929930687,1.0,39,0.08638665825128555,-0.016763148829340935,0.01957927644252777,0.0156999621540308,0.08930006623268127,0.0008957079262472689,1.0,68,0.0852569118142128,-0.01833736151456833,0.026297667995095253,0.016696082428097725,0.08878131955862045,0.0006684525869786739,1.0,0.11050161346793175,-0.006058179773390293,0.08930006623268127,-0.016763148829340935,0.08878131955862045,-0.01833736151456833,1.0
1790268592.3045049,44.60005021095276,889,0,16,0.08442306518554688,-0.032883644104003906,0.025338653475046158,0.016707196831703186,0.09302143007516861,0.0007713082013651729,1.0,13,0.06118305027484894,-0.02387530915439129,0.026353156194090843,0.024857070297002792,0.07049460709095001,0.0022376440465450287,1.0,39,0.049726828932762146,-0.025673890486359596,0.014798173680901527,0.016219772398471832,0.05778718739748001,0.0008808569400571287,1.0,68,0.05625937879085541,-0.02135433815419674,0.023971019312739372,0.01977396570146084,0.06315635144710541,0.0005731888813897967,1.0,0.08175801858305931,-0.028379476629197598,0.05778718739748001,-0.025673890486359596,0.06315635144710541,-0.02135433815419674,1.0
1790268592.3524847,44.648030042648315,890,0,16,0.060894012451171875,-0.03625202178955078,0.021417047828435898,0.009611797519028187,0.07210752367973328,0.0008557156543247402,1.0,13,0.042316142469644547,-0.01691965013742447,0.04013937711715698,0.03499587997794151,0.06128318980336189,0.0018076016567647457,1.0,39,0.030013255774974823,-0.0465901680290699,0.019097955897450447,0.015761658549308777,0.05809364467859268,0.0008182248566299677,1.0,68,0.037816666066646576,-0.03736630454659462,0.021621322259306908,0.025850702077150345,0.06003301963210106,0.0006299158558249474,1.0,0.06669535674154758,-0.026585835963487625,0.05809364467859268,-0.0465901680290699,0.06003301963210106,-0.03736630454659462,1.0
1790268592.4045312,44.70007658004761,891,0,16,0.05404472351074219,-0.040839195251464844,0.017013100907206535,0.015808820724487305,0.06882815062999725,0.001032919273711741,1.0,13,0.022930439561605453,-0.010536780580878258,0.02197728306055069,0.027996020391583443,0.04109986126422882,0.001336459070444107,1.0,39,0.020734738558530807,-0.04841574653983116,0.01808130368590355,0.018715959042310715,0.05563533678650856,0.0010248953476548195,1.0,68,0.035776250064373016,-0.03172279894351959,0.02583441510796547,0.02517654560506344,0.054791104048490524,0.0006825928576290607,1.0,0.05496400594711304,-0.02568798791617155,0.05563533678650856,-0.04841574653983116,0.054791104048490524,-0.03172279894351959,1.0
1790268592.4565609,44.75210618972778,892,0,16,0.03798675537109375,-0.049694061279296875,0.019196929410099983,0.009351050481200218,0.06487924605607986,0.0004915358731523156,1.0,13,0.04343590512871742,-0.03819509595632553,0.03312210738658905,0.04199046641588211,0.07165069878101349,0.0018037054687738419,1.0,39,0.014694996178150177,-0.053416717797517776,0.02502163127064705,0.012431440874934196,0.0602407343685627,0.0008823234238661826,1.0,68,0.020076528191566467,-0.039375752210617065,0.022295307368040085,0.022541578859090805,0.05171746760606766,0.0006731629837304354,1.0,0.06826497241854668,-0.0439445786178112,0.0602407343685627,-0.053416717797517776,0.05171746760606766,-0.039375752210617065,1.0
1790268592.5045002,44.80004549026489,893,0,16,0.014905929565429688,-0.03812694549560547,0.012292630039155483,0.009980950504541397,0.04252699017524719,0.0004268388438504189,1.0,13,0.015143761411309242,-0.04783160984516144,0.01842915453016758,0.0446501225233078,0.057132426649332047,0.0020581858698278666,1.0,39,0.00193356245290488,-0.05606313794851303,0.018264660611748695,0.013384903781116009,0.058430109173059464,0.0009031137451529503,1.0,68,0.012796513736248016,-0.037885889410972595,0.015840765088796616,0.025361420586705208,0.046664152294397354,0.0005817275959998369,1.0,0.04982970841228962,-0.04297927767038345,0.058430109173059464,-0.05606313794851303,0.046664152294397354,-0.037885889410972595,1.0
1790268592.5564098,44.85195517539978,894,0,16,0.013562202453613281,-0.04210376739501953,0.01393345557153225,0.014722911641001701,0.04634978249669075,0.00074292893987149,1.0,13,-0.016312818974256516,-0.016961904242634773,0.02795419655740261,0.029240760952234268,0.0399891659617424,0.001902999123558402,1.0,39,-0.013473119586706161,-0.05336233228445053,0.01966751180589199,0.012049349956214428,0.058754052966833115,0.0008544130832888186,1.0,68,-0.004688038490712643,-0.04220984876155853,0.021014953032135963,0.018614323809742928,0.04768389090895653,0.0007813141564838588,1.0,0.043169474229216576,-0.029532835818827152,0.058754052966833115,-0.05336233228445053,0.04768389090895653,-0.04220984876155853,1.0
1790268592.6044917,44.90003705024719,895,0,16,0.0018529891967773438,-0.035849571228027344,0.013112478889524937,0.021319890394806862,0.040663741528987885,0.0005373887834139168,1.0,13,-0.005063570570200682,-0.04040292650461197,0.02832646667957306,0.04141869768500328,0.06000961363315582,0.001281484728679061,1.0,39,-0.019365359097719193,-0.052341949194669724,0.01789245568215847,0.015254988335072994,0.0583186037838459,0.0006878448184579611,1.0,68,-0.004335964564234018,-0.04071718081831932,0.02295403927564621,0.0235722828656435,0.048270177096128464,0.0006627541733905673,1.0,0.050336677581071854,-0.038126248866319656,0.0583186037838459,-0.052341949194669724,0.048270177096128464,-0.04071718081831932,1.0
1790268592.6562219,44.95176720619202,896,0,16,0.0068950653076171875,-0.030678749084472656,0.016269683837890625,0.01666601374745369,0.03552240878343582,0.0005542133003473282,1.0,13,-0.020918626338243484,-0.027035053819417953,0.024505341425538063,0.023146606981754303,0.04089522734284401,0.0011820865329355001,1.0,39,-0.022795848548412323,-0.05239320546388626,0.021684197708964348,0.014140153303742409,0.06068642809987068,0.0008138917037285864,1.0,68,-0.0145111083984375,-0.036315470933914185,0.026673762127757072,0.024117669090628624,0.048095688223838806,0.0006234459578990936,1.0,0.038208818063139915,-0.028856901451945305,0.06068642809987068,-0.05239320546388626,0.048095688223838806,-0.036315470933914185,1.0
1790268592.7083032,45.00384855270386,897,0,16,-0.009450912475585938,-0.021463394165039062,0.017761675640940666,0.01857464574277401,0.029555896297097206,0.001410797005519271,1.0,13,-0.04431621730327606,-0.042980488389730453,0.028918122872710228,0.029824888333678246,0.06771494448184967,0.0016533199232071638,1.0,39,-0.024819789454340935,-0.03905937075614929,0.022358862683176994,0.017462071031332016,0.05241705849766731,0.0006412062211893499,1.0,68,-0.015747519209980965,-0.024147819727659225,0.02169026993215084,0.02194596640765667,0.03844841197133064,0.0007590266177430749,1.0,0.04863542038947344,-0.03222194127738476,0.05241705849766731,-0.03905937075614929,0.03844841197133064,-0.024147819727659225,1.0
1790268592.7565403,45.052085638046265,898,0,16,0.15101051330566406,0.09766387939453125,0.20665031671524048,0.1252780705690384,0.19730670750141144,0.011544644832611084,1.0,13,-0.019782433286309242,-0.0026162953581660986,0.028772223740816116,0.030093705281615257,0.040259186178445816,0.002403195481747389,1.0,39,-0.02447275072336197,-0.034297846257686615,0.014667054638266563,0.014883381314575672,0.0450766496360302,0.0006313027115538716,1.0,68,0.010200276039540768,-0.006969339679926634,0.10750976949930191,0.06819881498813629,0.060396235436201096,0.0019239604007452726,1.0,0.11878294683992863,0.047523792018182576,0.0450766496360302,-0.034297846257686615,0.060396235436201096,-0.006969339679926634,1.0
1790268592.8083577,45.10390305519104,899,0,16,0.8207082748413086,0.4447183609008789,1.0544586181640625,0.4480528235435486,0.9774758815765381,0.19311097264289856,1.0,13,-0.10029014945030212,0.027794471010565758,0.262675940990448,0.20315192639827728,0.21077769994735718,0.027838310226798058,1.0,39,-0.026447786018252373,-0.021170983090996742,0.01890585944056511,0.015117996372282505,0.03837456926703453,0.0006622620858252048,1.0,68,0.10888155549764633,0.045081645250320435,0.5144779086112976,0.23828788101673126,0.1797499656677246,0.027596531435847282,1.0,0.5941267907619476,0.23625641595572233,0.03837456926703453,-0.021170983090996742,0.1797499656677246,0.045081645250320435,1.0
1790268592.8566313,45.15217661857605,900,1,16,0.0062618255615234375,0.05144214630126953,0.0625014454126358,0.06270585209131241,0.08093436807394028,0.0057042259722948074,1.0,13,-0.022960957139730453,0.03293433412909508,0.029817353934049606,0.07080697268247604,0.06943455338478088,0.005259739235043526,1.0,39,-0.031002730131149292,0.007832062430679798,0.018583040684461594,0.013590930961072445,0.034178439527750015,0.0008766789687797427,1.0,68,-0.02026030607521534,0.009956135414540768,0.034334614872932434,0.03580155968666077,0.037942420691251755,0.0017193176317960024,1.0,0.07518446072936058,0.042188240215182304,0.034178439527750015,0.007832062430679798,0.037942420691251755,0.009956135414540768,1.0
1790268592.9085257,45.204071044921875,901,0,16,-0.11530208587646484,0.05318450927734375,0.11546643823385239,0.048770125955343246,0.13598528504371643,0.0015494306571781635,1.0,13,-0.055556077510118484,0.020439734682440758,0.022600634023547173,0.04021941497921944,0.07286687195301056,0.0020653121173381805,1.0,39,-0.05774121358990669,0.03190886601805687,0.026397857815027237,0.012814625166356564,0.0675257071852684,0.000787136668805033,1.0,68,-0.06777841597795486,0.03258155286312103,0.06185665726661682,0.030555536970496178,0.07956862449645996,0.0011472227051854134,1.0,0.1044260784983635,0.036812121979892254,0.0675257071852684,0.03190886601805687,0.07956862449645996,0.03258155286312103,1.0
1790268592.960547,45.25609230995178,902,0,16,-0.16664600372314453,0.09454727172851562,0.1194874718785286,0.04454709216952324,0.20211435854434967,0.002382892882451415,1.0,13,-0.07431969046592712,0.01565082184970379,0.04205048829317093,0.04184664413332939,0.08644497394561768,0.0019481552299112082,1.0,39,-0.11270337551832199,0.07895015180110931,0.029749739915132523,0.022205110639333725,0.13852623105049133,0.001183636486530304,1.0,68,-0.11302655935287476,0.07056056708097458,0.07394096255302429,0.04644103720784187,0.13868996500968933,0.0013542142696678638,1.0,0.14427966624498367,0.05509904678910971,0.13852623105049133,0.07895015180110931,0.13868996500968933,0.07056056708097458,1.0
1790268593.0085142,45.30405950546265,903,0,16,-0.27564144134521484,0.13893795013427734,0.09057027846574783,0.07983749359846115,0.3150685131549835,0.002358103170990944,1.0,13,-0.18203265964984894,0.11520620435476303,0.053419794887304306,0.054767217487096786,0.21896299719810486,0.004303650464862585,1.0,39,-0.15613536536693573,0.13609549403190613,0.07687413692474365,0.036328259855508804,0.21070235967636108,0.0023448802530765533,1.0,68,-0.16704581677913666,0.11519050598144531,0.09355606138706207,0.06869754940271378,0.2104840725660324,0.0019597336649894714,1.0,0.2670157551765442,0.1270720772445202,0.21070235967636108,0.13609549403190613,0.2104840725660324,0.11519050598144531,1.0
1790268593.0605745,45.356119871139526,904,0,16,-0.26988887786865234,0.176513671875,0.0641002506017685,0.06470396369695663,0.32702723145484924,0.002483045682311058,1.0,13,-0.20190665125846863,0.0708770751953125,0.052642449736595154,0.06335745006799698,0.22159169614315033,0.005400493275374174,1.0,39,-0.22748859226703644,0.20307883620262146,0.0711698830127716,0.06126691401004791,0.3091672360897064,0.004080013372004032,1.0,68,-0.2179960310459137,0.16102319955825806,0.08366016298532486,0.08006290346384048,0.27875372767448425,0.0019128089770674706,1.0,0.2743094637989998,0.12369537353515625,0.3091672360897064,0.20307883620262146,0.27875372767448425,0.16102319955825806,1.0
1790268593.1085103,45.40405559539795,905,0,16,-0.3404417037963867,0.272918701171875,0.08346295356750488,0.05820021033287048,0.43829047679901123,0.002567044459283352,1.0,13,-0.2550823390483856,0.15794724225997925,0.06934874504804611,0.14945219457149506,0.32983413338661194,0.01411576010286808,1.0,39,-0.21966513991355896,0.2560049295425415,0.07005531340837479,0.05741017684340477,0.34011438488960266,0.0036117350682616234,1.0,68,-0.2259431779384613,0.2287227362394333,0.10020463168621063,0.10323116183280945,0.3321875035762787,0.002696309005841613,1.0,0.3840623050928116,0.21543297171592712,0.34011438488960266,0.2560049295425415,0.3321875035762787,0.2287227362394333,1.0
1790268593.1605444,45.45608973503113,906,0,16,-0.3803825378417969,0.27692604064941406,0.05881747975945473,0.05759689584374428,0.47375065088272095,0.003928681835532188,1.0,13,-0.397064208984375,0.10789255052804947,0.06650277227163315,0.1524362564086914,0.43687471747398376,0.011348568834364414,1.0,39,-0.2584287226200104,0.26044678688049316,0.08824357390403748,0.09622570127248764,0.3724164366722107,0.0034287162125110626,1.0,68,-0.2846800982952118,0.24044205248355865,0.1146261915564537,0.10763055086135864,0.38458964228630066,0.0029771076515316963,1.0,0.45531268417835236,0.19240929558873177,0.3724164366722107,0.26044678688049316,0.38458964228630066,0.24044205248355865,1.0
1790268593.2125635,45.50810885429382,907,0,16,-0.32754039764404297,0.20338153839111328,0.04220787435770035,0.0803418904542923,0.3911060392856598,0.003924181684851646,1.0,13,-0.2645357549190521,0.14875441789627075,0.08918992429971695,0.05540718510746956,0.3094564974308014,0.009498832747340202,1.0,39,-0.2308991253376007,0.1747264415025711,0.06553400307893753,0.04851801320910454,0.2946983277797699,0.0024186403024941683,1.0,68,-0.24161843955516815,0.1798427850008011,0.11372927576303482,0.09238173067569733,0.3145105838775635,0.003032682230696082,1.0,0.3502812683582306,0.17606797814369202,0.2946983277797699,0.1747264415025711,0.3145105838775635,0.1798427850008011,1.0
1790268593.2603645,45.555909872055054,908,0,16,-0.17736339569091797,0.11516666412353516,0.12446808815002441,0.04771919175982475,0.21991489827632904,0.002690894529223442,1.0,13,-0.21945659816265106,0.005292452406138182,0.04730720818042755,0.048541177064180374,0.2244851440191269,0.007288906257599592,1.0,39,-0.1382923573255539,0.09482946246862411,0.037641558796167374,0.03926137089729309,0.17007414996623993,0.001337891910225153,1.0,68,-0.13175538182258606,0.08167300373315811,0.06898444145917892,0.05069930851459503,0.16123199462890625,0.0015692906454205513,1.0,0.22220002114772797,0.06022955826483667,0.17007414996623993,0.09482946246862411,0.16123199462890625,0.08167300373315811,1.0
1790268593.3122575,45.607802867889404,909,0,16,-0.04643058776855469,0.01851940155029297,0.10076650232076645,0.07805055379867554,0.12740527093410492,0.010208573192358017,1.0,13,-0.09870088845491409,0.013460599817335606,0.06992001086473465,0.09255242347717285,0.13029243052005768,0.015437747351825237,1.0,39,-0.06686440855264664,0.008391160517930984,0.025318527594208717,0.022304179146885872,0.07039164006710052,0.000905635766685009,1.0,68,-0.05711723864078522,0.0046551646664738655,0.04678065702319145,0.041473034769296646,0.07507390528917313,0.0029524501878768206,1.0,0.1288488507270813,0.015990000683814287,0.07039164006710052,0.008391160517930984,0.07507390528917313,0.0046551646664738655,1.0
1790268593.3601344,45.65567970275879,910,0,16,0.057384490966796875,-0.07196903228759766,0.16616927087306976,0.07622498273849487,0.14460867643356323,0.007390961516648531,1.0,13,-0.015883225947618484,-0.031612690538167953,0.02846262976527214,0.06923016905784607,0.05631513148546219,0.005356854759156704,1.0,39,-0.03058096021413803,-0.04425322636961937,0.02047690376639366,0.02207374759018421,0.06022387742996216,0.0007921482319943607,1.0,68,-0.008671929128468037,-0.04605753347277641,0.08156685531139374,0.04467952623963356,0.07044258713722229,0.0019863524939864874,1.0,0.10046190395951271,-0.051790861412882805,0.06022387742996216,-0.04425322636961937,0.07044258713722229,-0.04605753347277641,1.0
1790268593.4124467,45.70799207687378,911,0,16,-0.05165672302246094,-0.13531017303466797,0.09221914410591125,0.10969523340463638,0.1589854210615158,0.009894924238324165,1.0,13,0.034407395869493484,-0.048309326171875,0.026038717478513718,0.034429632127285004,0.06777693331241608,0.0018279043724760413,1.0,39,0.011974628083407879,-0.06324689835309982,0.025456231087446213,0.026493867859244347,0.07113124430179596,0.0007139500812627375,1.0,68,0.0021398207172751427,-0.07748278230428696,0.05476999282836914,0.06684283167123795,0.08729774504899979,0.001880696159787476,1.0,0.11338117718696594,-0.09180974960327148,0.07113124430179596,-0.06324689835309982,0.08729774504899979,-0.07748278230428696,1.0
1790268593.4645073,45.76005268096924,912,0,16,-0.06974601745605469,-0.12097358703613281,0.16911566257476807,0.10370691865682602,0.18405354022979736,0.03232971951365471,1.0,13,0.05401846021413803,-0.030965952202677727,0.05707912892103195,0.047648657113313675,0.0777527242898941,0.003044439246878028,1.0,39,0.015042426995933056,-0.049640361219644547,0.02377934381365776,0.01619424670934677,0.057143211364746094,0.0006046562339179218,1.0,68,0.0023289849050343037,-0.05585962161421776,0.07382738590240479,0.05936988443136215,0.0752815455198288,0.005596663802862167,1.0,0.13090313225984573,-0.07596976961940527,0.057143211364746094,-0.049640361219644547,0.0752815455198288,-0.05585962161421776,1.0
1790268593.5124297,45.80797505378723,913,0,16,-0.10599517822265625,-0.1324148178100586,0.17296618223190308,0.13092263042926788,0.1913350224494934,0.019602295011281967,1.0,13,0.030402550473809242,-0.02685546875,0.022002849727869034,0.028263110667467117,0.046601779758930206,0.002369662979617715,1.0,39,0.028438078239560127,-0.013151902705430984,0.023072289302945137,0.02488609403371811,0.04195007309317589,0.0007763826288282871,1.0,68,0.005902458447962999,-0.033896613866090775,0.08399214595556259,0.06669872254133224,0.059888552874326706,0.0033476874232292175,1.0,0.11896840110421181,-0.0796351432800293,0.04195007309317589,-0.013151902705430984,0.059888552874326706,-0.033896613866090775,1.0
1790268593.5644283,45.859973669052124,914,0,16,-0.041222572326660156,-0.0633993148803711,0.10585726052522659,0.055685561150312424,0.1168765127658844,0.002399018034338951,1.0,13,0.04319176450371742,0.010280902497470379,0.04797722399234772,0.043000295758247375,0.0646105483174324,0.001765778986737132,1.0,39,0.04130515083670616,0.023950820788741112,0.01667075604200363,0.009008221328258514,0.048724111169576645,0.0006571562844328582,1.0,68,0.015720590949058533,0.00433349609375,0.05342978611588478,0.03794717416167259,0.04895826801657677,0.001005978905595839,1.0,0.0907435305416584,-0.026559206191450357,0.048724111169576645,0.023950820788741112,0.04895826801657677,0.00433349609375,1.0
1790268593.6124744,45.90801978111267,915,1,16,-0.02981090545654297,-0.0705718994140625,0.13001756370067596,0.09016208350658417,0.14066196978092194,0.0038717882707715034,1.0,13,0.05591055005788803,0.005124605726450682,0.02837354503571987,0.031658247113227844,0.06429244577884674,0.0036754400935024023,1.0,39,0.06443239003419876,0.0366923026740551,0.04134273901581764,0.015985138714313507,0.07900413870811462,0.0010107102571055293,1.0,68,0.04263036325573921,0.013377807103097439,0.0712968185544014,0.05516568198800087,0.07863563299179077,0.0012982069747522473,1.0,0.10247720777988434,-0.03272364684380591,0.07900413870811462,0.0366923026740551,0.07863563299179077,0.013377807103097439,1.0
1790268593.6645443,45.960089683532715,916,0,16,0.053406715393066406,-0.02745532989501953,0.08444070816040039,0.06342566013336182,0.11613578349351883,0.001695710001513362,1.0,13,0.06702833622694016,0.009732759557664394,0.030688200145959854,0.04048577696084976,0.08310714364051819,0.0018158114980906248,1.0,39,0.10270808637142181,0.009629860520362854,0.03192376345396042,0.018900390714406967,0.10560623556375504,0.0008541394490748644,1.0,68,0.07669426500797272,-0.0042736949399113655,0.04923248291015625,0.03347493335604668,0.08981496840715408,0.0009172911522909999,1.0,0.09962146356701851,-0.008861285168677568,0.10560623556375504,0.009629860520362854,0.08981496840715408,-0.0042736949399113655,1.0
1790268593.716629,46.01217436790466,917,0,16,0.11828422546386719,-0.062107086181640625,0.06273756176233292,0.05204656720161438,0.15414144098758698,0.0021970057860016823,1.0,13,0.12328866869211197,-0.003281813347712159,0.04471877962350845,0.047806840389966965,0.13294436037540436,0.004429139196872711,1.0,39,0.12461422383785248,0.004817473702132702,0.04125601053237915,0.017873292788863182,0.12701915204524994,0.0008994229137897491,1.0,68,0.11669114232063293,-0.015583262778818607,0.05081869661808014,0.03642898052930832,0.12493356317281723,0.0011630515800788999,1.0,0.14354290068149567,-0.03269444976467639,0.12701915204524994,0.004817473702132702,0.12493356317281723,-0.015583262778818607,1.0
1790268593.7644763,46.06002163887024,918,0,16,0.08856010437011719,-0.13914871215820312,0.09810543805360794,0.10238057374954224,0.209737628698349,0.004899829160422087,1.0,13,0.19130530953407288,-0.014933659695088863,0.03719927743077278,0.029405847191810608,0.19401289522647858,0.006136816926300526,1.0,39,0.17389464378356934,-0.03775259107351303,0.06485006213188171,0.025146735832095146,0.17973773181438446,0.0011796661419793963,1.0,68,0.1418459266424179,-0.056662168353796005,0.07803354412317276,0.05531387776136398,0.16609905660152435,0.0015644970117136836,1.0,0.2018752619624138,-0.077041185926646,0.17973773181438446,-0.03775259107351303,0.16609905660152435,-0.056662168353796005,1.0
1790268593.8164158,46.111961126327515,919,0,16,0.11552906036376953,-0.06741046905517578,0.05119747295975685,0.028718579560518265,0.13981562852859497,0.0016343104653060436,1.0,13,0.11401132494211197,-0.01619427092373371,0.041621945798397064,0.04177584871649742,0.12348008900880814,0.0036565677728503942,1.0,39,0.13984015583992004,-0.010026981122791767,0.042926907539367676,0.0239554550498724,0.14260131120681763,0.0012544413330033422,1.0,68,0.1263333559036255,-0.028230218216776848,0.05787692219018936,0.028351375833153725,0.13390353322029114,0.0014865266857668757,1.0,0.13164785876870155,-0.041802369989454746,0.14260131120681763,-0.010026981122791767,0.13390353322029114,-0.028230218216776848,1.0
1790268593.8645666,46.16011190414429,920,0,16,0.07734012603759766,-0.03575897216796875,0.03062237985432148,0.02432994171977043,0.08817805349826813,0.0013719289563596249,1.0,13,0.16907912492752075,0.02105243317782879,0.06470943987369537,0.061925217509269714,0.17809179425239563,0.006726908031851053,1.0,39,0.12112270295619965,0.02026836760342121,0.025652211159467697,0.019802436232566833,0.12444482743740082,0.0011490004835650325,1.0,68,0.09299042820930481,0.002202314557507634,0.04178662225604057,0.02834644541144371,0.09745341539382935,0.0011998163536190987,1.0,0.13313492387533188,-0.007353269495069981,0.12444482743740082,0.02026836760342121,0.09745341539382935,0.002202314557507634,1.0
1790268593.916347,46.2118923664093,921,0,16,0.05273914337158203,0.0048160552978515625,0.029636291787028313,0.013110578991472721,0.05535655468702316,0.000990697997622192,1.0,13,0.06117835268378258,0.016991248354315758,0.05705827847123146,0.038555409759283066,0.08022214472293854,0.0033032239880412817,1.0,39,0.10455635190010071,0.06333141028881073,0.03213885799050331,0.019425969570875168,0.12431766092777252,0.0008267334196716547,1.0,68,0.0724242702126503,0.03537817671895027,0.041529297828674316,0.030977001413702965,0.08423130214214325,0.0006864210008643568,1.0,0.06778934970498085,0.01090365182608366,0.12431766092777252,0.06333141028881073,0.08423130214214325,0.03537817671895027,1.0
1790268593.9682968,46.26384210586548,922,0,16,0.019643783569335938,0.02040576934814453,0.024913668632507324,0.01532639842480421,0.033517986536026,0.0008983319858089089,1.0,13,0.05722515285015106,0.012988750822842121,0.0420660562813282,0.06730984896421432,0.09030596166849136,0.0016513707814738154,1.0,39,0.08120962232351303,0.06607016175985336,0.036920420825481415,0.02389496937394142,0.10952344536781311,0.0011226286878809333,1.0,68,0.05459706857800484,0.041635289788246155,0.04436204209923744,0.03286800906062126,0.07400243729352951,0.0006678749341517687,1.0,0.06191197410225868,0.016697260085493326,0.10952344536781311,0.06607016175985336,0.07400243729352951,0.041635289788246155,1.0
1790268594.0165808,46.31212615966797,923,0,16,0.044281959533691406,0.015661239624023438,0.03925258293747902,0.011142152361571789,0.05199052393436432,0.0006211294094100595,1.0,13,0.07450514286756516,0.009411151520907879,0.0386025533080101,0.04241759702563286,0.08866928517818451,0.0012278936337679625,1.0,39,0.07291549444198608,0.05730457976460457,0.02857637219130993,0.015279211103916168,0.09417486935853958,0.0013046067906543612,1.0,68,0.04809660091996193,0.03516140952706337,0.03291697800159454,0.027444737032055855,0.06347249448299408,0.0007861416088417172,1.0,0.07032990455627441,0.012536195572465658,0.09417486935853958,0.05730457976460457,0.06347249448299408,0.03516140952706337,1.0
1790268594.0685506,46.36409592628479,924,0,16,0.025341033935546875,0.011178970336914062,0.020433207973837852,0.015472653321921825,0.03216634690761566,0.0007555083138868213,1.0,13,0.047119140625,0.0016150841256603599,0.025484377518296242,0.06133588030934334,0.07441136240959167,0.0025118382181972265,1.0,39,0.057091739028692245,0.04239165410399437,0.018808333203196526,0.018551142886281013,0.07388671487569809,0.0008279457688331604,1.0,68,0.03809356689453125,0.023790471255779266,0.0271072406321764,0.01952531561255455,0.04903744161128998,0.0006311035249382257,1.0,0.05328885465860367,0.006397027231287211,0.07388671487569809,0.04239165410399437,0.04903744161128998,0.023790471255779266,1.0
1790268594.1165738,46.41211915016174,925,0,16,0.035017967224121094,-0.0065402984619140625,0.02208591252565384,0.014397326856851578,0.04017634317278862,0.0005191383534111083,1.0,13,0.05569223314523697,0.033367451280355453,0.01932843029499054,0.023817487061023712,0.06740769743919373,0.0011323534417897463,1.0,39,0.04796541482210159,0.031764496117830276,0.016200020909309387,0.016544509679079056,0.05996224284172058,0.000820174696855247,1.0,68,0.03543248027563095,0.012213202193379402,0.022907724604010582,0.02615542896091938,0.04634774476289749,0.0006411619833670557,1.0,0.05379202030599117,0.013413576409220695,0.05996224284172058,0.031764496117830276,0.04634774476289749,0.012213202193379402,1.0
1790268594.1685817,46.46412706375122,926,0,16,0.02860736846923828,0.006350517272949219,0.006928647868335247,0.02469693496823311,0.03704669326543808,0.0006023054011166096,1.0,13,0.03400362282991409,0.03033447265625,0.024824129417538643,0.044567130506038666,0.061582449823617935,0.001982152694836259,1.0,39,0.042227327823638916,0.029745249077677727,0.022222351282835007,0.01285033579915762,0.054385919123888016,0.0009384833392687142,1.0,68,0.03663972020149231,0.01815189979970455,0.021883053705096245,0.016947291791439056,0.04437482729554176,0.0005646952195093036,1.0,0.04931457154452801,0.01834249496459961,0.054385919123888016,0.029745249077677727,0.04437482729554176,0.01815189979970455,1.0
1790268594.2205372,46.516082525253296,927,0,16,0.06036090850830078,0.013449668884277344,0.020885879173874855,0.018039818853139877,0.06411571800708771,0.000710443127900362,1.0,13,0.05868764966726303,0.04366361349821091,0.02641962468624115,0.061965566128492355,0.09506905823945999,0.0014627070631831884,1.0,39,0.06085987761616707,0.03870372101664543,0.027756836265325546,0.017882494255900383,0.07616597414016724,0.0009435308165848255,1.0,68,0.04938439652323723,0.022693971171975136,0.02680840529501438,0.025209197774529457,0.06035086140036583,0.0005955093074589968,1.0,0.07959238812327385,0.028556641191244125,0.07616597414016724,0.03870372101664543,0.06035086140036583,0.022693971171975136,1.0
1790268594.2685723,46.564117670059204,928,0,16,0.04480266571044922,0.026534080505371094,0.011760511435568333,0.014786775223910809,0.053805168718099594,0.0005849780864082277,1.0,13,0.03927142918109894,0.03261389955878258,0.02566446177661419,0.0298750102519989,0.05387276038527489,0.0021433704532682896,1.0,39,0.06016344949603081,0.026648106053471565,0.030531413853168488,0.025717465206980705,0.07347061485052109,0.0007490872521884739,1.0,68,0.053127288818359375,0.024130428209900856,0.025737764313817024,0.01901830919086933,0.06086746230721474,0.0006778226234018803,1.0,0.05383896455168724,0.029573990032076836,0.07347061485052109,0.026648106053471565,0.06086746230721474,0.024130428209900856,1.0
1790268594.320221,46.615766286849976,929,0,16,0.08874702453613281,0.012795448303222656,0.032909244298934937,0.015597989782691002,0.09120897948741913,0.0009977990994229913,1.0,13,0.05172025412321091,0.01881643384695053,0.028208639472723007,0.022755946964025497,0.06125608831644058,0.0016181212849915028,1.0,39,0.07296361774206161,0.010100144892930984,0.024787940084934235,0.02102700248360634,0.07774422317743301,0.0006807487225160003,1.0,68,0.06270509958267212,0.012920604087412357,0.02711482159793377,0.020235760137438774,0.06814134865999222,0.0007274827803485096,1.0,0.07623253390192986,0.015805941075086594,0.07774422317743301,0.010100144892930984,0.06814134865999222,0.012920604087412357,1.0
1790268594.3682547,46.66380000114441,930,1,16,0.0813140869140625,-0.019217491149902344,0.012012364342808723,0.008157717064023018,0.0839836448431015,0.0009483741596341133,1.0,13,0.06951669603586197,-0.018866905942559242,0.03664349392056465,0.02879738062620163,0.07850880175828934,0.0009619104093872011,1.0,39,0.058915358036756516,-0.024268126115202904,0.02301439270377159,0.01707516983151436,0.06657026708126068,0.000916983641218394,1.0,68,0.06330423057079315,-0.022268744185566902,0.020562827587127686,0.02091437764465809,0.07063396275043488,0.0008289134129881859,1.0,0.08124622330069542,-0.019042198546230793,0.06657026708126068,-0.024268126115202904,0.07063396275043488,-0.022268744185566902,1.0
1790268594.4206395,46.716184854507446,931,0,16,0.13160991668701172,-0.016660690307617188,0.03756244108080864,0.027876732870936394,0.13566958904266357,0.0008576817926950753,1.0,13,0.10260009765625,-0.026961106806993484,0.018483174964785576,0.03231390565633774,0.11077333986759186,0.003324518445879221,1.0,39,0.07440420240163803,-0.04782143607735634,0.017841843888163567,0.013072525151073933,0.08959800004959106,0.0006956501747481525,1.0,68,0.09083355218172073,-0.032339658588171005,0.0362076610326767,0.023075317963957787,0.09965845942497253,0.0008359328494407237,1.0,0.12322146445512772,-0.021810898557305336,0.08959800004959106,-0.04782143607735634,0.09965845942497253,-0.032339658588171005,1.0
1790268594.4724796,46.768024921417236,932,0,16,0.1273212432861328,-0.034155845642089844,0.03531918674707413,0.020116576924920082,0.13379032909870148,0.0011036493815481663,1.0,13,0.08061335980892181,-0.018535908311605453,0.030455512925982475,0.02321302890777588,0.08671044558286667,0.001906311372295022,1.0,39,0.08139351010322571,-0.0435384102165699,0.029615042731165886,0.022655408829450607,0.09443685412406921,0.0009419824345968664,1.0,68,0.0955626517534256,-0.03868170455098152,0.032270096242427826,0.025861579924821854,0.10641209036111832,0.0009798360988497734,1.0,0.11025038734078407,-0.02634587697684765,0.09443685412406921,-0.0435384102165699,0.10641209036111832,-0.03868170455098152,1.0
1790268594.5203357,46.81588101387024,933,0,16,0.11989116668701172,-0.05481147766113281,0.027798153460025787,0.030686812475323677,0.13535679876804352,0.000939175661187619,1.0,13,0.11101825535297394,-0.0009413498919457197,0.0146786542609334,0.025973625481128693,0.11403240263462067,0.0027741657104343176,1.0,39,0.09890825301408768,-0.03372779116034508,0.02950488030910492,0.019773976877331734,0.10608888417482376,0.0009858561679720879,1.0,68,0.09867589920759201,-0.03737393394112587,0.02979976497590542,0.02677227556705475,0.10854838043451309,0.0007020252523943782,1.0,0.12469460070133209,-0.027876413776539266,0.10608888417482376,-0.03372779116034508,0.10854838043451309,-0.03737393394112587,1.0
1790268594.5723035,46.86784887313843,934,0,16,0.08728504180908203,-0.022241592407226562,0.023495810106396675,0.0169990174472332,0.09177617728710175,0.0007574828341603279,1.0,13,0.09800367802381516,0.010550865903496742,0.03362612798810005,0.021195024251937866,0.1008506715297699,0.0030114054679870605,1.0,39,0.09590892493724823,-0.01723460666835308,0.02233678475022316,0.012360583059489727,0.09814698249101639,0.0008806541445665061,1.0,68,0.08774790912866592,-0.020231470465660095,0.02678379788994789,0.017766792327165604,0.09216348826885223,0.0006734406342729926,1.0,0.09631342440843582,-0.00584536325186491,0.09814698249101639,-0.01723460666835308,0.09216348826885223,-0.020231470465660095,1.0
1790268594.6201549,46.91570019721985,935,0,16,0.07330322265625,-0.023372650146484375,0.01761745847761631,0.015661541372537613,0.0782351940870285,0.0008085734443739057,1.0,13,0.09497774392366409,-0.0011819693027064204,0.04022522643208504,0.027539080008864403,0.10085783898830414,0.0021739122457802296,1.0,39,0.08869581669569016,0.013037266209721565,0.02197249047458172,0.015293958596885204,0.09076309949159622,0.0005312802386470139,1.0,68,0.07330457121133804,0.00305344071239233,0.025814710184931755,0.0211932472884655,0.07657420635223389,0.0005427614669315517,1.0,0.08954651653766632,-0.012277309724595398,0.09076309949159622,0.013037266209721565,0.07657420635223389,0.00305344071239233,1.0
1790268594.6724944,46.968039751052856,936,0,16,0.0325775146484375,0.005832672119140625,0.016113100573420525,0.014565217308700085,0.03573024272918701,0.0006578202010132372,1.0,13,0.05499032884836197,-0.014518151059746742,0.03564230352640152,0.02222461812198162,0.0643727108836174,0.0013338250573724508,1.0,39,0.038765933364629745,0.0019656450022011995,0.01641761139035225,0.013645751401782036,0.041085582226514816,0.0006320117972791195,1.0,68,0.03241482749581337,-0.00015786115545779467,0.015109865926206112,0.011639661155641079,0.03465375676751137,0.0005326395039446652,1.0,0.050051476806402206,-0.004342739470303059,0.041085582226514816,0.0019656450022011995,0.03465375676751137,-0.00015786115545779467,1.0
1790268594.7205439,47.01608920097351,937,0,16,0.0017690658569335938,-0.010581016540527344,0.011967967264354229,0.013809243217110634,0.01857880875468254,0.0004290796350687742,1.0,13,-0.010763315483927727,0.0035376916639506817,0.02260430157184601,0.047556959092617035,0.040756721049547195,0.0017002543900161982,1.0,39,-0.00039790227310732007,-0.0023103372659534216,0.020206551998853683,0.0126662477850914,0.020029498264193535,0.0006180554628372192,1.0,68,0.0013741885777562857,-0.0049365549348294735,0.017753230407834053,0.01523556187748909,0.02058992348611355,0.0005871403845958412,1.0,0.029667764902114868,-0.003521662438288331,0.020029498264193535,-0.0023103372659534216,0.02058992348611355,-0.0049365549348294735,1.0
1790268594.7724814,47.06802678108215,938,0,16,-0.022375106811523438,-0.0020999908447265625,0.011788450181484222,0.018709084019064903,0.027986343950033188,0.0005554502713494003,1.0,13,-0.02856680005788803,-0.017494788393378258,0.045317042618989944,0.029184088110923767,0.05882403999567032,0.00177974090911448,1.0,39,-0.024865174666047096,-0.00948314182460308,0.01750454492866993,0.018245283514261246,0.03264615684747696,0.0007435428560711443,1.0,68,-0.012648189440369606,-0.004493152257055044,0.02142319083213806,0.016498344019055367,0.027369514107704163,0.0006146390805952251,1.0,0.04340519197285175,-0.00979738961905241,0.03264615684747696,-0.00948314182460308,0.027369514107704163,-0.004493152257055044,1.0
1790268594.8244948,47.12004017829895,939,0,16,-0.010402679443359375,-0.013251304626464844,0.019930820912122726,0.011154727078974247,0.02698839083313942,0.0005473525961861014,1.0,13,-0.04416597634553909,-0.0087738037109375,0.01794085092842579,0.01495371200144291,0.0480041429400444,0.0009004675084725022,1.0,39,-0.025110097602009773,-0.00926599744707346,0.013945759274065495,0.016894567757844925,0.0324256494641304,0.0006194886518642306,1.0,68,-0.018740709871053696,-0.00506760086864233,0.01761322282254696,0.018848590552806854,0.029744159430265427,0.0005352066364139318,1.0,0.03749626688659191,-0.011012554168701172,0.0324256494641304,-0.00926599744707346,0.029744159430265427,-0.00506760086864233,1.0
1790268594.8727694,47.168314695358276,940,0,16,-0.014725685119628906,-0.020999908447265625,0.012111500836908817,0.010928573086857796,0.027485374361276627,0.0004301450098864734,1.0,13,-0.022693339735269547,-0.004624587018042803,0.040492523461580276,0.027322931215167046,0.046891987323760986,0.0028806314803659916,1.0,39,-0.035103823989629745,-0.008667383342981339,0.02706855721771717,0.012900687754154205,0.04046419635415077,0.0007702892762608826,1.0,68,-0.026260152459144592,-0.010575574822723866,0.02210664376616478,0.014803681522607803,0.03295295313000679,0.0005815777694806457,1.0,0.037188680842518806,-0.012812247732654214,0.04046419635415077,-0.008667383342981339,0.03295295313000679,-0.010575574822723866,1.0
1790268594.9244614,47.220006704330444,941,0,16,-0.029233932495117188,-0.02825450897216797,0.020980622619390488,0.021391602233052254,0.04803597182035446,0.0004907663096673787,1.0,13,0.003589336760342121,-0.012394831515848637,0.0237314123660326,0.04947690665721893,0.05050366371870041,0.002134803682565689,1.0,39,-0.015168018639087677,-0.002170269377529621,0.016606390476226807,0.013587474822998047,0.024508537724614143,0.0006417266558855772,1.0,68,-0.017432717606425285,-0.0088043212890625,0.014580602757632732,0.017266783863306046,0.026670070365071297,0.0005371474544517696,1.0,0.049269817769527435,-0.020324670244008303,0.024508537724614143,-0.002170269377529621,0.026670070365071297,-0.0088043212890625,1.0
1790268594.9726176,47.268162965774536,942,0,16,-0.02082061767578125,0.007831573486328125,0.011749050579965115,0.01622076705098152,0.027643639594316483,0.0003854371316265315,1.0,13,-0.025505652651190758,-0.014346783049404621,0.027468856424093246,0.04495905712246895,0.050474777817726135,0.001936816144734621,1.0,39,0.0077761136926710606,0.018471742048859596,0.010437123477458954,0.0231813695281744,0.02938889153301716,0.0005206983187235892,1.0,68,-0.0022933061700314283,0.013343474827706814,0.01514036487787962,0.013426371850073338,0.022566238418221474,0.0005217864527367055,1.0,0.03905920870602131,-0.003257604781538248,0.02938889153301716,0.018471742048859596,0.022566238418221474,0.013343474827706814,1.0
1790268595.0245187,47.320064067840576,943,0,16,-0.017301559448242188,0.01956462860107422,0.008948921225965023,0.013799523934721947,0.029221368953585625,0.0004160186508670449,1.0,13,-0.0033498911652714014,0.018169697374105453,0.0373397096991539,0.03039931319653988,0.04710374400019646,0.0016120120417326689,1.0,39,-0.007399730384349823,0.0283966064453125,0.020570579916238785,0.016581116244196892,0.035203900188207626,0.0008024291601032019,1.0,68,-0.008765949867665768,0.02227749489247799,0.018136965110898018,0.01592520996928215,0.031545765697956085,0.000619688187725842,1.0,0.03816255647689104,0.018867162987589836,0.035203900188207626,0.0283966064453125,0.031545765697956085,0.02227749489247799,1.0
1790268595.0765123,47.37205767631531,944,0,16,-0.00391387939453125,0.0060482025146484375,0.01481392327696085,0.009728974662721157,0.015895389020442963,0.0004089911235496402,1.0,13,0.0021620530169457197,0.01797015778720379,0.016131417825818062,0.023674484342336655,0.02836185321211815,0.001233632443472743,1.0,39,-0.00631909491494298,0.02313271537423134,0.020761307328939438,0.016872551292181015,0.033016305416822433,0.0005305527593009174,1.0,68,5.2508185035549104e-05,0.015985039994120598,0.01852947100996971,0.015019841492176056,0.02575722336769104,0.0004567268770188093,1.0,0.022128621116280556,0.012009180150926113,0.033016305416822433,0.02313271537423134,0.02575722336769104,0.015985039994120598,1.0
1790268595.124418,47.419963359832764,945,1,16,0.03225517272949219,-0.02233123779296875,0.010318070650100708,0.014102929271757603,0.0407164990901947,0.0007050359854474664,1.0,13,0.044452372938394547,-0.008878267370164394,0.032620519399642944,0.019951453432440758,0.05159802734851837,0.0012925018090754747,1.0,39,0.0355275459587574,-0.00941858533769846,0.02038821205496788,0.017338577657938004,0.04092498496174812,0.000571287062484771,1.0,68,0.033962249755859375,-0.013088786974549294,0.016096504405140877,0.015820182859897614,0.03975875303149223,0.0006035635014995933,1.0,0.04615726321935654,-0.015604752581566572,0.04092498496174812,-0.00941858533769846,0.03975875303149223,-0.013088786974549294,1.0
1790268595.1763573,47.47190260887146,946,0,16,0.07415199279785156,-0.027994155883789062,0.00905402097851038,0.01393184531480074,0.08038404583930969,0.0011580541031435132,1.0,13,0.042647141963243484,-0.012164776213467121,0.01651020534336567,0.030621537938714027,0.05346392095088959,0.0021530981175601482,1.0,39,0.04239948093891144,-0.028157943859696388,0.02369939535856247,0.012959965504705906,0.054241474717855453,0.0009093995322473347,1.0,68,0.0519988127052784,-0.022720448672771454,0.021027635782957077,0.02044154517352581,0.06147778779268265,0.0007716988911852241,1.0,0.06692398339509964,-0.020079466048628092,0.054241474717855453,-0.028157943859696388,0.06147778779268265,-0.022720448672771454,1.0
1790268595.2242134,47.51975870132446,947,0,16,0.09670066833496094,-0.03552436828613281,0.016525408253073692,0.021285703405737877,0.10539403557777405,0.001795089803636074,1.0,13,0.07623291015625,0.0010446402011439204,0.06237908825278282,0.04652974382042885,0.08534999936819077,0.004801216535270214,1.0,39,0.07040601223707199,-0.03438861668109894,0.02571355737745762,0.016122113913297653,0.07953374832868576,0.0006769497995264828,1.0,68,0.07552988082170486,-0.03729674220085144,0.025085007771849632,0.0234637763351202,0.08735214918851852,0.0008490531472489238,1.0,0.0953720174729824,-0.017239864042494446,0.07953374832868576,-0.03438861668109894,0.08735214918851852,-0.03729674220085144,1.0
1790268595.276559,47.57210445404053,948,0,16,0.10113811492919922,-0.034873008728027344,0.03197866678237915,0.02794341929256916,0.11155560612678528,0.0010109463473781943,1.0,13,0.08418626338243484,-0.006263146176934242,0.031142935156822205,0.040853869169950485,0.09333615005016327,0.003404320916160941,1.0,39,0.07983633130788803,-0.04344372823834419,0.021093906834721565,0.019776476547122,0.09298872947692871,0.0008678360609337687,1.0,68,0.08167783170938492,-0.04306063801050186,0.03516097739338875,0.025631213560700417,0.09736784547567368,0.0007323111058212817,1.0,0.10244587808847427,-0.020568077452480793,0.09298872947692871,-0.04344372823834419,0.09736784547567368,-0.04306063801050186,1.0
1790268595.32859,47.6241352558136,949,0,16,0.10212993621826172,-0.04228019714355469,0.027622507885098457,0.013572734780609608,0.11198481172323227,0.0011167483171448112,1.0,13,0.09387676417827606,-0.03302706032991409,0.019836213439702988,0.03722245618700981,0.10498671978712082,0.0034949753899127245,1.0,39,0.06232158839702606,-0.06125699728727341,0.028677674010396004,0.012756622396409512,0.0895315408706665,0.0007089943974278867,1.0,68,0.06992384791374207,-0.049025703221559525,0.03427412733435631,0.025608232244849205,0.08972030878067017,0.0008708699606359005,1.0,0.10848576575517654,-0.03765362873673439,0.0895315408706665,-0.06125699728727341,0.08972030878067017,-0.049025703221559525,1.0
1790268595.376573,47.67211842536926,950,0,16,0.06886959075927734,-0.04581928253173828,0.02275197207927704,0.01668923906981945,0.08479425311088562,0.0008605024195276201,1.0,13,0.03967519849538803,-0.02556081861257553,0.028054717928171158,0.017297696322202682,0.050022684037685394,0.0019338069250807166,1.0,39,0.03504239767789841,-0.05010203644633293,0.013746758922934532,0.01886538602411747,0.06293369829654694,0.0006655881879851222,1.0,68,0.036801282316446304,-0.04740165174007416,0.022720202803611755,0.027790866792201996,0.06602515280246735,0.0006769307074137032,1.0,0.06740846857428551,-0.035690050572156906,0.06293369829654694,-0.05010203644633293,0.06602515280246735,-0.04740165174007416,1.0
1790268595.4285314,47.72407674789429,951,0,16,0.10917282104492188,0.0015153884887695312,0.11142661422491074,0.06614624708890915,0.13330362737178802,0.003312097629532218,1.0,13,0.02929452806711197,-0.02566763013601303,0.04714614897966385,0.0300197284668684,0.054943766444921494,0.0020561760757118464,1.0,39,0.013842851854860783,-0.04575915262103081,0.011760112829506397,0.012562613934278488,0.04887441545724869,0.0007843875209800899,1.0,68,0.03165547922253609,-0.033881694078445435,0.05955664813518524,0.03599727898836136,0.06258652359247208,0.001066589611582458,1.0,0.09412369690835476,-0.01207612082362175,0.04887441545724869,-0.04575915262103081,0.06258652359247208,-0.033881694078445435,1.0
1790268595.4765377,47.772083044052124,952,0,16,0.7934465408325195,0.39667797088623047,0.984330415725708,0.4330712854862213,0.9206473231315613,0.14827746152877808,1.0,13,-0.04520357400178909,0.025634765625,0.172138974070549,0.09667041152715683,0.12721823155879974,0.015891719609498978,1.0,39,-0.0012938670115545392,-0.030078202486038208,0.018535153940320015,0.013797595165669918,0.03555285930633545,0.0007242291467264295,1.0,68,0.12185242772102356,0.03320884704589844,0.4724603593349457,0.22022907435894012,0.16972766816616058,0.02145911566913128,1.0,0.5239327773451805,0.21115636825561523,0.03555285930633545,-0.030078202486038208,0.16972766816616058,0.03320884704589844,1.0
1790268595.5285523,47.824097633361816,953,0,16,0.10022354125976562,0.09824085235595703,0.14882610738277435,0.11521293967962265,0.15994736552238464,0.017779596149921417,1.0,13,-0.035355787724256516,0.03041311353445053,0.05192359536886215,0.0945497378706932,0.09298166632652283,0.009807724505662918,1.0,39,-0.011688623577356339,-0.006180591881275177,0.02186931110918522,0.020012620836496353,0.029584012925624847,0.0006701730890199542,1.0,68,0.005841199308633804,0.006405998487025499,0.08322743326425552,0.07165761291980743,0.05304005369544029,0.003162853652611375,1.0,0.12646451592445374,0.06432698294520378,0.029584012925624847,-0.006180591881275177,0.05304005369544029,0.006405998487025499,1.0
1790268595.5805786,47.876123905181885,954,0,16,-0.05014991760253906,0.03526020050048828,0.09522265940904617,0.03827569633722305,0.08866893500089645,0.002298628445714712,1.0,13,-0.022834191098809242,0.021503154188394547,0.024583717808127403,0.049199722707271576,0.049239013344049454,0.0024212514981627464,1.0,39,-0.03529318794608116,0.014251317828893661,0.02771047316491604,0.018603568896651268,0.044275641441345215,0.0005386820412240922,1.0,68,-0.033206939697265625,0.011497161351144314,0.04894452914595604,0.026388518512248993,0.04580173268914223,0.0008172192610800266,1.0,0.06895397417247295,0.028381677344441414,0.044275641441345215,0.014251317828893661,0.04580173268914223,0.011497161351144314,1.0
1790268595.6285355,47.92408084869385,955,0,16,-0.10918235778808594,0.07150459289550781,0.11027538776397705,0.032342344522476196,0.14348623156547546,0.0015793719794601202,1.0,13,-0.055591288954019547,0.010691716335713863,0.016196630895137787,0.03438945487141609,0.06585893034934998,0.0037688028533011675,1.0,39,-0.04789538308978081,0.03117135912179947,0.029388463124632835,0.015369115397334099,0.06048150733113289,0.0008171992376446724,1.0,68,-0.05573452264070511,0.03332407400012016,0.0602354034781456,0.02717425860464573,0.07005565613508224,0.0010914597660303116,1.0,0.10467258095741272,0.04109815461561084,0.06048150733113289,0.03117135912179947,0.07005565613508224,0.03332407400012016,1.0
1790268595.680709,47.97625422477722,956,0,16,-0.08453845977783203,0.03549766540527344,0.043216753751039505,0.02005724050104618,0.09335362911224365,0.0007277897093445063,1.0,13,-0.093597412109375,0.0009002685546875,0.036354560405015945,0.052467938512563705,0.10514592379331589,0.00184897449798882,1.0,39,-0.06331928074359894,0.03463158383965492,0.02623027004301548,0.014931061305105686,0.07376318424940109,0.0008255324210040271,1.0,68,-0.0602324977517128,0.03131686896085739,0.033533405512571335,0.02401156537234783,0.0711410865187645,0.0007625402649864554,1.0,0.09924977645277977,0.01819896697998047,0.07376318424940109,0.03463158383965492,0.0711410865187645,0.03131686896085739,1.0
1790268595.7285867,48.02413201332092,957,0,16,-0.07121086120605469,0.058608055114746094,0.026850445196032524,0.016538972035050392,0.09424875676631927,0.0007007911335676908,1.0,13,-0.051527757197618484,0.028746385127305984,0.019051985815167427,0.033132072538137436,0.06399441510438919,0.003188387956470251,1.0,39,-0.05949088931083679,0.03484559804201126,0.022809108719229698,0.02047760598361492,0.07229989767074585,0.0007787691429257393,1.0,68,-0.05930911749601364,0.030983194708824158,0.02486799657344818,0.027366019785404205,0.07156205922365189,0.0006326385773718357,1.0,0.07912158593535423,0.04367722012102604,0.07229989767074585,0.03484559804201126,0.07156205922365189,0.030983194708824158,1.0
1790268595.7801945,48.07573986053467,958,0,16,-0.05776023864746094,0.02695465087890625,0.037622157484292984,0.02286120317876339,0.06991307437419891,0.0008026955183595419,1.0,13,-0.05466167628765106,0.004594069439917803,0.017872851341962814,0.014952383935451508,0.056515272706747055,0.0025306283496320248,1.0,39,-0.05589881166815758,0.03423798456788063,0.015483514405786991,0.018129833042621613,0.06700703501701355,0.0005752607248723507,1.0,68,-0.049772150814533234,0.023535896092653275,0.021709291264414787,0.01803310215473175,0.05777418240904808,0.000595119665376842,1.0,0.06321417354047298,0.015774360159412026,0.06700703501701355,0.03423798456788063,0.05777418240904808,0.023535896092653275,1.0
1790268595.832242,48.127787351608276,959,0,16,-0.06876564025878906,0.015496253967285156,0.04622235521674156,0.03182290866971016,0.0829227864742279,0.0030024319421499968,1.0,13,-0.03555532544851303,0.019965538755059242,0.02088131755590439,0.06160704046487808,0.06841806322336197,0.004093501251190901,1.0,39,-0.03138654679059982,0.015891442075371742,0.03137373551726341,0.016296081244945526,0.047037240117788315,0.0007201190455816686,1.0,68,-0.045987073332071304,0.018858179450035095,0.029649386182427406,0.019632525742053986,0.05676035210490227,0.0011160618159919977,1.0,0.07567042484879494,0.0177308963611722,0.047037240117788315,0.015891442075371742,0.05676035210490227,0.018858179450035095,1.0
1790268595.880534,48.17607927322388,960,1,16,-0.04852104187011719,0.028432846069335938,0.1352844387292862,0.04227305203676224,0.1388341188430786,0.006846147123724222,1.0,13,-0.030956562608480453,0.02856914885342121,0.042111244052648544,0.07832109928131104,0.0853678360581398,0.009057333692908287,1.0,39,-0.05399263650178909,0.035134341567754745,0.01747543178498745,0.01764781028032303,0.06636412441730499,0.0006651461008004844,1.0,68,-0.052433911710977554,0.029126448556780815,0.05803363770246506,0.025827402248978615,0.07701864093542099,0.001686094794422388,1.0,0.11210097745060921,0.028500997461378574,0.06636412441730499,0.035134341567754745,0.07701864093542099,0.029126448556780815,1.0
1790268595.9325218,48.22806715965271,961,0,16,-0.14415359497070312,-0.01644611358642578,0.08015717566013336,0.06737244129180908,0.15860076248645782,0.00435124896466732,1.0,13,-0.04491718113422394,0.014147245325148106,0.026184415444731712,0.03232460096478462,0.06067798659205437,0.001768183195963502,1.0,39,-0.04031332954764366,0.03627053275704384,0.017269175499677658,0.011780747212469578,0.05607730895280838,0.0007914841989986598,1.0,68,-0.05800022929906845,0.02472843788564205,0.054392825812101364,0.0412771999835968,0.07379072904586792,0.0012875220272690058,1.0,0.1096393745392561,-0.0011494341306388378,0.05607730895280838,0.03627053275704384,0.07379072904586792,0.02472843788564205,1.0
1790268595.9805658,48.276111125946045,962,0,16,-0.1310596466064453,-0.023393630981445312,0.11247245967388153,0.07014229148626328,0.14293977618217468,0.012648520991206169,1.0,13,-0.020789513364434242,-0.016242394223809242,0.027200063690543175,0.020164983347058296,0.03640735521912575,0.0030947141349315643,1.0,39,-0.019532032310962677,0.02123788744211197,0.025162294507026672,0.015812406316399574,0.03826608136296272,0.000670804176479578,1.0,68,-0.04841770976781845,0.002646277891471982,0.06409017741680145,0.04160868749022484,0.05953492969274521,0.0025560660287737846,1.0,0.08967356570065022,-0.019818012602627277,0.03826608136296272,0.02123788744211197,0.05953492969274521,0.002646277891471982,1.0
1790268596.0324578,48.32800316810608,963,0,16,-0.1196146011352539,-0.0826101303100586,0.13716602325439453,0.09342461824417114,0.15410101413726807,0.0379805713891983,1.0,13,-0.012075571343302727,-0.031116191297769547,0.030616026371717453,0.02838202565908432,0.047123465687036514,0.005339727737009525,1.0,39,-0.02066822536289692,0.0059963129460811615,0.020613480359315872,0.013340622186660767,0.02774655818939209,0.0005286045488901436,1.0,68,-0.03901515156030655,-0.011704613454639912,0.058347370475530624,0.052367761731147766,0.047991346567869186,0.0061495862901210785,1.0,0.10061223991215229,-0.05686316080391407,0.02774655818939209,0.0059963129460811615,0.047991346567869186,-0.011704613454639912,1.0
1790268596.084515,48.38006043434143,964,0,16,-0.07046794891357422,-0.10552215576171875,0.09370551258325577,0.08310319483280182,0.13245706260204315,0.006144124548882246,1.0,13,-0.013648400083184242,-0.017708411440253258,0.045413099229335785,0.04311685636639595,0.05971841514110565,0.0015334716299548745,1.0,39,-0.005423912778496742,-0.026561247184872627,0.03174800053238869,0.01688205450773239,0.0403793603181839,0.0006870967335999012,1.0,68,-0.01965937949717045,-0.03273750841617584,0.04541798308491707,0.04876958578824997,0.04814378544688225,0.0013987531419843435,1.0,0.0960877388715744,-0.061615283600986004,0.0403793603181839,-0.026561247184872627,0.04814378544688225,-0.03273750841617584,1.0
1790268596.1323178,48.427863121032715,965,0,16,-0.06787395477294922,-0.10123443603515625,0.10663106292486191,0.09120652824640274,0.13690532743930817,0.0032485248520970345,1.0,13,-0.0006502591422758996,-0.04463430494070053,0.03265024349093437,0.03348872810602188,0.060158126056194305,0.0022945853415876627,1.0,39,-0.0015211838763207197,-0.018708057701587677,0.01426634006202221,0.01327603217214346,0.025164298713207245,0.0004335434059612453,1.0,68,-0.012543397955596447,-0.029498381540179253,0.051303766667842865,0.05027707666158676,0.04161654785275459,0.0010395466815680265,1.0,0.09853172674775124,-0.07293437048792839,0.025164298713207245,-0.018708057701587677,0.04161654785275459,-0.029498381540179253,1.0
1790268596.184522,48.48006725311279,966,0,16,-0.034577369689941406,-0.06597328186035156,0.05920964479446411,0.05834736302495003,0.09327061474323273,0.0020881604868918657,1.0,13,-0.009775014594197273,0.004027146380394697,0.02171006239950657,0.040143754333257675,0.038907505571842194,0.001019092625938356,1.0,39,-0.012510642409324646,-0.021102122962474823,0.02034434676170349,0.018535900861024857,0.03245009481906891,0.0005584486061707139,1.0,68,-0.016060099005699158,-0.020083259791135788,0.029671737924218178,0.03302425891160965,0.035980213433504105,0.0007915745954960585,1.0,0.06608906015753746,-0.030973067739978433,0.03245009481906891,-0.021102122962474823,0.035980213433504105,-0.020083259791135788,1.0
1790268596.2325563,48.528101682662964,967,0,16,-0.10159778594970703,-0.06576824188232422,0.11740947514772415,0.05356419458985329,0.12826606631278992,0.0032782903872430325,1.0,13,0.009493314661085606,-0.038296040147542953,0.020312219858169556,0.030789712443947792,0.04497889429330826,0.0021052598021924496,1.0,39,0.004382011014968157,0.004546336829662323,0.015577150508761406,0.01001306064426899,0.015962352976202965,0.0006904158508405089,1.0,68,-0.01634979248046875,-0.004142649006098509,0.06365365535020828,0.034964270889759064,0.03679991886019707,0.0009080772870220244,1.0,0.08662248030304909,-0.052032141014933586,0.015962352976202965,0.004546336829662323,0.03679991886019707,-0.004142649006098509,1.0
1790268596.2844653,48.580010652542114,968,0,16,0.005741119384765625,-0.049617767333984375,0.04855261743068695,0.04125508666038513,0.0694849044084549,0.0014249826781451702,1.0,13,-0.00044367864029482007,-0.0033052884973585606,0.019092753529548645,0.027925077825784683,0.029492245987057686,0.0015390256885439157,1.0,39,0.01589457131922245,0.007959610782563686,0.014968622475862503,0.014445975422859192,0.023965010419487953,0.0005968754994682968,1.0,68,0.014886519871652126,-0.0033958659041672945,0.02405204065144062,0.024308884516358376,0.030245885252952576,0.0006471858359873295,1.0,0.04948857519775629,-0.026461527915671468,0.023965010419487953,0.007959610782563686,0.030245885252952576,-0.0033958659041672945,1.0
1790268596.3363802,48.63192558288574,969,0,16,0.011445045471191406,-0.040019989013671875,0.05182794854044914,0.03848873823881149,0.0701265037059784,0.000974824361037463,1.0,13,0.03858361020684242,-0.014336219057440758,0.02218947932124138,0.032035503536462784,0.05068432539701462,0.001375099760480225,1.0,39,0.04702680557966232,-0.0029879838693886995,0.019229700788855553,0.020153503865003586,0.05228062719106674,0.0006860444555059075,1.0,68,0.03919915482401848,-0.01373291015625,0.030921194702386856,0.021444428712129593,0.05103762075304985,0.0006111959228292108,1.0,0.060405414551496506,-0.027178104035556316,0.05228062719106674,-0.0029879838693886995,0.05103762075304985,-0.01373291015625,1.0
1790268596.3842728,48.67981815338135,970,0,16,0.08295822143554688,-0.039653778076171875,0.037101272493600845,0.02894788794219494,0.0991838350892067,0.001403158181346953,1.0,13,0.07336895167827606,0.01881643384695053,0.027452237904071808,0.02827838808298111,0.07866252958774567,0.0024068665225058794,1.0,39,0.09812614321708679,-0.015414898283779621,0.046221453696489334,0.0146753815934062,0.100486159324646,0.001054754015058279,1.0,68,0.08376828581094742,-0.017056632786989212,0.03939902037382126,0.025050997734069824,0.08977540582418442,0.0010181538527831435,1.0,0.08892318233847618,-0.010418672114610672,0.100486159324646,-0.015414898283779621,0.08977540582418442,-0.017056632786989212,1.0
1790268596.43632,48.73186540603638,971,0,16,0.11971092224121094,-0.027921676635742188,0.04119032993912697,0.02455591969192028,0.12551936507225037,0.0009465074399486184,1.0,13,0.12135902047157288,-0.007209191098809242,0.046562980860471725,0.03994687646627426,0.12716923654079437,0.003156396560370922,1.0,39,0.12580402195453644,-0.010440533049404621,0.03677957132458687,0.025368206202983856,0.12853217124938965,0.0011694226413965225,1.0,68,0.11722856760025024,-0.010717167519032955,0.04064618796110153,0.0315670371055603,0.12152668833732605,0.0008462028345093131,1.0,0.12634430080652237,-0.017565433867275715,0.12853217124938965,-0.010440533049404621,0.12152668833732605,-0.010717167519032955,1.0
1790268596.4844685,48.78001379966736,972,0,16,0.09528160095214844,-0.05272960662841797,0.025814611464738846,0.024529224261641502,0.11322227120399475,0.0011340733617544174,1.0,13,0.11314744502305984,0.01916269212961197,0.03577638044953346,0.03810019791126251,0.12063805013895035,0.0026773286517709494,1.0,39,0.12748679518699646,0.02427203767001629,0.03312389925122261,0.015341545455157757,0.13086040318012238,0.0008255817228928208,1.0,68,0.10544204711914062,-0.005086449906229973,0.04633145034313202,0.03432539477944374,0.11263812333345413,0.0008996612159535289,1.0,0.11693016067147255,-0.016783457249403,0.13086040318012238,0.02427203767001629,0.11263812333345413,-0.005086449906229973,1.0
1790268596.5365205,48.83206582069397,973,0,16,0.07036209106445312,-0.018537521362304688,0.05803792178630829,0.02127438597381115,0.0878722071647644,0.0010795608395710588,1.0,13,0.1489023119211197,0.008480365388095379,0.06540113687515259,0.037651486694812775,0.15320880711078644,0.0031884016934782267,1.0,39,0.13517174124717712,0.03691687807440758,0.03210975229740143,0.019738832488656044,0.14248590171337128,0.0012453271774575114,1.0,68,0.10764581710100174,0.023061975836753845,0.046227894723415375,0.030116530135273933,0.11572806537151337,0.0008613010286353528,1.0,0.12054050713777542,-0.005028577987104654,0.14248590171337128,0.03691687807440758,0.11572806537151337,0.023061975836753845,1.0
1790268596.5885217,48.88406705856323,974,0,16,0.09571647644042969,0.017457962036132812,0.034195978194475174,0.01684657111763954,0.09842818975448608,0.0008630785741843283,1.0,13,0.12395301461219788,0.004660973325371742,0.0303626898676157,0.05129963159561157,0.13366928696632385,0.003626238787546754,1.0,39,0.1183369979262352,0.07062471657991409,0.029087452217936516,0.022553935647010803,0.139787957072258,0.0010660163825377822,1.0,68,0.10249597579240799,0.03808537498116493,0.03738256171345711,0.0349709577858448,0.11310838907957077,0.0008329133270308375,1.0,0.11604873836040497,0.011059467680752277,0.139787957072258,0.07062471657991409,0.11310838907957077,0.03808537498116493,1.0
1790268596.6366708,48.93221616744995,975,1,16,0.04106426239013672,0.009129524230957031,0.019430438056588173,0.020824836567044258,0.04563409090042114,0.0007415047148242593,1.0,13,0.08819345384836197,0.06909414380788803,0.0276340302079916,0.06318865716457367,0.11927714943885803,0.0031868265941739082,1.0,39,0.10434194654226303,0.08130978047847748,0.036348212510347366,0.0294945128262043,0.13608618080615997,0.0017468825681135058,1.0,68,0.07448981702327728,0.045158274471759796,0.03068295121192932,0.03440769761800766,0.09037741273641586,0.0009178358595818281,1.0,0.08245562016963959,0.03911183401942253,0.13608618080615997,0.08130978047847748,0.09037741273641586,0.045158274471759796,1.0
1790268596.6885395,48.98408484458923,976,0,16,0.049190521240234375,0.032797813415527344,0.019035952165722847,0.030181555077433586,0.06587190926074982,0.0009461961453780532,1.0,13,0.11808424443006516,0.055022019892930984,0.07054822891950607,0.04273243248462677,0.13713601231575012,0.0013411524705588818,1.0,39,0.07850881665945053,0.09133793413639069,0.03422411158680916,0.01928712986409664,0.12345819920301437,0.001009301166050136,1.0,68,0.061110105365514755,0.056091420352458954,0.02888541854918003,0.0392642505466938,0.08839654922485352,0.0008105293964035809,1.0,0.10150396078824997,0.043909916654229164,0.12345819920301437,0.09133793413639069,0.08839654922485352,0.056091420352458954,1.0
1790268596.736586,49.03213143348694,977,0,16,0.04952716827392578,0.03972911834716797,0.017581919208168983,0.02140786498785019,0.06517025828361511,0.0006610005511902273,1.0,13,0.058624267578125,0.08081993460655212,0.014860954135656357,0.03536556661128998,0.10391540080308914,0.0031670848838984966,1.0,39,0.05411823093891144,0.10460525751113892,0.021984826773405075,0.03236863762140274,0.12007379531860352,0.001639409689232707,1.0,68,0.04870448261499405,0.07370465993881226,0.024351270869374275,0.044005945324897766,0.09322702884674072,0.0008324625669047236,1.0,0.08454282954335213,0.060274526476860046,0.12007379531860352,0.10460525751113892,0.09322702884674072,0.07370465993881226,1.0
1790268596.7886329,49.08417820930481,978,0,16,0.004321098327636719,0.045660972595214844,0.012922056950628757,0.021653082221746445,0.04841265082359314,0.0008154985262081027,1.0,13,0.060558613389730453,0.07263887673616409,0.03235629200935364,0.016908876597881317,0.0981425866484642,0.0023708855733275414,1.0,39,0.048671234399080276,0.14001503586769104,0.03861488774418831,0.036296676844358444,0.15275004506111145,0.002123529789969325,1.0,68,0.023715300485491753,0.0947602242231369,0.029214603826403618,0.05693691968917847,0.10137003660202026,0.0010712865041568875,1.0,0.07327761873602867,0.05914992466568947,0.15275004506111145,0.14001503586769104,0.10137003660202026,0.0947602242231369,1.0
1790268596.840729,49.136274337768555,979,0,16,0.0043163299560546875,0.062201499938964844,0.0163129735738039,0.015433242544531822,0.06440722942352295,0.0005704319337382913,1.0,13,0.01779644377529621,0.06100229173898697,0.018787359818816185,0.023988086730241776,0.06708615273237228,0.001532588736154139,1.0,39,0.01938883401453495,0.11779159307479858,0.02951788529753685,0.03127846494317055,0.12259769439697266,0.0015122926561161876,1.0,68,0.012163947336375713,0.08859017491340637,0.022768640890717506,0.045419298112392426,0.0927300974726677,0.0008800634532235563,1.0,0.06574669107794762,0.061601895838975906,0.12259769439697266,0.11779159307479858,0.0927300974726677,0.08859017491340637,1.0
1790268596.888538,49.184083223342896,980,0,16,-0.01636981964111328,0.055542945861816406,0.012879461981356144,0.015335251577198505,0.059495024383068085,0.000512243015691638,1.0,13,0.017225999385118484,0.05150428041815758,0.04401164874434471,0.028101591393351555,0.06348252296447754,0.0015898632118478417,1.0,39,-0.005012707784771919,0.09432083368301392,0.02603648602962494,0.02182941697537899,0.09751575440168381,0.0009016650728881359,1.0,68,-0.004426843952387571,0.06403788179159164,0.02027457021176815,0.031053071841597557,0.06804994493722916,0.0006672842428088188,1.0,0.06148877367377281,0.05352361313998699,0.09751575440168381,0.09432083368301392,0.06804994493722916,0.06403788179159164,1.0
1790268596.9405675,49.23611283302307,981,0,16,-0.0036935806274414062,0.04078483581542969,0.01355261541903019,0.011442768387496471,0.043043188750743866,0.0005625570192933083,1.0,13,0.0029343825299292803,0.051486674696207047,0.028257044032216072,0.030670898035168648,0.06155334413051605,0.0014019502559676766,1.0,39,-0.010949550196528435,0.06840593367815018,0.018224775791168213,0.01938210241496563,0.0712379589676857,0.0005818641511723399,1.0,68,0.0006440106662921607,0.050538454204797745,0.01760869100689888,0.027282394468784332,0.05445919185876846,0.0005507938330993056,1.0,0.05229826644062996,0.04613575525581837,0.0712379589676857,0.06840593367815018,0.05445919185876846,0.050538454204797745,1.0
1790268596.9884267,49.2839720249176,982,0,16,0.0074977874755859375,0.020964622497558594,0.008512896485626698,0.01078028790652752,0.024751311168074608,0.0005958577385172248,1.0,13,0.020697960630059242,0.034671489149332047,0.008120712824165821,0.019790561869740486,0.042999424040317535,0.0010853118728846312,1.0,39,0.01061229221522808,0.034971971064805984,0.017390606924891472,0.012525341473519802,0.0405665785074234,0.0006364146829582751,1.0,68,0.005953396204859018,0.024893704801797867,0.011605014093220234,0.017012180760502815,0.029941555112600327,0.0006902134045958519,1.0,0.03387536760419607,0.02781805582344532,0.0405665785074234,0.034971971064805984,0.029941555112600327,0.024893704801797867,1.0
1790268597.040388,49.335933446884155,983,0,16,0.017615318298339844,0.011445999145507812,0.013497622683644295,0.012048311531543732,0.026415128260850906,0.0003856131515931338,1.0,13,0.018096923828125,0.03382404148578644,0.015982508659362793,0.046256765723228455,0.050155118107795715,0.0013585505075752735,1.0,39,0.01919086091220379,0.03191395476460457,0.016786886379122734,0.014689534902572632,0.04132092744112015,0.0006822985596954823,1.0,68,0.020696528255939484,0.021915772929787636,0.014837227761745453,0.021434154361486435,0.03624923527240753,0.0006470320513471961,1.0,0.03828512318432331,0.022635020315647125,0.04132092744112015,0.03191395476460457,0.03624923527240753,0.021915772929787636,1.0
1790268597.0925362,49.388081550598145,984,0,16,0.044953346252441406,0.016358375549316406,0.016674308106303215,0.007810718379914761,0.04848558455705643,0.0004412669804878533,1.0,13,0.02621694654226303,-0.0063417875207960606,0.0241917185485363,0.017678337171673775,0.03443048894405365,0.0014566557947546244,1.0,39,0.007871187292039394,0.044498149305582047,0.017140347510576248,0.016205471009016037,0.04823712259531021,0.0005870461463928223,1.0,68,0.01981353759765625,0.027126312255859375,0.0184771865606308,0.019734907895326614,0.04023252800107002,0.0004842181515414268,1.0,0.04145803675055504,0.005008294014260173,0.04823712259531021,0.044498149305582047,0.04023252800107002,0.027126312255859375,1.0
1790268597.140721,49.43626642227173,985,0,16,0.014772415161132812,0.01758575439453125,0.011795170605182648,0.015806227922439575,0.028555359691381454,0.0006448838394135237,1.0,13,0.014646089635789394,0.03819509595632553,0.03112811967730522,0.02677167020738125,0.05453420430421829,0.0012432977091521025,1.0,39,0.018705710768699646,0.04384789243340492,0.021373646333813667,0.017707593739032745,0.05333989858627319,0.0007356852875091136,1.0,68,0.020156187936663628,0.02922114171087742,0.018407555297017097,0.022991418838500977,0.042237136512994766,0.0005310378037393093,1.0,0.04154478199779987,0.02789042517542839,0.05333989858627319,0.04384789243340492,0.042237136512994766,0.02922114171087742,1.0
1790268597.1925244,49.48806977272034,986,0,16,0.023598670959472656,0.022310256958007812,0.01677335612475872,0.01404422614723444,0.037720926105976105,0.0007547977147623897,1.0,13,0.03729248046875,0.02728271484375,0.015844369307160378,0.02665547840297222,0.05079921334981918,0.0019924091175198555,1.0,39,0.026632847264409065,0.030555138364434242,0.018185770139098167,0.0200501699000597,0.0479615144431591,0.000889644434209913,1.0,68,0.025691986083984375,0.021575478836894035,0.013245709240436554,0.020341157913208008,0.03899587318301201,0.0006044561159797013,1.0,0.044260069727897644,0.024796485900878906,0.0479615144431591,0.030555138364434242,0.03899587318301201,0.021575478836894035,1.0
1790268597.2405362,49.53608155250549,987,0,16,0.02776622772216797,0.012139320373535156,0.01214869599789381,0.014829122461378574,0.033628910779953,0.0006033332319930196,1.0,13,0.02144916169345379,0.02308889478445053,0.019765831530094147,0.011224457994103432,0.0367056205868721,0.0020618203561753035,1.0,39,0.025440314784646034,0.028231889009475708,0.013754932209849358,0.01720467582345009,0.041468970477581024,0.0006230021826922894,1.0,68,0.028226066380739212,0.017257018014788628,0.0126869585365057,0.016686538234353065,0.036532942205667496,0.0005255627911537886,1.0,0.03516726568341255,0.017614107578992844,0.041468970477581024,0.028231889009475708,0.036532942205667496,0.017257018014788628,1.0
1790268597.2925687,49.58811402320862,988,0,16,0.04553794860839844,0.013283729553222656,0.022162191569805145,0.008491157554090023,0.04822545126080513,0.0007217038073576987,1.0,13,0.013063871301710606,0.008467454463243484,0.012956265360116959,0.020365841686725616,0.025822369381785393,0.0015562436310574412,1.0,39,0.023187099024653435,0.009158403612673283,0.02368912100791931,0.01596786640584469,0.034318696707487106,0.0006939140730537474,1.0,68,0.02700222283601761,0.008743846789002419,0.02170860767364502,0.012492957524955273,0.0336545966565609,0.0007555531919933856,1.0,0.03702391032129526,0.01087559200823307,0.034318696707487106,0.009158403612673283,0.0336545966565609,0.008743846789002419,1.0
1790268597.344564,49.6401093006134,989,0,16,0.019707679748535156,-0.004349708557128906,0.008181631565093994,0.008714144118130207,0.022159619256854057,0.00043515797005966306,1.0,13,0.016937255859375,0.0093994140625,0.019642643630504608,0.023334002122282982,0.030451200902462006,0.0017229302320629358,1.0,39,0.02067096345126629,0.0014441075036302209,0.009896311908960342,0.014090337790548801,0.024899978190660477,0.0006280163652263582,1.0,68,0.02168184146285057,-0.0009900261647999287,0.013177764602005482,0.011907256208360195,0.026032280176877975,0.000598586571868509,1.0,0.02630541007965803,0.002524852752685547,0.024899978190660477,0.0014441075036302209,0.026032280176877975,-0.0009900261647999287,1.0
1790268597.3925264,49.688071727752686,990,1,16,0.014043807983398438,0.006496429443359375,0.008311357349157333,0.009008538909256458,0.017856137827038765,0.0005573963862843812,1.0,13,0.02856914885342121,0.008463933132588863,0.014565466903150082,0.016761377453804016,0.03378811478614807,0.0015273669268935919,1.0,39,0.0026652019005268812,0.0007711556972935796,0.01531174872070551,0.01107000932097435,0.016148917376995087,0.0005419871886260808,1.0,68,0.007177465129643679,0.0032891666051000357,0.014304807409644127,0.011891392059624195,0.017392154783010483,0.000420095631852746,1.0,0.025822126306593418,0.007480181287974119,0.016148917376995087,0.0007711556972935796,0.017392154783010483,0.0032891666051000357,1.0
1790268597.444616,49.740161418914795,991,0,16,0.006938934326171875,-0.0076446533203125,0.012730090878903866,0.011468930169939995,0.016781631857156754,0.0005518865655176342,1.0,13,-0.004856989718973637,-0.017261210829019547,0.013814459554851055,0.013775655999779701,0.023721754550933838,0.001833564369007945,1.0,39,-0.011723053641617298,-0.00161312788259238,0.02485079877078533,0.011324366554617882,0.023999037221074104,0.00042393477633595467,1.0,68,-0.004990970250219107,0.0007229973562061787,0.018933268263936043,0.01384726446121931,0.019566960632801056,0.0004662627470679581,1.0,0.020251693204045296,-0.012452932074666023,0.023999037221074104,-0.00161312788259238,0.019566960632801056,0.0007229973562061787,1.0
1790268597.4926198,49.78816509246826,992,0,16,-0.0021085739135742188,-0.014936447143554688,0.006262755487114191,0.007067216094583273,0.016526658087968826,0.000533001555595547,1.0,13,0.008594219572842121,-0.0014801025390625,0.021245379000902176,0.036963220685720444,0.03846675902605057,0.0015223597874864936,1.0,39,-0.0006584754446521401,-0.020702263340353966,0.01850084587931633,0.012029404751956463,0.027941783890128136,0.0005519794067367911,1.0,68,-0.0001353095576632768,-0.013109656050801277,0.011944249272346497,0.013983936049044132,0.020291969180107117,0.0004700414719991386,1.0,0.027496708557009697,-0.008208274841308594,0.027941783890128136,-0.020702263340353966,0.020291969180107117,-0.013109656050801277,1.0
1790268597.5445707,49.840116024017334,993,0,16,0.0024852752685546875,-0.02244091033935547,0.014603258110582829,0.019707998260855675,0.03258586674928665,0.0004671397909987718,1.0,13,-0.014301006682217121,0.0012934758560732007,0.02318122237920761,0.017102764919400215,0.02615879289805889,0.0012192995054647326,1.0,39,-0.020447950810194016,-0.030664687976241112,0.013484311290085316,0.010099439881742,0.03892989084124565,0.0006811431376263499,1.0,68,-0.007422279100865126,-0.024157917127013206,0.014430465176701546,0.021199200302362442,0.03282708302140236,0.0005084904260002077,1.0,0.02937232982367277,-0.010573717241641134,0.03892989084124565,-0.030664687976241112,0.03282708302140236,-0.024157917127013206,1.0
1790268597.5966222,49.89216756820679,994,0,16,-0.010724067687988281,-0.007262229919433594,0.010317342355847359,0.013413815759122372,0.019190683960914612,0.00061744888080284,1.0,13,-0.013056828640401363,-0.011088444851338863,0.017563991248607635,0.026141822338104248,0.032518938183784485,0.001139900996349752,1.0,39,-0.02878590114414692,-0.027403611689805984,0.020691778510808945,0.015636803582310677,0.044042155146598816,0.0008341360371559858,1.0,68,-0.018050923943519592,-0.018908219411969185,0.020643556490540504,0.020131655037403107,0.032905757427215576,0.0004902613582089543,1.0,0.02585481107234955,-0.009175337385386229,0.044042155146598816,-0.027403611689805984,0.032905757427215576,-0.018908219411969185,1.0
1790268597.6443236,49.93986892700195,995,0,16,-0.0014066696166992188,-0.031058311462402344,0.011643297970294952,0.01467191893607378,0.03331153094768524,0.00038159219548106194,1.0,13,-0.012411264702677727,-0.020231980830430984,0.01762826181948185,0.011380125768482685,0.029711352661252022,0.000990884262137115,1.0,39,-0.027736173942685127,-0.03907462954521179,0.02298097312450409,0.01280174870043993,0.0525374710559845,0.0007668302860110998,1.0,68,-0.013103485107421875,-0.03140774741768837,0.020466158166527748,0.017292754724621773,0.03941922262310982,0.000520606990903616,1.0,0.03151144180446863,-0.025645146146416664,0.0525374710559845,-0.03907462954521179,0.03941922262310982,-0.03140774741768837,1.0
1790268597.696429,49.99197435379028,996,0,16,0.01941394805908203,-0.032876014709472656,0.018350958824157715,0.017998240888118744,0.04190706089138985,0.0006639246130362153,1.0,13,-0.010202260687947273,-0.02923349291086197,0.026873385533690453,0.02947932668030262,0.04411456733942032,0.0010942016961053014,1.0,39,0.008590307086706161,-0.058159854263067245,0.015152879059314728,0.017140192911028862,0.060582950711250305,0.0004618559032678604,1.0,68,0.009871089830994606,-0.0417739637196064,0.01340070553123951,0.026242347434163094,0.04733264073729515,0.0005320187192410231,1.0,0.04301081411540508,-0.031054753810167313,0.060582950711250305,-0.058159854263067245,0.04733264073729515,-0.0417739637196064,1.0
1790268597.7441964,50.03974175453186,997,0,16,0.04131126403808594,-0.04998016357421875,0.023572085425257683,0.017069900408387184,0.06869100779294968,0.0007579779485240579,1.0,13,0.016646165400743484,-0.03606591001152992,0.02297552302479744,0.020417213439941406,0.046010199934244156,0.001662394730374217,1.0,39,-0.00451855780556798,-0.07543554157018661,0.027287114411592484,0.022768482565879822,0.08087731897830963,0.0008853983599692583,1.0,68,0.008671929128468037,-0.05603554844856262,0.025333363562822342,0.032988447695970535,0.0637834221124649,0.0006449018837884068,1.0,0.057350603863596916,-0.043023036792874336,0.08087731897830963,-0.07543554157018661,0.0637834221124649,-0.05603554844856262,1.0
1790268597.7965136,50.09205889701843,998,0,16,0.028799057006835938,-0.05909156799316406,0.01053278986364603,0.01673795096576214,0.0676693245768547,0.0006262667011469603,1.0,13,0.006141075864434242,-0.06154456362128258,0.024689868092536926,0.026538817211985588,0.06820012629032135,0.001954499166458845,1.0,39,0.006394997704774141,-0.10571641474962234,0.020828895270824432,0.02532072365283966,0.10791488736867905,0.0011988870101049542,1.0,68,0.016045738011598587,-0.08063451200723648,0.02414146065711975,0.03840764984488487,0.08756536990404129,0.0007850743131712079,1.0,0.06793472543358803,-0.06031806580722332,0.10791488736867905,-0.10571641474962234,0.08756536990404129,-0.08063451200723648,1.0
1790268597.8485746,50.14411997795105,999,0,16,0.040213584899902344,-0.07998943328857422,0.01805844157934189,0.024704324081540108,0.09283486008644104,0.0010808742372319102,1.0,13,0.022655781358480453,-0.05246793478727341,0.03558652102947235,0.041691724210977554,0.07150623947381973,0.0017820772482082248,1.0,39,0.016911042854189873,-0.12766559422016144,0.030415242537856102,0.019830599427223206,0.13224509358406067,0.0012918593129143119,1.0,68,0.029964670538902283,-0.10069207847118378,0.02705756016075611,0.04007488489151001,0.11001812666654587,0.0010774597758427262,1.0,0.08217054978013039,-0.06622868403792381,0.13224509358406067,-0.12766559422016144,0.11001812666654587,-0.10069207847118378,1.0
1790268597.8966384,50.19218373298645,1000,0,16,0.06526851654052734,-0.09516048431396484,0.022021347656846046,0.043438807129859924,0.12305064499378204,0.000967520521953702,1.0,13,0.025641808286309242,-0.07141935080289841,0.01832560822367668,0.04457247257232666,0.08376267552375793,0.001630244660191238,1.0,39,0.004982190206646919,-0.16072356700897217,0.022482864558696747,0.032800860702991486,0.16217143833637238,0.0020028757862746716,1.0,68,0.01930663175880909,-0.1161881610751152,0.030774110928177834,0.06002290919423103,0.12552082538604736,0.0012581333285197616,1.0,0.10340666025876999,-0.08328991755843163,0.16217143833637238,-0.16072356700897217,0.12552082538604736,-0.1161881610751152,1.0
1790268597.9485056,50.24405097961426,1001,0,16,0.06287384033203125,-0.07125282287597656,0.026901420205831528,0.03180627152323723,0.10139254480600357,0.001077581662684679,1.0,13,-0.010228083468973637,-0.09328284859657288,0.03565184399485588,0.018203306943178177,0.10074775665998459,0.0020081778056919575,1.0,39,-0.016033073887228966,-0.14841285347938538,0.0312725231051445,0.02989809960126877,0.15266358852386475,0.0012576705776154995,1.0,68,0.011420081369578838,-0.10309488326311111,0.037495795637369156,0.05593461915850639,0.11452872306108475,0.0010038787731900811,1.0,0.10107015073299408,-0.08226783573627472,0.15266358852386475,-0.14841285347938538,0.11452872306108475,-0.10309488326311111,1.0
1790268597.9965286,50.29207396507263,1002,0,16,0.7089633941650391,0.33653926849365234,0.9076659679412842,0.4096176326274872,0.8304656744003296,0.11132197082042694,1.0,13,-0.08217210322618484,-0.05072960630059242,0.24593506753444672,0.0965445339679718,0.15744270384311676,0.01676630601286888,1.0,39,-0.030231181532144547,-0.10916059464216232,0.03345031291246414,0.018845219165086746,0.11797123402357101,0.0013298005796968937,1.0,68,0.09448107331991196,-0.026289435103535652,0.4428113102912903,0.22149604558944702,0.2073887586593628,0.017266366630792618,1.0,0.4939541891217232,0.14290483109652996,0.11797123402357101,-0.10916059464216232,0.2073887586593628,-0.026289435103535652,1.0
1790268598.0484555,50.344000816345215,1003,0,16,0.1735363006591797,0.07927322387695312,0.2342836558818817,0.12221744656562805,0.2219085842370987,0.031169015914201736,1.0,13,-0.07461782544851303,-0.03302001953125,0.047018758952617645,0.11937984824180603,0.13286970555782318,0.017330734059214592,1.0,39,-0.06220460683107376,-0.06538156419992447,0.02977525256574154,0.024037756025791168,0.09592433273792267,0.0010923654772341251,1.0,68,-0.006609075237065554,-0.03265380859375,0.1341007500886917,0.08156748861074448,0.1039799228310585,0.005673388484865427,1.0,0.17738914489746094,0.023126602172851562,0.09592433273792267,-0.06538156419992447,0.1039799228310585,-0.03265380859375,1.0
1790268598.1006432,50.396188497543335,1004,0,16,-0.11421012878417969,0.01956939697265625,0.10904023796319962,0.03083896078169346,0.12143083661794662,0.0034206178970634937,1.0,13,-0.07735501974821091,0.02761371247470379,0.040266361087560654,0.05857545882463455,0.10116568207740784,0.0017462081741541624,1.0,39,-0.05507131665945053,-0.011708968318998814,0.028813129290938377,0.01378756295889616,0.06013235077261925,0.0007473516161553562,1.0,68,-0.06442911177873611,-0.0049343109130859375,0.05931759998202324,0.028252679854631424,0.07177244126796722,0.0012925886549055576,1.0,0.11129825934767723,0.02359155472368002,0.06013235077261925,-0.011708968318998814,0.07177244126796722,-0.0049343109130859375,1.0
1790268598.148461,50.44400644302368,1005,1,16,-0.13684654235839844,0.04611015319824219,0.055817198008298874,0.04847507178783417,0.15310686826705933,0.0018886080943048,1.0,13,-0.13313175737857819,0.006466205231845379,0.06258402019739151,0.07705425471067429,0.1480598747730255,0.004425013437867165,1.0,39,-0.10255197435617447,0.011691362597048283,0.024013590067625046,0.019710680469870567,0.10508916527032852,0.0009189238771796227,1.0,68,-0.10497239232063293,0.016390744596719742,0.04329628497362137,0.03502615913748741,0.11152094602584839,0.0009596296586096287,1.0,0.15058337152004242,0.026288179215043783,0.10508916527032852,0.011691362597048283,0.11152094602584839,0.016390744596719742,1.0
1790268598.2006462,50.49619150161743,1006,0,16,-0.2388448715209961,0.04605674743652344,0.05866478383541107,0.0583793930709362,0.24932627379894257,0.0023721293546259403,1.0,13,-0.13143451511859894,0.00714111328125,0.060621313750743866,0.0420602411031723,0.14092236757278442,0.0023322782944887877,1.0,39,-0.15769371390342712,0.025925464928150177,0.05109097808599472,0.030276991426944733,0.16184242069721222,0.001619292190298438,1.0,68,-0.1560184210538864,0.020769231021404266,0.0664341077208519,0.04517188295722008,0.16245831549167633,0.0016019063768908381,1.0,0.1951243206858635,0.02659893035888672,0.16184242069721222,0.025925464928150177,0.16245831549167633,0.020769231021404266,1.0
1790268598.2485735,50.544118881225586,1007,0,16,-0.20328712463378906,0.05417346954345703,0.10472183674573898,0.021925754845142365,0.21319039165973663,0.001895922003313899,1.0,13,-0.12441547214984894,-0.017988938838243484,0.03326785936951637,0.03063829615712166,0.13035492599010468,0.002749286824837327,1.0,39,-0.16583721339702606,0.03011067770421505,0.04110005125403404,0.030209623277187347,0.17078301310539246,0.0015045292675495148,1.0,68,-0.15851974487304688,0.0339493453502655,0.0701611116528511,0.03312494233250618,0.16456229984760284,0.001534916809760034,1.0,0.17177265882492065,0.018092265352606773,0.17078301310539246,0.03011067770421505,0.16456229984760284,0.0339493453502655,1.0
1790268598.3005214,50.59606671333313,1008,0,16,-0.1896533966064453,0.0384063720703125,0.06195683777332306,0.051312509924173355,0.20086881518363953,0.001613124506548047,1.0,13,-0.14981548488140106,0.07315650582313538,0.044917937368154526,0.044762179255485535,0.17350806295871735,0.005170879419893026,1.0,39,-0.31597548723220825,0.08941454440355301,0.059257760643959045,0.045455705374479294,0.3306404650211334,0.0012378686806187034,1.0,68,-0.24340865015983582,0.06547277420759201,0.11494775116443634,0.06026695668697357,0.2583588659763336,0.0015332966577261686,1.0,0.18718843907117844,0.05578143894672394,0.3306404650211334,0.08941454440355301,0.2583588659763336,0.06547277420759201,1.0
1790268598.3522124,50.64775776863098,1009,0,16,-0.1688060760498047,0.017475128173828125,0.13229404389858246,0.07123887538909912,0.18787682056427002,0.0014043941628187895,1.0,13,-0.16071730852127075,0.12879356741905212,0.09298811107873917,0.05830607935786247,0.2139158546924591,0.002371410373598337,1.0,39,-0.7065362930297852,0.11024905741214752,0.09683966636657715,0.11988237500190735,0.7255678772926331,0.0037188881542533636,1.0,68,-0.45049038529396057,0.06262442469596863,0.29972130060195923,0.12651406228542328,0.4837844967842102,0.002575131133198738,1.0,0.20089633762836456,0.07313434779644012,0.7255678772926331,0.11024905741214752,0.4837844967842102,0.06262442469596863,1.0
1790268598.4004421,50.69598746299744,1010,0,16,-0.032296180725097656,-0.051509857177734375,0.04035409912467003,0.10509559512138367,0.09367188066244125,0.0015846829628571868,1.0,13,-0.05474618822336197,0.1256866455078125,0.054648831486701965,0.057398468255996704,0.15064837038516998,0.002332104602828622,1.0,39,-0.18165940046310425,0.05374928191304207,0.08199728280305862,0.058840591460466385,0.19902333617210388,0.001780911348760128,1.0,68,-0.10132352262735367,0.009986989200115204,0.10945847630500793,0.09018968045711517,0.15116550028324127,0.0015145237557590008,1.0,0.12216012552380562,0.03708839416503906,0.19902333617210388,0.05374928191304207,0.15116550028324127,0.009986989200115204,1.0
1790268598.4526455,50.74819087982178,1011,0,16,0.040256500244140625,0.0143280029296875,0.04056628420948982,0.07079361379146576,0.08175937831401825,0.0008980892598628998,1.0,13,0.025888295844197273,0.07440067827701569,0.03441357985138893,0.04714113846421242,0.09453882277011871,0.002295535523444414,1.0,39,0.008290999568998814,0.07012313604354858,0.03320180997252464,0.027174776419997215,0.07855267077684402,0.0012149277608841658,1.0,68,0.020575130358338356,0.023619147017598152,0.0314212404191494,0.05955851450562477,0.06288129091262817,0.0008069822797551751,1.0,0.08814910054206848,0.04436434060335159,0.07855267077684402,0.07012313604354858,0.06288129091262817,0.023619147017598152,1.0
1790268598.5006816,50.796226978302,1012,0,16,0.16090106964111328,0.02883434295654297,0.21832509338855743,0.04508783295750618,0.18242983520030975,0.0025950991548597813,1.0,13,0.031841572374105453,0.036938007920980453,0.038262806832790375,0.10372010618448257,0.09964239597320557,0.01130897831171751,1.0,39,0.15878021717071533,0.041301630437374115,0.094565749168396,0.03696921467781067,0.16949258744716644,0.002486261073499918,1.0,68,0.12220786511898041,0.027232786640524864,0.13166040182113647,0.05002276226878166,0.14255787432193756,0.002328495029360056,1.0,0.14103611558675766,0.03288617543876171,0.16949258744716644,0.041301630437374115,0.14255787432193756,0.027232786640524864,1.0
1790268598.5525243,50.84806966781616,1013,0,16,0.03803253173828125,-0.010076522827148438,0.08714066445827484,0.059448327869176865,0.08205898106098175,0.010567769408226013,1.0,13,0.043658915907144547,0.004565899260342121,0.026031849905848503,0.07572189718484879,0.0765364021062851,0.007118069566786289,1.0,39,0.07920602709054947,0.020526984706521034,0.037908297032117844,0.022762777283787727,0.08727008104324341,0.0011286268709227443,1.0,68,0.05765353888273239,-0.004824694246053696,0.057689446955919266,0.03662104904651642,0.07617215812206268,0.0024998877197504044,1.0,0.07929769158363342,-0.002755311783403158,0.08727008104324341,0.020526984706521034,0.07617215812206268,-0.004824694246053696,1.0
1790268598.6044085,50.899953842163086,1014,0,16,-0.12541580200195312,-0.12443828582763672,0.14735287427902222,0.13925500214099884,0.18335363268852234,0.008338332176208496,1.0,13,-0.018575815483927727,-0.06435804814100266,0.018973782658576965,0.05183679237961769,0.07157046347856522,0.003193367039784789,1.0,39,0.03982622176408768,-0.057092130184173584,0.027134858071804047,0.022221481427550316,0.07201338559389114,0.0005376353510655463,1.0,68,-0.004179786425083876,-0.07075387984514236,0.09530241787433624,0.07504522800445557,0.0925515741109848,0.0018532718531787395,1.0,0.12746204808354378,-0.09439816698431969,0.07201338559389114,-0.057092130184173584,0.0925515741109848,-0.07075387984514236,1.0
1790268598.6526728,50.94821810722351,1015,0,16,-0.1243429183959961,-0.15944957733154297,0.15214964747428894,0.11095975339412689,0.21281149983406067,0.03180684894323349,1.0,13,-0.010486309416592121,-0.07816608250141144,0.049010053277015686,0.04515358433127403,0.08789610862731934,0.007237412501126528,1.0,39,0.0067897699773311615,-0.10598520189523697,0.026608332991600037,0.022157184779644012,0.10927662253379822,0.0010436506709083915,1.0,68,-0.016987070441246033,-0.10401894152164459,0.07849730551242828,0.06962663680315018,0.11952980607748032,0.005438392050564289,1.0,0.15035380423069,-0.1188078299164772,0.10927662253379822,-0.10598520189523697,0.11952980607748032,-0.10401894152164459,1.0
1790268598.704533,51.000078439712524,1016,0,16,-0.2637491226196289,-0.2746295928955078,0.2305644303560257,0.17659015953540802,0.38797107338905334,0.014241130091249943,1.0,13,-0.06984065473079681,-0.11070720851421356,0.07448501139879227,0.05913335084915161,0.15412290394306183,0.0049059740267694,1.0,39,-0.07655608654022217,-0.16494320333003998,0.042628444731235504,0.03704259917140007,0.1865702122449875,0.003242689883336425,1.0,68,-0.10605666041374207,-0.14494772255420685,0.12440597265958786,0.10806667059659958,0.18834072351455688,0.0035439124330878258,1.0,0.2710469886660576,-0.1926684007048607,0.1865702122449875,-0.16494320333003998,0.18834072351455688,-0.14494772255420685,1.0
1790268598.7526612,51.04820656776428,1017,0,16,-0.3521537780761719,-0.24530982971191406,0.1201476976275444,0.08263206481933594,0.4338730573654175,0.0033315028995275497,1.0,13,-0.23291485011577606,-0.1294332593679428,0.04924837872385979,0.08662405610084534,0.27984708547592163,0.0054037729278206825,1.0,39,-0.25376734137535095,-0.14698870480060577,0.1064884290099144,0.04222988337278366,0.2989037036895752,0.0026517536025494337,1.0,68,-0.23992449045181274,-0.14192906022071838,0.11126816272735596,0.08529935777187347,0.28577423095703125,0.0025314558297395706,1.0,0.35686007142066956,-0.18737154453992844,0.2989037036895752,-0.14698870480060577,0.28577423095703125,-0.14192906022071838,1.0
1790268598.804658,51.10020327568054,1018,0,16,-0.340484619140625,-0.12164783477783203,0.09346004575490952,0.044628940522670746,0.3639187812805176,0.005362885072827339,1.0,13,-0.27102896571159363,-0.08501023799180984,0.10046372562646866,0.0667501911520958,0.29426637291908264,0.005662036594003439,1.0,39,-0.29532721638679504,-0.025605421513319016,0.04930482059717178,0.03121883049607277,0.2979550361633301,0.002058339538052678,1.0,68,-0.29007789492607117,-0.050624847412109375,0.08072688430547714,0.13374103605747223,0.3172311782836914,0.0026483600959181786,1.0,0.3290925770998001,-0.10332903638482094,0.2979550361633301,-0.025605421513319016,0.3172311782836914,-0.050624847412109375,1.0
1790268598.856667,51.152212381362915,1019,0,16,-0.21312427520751953,-0.014570236206054688,0.06938000023365021,0.04798068851232529,0.21971675753593445,0.0030525261536240578,1.0,13,-0.09090482443571091,0.04700528830289841,0.0723186731338501,0.045246489346027374,0.11837363243103027,0.002298015868291259,1.0,39,-0.2556488811969757,0.1335856169462204,0.08070067316293716,0.07225749641656876,0.2914423942565918,0.0023495510686188936,1.0,68,-0.2760747969150543,0.07890599966049194,0.10653623193502426,0.12028668820858002,0.3123075067996979,0.003481007879599929,1.0,0.16904519498348236,0.01621752604842186,0.2914423942565918,0.1335856169462204,0.3123075067996979,0.07890599966049194,1.0
1790268598.9045873,51.200132608413696,1020,1,16,-0.12854385375976562,0.17372894287109375,0.07299330085515976,0.08473058044910431,0.23733291029930115,0.0030728625133633614,1.0,13,0.009483924135565758,0.25958722829818726,0.05005594342947006,0.11941798031330109,0.2640540897846222,0.015322885476052761,1.0,39,0.016511183232069016,0.8799837827682495,0.12810935080051422,0.2320937216281891,0.8899188041687012,0.013127355836331844,1.0,68,-0.044969893991947174,0.49646657705307007,0.13827325403690338,0.4084562361240387,0.545220673084259,0.005386216565966606,1.0,0.25069350004196167,0.2166580855846405,0.8899188041687012,0.8799837827682495,0.545220673084259,0.49646657705307007,1.0
1790268598.9564435,51.251988887786865,1021,0,16,0.05594444274902344,0.4855165481567383,0.15876883268356323,0.12251471728086472,0.5080331563949585,0.007097005844116211,1.0,13,0.26592782139778137,0.42615920305252075,0.19528387486934662,0.19593171775341034,0.514062762260437,0.03405790776014328,1.0,39,0.659307599067688,0.9660182595252991,0.15684376657009125,0.16799479722976685,1.177513837814331,0.010732048191130161,1.0,68,0.35850009322166443,0.6289512515068054,0.39053821563720703,0.38922157883644104,0.7847333550453186,0.007777901366353035,1.0,0.5110479593276978,0.4558378756046295,1.177513837814331,0.9660182595252991,0.7847333550453186,0.6289512515068054,1.0
1790268599.0044267,51.29997205734253,1022,0,16,0.08696842193603516,0.3428945541381836,0.15010254085063934,0.08911242336034775,0.37896132469177246,0.00463464530184865,1.0,13,0.2314992994070053,0.4076608419418335,0.08907157927751541,0.17956633865833282,0.4781376123428345,0.022943975403904915,1.0,39,0.4462882876396179,0.5331702828407288,0.09573616087436676,0.09270991384983063,0.7012948989868164,0.009552770294249058,1.0,68,0.21530240774154663,0.3691418468952179,0.25589174032211304,0.21945248544216156,0.48134854435920715,0.006477621383965015,1.0,0.42854946851730347,0.37527769804000854,0.7012948989868164,0.5331702828407288,0.48134854435920715,0.3691418468952179,1.0
1790268599.0565112,51.3520565032959,1023,0,16,0.04281806945800781,0.21642112731933594,0.06659513711929321,0.03319272771477699,0.23015549778938293,0.0026493791956454515,1.0,13,0.17486807703971863,0.3139707148075104,0.09644926339387894,0.11767542362213135,0.3651809096336365,0.007074160035699606,1.0,39,0.09421949833631516,0.48279160261154175,0.08291109651327133,0.10814543813467026,0.49909713864326477,0.010622439906001091,1.0,68,0.03845798224210739,0.29956525564193726,0.1241350919008255,0.16958829760551453,0.3325819969177246,0.004781811032444239,1.0,0.2976682037115097,0.26519592106342316,0.49909713864326477,0.48279160261154175,0.3325819969177246,0.29956525564193726,1.0
1790268599.1086311,51.404176473617554,1024,0,16,-0.18450355529785156,0.33920860290527344,0.0839243084192276,0.10122434049844742,0.4059447646141052,0.00385289266705513,1.0,13,-0.05547156557440758,0.2500774562358856,0.03557124733924866,0.08349420130252838,0.26006272435188293,0.005732235498726368,1.0,39,-0.16147984564304352,0.7221812605857849,0.16201987862586975,0.141611248254776,0.7529421448707581,0.0098852114751935,1.0,68,-0.17272208631038666,0.5006366968154907,0.12811581790447235,0.22110140323638916,0.5566363334655762,0.0052703432738780975,1.0,0.3330037444829941,0.29464302957057953,0.7529421448707581,0.7221812605857849,0.5566363334655762,0.5006366968154907,1.0
1790268599.1568217,51.452367067337036,1025,0,16,-0.5718545913696289,0.5490245819091797,0.10973108559846878,0.06818832457065582,0.7971369624137878,0.00405955221503973,1.0,13,-0.35486310720443726,0.45283743739128113,0.10989739745855331,0.09672048687934875,0.5802544951438904,0.008322163484990597,1.0,39,-0.35127532482147217,0.8183010816574097,0.1760033667087555,0.13276007771492004,0.9033378958702087,0.01397266611456871,1.0,68,-0.37075895071029663,0.6189346313476562,0.16293618083000183,0.24006833136081696,0.7512417435646057,0.005806686356663704,1.0,0.6886957287788391,0.5009310096502304,0.9033378958702087,0.8183010816574097,0.7512417435646057,0.6189346313476562,1.0
1790268599.2088106,51.504355907440186,1026,0,16,-0.5522832870483398,0.2846851348876953,0.10847699642181396,0.1159585639834404,0.6347030997276306,0.005398249719291925,1.0,13,-0.49080246686935425,0.22935250401496887,0.14557573199272156,0.1419038325548172,0.5591561198234558,0.013233121484518051,1.0,39,-0.43823477625846863,0.5951057076454163,0.22941577434539795,0.21185170114040375,0.7623887658119202,0.020707903429865837,1.0,68,-0.44394683837890625,0.4196840226650238,0.1684388518333435,0.2207590788602829,0.6425663828849792,0.009198249317705631,1.0,0.5969296097755432,0.2570188194513321,0.7623887658119202,0.5951057076454163,0.6425663828849792,0.4196840226650238,1.0
1790268599.256864,51.552409410476685,1027,0,16,-0.6364517211914062,0.27428436279296875,0.08485700935125351,0.11631414294242859,0.7021186947822571,0.0041806953959167,1.0,13,-0.5716810822486877,0.24766658246517181,0.11412365734577179,0.070222407579422,0.6267913579940796,0.008735781535506248,1.0,39,-0.6082098484039307,0.5100359916687012,0.23666206002235413,0.2036350816488266,0.8111144304275513,0.013580244034528732,1.0,68,-0.5643386840820312,0.37156328558921814,0.14079275727272034,0.19828157126903534,0.6992626786231995,0.00875006802380085,1.0,0.6644550263881683,0.2609754726290703,0.8111144304275513,0.5100359916687012,0.6992626786231995,0.37156328558921814,1.0
1790268599.3087013,51.604246616363525,1028,0,16,-0.6396589279174805,0.17026710510253906,0.04877853766083717,0.130853071808815,0.6746505498886108,0.004001854918897152,1.0,13,-0.7002000212669373,0.22566810250282288,0.05608583241701126,0.12232585996389389,0.7454407215118408,0.012972055934369564,1.0,39,-0.6776627898216248,0.4015412926673889,0.17854304611682892,0.0994659885764122,0.7965326309204102,0.009732380509376526,1.0,68,-0.6333474516868591,0.29851004481315613,0.17492520809173584,0.13017036020755768,0.7127087116241455,0.006624715402722359,1.0,0.7100456357002258,0.19796760380268097,0.7965326309204102,0.4015412926673889,0.7127087116241455,0.29851004481315613,1.0
1790268599.3606617,51.65620708465576,1029,0,16,-0.7631072998046875,0.3130073547363281,0.09267276525497437,0.0742497444152832,0.8277415633201599,0.005601059645414352,1.0,13,-0.661041259765625,0.30015093088150024,0.12294307351112366,0.12290024012327194,0.7337658405303955,0.010379107668995857,1.0,39,-0.6163557171821594,0.4373462498188019,0.11451222002506256,0.13886824250221252,0.7605118155479431,0.009305940940976143,1.0,68,-0.6431402564048767,0.3722801208496094,0.15835720300674438,0.12362051010131836,0.7566313147544861,0.00784094724804163,1.0,0.7807537019252777,0.3065791428089142,0.7605118155479431,0.4373462498188019,0.7566313147544861,0.3722801208496094,1.0
1790268599.4086213,51.704166650772095,1030,0,16,-0.7181072235107422,0.4052276611328125,0.0976766049861908,0.08387582749128342,0.8270506262779236,0.003919502720236778,1.0,13,-0.562058687210083,0.2814084589481354,0.0514431968331337,0.08174464851617813,0.6329609155654907,0.01187958475202322,1.0,39,-0.44131508469581604,0.3667152523994446,0.11898622661828995,0.06900879740715027,0.5793309807777405,0.005352070089429617,1.0,68,-0.5160461664199829,0.3547218441963196,0.1638687252998352,0.09646830707788467,0.6402978897094727,0.004623273853212595,1.0,0.7300057709217072,0.34331806004047394,0.5793309807777405,0.3667152523994446,0.6402978897094727,0.3547218441963196,1.0
1790268599.4606683,51.756213665008545,1031,0,16,-0.4580268859863281,0.27799510955810547,0.12828010320663452,0.06362099945545197,0.5423905849456787,0.0038028277922421694,1.0,13,-0.46382492780685425,0.1754690259695053,0.06678556650876999,0.1799229383468628,0.528119683265686,0.007383163087069988,1.0,39,-0.3982144892215729,0.25733086466789246,0.15672239661216736,0.1224081814289093,0.4793858528137207,0.005339883733540773,1.0,68,-0.4351741671562195,0.2553807497024536,0.14573359489440918,0.1002131924033165,0.5174874067306519,0.004343423061072826,1.0,0.5352551341056824,0.2267320677638054,0.4793858528137207,0.25733086466789246,0.5174874067306519,0.2553807497024536,1.0
1790268599.5087528,51.80429816246033,1032,0,16,-0.4746856689453125,0.13956832885742188,0.06768780946731567,0.16533967852592468,0.5220876336097717,0.0035200247075408697,1.0,13,-0.38392990827560425,0.31963875889778137,0.12986460328102112,0.19818232953548431,0.5411887764930725,0.010900660417973995,1.0,39,-0.49041512608528137,0.09071154147386551,0.2158363312482834,0.18143980205059052,0.530241072177887,0.014275663532316685,1.0,68,-0.417319118976593,0.1252896934747696,0.14047929644584656,0.14061105251312256,0.46025797724723816,0.005591006483882666,1.0,0.5316382050514221,0.22960354387760162,0.530241072177887,0.09071154147386551,0.46025797724723816,0.1252896934747696,1.0
1790268599.560548,51.856093406677246,1033,0,16,-0.3163261413574219,0.17912006378173828,0.048765428364276886,0.06288158893585205,0.367337167263031,0.0020164691377431154,1.0,13,-0.32007306814193726,0.15302100777626038,0.06339846551418304,0.142847940325737,0.38319891691207886,0.012977317906916142,1.0,39,-0.5124551057815552,-0.26834458112716675,0.5656202435493469,0.41281941533088684,0.7556003332138062,0.04275359585881233,1.0,68,-0.39621421694755554,-0.040414247661828995,0.2811180055141449,0.30611130595207214,0.5007346868515015,0.01445650402456522,1.0,0.37526804208755493,0.16607053577899933,0.7556003332138062,-0.26834458112716675,0.5007346868515015,-0.040414247661828995,1.0
1790268599.6124752,51.90802049636841,1034,0,16,-0.46077823638916016,0.2184000015258789,0.060812078416347504,0.09890144318342209,0.5169202089309692,0.003080687951296568,1.0,13,-0.3659198582172394,0.17827782034873962,0.07729437202215195,0.0687694102525711,0.4135363698005676,0.007548557594418526,1.0,39,-0.5448448061943054,-0.49253883957862854,0.5679437518119812,0.4391566514968872,0.9114798307418823,0.07467235624790192,1.0,68,-0.4532623291015625,-0.14651444554328918,0.3422684669494629,0.45395296812057495,0.6412084102630615,0.02496117725968361,1.0,0.46522828936576843,0.19833891093730927,0.9114798307418823,-0.49253883957862854,0.6412084102630615,-0.14651444554328918,1.0
1790268599.6603968,51.955942153930664,1035,1,16,-0.352874755859375,0.16592884063720703,0.07114586234092712,0.04443586245179176,0.39327502250671387,0.0027770567685365677,1.0,13,-0.20276348292827606,0.17134211957454681,0.0848245769739151,0.0977841317653656,0.28126102685928345,0.006647005677223206,1.0,39,-0.3091880679130554,-0.29539451003074646,0.25300419330596924,0.21712350845336914,0.5083217620849609,0.018647396937012672,1.0,68,-0.3055839538574219,-0.04729584977030754,0.1898617297410965,0.24085354804992676,0.40010252594947815,0.009559668600559235,1.0,0.33726802468299866,0.16863548010587692,0.5083217620849609,-0.29539451003074646,0.40010252594947815,-0.04729584977030754,1.0
1790268599.7124486,52.007993936538696,1036,0,16,-0.17823028564453125,0.15949535369873047,0.1105942651629448,0.044576242566108704,0.2461528182029724,0.003258502809330821,1.0,13,-0.09142362326383591,0.07115877419710159,0.10317863523960114,0.03215730935335159,0.12957419455051422,0.00223535462282598,1.0,39,0.00366876064799726,-0.21491378545761108,0.12466766685247421,0.1784704029560089,0.26096460223197937,0.010178559459745884,1.0,68,-0.0526215061545372,-0.02185484953224659,0.1355096697807312,0.18412625789642334,0.18890146911144257,0.004163961857557297,1.0,0.18786350637674332,0.11532706394791603,0.26096460223197937,-0.21491378545761108,0.18890146911144257,-0.02185484953224659,1.0
1790268599.760677,52.056222438812256,1037,0,16,0.12086772918701172,0.10055160522460938,0.055793628096580505,0.02674524486064911,0.16091492772102356,0.002321783686056733,1.0,13,0.10939612984657288,0.028879018500447273,0.11935349553823471,0.06557733565568924,0.16019028425216675,0.0033869012258946896,1.0,39,0.3776366412639618,-0.2999126613140106,0.20478108525276184,0.1864609569311142,0.4920249879360199,0.008075479418039322,1.0,68,0.24959945678710938,-0.10473599284887314,0.20453201234340668,0.19885843992233276,0.31245383620262146,0.0046515092253685,1.0,0.16055260598659515,0.06471531186252832,0.4920249879360199,-0.2999126613140106,0.31245383620262146,-0.10473599284887314,1.0
1790268599.8125713,52.1081166267395,1038,0,16,0.7933788299560547,0.05736827850341797,0.22360453009605408,0.09140413999557495,0.8007134199142456,0.011279690079391003,1.0,13,0.666351318359375,-0.10746412724256516,0.27877429127693176,0.278226763010025,0.7136887907981873,0.01889130100607872,1.0,39,1.1829187870025635,-0.4840843081474304,0.29285573959350586,0.16132359206676483,1.2845911979675293,0.015116274356842041,1.0,68,0.956548810005188,-0.3100880980491638,0.392376571893692,0.27722224593162537,1.0371246337890625,0.009893088601529598,1.0,0.7572011053562164,-0.025047924369573593,1.2845911979675293,-0.4840843081474304,1.0371246337890625,-0.3100880980491638,1.0
1790268599.8646564,52.16020178794861,1039,0,16,1.1160755157470703,-0.20621967315673828,0.20197810232639313,0.10153134167194366,1.1409120559692383,0.0059439982287585735,1.0,13,0.9788160920143127,-0.29813677072525024,0.1989915370941162,0.14003750681877136,1.0349061489105225,0.05088430643081665,1.0,39,1.1366013288497925,-0.5789524912834167,0.17730294167995453,0.11990354210138321,1.2798795700073242,0.009308906272053719,1.0,68,1.0096982717514038,-0.4025329053401947,0.3099200427532196,0.1955723613500595,1.1059656143188477,0.007155482191592455,1.0,1.0879091024398804,-0.25217822194099426,1.2798795700073242,-0.5789524912834167,1.1059656143188477,-0.4025329053401947,1.0
1790268599.9124167,52.20796203613281,1040,0,16,0.8436450958251953,-0.21081066131591797,0.05144435167312622,0.0644611269235611,0.8718960881233215,0.006160612218081951,1.0,13,0.678236722946167,-0.09404930472373962,0.15352566540241241,0.18601226806640625,0.7070255875587463,0.01630323752760887,1.0,39,0.8576022386550903,-0.5771531462669373,0.24309712648391724,0.1338304579257965,1.0447449684143066,0.0110941082239151,1.0,68,0.7290528416633606,-0.3937952518463135,0.22803854942321777,0.21854142844676971,0.8549253940582275,0.006814172491431236,1.0,0.7894608378410339,-0.1524299830198288,1.0447449684143066,-0.5771531462669373,0.8549253940582275,-0.3937952518463135,1.0
1790268599.9646509,52.26019620895386,1041,0,16,0.7717952728271484,-0.20101642608642578,0.11640013754367828,0.15842324495315552,0.8122908473014832,0.006586262956261635,1.0,13,0.5942617654800415,-0.06530057638883591,0.06742925941944122,0.06157522648572922,0.6012105345726013,0.011583597399294376,1.0,39,0.40977320075035095,-0.29329076409339905,0.11934530735015869,0.10089827328920364,0.5102126002311707,0.007379050366580486,1.0,68,0.48663508892059326,-0.2684886157512665,0.18342824280261993,0.13370463252067566,0.576400101184845,0.00455511873587966,1.0,0.7067506909370422,-0.13315850123763084,0.5102126002311707,-0.29329076409339905,0.576400101184845,-0.2684886157512665,1.0
1790268600.0125642,52.308109521865845,1042,0,16,0.49947452545166016,-0.1497211456298828,0.07317540049552917,0.07976490259170532,0.5251615047454834,0.003936388995498419,1.0,13,0.5372901558876038,-0.08060161769390106,0.07795598357915878,0.09563275426626205,0.5509366393089294,0.007767515257000923,1.0,39,0.2890871465206146,-0.20326076447963715,0.07775233685970306,0.07640735059976578,0.3597520887851715,0.0034187580458819866,1.0,68,0.34738945960998535,-0.174046128988266,0.13243025541305542,0.09861596673727036,0.4031205475330353,0.004112898837774992,1.0,0.5380490720272064,-0.11516138166189194,0.3597520887851715,-0.20326076447963715,0.4031205475330353,-0.174046128988266,1.0
1790268600.0646393,52.36018466949463,1043,0,16,0.5063514709472656,-0.14417743682861328,0.07499575614929199,0.05521651357412338,0.5303130149841309,0.002830745652318001,1.0,13,0.4450167119503021,0.06220421567559242,0.06499087810516357,0.15516149997711182,0.4712371826171875,0.00924639217555523,1.0,39,0.23865020275115967,-0.12261180579662323,0.12574006617069244,0.07824937999248505,0.284019410610199,0.0034482984337955713,1.0,68,0.31518712639808655,-0.13372208178043365,0.15600189566612244,0.10329784452915192,0.3612753748893738,0.0025837398134171963,1.0,0.5007750988006592,-0.04098661057651043,0.284019410610199,-0.12261180579662323,0.3612753748893738,-0.13372208178043365,1.0
1790268600.1167128,52.41225814819336,1044,0,16,0.44886016845703125,-0.17327213287353516,0.051701001822948456,0.0498959943652153,0.48323291540145874,0.0027081198059022427,1.0,13,0.45430344343185425,-0.10379146039485931,0.059524644166231155,0.12718908488750458,0.4796731173992157,0.007715411018580198,1.0,39,0.27222031354904175,-0.07791490107774734,0.14405599236488342,0.07818782329559326,0.29995012283325195,0.0036620546597987413,1.0,68,0.30695274472236633,-0.1149459183216095,0.1440563201904297,0.0826476663351059,0.34252801537513733,0.002776028122752905,1.0,0.4814530164003372,-0.13853179663419724,0.29995012283325195,-0.07791490107774734,0.34252801537513733,-0.1149459183216095,1.0
1790268600.1646779,52.46022319793701,1045,0,16,0.41469764709472656,-0.16176700592041016,0.04137171059846878,0.05089955776929855,0.4475288987159729,0.00299824308604002,1.0,13,0.3738614618778229,-0.07918959110975266,0.07042884826660156,0.07000595331192017,0.391144722700119,0.012262375093996525,1.0,39,0.34616559743881226,-0.06135246157646179,0.10975831747055054,0.06685635447502136,0.35779038071632385,0.0030210325494408607,1.0,68,0.36348700523376465,-0.1243409514427185,0.10011635720729828,0.0901300236582756,0.39393898844718933,0.0030011252965778112,1.0,0.41933681070804596,-0.1204782985150814,0.35779038071632385,-0.06135246157646179,0.39393898844718933,-0.1243409514427185,1.0
1790268600.216499,52.51204442977905,1046,0,16,0.3562765121459961,-0.08921432495117188,0.055079951882362366,0.07147162407636642,0.37510478496551514,0.0035446835681796074,1.0,13,0.5425837635993958,-0.12258324027061462,0.07515789568424225,0.05407160148024559,0.5588850975036621,0.006582591217011213,1.0,39,0.48660004138946533,-0.014788896776735783,0.20076219737529755,0.07325217127799988,0.492767870426178,0.005341683980077505,1.0,68,0.3749358355998993,-0.053403519093990326,0.14359299838542938,0.07342291623353958,0.3880581259727478,0.003135113511234522,1.0,0.4669949412345886,-0.10589878261089325,0.492767870426178,-0.014788896776735783,0.3880581259727478,-0.053403519093990326,1.0
1790268600.2645152,52.56006050109863,1047,0,16,0.30599117279052734,-0.09350109100341797,0.052161965519189835,0.05685912072658539,0.3249480128288269,0.001995914848521352,1.0,13,0.3056781589984894,0.035656269639730453,0.07146656513214111,0.0879446417093277,0.3176848590373993,0.005957246758043766,1.0,39,0.25018468499183655,-0.0042470297776162624,0.06878435611724854,0.04211156815290451,0.25375959277153015,0.00397063884884119,1.0,68,0.2335936576128006,-0.03164122998714447,0.060415491461753845,0.05497193709015846,0.24113206565380096,0.0022016188595443964,1.0,0.3213164359331131,-0.028922410681843758,0.25375959277153015,-0.0042470297776162624,0.24113206565380096,-0.03164122998714447,1.0
1790268600.3165317,52.61207699775696,1048,0,16,0.1325235366821289,-0.0837869644165039,0.049259819090366364,0.05961509793996811,0.16476520895957947,0.0018918111454695463,1.0,13,0.19658249616622925,-0.024358896538615227,0.05518006533384323,0.051541101187467575,0.20624008774757385,0.0036864953581243753,1.0,39,0.11591006815433502,0.007048778235912323,0.06834681332111359,0.038120195269584656,0.1220722571015358,0.0016400230815634131,1.0,68,0.13073685765266418,-0.014836031012237072,0.07978919893503189,0.06340355426073074,0.14310304820537567,0.0016643234994262457,1.0,0.18550264835357666,-0.054072930477559566,0.1220722571015358,0.007048778235912323,0.14310304820537567,-0.014836031012237072,1.0
1790268600.3685095,52.66405487060547,1049,0,16,0.15102577209472656,-0.025948524475097656,0.03666665777564049,0.019714824855327606,0.15444092452526093,0.0021174210123717785,1.0,13,0.21830162405967712,0.02876516431570053,0.04249853268265724,0.06719008833169937,0.22904029488563538,0.003041190793737769,1.0,39,0.12360714375972748,0.053741455078125,0.06423734128475189,0.03090120665729046,0.14056791365146637,0.0018757780781015754,1.0,68,0.12952445447444916,0.028445636853575706,0.05861092731356621,0.04176752641797066,0.13982219994068146,0.0016905106604099274,1.0,0.19174060970544815,0.0014083199203014374,0.14056791365146637,0.053741455078125,0.13982219994068146,0.028445636853575706,1.0
1790268600.4167488,52.71229410171509,1050,1,16,0.2567262649536133,0.02818775177001953,0.07050038129091263,0.019687164574861526,0.25871533155441284,0.002693022368475795,1.0,13,0.2683199346065521,0.0031374418176710606,0.09824956208467484,0.11251035332679749,0.28595301508903503,0.007516559679061174,1.0,39,0.30155161023139954,0.07584948092699051,0.08745461702346802,0.04022006690502167,0.3136140704154968,0.0026750678662210703,1.0,68,0.2577054500579834,0.04354039207100868,0.08271244168281555,0.0737776979804039,0.2709026038646698,0.0023631094954907894,1.0,0.27233417332172394,0.015662596793845296,0.3136140704154968,0.07584948092699051,0.2709026038646698,0.04354039207100868,1.0
1790268600.4686546,52.76419997215271,1051,0,16,0.33516597747802734,-0.05494880676269531,0.039390843361616135,0.040090739727020264,0.34177878499031067,0.002392238238826394,1.0,13,0.27703857421875,-0.06372657418251038,0.04992247745394707,0.13021248579025269,0.31434914469718933,0.008653877303004265,1.0,39,0.3108724057674408,-0.032627202570438385,0.08668958395719528,0.05296635255217552,0.316743940114975,0.0022445176728069782,1.0,68,0.3064916133880615,-0.05900663509964943,0.09331358224153519,0.04506421089172363,0.31624719500541687,0.002182733966037631,1.0,0.32806396484375,-0.059337690472602844,0.316743940114975,-0.032627202570438385,0.31624719500541687,-0.05900663509964943,1.0
1790268600.5165582,52.812103509902954,1052,0,16,0.46218395233154297,-0.18640613555908203,0.10156849771738052,0.048301730304956436,0.5002228021621704,0.003960341215133667,1.0,13,0.35841017961502075,-0.06594613939523697,0.07645957916975021,0.11590699106454849,0.38205283880233765,0.0052527692168951035,1.0,39,0.37881311774253845,-0.19499675929546356,0.11158639192581177,0.07110731303691864,0.42873597145080566,0.002868447918444872,1.0,68,0.3884977400302887,-0.19738781452178955,0.13676601648330688,0.08280547708272934,0.4421083331108093,0.0028862720355391502,1.0,0.44113782048225403,-0.1261761374771595,0.42873597145080566,-0.19499675929546356,0.4421083331108093,-0.19738781452178955,1.0
1790268600.5687337,52.86427903175354,1053,0,16,0.36665821075439453,-0.3117389678955078,0.08176655322313309,0.063266322016716,0.4878060519695282,0.006295960396528244,1.0,13,0.29996198415756226,-0.15925715863704681,0.07861202955245972,0.03750740736722946,0.3420390784740448,0.021393846720457077,1.0,39,0.23990298807621002,-0.2719613015651703,0.12322453409433365,0.09656058251857758,0.3667314350605011,0.008265599608421326,1.0,68,0.24897317588329315,-0.2478117048740387,0.1178569421172142,0.12397829443216324,0.36573415994644165,0.005233488045632839,1.0,0.4149225652217865,-0.2354980632662773,0.3667314350605011,-0.2719613015651703,0.36573415994644165,-0.2478117048740387,1.0
1790268600.62059,52.91613531112671,1054,0,16,0.20240306854248047,-0.22817134857177734,0.03976849094033241,0.041847944259643555,0.30594390630722046,0.0022832690738141537,1.0,13,0.20965340733528137,-0.07859215140342712,0.05200789496302605,0.09933851659297943,0.24306586384773254,0.009696969762444496,1.0,39,0.04720795527100563,-0.13814759254455566,0.04261903464794159,0.06239867955446243,0.15433809161186218,0.002539191860705614,1.0,68,0.09802290797233582,-0.13358531892299652,0.11337932199239731,0.10642774403095245,0.19689369201660156,0.002077648648992181,1.0,0.2745048850774765,-0.15338174998760223,0.15433809161186218,-0.13814759254455566,0.19689369201660156,-0.13358531892299652,1.0
1790268600.6686547,52.964200019836426,1055,0,16,0.25428295135498047,-0.012940406799316406,0.0846799835562706,0.08011331409215927,0.2656940817832947,0.003299641888588667,1.0,13,0.317901611328125,0.007061298005282879,0.09036154299974442,0.03503245860338211,0.3196493685245514,0.005245349369943142,1.0,39,0.1302306354045868,-0.012423393316566944,0.05465855821967125,0.04644495248794556,0.1380993276834488,0.0013368622167035937,1.0,68,0.15405094623565674,-0.021641450002789497,0.0963042601943016,0.06890350580215454,0.1682596653699875,0.0016228455351665616,1.0,0.29267172515392303,-0.0029395543970167637,0.1380993276834488,-0.012423393316566944,0.1682596653699875,-0.021641450002789497,1.0
1790268600.7206724,53.01621770858765,1056,0,16,0.4673900604248047,0.09845447540283203,0.1311299204826355,0.035014670342206955,0.4779215157032013,0.003593029687181115,1.0,13,0.43737322092056274,0.12899897992610931,0.17754778265953064,0.16381941735744476,0.48871085047721863,0.012945806607604027,1.0,39,0.6983016729354858,0.24939708411693573,0.1712012141942978,0.07558981329202652,0.7468019723892212,0.004979786463081837,1.0,68,0.49318045377731323,0.1544308364391327,0.24788327515125275,0.13211674988269806,0.525751531124115,0.004151842091232538,1.0,0.48331618309020996,0.11372672766447067,0.7468019723892212,0.24939708411693573,0.525751531124115,0.1544308364391327,1.0
1790268600.768699,53.06424427032471,1057,0,16,0.3770008087158203,0.05315399169921875,0.10992827266454697,0.022779762744903564,0.38153141736984253,0.003392663784325123,1.0,13,0.4028531610965729,0.12090712040662766,0.08246615529060364,0.09450331330299377,0.4313739240169525,0.008137280121445656,1.0,39,0.4897836446762085,0.13222640752792358,0.08838613331317902,0.04644204303622246,0.5095683932304382,0.00546571658924222,1.0,68,0.39294230937957764,0.06761988252401352,0.16316984593868256,0.08919692784547806,0.4091767966747284,0.00378045835532248,1.0,0.4064526706933975,0.0870305560529232,0.5095683932304382,0.13222640752792358,0.4091767966747284,0.06761988252401352,1.0
1790268600.820657,53.11620235443115,1058,0,16,0.16244983673095703,-0.04445648193359375,0.07985559850931168,0.02230837009847164,0.1720399409532547,0.0020495508797466755,1.0,13,0.13966956734657288,-0.038389939814805984,0.1042967140674591,0.060787755995988846,0.16767746210098267,0.004284782335162163,1.0,39,0.1541779339313507,-0.052311431616544724,0.07562679797410965,0.03611914440989494,0.16712085902690887,0.00191450712736696,1.0,68,0.1493869125843048,-0.06717771291732788,0.08117323368787766,0.056300222873687744,0.17183291912078857,0.0017327547539025545,1.0,0.16985870152711868,-0.04142321087419987,0.16712085902690887,-0.052311431616544724,0.17183291912078857,-0.06717771291732788,1.0
1790268600.8725173,53.168062686920166,1059,0,16,0.09610557556152344,-0.13165569305419922,0.046553198248147964,0.05293046310544014,0.17410537600517273,0.002015802077949047,1.0,13,0.056194599717855453,-0.09224876761436462,0.047820862382650375,0.0450846292078495,0.1131758838891983,0.0031314478255808353,1.0,39,0.02788797952234745,-0.29709723591804504,0.11948632448911667,0.08973544836044312,0.3157467842102051,0.006899707019329071,1.0,68,0.04836924001574516,-0.20565952360630035,0.07641716301441193,0.12265486270189285,0.2320936918258667,0.004174086265265942,1.0,0.14364062994718552,-0.11195223033428192,0.3157467842102051,-0.29709723591804504,0.2320936918258667,-0.20565952360630035,1.0
1790268600.9205122,53.216057538986206,1060,0,16,0.0038824081420898438,-0.29091835021972656,0.059807877987623215,0.06640121340751648,0.29682302474975586,0.0022418522275984287,1.0,13,0.00164794921875,-0.16865774989128113,0.03173229098320007,0.06695566326379776,0.17123807966709137,0.0041798194870352745,1.0,39,-0.15268296003341675,-0.39111799001693726,0.10241285711526871,0.07881270349025726,0.43178924918174744,0.005799748003482819,1.0,68,-0.06082893908023834,-0.2914917767047882,0.11239705234766006,0.13721151649951935,0.31528088450431824,0.003432687371969223,1.0,0.23403055220842361,-0.22978805005550385,0.43178924918174744,-0.39111799001693726,0.31528088450431824,-0.2914917767047882,1.0
1790268600.972376,53.267921447753906,1061,0,16,0.10910701751708984,-0.27062225341796875,0.07211839407682419,0.03471130505204201,0.2985192537307739,0.0021799069363623857,1.0,13,-0.017047587782144547,-0.1734842211008072,0.02779216878116131,0.07509928941726685,0.1765955239534378,0.004655078519135714,1.0,39,-0.026545988395810127,-0.3534107804298401,0.08420878648757935,0.08771727234125137,0.3624195456504822,0.007373702246695757,1.0,68,0.016888562589883804,-0.28580519556999207,0.09112738072872162,0.10606380552053452,0.3044276833534241,0.003804014064371586,1.0,0.23755738884210587,-0.22205323725938797,0.3624195456504822,-0.3534107804298401,0.3044276833534241,-0.28580519556999207,1.0
1790268601.02073,53.31627535820007,1062,0,16,0.058780670166015625,-0.2709674835205078,0.06592883169651031,0.06278279423713684,0.2874407470226288,0.003134157508611679,1.0,13,0.0009929949883371592,-0.15493538975715637,0.04717385768890381,0.08662665635347366,0.1682031750679016,0.0037513922434300184,1.0,39,-0.08990634977817535,-0.32174918055534363,0.08129361271858215,0.07588496804237366,0.3444787859916687,0.005146319046616554,1.0,68,0.00410124845802784,-0.26082342863082886,0.09692897647619247,0.10721464455127716,0.28264087438583374,0.0029915086925029755,1.0,0.2278219610452652,-0.2129514366388321,0.3444787859916687,-0.32174918055534363,0.28264087438583374,-0.26082342863082886,1.0
1790268601.072697,53.368242263793945,1063,0,16,0.1256551742553711,-0.1446847915649414,0.048631392419338226,0.04890980198979378,0.19677096605300903,0.001403288682922721,1.0,13,0.023021992295980453,-0.11555128544569016,0.028479401022195816,0.04615682736039162,0.12509365379810333,0.0030754117760807276,1.0,39,-0.033514950424432755,-0.1521676927804947,0.049547746777534485,0.033607471734285355,0.1627066433429718,0.0015158347086980939,1.0,68,0.013964708894491196,-0.13908398151397705,0.07274870574474335,0.056109555065631866,0.15759839117527008,0.00127260887529701,1.0,0.16093230992555618,-0.13011803850531578,0.1627066433429718,-0.1521676927804947,0.15759839117527008,-0.13908398151397705,1.0
1790268601.124618,53.42016339302063,1064,0,16,0.8227510452270508,0.3450479507446289,1.029953122138977,0.4597431719303131,0.9476727247238159,0.1376933455467224,1.0,13,-0.11035860329866409,-0.04301922023296356,0.31792548298835754,0.12606532871723175,0.19448354840278625,0.017170486971735954,1.0,39,-0.010385758243501186,-0.09971422702074051,0.034664954990148544,0.030613645911216736,0.10555867850780487,0.0014637034619227052,1.0,68,0.12217465788125992,-0.026422612369060516,0.5020390152931213,0.2522081136703491,0.23143340647220612,0.02184131182730198,1.0,0.5710781365633011,0.15101436525583267,0.10555867850780487,-0.09971422702074051,0.23143340647220612,-0.026422612369060516,1.0
1790268601.1727428,53.46828818321228,1065,1,16,0.30315208435058594,0.1596393585205078,0.30701062083244324,0.1978604942560196,0.35383349657058716,0.027346452698111534,1.0,13,-0.002166748046875,0.012735219672322273,0.06681623309850693,0.14450378715991974,0.10649820417165756,0.008939316496253014,1.0,39,0.0690409317612648,0.008041772991418839,0.034578900784254074,0.02569718286395073,0.07571858912706375,0.0009859243873506784,1.0,68,0.09885428845882416,0.019049251452088356,0.1734393686056137,0.12253043055534363,0.12837103009223938,0.005588950589299202,1.0,0.23016585037112236,0.08618728909641504,0.07571858912706375,0.008041772991418839,0.12837103009223938,0.019049251452088356,1.0
1790268601.2246826,53.520227909088135,1066,0,16,0.05602073669433594,0.0864105224609375,0.050407495349645615,0.05429200455546379,0.10609709471464157,0.0015167172532528639,1.0,13,-0.019265981391072273,-0.031678419560194016,0.03525235876441002,0.04267832636833191,0.05550943315029144,0.0021099639125168324,1.0,39,0.15843357145786285,0.06933241337537766,0.09084086865186691,0.06833599507808685,0.18031252920627594,0.002179497852921486,1.0,68,0.09873221814632416,0.04684818536043167,0.09337957203388214,0.08787716180086136,0.13892656564712524,0.0013727761106565595,1.0,0.08080326393246651,0.027366051450371742,0.18031252920627594,0.06933241337537766,0.13892656564712524,0.04684818536043167,1.0
1790268601.2727468,53.56829214096069,1067,0,16,0.03774833679199219,0.045848846435546875,0.029996560886502266,0.02165309712290764,0.06752331554889679,0.0005747674149461091,1.0,13,0.010246863588690758,-0.029198279604315758,0.022249847650527954,0.03728656470775604,0.04524366557598114,0.002091352827847004,1.0,39,0.14267398416996002,0.05107664316892624,0.05705335736274719,0.055564433336257935,0.15987971425056458,0.0017184989992529154,1.0,68,0.09609559178352356,0.02785525657236576,0.0746125653386116,0.05747317522764206,0.12192660570144653,0.00136798364110291,1.0,0.056383490562438965,0.008325283415615559,0.15987971425056458,0.05107664316892624,0.12192660570144653,0.02785525657236576,1.0
1790268601.3245845,53.62012982368469,1068,0,16,0.14116668701171875,0.05988121032714844,0.1422940194606781,0.04790592938661575,0.16129785776138306,0.004973336588591337,1.0,13,0.010479266755282879,-0.059475239366292953,0.03741172328591347,0.0497354194521904,0.07788778096437454,0.004028948489576578,1.0,39,0.10834405571222305,0.0034238374792039394,0.025146422907710075,0.03321240097284317,0.11373909562826157,0.0014320454793050885,1.0,68,0.09885945171117783,0.004076789598912001,0.07788898050785065,0.05480688065290451,0.11611136049032211,0.0014788806438446045,1.0,0.1195928193628788,0.000202985480427742,0.11373909562826157,0.0034238374792039394,0.11611136049032211,0.004076789598912001,1.0
1790268601.376744,53.67228937149048,1069,0,16,0.3757343292236328,0.38083744049072266,0.31669870018959045,0.25343427062034607,0.6035495400428772,0.026752149686217308,1.0,13,-0.13052132725715637,0.10325974971055984,0.24845778942108154,0.5440884828567505,0.4567146301269531,0.06348121911287308,1.0,39,0.07903739809989929,0.04274221509695053,0.03404030576348305,0.02110155113041401,0.09219817072153091,0.0012957471190020442,1.0,68,0.1120176911354065,0.06917594373226166,0.1902194768190384,0.14935070276260376,0.15224336087703705,0.005325504578649998,1.0,0.5301320850849152,0.24204859510064125,0.09219817072153091,0.04274221509695053,0.15224336087703705,0.06917594373226166,1.0
1790268601.4245338,53.72007918357849,1070,0,16,0.26087188720703125,0.737492561340332,0.2822316288948059,0.5580074191093445,0.8446110486984253,0.04451538249850273,1.0,13,-0.361785888671875,0.3658541142940521,0.7262850999832153,0.39782705903053284,0.6263098120689392,0.042785387486219406,1.0,39,0.1209920272231102,0.34044861793518066,0.07117398083209991,0.15944786369800568,0.3686487674713135,0.006816973444074392,1.0,68,0.11119573563337326,0.27915114164352417,0.16628064215183258,0.3054561913013458,0.322803795337677,0.008045835420489311,1.0,0.7354604303836823,0.5516733378171921,0.3686487674713135,0.34044861793518066,0.322803795337677,0.27915114164352417,1.0
1790268601.4765902,53.772135496139526,1071,0,16,-0.1514759063720703,0.1706104278564453,0.1178637444972992,0.23646710813045502,0.3053271770477295,0.007592850364744663,1.0,13,0.22477604448795319,0.13960735499858856,0.3037736117839813,0.2937822937965393,0.4239490330219269,0.018117718398571014,1.0,39,0.3600139021873474,0.8681187033653259,0.0826251208782196,0.13198280334472656,0.9435297846794128,0.007432938553392887,1.0,68,0.15562012791633606,0.5678058862686157,0.2498265653848648,0.35325855016708374,0.6392121911048889,0.006055732723325491,1.0,0.3646381050348282,0.15510889142751694,0.9435297846794128,0.8681187033653259,0.6392121911048889,0.5678058862686157,1.0
1790268601.524536,53.82008123397827,1072,0,16,-0.19449138641357422,0.4053230285644531,0.20434871315956116,0.3915737569332123,0.49231842160224915,0.02001410536468029,1.0,13,0.33643049001693726,0.21835562586784363,0.27581334114074707,0.297719269990921,0.5118650197982788,0.024704474955797195,1.0,39,0.4679068624973297,0.9218171238899231,0.11906766146421432,0.1710105836391449,1.04293692111969,0.008169025182723999,1.0,68,0.1960052102804184,0.646808385848999,0.3170560598373413,0.33045604825019836,0.7373299598693848,0.007371366024017334,1.0,0.502091720700264,0.3118393272161484,1.04293692111969,0.9218171238899231,0.7373299598693848,0.646808385848999,1.0
1790268601.5764818,53.87202715873718,1073,0,16,0.027557373046875,0.17833709716796875,0.1373690515756607,0.09180009365081787,0.20617347955703735,0.00494540948420763,1.0,13,0.3339303731918335,0.026024451479315758,0.18498937785625458,0.2996263802051544,0.45495671033859253,0.017343610525131226,1.0,39,0.4187833368778229,0.44600343704223633,0.0728667676448822,0.08624544739723206,0.6183357238769531,0.006522685289382935,1.0,68,0.22815144062042236,0.3290889859199524,0.208665132522583,0.1740206629037857,0.42618778347969055,0.004498717375099659,1.0,0.33056509494781494,0.10218077432364225,0.6183357238769531,0.44600343704223633,0.42618778347969055,0.3290889859199524,1.0
1790268601.6285126,53.924057960510254,1074,0,16,0.04288768768310547,0.0305023193359375,0.03848189115524292,0.0359102338552475,0.06682709604501724,0.0015742623945698142,1.0,13,0.14575664699077606,0.031226525083184242,0.06217958778142929,0.09507375955581665,0.18075431883335114,0.007917270064353943,1.0,39,0.1542123705148697,0.09236497431993484,0.06454581022262573,0.0467524379491806,0.1850544661283493,0.0026189680211246014,1.0,68,0.09925483167171478,0.08176175504922867,0.06963846832513809,0.05557624623179436,0.14048878848552704,0.001794216106645763,1.0,0.12379070743918419,0.03086442220956087,0.1850544661283493,0.09236497431993484,0.14048878848552704,0.08176175504922867,1.0
1790268601.6765366,53.972081899642944,1075,0,16,0.043679237365722656,0.021398544311523438,0.021064763888716698,0.04107450321316719,0.05868128687143326,0.0010647003073245287,1.0,13,0.13582904636859894,-0.07273982465267181,0.0837460532784462,0.18308870494365692,0.21855904161930084,0.005811586044728756,1.0,39,0.12203314155340195,0.052585698664188385,0.04505934193730354,0.01810731738805771,0.134995698928833,0.0015951164532452822,1.0,68,0.0904783383011818,0.0502791702747345,0.05104336515069008,0.03486841917037964,0.10903094708919525,0.001212893519550562,1.0,0.13862016424536705,-0.025670640170574188,0.134995698928833,0.052585698664188385,0.10903094708919525,0.0502791702747345,1.0
1790268601.728568,54.02411341667175,1076,0,16,0.023306846618652344,0.03894615173339844,0.022557901218533516,0.03423672541975975,0.04860479012131691,0.0006702448590658605,1.0,13,0.06346952170133591,-0.04039705544710159,0.04242753982543945,0.06973037868738174,0.10509885102510452,0.0021497702691704035,1.0,39,0.10101200640201569,0.04456349089741707,0.04099316522479057,0.028509031981229782,0.11541931331157684,0.0009758921223692596,1.0,68,0.07367100566625595,0.044554203748703,0.04404696077108383,0.037541329860687256,0.09419608861207962,0.0008874876075424254,1.0,0.07685182057321072,-0.0007254518568515778,0.11541931331157684,0.04456349089741707,0.09419608861207962,0.044554203748703,1.0
1790268601.776547,54.07209229469299,1077,0,16,0.04371356964111328,0.03989982604980469,0.012869060039520264,0.031143918633461,0.06180476024746895,0.0007525344844907522,1.0,13,0.03936063498258591,-0.0250244140625,0.028554212301969528,0.05729633569717407,0.07092243432998657,0.0017833617748692632,1.0,39,0.08627437055110931,0.018879035487771034,0.025611355900764465,0.025281358510255814,0.09133367985486984,0.0012692632153630257,1.0,68,0.08255162090063095,0.02104276791214943,0.0458991564810276,0.029515938833355904,0.0926971361041069,0.0008681412436999381,1.0,0.06636359728872776,0.007437705993652344,0.09133367985486984,0.018879035487771034,0.0926971361041069,0.02104276791214943,1.0
1790268601.8287203,54.12426567077637,1078,0,16,0.05509662628173828,0.007537841796875,0.02535904198884964,0.024651432409882545,0.05994710326194763,0.0007749205688014627,1.0,13,0.02612069994211197,0.009627122431993484,0.03404776006937027,0.031651437282562256,0.04573291540145874,0.0018291794694960117,1.0,39,0.049785517156124115,-0.05931795388460159,0.02427363209426403,0.023001160472631454,0.08022691309452057,0.0008459196542389691,1.0,68,0.06796129792928696,-0.025554880499839783,0.04945603013038635,0.042656127363443375,0.08744747936725616,0.0009656084002926946,1.0,0.052840009331703186,0.008582482114434242,0.08022691309452057,-0.05931795388460159,0.08744747936725616,-0.025554880499839783,1.0
1790268601.8808115,54.17635679244995,1079,0,16,0.06158733367919922,-0.09690475463867188,0.05691691115498543,0.04142676293849945,0.13218829035758972,0.001307932659983635,1.0,13,0.0007065993268042803,-0.04023155942559242,0.021211210638284683,0.0465284027159214,0.05950971320271492,0.0020516016520559788,1.0,39,-0.06243622675538063,-0.17205536365509033,0.05414138361811638,0.05506924167275429,0.1905485838651657,0.0026211170479655266,1.0,68,0.027564330026507378,-0.14196956157684326,0.1016933023929596,0.08651351183652878,0.1813657581806183,0.0018176725134253502,1.0,0.09584900178015232,-0.06856815703213215,0.1905485838651657,-0.17205536365509033,0.1813657581806183,-0.14196956157684326,1.0
1790268601.9285865,54.22413182258606,1080,1,16,0.07701587677001953,-0.11729907989501953,0.07543181627988815,0.02171327918767929,0.15697437524795532,0.0022867273073643446,1.0,13,-0.0032442533411085606,-0.06986881792545319,0.02112938091158867,0.05711103230714798,0.07808366417884827,0.0022397772409021854,1.0,39,0.01585349068045616,-0.23972183465957642,0.07766948640346527,0.08285406231880188,0.24907241761684418,0.005274259950965643,1.0,68,0.060110654681921005,-0.15777722001075745,0.09518790990114212,0.10407864302396774,0.2084442526102066,0.003168970113620162,1.0,0.1175290197134018,-0.09358394891023636,0.24907241761684418,-0.23972183465957642,0.2084442526102066,-0.15777722001075745,1.0
1790268601.9805567,54.27610206604004,1081,0,16,0.2538299560546875,-0.10944080352783203,0.12967950105667114,0.033852122724056244,0.2843185365200043,0.002393459901213646,1.0,13,0.09012310206890106,-0.03397075831890106,0.05188576504588127,0.07025458663702011,0.11799871921539307,0.003908040001988411,1.0,39,0.06533148139715195,-0.10272138565778732,0.05567406117916107,0.04423494264483452,0.12795498967170715,0.0012667952105402946,1.0,68,0.1641051322221756,-0.11399830132722855,0.11067476868629456,0.05679323524236679,0.2120564579963684,0.0017525865696370602,1.0,0.20115862786769867,-0.07170578092336655,0.12795498967170715,-0.10272138565778732,0.2120564579963684,-0.11399830132722855,1.0
1790268602.028698,54.32424330711365,1082,0,16,0.35814857482910156,-0.10119915008544922,0.08716689795255661,0.05214260146021843,0.3755352199077606,0.0021059128921478987,1.0,13,0.22721745073795319,-0.05536945164203644,0.08414711058139801,0.10566326230764389,0.25120285153388977,0.007370668929070234,1.0,39,0.23523418605327606,-0.127960205078125,0.11885364353656769,0.05918384715914726,0.2700343132019043,0.0034899848978966475,1.0,68,0.2817416489124298,-0.12058527022600174,0.10226316004991531,0.06858920305967331,0.31355154514312744,0.0025483130011707544,1.0,0.3133690357208252,-0.07828430086374283,0.2700343132019043,-0.127960205078125,0.31355154514312744,-0.12058527022600174,1.0
1790268602.0806937,54.37623906135559,1083,0,16,0.3706779479980469,-0.17752647399902344,0.04644518345594406,0.048568788915872574,0.4141358733177185,0.0026984307914972305,1.0,13,0.27233651280403137,-0.06393785029649734,0.0755859911441803,0.06936778873205185,0.28917911648750305,0.004690272733569145,1.0,39,0.21511802077293396,-0.19789475202560425,0.0683654397726059,0.06072177737951279,0.29387757182121277,0.001983673544600606,1.0,68,0.2747558057308197,-0.19202299416065216,0.10077276825904846,0.10360092669725418,0.34676873683929443,0.0022323443554341793,1.0,0.3516574949026108,-0.12073216214776039,0.29387757182121277,-0.19789475202560425,0.34676873683929443,-0.19202299416065216,1.0
1790268602.1326928,54.42823815345764,1084,0,16,0.18084716796875,-0.23862457275390625,0.060709450393915176,0.05470269173383713,0.30299443006515503,0.002457950497046113,1.0,13,0.1299203783273697,-0.08249136060476303,0.061587024480104446,0.07831794023513794,0.16980983316898346,0.003304791636765003,1.0,39,0.13502071797847748,-0.31188103556632996,0.08170104026794434,0.09105642139911652,0.3441717326641083,0.003365918295457959,1.0,68,0.1478825807571411,-0.21226243674755096,0.07730735838413239,0.12211589515209198,0.2777559757232666,0.002684091916307807,1.0,0.23640213161706924,-0.16055796667933464,0.3441717326641083,-0.31188103556632996,0.2777559757232666,-0.21226243674755096,1.0
1790268602.1804738,54.47601914405823,1085,0,16,0.01825714111328125,-0.21555328369140625,0.0974966511130333,0.04207300394773483,0.2354060411453247,0.005480296444147825,1.0,13,0.03677837550640106,-0.12423236668109894,0.03606318309903145,0.06363917887210846,0.13664785027503967,0.005105848424136639,1.0,39,-0.15691356360912323,-0.32736557722091675,0.08959530293941498,0.11645455658435822,0.37151333689689636,0.006694839335978031,1.0,68,-0.05520562455058098,-0.22841767966747284,0.12947627902030945,0.15381592512130737,0.26956358551979065,0.003972835373133421,1.0,0.1860269457101822,-0.1698928251862526,0.37151333689689636,-0.32736557722091675,0.26956358551979065,-0.22841767966747284,1.0
1790268602.232369,54.52791428565979,1086,0,16,-0.17940425872802734,-0.23143482208251953,0.17389114201068878,0.12423530966043472,0.3109690546989441,0.017553577199578285,1.0,13,-0.033313456922769547,-0.17437626421451569,0.07727330923080444,0.1643017828464508,0.2115643173456192,0.011229339987039566,1.0,39,-0.2243550568819046,-0.16922348737716675,0.07712937891483307,0.05070432275533676,0.2873776853084564,0.0032128202728927135,1.0,68,-0.1529567986726761,-0.13665927946567535,0.15683986246585846,0.1201341524720192,0.24211858212947845,0.005574610084295273,1.0,0.26126668602228165,-0.2029055431485176,0.2873776853084564,-0.16922348737716675,0.24211858212947845,-0.13665927946567535,1.0
1790268602.2805018,54.57604718208313,1087,0,16,-0.35558414459228516,-0.23116302490234375,0.36323538422584534,0.15435969829559326,0.45093005895614624,0.018823711201548576,1.0,13,-0.0067232572473585606,-0.0673675537109375,0.04558813199400902,0.10584438592195511,0.10848594456911087,0.01497859600931406,1.0,39,-0.14073924720287323,-0.02529437653720379,0.041418787091970444,0.031285610049963,0.14813441038131714,0.0017684102058410645,1.0,68,-0.13989751040935516,-0.04910637438297272,0.2065870314836502,0.12074576318264008,0.18397368490695953,0.003287539118900895,1.0,0.27970800176262856,-0.14926528930664062,0.14813441038131714,-0.02529437653720379,0.18397368490695953,-0.04910637438297272,1.0
1790268602.3325582,54.628103494644165,1088,0,16,-0.20344161987304688,-0.0959320068359375,0.2223241925239563,0.09973540157079697,0.23435866832733154,0.05356544628739357,1.0,13,0.03906954079866409,0.040510911494493484,0.04122927784919739,0.04267490655183792,0.0719757229089737,0.0033281075302511454,1.0,39,-0.12625591456890106,0.16862957179546356,0.08050769567489624,0.06874724477529526,0.2132910192012787,0.003997878637164831,1.0,68,-0.1042570248246193,0.10580814629793167,0.12077514827251434,0.12381361424922943,0.1922854632139206,0.010022052563726902,1.0,0.15316719561815262,-0.027710547670722008,0.2132910192012787,0.16862957179546356,0.1922854632139206,0.10580814629793167,1.0
1790268602.3846843,54.68022966384888,1089,0,16,-0.14097881317138672,0.05252552032470703,0.1751696765422821,0.08087331801652908,0.19715717434883118,0.0070638712495565414,1.0,13,0.07777287065982819,0.12702003121376038,0.1109575629234314,0.07424375414848328,0.17090584337711334,0.006725706160068512,1.0,39,-0.01865680329501629,0.5753717422485352,0.12540766596794128,0.18750573694705963,0.5866532921791077,0.008506692945957184,1.0,68,-0.03515714779496193,0.33604946732521057,0.11535428464412689,0.26415184140205383,0.3693805932998657,0.004716109950095415,1.0,0.18403150886297226,0.0897727757692337,0.5866532921791077,0.5753717422485352,0.3693805932998657,0.33604946732521057,1.0
1790268602.4326448,54.728190183639526,1090,0,16,-0.15676593780517578,0.1735544204711914,0.17089959979057312,0.08487140387296677,0.26258981227874756,0.00611945241689682,1.0,13,-0.0020775427110493183,0.2578183710575104,0.08974234759807587,0.13394995033740997,0.26772648096084595,0.010700400918722153,1.0,39,0.056563157588243484,0.32339242100715637,0.10067542642354965,0.0805353969335556,0.34684237837791443,0.004614948760718107,1.0,68,-0.017369437962770462,0.2600867450237274,0.12265382707118988,0.11456137895584106,0.2877175807952881,0.0031059253960847855,1.0,0.26515814661979675,0.2156863957643509,0.34684237837791443,0.32339242100715637,0.2877175807952881,0.2600867450237274,1.0
1790268602.4845264,54.78007173538208,1091,0,16,-0.13001537322998047,0.16147422790527344,0.05154791474342346,0.07446636259555817,0.2131655067205429,0.002401419449597597,1.0,13,0.03536517918109894,0.20782470703125,0.05523243546485901,0.07808686792850494,0.2211437076330185,0.0021811523474752903,1.0,39,-0.10583026707172394,0.36632636189460754,0.07104302942752838,0.07333580404520035,0.3848724067211151,0.004231615923345089,1.0,68,-0.0894196480512619,0.2622216045856476,0.058847423642873764,0.12297122180461884,0.28831303119659424,0.002572624944150448,1.0,0.2171546071767807,0.18464946746826172,0.3848724067211151,0.36632636189460754,0.28831303119659424,0.2622216045856476,1.0
1790268602.532615,54.82816028594971,1092,0,16,-0.2905921936035156,0.08411884307861328,0.21724733710289001,0.10376337915658951,0.3394259512424469,0.004700644873082638,1.0,13,-0.06011728197336197,0.14974506199359894,0.04978584125638008,0.045941565185785294,0.16647528111934662,0.002947320695966482,1.0,39,-0.08529506623744965,0.2336018830537796,0.04506494477391243,0.043953247368335724,0.2522028088569641,0.004248807672411203,1.0,68,-0.12562023103237152,0.1937667578458786,0.12230917811393738,0.08807720988988876,0.25613686442375183,0.0031286231242120266,1.0,0.25295061618089676,0.11693195253610611,0.2522028088569641,0.2336018830537796,0.25613686442375183,0.1937667578458786,1.0
1790268602.5846138,54.88015913963318,1093,0,16,-0.2384319305419922,-0.009962081909179688,0.21538326144218445,0.08598049730062485,0.2583584487438202,0.007073904387652874,1.0,13,-0.03390033543109894,0.09088017046451569,0.04014062136411667,0.03396850451827049,0.10542040318250656,0.0029603885486721992,1.0,39,-0.06773298233747482,0.10669180005788803,0.027158046141266823,0.03256739675998688,0.12793004512786865,0.0015172252897173166,1.0,68,-0.08798913657665253,0.07750118523836136,0.1148318499326706,0.058635164052248,0.1372164934873581,0.0017999776173382998,1.0,0.18188942596316338,0.040459044277668,0.12793004512786865,0.10669180005788803,0.1372164934873581,0.07750118523836136,1.0
1790268602.636745,54.93229031562805,1094,0,16,-0.12241935729980469,-0.015408515930175781,0.08503998070955276,0.049921274185180664,0.13401354849338531,0.0027612135745584965,1.0,13,-0.02358774095773697,0.07346637547016144,0.021566538140177727,0.03077702410519123,0.08249913901090622,0.001375317806378007,1.0,39,-0.03473956882953644,0.04878978058695793,0.03670366108417511,0.032627902925014496,0.06899906694889069,0.0008153003873303533,1.0,68,-0.05580812320113182,0.03412022441625595,0.05363517999649048,0.04269340634346008,0.07935044914484024,0.0009432277292944491,1.0,0.10825634375214577,0.02902892976999283,0.06899906694889069,0.04878978058695793,0.07935044914484024,0.03412022441625595,1.0
1790268602.6846702,54.980215549468994,1095,1,16,-0.055975914001464844,0.009913444519042969,0.03007262945175171,0.030307825654745102,0.06492428481578827,0.0008126433240249753,1.0,13,0.012129563838243484,0.035839375108480453,0.027679648250341415,0.035324644297361374,0.05022997036576271,0.0018828181782737374,1.0,39,0.008179884403944016,0.040193215012550354,0.028024593368172646,0.01696295477449894,0.049354419112205505,0.0008707970264367759,1.0,68,-0.014282675459980965,0.0319029875099659,0.030655890703201294,0.0245087631046772,0.04826725274324417,0.0006582788773812354,1.0,0.05757712759077549,0.02287640981376171,0.049354419112205505,0.040193215012550354,0.04826725274324417,0.0319029875099659,1.0
1790268602.7366607,55.0322060585022,1096,0,16,0.015943527221679688,0.014096260070800781,0.025806182995438576,0.02599954605102539,0.03936869651079178,0.0007675718516111374,1.0,13,0.036700908094644547,0.04743018373847008,0.01717640459537506,0.020712945610284805,0.060634393244981766,0.002407626248896122,1.0,39,0.040549252182245255,0.060474492609500885,0.015393772162497044,0.018174026161432266,0.07554799318313599,0.0007855637813918293,1.0,68,0.0334625244140625,0.04326225817203522,0.024814419448375702,0.031508151441812515,0.06315432488918304,0.0006353765493258834,1.0,0.05000154487788677,0.03076322190463543,0.07554799318313599,0.060474492609500885,0.06315432488918304,0.04326225817203522,1.0
1790268602.784462,55.08000731468201,1097,0,16,0.16080570220947266,0.06104469299316406,0.11788379400968552,0.042300302535295486,0.17684489488601685,0.001971914665773511,1.0,13,0.13604500889778137,0.06751779466867447,0.05799641087651253,0.05052799731492996,0.16269268095493317,0.0024501329753547907,1.0,39,0.28070497512817383,0.1471283733844757,0.1117796003818512,0.06272920966148376,0.32086265087127686,0.002223552903160453,1.0,68,0.19358578324317932,0.0976685881614685,0.13059097528457642,0.08260133117437363,0.22109843790531158,0.0017251892713829875,1.0,0.169768787920475,0.06428124383091927,0.32086265087127686,0.1471283733844757,0.22109843790531158,0.0976685881614685,1.0
1790268602.8363445,55.13188982009888,1098,0,16,0.22374629974365234,0.05613517761230469,0.08032729476690292,0.08062668144702911,0.23894143104553223,0.002609427087008953,1.0,13,0.19217154383659363,0.08058988302946091,0.061647407710552216,0.050582967698574066,0.2114824652671814,0.005260010249912739,1.0,39,0.23602138459682465,0.07387875020503998,0.05216565728187561,0.035094212740659714,0.25093212723731995,0.0019779480062425137,1.0,68,0.22036921977996826,0.0538986437022686,0.08067626506090164,0.04596893861889839,0.2310023456811905,0.0017492910847067833,1.0,0.2252119481563568,0.0683625303208828,0.25093212723731995,0.07387875020503998,0.2310023456811905,0.0538986437022686,1.0
1790268602.8884203,55.1839656829834,1099,0,16,0.21100997924804688,-0.05720710754394531,0.05345718935132027,0.022561263293027878,0.21960946917533875,0.0026124774012714624,1.0,13,0.25185686349868774,0.005442692898213863,0.0429673045873642,0.04121281951665878,0.2553004026412964,0.002508767182007432,1.0,39,0.17700077593326569,-0.061153706163167953,0.06915710121393204,0.04086229205131531,0.18984702229499817,0.0021762410178780556,1.0,68,0.20364783704280853,-0.08278296887874603,0.06000177934765816,0.05131622776389122,0.22496792674064636,0.001957851927727461,1.0,0.23745493590831757,-0.025882207322865725,0.18984702229499817,-0.061153706163167953,0.22496792674064636,-0.08278296887874603,1.0
1790268602.9366944,55.232239723205566,1100,0,16,0.19024372100830078,-0.2137012481689453,0.05511539429426193,0.0725158080458641,0.29377973079681396,0.0030682238284498453,1.0,13,0.1507028490304947,-0.1806112378835678,0.06063587963581085,0.102088563144207,0.2479906678199768,0.004428445361554623,1.0,39,0.11293655633926392,-0.21028919517993927,0.05546309053897858,0.07028663903474808,0.24293850362300873,0.00255112093873322,1.0,68,0.15302613377571106,-0.20279636979103088,0.07240550220012665,0.09256651252508163,0.2653687000274658,0.0022172697354108095,1.0,0.2708851993083954,-0.19715624302625656,0.24293850362300873,-0.21028919517993927,0.2653687000274658,-0.20279636979103088,1.0
1790268602.988694,55.284239292144775,1101,0,16,0.15034008026123047,-0.26650238037109375,0.06228168308734894,0.06058685854077339,0.3100389242172241,0.004162502475082874,1.0,13,0.08812068402767181,-0.14299598336219788,0.0561501644551754,0.07664301991462708,0.17672637104988098,0.003991023171693087,1.0,39,0.03303214907646179,-0.3944823443889618,0.07542680948972702,0.10621384531259537,0.4029761552810669,0.006769002880901098,1.0,68,0.0721067562699318,-0.26527875661849976,0.08444594591856003,0.14559850096702576,0.298790842294693,0.0033552097156643867,1.0,0.24338264763355255,-0.2047491818666458,0.4029761552810669,-0.3944823443889618,0.298790842294693,-0.26527875661849976,1.0
1790268603.036667,55.33221244812012,1102,0,16,0.09969711303710938,-0.18541240692138672,0.03716292977333069,0.030525995418429375,0.21334755420684814,0.0011326943058520555,1.0,13,0.05436119809746742,-0.13226082921028137,0.036082763224840164,0.07465159893035889,0.15094882249832153,0.002596222097054124,1.0,39,0.007912268862128258,-0.20275291800498962,0.048029590398073196,0.048915062099695206,0.20867638289928436,0.0030356738716363907,1.0,68,0.061366137117147446,-0.18557751178741455,0.06661276519298553,0.06832952052354813,0.2101699709892273,0.0023072725161910057,1.0,0.18214818835258484,-0.15883661806583405,0.20867638289928436,-0.20275291800498962,0.2101699709892273,-0.18557751178741455,1.0
1790268603.088634,55.38417935371399,1103,0,16,0.10774803161621094,-0.08604049682617188,0.06623264402151108,0.046056974679231644,0.1502964347600937,0.0018553840927779675,1.0,13,0.09391902387142181,-0.08245380222797394,0.03685946762561798,0.03331464156508446,0.12829641997814178,0.0037174823228269815,1.0,39,0.0837504044175148,-0.10281841456890106,0.03442849963903427,0.034037668257951736,0.1347498595714569,0.0013468939578160644,1.0,68,0.11915004998445511,-0.09659576416015625,0.052104052156209946,0.05010119453072548,0.16037900745868683,0.0015664652455598116,1.0,0.13929642736911774,-0.0842471495270729,0.1347498595714569,-0.10281841456890106,0.16037900745868683,-0.09659576416015625,1.0
1790268603.1407967,55.436342000961304,1104,0,16,0.23370647430419922,-0.03473377227783203,0.11330753564834595,0.09998156875371933,0.25468969345092773,0.002427996601909399,1.0,13,0.16528084874153137,-0.05838599428534508,0.043189916759729385,0.048840269446372986,0.18437305092811584,0.007023994345217943,1.0,39,0.15449915826320648,-0.07486549019813538,0.040234051644802094,0.026949692517518997,0.17434434592723846,0.0016023681964725256,1.0,68,0.17342936992645264,-0.05552426353096962,0.06151505932211876,0.05560104176402092,0.18948358297348022,0.0017497394001111388,1.0,0.2195313721895218,-0.046559883281588554,0.17434434592723846,-0.07486549019813538,0.18948358297348022,-0.05552426353096962,1.0
1790268603.1886773,55.484222650527954,1105,0,16,0.18716907501220703,-0.059546470642089844,0.05183355137705803,0.03226732835173607,0.2004469931125641,0.002441670745611191,1.0,13,0.17372483015060425,-0.04895606264472008,0.05323878303170204,0.044816020876169205,0.18483296036720276,0.0040802606381475925,1.0,39,0.18841944634914398,-0.08494763821363449,0.043887924402952194,0.029730459675192833,0.20756962895393372,0.001469054608605802,1.0,68,0.18032792210578918,-0.06845709681510925,0.04780163988471031,0.037556879222393036,0.19651712477207184,0.0013168100267648697,1.0,0.19263997673988342,-0.05425126664340496,0.20756962895393372,-0.08494763821363449,0.19651712477207184,-0.06845709681510925,1.0
1790268603.2407146,55.53625988960266,1106,0,16,0.2078380584716797,-0.09731674194335938,0.05298289284110069,0.030909620225429535,0.2335447520017624,0.004061057697981596,1.0,13,0.14288565516471863,-0.045135498046875,0.028650669381022453,0.04480362683534622,0.15537582337856293,0.0019458222668617964,1.0,39,0.18526478111743927,-0.12433252483606339,0.04358333349227905,0.026486432179808617,0.22437942028045654,0.001557608600705862,1.0,68,0.1972873955965042,-0.1147417202591896,0.050895798951387405,0.04439737647771835,0.2321511059999466,0.001961167436093092,1.0,0.19446028769016266,-0.07122611999511719,0.22437942028045654,-0.12433252483606339,0.2321511059999466,-0.1147417202591896,1.0
1790268603.2887087,55.584254026412964,1107,0,16,0.3325624465942383,-0.11236095428466797,0.07390672713518143,0.0433809719979763,0.3547170162200928,0.002924366155639291,1.0,13,0.16013981401920319,-0.0863189697265625,0.06098875403404236,0.06270679086446762,0.191949263215065,0.0041368682868778706,1.0,39,0.17026148736476898,-0.19826644659042358,0.057272106409072876,0.05319546163082123,0.263747900724411,0.002108293119817972,1.0,68,0.2038302719593048,-0.1570836305618286,0.08588586747646332,0.08581787347793579,0.2694680690765381,0.0022947026882320642,1.0,0.2733331397175789,-0.09933996200561523,0.263747900724411,-0.19826644659042358,0.2694680690765381,-0.1570836305618286,1.0
1790268603.3407123,55.63625764846802,1108,0,16,1.5926847457885742,0.3462352752685547,1.5062239170074463,0.5405735969543457,1.6968793869018555,0.17244510352611542,1.0,13,0.08851036429405212,-0.1260152906179428,0.20303015410900116,0.1150314062833786,0.2513345181941986,0.03318103775382042,1.0,39,0.18638336658477783,-0.2697213888168335,0.07062524557113647,0.07755427062511444,0.33115896582603455,0.003042892087250948,1.0,68,0.40942203998565674,-0.15509235858917236,0.773698091506958,0.32002121210098267,0.5308147668838501,0.02877763845026493,1.0,0.974106952548027,0.11010999232530594,0.33115896582603455,-0.2697213888168335,0.5308147668838501,-0.15509235858917236,1.0
1790268603.392575,55.68812036514282,1109,0,16,0.380950927734375,-0.07894039154052734,0.16281113028526306,0.09229902178049088,0.4027348756790161,0.028397902846336365,1.0,13,0.12859871983528137,-0.058503370732069016,0.18412381410598755,0.10239188373088837,0.24383936822414398,0.010469887405633926,1.0,39,0.1827564686536789,-0.2857603430747986,0.05857260897755623,0.0661134198307991,0.34217655658721924,0.0032201670110225677,1.0,68,0.24108056724071503,-0.21182003617286682,0.12505444884300232,0.13066788017749786,0.3464032709598541,0.006740993354469538,1.0,0.32328712195158005,-0.06872188113629818,0.34217655658721924,-0.2857603430747986,0.3464032709598541,-0.21182003617286682,1.0
1790268603.4404202,55.73596549034119,1110,1,16,0.2055654525756836,-0.13716888427734375,0.04530908167362213,0.04081810638308525,0.2511247396469116,0.0035603553988039494,1.0,13,0.1339792162179947,-0.07170926779508591,0.0634348914027214,0.055003855377435684,0.1579134315252304,0.005176778417080641,1.0,39,0.08526689559221268,-0.19277171790599823,0.045372407883405685,0.07091731578111649,0.21401351690292358,0.0025862811598926783,1.0,68,0.12825123965740204,-0.1421571671962738,0.07976362109184265,0.08621963858604431,0.20829607546329498,0.002526957541704178,1.0,0.20451908558607101,-0.10443907603621483,0.21401351690292358,-0.19277171790599823,0.20829607546329498,-0.1421571671962738,1.0
1790268603.4924529,55.78799819946289,1111,0,16,0.11249256134033203,-0.09927940368652344,0.06037451699376106,0.036489687860012054,0.1554202139377594,0.002120384480804205,1.0,13,0.06979135423898697,-0.06324415653944016,0.036230720579624176,0.05278267338871956,0.10818242281675339,0.0017141512362286448,1.0,39,-0.03040059469640255,-0.16147319972515106,0.06407499313354492,0.04861173778772354,0.17431147396564484,0.0029842110816389322,1.0,68,0.03976283222436905,-0.1127885952591896,0.08560876548290253,0.06158284842967987,0.15039101243019104,0.0016059961635619402,1.0,0.1318013183772564,-0.0812617801129818,0.17431147396564484,-0.16147319972515106,0.15039101243019104,-0.1127885952591896,1.0
1790268603.5407522,55.83629751205444,1112,0,16,0.04340934753417969,-0.1112222671508789,0.047492615878582,0.03446129336953163,0.12672746181488037,0.0018295818008482456,1.0,13,-0.0062349759973585606,-0.09059260785579681,0.019983559846878052,0.04799339920282364,0.0957539975643158,0.0021232326980680227,1.0,39,-0.04651622101664543,-0.2009461224079132,0.050496090203523636,0.05630873516201973,0.21284469962120056,0.002163365250453353,1.0,68,0.012915218248963356,-0.14652925729751587,0.08980824053287506,0.07606043666601181,0.1758420169353485,0.0015512361424043775,1.0,0.11124072968959808,-0.10090743750333786,0.21284469962120056,-0.2009461224079132,0.1758420169353485,-0.14652925729751587,1.0
1790268603.5926778,55.88822317123413,1113,0,16,0.1593618392944336,-0.12223529815673828,0.11590012907981873,0.029438449069857597,0.21380090713500977,0.0013632953632622957,1.0,13,0.025496263056993484,-0.08699739724397659,0.021267326548695564,0.04189857095479965,0.0952458307147026,0.002351638162508607,1.0,39,0.04142174497246742,-0.23733599483966827,0.05511091277003288,0.04625304788351059,0.24629336595535278,0.002962542464956641,1.0,68,0.12489565461874008,-0.2054455727338791,0.11124297976493835,0.1076073944568634,0.26577863097190857,0.0023841438814997673,1.0,0.15452336892485619,-0.10461634770035744,0.24629336595535278,-0.23733599483966827,0.26577863097190857,-0.2054455727338791,1.0
1790268603.6447115,55.94025683403015,1114,0,16,0.5176591873168945,-0.44359588623046875,0.06390293687582016,0.07046125084161758,0.685958981513977,0.005716198123991489,1.0,13,0.23733285069465637,-0.19138747453689575,0.10316281765699387,0.1596197634935379,0.34501975774765015,0.00825755950063467,1.0,39,0.3276773989200592,-0.6451255679130554,0.12134404480457306,0.13583040237426758,0.7286787033081055,0.004520051646977663,1.0,68,0.38046106696128845,-0.5462815761566162,0.13241584599018097,0.20337404310703278,0.686164379119873,0.004290298093110323,1.0,0.5154893696308136,-0.31749168038368225,0.7286787033081055,-0.6451255679130554,0.686164379119873,-0.5462815761566162,1.0
1790268603.692744,55.98828935623169,1115,0,16,0.528956413269043,-0.7641143798828125,0.09255571663379669,0.20045733451843262,0.9379372596740723,0.007733621634542942,1.0,13,0.355987548828125,-0.523909330368042,0.1407214254140854,0.12825964391231537,0.6461835503578186,0.010845834389328957,1.0,39,0.3065702021121979,-1.0452654361724854,0.12562866508960724,0.1750171184539795,1.093059778213501,0.008730310015380383,1.0,68,0.3350154757499695,-0.7630027532577515,0.16739816963672638,0.3119558095932007,0.861552894115448,0.006521367933601141,1.0,0.7920604050159454,-0.6440118551254272,1.093059778213501,-1.0452654361724854,0.861552894115448,-0.7630027532577515,1.0
1790268603.744714,56.04025936126709,1116,0,16,0.1728515625,-0.7069559097290039,0.047198742628097534,0.142435684800148,0.7307236194610596,0.005095167085528374,1.0,13,0.09023813158273697,-0.5426647663116455,0.06154124438762665,0.1813977211713791,0.553251326084137,0.012337054125964642,1.0,39,-0.09908626973628998,-0.9522497653961182,0.11177258938550949,0.1392063945531845,0.9642463326454163,0.008139414712786674,1.0,68,0.01868348941206932,-0.7273269891738892,0.16140231490135193,0.3027997612953186,0.7509599924087524,0.005321191158145666,1.0,0.6419874727725983,-0.6248103380203247,0.9642463326454163,-0.9522497653961182,0.7509599924087524,-0.7273269891738892,1.0
1790268603.7925603,56.08810567855835,1117,0,16,-0.08617210388183594,-0.5067729949951172,0.13870270550251007,0.14490391314029694,0.5306546688079834,0.006612896919250488,1.0,13,-0.19282649457454681,-0.5508129596710205,0.14576339721679688,0.2023831009864807,0.5938993692398071,0.019874460995197296,1.0,39,-0.39145132899284363,-0.8001846075057983,0.10121557861566544,0.07008576393127441,0.8967428803443909,0.011669352650642395,1.0,68,-0.2073734551668167,-0.5617165565490723,0.21367937326431274,0.2736947238445282,0.6215625405311584,0.005035970360040665,1.0,0.5622770190238953,-0.5287929773330688,0.8967428803443909,-0.8001846075057983,0.6215625405311584,-0.5617165565490723,1.0
1790268603.8445723,56.14011764526367,1118,0,16,-0.22217082977294922,-0.2929697036743164,0.14191998541355133,0.05483525991439819,0.3860434293746948,0.003408755175769329,1.0,13,-0.23652297258377075,-0.3508899509906769,0.12406500428915024,0.13665913045406342,0.4379401206970215,0.011206273920834064,1.0,39,-0.5186032056808472,-0.40193450450897217,0.1312040090560913,0.10210529714822769,0.662532389163971,0.010652593336999416,1.0,68,-0.32407110929489136,-0.29919490218162537,0.2594996690750122,0.1537083089351654,0.46563565731048584,0.004420577548444271,1.0,0.41199177503585815,-0.32192982733249664,0.662532389163971,-0.40193450450897217,0.46563565731048584,-0.29919490218162537,1.0
1790268603.8927243,56.18826961517334,1119,0,16,-0.22147846221923828,-0.132476806640625,0.0986667349934578,0.07066057622432709,0.2712070941925049,0.0032814200967550278,1.0,13,-0.22550377249717712,-0.14917343854904175,0.16019612550735474,0.08060607314109802,0.2921339273452759,0.005525760818272829,1.0,39,-0.38717809319496155,-0.05874829366803169,0.06450890749692917,0.04572267830371857,0.3940839469432831,0.004042712040245533,1.0,68,-0.25457966327667236,-0.06482674181461334,0.15722183883190155,0.06992289423942566,0.2829032242298126,0.003247717395424843,1.0,0.2816705107688904,-0.14082512259483337,0.3940839469432831,-0.05874829366803169,0.2829032242298126,-0.06482674181461334,1.0
1790268603.944578,56.24012327194214,1120,0,16,-0.2194356918334961,0.009777069091796875,0.1301097869873047,0.1163010448217392,0.247610405087471,0.004862296860665083,1.0,13,-0.09468431025743484,-0.016242394223809242,0.051171962171792984,0.1169213354587555,0.1441641002893448,0.010107277892529964,1.0,39,-0.1633453369140625,0.043590057641267776,0.05489758402109146,0.038236312568187714,0.172786682844162,0.0018680972279980779,1.0,68,-0.15732955932617188,0.04425295814871788,0.11705683916807175,0.08009319752454758,0.18896450102329254,0.002988767810165882,1.0,0.1958872526884079,-0.0032326625660061836,0.172786682844162,0.043590057641267776,0.18896450102329254,0.04425295814871788,1.0
1790268603.9965682,56.29211354255676,1121,0,16,-0.13087940216064453,-0.040813446044921875,0.10585276782512665,0.09875570982694626,0.14925187826156616,0.007495516911149025,1.0,13,0.009190485812723637,0.020330576226115227,0.08134417980909348,0.07379653304815292,0.09208901971578598,0.014181660488247871,1.0,39,-0.06679750233888626,0.08082776516675949,0.0405740849673748,0.02997778169810772,0.10835353285074234,0.0011125373421236873,1.0,68,-0.060873594135046005,0.05578770488500595,0.07913283258676529,0.07684581726789474,0.1145060807466507,0.0022055325098335743,1.0,0.12067044898867607,-0.010241434909403324,0.10835353285074234,0.08082776516675949,0.1145060807466507,0.05578770488500595,1.0
1790268604.0446584,56.34020376205444,1122,0,16,-0.2316141128540039,-0.1337127685546875,0.27343717217445374,0.15231181681156158,0.28998813033103943,0.0752858966588974,1.0,13,0.08867938816547394,-0.02061697095632553,0.12410174310207367,0.1119518131017685,0.14420820772647858,0.008788436651229858,1.0,39,0.02197226509451866,0.049521028995513916,0.02823041006922722,0.02434413880109787,0.06254485994577408,0.00088845519348979,1.0,68,-0.012518265284597874,0.0030302160885185003,0.14868725836277008,0.10112301260232925,0.09789043664932251,0.011459775269031525,1.0,0.217098169028759,-0.07716486975550652,0.06254485994577408,0.049521028995513916,0.09789043664932251,0.0030302160885185003,1.0
1790268604.0965176,56.39206290245056,1123,0,16,-0.2459087371826172,-0.2638053894042969,0.3611733615398407,0.24143806099891663,0.39474260807037354,0.02785058692097664,1.0,13,0.09776188433170319,-0.03402475267648697,0.04234723374247551,0.042089689522981644,0.11552450060844421,0.006650430615991354,1.0,39,0.03009541891515255,0.04767588898539543,0.025672517716884613,0.016858886927366257,0.062044303864240646,0.0010918003972619772,1.0,68,-0.005578882526606321,-0.011410544626414776,0.17877866327762604,0.1446593701839447,0.11193303018808365,0.005364918615669012,1.0,0.2551335543394089,-0.14891507104039192,0.062044303864240646,0.04767588898539543,0.11193303018808365,-0.011410544626414776,1.0
1790268604.1445448,56.44009017944336,1124,0,16,-0.16151142120361328,-0.09773826599121094,0.21219827234745026,0.10899050533771515,0.2071634829044342,0.002486325101926923,1.0,13,0.03355994448065758,-0.012371356599032879,0.03528141230344772,0.021724550053477287,0.047971803694963455,0.0015703978715464473,1.0,39,0.015283046290278435,0.07440889626741409,0.026933500543236732,0.021632308140397072,0.08039330691099167,0.0007651454070582986,1.0,68,-0.008871190249919891,0.033223994076251984,0.11093763262033463,0.0740344300866127,0.08703941106796265,0.0009621144854463637,1.0,0.12756764329969883,-0.05505481129512191,0.08039330691099167,0.07440889626741409,0.08703941106796265,0.033223994076251984,1.0
1790268604.1966646,56.492209911346436,1125,1,16,-0.06662940979003906,0.01763153076171875,0.060047492384910583,0.016418376937508583,0.0761660784482956,0.0009423193405382335,1.0,13,0.0035916841588914394,0.021209716796875,0.03409753739833832,0.03268710523843765,0.044147178530693054,0.0010621906258165836,1.0,39,-0.03238149732351303,0.08451569080352783,0.022765329107642174,0.028001215308904648,0.09195784479379654,0.0010902044596150517,1.0,68,-0.025275511667132378,0.06131396442651749,0.040426433086395264,0.035519715398550034,0.07849128544330597,0.001014515059068799,1.0,0.060156628489494324,0.019420623779296875,0.09195784479379654,0.08451569080352783,0.07849128544330597,0.06131396442651749,1.0
1790268604.2487595,56.544304847717285,1126,0,16,0.26500797271728516,0.33545398712158203,0.4431952238082886,0.3114747107028961,0.4889999032020569,0.09641645848751068,1.0,13,-0.10706974565982819,0.0660400390625,0.15538358688354492,0.09638555347919464,0.15227006375789642,0.017655743286013603,1.0,39,-0.12080579251050949,0.07993805408477783,0.03946008160710335,0.021053843200206757,0.14680421352386475,0.0009711927268654108,1.0,68,-0.04467122629284859,0.103488028049469,0.22766588628292084,0.1569855958223343,0.18043386936187744,0.01362253911793232,1.0,0.32063498347997665,0.20074701309204102,0.14680421352386475,0.07993805408477783,0.18043386936187744,0.103488028049469,1.0
1790268604.296538,56.59208345413208,1127,0,16,0.08841896057128906,0.17075443267822266,0.33247479796409607,0.19566063582897186,0.3338690400123596,0.057386673986911774,1.0,13,-0.24991783499717712,0.021320048719644547,0.09015201777219772,0.22425305843353271,0.32602694630622864,0.030743006616830826,1.0,39,-0.2633608281612396,0.010012504644691944,0.08357303589582443,0.04130259528756142,0.2665777802467346,0.001909953891299665,1.0,68,-0.15803012251853943,0.035201914608478546,0.20084267854690552,0.1181647777557373,0.2360050231218338,0.011231310665607452,1.0,0.32994799315929413,0.0960372406989336,0.2665777802467346,0.010012504644691944,0.2360050231218338,0.035201914608478546,1.0
1790268604.3486147,56.64416003227234,1128,0,16,-0.29200172424316406,0.009647369384765625,0.1445612907409668,0.05316942185163498,0.2970393896102905,0.0038003900554031134,1.0,13,-0.2859262228012085,-0.059917744249105453,0.04899433255195618,0.059586651623249054,0.2982536852359772,0.006733881775289774,1.0,39,-0.37287473678588867,-0.03551972284913063,0.07713476568460464,0.03058531880378723,0.37593361735343933,0.002279188483953476,1.0,68,-0.28870055079460144,-0.005136938765645027,0.14748640358448029,0.05225643888115883,0.2960928678512573,0.002138768322765827,1.0,0.29764653742313385,-0.025135187432169914,0.37593361735343933,-0.03551972284913063,0.2960928678512573,-0.005136938765645027,1.0
1790268604.3967319,56.69227719306946,1129,0,16,-0.22435379028320312,-0.05533409118652344,0.05514133349061012,0.040718335658311844,0.23610475659370422,0.0019195934291929007,1.0,13,-0.23786808550357819,-0.0848541259765625,0.06844055652618408,0.07714024186134338,0.26336950063705444,0.005920170806348324,1.0,39,-0.30241629481315613,-0.08482243120670319,0.06302369385957718,0.04541957005858421,0.31899169087409973,0.0019275295780971646,1.0,68,-0.22498366236686707,-0.0488860197365284,0.1043425127863884,0.06437870860099792,0.238963320851326,0.0019085935782641172,1.0,0.24973712861537933,-0.07009410858154297,0.31899169087409973,-0.08482243120670319,0.238963320851326,-0.0488860197365284,1.0
1790268604.4486935,56.74423885345459,1130,0,16,-0.1930713653564453,-0.05195331573486328,0.10347309708595276,0.08267026394605637,0.21552056074142456,0.012148568406701088,1.0,13,-0.1767812818288803,-0.10588895529508591,0.083735890686512,0.12648336589336395,0.23862479627132416,0.0170693751424551,1.0,39,-0.15499956905841827,-0.07887698709964752,0.053166311234235764,0.025213344022631645,0.17661069333553314,0.0014099220279604197,1.0,68,-0.12696613371372223,-0.047045763581991196,0.07348312437534332,0.05231470614671707,0.14202602207660675,0.0033016521483659744,1.0,0.22707267850637436,-0.0789211355149746,0.17661069333553314,-0.07887698709964752,0.14202602207660675,-0.047045763581991196,1.0
1790268604.5009272,56.79647254943848,1131,0,16,-0.1133871078491211,-0.04163551330566406,0.17823170125484467,0.09462723135948181,0.19090814888477325,0.017871256917715073,1.0,13,-0.08743520826101303,-0.0545196533203125,0.06005006283521652,0.06732066720724106,0.12345964461565018,0.007301410660147667,1.0,39,-0.08536744862794876,-0.035185594111680984,0.027011198922991753,0.02286524884402752,0.09522692114114761,0.000958442862611264,1.0,68,-0.07709166407585144,-0.021170897409319878,0.07104258239269257,0.05566184222698212,0.10002005100250244,0.004538995213806629,1.0,0.15718389675021172,-0.04807758331298828,0.09522692114114761,-0.035185594111680984,0.10002005100250244,-0.021170897409319878,1.0
1790268604.5488389,56.84438419342041,1132,0,16,-0.241455078125,-0.1651153564453125,0.2540123462677002,0.17447037994861603,0.299990177154541,0.05715695023536682,1.0,13,-0.054884690791368484,-0.052417460829019547,0.04368443787097931,0.03928666189312935,0.09199505299329758,0.01006243098527193,1.0,39,-0.05117758736014366,-0.06359902769327164,0.04399706795811653,0.022121107205748558,0.08762763440608978,0.0016135250916704535,1.0,68,-0.07279429584741592,-0.06763570755720139,0.14096620678901672,0.10141396522521973,0.10611880570650101,0.008693860843777657,1.0,0.1959926150739193,-0.10876640863716602,0.08762763440608978,-0.06359902769327164,0.10611880570650101,-0.06763570755720139,1.0
1790268604.6009247,56.896470069885254,1133,0,16,-0.2771949768066406,-0.2903251647949219,0.32741010189056396,0.2740916609764099,0.4308173656463623,0.03498222678899765,1.0,13,-0.07561551779508591,-0.12497300654649734,0.05663419887423515,0.04863976314663887,0.15227913856506348,0.006673055700957775,1.0,39,-0.033847514539957047,-0.13232186436653137,0.03465653210878372,0.041489362716674805,0.13949744403362274,0.0017724868375808,1.0,68,-0.05867363512516022,-0.11363668739795685,0.15767574310302734,0.1466371715068817,0.14386986196041107,0.005938002839684486,1.0,0.2915482521057129,-0.2076490856707096,0.13949744403362274,-0.13232186436653137,0.14386986196041107,-0.11363668739795685,1.0
1790268604.6488078,56.944353103637695,1134,0,16,-0.13970661163330078,-0.20970535278320312,0.18280790746212006,0.16275586187839508,0.2695888876914978,0.005762855056673288,1.0,13,-0.01989276520907879,-0.09977018088102341,0.025819970294833183,0.045198988169431686,0.10711988061666489,0.0018962518079206347,1.0,39,-0.002063066465780139,-0.15735411643981934,0.02325933426618576,0.03874704986810684,0.1591440886259079,0.002168000442907214,1.0,68,-0.021140603348612785,-0.12991568446159363,0.0951492115855217,0.10159633308649063,0.14573535323143005,0.0018219414632767439,1.0,0.18835438415408134,-0.15473776683211327,0.1591440886259079,-0.15735411643981934,0.14573535323143005,-0.12991568446159363,1.0
1790268604.7005022,56.996047496795654,1135,0,16,-0.044017791748046875,-0.12239456176757812,0.08902338892221451,0.06684665381908417,0.14603085815906525,0.003408593824133277,1.0,13,-0.02945415861904621,-0.14414508640766144,0.047127362340688705,0.04580346494913101,0.153523787856102,0.002910265000537038,1.0,39,0.053465623408555984,-0.17208980023860931,0.05422477424144745,0.04653950035572052,0.18537425994873047,0.0016857341397553682,1.0,68,0.03288784995675087,-0.12801125645637512,0.06718616187572479,0.08469823747873306,0.14543478190898895,0.0017477549845352769,1.0,0.14977732300758362,-0.13326982408761978,0.18537425994873047,-0.17208980023860931,0.14543478190898895,-0.12801125645637512,1.0
1790268604.7525113,57.04805660247803,1136,0,16,-0.0101470947265625,-0.17697525024414062,0.07284479588270187,0.10565531998872757,0.1956620216369629,0.001761244609951973,1.0,13,0.01739736646413803,-0.17090079188346863,0.034856222569942474,0.06527724862098694,0.1745251566171646,0.00394201697781682,1.0,39,0.10402581840753555,-0.19088706374168396,0.04962019622325897,0.05180998519062996,0.22057972848415375,0.0020268235821276903,1.0,68,0.08968442678451538,-0.15251103043556213,0.08254121243953705,0.08743181079626083,0.1908351480960846,0.0016969791613519192,1.0,0.18509358912706375,-0.17393802106380463,0.22057972848415375,-0.19088706374168396,0.1908351480960846,-0.15251103043556213,1.0
1790268604.8004565,57.096001863479614,1137,0,16,0.10346412658691406,-0.126800537109375,0.03633774444460869,0.09185875207185745,0.18679505586624146,0.0013746628537774086,1.0,13,0.06845562160015106,-0.12509506940841675,0.032871827483177185,0.058815401047468185,0.1495712846517563,0.0026652717497199774,1.0,39,0.13193297386169434,-0.2016417682170868,0.04300802946090698,0.049309585243463516,0.24294975399971008,0.0024056979455053806,1.0,68,0.11290224641561508,-0.14319251477718353,0.05165136232972145,0.07806418836116791,0.19115255773067474,0.0014868469443172216,1.0,0.16818317025899887,-0.12594780325889587,0.24294975399971008,-0.2016417682170868,0.19115255773067474,-0.14319251477718353,1.0
1790268604.8527496,57.1482949256897,1138,0,16,0.1700143814086914,-0.1337451934814453,0.024480486288666725,0.07271388918161392,0.22605305910110474,0.002222299575805664,1.0,13,0.12352811545133591,-0.13931861519813538,0.039730943739414215,0.06793254613876343,0.192897766828537,0.004593150690197945,1.0,39,0.14494675397872925,-0.16553165018558502,0.03842441365122795,0.03289436176419258,0.2218911349773407,0.0017542472342029214,1.0,68,0.13025036454200745,-0.12673860788345337,0.05454762652516365,0.06395889073610306,0.1873171031475067,0.0016363693866878748,1.0,0.20947541296482086,-0.13653190433979034,0.2218911349773407,-0.16553165018558502,0.1873171031475067,-0.12673860788345337,1.0
1790268604.900787,57.1963324546814,1139,0,16,0.046813011169433594,-0.11198043823242188,0.06698325276374817,0.05585039407014847,0.14577803015708923,0.0017296838341280818,1.0,13,0.07618126273155212,-0.08967708051204681,0.01872071623802185,0.025954216718673706,0.11994542181491852,0.0026294325944036245,1.0,39,0.11480047553777695,-0.11961051821708679,0.03322094306349754,0.02571466751396656,0.16727788746356964,0.0014056265354156494,1.0,68,0.09119392931461334,-0.0994749665260315,0.04571381211280823,0.04356677457690239,0.14213062822818756,0.0010433283168822527,1.0,0.13286172598600388,-0.10082875937223434,0.16727788746356964,-0.11961051821708679,0.14213062822818756,-0.0994749665260315,1.0
1790268604.9528053,57.248350620269775,1140,1,16,0.04910469055175781,-0.05313587188720703,0.021664265543222427,0.026777947321534157,0.07562921941280365,0.0006388804758898914,1.0,13,0.04886098951101303,-0.05306537449359894,0.0258734542876482,0.035507772117853165,0.07800230383872986,0.0014174077659845352,1.0,39,0.051901400089263916,-0.06405561417341232,0.022139374166727066,0.02203945256769657,0.0844627171754837,0.000902824685908854,1.0,68,0.04908011853694916,-0.04741085320711136,0.02501065656542778,0.024443482980132103,0.07159334421157837,0.0007779079605825245,1.0,0.07681576162576675,-0.053100623190402985,0.0844627171754837,-0.06405561417341232,0.07159334421157837,-0.04741085320711136,1.0
1790268605.0046673,57.30021262168884,1141,0,16,-7.534027099609375e-05,-0.042120933532714844,0.016370151191949844,0.013845700770616531,0.04520278051495552,0.0007207493181340396,1.0,13,-0.007340651471167803,-0.042492207139730453,0.019902169704437256,0.029643414542078972,0.04668303579092026,0.0019095770549029112,1.0,39,-0.0044399164617061615,-0.03683784604072571,0.02423415146768093,0.016558285802602768,0.04325220733880997,0.0011053011985495687,1.0,68,0.0005394430481828749,-0.019660726189613342,0.01928727701306343,0.025096086785197258,0.03216089308261871,0.0007818215526640415,1.0,0.04594290815293789,-0.04230657033622265,0.04325220733880997,-0.03683784604072571,0.03216089308261871,-0.019660726189613342,1.0
1790268605.052866,57.348411321640015,1142,0,16,-0.05023384094238281,-0.012678146362304688,0.029064232483506203,0.014980142004787922,0.05587900057435036,0.0008091267663985491,1.0,13,-0.01996084302663803,-0.026496300473809242,0.018155325204133987,0.04488334059715271,0.054149746894836426,0.0020471387542784214,1.0,39,-0.016902433708310127,-0.015918046236038208,0.02247677929699421,0.01228379923850298,0.03085274249315262,0.0006174440495669842,1.0,68,-0.02136746607720852,-0.009089525789022446,0.025004351511597633,0.018738599494099617,0.033453892916440964,0.0006017747800797224,1.0,0.05501437373459339,-0.019587223418056965,0.03085274249315262,-0.015918046236038208,0.033453892916440964,-0.009089525789022446,1.0
1790268605.1047006,57.400245904922485,1143,0,16,-0.0717763900756836,0.014897346496582031,0.03663639724254608,0.017203038558363914,0.07529693096876144,0.0011932323686778545,1.0,13,-0.03127347677946091,-0.0223236083984375,0.03594991937279701,0.04037252813577652,0.05180070176720619,0.00245030433870852,1.0,39,-0.022681603208184242,0.019374748691916466,0.028226180002093315,0.02662627026438713,0.0442625992000103,0.0008885958814062178,1.0,68,-0.03519619256258011,0.023110782727599144,0.03258747607469559,0.0266884695738554,0.052141305059194565,0.0008816561312414706,1.0,0.06354881636798382,-0.0037131309509277344,0.0442625992000103,0.019374748691916466,0.052141305059194565,0.023110782727599144,1.0
1790268605.15276,57.44830536842346,1144,0,16,-0.07393169403076172,0.01686382293701172,0.049537528306245804,0.013118322007358074,0.08005887269973755,0.0010478005278855562,1.0,13,-0.049701396375894547,-0.010406494140625,0.019473064690828323,0.01934819296002388,0.055711422115564346,0.0018510580994188786,1.0,39,-0.028321877121925354,0.008165800012648106,0.018391812220215797,0.016839927062392235,0.03570179268717766,0.0006965369684621692,1.0,68,-0.04678254947066307,0.018592946231365204,0.03331702947616577,0.02380857989192009,0.054444026201963425,0.0009478378924541175,1.0,0.06788514740765095,0.0032286643981933594,0.03570179268717766,0.008165800012648106,0.054444026201963425,0.018592946231365204,1.0
1790268605.204728,57.50027322769165,1145,0,16,-0.1074056625366211,0.022321701049804688,0.03238115832209587,0.015596713870763779,0.11082039773464203,0.0011332998983561993,1.0,13,-0.09553175419569016,-0.018326979130506516,0.04284008592367172,0.04694129154086113,0.1089751198887825,0.004376742523163557,1.0,39,-0.0416463203728199,0.013889801688492298,0.01542750746011734,0.016556700691580772,0.04708429053425789,0.0006892105448059738,1.0,68,-0.06353311240673065,0.01868438720703125,0.03407415375113487,0.02213594689965248,0.07054459303617477,0.0007350389496423304,1.0,0.10989775881171227,0.001997360959649086,0.04708429053425789,0.013889801688492298,0.07054459303617477,0.01868438720703125,1.0
1790268605.2567282,57.5522735118866,1146,0,16,-0.09488201141357422,0.03544902801513672,0.028944093734025955,0.016843607649207115,0.10256494581699371,0.0008539855480194092,1.0,13,-0.08347731083631516,0.019146259874105453,0.06549126654863358,0.03861667588353157,0.10390479117631912,0.002553439000621438,1.0,39,-0.0571441650390625,0.04358223080635071,0.021801238879561424,0.016515415161848068,0.07340460270643234,0.0009735604980960488,1.0,68,-0.07160612940788269,0.0473221056163311,0.02973967231810093,0.02522243931889534,0.08918067067861557,0.0007781520835123956,1.0,0.10323486849665642,0.027297643944621086,0.07340460270643234,0.04358223080635071,0.08918067067861557,0.0473221056163311,1.0
1790268605.3047585,57.60030388832092,1147,0,16,-0.07064056396484375,0.036314964294433594,0.025975903496146202,0.008742772974073887,0.08064472675323486,0.0006671912269666791,1.0,13,-0.032883863896131516,0.02416522614657879,0.031782396137714386,0.04269781708717346,0.060051675885915756,0.0027938152197748423,1.0,39,-0.056023623794317245,0.059573832899332047,0.01667666994035244,0.018978944048285484,0.08321058750152588,0.0009765694849193096,1.0,68,-0.05735105648636818,0.04635889455676079,0.0212122593075037,0.021682992577552795,0.07650211453437805,0.0007503475062549114,1.0,0.07034820131957531,0.03024009522050619,0.08321058750152588,0.059573832899332047,0.07650211453437805,0.04635889455676079,1.0
1790268605.3564298,57.65197515487671,1148,0,16,-0.055637359619140625,-0.0019512176513671875,0.01179636362940073,0.009462743066251278,0.05657639354467392,0.0007797358557581902,1.0,13,-0.03484638035297394,0.0009812575299292803,0.026788195595145226,0.034460123628377914,0.05213049426674843,0.001580582233145833,1.0,39,-0.06961255520582199,0.030372032895684242,0.027697276324033737,0.020813923329114914,0.07849117368459702,0.0011315199080854654,1.0,68,-0.06824852526187897,0.020256154239177704,0.026777135208249092,0.026308845728635788,0.0756809338927269,0.0008667060174047947,1.0,0.054353443905711174,-0.0004849800607189536,0.07849117368459702,0.030372032895684242,0.0756809338927269,0.020256154239177704,1.0
1790268605.404416,57.6999614238739,1149,0,16,-0.0643453598022461,0.02144145965576172,0.01746397651731968,0.01446535438299179,0.06959465146064758,0.0009149775723926723,1.0,13,-0.034895677119493484,0.0249176025390625,0.023297812789678574,0.02560591697692871,0.04986222833395004,0.002019082196056843,1.0,39,-0.06679006665945053,0.05546022206544876,0.023604843765497208,0.014282823540270329,0.08860530704259872,0.000780631264206022,1.0,68,-0.06192263588309288,0.049218907952308655,0.023755071684718132,0.03056582622230053,0.08278336375951767,0.0006368414615280926,1.0,0.05972843989729881,0.02317953109741211,0.08860530704259872,0.05546022206544876,0.08278336375951767,0.049218907952308655,1.0
1790268605.4568005,57.75234580039978,1150,0,16,-0.024114608764648438,0.03968334197998047,0.013515920378267765,0.013450713828206062,0.048414479941129684,0.0005829449510201812,1.0,13,-0.0072021484375,0.016045203432440758,0.04190392047166824,0.02889874018728733,0.046345509588718414,0.0017411453882232308,1.0,39,-0.04982737824320793,0.08071703463792801,0.025298740714788437,0.020491046831011772,0.09706795960664749,0.0009480534354224801,1.0,68,-0.03507658839225769,0.06330905109643936,0.02615972049534321,0.029500585049390793,0.07591907680034637,0.0008703501662239432,1.0,0.04737999476492405,0.027864272706210613,0.09706795960664749,0.08071703463792801,0.07591907680034637,0.06330905109643936,1.0
1790268605.5087628,57.80430817604065,1151,0,16,-0.022591590881347656,0.022975921630859375,0.017127953469753265,0.010845903307199478,0.03644595295190811,0.0005839465884491801,1.0,13,-0.01743023283779621,0.021827111020684242,0.024915629997849464,0.022402776405215263,0.04140399396419525,0.0014424403198063374,1.0,39,-0.007364517543464899,0.06685697287321091,0.024842508137226105,0.015118575654923916,0.07023986428976059,0.0010288185440003872,1.0,68,-0.01221376284956932,0.036657556891441345,0.0159501563757658,0.028866522014141083,0.047369904816150665,0.000707095954567194,1.0,0.03892497345805168,0.02240151632577181,0.07023986428976059,0.06685697287321091,0.047369904816150665,0.036657556891441345,1.0
1790268605.5566857,57.8522310256958,1152,0,16,-0.01777362823486328,0.020496368408203125,0.015507642179727554,0.009836671873927116,0.02978276088833809,0.0005360085633583367,1.0,13,0.023904653266072273,0.03360454738140106,0.013286269269883633,0.019838305190205574,0.04545271024107933,0.0010347873903810978,1.0,39,-0.003914074972271919,0.06749588251113892,0.014878571033477783,0.01645568199455738,0.0691583976149559,0.00063847575802356,1.0,68,-0.008885327726602554,0.043253056704998016,0.014829917810857296,0.029865197837352753,0.04938409477472305,0.0005436780629679561,1.0,0.03761773556470871,0.027050457894802094,0.0691583976149559,0.06749588251113892,0.04938409477472305,0.043253056704998016,1.0
1790268605.608667,57.90421223640442,1153,0,16,-0.00809478759765625,0.041184425354003906,0.027314411476254463,0.010198275558650494,0.04966922849416733,0.0005695747677236795,1.0,13,-0.0036245493683964014,0.03701547533273697,0.027069073170423508,0.027895033359527588,0.04877528175711632,0.0021923889871686697,1.0,39,-0.010297725908458233,0.05427316576242447,0.022270191460847855,0.013043166138231754,0.0591597817838192,0.0006920230807736516,1.0,68,-0.008725110441446304,0.04215049743652344,0.01944398321211338,0.017715562134981155,0.04754212498664856,0.0006034568068571389,1.0,0.04922225512564182,0.03909995034337044,0.0591597817838192,0.05427316576242447,0.04754212498664856,0.04215049743652344,1.0
1790268605.6566324,57.95217776298523,1154,0,16,-0.046883583068847656,0.014451980590820312,0.008824788965284824,0.014941883273422718,0.05133785679936409,0.0007364773191511631,1.0,13,-0.02953866869211197,-0.006049523130059242,0.016296038404107094,0.027548031881451607,0.039707981050014496,0.0013497703475877643,1.0,39,-0.044023171067237854,0.022259052842855453,0.0162703525274992,0.023798873648047447,0.054616060107946396,0.0006279598455876112,1.0,68,-0.04326988756656647,0.015566994436085224,0.01697409898042679,0.018914341926574707,0.049651868641376495,0.0006707361899316311,1.0,0.04552291892468929,0.004201228730380535,0.054616060107946396,0.022259052842855453,0.049651868641376495,0.015566994436085224,1.0
1790268605.70869,58.00423526763916,1155,1,16,-0.045185089111328125,0.03114032745361328,0.022482624277472496,0.01819179207086563,0.05892802029848099,0.0004980405210517347,1.0,13,-0.04650409519672394,0.032441359013319016,0.0347210131585598,0.02754206955432892,0.06367620080709457,0.0018533904803916812,1.0,39,-0.049134865403175354,0.0505320243537426,0.016040656715631485,0.014333604834973812,0.07141824066638947,0.0006312864716164768,1.0,68,-0.04325417801737785,0.037361592054367065,0.01881270483136177,0.02232755906879902,0.060595422983169556,0.0006876859697513282,1.0,0.06130211055278778,0.03179084323346615,0.07141824066638947,0.0505320243537426,0.060595422983169556,0.037361592054367065,1.0
1790268605.7609012,58.05644655227661,1156,0,16,-0.023773193359375,0.032352447509765625,0.013084420934319496,0.010890161618590355,0.04183899983763695,0.0003945755888707936,1.0,13,-0.03342144191265106,0.025165263563394547,0.020830538123846054,0.039742421358823776,0.05661061778664589,0.001906695542857051,1.0,39,-0.026734180748462677,0.05176524445414543,0.01938142627477646,0.013994654640555382,0.06040080264210701,0.0009629498817957938,1.0,68,-0.028119703754782677,0.036753710359334946,0.018166160210967064,0.019093753769993782,0.04887646809220314,0.0005251998663879931,1.0,0.04922480881214142,0.028758855536580086,0.06040080264210701,0.05176524445414543,0.04887646809220314,0.036753710359334946,1.0
1790268605.8086267,58.10417199134827,1157,0,16,-0.02261829376220703,0.010087966918945312,0.01377871260046959,0.012475353665649891,0.02838088572025299,0.00044874323066323996,1.0,13,-0.00738525390625,0.010161180049180984,0.02092672698199749,0.035805318504571915,0.037157271057367325,0.0014366819523274899,1.0,39,0.004573333077132702,0.013072087429463863,0.014679714106023312,0.016252918168902397,0.02419363148510456,0.0007301324512809515,1.0,68,-0.0038916643243283033,0.010867062956094742,0.017253022640943527,0.02145420014858246,0.027256008237600327,0.0006814829539507627,1.0,0.03276907838881016,0.010124573484063148,0.02419363148510456,0.013072087429463863,0.027256008237600327,0.010867062956094742,1.0
