timestamp,num_tracked_points,mean_u,mean_v,std_u,std_v,mean_speed,forward_backward_error,tracking_confidence
1779438687.9722285,70,0.7810965180397034,1.0482596158981323,0.6806800365447998,0.6632850766181946,1.512942910194397,0.09958707541227341,1.0
1779438688.0384908,70,0.08330667018890381,0.21644461154937744,0.19237317144870758,0.15096451342105865,0.30882057547569275,0.010852213948965073,1.0
1779438688.0529022,70,0.02707432396709919,0.17652958631515503,0.24979867041110992,0.24733123183250427,0.34107670187950134,0.024449650198221207,1.0
1779438688.0700712,70,0.02770865336060524,0.03549368679523468,0.21032501757144928,0.16408249735832214,0.23242193460464478,0.015659987926483154,1.0
1779438688.0857663,70,0.02124742791056633,-0.02083435095846653,0.06854968518018723,0.03520199656486511,0.0672682523727417,0.0031497273594141006,1.0
1779438688.1032608,70,-0.04069475457072258,-0.07450169324874878,0.15002016723155975,0.129735067486763,0.18379473686218262,0.008612003177404404,1.0
1779438688.1194766,70,-0.29257267713546753,-0.20385219156742096,0.3747557997703552,0.19185563921928406,0.4546356499195099,0.019879376515746117,1.0
1779438688.1380732,70,-0.08264967054128647,-0.11364920437335968,0.13661004602909088,0.10313469916582108,0.18087553977966309,0.003715908620506525,1.0
1779438688.1659582,70,-0.26117902994155884,-0.18235059082508087,0.2750786244869232,0.19213023781776428,0.3853832483291626,0.016186758875846863,1.0
1779438688.1993423,70,-0.24620601534843445,-0.14929591119289398,0.31321221590042114,0.18627800047397614,0.3564482629299164,0.019843442365527153,1.0
1779438688.2299435,70,-0.07147543877363205,-0.05884312093257904,0.06797118484973907,0.056752245873212814,0.10713754594326019,0.003024101024493575,1.0
1779438688.2617111,70,-0.16231580078601837,-0.1376909464597702,0.11094260960817337,0.10332511365413666,0.23093847930431366,0.004438790958374739,1.0
1779438688.2950084,67,-0.5824468731880188,-0.3097884953022003,0.7112221121788025,0.5087091326713562,0.8648284077644348,0.07592705637216568,0.9571428571428572
1779438688.340404,67,-0.1091306284070015,-0.13897135853767395,0.13162937760353088,0.11892110109329224,0.21079647541046143,0.004990062210708857,1.0
1779438688.3739562,67,-0.1178358867764473,-0.2580418288707733,0.1841224879026413,0.20080693066120148,0.35483047366142273,0.016054917126893997,1.0
1779438688.407503,67,0.0169468205422163,-0.29362761974334717,0.6559778451919556,0.49405601620674133,0.6688451766967773,0.07973822206258774,1.0
1779438688.4369388,67,0.06474440544843674,-0.22803735733032227,0.6219214200973511,0.4227132499217987,0.6123046875,0.06383237987756729,1.0
1779438688.4698944,67,0.022719653323292732,-0.12630268931388855,0.4125237464904785,0.3911513388156891,0.48730188608169556,0.03817634657025337,1.0
1779438688.5017886,67,-0.037307512015104294,-0.06141024827957153,0.1314421147108078,0.1264813095331192,0.168737530708313,0.007608415558934212,1.0
1779438688.5337117,67,-0.08809877932071686,-0.04772630333900452,0.09502430260181427,0.09168907254934311,0.14401553571224213,0.005384401418268681,1.0
1779438688.5657942,67,-0.10660290718078613,-0.0326765812933445,0.21951459348201752,0.2130068689584732,0.26441481709480286,0.014096640981733799,1.0
1779438688.5969338,67,-0.05078740045428276,0.0060732257552444935,0.10113499313592911,0.07902047038078308,0.09056474268436432,0.0026228479109704494,1.0
1779438688.630378,67,-0.043124981224536896,0.050857771188020706,0.08272592723369598,0.058544058352708817,0.10374350100755692,0.002197881694883108,1.0
1779438688.6630375,67,-0.003606312209740281,0.08790269494056702,0.07684959471225739,0.04780298471450806,0.11519265174865723,0.0015783951384946704,1.0
1779438688.6932592,67,0.05653700232505798,0.16446582973003387,0.11164385080337524,0.0724102035164833,0.1997644156217575,0.002015188569203019,1.0
1779438688.7408278,67,0.16169078648090363,0.2771219313144684,0.18813937902450562,0.157733753323555,0.34825295209884644,0.006353629287332296,1.0
1779438688.7717838,67,0.0780753493309021,0.20417512953281403,0.10544951260089874,0.10784536600112915,0.23711051046848297,0.00321716396138072,1.0
1779438688.806358,67,0.07014533877372742,0.21402843296527863,0.07337002456188202,0.09791263192892075,0.23636378347873688,0.0026622030418366194,1.0
1779438688.8368738,67,0.0772821232676506,0.33046960830688477,0.234800785779953,0.29175233840942383,0.3724772036075592,0.01246352307498455,1.0
1779438688.8686402,64,0.12534761428833008,0.25430727005004883,0.42345452308654785,0.2579602897167206,0.3342300057411194,0.01679401472210884,0.9552238805970149
1779438688.9020636,64,0.0302278995513916,0.2515885829925537,0.1785021275281906,0.3953465223312378,0.2772090435028076,0.010167648084461689,1.0
1779438688.9327927,64,-0.02600836753845215,0.18084192276000977,0.11456584185361862,0.1138259693980217,0.21483680605888367,0.005409039091318846,1.0
1779438688.966159,64,-0.06533479690551758,0.17067408561706543,0.0755605399608612,0.0797538012266159,0.19769446551799774,0.0025844480842351913,1.0
1779438688.997672,64,-0.09529590606689453,0.17624783515930176,0.07498326897621155,0.09500893205404282,0.21451592445373535,0.0022475356236100197,1.0
1779438689.0308125,64,-0.0802912712097168,0.21167850494384766,0.08622748404741287,0.10837499797344208,0.24295775592327118,0.004115450661629438,1.0
1779438689.0626707,64,-0.015047788619995117,0.17676925659179688,0.09081877768039703,0.09227672964334488,0.20178452134132385,0.002634219126775861,1.0
1779438689.0938928,64,-0.025544404983520508,0.22841596603393555,0.05991606041789055,0.109383225440979,0.24023690819740295,0.0022574542090296745,1.0
1779438689.1419294,64,0.04033088684082031,0.2433786392211914,0.12798768281936646,0.13615065813064575,0.2738143801689148,0.0032131336629390717,1.0
1779438689.1730044,64,0.0208127498626709,0.1756882667541504,0.11930548399686813,0.10072251409292221,0.21538150310516357,0.005536762531846762,1.0
1779438689.2037578,64,0.030247211456298828,0.1250166893005371,0.14071571826934814,0.2952447235584259,0.25396794080734253,0.006378652062267065,1.0
1779438689.2375653,64,0.01411890983581543,0.07575440406799316,0.0946749895811081,0.188981831073761,0.1727246791124344,0.008413128554821014,1.0
1779438689.2696345,64,-0.05485939979553223,0.05051827430725098,0.32525375485420227,0.16062402725219727,0.15622985363006592,0.008459167554974556,1.0
1779438689.3027883,64,-0.01660919189453125,-0.009410619735717773,0.11370781809091568,0.13930505514144897,0.07591558992862701,0.007204112596809864,1.0
1779438689.3329318,64,0.019270896911621094,-0.03058934211730957,0.07760679721832275,0.1031595766544342,0.08272452652454376,0.0026229796931147575,1.0
1779438689.3656907,64,0.03213691711425781,-0.10344910621643066,0.05629315227270126,0.08128274977207184,0.12219715118408203,0.0017459989758208394,1.0
1779438689.3957865,64,0.05167722702026367,-0.1814136505126953,0.0443892739713192,0.09954509139060974,0.19803574681282043,0.0029031457379460335,1.0
1779438689.429852,64,0.09843826293945312,-0.22809052467346191,0.06377531588077545,0.14278870820999146,0.26205891370773315,0.0038376497104763985,1.0
1779438689.4623766,64,0.07811832427978516,-0.1630082130432129,0.04758588224649429,0.10122296959161758,0.1914977729320526,0.003162826644256711,1.0
1779438689.494243,64,0.06979513168334961,-0.11352133750915527,0.05222051590681076,0.06684994697570801,0.14959193766117096,0.0021412477362900972,1.0
1779438689.541307,64,0.06008100509643555,-0.07494497299194336,0.06114336475729942,0.07470029592514038,0.1168055310845375,0.0019477460300549865,1.0
1779438689.5732348,64,0.027139902114868164,-0.021947622299194336,0.08557029813528061,0.056048683822155,0.08135183155536652,0.0015059718862175941,1.0
1779438689.6048174,64,0.04600811004638672,0.008224964141845703,0.06767687946557999,0.0712883323431015,0.08861064910888672,0.001822931575588882,1.0
1779438689.6368532,64,0.1262807846069336,0.07257246971130371,0.1080571711063385,0.11237628757953644,0.1740146279335022,0.00429118238389492,1.0
1779438689.6702504,64,0.10314059257507324,0.08534979820251465,0.06999023258686066,0.06634547561407089,0.14914458990097046,0.0029789279215037823,1.0
1779438689.703411,64,0.10924673080444336,0.10297250747680664,0.06153058260679245,0.07921324670314789,0.162802591919899,0.0020681642927229404,1.0
1779438689.7348614,64,0.17601490020751953,0.11102008819580078,0.10985437780618668,0.10610385984182358,0.2309405356645584,0.006680265534669161,1.0
1779438689.7666938,64,0.1857011318206787,0.09343433380126953,0.08807562291622162,0.08537309616804123,0.22662517428398132,0.0031865648925304413,1.0
1779438689.7971861,64,0.21840810775756836,0.08530282974243164,0.08641845732927322,0.06604470312595367,0.2444605678319931,0.0028936194721609354,1.0
1779438689.8295808,64,0.29749178886413574,0.05562162399291992,0.16898591816425323,0.08926770836114883,0.3164116144180298,0.007139732129871845,1.0
1779438689.8613677,64,0.3289055824279785,0.022743940353393555,0.12211397290229797,0.08832442760467529,0.34149137139320374,0.004395144060254097,1.0
1779438689.8935845,64,0.27004027366638184,-0.005161762237548828,0.08517717570066452,0.08112367987632751,0.28308987617492676,0.0030958543065935373,1.0
1779438689.9271727,64,0.3478574752807617,0.020000457763671875,0.16792671382427216,0.0865502879023552,0.3605582118034363,0.004519417881965637,1.0
1779438689.9714265,64,0.27713656425476074,0.08422517776489258,0.09340451657772064,0.0652015209197998,0.2977276146411896,0.003909009508788586,1.0
1779438690.0048113,64,0.31649255752563477,0.14973855018615723,0.11076484620571136,0.09467935562133789,0.356420636177063,0.0035054911859333515,1.0
1779438690.0382783,64,0.2750835418701172,0.1410360336303711,0.13721469044685364,0.09682945162057877,0.31854867935180664,0.00429850909858942,1.0
1779438690.0699131,64,0.17281436920166016,0.12079000473022461,0.070618636906147,0.08340321481227875,0.2199268937110901,0.0033547161146998405,1.0
1779438690.1026168,64,0.13214564323425293,0.1370692253112793,0.08805674314498901,0.11797437816858292,0.20247092843055725,0.0044661094434559345,1.0
1779438690.133753,64,0.06827068328857422,0.053826093673706055,0.055484868586063385,0.05448390170931816,0.10489147901535034,0.002250436693429947,1.0
1779438690.1675797,64,0.031232357025146484,0.029853343963623047,0.049620434641838074,0.05546001344919205,0.07417930662631989,0.0016894973814487457,1.0
1779438690.1979296,64,-0.009560823440551758,0.14506864547729492,0.14642783999443054,0.21917624771595,0.18553809821605682,0.005508468486368656,1.0
1779438690.2296057,64,-0.03312206268310547,0.12641692161560059,0.11475104093551636,0.22847560048103333,0.18173396587371826,0.0057893479242920876,1.0
1779438690.2618945,64,-0.04025530815124512,0.002016305923461914,0.0719219297170639,0.0403842069208622,0.06744734942913055,0.0028227120637893677,1.0
1779438690.2927,64,-0.07207870483398438,-0.11045718193054199,0.21034103631973267,0.25034019351005554,0.21884630620479584,0.011783745139837265,1.0
1779438690.3269203,64,-0.06222891807556152,-0.23469758033752441,0.3894210457801819,0.4239431619644165,0.3855976164340973,0.017537018284201622,1.0
1779438690.3746755,64,-0.08157944679260254,-0.20427393913269043,0.23086687922477722,0.3202994167804718,0.30493131279945374,0.01086398959159851,1.0
1779438690.40514,64,-0.0973663330078125,-0.08121895790100098,0.12472173571586609,0.19427932798862457,0.1906459629535675,0.005729527212679386,1.0
1779438690.437323,64,-0.0677497386932373,-0.03422045707702637,0.11612803488969803,0.12259437888860703,0.1483500897884369,0.004256132058799267,1.0
1779438690.4694676,64,-0.08826041221618652,-0.022816181182861328,0.09105290472507477,0.0581030510365963,0.11050606518983841,0.004003320820629597,1.0
1779438690.5014102,64,-0.05498099327087402,-0.00837850570678711,0.04645317420363426,0.036147553473711014,0.06841784715652466,0.0014188484055921435,1.0
1779438690.5347044,64,-0.029722213745117188,0.003117799758911133,0.06046314164996147,0.057859331369400024,0.07497675716876984,0.002241273410618305,1.0
1779438690.565908,64,-0.03002476692199707,0.027199745178222656,0.0690704807639122,0.05451274663209915,0.08497187495231628,0.0020619432907551527,1.0
1779438690.599352,64,-0.03434467315673828,0.030163288116455078,0.05343259125947952,0.04253226891160011,0.07103580236434937,0.0014789565466344357,1.0
1779438690.630067,64,-0.04226541519165039,0.0813896656036377,0.07742716372013092,0.07355614006519318,0.12176806479692459,0.0025480911135673523,1.0
1779438690.6618168,64,-0.027068138122558594,0.051877737045288086,0.04745538905262947,0.04220724105834961,0.0780046209692955,0.001638427609577775,1.0
1779438690.6937358,64,-0.03425765037536621,0.05219578742980957,0.05131339654326439,0.04704149439930916,0.08468107879161835,0.0019237188389524817,1.0
1779438690.7230322,64,-0.0017540454864501953,0.09343743324279785,0.08569809049367905,0.0704985037446022,0.12740032374858856,0.0021934895776212215,1.0
1779438690.7722588,64,0.024878501892089844,0.07166719436645508,0.06685464829206467,0.046406734734773636,0.09274331480264664,0.002142576267942786,1.0
1779438690.8063767,64,0.025043487548828125,0.0854177474975586,0.04556586965918541,0.06199469044804573,0.09838184714317322,0.001540266559459269,1.0
1779438690.838205,64,0.05451560020446777,0.09939742088317871,0.09050404280424118,0.06381457298994064,0.130490243434906,0.0030681826174259186,1.0
1779438690.8698854,64,-0.005004167556762695,0.16348910331726074,0.08043541759252548,0.0932350754737854,0.17992694675922394,0.002865916583687067,1.0
1779438690.9022362,64,-0.13727045059204102,0.21794939041137695,0.12709757685661316,0.1033785343170166,0.2773953080177307,0.0037845917977392673,1.0
1779438690.933595,64,-0.15108990669250488,0.17680048942565918,0.16298292577266693,0.09411230683326721,0.27178674936294556,0.00469239242374897,1.0
1779438690.9660056,64,-0.19060826301574707,0.15337634086608887,0.14209644496440887,0.08939602226018906,0.2697547376155853,0.0052025699988007545,1.0
1779438690.9976065,64,-0.17914581298828125,0.07218170166015625,0.11096830666065216,0.07342007011175156,0.21327480673789978,0.0036992281675338745,1.0
1779438691.0308194,64,-0.22306442260742188,0.03888559341430664,0.17079989612102509,0.10223545879125595,0.2590734362602234,0.007718443870544434,1.0
1779438691.0620039,64,-0.16295528411865234,-0.04965496063232422,0.13982635736465454,0.1116911917924881,0.19692429900169373,0.003513612085953355,1.0
1779438691.0918689,64,-0.2524254322052002,-0.23656892776489258,0.22657322883605957,0.3046615421772003,0.3749988079071045,0.008743919432163239,1.0
1779438691.1253521,64,-0.08500528335571289,-0.14887785911560059,0.10768432915210724,0.14687831699848175,0.2075560986995697,0.005585653707385063,1.0
1779438691.173927,64,-0.003335237503051758,-0.09102153778076172,0.07223889976739883,0.07741544395685196,0.11624283343553543,0.0032505886629223824,1.0
1779438691.2039864,64,0.03494691848754883,-0.07128262519836426,0.07328131794929504,0.07744250446557999,0.10261109471321106,0.0028819884173572063,1.0
1779438691.2378578,64,0.10336422920227051,-0.08293628692626953,0.14337058365345,0.09759991616010666,0.17017419636249542,0.00498155178502202,1.0
1779438691.2710288,64,0.06589245796203613,-0.04446053504943848,0.0673983246088028,0.0621526725590229,0.09758330881595612,0.0028722938150167465,1.0
1779438691.3007143,64,0.05962395668029785,-0.04427766799926758,0.054074618965387344,0.046866580843925476,0.08543699979782104,0.00176436104811728,1.0
1779438691.3337405,64,0.09108471870422363,-0.04475975036621094,0.06983117759227753,0.03933001682162285,0.11369449645280838,0.002523142145946622,1.0
1779438691.3640327,64,0.08393549919128418,-0.045221567153930664,0.05098676308989525,0.05975939333438873,0.1123121827840805,0.0028583896346390247,1.0
1779438691.397909,64,0.10523080825805664,-0.05007767677307129,0.04664047062397003,0.051009807735681534,0.1276387870311737,0.0022245696745812893,1.0
1779438691.4301403,64,0.13513636589050293,-0.05278944969177246,0.05464722961187363,0.050198763608932495,0.15255817770957947,0.001894438755698502,1.0
1779438691.4628146,64,0.13601040840148926,-0.026648998260498047,0.05447349697351456,0.06950908154249191,0.15510955452919006,0.002311216201633215,1.0
1779438691.4922085,64,0.16305804252624512,0.003116130828857422,0.06698586791753769,0.07521475851535797,0.17817305028438568,0.002250509336590767,1.0
1779438691.5255916,64,0.09342360496520996,0.004981517791748047,0.052515801042318344,0.04637402296066284,0.10705969482660294,0.0018915522377938032,1.0
1779438691.5741978,64,0.08388400077819824,0.009395122528076172,0.04719296470284462,0.04607827216386795,0.09704168140888214,0.001367280026897788,1.0
1779438691.6075702,64,0.07388067245483398,0.012003421783447266,0.03918718174099922,0.03551949933171272,0.08261574804782867,0.0015302320243790746,1.0
1779438691.6377485,64,0.04484915733337402,0.010207414627075195,0.03015066869556904,0.023463625460863113,0.054324664175510406,0.0012941899476572871,1.0
1779438691.6698787,64,0.03312039375305176,-0.0072727203369140625,0.03302329033613205,0.030713893473148346,0.051020316779613495,0.0012051756493747234,1.0
1779438691.7027462,64,0.03590726852416992,0.012631654739379883,0.09904947876930237,0.08877169340848923,0.06669086217880249,0.002490400103852153,1.0
1779438691.7338257,64,0.029389142990112305,0.03394937515258789,0.15634654462337494,0.17073450982570648,0.08281957358121872,0.011674754321575165,1.0
1779438691.7655709,64,0.06930851936340332,0.0035576820373535156,0.43139544129371643,0.19291068613529205,0.14145338535308838,0.04480568319559097,1.0
1779438691.7975023,64,-0.02745199203491211,0.049021005630493164,0.11326106637716293,0.1904466599225998,0.10427074879407883,0.010349426418542862,1.0
1779438691.8303752,64,-0.06334447860717773,0.031469106674194336,0.08122717589139938,0.07487586885690689,0.09235572814941406,0.002694366965442896,1.0
1779438691.8614466,64,-0.12573862075805664,0.02258157730102539,0.06874846667051315,0.040113724768161774,0.13367412984371185,0.001501016435213387,1.0
1779438691.8939722,64,-0.14413714408874512,0.02626800537109375,0.0718272477388382,0.04800300672650337,0.15521925687789917,0.002169750863686204,1.0
1779438691.9420035,64,-0.1468667984008789,0.03397250175476074,0.07573994249105453,0.04760885611176491,0.15924173593521118,0.002236331347376108,1.0
1779438691.9740489,64,-0.13030672073364258,0.029803037643432617,0.07022478431463242,0.040364474058151245,0.14247076213359833,0.002368129789829254,1.0
1779438692.0039415,64,-0.15963506698608398,0.016607284545898438,0.08429006487131119,0.04103359952569008,0.16717669367790222,0.0021618276368826628,1.0
1779438692.0379777,64,-0.1922893524169922,0.011515378952026367,0.10859528928995132,0.054076749831438065,0.2043897807598114,0.00297607877291739,1.0
1779438692.069398,64,-0.17212533950805664,-0.04335975646972656,0.09230136126279831,0.056191712617874146,0.18467648327350616,0.002455622423440218,1.0
1779438692.0895941,64,0.0,0.0,0.0,0.0,0.0,0.0,1.0
1779438692.1067593,64,-0.16676688194274902,-0.06371450424194336,0.10606026649475098,0.06314659118652344,0.18495893478393555,0.002376800635829568,1.0
1779438692.133667,64,-0.24955487251281738,-0.13344025611877441,0.14939913153648376,0.08997131139039993,0.28928104043006897,0.004002699628472328,1.0
1779438692.2120063,64,-0.3727409839630127,-0.305255651473999,0.22402356564998627,0.20177148282527924,0.500694215297699,0.006351370830088854,1.0
1779438692.2453253,64,-0.14290189743041992,-0.1157236099243164,0.1257306933403015,0.19121815264225006,0.2108858823776245,0.005991542711853981,1.0
1779438692.277787,64,-0.09923672676086426,-0.1115412712097168,0.09427982568740845,0.14394448697566986,0.1785663664340973,0.0055223796516656876,1.0
1779438692.309888,64,-0.1242070198059082,-0.11534976959228516,0.1507006734609604,0.15843640267848969,0.18499401211738586,0.01586327888071537,1.0
1779438692.3427825,64,-0.1235346794128418,-0.09887027740478516,0.27230989933013916,0.13937731087207794,0.17146003246307373,0.016274631023406982,1.0
1779438692.3743045,64,-0.08504748344421387,-0.09201741218566895,0.14726707339286804,0.12677545845508575,0.13357093930244446,0.00962034147232771,1.0
1779438692.406369,64,-0.08535432815551758,-0.08273839950561523,0.09833047538995743,0.10473286360502243,0.12931127846240997,0.004781935829669237,1.0
1779438692.4387546,64,-0.05390810966491699,-0.049051523208618164,0.054127033799886703,0.07227049767971039,0.08625289052724838,0.0022751973010599613,1.0
1779438692.469606,64,-0.04793715476989746,-0.04597663879394531,0.0409344881772995,0.043306391686201096,0.070819191634655,0.001243937760591507,1.0
1779438692.490798,64,0.0,0.0,0.0,0.0,0.0,0.0,1.0
1779438692.513762,64,-0.026179790496826172,-0.049401283264160156,0.02803657203912735,0.044177476316690445,0.0621381476521492,0.001210218877531588,1.0
1779438692.5337825,64,-0.022011756896972656,-0.03731846809387207,0.030301054939627647,0.035788387060165405,0.05643738806247711,0.001044324366375804,1.0
1779438692.6133075,64,-0.03891873359680176,-0.02655625343322754,0.04063866659998894,0.03513564541935921,0.05977669730782509,0.0019114809110760689,1.0
1779438692.6454494,64,0.00751805305480957,0.014980554580688477,0.026711145415902138,0.025700846686959267,0.03330852836370468,0.0012019156711176038,1.0
1779438692.6778638,64,0.03078937530517578,0.032801151275634766,0.03398064151406288,0.035260435193777084,0.05571942403912544,0.001540631870739162,1.0
1779438692.7099843,64,0.03883528709411621,0.03786611557006836,0.035919494926929474,0.034586820751428604,0.06242486089468002,0.0012947408249601722,1.0
1779438692.7414453,64,0.05184578895568848,0.023608684539794922,0.027925709262490273,0.03129645437002182,0.06335541605949402,0.001307829050347209,1.0
1779438692.7743864,64,0.07503962516784668,0.021402835845947266,0.03626801818609238,0.031554702669382095,0.08365637809038162,0.0011139902053400874,1.0
1779438692.805373,64,0.07614684104919434,-0.0034210681915283203,0.04505302011966705,0.028314359486103058,0.08222810178995132,0.0010818066075444221,1.0
1779438692.8386405,64,0.09601759910583496,-0.03699922561645508,0.033835675567388535,0.03160781413316727,0.10724982619285583,0.001550103072077036,1.0
1779438692.8709905,64,0.06739997863769531,-0.025627851486206055,0.03738220036029816,0.025181492790579796,0.07658983767032623,0.001344786025583744,1.0
1779438692.893472,64,0.0,0.0,0.0,0.0,0.0,0.0,1.0
1779438692.9152966,64,0.0810694694519043,-0.025395870208740234,0.039510924369096756,0.020216992124915123,0.08861330151557922,0.0013650800101459026,1.0
1779438692.9336853,64,0.052663326263427734,-0.02115607261657715,0.041456256061792374,0.02721882052719593,0.06722088158130646,0.0014167153276503086,1.0
1779438693.0147495,64,0.08006548881530762,-0.018596172332763672,0.04715526103973389,0.02742229960858822,0.08932168781757355,0.00163917220197618,1.0
1779438693.046787,64,0.03646063804626465,-0.012731790542602539,0.03262367099523544,0.023493438959121704,0.046879641711711884,0.0015741823008283973,1.0
1779438693.0774486,64,0.03153729438781738,-0.010314464569091797,0.026213889941573143,0.016829736530780792,0.04020427167415619,0.0008566754986532032,1.0
1779438693.1096644,64,0.03163647651672363,-0.005857706069946289,0.02473071590065956,0.021892305463552475,0.041300661861896515,0.0014559515984728932,1.0
1779438693.141863,64,0.02422165870666504,-0.020190000534057617,0.03361668065190315,0.026823539286851883,0.0449632927775383,0.001052049221470952,1.0
1779438693.1748166,64,0.027683496475219727,-0.018274545669555664,0.04006732255220413,0.027413614094257355,0.052358053624629974,0.0016472323331981897,1.0
1779438693.1970568,64,0.0,0.0,0.0,0.0,0.0,0.0,1.0
1779438693.2203994,64,0.04074406623840332,-0.004827737808227539,0.03397531434893608,0.020199036225676537,0.04832243546843529,0.001238813390955329,1.0
1779438693.2537346,64,0.03638434410095215,-0.00380706787109375,0.027639346197247505,0.028916751965880394,0.04804660752415657,0.0008784027886576951,1.0
1779438693.2854917,64,0.04966092109680176,0.006695985794067383,0.03640800714492798,0.02853027917444706,0.05944070219993591,0.0014571120264008641,1.0
1779438693.3164468,64,0.05378293991088867,0.0016980171203613281,0.041634608060121536,0.019805002957582474,0.059846147894859314,0.00122547778300941,1.0
1779438693.3495615,64,0.047567129135131836,-0.0003333091735839844,0.04198971390724182,0.03313146531581879,0.06476094573736191,0.001389085315167904,1.0
1779438693.382446,64,0.04735898971557617,0.010797977447509766,0.034220535308122635,0.028823336586356163,0.059985652565956116,0.0009221284417435527,1.0
1779438693.4296014,64,0.04479265213012695,0.012549161911010742,0.04233385622501373,0.03886884078383446,0.0603894367814064,0.0014371168799698353,1.0
1779438693.4612334,64,0.027808189392089844,0.0309450626373291,0.03482026234269142,0.03795445337891579,0.05891164392232895,0.001518926816061139,1.0
1779438693.4946315,64,0.010569095611572266,0.030298948287963867,0.03948279470205307,0.03941139206290245,0.05627366155385971,0.0012289881706237793,1.0
1779438693.5263646,64,-0.01477360725402832,0.0180206298828125,0.047304924577474594,0.040793150663375854,0.05897047370672226,0.0017276982543990016,1.0
1779438693.5564523,64,-0.028130769729614258,-0.004960536956787109,0.04600149765610695,0.02784256637096405,0.04827224463224411,0.0012319512898102403,1.0
1779438693.6069772,64,-0.03481483459472656,-0.0288999080657959,0.04349280893802643,0.02787703461945057,0.05701654776930809,0.001059735077433288,1.0
1779438693.6374295,64,-0.02649855613708496,-0.08144402503967285,0.038399141281843185,0.058388736099004745,0.09374944865703583,0.001646714867092669,1.0
1779438693.667985,64,-0.011025428771972656,-0.1010589599609375,0.02961864322423935,0.05336983874440193,0.10700184106826782,0.001872511114925146,1.0
1779438693.7014873,64,-0.011676311492919922,-0.10452008247375488,0.036544863134622574,0.06989272683858871,0.11216891556978226,0.002609395422041416,1.0
1779438693.7336206,64,-0.020239830017089844,-0.05968451499938965,0.033996134996414185,0.05631091445684433,0.07417522370815277,0.0013776161940768361,1.0
1779438693.7549493,64,0.0,0.0,0.0,0.0,0.0,0.0,1.0
1779438693.8152673,64,-0.007500171661376953,-0.01786327362060547,0.027568737044930458,0.03980622440576553,0.0452733151614666,0.001320714596658945,1.0
1779438693.846119,64,0.013904094696044922,0.03142881393432617,0.02552776411175728,0.03532087430357933,0.04513266310095787,0.001073678839020431,1.0
1779438693.8777957,64,0.05220937728881836,0.04817914962768555,0.04115770757198334,0.03135060891509056,0.07634584605693817,0.0013772058300673962,1.0
1779438693.9077604,64,0.07262301445007324,0.06392073631286621,0.04589725658297539,0.03484882414340973,0.10344238579273224,0.0018212716095149517,1.0
1779438693.9418788,64,0.0990142822265625,0.04243636131286621,0.04303804412484169,0.030781257897615433,0.11148202419281006,0.0019343594321981072,1.0
1779438693.973893,64,0.12476754188537598,0.029511213302612305,0.055814869701862335,0.03833209350705147,0.13455398380756378,0.0023608203046023846,1.0
1779438694.0039418,64,0.16358709335327148,0.011399030685424805,0.07913770526647568,0.034871816635131836,0.16903841495513916,0.002262899186462164,1.0
1779438694.0373433,64,0.18589043617248535,-0.0028786659240722656,0.08920744806528091,0.041527435183525085,0.19094905257225037,0.002189094666391611,1.0
1779438694.0594075,64,0.0,0.0,0.0,0.0,0.0,0.0,1.0
1779438694.083222,64,0.11274099349975586,-0.012571334838867188,0.06025591492652893,0.05149400234222412,0.12451203167438507,0.0021295081824064255,1.0
1779438694.1028388,64,0.1367661952972412,-0.02879619598388672,0.07598412036895752,0.06306195259094238,0.15360355377197266,0.001809171517379582,1.0
1779438694.1338007,64,0.0850071907043457,0.003309965133666992,0.04565727710723877,0.06399139016866684,0.10537397861480713,0.002285183407366276,1.0
1779438694.2149363,64,0.05994296073913574,0.02496337890625,0.06412474811077118,0.05780643969774246,0.08946207165718079,0.002596301259472966,1.0
1779438694.2462378,64,0.014632225036621094,0.040901899337768555,0.04364572837948799,0.030029380694031715,0.05800708010792732,0.0014259065501391888,1.0
1779438694.2779171,64,0.018558740615844727,0.03363966941833496,0.037562157958745956,0.030308833345770836,0.053267814218997955,0.000977679155766964,1.0
1779438694.3106267,64,0.031036376953125,0.04128146171569824,0.037615299224853516,0.036746665835380554,0.06775829195976257,0.0012714166659861803,1.0
1779438694.3422394,64,0.045905351638793945,0.04128217697143555,0.03857714310288429,0.04820004478096962,0.0810239240527153,0.001370289595797658,1.0
1779438694.3753529,64,0.05985116958618164,0.028742074966430664,0.0468812994658947,0.03613068908452988,0.0784173458814621,0.0011706161312758923,1.0
1779438694.4066184,64,0.036040306091308594,0.004228115081787109,0.034160129725933075,0.04363672062754631,0.0582200363278389,0.0019445315701887012,1.0
1779438694.4386969,64,0.03692126274108887,0.00558924674987793,0.033292658627033234,0.02990814484655857,0.05257135629653931,0.0008885290590114892,1.0
1779438694.4620547,64,0.0,0.0,0.0,0.0,0.0,0.0,1.0
1779438694.486829,64,0.023169755935668945,0.010824441909790039,0.029772859066724777,0.02595704048871994,0.042076531797647476,0.0013337578857317567,1.0
1779438694.5043435,64,0.006285905838012695,0.021956920623779297,0.035979803651571274,0.03137318044900894,0.046373967081308365,0.000851223710924387,1.0
1779438694.5314603,64,-0.0030336380004882812,0.02561211585998535,0.03912695124745369,0.04297561198472977,0.05488903820514679,0.001401230925694108,1.0
1779438694.6143785,64,-0.008531332015991211,0.0862729549407959,0.04486346244812012,0.04605136066675186,0.0997692346572876,0.001545251114293933,1.0
1779438694.6465387,64,-0.030066490173339844,0.04964041709899902,0.02684035152196884,0.04606477916240692,0.07434424757957458,0.0019235496874898672,1.0
1779438694.6764045,64,-0.051682472229003906,0.04631471633911133,0.03194238990545273,0.031828392297029495,0.07750942558050156,0.001221969025209546,1.0
1779438694.7103603,64,-0.06332874298095703,0.03899049758911133,0.03701440244913101,0.02770981192588806,0.07838709652423859,0.001641813199967146,1.0
1779438694.7429276,64,-0.0943448543548584,0.02796459197998047,0.03816455230116844,0.04025300219655037,0.10564713180065155,0.0016255149384960532,1.0
1779438694.7744143,64,-0.09687280654907227,0.032974958419799805,0.049925487488508224,0.02994326688349247,0.10697520524263382,0.0013428919482976198,1.0
1779438694.8069158,64,-0.08961367607116699,0.048859357833862305,0.04559607803821564,0.026274770498275757,0.10602203011512756,0.0014756348682567477,1.0
1779438694.837189,64,-0.0714876651763916,0.0593869686126709,0.04532310739159584,0.040941398590803146,0.10409174859523773,0.001734499353915453,1.0
1779438694.8558812,64,0.0,0.0,0.0,0.0,0.0,0.0,1.0
1779438694.8724043,64,-0.07894229888916016,0.07757759094238281,0.04411012679338455,0.03692690655589104,0.1173519492149353,0.0015718884533271194,1.0
1779438694.901522,64,-0.057082414627075195,0.08885908126831055,0.04623839259147644,0.041607026010751724,0.11267131567001343,0.0018863698933273554,1.0
1779438694.934266,64,-0.012262105941772461,0.08974456787109375,0.04534699022769928,0.04986732453107834,0.10175250470638275,0.0020972336642444134,1.0
1779438695.013269,64,0.12135457992553711,0.18654322624206543,0.07863263040781021,0.09204316884279251,0.2298406958580017,0.0023319374304264784,1.0
1779438695.0447273,64,0.16042447090148926,0.09243059158325195,0.14138031005859375,0.054763805121183395,0.19352054595947266,0.0032907743006944656,1.0
1779438695.0780056,64,0.21690869331359863,0.11844110488891602,0.17513559758663177,0.10441362857818604,0.25698113441467285,0.005147156771272421,1.0
1779438695.1099722,64,0.1510448455810547,0.11722731590270996,0.07937990874052048,0.08118303120136261,0.20114585757255554,0.0025241156108677387,1.0
1779438695.146934,64,0.1512608528137207,0.1341407299041748,0.0699244812130928,0.07632672041654587,0.21114256978034973,0.003119507571682334,1.0
1779438695.1789894,64,0.1508316993713379,0.14121150970458984,0.0741853266954422,0.0937918946146965,0.2160653918981552,0.003307070815935731,1.0
1779438695.206995,64,0.15030193328857422,0.14647221565246582,0.10867450386285782,0.14453929662704468,0.2243877351284027,0.004778104834258556,1.0
1779438695.2392695,64,0.29973697662353516,0.17011141777038574,0.6323922872543335,0.29008495807647705,0.3714647889137268,0.03659430146217346,1.0
1779438695.256525,64,0.0,0.0,0.0,0.0,0.0,0.0,1.0
1779438695.27387,64,0.18569707870483398,0.15729117393493652,0.2613999843597412,0.44024863839149475,0.27469080686569214,0.013628997839987278,1.0
1779438695.3030324,64,0.14190125465393066,0.04414176940917969,0.07939324527978897,0.09152130782604218,0.1729430854320526,0.0038169892504811287,1.0
1779438695.3341353,64,0.1270589828491211,0.0013320446014404297,0.07122676074504852,0.043402086943387985,0.13537456095218658,0.0023975290823727846,1.0
1779438695.4141858,64,0.21084308624267578,-0.029836177825927734,0.07680108398199081,0.04410703107714653,0.21805037558078766,0.0025835551787167788,1.0
1779438695.4449024,64,0.050318241119384766,-0.02805948257446289,0.04041081294417381,0.03436548262834549,0.0695975199341774,0.0014680528547614813,1.0
1779438695.4780629,64,0.04255270957946777,-0.03643059730529785,0.06513155996799469,0.12182636559009552,0.08432149142026901,0.00595668563619256,1.0
1779438695.510008,64,0.02510547637939453,-0.04923391342163086,0.1354176253080368,0.23310180008411407,0.10703499615192413,0.0032281179446727037,1.0
1779438695.5422285,64,-0.020048141479492188,-0.05158495903015137,0.13480469584465027,0.21382620930671692,0.08528792858123779,0.005387714132666588,1.0
1779438695.5738776,64,-0.06587958335876465,-0.07460737228393555,0.2742760479450226,0.25827261805534363,0.13170860707759857,0.016590595245361328,1.0
1779438695.6065884,64,-0.062334537506103516,-0.04362130165100098,0.22333011031150818,0.16367991268634796,0.10416242480278015,0.005528216250240803,1.0
1779438695.6370037,64,-0.0672311782836914,-0.03556060791015625,0.09915852546691895,0.08595405519008636,0.0854799821972847,0.00218672095797956,1.0
1779438695.6565318,64,0.0,0.0,0.0,0.0,0.0,0.0,1.0
1779438695.6735911,64,-0.07238388061523438,-0.014063119888305664,0.04231937229633331,0.039177991449832916,0.08280187845230103,0.0019418355077505112,1.0
1779438695.7010608,64,-0.07674503326416016,0.004645347595214844,0.041725851595401764,0.03609443083405495,0.08855640143156052,0.00182470737490803,1.0
1779438695.7346573,64,-0.08877730369567871,0.012024641036987305,0.05083295702934265,0.02673362009227276,0.09509991109371185,0.001530535751953721,1.0
1779438695.812488,64,-0.13570547103881836,0.03228044509887695,0.07517117261886597,0.08193938434123993,0.15919357538223267,0.00326025253161788,1.0
1779438695.8467958,64,-0.027077436447143555,0.03369331359863281,0.03153032436966896,0.025059722363948822,0.054149772971868515,0.0009418462286703289,1.0
1779438695.877893,64,-0.02908635139465332,0.02088189125061035,0.024847684428095818,0.03225124254822731,0.047881029546260834,0.0012026256881654263,1.0
1779438695.9097354,64,0.0018260478973388672,0.013846397399902344,0.01975066587328911,0.024321969598531723,0.029200352728366852,0.0010671219788491726,1.0
1779438695.9422245,64,0.018558979034423828,0.009027242660522461,0.02119327150285244,0.030085166916251183,0.0353853739798069,0.0014786352403461933,1.0
1779438695.9785519,64,0.03773021697998047,0.0004546642303466797,0.028170131146907806,0.023885810747742653,0.04508834332227707,0.0013175734784454107,1.0
1779438696.0067382,64,0.046746253967285156,0.0049896240234375,0.02659556083381176,0.02192687802016735,0.05349612236022949,0.0010889271507039666,1.0
1779438696.036662,64,0.061643362045288086,0.02377772331237793,0.038530465215444565,0.022910725325345993,0.07250545173883438,0.0011958132963627577,1.0
1779438696.0599978,64,0.0,0.0,0.0,0.0,0.0,0.0,1.0
1779438696.0800436,64,0.09917926788330078,0.0593724250793457,0.04760729521512985,0.043631087988615036,0.12339998781681061,0.0014567418256774545,1.0
1779438696.1030807,64,0.08801460266113281,0.07541179656982422,0.051592256873846054,0.04816387966275215,0.12275786697864532,0.0019953586161136627,1.0
1779438696.1336966,64,0.11171650886535645,0.09927153587341309,0.05116574838757515,0.05853616073727608,0.158781498670578,0.0018933420069515705,1.0
1779438696.2188575,64,0.28521156311035156,0.11815643310546875,0.136680468916893,0.11772900819778442,0.3323041796684265,0.006179630756378174,1.0
1779438696.2450194,64,0.12729930877685547,0.045058250427246094,0.05225135758519173,0.051713936030864716,0.14440123736858368,0.002286401344463229,1.0
1779438696.277973,64,0.10664081573486328,0.033329010009765625,0.05349133163690567,0.050453536212444305,0.12041039019823074,0.0016183676198124886,1.0
1779438696.3102155,64,0.08522176742553711,0.025861263275146484,0.049878720194101334,0.03690934553742409,0.09545504301786423,0.0017059945967048407,1.0
1779438696.341495,64,0.05681943893432617,0.018472909927368164,0.04113057628273964,0.0463249497115612,0.07413884252309799,0.0011491640470921993,1.0
1779438696.3752391,64,0.032541751861572266,0.009646892547607422,0.03535347431898117,0.0381956547498703,0.052506063133478165,0.00155396678019315,1.0
1779438696.405604,64,0.0014302730560302734,0.002827882766723633,0.01944090984761715,0.01877805031836033,0.022972825914621353,0.0008465672144666314,1.0
1779438696.4387093,64,-0.032438039779663086,-0.020799875259399414,0.03537028282880783,0.023060139268636703,0.047414664179086685,0.0010723534505814314,1.0
1779438696.4627073,64,0.0,0.0,0.0,0.0,0.0,0.0,1.0
1779438696.4794643,64,-0.0622251033782959,-0.009756088256835938,0.045574214309453964,0.02820117585361004,0.07114502042531967,0.001375657506287098,1.0
1779438696.5011568,64,-0.08465790748596191,-0.014975309371948242,0.04033239185810089,0.03405269607901573,0.09397337585687637,0.0014038101071491838,1.0
1779438696.5328038,64,-0.09801816940307617,-0.0073015689849853516,0.04747510328888893,0.027434788644313812,0.10255886614322662,0.0013722084695473313,1.0
1779438696.6169388,64,-0.17379236221313477,-0.05785322189331055,0.08441302180290222,0.07976236194372177,0.198576420545578,0.0017747078090906143,1.0
1779438696.646016,64,-0.08698630332946777,-0.03127741813659668,0.036431606858968735,0.037607889622449875,0.09949962794780731,0.0016341404989361763,1.0
1779438696.6782126,64,-0.06847643852233887,-0.03776812553405762,0.04507845640182495,0.02698519267141819,0.08296885341405869,0.0012594468425959349,1.0
1779438696.7095947,64,-0.03160524368286133,-0.016504526138305664,0.02434065006673336,0.02852928452193737,0.047393281012773514,0.0010768622159957886,1.0
1779438696.741196,64,-0.04582071304321289,-0.013380765914916992,0.029612300917506218,0.020482869818806648,0.05279027670621872,0.0007778293802402914,1.0
1779438696.7735596,64,-0.015634775161743164,-0.0075190067291259766,0.02159642055630684,0.026000360026955605,0.029329385608434677,0.0012104156194254756,1.0
1779438696.806902,64,-0.01558685302734375,0.007647275924682617,0.023468483239412308,0.021346300840377808,0.03137333318591118,0.001163590233772993,1.0
1779438696.838597,64,-0.00609135627746582,0.024779319763183594,0.02173612266778946,0.032080765813589096,0.036003224551677704,0.001547457417473197,1.0
1779438696.8662157,64,0.0,0.0,0.0,0.0,0.0,0.0,1.0
1779438696.8814344,64,-0.019430875778198242,0.009766101837158203,0.015651552006602287,0.028322376310825348,0.03326626121997833,0.0011227648938074708,1.0
1779438696.9006402,64,-0.022048473358154297,0.0072078704833984375,0.02433883398771286,0.022676799446344376,0.03475364297628403,0.0010815481655299664,1.0
1779438696.9330745,64,-0.012970924377441406,0.015125274658203125,0.022525900974869728,0.023006688803434372,0.03058301843702793,0.0009741380345076323,1.0
1779438697.0143945,64,-0.03725147247314453,0.004148960113525391,0.027515213936567307,0.028844671323895454,0.04791966825723648,0.0014375247992575169,1.0
1779438697.0448709,64,-0.018526315689086914,-0.0001456737518310547,0.024582158774137497,0.02000925876200199,0.032141655683517456,0.0010102944215759635,1.0
1779438697.0768483,64,-0.008484363555908203,-0.0067327022552490234,0.021746933460235596,0.019810225814580917,0.026927821338176727,0.0007974144537001848,1.0
1779438697.1104908,64,-0.001999378204345703,-0.006381511688232422,0.02157111093401909,0.02308281883597374,0.0272379070520401,0.0009030215442180634,1.0
1779438697.1420112,64,0.0023012161254882812,-0.0007281303405761719,0.021519333124160767,0.01840340532362461,0.023904725909233093,0.0008020098321139812,1.0
1779438697.17378,64,0.0019276142120361328,0.007094621658325195,0.02032588981091976,0.021204406395554543,0.026641085743904114,0.0007966814446263015,1.0
1779438697.2056053,64,-0.003381490707397461,0.0019826889038085938,0.02160836197435856,0.029697921127080917,0.030456040054559708,0.0011583061423152685,1.0
1779438697.237363,64,0.010187149047851562,0.01678776741027832,0.018454020842909813,0.024440698325634003,0.03147072345018387,0.0009557076264172792,1.0
1779438697.261336,64,0.0,0.0,0.0,0.0,0.0,0.0,1.0
1779438697.2813053,64,0.004147052764892578,0.01337742805480957,0.019014211371541023,0.02213132567703724,0.025217268615961075,0.0008341300999745727,1.0
1779438697.3043666,64,0.00034356117248535156,-0.002519369125366211,0.020529571920633316,0.01779956743121147,0.0229332372546196,0.0007979100337252021,1.0
1779438697.3345132,64,-0.026920795440673828,-0.018652677536010742,0.02401309832930565,0.02946379780769348,0.03926730155944824,0.0012812083587050438,1.0
1779438697.4156444,64,-0.0712289810180664,-0.011023759841918945,0.040208689868450165,0.043451253324747086,0.08776618540287018,0.0012209898559376597,1.0
1779438697.4456897,64,-0.04400897026062012,-0.013205766677856445,0.02550296112895012,0.022551892325282097,0.05247720330953598,0.0009887035703286529,1.0
1779438697.4768758,64,-0.03231072425842285,-0.0029528141021728516,0.026119664311408997,0.020464738830924034,0.04101778566837311,0.0008353416924364865,1.0
1779438697.5099053,64,-0.02824687957763672,0.0070455074310302734,0.037506103515625,0.035719845443964005,0.0470365509390831,0.00142757804132998,1.0
1779438697.5425208,64,-0.022793292999267578,-0.016375303268432617,0.025230057537555695,0.03183019906282425,0.039399437606334686,0.0011567652691155672,1.0
1779438697.5727017,64,-0.006144046783447266,0.004776954650878906,0.01611393317580223,0.01745494268834591,0.021664157509803772,0.0012456962140277028,1.0
1779438697.6061063,64,0.0001914501190185547,-0.010325193405151367,0.020013989880681038,0.021919868886470795,0.026081334799528122,0.0008680259343236685,1.0
1779438697.636427,64,0.011227130889892578,-0.02284717559814453,0.02359200082719326,0.019508784636855125,0.03609033674001694,0.0007947211852297187,1.0
1779438697.6703298,64,0.007873773574829102,-0.0310211181640625,0.035561174154281616,0.03818780556321144,0.048260100185871124,0.0013670660555362701,1.0
1779438697.6947348,64,0.0,0.0,0.0,0.0,0.0,0.0,1.0
1779438697.709798,64,0.024639368057250977,-0.027628660202026367,0.029572879895567894,0.02070954069495201,0.04656277969479561,0.0010125136468559504,1.0
1779438697.7342238,64,0.023067712783813477,-0.014768838882446289,0.024483883753418922,0.02461441420018673,0.0398763045668602,0.0011581729631870985,1.0
1779438697.81269,64,0.03793787956237793,-0.029864788055419922,0.04018868878483772,0.0452558808028698,0.06755516678094864,0.0014794636517763138,1.0
1779438697.8453538,64,0.01192927360534668,0.01486825942993164,0.02687155269086361,0.04176926985383034,0.034468356519937515,0.001650066813454032,1.0
1779438697.8773675,64,-0.0043163299560546875,-0.001848459243774414,0.017792105674743652,0.02935924008488655,0.02548389881849289,0.0012157715391367674,1.0
1779438697.9113555,64,-0.016608476638793945,0.0009608268737792969,0.02593468688428402,0.022021660581231117,0.02930278703570366,0.0009292750619351864,1.0
1779438697.9410038,64,-0.019206523895263672,-0.004342555999755859,0.02936655655503273,0.028584541752934456,0.03845633193850517,0.0009620916098356247,1.0
1779438697.9789603,64,-0.022995948791503906,-0.0020368099212646484,0.03094426915049553,0.031106071546673775,0.040451779961586,0.0007957489578984678,1.0
1779438698.0067382,64,-0.011773109436035156,0.0016658306121826172,0.0774354636669159,0.0785355418920517,0.05513589084148407,0.001782597042620182,1.0
1779438698.0373218,64,0.008286237716674805,0.052139997482299805,0.17232966423034668,0.15589772164821625,0.08730808645486832,0.01097722165286541,1.0
1779438698.0696487,64,0.05843687057495117,0.05352902412414551,0.379484087228775,0.17708295583724976,0.1302124708890915,0.028452036902308464,1.0
1779438698.0909486,64,0.0,0.0,0.0,0.0,0.0,0.0,1.0
1779438698.1093404,64,0.0007736682891845703,0.05354595184326172,0.12264450639486313,0.13009285926818848,0.0921679437160492,0.025172486901283264,1.0
1779438698.1330678,64,-0.01522970199584961,0.03811812400817871,0.05506892502307892,0.09591685980558395,0.0614018589258194,0.002821530681103468,1.0
1779438698.212953,64,-0.020714521408081055,0.08776140213012695,0.0654439628124237,0.11220170557498932,0.10423073172569275,0.002549265045672655,1.0
1779438698.2460642,64,-0.002375364303588867,0.032663822174072266,0.039838116616010666,0.03799159824848175,0.04896264523267746,0.001292613917030394,1.0
1779438698.2786326,64,-0.00861048698425293,0.024813175201416016,0.026043692603707314,0.03648078069090843,0.03918750211596489,0.0012258454225957394,1.0
1779438698.309506,64,-0.000579833984375,0.0198519229888916,0.027141278609633446,0.030931487679481506,0.03645254671573639,0.0010614799102768302,1.0
1779438698.3417437,64,-0.0006792545318603516,0.008193254470825195,0.02036955952644348,0.0316280722618103,0.031141774728894234,0.001120654633268714,1.0
1779438698.3720202,64,0.013257741928100586,0.00460052490234375,0.01889582723379135,0.016420256346464157,0.024869553744792938,0.000810219906270504,1.0
1779438698.4073422,64,-0.005179643630981445,0.006031513214111328,0.026676533743739128,0.02737845666706562,0.03303097188472748,0.0009805122390389442,1.0
1779438698.4420643,64,0.0021293163299560547,-0.018289566040039062,0.0576135478913784,0.07844528555870056,0.051825474947690964,0.0019010695395991206,1.0
1779438698.469819,64,-0.015480756759643555,-0.04929757118225098,0.09704676270484924,0.17912694811820984,0.08481365442276001,0.002069547539576888,1.0
1779438698.4896264,64,0.0,0.0,0.0,0.0,0.0,0.0,1.0
1779438698.5070748,64,0.013027191162109375,-0.015545845031738281,0.05444692075252533,0.09113430231809616,0.050583451986312866,0.004457102622836828,1.0
1779438698.5332136,64,-0.03004002571105957,-0.023725271224975586,0.1713314801454544,0.14789387583732605,0.08354275673627853,0.009588716551661491,1.0
1779438698.613941,64,-0.13780641555786133,-0.005120038986206055,0.4092564284801483,0.2563357353210449,0.17770767211914062,0.033195119351148605,1.0
1779438698.6459525,64,-0.04510664939880371,1.9788742065429688e-05,0.08177226036787033,0.09179239720106125,0.0740017294883728,0.0041062007658183575,1.0
1779438698.6773603,64,-0.057570695877075195,-0.010679960250854492,0.05824688449501991,0.07392612099647522,0.07443269342184067,0.002142018638551235,1.0
1779438698.7100883,64,-0.07936882972717285,-0.0026679039001464844,0.06396175920963287,0.0524643175303936,0.0881386250257492,0.0015367770101875067,1.0
1779438698.7416744,64,-0.06096673011779785,0.009240388870239258,0.048270098865032196,0.047175195068120956,0.07663249969482422,0.0011997806141152978,1.0
1779438698.7736301,64,-0.09190917015075684,0.006946563720703125,0.058136411011219025,0.04107802361249924,0.09965849667787552,0.001720017520710826,1.0
1779438698.8053477,64,-0.07065439224243164,0.0052490234375,0.04261566326022148,0.02682359889149666,0.07592689990997314,0.0013481698697432876,1.0
1779438698.8391526,64,-0.06500005722045898,0.019074678421020508,0.0449693538248539,0.02967516891658306,0.07606685161590576,0.0011081758420914412,1.0
1779438698.8694606,64,-0.0365602970123291,0.019984722137451172,0.033086881041526794,0.03154211491346359,0.053713370114564896,0.0011353549780324101,1.0
1779438698.8927486,64,0.0,0.0,0.0,0.0,0.0,0.0,1.0
1779438698.9090748,64,-0.026171445846557617,0.0030384063720703125,0.030560093000531197,0.030218152329325676,0.039726294577121735,0.001125579234212637,1.0
1779438698.9339268,64,-0.026850461959838867,0.013988733291625977,0.019701866433024406,0.023689918220043182,0.03786298632621765,0.0011590283829718828,1.0
1779438699.013744,64,0.017989397048950195,0.027736663818359375,0.1762462705373764,0.04197195917367935,0.07755977660417557,0.0025246371515095234,1.0
1779438699.0500922,64,-0.008053064346313477,0.007951736450195312,0.022113412618637085,0.020905744284391403,0.028355099260807037,0.0009738136432133615,1.0
1779438699.0777516,64,-0.012712717056274414,0.02272343635559082,0.0158233605325222,0.02293349988758564,0.033291637897491455,0.0010541045339778066,1.0
1779438699.109471,64,-0.008514642715454102,0.03351926803588867,0.027867725118994713,0.02106199786067009,0.04322587326169014,0.0009400703711435199,1.0
1779438699.1410153,64,-0.00511932373046875,0.027988672256469727,0.020939551293849945,0.020490115508437157,0.03581424802541733,0.0009526846697553992,1.0
1779438699.1741517,64,0.003999233245849609,0.03799009323120117,0.03540859743952751,0.026955269277095795,0.04784286767244339,0.0012808314058929682,1.0
1779438699.2052915,64,0.026729583740234375,0.03887367248535156,0.0238445233553648,0.02679406851530075,0.053023941814899445,0.001270900247618556,1.0
1779438699.2382617,64,0.03007817268371582,0.02126598358154297,0.02889748103916645,0.03260277584195137,0.05266642943024635,0.0011188762728124857,1.0
1779438699.2724898,64,0.04585576057434082,0.031920433044433594,0.029937714338302612,0.023026930168271065,0.06211075931787491,0.0010254448279738426,1.0
1779438699.2962158,64,0.0,0.0,0.0,0.0,0.0,0.0,1.0
1779438699.3154671,64,0.04808640480041504,0.031092405319213867,0.027941254898905754,0.02610987238585949,0.06441018730401993,0.0010807827347889543,1.0
1779438699.3335845,64,0.048256874084472656,0.020386695861816406,0.03062424249947071,0.032455530017614365,0.06344389915466309,0.0011606947518885136,1.0
1779438699.4127197,64,0.1388545036315918,0.036393165588378906,0.04608531668782234,0.03560454770922661,0.14703847467899323,0.0019685409497469664,1.0
1779438699.4494917,64,0.0733182430267334,0.016303300857543945,0.03266701474785805,0.03260957449674606,0.08245357871055603,0.0010445995721966028,1.0
1779438699.4770527,64,0.05504941940307617,0.03720688819885254,0.03487052395939827,0.028827622532844543,0.07280603051185608,0.0009234203025698662,1.0
1779438699.509941,64,0.02471303939819336,0.026777982711791992,0.024517375975847244,0.0199649129062891,0.04453891143202782,0.0008760718628764153,1.0
1779438699.5422645,64,0.003571033477783203,0.03162431716918945,0.02008485421538353,0.02792424149811268,0.041689060628414154,0.001041087438352406,1.0
1779438699.5736384,64,-0.0305788516998291,0.02004528045654297,0.07747964560985565,0.0334123894572258,0.053892653435468674,0.0014403972309082747,1.0
1779438699.606218,64,-0.03348135948181152,0.0053026676177978516,0.040151335299015045,0.018855895847082138,0.042814768850803375,0.0011556567624211311,1.0
1779438699.6418388,64,-0.026742219924926758,0.005547523498535156,0.03795640170574188,0.03487658128142357,0.04998983442783356,0.001181805389933288,1.0
1779438699.6698887,64,-0.0062334537506103516,-0.01926112174987793,0.02226547710597515,0.023007100448012352,0.03432758152484894,0.0010594564955681562,1.0
1779438699.696003,64,0.0,0.0,0.0,0.0,0.0,0.0,1.0
1779438699.7167194,64,-0.0017676353454589844,-0.03069925308227539,0.022750133648514748,0.029044276103377342,0.0411868542432785,0.0012514000991359353,1.0
1779438699.7341235,64,0.01478719711303711,-0.01570916175842285,0.020210230723023415,0.025320785120129585,0.03618716448545456,0.0011652957182377577,1.0
1779438699.813528,64,0.01622176170349121,-0.02876591682434082,0.038656413555145264,0.027394559234380722,0.05057506635785103,0.0012991506373509765,1.0
1779438699.8448153,64,0.0026509761810302734,-0.0044400691986083984,0.022559337317943573,0.018058933317661285,0.024646583944559097,0.0008174623944796622,1.0
1779438699.8779926,64,-0.0017659664154052734,0.003614664077758789,0.01547119952738285,0.025798216462135315,0.024598725140094757,0.0009089236846193671,1.0
1779438699.9086962,64,-0.004263162612915039,0.009783744812011719,0.02330661378800869,0.017199184745550156,0.02486041933298111,0.000994048546999693,1.0
1779438699.941026,64,-0.015303373336791992,0.026001453399658203,0.02614680863916874,0.026141159236431122,0.043517425656318665,0.0011371762957423925,1.0
1779438699.9734726,64,-0.04210162162780762,0.05448555946350098,0.030100086703896523,0.031092938035726547,0.07571873068809509,0.001449930714443326,1.0
1779438700.0060081,64,-0.05794334411621094,0.049855709075927734,0.03836192563176155,0.028071103617548943,0.08098149299621582,0.0011543810833245516,1.0
1779438700.0374782,64,-0.06296515464782715,0.03292512893676758,0.04730362817645073,0.03393354266881943,0.07940708845853806,0.0014458971563726664,1.0
1779438700.0698936,64,-0.03641009330749512,0.019658803939819336,0.029427433386445045,0.030721774324774742,0.05240614339709282,0.001145398011431098,1.0
1779438700.0932233,64,0.0,0.0,0.0,0.0,0.0,0.0,1.0
1779438700.1175032,64,-0.024307966232299805,-0.005278348922729492,0.025711918249726295,0.03419962525367737,0.03816082328557968,0.001010677544400096,1.0
1779438700.1355026,64,-0.008898735046386719,-0.03120899200439453,0.024253927171230316,0.021863672882318497,0.04109908640384674,0.000997634488157928,1.0
1779438700.2123895,64,0.02308201789855957,-0.0395350456237793,0.028068050742149353,0.04605433717370033,0.06186549738049507,0.0015176604501903057,1.0
1779438700.250322,64,0.009052276611328125,-0.019922971725463867,0.02315979264676571,0.03542018681764603,0.03966449573636055,0.0011691050603985786,1.0
1779438700.277257,64,0.017083406448364258,0.0006892681121826172,0.021562080830335617,0.019619928672909737,0.026776950806379318,0.0010333387181162834,1.0
1779438700.3103263,64,0.03507566452026367,0.0347294807434082,0.03262780234217644,0.04628979042172432,0.05702578276395798,0.0016812810208648443,1.0
1779438700.341208,64,0.04388570785522461,0.01913309097290039,0.03187984228134155,0.06246170401573181,0.07633207738399506,0.0014822486555203795,1.0
1779438700.3744652,64,0.07325363159179688,0.013444185256958008,0.050554051995277405,0.02716881036758423,0.08036140352487564,0.00158080761320889,1.0
1779438700.4077454,64,0.06768584251403809,-0.00928807258605957,0.03156637027859688,0.02312299981713295,0.07265131175518036,0.0015539034502580762,1.0
1779438700.4381375,64,0.0930790901184082,-0.05837440490722656,0.05460648983716965,0.04073360934853554,0.11652375757694244,0.001762432511895895,1.0
1779438700.4689643,64,0.0931084156036377,-0.08354544639587402,0.05319710075855255,0.049847912043333054,0.13535970449447632,0.0021728696301579475,1.0
1779438700.4937847,64,0.0,0.0,0.0,0.0,0.0,0.0,1.0
1779438700.5188196,64,0.1167910099029541,-0.08555364608764648,0.06813423335552216,0.04325389489531517,0.15354207158088684,0.002000564243644476,1.0
1779438700.5363657,64,0.10108065605163574,-0.06037449836730957,0.05440893396735191,0.04712742567062378,0.12759172916412354,0.0020231357775628567,1.0
1779438700.618243,64,0.21602129936218262,-0.08917236328125,0.09178996831178665,0.06866000592708588,0.24760591983795166,0.0023639178834855556,1.0
1779438700.6459274,64,0.09875988960266113,-0.003598928451538086,0.04990725591778755,0.03470076620578766,0.1065637469291687,0.0013385103084146976,1.0
1779438700.6771019,64,0.08707976341247559,-0.0018982887268066406,0.048488471657037735,0.037374891340732574,0.09929362684488297,0.0015122063923627138,1.0
1779438700.7099922,64,0.06895685195922852,0.016104698181152344,0.05187613517045975,0.04183546081185341,0.08792294561862946,0.0013844780623912811,1.0
1779438700.7423093,64,0.05200839042663574,0.03316783905029297,0.049168530851602554,0.030056573450565338,0.07455867528915405,0.0013807725626975298,1.0
1779438700.7737691,64,0.034886837005615234,0.019287109375,0.028715115040540695,0.031725410372018814,0.05082016438245773,0.000709420710336417,1.0
1779438700.8057861,64,0.01524496078491211,0.009523630142211914,0.028656424954533577,0.033532071858644485,0.04185250401496887,0.001057900721207261,1.0
1779438700.8376355,64,0.0005011558532714844,0.0021381378173828125,0.021522125229239464,0.019585460424423218,0.0248306542634964,0.0009199830237776041,1.0
1779438700.8700125,64,-0.00767207145690918,-0.021940231323242188,0.019256625324487686,0.01943197473883629,0.031836505979299545,0.0007196220685727894,1.0
1779438700.895748,64,0.0,0.0,0.0,0.0,0.0,0.0,1.0
1779438700.9203115,64,-0.028292179107666016,-0.0452120304107666,0.031205829232931137,0.04266989231109619,0.06205405294895172,0.001165676163509488,1.0
1779438700.9316714,64,-0.02698349952697754,-0.030885934829711914,0.029847269877791405,0.025389084592461586,0.05062706768512726,0.0011103292927145958,1.0
1779438701.0163755,64,-0.07238292694091797,-0.031569719314575195,0.03606030344963074,0.03579344600439072,0.08803249895572662,0.0012384031433612108,1.0
1779438701.0459347,64,-0.05240201950073242,-0.007393360137939453,0.027714794501662254,0.017144516110420227,0.05594335123896599,0.0009486039634793997,1.0
1779438701.0792708,64,-0.059706926345825195,0.022573471069335938,0.031650103628635406,0.03355904668569565,0.0733615905046463,0.0014551327330991626,1.0
1779438701.1097152,64,-0.09417080879211426,0.033702850341796875,0.058306485414505005,0.06589275598526001,0.11817051470279694,0.0020002787932753563,1.0
1779438701.1413255,64,-0.04385805130004883,0.0586550235748291,0.212013840675354,0.16597898304462433,0.13922762870788574,0.009750239551067352,1.0
1779438701.173722,64,0.019439697265625,0.04461550712585449,0.4901752471923828,0.18248336017131805,0.20083843171596527,0.038852985948324203,1.0
1779438701.2057471,64,-0.06550812721252441,0.05306601524353027,0.10409969091415405,0.0996076911687851,0.1264151930809021,0.012024035677313805,1.0
1779438701.238206,64,-0.09456610679626465,0.04141879081726074,0.06335702538490295,0.06509577482938766,0.11849585175514221,0.002291648183017969,1.0
1779438701.2693312,64,-0.06553196907043457,0.041594743728637695,0.0588318295776844,0.03616023808717728,0.0890885442495346,0.0015265389811247587,1.0
1779438701.2950556,64,0.0,0.0,0.0,0.0,0.0,0.0,1.0
1779438701.314169,64,-0.06383109092712402,0.04587697982788086,0.0455491840839386,0.031966596841812134,0.08921591937541962,0.0013943526428192854,1.0
1779438701.335282,64,-0.040421247482299805,0.04404759407043457,0.038735102862119675,0.03507734835147858,0.06824161857366562,0.0013005683431401849,1.0
1779438701.4144602,64,-0.04229164123535156,0.0731654167175293,0.03593592345714569,0.02944699488580227,0.09055067598819733,0.0013555858749896288,1.0
1779438701.4457643,64,-0.0038487911224365234,0.014351367950439453,0.021536091342568398,0.022681502625346184,0.03024822287261486,0.0008127478649839759,1.0
1779438701.479448,64,-0.00487208366394043,-0.01018977165222168,0.028031663969159126,0.02234727144241333,0.030859315767884254,0.0007794612902216613,1.0
1779438701.5098765,64,-0.01779460906982422,-0.028712987899780273,0.07010134309530258,0.10525263845920563,0.05953242629766464,0.0015975271817296743,1.0
1779438701.5434983,64,-0.005682229995727539,-0.04617023468017578,0.08482509106397629,0.11719689518213272,0.07805517315864563,0.003580911550670862,1.0
1779438701.5736177,64,-0.033614397048950195,-0.0445094108581543,0.12142925709486008,0.10632540285587311,0.07797861099243164,0.009249222464859486,1.0
1779438701.607639,64,-0.04939627647399902,-0.05031085014343262,0.2112817019224167,0.11367245763540268,0.09549355506896973,0.014447726309299469,1.0
1779438701.638501,64,-0.06404662132263184,-0.05118966102600098,0.18104597926139832,0.1287756860256195,0.09795652329921722,0.00703948549926281,1.0
1779438701.668224,64,-0.13002681732177734,-0.057572126388549805,0.11645527184009552,0.10087588429450989,0.16219699382781982,0.004975243471562862,1.0
1779438701.6918006,64,0.0,0.0,0.0,0.0,0.0,0.0,1.0
1779438701.7070696,64,-0.14312386512756348,-0.02579522132873535,0.11931493878364563,0.07724003493785858,0.1701117753982544,0.002344888634979725,1.0
1779438701.7335937,64,-0.09343671798706055,-0.020326614379882812,0.09304947406053543,0.06448394805192947,0.11711658537387848,0.0018370039761066437,1.0
1779438701.8135848,64,-0.043477535247802734,-0.02351522445678711,0.04292963817715645,0.03304063156247139,0.06228051707148552,0.0014022740069776773,1.0
1779438701.8459136,64,0.017451047897338867,0.006270408630371094,0.03619489073753357,0.022637328132987022,0.04140028730034828,0.0010488649131730199,1.0
1779438701.8788097,64,0.03716588020324707,-0.011855840682983398,0.041554033756256104,0.03030657209455967,0.05599181726574898,0.0011757118627429008,1.0
1779438701.911183,64,0.01028585433959961,-0.014805793762207031,0.028898797929286957,0.02177038975059986,0.03451775014400482,0.0011573433876037598,1.0
1779438701.9436922,64,-0.026545047760009766,-0.010061502456665039,0.02626289241015911,0.01964743435382843,0.03591243550181389,0.0008799419738352299,1.0
1779438701.9735434,64,-0.021794557571411133,0.003626108169555664,0.031094111502170563,0.03133270889520645,0.04202753305435181,0.0010867719538509846,1.0
1779438702.0070093,64,-0.018849611282348633,0.01721358299255371,0.03762511536478996,0.0297695379704237,0.04150567203760147,0.00131185632199049,1.0
1779438702.0365498,64,-0.01296377182006836,0.023255586624145508,0.028546949848532677,0.026447750627994537,0.04220682382583618,0.0012600308982655406,1.0
1779438702.0697398,64,0.004050493240356445,0.04237675666809082,0.031335484236478806,0.03389778360724449,0.056266672909259796,0.0011646011844277382,1.0
1779438702.0946968,64,0.0,0.0,0.0,0.0,0.0,0.0,1.0
1779438702.1122959,64,-0.0003399848937988281,0.04664468765258789,0.035200223326683044,0.033171169459819794,0.05859660357236862,0.0011276517761871219,1.0
1779438702.134454,64,0.01825571060180664,0.036100149154663086,0.03407209739089012,0.02817504294216633,0.05431932210922241,0.0009074561530724168,1.0
1779438702.2139056,64,0.05731391906738281,0.06981873512268066,0.06390918791294098,0.0322972796857357,0.10564675182104111,0.0012345944996923208,1.0
1779438702.24574,64,0.030171632766723633,0.024857282638549805,0.03431253880262375,0.022326184436678886,0.05067269504070282,0.0008541287388652563,1.0
1779438702.2780926,64,0.012492179870605469,0.029417037963867188,0.023683777078986168,0.02428227663040161,0.040016062557697296,0.0008363645174540579,1.0
1779438702.3093915,64,0.012770414352416992,0.035459041595458984,0.023292092606425285,0.027660677209496498,0.044701091945171356,0.0012684048851951957,1.0
1779438702.3442094,64,0.009843587875366211,0.0250546932220459,0.029367491602897644,0.02695462666451931,0.0434369333088398,0.0010822622571140528,1.0
1779438702.3728368,64,0.021004199981689453,0.04066038131713867,0.023910099640488625,0.030710970982909203,0.05187683925032616,0.0010221278062090278,1.0
1779438702.4054873,64,0.0233762264251709,0.03688836097717285,0.027353091165423393,0.023088475689291954,0.05037616938352585,0.001187547342851758,1.0
1779438702.4369285,64,0.02996540069580078,0.02365899085998535,0.02437272109091282,0.020026206970214844,0.0449884794652462,0.0009211597498506308,1.0
1779438702.4699216,64,0.027808189392089844,0.011581659317016602,0.024475352838635445,0.03496078774333,0.04566154628992081,0.0009160422487184405,1.0
1779438702.4952066,64,0.0,0.0,0.0,0.0,0.0,0.0,1.0
1779438702.5156388,64,0.03839516639709473,0.00913548469543457,0.020790109410881996,0.01731698587536812,0.04315413534641266,0.0008967238245531917,1.0
1779438702.5381773,64,0.027718782424926758,0.0014348030090332031,0.02552381157875061,0.021492984145879745,0.03591059520840645,0.0010564842959865928,1.0
1779438702.616876,64,0.0400242805480957,0.0001506805419921875,0.032826393842697144,0.02794543467462063,0.05005168542265892,0.001081914291717112,1.0
1779438702.6437473,64,0.0022056102752685547,0.011171817779541016,0.03274804353713989,0.027571367099881172,0.03295426070690155,0.0011524064466357231,1.0
1779438702.6790383,64,0.002214670181274414,0.0073549747467041016,0.02209419570863247,0.020336821675300598,0.025781137868762016,0.0009027013438753784,1.0
1779438702.7093515,64,0.0039014816284179688,-0.007445096969604492,0.022687625139951706,0.018176544457674026,0.025481032207608223,0.0007644675206393003,1.0
1779438702.7413614,64,0.005171537399291992,-0.009666204452514648,0.01681552827358246,0.03012395091354847,0.030490152537822723,0.0011334414593875408,1.0
1779438702.7742634,64,0.0048084259033203125,-0.019187211990356445,0.020416811108589172,0.021026303991675377,0.030107442289590836,0.0011653421679511666,1.0
1779438702.805575,64,0.005705118179321289,-0.024494409561157227,0.031240995973348618,0.034300968050956726,0.04186497628688812,0.0010852522682398558,1.0
1779438702.837563,64,0.01859259605407715,-0.004587888717651367,0.020204029977321625,0.027649663388729095,0.03351770341396332,0.000980050885118544,1.0
1779438702.87266,64,0.01690506935119629,-0.00969076156616211,0.019065264612436295,0.02042931504547596,0.030345173552632332,0.0009245550609193742,1.0
1779438702.896799,64,0.0,0.0,0.0,0.0,0.0,0.0,1.0
1779438702.9199083,64,0.050848960876464844,0.011998414993286133,0.11608512699604034,0.08245380222797394,0.06736944615840912,0.0015702988021075726,1.0
1779438702.935494,64,0.04671907424926758,0.05125570297241211,0.10781553387641907,0.1986558735370636,0.09436886012554169,0.0037790127098560333,1.0
1779438703.0129275,64,0.04691267013549805,0.007535457611083984,0.0299445278942585,0.031011424958705902,0.05760948359966278,0.0012511200038716197,1.0
1779438703.045635,64,0.01525735855102539,-0.0076634883880615234,0.020853187888860703,0.01909610629081726,0.029758470132946968,0.0010502244113013148,1.0
1779438703.0763886,64,0.012304544448852539,-0.007268428802490234,0.02624407410621643,0.0334181934595108,0.035299792885780334,0.0010843273485079408,1.0
1779438703.1091943,64,-0.0027709007263183594,-0.029677391052246094,0.023510131984949112,0.025401970371603966,0.04079872742295265,0.0010889843106269836,1.0
1779438703.1416128,64,0.011251688003540039,-0.031719207763671875,0.02186000533401966,0.022504325956106186,0.04174952581524849,0.0008840286172926426,1.0
1779438703.1742547,64,0.0073604583740234375,-0.020760774612426758,0.027151955291628838,0.024976611137390137,0.03825850784778595,0.0008322149515151978,1.0
1779438703.2062073,64,0.0010650157928466797,-0.013855218887329102,0.025335676968097687,0.018534695729613304,0.02891870215535164,0.0008056212682276964,1.0
1779438703.238004,64,-0.001659393310546875,-0.0025200843811035156,0.022034339606761932,0.018834739923477173,0.024879634380340576,0.000918266421649605,1.0
1779438703.2685153,64,-0.0026421546936035156,0.0013506412506103516,0.020547471940517426,0.015182601287961006,0.02060062065720558,0.0007824754575267434,1.0
1779438703.293561,64,0.0,0.0,0.0,0.0,0.0,0.0,1.0
1779438703.3073416,64,0.011387825012207031,0.03003835678100586,0.022676944732666016,0.030427236109972,0.04179075360298157,0.0012660162756219506,1.0
1779438703.3341773,64,0.016088485717773438,0.02027750015258789,0.0279069896787405,0.025517726317048073,0.03963318094611168,0.0010025739902630448,1.0
1779438703.4144585,64,0.017536401748657227,0.052399396896362305,0.029588306322693825,0.024303916841745377,0.062495313584804535,0.0013662120327353477,1.0
1779438703.4458034,64,-0.009625673294067383,0.017466306686401367,0.01789056323468685,0.019880590960383415,0.027997776865959167,0.0008938209502957761,1.0
1779438703.4781559,64,-0.003175497055053711,0.016515016555786133,0.07754804193973541,0.042577989399433136,0.05493800342082977,0.00199751160107553,1.0
1779438703.510369,64,-0.01740264892578125,0.008407831192016602,0.05401691421866417,0.07147249579429626,0.060735560953617096,0.0018376358784735203,1.0
1779438703.5417252,64,-0.01644754409790039,0.04687762260437012,0.036974597722291946,0.03665696829557419,0.06376001238822937,0.0011358581250533462,1.0
1779438703.5736818,64,-0.007536411285400391,0.07260680198669434,0.04556666314601898,0.062114015221595764,0.0916784256696701,0.0014209883520379663,1.0
1779438703.6079702,64,-0.009543180465698242,0.09499764442443848,0.05000969022512436,0.053655724972486496,0.10993233323097229,0.0012628037948161364,1.0
1779438703.6379108,64,-0.008245468139648438,0.09943675994873047,0.04101933166384697,0.05769597366452217,0.11042478680610657,0.0016360257286578417,1.0
1779438703.6687138,64,-0.012861967086791992,0.11501049995422363,0.06664779037237167,0.05959483981132507,0.1380765289068222,0.0015871445648372173,1.0
1779438703.6934748,64,0.0,0.0,0.0,0.0,0.0,0.0,1.0
1779438703.7082777,64,0.011996030807495117,0.0872049331665039,0.10922420769929886,0.07882364839315414,0.14910955727100372,0.0022454499267041683,1.0
1779438703.733575,64,0.0211944580078125,0.0760343074798584,0.10677260905504227,0.07252708822488785,0.13847121596336365,0.002339444123208523,1.0
1779438703.8134809,64,0.0662684440612793,0.08996367454528809,0.24926550686359406,0.14017783105373383,0.2825564742088318,0.003623673226684332,1.0
1779438703.8457456,64,0.014499664306640625,0.11815261840820312,0.15532836318016052,0.12451623380184174,0.20331305265426636,0.0024061561562120914,1.0
1779438703.877559,64,0.061731815338134766,0.32407236099243164,0.2074032872915268,0.19967123866081238,0.3962978422641754,0.004055218771100044,1.0
1779438703.9097984,64,0.05228829383850098,0.35907983779907227,0.20986445248126984,0.21816276013851166,0.4337112307548523,0.006494470871984959,1.0
1779438703.9447749,63,0.2336856871843338,0.330280601978302,0.6517011523246765,0.26172786951065063,0.5315040349960327,0.029192449524998665,0.984375
1779438703.9740753,63,0.1643189936876297,0.3176315426826477,0.39324823021888733,0.2073216438293457,0.4705449640750885,0.019143642857670784,1.0
1779438704.0050263,63,0.0895308256149292,0.2132912278175354,0.19923681020736694,0.18449635803699493,0.3226014971733093,0.0057573383674025536,1.0
1779438704.0429544,63,0.1057480126619339,0.1741972416639328,0.2801011800765991,0.1796308159828186,0.34278404712677,0.0046066115610301495,1.0
1779438704.0685983,63,0.1403001993894577,0.2449381947517395,0.2688525915145874,0.25084471702575684,0.42409762740135193,0.0065805381163954735,1.0
1779438704.0890136,63,0.0,0.0,0.0,0.0,0.0,0.0,1.0
1779438704.111829,63,0.1953786164522171,0.3968212902545929,0.31327536702156067,0.3037014901638031,0.5455429553985596,0.0070460098795592785,1.0
1779438704.138839,63,0.1478264182806015,0.5968787670135498,0.35250282287597656,0.35937735438346863,0.7247505187988281,0.0066478257067501545,1.0
1779438704.2138271,63,0.4483664333820343,1.6443026065826416,0.7702701091766357,0.7946151494979858,1.8770976066589355,0.01856187731027603,1.0
1779438704.2457156,63,0.1764349490404129,0.8697601556777954,0.4228992164134979,0.3637825846672058,0.9904399514198303,0.01013261079788208,1.0
1779438704.2780335,63,0.1525702029466629,0.8183966875076294,0.3887506425380707,0.3910199999809265,0.9408277273178101,0.012294217012822628,1.0
1779438704.3096535,63,0.1637953519821167,0.6507294774055481,0.35882672667503357,0.34994444251060486,0.7836196422576904,0.01232924871146679,1.0
1779438704.3422413,63,0.1186995729804039,0.5056108832359314,0.32950133085250854,0.27962973713874817,0.6315945386886597,0.01983899623155594,1.0
1779438704.3734436,63,0.1005936861038208,0.319857656955719,0.25718486309051514,0.26784923672676086,0.4398908317089081,0.013907808810472488,1.0
1779438704.4054894,63,0.0272095687687397,0.1139456108212471,0.256335586309433,0.18723374605178833,0.278726726770401,0.010056611150503159,1.0
1779438704.4424007,63,0.01983642578125,0.0498553067445755,0.16796185076236725,0.18987524509429932,0.21894586086273193,0.004986125975847244,1.0
1779438704.4720953,63,-0.0309026800096035,-0.0463862344622612,0.13704310357570648,0.17539530992507935,0.18680743873119354,0.002718977862969041,1.0
1779438704.4966753,63,0.0,0.0,0.0,0.0,0.0,0.0,1.0
1779438704.5166044,63,-0.0575743168592453,-0.1635962575674057,0.13209156692028046,0.20764704048633575,0.22779230773448944,0.003279514843598008,1.0
1779438704.53382,63,-0.1034964919090271,-0.2708553671836853,0.08966238796710968,0.2271314412355423,0.3204018473625183,0.0035401207860559225,1.0
1779438704.6142075,63,-0.579398512840271,-1.0256667137145996,0.2258792519569397,0.45751476287841797,1.212986946105957,0.005945385433733463,1.0
1779438704.6451523,63,-0.4428873360157013,-0.5603395700454712,0.18426983058452606,0.23606069386005402,0.739126443862915,0.007500264793634415,1.0
1779438704.6783748,63,-0.5001094937324524,-0.3177042305469513,0.18886545300483704,0.18927015364170074,0.6271776556968689,0.006456886418163776,1.0
1779438704.7096274,63,-0.5370875597000122,-0.0747954323887825,0.18014852702617645,0.22594012320041656,0.5953614115715027,0.006401576101779938,1.0
1779438704.7425387,63,-0.6279062032699585,0.0383133664727211,0.18081974983215332,0.215093195438385,0.6732977628707886,0.007109737955033779,1.0
1779438704.7733612,63,-0.6358456015586853,0.1421361118555069,0.18470707535743713,0.26136088371276855,0.7087265253067017,0.007460257038474083,1.0
1779438704.805199,63,-0.5814051628112793,0.1554458886384964,0.18747368454933167,0.26522356271743774,0.6646918654441833,0.0070612458512187,1.0
1779438704.8390095,63,-0.4682823121547699,0.01210845448076725,0.21084825694561005,0.22760838270187378,0.5225726366043091,0.007650843821465969,1.0
1779438704.8705347,63,-0.4084116518497467,-0.14896260201931,0.24607737362384796,0.23256783187389374,0.4771321713924408,0.006257930304855108,1.0
1779438704.8955433,63,0.0,0.0,0.0,0.0,0.0,0.0,1.0
1779438704.9133446,63,-0.2680521309375763,-0.3533865213394165,0.2365056276321411,0.2875168025493622,0.48645704984664917,0.00630478048697114,1.0
1779438704.938377,63,-0.0888570174574852,-0.6118837594985962,0.3057241439819336,0.32391607761383057,0.6831547021865845,0.007833162322640419,1.0
1779438705.013641,63,0.0785551518201828,-1.7940016984939575,0.5615444779396057,0.533388614654541,1.882068157196045,0.015201197005808353,1.0
1779438705.04539,63,-0.0497312992811203,-0.9998692274093628,0.20274871587753296,0.22502033412456512,1.022937536239624,0.007730801589787006,1.0
1779438705.0774949,63,-0.0877825990319252,-0.9803311824798584,0.18468141555786133,0.24879436194896698,1.0035587549209595,0.010083966888487339,1.0
1779438705.1083364,63,0.00711810402572155,-0.7829154133796692,0.20944200456142426,0.23319491744041443,0.8090575337409973,0.009202093817293644,1.0
1779438705.141131,63,0.1267886757850647,-0.5421658754348755,0.22909541428089142,0.257550448179245,0.6003895998001099,0.009421044029295444,1.0
1779438705.1738908,63,0.3515251874923706,-0.4033038318157196,0.35920459032058716,0.27690383791923523,0.6545741558074951,0.00859683658927679,1.0
1779438705.2074318,63,0.5977497696876526,-0.1931413859128952,0.44513511657714844,0.37903010845184326,0.8035048246383667,0.013186062686145306,1.0
1779438705.237936,63,0.6511932611465454,-0.1322963684797287,0.44996240735054016,0.3768947422504425,0.8314903378486633,0.013223545625805855,1.0
1779438705.269933,63,0.6156618595123291,-0.2360435426235199,0.3702363669872284,0.4013727009296417,0.8100888133049011,0.009763057343661785,1.0
1779438705.2953115,63,0.0,0.0,0.0,0.0,0.0,0.0,1.0
1779438705.312737,63,0.6259416937828064,-0.390175461769104,0.32723352313041687,0.36303603649139404,0.8485248684883118,0.012943566776812077,1.0
1779438705.3357396,63,0.5813564658164978,-0.6146693229675293,0.3038170337677002,0.30723267793655396,0.9112704396247864,0.014402243308722973,1.0
1779438705.4143977,62,0.3029777705669403,-1.6063898801803589,0.30688315629959106,0.5792050361633301,1.680331826210022,0.03371547907590866,0.9841269841269841
1779438705.4457576,62,-0.5952943563461304,-1.1095610857009888,0.34821242094039917,0.32778677344322205,1.2988722324371338,0.014715135097503662,1.0
1779438705.4778917,62,-1.5306504964828491,-1.3895258903503418,0.575221598148346,0.5615066289901733,2.095883369445801,0.014861775562167168,1.0
1779438705.509703,62,-2.6289241313934326,-1.3880032300949097,0.8482561707496643,0.782215416431427,3.047621250152588,0.03624889254570007,1.0
1779438705.5414414,62,-3.741507053375244,-1.2697603702545166,1.0417510271072388,0.8312649726867676,4.022140026092529,0.030406255275011063,1.0
1779438705.5741453,62,-4.759063243865967,-1.1515933275222778,1.1681283712387085,0.9337389469146729,4.976954460144043,0.05392925441265106,1.0
1779438705.604945,62,-5.530788421630859,-1.4583213329315186,1.285537600517273,0.8949648141860962,5.775834083557129,0.04533401131629944,1.0
1779438705.637734,62,-5.562087535858154,-2.1137595176696777,1.0478897094726562,0.8412839770317078,5.989660263061523,0.040069904178380966,1.0
1779438705.6738613,62,-5.043396949768066,-2.7170355319976807,0.9302160739898682,0.7476354241371155,5.749940395355225,0.04757203534245491,1.0
1779438705.6952028,62,0.0,0.0,0.0,0.0,0.0,0.0,1.0
1779438705.7081058,62,-4.141403675079346,-2.956688642501831,0.7454591393470764,0.6772179007530212,5.099165916442871,0.051118284463882446,1.0
1779438705.7345674,62,-3.334554672241211,-2.636354923248291,0.40969398617744446,0.5535839200019836,4.270273208618164,0.030809983611106873,1.0
1779438705.8125277,62,-3.801328659057617,-2.1917660236358643,1.1795119047164917,1.6080604791641235,4.611222743988037,0.04149751737713814,1.0
1779438705.8448553,62,-0.685518205165863,0.6671738028526306,0.9101912975311279,1.033743977546692,1.478224754333496,0.03290572017431259,1.0
1779438705.8776433,62,-0.08603791147470474,1.8083348274230957,1.112207055091858,0.9956755042076111,2.273833990097046,0.03849699720740318,1.0
1779438705.9113245,62,0.36140552163124084,2.9741435050964355,1.1855729818344116,0.9422439336776733,3.3045873641967773,0.04304065927863121,1.0
1779438705.9429169,62,0.297176718711853,3.4218807220458984,1.221154808998108,0.9035428762435913,3.707824945449829,0.06532174348831177,1.0
1779438705.9762957,62,-0.2308482527732849,3.0881357192993164,1.18318772315979,0.7166067361831665,3.36051869392395,0.04811480641365051,1.0
1779438706.0054395,62,-0.9807106852531433,2.6684024333953857,0.8901656270027161,0.5371100306510925,2.9881534576416016,0.020242054015398026,1.0
1779438706.0396986,62,-1.6938295364379883,2.1662890911102295,0.5880014300346375,0.42715829610824585,2.8115861415863037,0.01600102335214615,1.0
1779438706.0691757,62,-2.244267463684082,1.658064842224121,0.3876526355743408,0.4135238230228424,2.823563814163208,0.01572771556675434,1.0
1779438706.094655,62,0.0,0.0,0.0,0.0,0.0,0.0,1.0
1779438706.1197152,62,-2.5970489978790283,1.1843379735946655,0.28921788930892944,0.36207014322280884,2.875426769256592,0.014952898025512695,1.0
1779438706.137805,62,-2.800065040588379,0.8125544190406799,0.5195626616477966,0.3990161418914795,2.9564104080200195,0.022517245262861252,1.0
1779438706.2136564,61,-5.601409435272217,0.5821167826652527,1.7373883724212646,1.5018303394317627,5.97607421875,0.0697464644908905,0.9838709677419355
1779438706.2459762,61,-2.378769636154175,-0.05338124930858612,0.9099351763725281,0.7495835423469543,2.575512409210205,0.0352926030755043,1.0
1779438706.2771122,61,-1.9719163179397583,0.20671607553958893,0.8957512378692627,0.6814551949501038,2.211658239364624,0.03180690109729767,1.0
1779438706.309354,61,-1.7307534217834473,0.6295005679130554,0.8100586533546448,0.6326285004615784,2.0542328357696533,0.039210859686136246,1.0
1779438706.3413842,61,-1.484650731086731,0.9966968297958374,0.8052488565444946,0.5454983115196228,1.9909353256225586,0.06663583219051361,1.0
1779438706.3743584,61,-0.9483771324157715,1.2880116701126099,0.7844288349151611,0.49216002225875854,1.803897500038147,0.06582020223140717,1.0
1779438706.4063537,61,-0.36266663670539856,1.5520304441452026,0.7411959767341614,0.4493110477924347,1.77457857131958,0.07008988410234451,1.0
1779438706.4373837,61,0.5468398332595825,1.8497462272644043,0.6777371168136597,0.49295419454574585,2.03979754447937,0.037166181951761246,1.0
1779438706.4732668,61,1.4721075296401978,1.7122076749801636,0.49914202094078064,0.4089113175868988,2.3042726516723633,0.021156111732125282,1.0
1779438706.4974515,61,0.0,0.0,0.0,0.0,0.0,0.0,1.0
1779438706.5209098,61,2.419260025024414,1.372318148612976,0.3306106626987457,0.3425685465335846,2.7924273014068604,0.015900904312729836,1.0
1779438706.5355136,61,3.4759645462036133,0.9327325224876404,0.6504966020584106,0.39344459772109985,3.6111843585968018,0.0436212457716465,1.0
1779438706.613221,57,7.919198036193848,0.8367384672164917,1.697918176651001,1.1127523183822632,8.053616523742676,0.07787028700113297,0.9344262295081968
1779438706.6464565,57,4.275680065155029,0.26095205545425415,0.9821427464485168,0.6648232340812683,4.336622714996338,0.0365399606525898,1.0
1779438706.678269,57,3.90628981590271,0.3175434172153473,0.8955246210098267,0.7355961203575134,3.992079973220825,0.028491294011473656,1.0
1779438706.710784,57,3.6481637954711914,0.6672981381416321,0.8138447403907776,0.680604875087738,3.7650766372680664,0.030107256025075912,1.0
1779438706.7405798,57,3.3551127910614014,0.8040993809700012,0.7655071020126343,0.6735350489616394,3.509946823120117,0.028732826933264732,1.0
1779438706.7731004,57,2.7080435752868652,0.720094621181488,0.6855641603469849,0.5518345236778259,2.856355905532837,0.01943221129477024,1.0
1779438706.8054714,57,2.3621957302093506,0.5208499431610107,0.560218095779419,0.39949333667755127,2.4483554363250732,0.010629301890730858,1.0
1779438706.8370576,57,2.0258731842041016,0.2781706750392914,0.42985787987709045,0.28015610575675964,2.064551830291748,0.02001810446381569,1.0
1779438706.8705304,57,1.6067042350769043,-0.0391845703125,0.376278281211853,0.20898017287254333,1.6220312118530273,0.010046608746051788,1.0
1779438706.8953447,57,0.0,0.0,0.0,0.0,0.0,0.0,1.0
1779438706.9194896,57,1.2141785621643066,-0.27708837389945984,0.27676427364349365,0.14848047494888306,1.2567005157470703,0.010825472883880138,1.0
1779438706.9421523,57,1.0356950759887695,-0.4756697416305542,0.21919311583042145,0.19082243740558624,1.1625839471817017,0.010861084796488285,1.0
1779438706.99663,57,1.660057783126831,-1.0659040212631226,0.35991325974464417,0.4430195689201355,2.034468173980713,0.015707949176430702,1.0
1779438707.0448444,57,0.7355745434761047,-0.43553563952445984,0.1732601523399353,0.22534042596817017,0.8785985708236694,0.010297605767846107,1.0
1779438707.0774662,57,0.7656158804893494,-0.25648659467697144,0.1618368774652481,0.17675799131393433,0.8256966471672058,0.010038233362138271,1.0
1779438707.1140728,57,0.8744289875030518,-0.030987923964858055,0.1442526876926422,0.14348159730434418,0.8863700032234192,0.008500983938574791,1.0
1779438707.1418748,57,0.9122287631034851,0.12210939824581146,0.13907529413700104,0.11443055421113968,0.9274471402168274,0.007222402840852737,1.0
1779438707.172911,57,1.0546928644180298,0.2761099338531494,0.16527526080608368,0.12368036806583405,1.0975215435028076,0.009255421347916126,1.0
1779438707.2044344,57,1.1652112007141113,0.3455328643321991,0.1765064001083374,0.1244131326675415,1.2203116416931152,0.012002925388514996,1.0
1779438707.2376745,57,1.2077701091766357,0.218063622713089,0.19538910686969757,0.12444745749235153,1.2334450483322144,0.010350780561566353,1.0
1779438707.2700584,57,1.2401305437088013,0.10738547146320343,0.1978800743818283,0.10983368009328842,1.249535083770752,0.010545726865530014,1.0
1779438707.3019712,57,1.2013554573059082,0.03773150593042374,0.23129989206790924,0.16233807802200317,1.213320255279541,0.010303298942744732,1.0
1779438707.327431,57,0.0,0.0,0.0,0.0,0.0,0.0,1.0
1779438707.3509247,57,1.1421921253204346,-0.01776578091084957,0.26900678873062134,0.14444047212600708,1.1513457298278809,0.00886031799018383,1.0
1779438707.3978066,57,1.9932730197906494,-0.040072258561849594,0.5060033798217773,0.27679112553596497,2.013298273086548,0.009071817621588707,1.0
1779438707.4473486,57,0.7528359889984131,0.057655736804008484,0.21409574151039124,0.15048201382160187,0.7696716785430908,0.008462696336209774,1.0
1779438707.4770627,57,0.6675845980644226,0.1407395750284195,0.22772206366062164,0.16811777651309967,0.6962940096855164,0.008864182978868484,1.0
1779438707.5095797,56,0.6042079925537109,0.20847484469413757,0.563957929611206,0.3832307755947113,0.6891583204269409,0.036950696259737015,0.9824561403508771
1779438707.541646,56,0.47023582458496094,0.10231781005859375,0.4859517216682434,0.2988450825214386,0.5282192826271057,0.014788435772061348,1.0
1779438707.573444,56,0.13841083645820618,0.1989138424396515,0.3428346812725067,0.20713746547698975,0.3740254342556,0.011234319768846035,1.0
1779438707.6048884,56,-0.0047476631589233875,0.2991248667240143,0.43678247928619385,0.23698924481868744,0.506328284740448,0.012179888784885406,1.0
1779438707.636833,56,-0.10549872368574142,0.3304857611656189,0.5821531414985657,0.2802639901638031,0.6522272825241089,0.011173018254339695,1.0
1779438707.6697073,56,0.00318554462864995,0.1199057474732399,0.5838252902030945,0.2490527182817459,0.5823267102241516,0.011237985454499722,1.0
1779438707.701576,56,0.21846553683280945,-0.10517120361328125,0.4916450083255768,0.2944028079509735,0.5209940075874329,0.012895955704152584,1.0
1779438707.723453,56,0.0,0.0,0.0,0.0,0.0,0.0,1.0
1779438707.7355251,56,0.35857120156288147,-0.1941770762205124,0.4144795835018158,0.25930798053741455,0.5522879362106323,0.01123651210218668,1.0
1779438707.7977023,56,1.0884459018707275,-0.2752549350261688,0.5457383990287781,0.47643548250198364,1.2524163722991943,0.017706522718071938,1.0
1779438707.8447583,56,0.496520459651947,-0.027016503736376762,0.19919198751449585,0.1675235778093338,0.5318081974983215,0.01153719611465931,1.0
1779438707.8776517,56,0.5047269463539124,0.052949633449316025,0.16946090757846832,0.13465580344200134,0.5267001390457153,0.010845931246876717,1.0
1779438707.9095528,56,0.4494977593421936,0.16806329786777496,0.15808254480361938,0.08836882561445236,0.4898947775363922,0.009843180887401104,1.0
1779438707.941956,56,0.353271484375,0.3387189507484436,0.18751664459705353,0.16527384519577026,0.5031042695045471,0.008304877206683159,1.0
1779438707.9748285,56,0.1388176530599594,0.47384342551231384,0.15295638144016266,0.20570774376392365,0.5150263905525208,0.009273805655539036,1.0
1779438708.0088053,56,-0.06051826477050781,0.5141776204109192,0.15640421211719513,0.22635109722614288,0.5462952256202698,0.00617636414244771,1.0
1779438708.0368514,56,-0.28106197714805603,0.5892797112464905,0.1949130743741989,0.21623675525188446,0.693548321723938,0.00677566509693861,1.0
1779438708.0697842,56,-0.5431565046310425,0.7051410675048828,0.1873728334903717,0.2328203320503235,0.9226699471473694,0.00889388844370842,1.0
1779438708.1028175,56,-0.7255423665046692,0.6733395457267761,0.21237385272979736,0.19051095843315125,1.0169897079467773,0.010887953452765942,1.0
1779438708.126099,56,0.0,0.0,0.0,0.0,0.0,0.0,1.0
1779438708.1489224,56,-0.7685971856117249,0.6984677910804749,0.20297008752822876,0.2155441790819168,1.0625689029693604,0.011088739149272442,1.0
1779438708.1990333,56,-1.2804548740386963,1.0137606859207153,0.3582209050655365,0.2706756889820099,1.6688339710235596,0.01621132716536522,1.0
1779438708.2453961,56,-0.4250733554363251,0.29089900851249695,0.1399298906326294,0.11031726002693176,0.5264192223548889,0.009062311612069607,1.0
1779438708.2778885,56,-0.307189404964447,0.14234161376953125,0.1063297688961029,0.09246256947517395,0.3486380875110626,0.004471743945032358,1.0
1779438708.3078454,56,-0.19141361117362976,0.04937853291630745,0.1472267359495163,0.0658835917711258,0.2077384740114212,0.004638278391212225,1.0
1779438708.3425498,56,-0.14475631713867188,-0.0055983406491577625,0.10474864393472672,0.06317397207021713,0.16292794048786163,0.0037282498087733984,1.0
1779438708.3749063,56,-0.03929546847939491,-0.07327161729335785,0.06392883509397507,0.06353411823511124,0.10891139507293701,0.002905961126089096,1.0
1779438708.4067314,56,-0.0007615770446136594,-0.1310165971517563,0.09129265695810318,0.06989623606204987,0.16031326353549957,0.0033684500958770514,1.0
1779438708.4373486,56,0.03974614664912224,-0.14490754902362823,0.059430766850709915,0.06737758964300156,0.16405881941318512,0.0029580111149698496,1.0
1779438708.474704,56,0.0664781853556633,-0.18540246784687042,0.08378785103559494,0.0973072424530983,0.2192397117614746,0.0033685730304569006,1.0
1779438708.5011618,56,0.051315851509571075,-0.11285727471113205,0.057390157133340836,0.05978184565901756,0.1385432481765747,0.0033508960623294115,1.0
1779438708.5225194,56,0.0,0.0,0.0,0.0,0.0,0.0,1.0
1779438708.537929,56,0.012392861768603325,-0.08788163214921951,0.0504818819463253,0.054466113448143005,0.09679414331912994,0.002194465370848775,1.0
1779438708.5982115,56,-0.014863423071801662,-0.10136658698320389,0.12147055566310883,0.10227769613265991,0.14197403192520142,0.002924706321209669,1.0
1779438708.6469889,56,-0.030439376831054688,-0.027890341356396675,0.11382518708705902,0.11744049936532974,0.1041904091835022,0.001984292408451438,1.0
1779438708.6777368,56,0.007853099144995213,0.03147098049521446,0.062253814190626144,0.054224397987127304,0.07407200336456299,0.002017215359956026,1.0
1779438708.709928,56,0.018408911302685738,0.04668181389570236,0.06703174114227295,0.04971139505505562,0.08643306791782379,0.0018621794879436493,1.0
1779438708.741813,56,0.050584521144628525,0.04316139221191406,0.08152834326028824,0.038927193731069565,0.09462172538042068,0.0021413732320070267,1.0
1779438708.7733266,56,0.0552651546895504,0.02954755537211895,0.07515053451061249,0.04603347182273865,0.0942223072052002,0.002013356192037463,1.0
1779438708.8058684,56,0.07098797708749771,0.0063988822512328625,0.05405759438872337,0.03794759139418602,0.08415389060974121,0.002099049976095557,1.0
1779438708.836382,56,0.12105560302734375,-0.03319331631064415,0.08985783904790878,0.0531252846121788,0.13684388995170593,0.0021650453563779593,1.0
1779438708.873749,56,0.08345603942871094,-0.044272832572460175,0.06416254490613937,0.0444110743701458,0.10437328368425369,0.0027176826260983944,1.0
1779438708.9025786,56,0.0395137257874012,-0.1259108930826187,0.07665480673313141,0.08088825643062592,0.1531738042831421,0.003386462340131402,1.0
1779438708.9279814,56,0.0,0.0,0.0,0.0,0.0,0.0,1.0
1779438708.9480984,56,-0.13357679545879364,-0.4093655049800873,0.16141100227832794,0.16350939869880676,0.4532115161418915,0.005501689855009317,1.0
1779438708.9976282,56,-0.8737196326255798,-1.467478632926941,0.5215726494789124,0.5443242788314819,1.7565311193466187,0.01266022864729166,1.0
1779438709.0447378,56,-0.397292822599411,-0.5784206390380859,0.20718972384929657,0.22977440059185028,0.7161373496055603,0.007278501521795988,1.0
1779438709.0770948,56,-0.27056995034217834,-0.42248645424842834,0.12256021052598953,0.17707444727420807,0.508435070514679,0.007075081579387188,1.0
1779438709.1098282,56,-0.1932460218667984,-0.239715576171875,0.09152578562498093,0.1180761381983757,0.3244646489620209,0.0055117360316216946,1.0
1779438709.1417046,56,-0.15935461223125458,-0.10292652994394302,0.0820138230919838,0.0667484775185585,0.20259693264961243,0.004243104252964258,1.0
1779438709.1736877,56,-0.1366291046142578,0.03305843845009804,0.10339594632387161,0.08382468670606613,0.16061387956142426,0.003154439851641655,1.0
1779438709.2058027,56,-0.07990319281816483,0.17683818936347961,0.10561724007129669,0.11793509125709534,0.22067001461982727,0.004288468975573778,1.0
1779438709.2371128,56,-0.007874897681176662,0.31661686301231384,0.16052520275115967,0.12677578628063202,0.3573071360588074,0.004975777585059404,1.0
1779438709.2695713,56,0.06637300550937653,0.4164011776447296,0.1839084029197693,0.1681165248155594,0.46267685294151306,0.007272709626704454,1.0
1779438709.303804,56,0.1565486341714859,0.2919614017009735,0.16097092628479004,0.12003331631422043,0.36118564009666443,0.004688142333179712,1.0
1779438709.3276143,56,0.0,0.0,0.0,0.0,0.0,0.0,1.0
1779438709.3425822,56,0.15198108553886414,0.19249208271503448,0.10826235264539719,0.08364185690879822,0.2592158317565918,0.004164767451584339,1.0
1779438709.4021223,56,0.32066863775253296,0.15067727863788605,0.16207753121852875,0.08503848314285278,0.3636780381202698,0.0036041964776813984,1.0
1779438709.444799,56,0.15684673190116882,-0.0036931720096617937,0.08651983737945557,0.040464721620082855,0.1625937521457672,0.002118621952831745,1.0
1779438709.4765942,56,0.1170261949300766,-0.0011021749814972281,0.06792668253183365,0.03448168933391571,0.12181556224822998,0.0022611923050135374,1.0
1779438709.5129874,56,0.08823585510253906,0.009346281178295612,0.053082726895809174,0.03817376121878624,0.09532762318849564,0.0017865319969132543,1.0
1779438709.5419397,56,0.11084147542715073,0.06145722419023514,0.2505287826061249,0.17509691417217255,0.14146126806735992,0.013634257018566132,1.0
1779438709.5736144,56,0.1849931925535202,0.02178083173930645,0.6269158720970154,0.20743191242218018,0.21972982585430145,0.02244027890264988,1.0
1779438709.60515,56,0.0180228091776371,0.05231993645429611,0.13099083304405212,0.06785032153129578,0.1022142693400383,0.0065482379868626595,1.0
1779438709.6367676,56,0.04866572842001915,0.06014060974121094,0.06264004856348038,0.036787379533052444,0.09559120237827301,0.003791977884247899,1.0
1779438709.6678622,56,0.0921216681599617,0.061212267726659775,0.16377153992652893,0.0914597436785698,0.15153701603412628,0.007319835014641285,1.0
1779438709.7027817,56,0.0635920912027359,0.0746416375041008,0.11004678159952164,0.11005807667970657,0.13983716070652008,0.02268768660724163,1.0
1779438709.7257266,56,0.0,0.0,0.0,0.0,0.0,0.0,1.0
1779438709.7441633,56,0.09090941399335861,0.018905093893408775,0.12559479475021362,0.1143091544508934,0.1510319858789444,0.018082741647958755,1.0
1779438709.798127,55,0.3359164297580719,0.04138045012950897,0.17401298880577087,0.2243943065404892,0.3985171914100647,0.007722012232989073,0.9821428571428571
1779438709.8473544,55,0.1987515538930893,0.057933736592531204,0.11780094355344772,0.12171243876218796,0.23825284838676453,0.004965866915881634,1.0
1779438709.876921,55,0.15979503095149994,0.12670676410198212,0.17762592434883118,0.14441516995429993,0.2686246633529663,0.005085678305476904,1.0
1779438709.9106133,55,0.08325666934251785,0.25211820006370544,0.18599465489387512,0.1938963234424591,0.3289504051208496,0.0039872704073786736,1.0
1779438709.9410887,55,-0.058949973434209824,0.27121859788894653,0.18673326075077057,0.22980622947216034,0.33418652415275574,0.0035466437693685293,1.0
1779438709.9747345,55,-0.22525440156459808,0.35300153493881226,0.2841401696205139,0.2497355341911316,0.4788653552532196,0.0068075223825871944,1.0
1779438710.0047863,55,-0.2311229407787323,0.3141385018825531,0.2574581503868103,0.268189013004303,0.46506768465042114,0.006409028545022011,1.0
1779438710.0385962,55,-0.21576038002967834,0.25620171427726746,0.2659194767475128,0.2784201204776764,0.42517533898353577,0.00614728219807148,1.0
1779438710.0717788,55,-0.19296154379844666,0.235343798995018,0.2857738137245178,0.2477923333644867,0.40053659677505493,0.00712998490780592,1.0
1779438710.1028492,55,-0.030972013249993324,0.21004749834537506,0.2286757379770279,0.18810462951660156,0.2925703823566437,0.0044051529839634895,1.0
1779438710.1278622,55,0.0,0.0,0.0,0.0,0.0,0.0,1.0
1779438710.1471438,55,0.19777055084705353,0.2259044349193573,0.24382425844669342,0.16706976294517517,0.3276127874851227,0.005577608477324247,1.0
1779438710.1985204,55,1.775757074356079,0.5334311723709106,0.32970666885375977,0.3023151755332947,1.871678113937378,0.013494017533957958,1.0
1779438710.245784,55,1.24445378780365,0.28208228945732117,0.16454680263996124,0.2215805947780609,1.2927333116531372,0.012123643420636654,1.0
1779438710.2780142,55,1.2909746170043945,0.31867119669914246,0.21982230246067047,0.22896486520767212,1.3456404209136963,0.012860901653766632,1.0
1779438710.3098767,55,1.2321999073028564,0.3660835921764374,0.18715769052505493,0.2529655694961548,1.3068523406982422,0.014531203545629978,1.0
1779438710.3426435,55,1.0455724000930786,0.29375556111335754,0.1883004605770111,0.2592598795890808,1.116495966911316,0.010624605230987072,1.0
1779438710.3728576,55,0.8343991637229919,0.23090071976184845,0.17174234986305237,0.14573252201080322,0.8775448203086853,0.005963962525129318,1.0
1779438710.4064338,55,0.5116077661514282,0.23341508209705353,0.14217446744441986,0.17011091113090515,0.5759181380271912,0.008000478148460388,1.0
1779438710.4375107,55,0.20858487486839294,0.2238023281097412,0.1041729599237442,0.1838344931602478,0.3246525228023529,0.006550445221364498,1.0
1779438710.4700952,55,-0.007405783981084824,0.20248329639434814,0.22303955256938934,0.1815481334924698,0.26807108521461487,0.022897059097886086,1.0
1779438710.5008087,55,-0.2832988500595093,0.2903786301612854,0.2608488202095032,0.45230191946029663,0.4953163266181946,0.014729627408087254,1.0
1779438710.5264375,55,0.0,0.0,0.0,0.0,0.0,0.0,1.0
1779438710.5474856,55,-0.4418163001537323,0.27703163027763367,0.347710520029068,0.3420048952102661,0.6375654339790344,0.010631733573973179,1.0
1779438710.601449,55,-0.7725724577903748,0.3035070300102234,0.2885635495185852,0.19477981328964233,0.8510029911994934,0.009226158261299133,1.0
1779438710.6508725,55,-0.3552684485912323,0.06849198788404465,0.1893416941165924,0.1966376006603241,0.3921542763710022,0.007005429361015558,1.0
1779438710.6778934,55,-0.3022402822971344,0.05230768397450447,0.13875238597393036,0.13119350373744965,0.32802993059158325,0.006646828725934029,1.0
1779438710.7107215,55,-0.3629871606826782,0.074497289955616,0.19880978763103485,0.15504752099514008,0.39064154028892517,0.004807629156857729,1.0
1779438710.7416008,55,-0.5783921480178833,0.12647511065006256,0.1994277834892273,0.15658776462078094,0.6175320744514465,0.012119658291339874,1.0
1779438710.772684,55,-0.7688238024711609,0.055334195494651794,0.1958005577325821,0.1825220286846161,0.7943780422210693,0.010212224908173084,1.0
1779438710.8053677,55,-0.9226082563400269,-0.0853634923696518,0.29731184244155884,0.1355784386396408,0.9366472363471985,0.012104061432182789,1.0
1779438710.838629,55,-0.8771079182624817,-0.10486339032649994,0.2802778482437134,0.16747422516345978,0.9002188444137573,0.02243073284626007,1.0
1779438710.869573,55,-0.6332733035087585,-0.07144664227962494,0.2526647448539734,0.14984799921512604,0.6560947299003601,0.018463926389813423,1.0
1779438710.9005928,55,-0.5582555532455444,-0.13577020168304443,0.16925282776355743,0.2010326236486435,0.6001836657524109,0.012914471328258514,1.0
1779438710.9255092,55,0.0,0.0,0.0,0.0,0.0,0.0,1.0
1779438710.9376411,55,-0.618493378162384,-0.1877782642841339,0.30490171909332275,0.20486709475517273,0.6750239729881287,0.016588088124990463,1.0
1779438710.9978426,55,-0.4271012842655182,-0.3096047043800354,0.1859910637140274,0.1690700203180313,0.5378409028053284,0.0053588044829666615,1.0
1779438711.0462224,55,-0.02952325902879238,-0.09403658658266068,0.11348976939916611,0.07150577008724213,0.13262490928173065,0.004281213972717524,1.0
1779438711.0775168,55,0.12784895300865173,-0.007803067099303007,0.11688853800296783,0.05220292881131172,0.14572939276695251,0.0036596860736608505,1.0
1779438711.109501,55,0.1804007738828659,0.05461370199918747,0.15810047090053558,0.07646286487579346,0.22376708686351776,0.004384790081530809,1.0
1779438711.142494,55,0.08817582577466965,0.09975919127464294,0.15640029311180115,0.10636214166879654,0.20081548392772675,0.006468421313911676,1.0
1779438711.1740234,55,-0.03503667563199997,0.1091156005859375,0.08435793220996857,0.07876939326524734,0.14305756986141205,0.0029873542953282595,1.0
1779438711.2058969,55,-0.18710577487945557,0.170326367020607,0.078981414437294,0.1036999300122261,0.2693409323692322,0.0040558273904025555,1.0
1779438711.238699,55,-0.3021281957626343,0.17760702967643738,0.1611475944519043,0.10302633792161942,0.36371397972106934,0.0051625934429466724,1.0
1779438711.2729793,55,-0.1387728601694107,0.09860007464885712,0.1028183251619339,0.08861133456230164,0.18625187873840332,0.004645229782909155,1.0
1779438711.300706,55,-0.020489225164055824,0.05718189477920532,0.05374155566096306,0.057409338653087616,0.08176696300506592,0.0017212115926668048,1.0
1779438711.3145652,55,0.0,0.0,0.0,0.0,0.0,0.0,1.0
1779438711.3344066,55,0.18890158832073212,0.012142112478613853,0.10704919695854187,0.07326450943946838,0.20476800203323364,0.004173699300736189,1.0
1779438711.3980393,55,0.9466142058372498,-0.17750327289104462,0.21829159557819366,0.12987561523914337,0.9758252501487732,0.007136514876037836,1.0
1779438711.444899,55,0.3849617838859558,-0.07218822091817856,0.1282065510749817,0.06501481682062149,0.3979676067829132,0.007453107740730047,1.0
1779438711.478823,55,0.30911532044410706,0.03187394514679909,0.08463133126497269,0.057323504239320755,0.3158177137374878,0.0037584516685456038,1.0
1779438711.5106645,55,0.27222180366516113,0.13003095984458923,0.11783275753259659,0.09488722681999207,0.3132500648498535,0.004166648257523775,1.0
1779438711.5418968,55,0.19082364439964294,0.137733593583107,0.09169799834489822,0.10040988773107529,0.2537620961666107,0.003189320443198085,1.0
1779438711.5734093,55,0.11780311912298203,0.015304287895560265,0.05674630403518677,0.055362094193696976,0.1297500729560852,0.001977652544155717,1.0
1779438711.6055324,55,0.07792358100414276,-0.08659917861223221,0.03679458796977997,0.04419081658124924,0.1213962733745575,0.00244879350066185,1.0
1779438711.6363263,55,0.07197487354278564,-0.11992326378822327,0.05851222574710846,0.052672211080789566,0.1482556015253067,0.0017730880063027143,1.0
1779438711.6696272,55,0.07241544127464294,-0.09851323813199997,0.06892143189907074,0.0547056645154953,0.13861779868602753,0.00189812236931175,1.0
1779438711.7064507,55,0.0959530919790268,-0.042504604905843735,0.09375640004873276,0.051001064479351044,0.1332661360502243,0.002201704541221261,1.0
1779438711.725827,55,0.0,0.0,0.0,0.0,0.0,0.0,1.0
1779438711.7416065,55,0.030823031440377235,-0.003413529833778739,0.07157565653324127,0.04631180688738823,0.07185246795415878,0.0014259540475904942,1.0
1779438711.7979589,55,-0.4119071364402771,0.05268388241529465,0.13722991943359375,0.09320277720689774,0.42625364661216736,0.003966469783335924,1.0
1779438711.8457718,55,-0.5172132849693298,-0.0006336558726616204,0.13841071724891663,0.07628192752599716,0.5231713652610779,0.006771974731236696,1.0
1779438711.8776195,55,-0.6076557636260986,-0.06117664650082588,0.16159659624099731,0.10255204886198044,0.6188592910766602,0.004624304361641407,1.0
1779438711.9098444,55,-0.6403314471244812,-0.10278236865997314,0.1943880170583725,0.16396696865558624,0.6660931706428528,0.008041594177484512,1.0
1779438711.9424622,55,-0.6658990979194641,-0.1400432288646698,0.1774699091911316,0.143819659948349,0.6940069198608398,0.005521091632544994,1.0
1779438711.9734027,55,-0.5897027850151062,-0.11144658923149109,0.14439794421195984,0.11072787642478943,0.6096047759056091,0.006411761976778507,1.0
1779438712.0107112,55,-0.549426257610321,-0.07368635386228561,0.13067461550235748,0.08653003722429276,0.5600666999816895,0.0067468490451574326,1.0
1779438712.0377598,55,-0.4614241123199463,0.004698042292147875,0.10164038091897964,0.06012245640158653,0.46561872959136963,0.005868139211088419,1.0
1779438712.0691688,55,-0.43053922057151794,0.08347944915294647,0.1334540843963623,0.06550700217485428,0.4441687762737274,0.006200750824064016,1.0
1779438712.1016572,55,-0.3315940201282501,0.18387091159820557,0.10617154836654663,0.07517077028751373,0.38963043689727783,0.006475390400737524,1.0
1779438712.126913,55,0.0,0.0,0.0,0.0,0.0,0.0,1.0
1779438712.1450481,55,-0.26626336574554443,0.20321571826934814,0.09311866760253906,0.07839834690093994,0.34350070357322693,0.005293611902743578,1.0
1779438712.1979744,55,-0.3320539891719818,0.28736016154289246,0.10273666679859161,0.09704887121915817,0.44644495844841003,0.004416377749294043,1.0
1779438712.2463598,55,-0.05084061995148659,0.06351234763860703,0.05095924064517021,0.05188117176294327,0.09531056135892868,0.002291392767801881,1.0
1779438712.2779927,55,-0.03400712460279465,0.003067571436986327,0.05228796601295471,0.03369755670428276,0.055425677448511124,0.0015663495287299156,1.0
1779438712.3096638,55,0.013433005660772324,-0.03309464827179909,0.07403934746980667,0.04095909371972084,0.06914380937814713,0.0020229213405400515,1.0
1779438712.3420749,55,0.07523775845766068,-0.054983243346214294,0.05888617783784866,0.03364076465368271,0.10147278755903244,0.0019862274639308453,1.0
1779438712.374871,55,0.18525058031082153,-0.03966813534498215,0.0668642520904541,0.047079913318157196,0.19525203108787537,0.002345169661566615,1.0
1779438712.4068432,55,0.38260191679000854,0.00928067322820425,0.11362297832965851,0.06001048535108566,0.38781848549842834,0.003446893999353051,1.0
1779438712.4378405,55,0.48479780554771423,0.12047895789146423,0.15377438068389893,0.08630825579166412,0.5046386122703552,0.005320356693118811,1.0
1779438712.469939,55,0.4636915624141693,0.11348793655633926,0.13927632570266724,0.08193505555391312,0.48368197679519653,0.004802649840712547,1.0
1779438712.5016,55,0.369131475687027,0.07933682203292847,0.12100834399461746,0.0851501002907753,0.3864302337169647,0.0057204426266252995,1.0
1779438712.526765,55,0.0,0.0,0.0,0.0,0.0,0.0,1.0
1779438712.5471132,55,0.3573150634765625,0.059786710888147354,0.09744206070899963,0.07378997653722763,0.3698168396949768,0.0050553735345602036,1.0
1779438712.598526,55,0.49951061606407166,-0.042639993131160736,0.15117356181144714,0.08849301189184189,0.5113139748573303,0.005619092378765345,1.0
1779438712.644799,55,0.13340038061141968,-0.06540194153785706,0.06149185076355934,0.03769245371222496,0.15564948320388794,0.002423600060865283,1.0
1779438712.6773,55,0.07419156283140182,-0.07623984664678574,0.060033198446035385,0.0410664901137352,0.1144319698214531,0.0015703332610428333,1.0
1779438712.7094786,55,0.028804155066609383,-0.06315446645021439,0.04215633496642113,0.039488185197114944,0.0777314081788063,0.001559035968966782,1.0
1779438712.7405517,55,-0.015925737097859383,-0.06318719685077667,0.02179092913866043,0.04545709118247032,0.07214300334453583,0.0016632344340905547,1.0
1779438712.7750113,55,-0.055090609937906265,-0.03284856677055359,0.04033071547746658,0.025475382804870605,0.07358536869287491,0.001477093668654561,1.0
1779438712.8103004,55,-0.10817427188158035,0.026625199243426323,0.07166916877031326,0.04660804197192192,0.11934196203947067,0.0014245330821722746,1.0
1779438712.8379886,55,-0.16282930970191956,0.0860309973359108,0.07415695488452911,0.04538460075855255,0.1907331347465515,0.0029408070258796215,1.0
1779438712.8724716,55,-0.14309802651405334,0.12670870125293732,0.06490006297826767,0.05914341285824776,0.20140306651592255,0.0034535881131887436,1.0
1779438712.9019377,55,-0.11734369397163391,0.13756020367145538,0.07104617357254028,0.05696335434913635,0.1914728879928589,0.0025247116573154926,1.0
1779438712.9162748,55,0.0,0.0,0.0,0.0,0.0,0.0,1.0
1779438712.9402905,55,-0.06820040941238403,0.07009832561016083,0.05121435597538948,0.043499112129211426,0.11372040957212448,0.002169940620660782,1.0
1779438712.9978132,55,-0.1324252039194107,0.10932783782482147,0.09269753098487854,0.059090498834848404,0.1889394372701645,0.0027737205382436514,1.0
1779438713.0459745,55,-0.07490262389183044,0.02880054898560047,0.046174027025699615,0.06572558730840683,0.09769567102193832,0.0016384028131142259,1.0
1779438713.0794716,55,-0.07841158658266068,0.036203280091285706,0.039779629558324814,0.03920385614037514,0.09467002004384995,0.0019236506195738912,1.0
1779438713.1090584,55,-0.09066078811883926,0.02562006190419197,0.043001655489206314,0.0424058772623539,0.10125747323036194,0.0018962997710332274,1.0
1779438713.1413078,55,-0.10866976529359818,0.012209250591695309,0.06153985485434532,0.04242623224854469,0.11449846625328064,0.0017638643039390445,1.0
1779438713.174043,55,-0.10339910537004471,0.011056795716285706,0.0442991703748703,0.03178482875227928,0.10925925523042679,0.0019982713274657726,1.0
1779438713.2059796,55,-0.08667491376399994,0.027189774438738823,0.062331944704055786,0.04296942055225372,0.10029610991477966,0.0016685426235198975,1.0
1779438713.2370589,55,-0.058081887662410736,0.04055009409785271,0.03315640240907669,0.028711166232824326,0.07797478884458542,0.001194615033455193,1.0
1779438713.2694697,55,-0.03891740366816521,0.05040782690048218,0.031143194064497948,0.03069068305194378,0.07039090991020203,0.0013123006792739034,1.0
1779438713.301627,55,-0.013233808800578117,0.06874583661556244,0.026604097336530685,0.030677778646349907,0.0745316669344902,0.0014327584067359567,1.0
1779438713.3269417,55,0.0,0.0,0.0,0.0,0.0,0.0,1.0
1779438713.3506362,55,0.0025909424293786287,0.06650446355342865,0.029546279460191727,0.037508632987737656,0.0740865096449852,0.0011333412257954478,1.0
1779438713.3979983,55,0.07618796825408936,0.07056219130754471,0.03697439655661583,0.036607202142477036,0.1097545400261879,0.0016714311204850674,1.0
1779438713.4456098,55,0.07310263812541962,0.03573303297162056,0.07628066837787628,0.1670859158039093,0.10415203869342804,0.0029870253056287766,1.0
1779438713.4772415,55,0.14055868983268738,0.006871171295642853,0.2867589592933655,0.1678909957408905,0.17248885333538055,0.018128804862499237,1.0
1779438713.5095189,55,0.041507791727781296,-0.04639115929603577,0.08048590272665024,0.14600153267383575,0.11760520935058594,0.01303603034466505,1.0
1779438713.5417159,55,0.004756025969982147,-0.030603859573602676,0.10751880705356598,0.07851534336805344,0.077411949634552,0.002947286469861865,1.0
1779438713.5732625,55,0.009359464049339294,-0.0014884255360811949,0.044266074895858765,0.02904893457889557,0.04061449319124222,0.0012216559844091535,1.0
1779438713.605729,55,0.01885264925658703,0.010593206621706486,0.05513985455036163,0.04473328962922096,0.0609029084444046,0.001119485474191606,1.0
1779438713.638147,55,0.012053333222866058,0.021529318764805794,0.03769984841346741,0.03802197054028511,0.05214107781648636,0.0017411052249372005,1.0
1779438713.6705472,55,0.01361722033470869,0.007936789654195309,0.0338817797601223,0.029173027724027634,0.03955888748168945,0.001735796220600605,1.0
1779438713.702312,55,0.007577792275696993,-0.018484219908714294,0.11271804571151733,0.04271191358566284,0.06541264057159424,0.0052206916734576225,1.0
1779438713.7169757,55,0.0,0.0,0.0,0.0,0.0,0.0,1.0
1779438713.7412593,55,-0.025980446487665176,-0.074886254966259,0.13620609045028687,0.09615350514650345,0.12785667181015015,0.007181685417890549,1.0
1779438713.798186,55,-0.37929272651672363,-0.16607943177223206,0.4275113642215729,0.2565596401691437,0.4629480540752411,0.015082222409546375,1.0
1779438713.8488848,55,-0.1815526783466339,-0.1265699863433838,0.08951514959335327,0.1629614531993866,0.23542489111423492,0.003782789222896099,1.0
1779438713.8862162,55,-0.18236666917800903,-0.09563487768173218,0.07997362315654755,0.08494503796100616,0.21630661189556122,0.0031130320858210325,1.0
1779438713.912933,55,-0.14581298828125,-0.07062544673681259,0.06811361759901047,0.06508158147335052,0.1695650964975357,0.003495618002489209,1.0
1779438713.941955,55,-0.15644946694374084,-0.05359053239226341,0.06063898280262947,0.052900999784469604,0.17165988683700562,0.002609201706945896,1.0
1779438713.9732726,55,-0.11573070287704468,-0.03504860773682594,0.05719994008541107,0.04275621846318245,0.12735596299171448,0.0029919096268713474,1.0
1779438714.0058546,55,-0.10190540552139282,-0.037026699632406235,0.054016612470149994,0.03196406736969948,0.11255048215389252,0.0018917527049779892,1.0
1779438714.0385723,55,-0.09594227373600006,-0.03035028651356697,0.03681274130940437,0.03739837929606438,0.10631915181875229,0.0016795821720734239,1.0
1779438714.064061,55,0.0,0.0,0.0,0.0,0.0,0.0,1.0
1779438714.0806367,55,-0.10913446545600891,0.010185102932155132,0.04742085188627243,0.04763057082891464,0.1176336482167244,0.0018088778015226126,1.0
1779438714.1206048,55,-0.09126059710979462,0.02767139859497547,0.04716964811086655,0.03236343711614609,0.10193438827991486,0.0022262579295784235,1.0
1779438714.1527562,55,-0.10158524662256241,0.08625044673681259,0.05546603351831436,0.04247889295220375,0.14241980016231537,0.002495849970728159,1.0
1779438714.218436,55,-0.09940130263566971,0.19549699127674103,0.07172627747058868,0.06908495724201202,0.230362668633461,0.0031280051916837692,1.0
1779438714.3788202,55,0.0006003640010021627,0.3131852447986603,0.06703165918588638,0.12686753273010254,0.3228112757205963,0.0031021260656416416,1.0
1779438714.3956416,55,0.016462290659546852,0.029046352952718735,0.025909267365932465,0.02493477053940296,0.042462367564439774,0.001318194204941392,1.0
1779438714.4202929,55,0.02007751539349556,0.019036587327718735,0.032963335514068604,0.022198934108018875,0.04367663338780403,0.0012434858363121748,1.0
1779438714.4447145,55,0.027718838304281235,0.008866466581821442,0.03870197758078575,0.020138071849942207,0.043867968022823334,0.0012048184871673584,1.0
1779438714.4701207,55,0.029034147039055824,0.012896173633635044,0.02550624869763851,0.025699980556964874,0.04371010512113571,0.001115633873268962,1.0
1779438714.5031395,55,0.03103027306497097,0.02031000331044197,0.0256594717502594,0.027230868116021156,0.04726789519190788,0.0011753813596442342,1.0
1779438714.5339096,55,0.02293950878083706,0.020299183204770088,0.027693500742316246,0.031052734702825546,0.04461374878883362,0.0010505259269848466,1.0
1779438714.566944,55,0.0027105158660560846,0.011255715042352676,0.024855591356754303,0.019246527925133705,0.028986651450395584,0.001155098550952971,1.0
1779438714.5999303,55,-0.0022452615667134523,0.004527976270765066,0.025170132517814636,0.01699310541152954,0.0265862587839365,0.001127279712818563,1.0
1779438714.6296263,55,-0.010099099017679691,0.011334228329360485,0.028512926772236824,0.04769667237997055,0.03773459419608116,0.0010584309929981828,1.0
1779438714.6821918,55,-0.01616821251809597,0.04123840481042862,0.03721420466899872,0.09916302561759949,0.06170770525932312,0.001488732872530818,1.0
1779438714.710598,55,-0.05016340687870979,0.02387390099465847,0.030206618830561638,0.024693746119737625,0.06191600114107132,0.0014789393171668053,1.0
1779438714.7442746,55,-0.07798989117145538,0.05773620679974556,0.05645780637860298,0.038840893656015396,0.10470922291278839,0.0016821672907099128,1.0
1779438714.775931,55,-0.08978965133428574,0.08383539319038391,0.0534442663192749,0.050190504640340805,0.12843364477157593,0.0015455788234248757,1.0
1779438714.8072505,55,-0.10912836343050003,0.13702115416526794,0.0650017261505127,0.06431953608989716,0.18683567643165588,0.0020169769413769245,1.0
1779438714.8398707,55,-0.1356470286846161,0.17253585159778595,0.0761101022362709,0.07947202026844025,0.230979323387146,0.0033742485102266073,1.0
1779438714.8728018,55,-0.09399552643299103,0.11331842839717865,0.057382337749004364,0.06313362717628479,0.15499089658260345,0.0032236671540886164,1.0
1779438714.9095697,55,-0.062744140625,0.1121884435415268,0.04627254232764244,0.06467033922672272,0.13677218556404114,0.0033318973146378994,1.0
1779438714.9362297,55,0.0,0.0,0.0,0.0,0.0,0.0,1.0
1779438714.9615998,55,-0.03485717624425888,0.06404723972082138,0.03708593547344208,0.032580044120550156,0.08106303960084915,0.0016937522450461984,1.0
1779438715.00371,55,0.0060846502892673016,0.08434309810400009,0.05105052515864372,0.039648618549108505,0.09882276505231857,0.0019807908684015274,1.0
1779438715.0457723,55,0.023034390062093735,0.04223882406949997,0.03781725466251373,0.031210359185934067,0.060735464096069336,0.0011192576494067907,1.0
1779438715.0779953,55,0.04733137786388397,0.035299960523843765,0.04917793720960617,0.023326117545366287,0.07077869772911072,0.001668627723120153,1.0
1779438715.113655,55,0.04952087253332138,0.033130716532468796,0.033963896334171295,0.028216708451509476,0.06483129411935806,0.001096010790206492,1.0
1779438715.1416733,55,0.041159890592098236,0.027392854914069176,0.034485604614019394,0.024397902190685272,0.055538635700941086,0.0010717444820329547,1.0
1779438715.1722581,55,0.03052118420600891,0.015071799978613853,0.022205451503396034,0.02096652053296566,0.040494829416275024,0.0012856196844950318,1.0
1779438715.2058427,55,0.016126874834299088,-0.002726884325966239,0.019976360723376274,0.019864223897457123,0.028530681505799294,0.0011012388858944178,1.0
1779438715.2410023,55,0.027297141030430794,-0.02125604823231697,0.017646566033363342,0.021150534972548485,0.03954646363854408,0.0010677877580747008,1.0
1779438715.271112,55,0.029641168192029,-0.020467862486839294,0.02366628684103489,0.024624893441796303,0.042715832591056824,0.0009247539564967155,1.0
1779438715.3042905,55,0.0051940917037427425,-0.030614957213401794,0.026637384667992592,0.021402012556791306,0.04173601418733597,0.0011800946667790413,1.0
1779438715.3303034,55,0.0,0.0,0.0,0.0,0.0,0.0,1.0
1779438715.3530142,55,-0.0032262629829347134,-0.019830044358968735,0.026986652985215187,0.021161764860153198,0.035231348127126694,0.0011088971514254808,1.0
1779438715.4017081,55,-0.04970203712582588,-0.045752231031656265,0.03202787786722183,0.0465640090405941,0.07901979982852936,0.001421051099896431,1.0
1779438715.4507217,55,-0.06735673546791077,-0.06296803057193756,0.050222158432006836,0.03417219966650009,0.09862776100635529,0.001425422029569745,1.0
1779438715.4783514,55,-0.08061134815216064,-0.09228932112455368,0.04010288417339325,0.06200644373893738,0.12639647722244263,0.001363989431411028,1.0
1779438715.512242,55,-0.10260286927223206,-0.10663007944822311,0.06812652200460434,0.06935079395771027,0.154875248670578,0.0022502513602375984,1.0
1779438715.5437417,55,-0.09301979839801788,-0.10950012505054474,0.05822189524769783,0.06225482374429703,0.14959411323070526,0.002448327373713255,1.0
1779438715.5791981,55,-0.12502829730510712,-0.08872930705547333,0.06697380542755127,0.05197533592581749,0.15741890668869019,0.0023242586757987738,1.0
1779438715.6056535,55,-0.14560213685035706,-0.06280378997325897,0.0715235099196434,0.0456295907497406,0.1632343828678131,0.002754635876044631,1.0
1779438715.6378348,55,-0.14919129014015198,-0.02605230174958706,0.06620556861162186,0.04207949340343475,0.15768775343894958,0.0027036259416490793,1.0
1779438715.6718554,55,-0.14603549242019653,-0.003435169579461217,0.0714627057313919,0.035580527037382126,0.15040433406829834,0.0023205976467579603,1.0
1779438715.7032979,55,-0.1111544519662857,0.03235973045229912,0.06273460388183594,0.043943267315626144,0.12343703955411911,0.002803851617500186,1.0
1779438715.7285218,55,0.0,0.0,0.0,0.0,0.0,0.0,1.0
1779438715.7541537,55,-0.11083179712295532,0.046213045716285706,0.06592236459255219,0.0688200443983078,0.12949801981449127,0.0027478267438709736,1.0
1779438715.8026552,55,-0.1499955654144287,-0.05134665593504906,0.2032172977924347,0.30496934056282043,0.2700500190258026,0.011568925343453884,1.0
1779438715.8466272,55,-0.09228570759296417,-0.03767089918255806,0.12743587791919708,0.04883415997028351,0.11196481436491013,0.006968352943658829,1.0
1779438715.8797243,55,-0.04662420228123665,-0.048370636999607086,0.09547226130962372,0.03800635412335396,0.08254701644182205,0.0015928928041830659,1.0
1779438715.9128501,55,-0.03793889656662941,-0.06159917637705803,0.05138498172163963,0.03642028942704201,0.08246136456727982,0.001840280368924141,1.0
1779438715.943092,55,-0.01816100999712944,-0.03339677304029465,0.04120826721191406,0.03382718190550804,0.05490325763821602,0.0014886088902130723,1.0
1779438715.976462,55,-0.024994174018502235,-0.008743008598685265,0.03459697961807251,0.022898947820067406,0.041421033442020416,0.001285511301830411,1.0
1779438716.0104194,55,-0.021117886528372765,0.016377119347453117,0.04481039196252823,0.026339471340179443,0.04369068890810013,0.002359382575377822,1.0
1779438716.037911,55,-0.002532958984375,0.02297169156372547,0.11617392301559448,0.03906327113509178,0.06797095388174057,0.002350925002247095,1.0
1779438716.0703628,55,-0.0029574306681752205,0.020499212667346,0.1315217912197113,0.05958254262804985,0.07127530872821808,0.005120600573718548,1.0
1779438716.1019285,55,-0.04120788723230362,0.025580666959285736,0.06192886829376221,0.06879347562789917,0.06844326108694077,0.013604378327727318,1.0
1779438716.1274137,55,0.0,0.0,0.0,0.0,0.0,0.0,1.0
1779438716.1518445,55,-0.05644697695970535,-0.002352350391447544,0.10652957856655121,0.048187751322984695,0.0652446374297142,0.012619818560779095,1.0
1779438716.2017255,55,-0.11063731461763382,-0.08196938037872314,0.08320514857769012,0.19095474481582642,0.15850438177585602,0.012112335301935673,1.0
1779438716.2499213,55,-0.051474276930093765,-0.059716518968343735,0.03627754747867584,0.06291720271110535,0.08685237169265747,0.0012000988936051726,1.0
1779438716.2803278,55,-0.057168301194906235,-0.047915928065776825,0.03487148508429527,0.03980765864253044,0.08148335665464401,0.0014549684710800648,1.0
1779438716.3120365,55,-0.06530234962701797,-0.027657525613904,0.032892145216464996,0.029555296525359154,0.07731422781944275,0.001797421951778233,1.0
1779438716.3434567,55,-0.053146086633205414,-0.028500089421868324,0.033855635672807693,0.02964210882782936,0.06854026764631271,0.001441783388145268,1.0
1779438716.374128,55,-0.0399150513112545,-0.025727150961756706,0.03187938407063484,0.03457838296890259,0.058346159756183624,0.0012083760229870677,1.0
1779438716.408656,55,-0.05014842748641968,-0.05641590431332588,0.04684140160679817,0.03937188908457756,0.08247137069702148,0.0017499754903838038,1.0
1779438716.4426455,55,-0.027691373601555824,-0.07931296527385712,0.038346607238054276,0.04210302233695984,0.09144233912229538,0.0017306905938312411,1.0
1779438716.4708147,55,-0.005000998731702566,-0.12511540949344635,0.030198944732546806,0.07590904831886292,0.1288762092590332,0.0016864596400409937,1.0
1779438716.5102248,55,-0.0028708719182759523,-0.10884121805429459,0.03730568289756775,0.05203073099255562,0.11550263315439224,0.002264475217089057,1.0
1779438716.535279,55,0.0,0.0,0.0,0.0,0.0,0.0,1.0
1779438716.5504498,55,0.00032681552693247795,-0.07532348483800888,0.0254362802952528,0.03356245905160904,0.0795256718993187,0.0014628485077992082,1.0
1779438716.6001637,55,-0.030588045716285706,-0.07947498559951782,0.03872073441743851,0.03975674510002136,0.09231790155172348,0.001772815128788352,1.0
1779438716.6480103,55,-0.01639404334127903,0.0012193159200251102,0.02493962273001671,0.028802240267395973,0.03267816826701164,0.0010316757252439857,1.0
1779438716.6796498,55,-0.016452858224511147,0.005200195126235485,0.025908883661031723,0.020550377666950226,0.03263487294316292,0.0008465804276056588,1.0
1779438716.7170646,55,-0.018717262893915176,0.01667896658182144,0.022990642115473747,0.01887420006096363,0.03443589806556702,0.0011045217979699373,1.0
1779438716.7442172,55,-0.008564341813325882,0.015887727960944176,0.025126812979578972,0.022998806089162827,0.032411061227321625,0.0014192155795171857,1.0
1779438716.7763863,55,-0.005104758311063051,0.004470547661185265,0.028602365404367447,0.02054700255393982,0.030004268512129784,0.0011486836010590196,1.0
1779438716.8085206,55,-0.00971374474465847,0.00899353064596653,0.02219868078827858,0.03745570033788681,0.03523038700222969,0.0011138367699459195,1.0
1779438716.838036,55,-0.0019800360314548016,0.024679843336343765,0.03790335729718208,0.06563937664031982,0.04305601119995117,0.001179685234092176,1.0
1779438716.872205,55,-0.007713179104030132,0.029277177527546883,0.03337613120675087,0.0191203486174345,0.0425468310713768,0.0012302753748372197,1.0
1779438716.9031699,55,0.0020735308062285185,0.03740789368748665,0.022154299542307854,0.02224859967827797,0.04505148530006409,0.0013391877291724086,1.0
1779438716.9283636,55,0.0,0.0,0.0,0.0,0.0,0.0,1.0
1779438716.9519215,55,0.01872558519244194,0.047158535569906235,0.03796946257352829,0.023737896233797073,0.06108437106013298,0.001160609070211649,1.0
1779438717.001224,55,0.054102394729852676,0.10333279520273209,0.03734727203845978,0.04315676912665367,0.12081724405288696,0.0012581425253301859,1.0
1779438717.0495534,55,0.023754606023430824,0.03931690379977226,0.04378587007522583,0.021978478878736496,0.056629329919815063,0.0011307972017675638,1.0
1779438717.0785756,55,0.020503928884863853,0.03617720305919647,0.032824572175741196,0.023069841787219048,0.05150056257843971,0.0010099147912114859,1.0
1779438717.1097121,55,0.01015597302466631,0.03852982819080353,0.02717018313705921,0.022170834243297577,0.04761573299765587,0.0011844480177387595,1.0
1779438717.1412058,55,0.008403985761106014,0.052734650671482086,0.034760311245918274,0.02630242519080639,0.0627983808517456,0.00130451621953398,1.0
1779438717.174637,55,0.009530916810035706,0.056219760328531265,0.028926143422722816,0.030810978263616562,0.06448937207460403,0.0014787805266678333,1.0
1779438717.2046928,55,0.01773321069777012,0.06936728954315186,0.03346637263894081,0.03616650775074959,0.08005239069461823,0.0012698110658675432,1.0
1779438717.2379909,55,0.05444197356700897,0.07209111750125885,0.04433366283774376,0.040040187537670135,0.09796714782714844,0.0013823595363646746,1.0
1779438717.2688484,55,0.07043956220149994,0.05723654851317406,0.04780510440468788,0.03169630840420723,0.09717044234275818,0.001565478858537972,1.0
1779438717.3012998,55,0.06689286977052689,0.032644376158714294,0.03750462085008621,0.027575530111789703,0.07960818707942963,0.0015539346495643258,1.0
1779438717.3257906,55,0.0,0.0,0.0,0.0,0.0,0.0,1.0
1779438717.3485596,55,0.057956766337156296,0.010799339041113853,0.027052922174334526,0.02677748166024685,0.06462474912405014,0.0014648139476776123,1.0
1779438717.3996437,55,0.09297041594982147,-0.03882085531949997,0.04017913341522217,0.03280894085764885,0.10551542043685913,0.002023223787546158,1.0
1779438717.4479167,55,0.018766922876238823,-0.01750488206744194,0.02378241904079914,0.024226557463407516,0.038921840488910675,0.001131535740569234,1.0
1779438717.4800525,55,-0.0010609020246192813,-0.002387306885793805,0.036922894418239594,0.022387417033314705,0.03130742162466049,0.0012108738301321864,1.0
1779438717.511977,55,-0.01069003064185381,0.0056610107421875,0.02533724531531334,0.018092038109898567,0.028620310127735138,0.0012541476171463728,1.0
1779438717.541003,55,-0.043558571487665176,0.032253194600343704,0.034680381417274475,0.028658678755164146,0.06323129683732986,0.0012377011589705944,1.0
1779438717.5735052,55,-0.07900363206863403,0.07489790767431259,0.04592190682888031,0.046078428626060486,0.11694230884313583,0.0019307457841932774,1.0
1779438717.6047227,55,-0.10680846869945526,0.07954572886228561,0.049533337354660034,0.0384179949760437,0.1415298581123352,0.0020595733076334,1.0
1779438717.6378772,55,-0.14017528295516968,0.08167558163404465,0.07552681118249893,0.03687191754579544,0.16692990064620972,0.00202599517069757,1.0
1779438717.66901,55,-0.10473938286304474,0.04197581857442856,0.05386468768119812,0.027358684688806534,0.11761045455932617,0.0018710336880758405,1.0
1779438717.7066178,55,-0.07497003674507141,0.010084395296871662,0.04118699952960014,0.02386331744492054,0.08257268369197845,0.0017017226200550795,1.0
1779438717.7336094,55,0.0,0.0,0.0,0.0,0.0,0.0,1.0
1779438717.7579322,55,-0.06829695403575897,-0.009625799022614956,0.03840058296918869,0.025179622694849968,0.07483108341693878,0.001921233139000833,1.0
1779438717.7989361,55,-0.09828297048807144,-0.0459880493581295,0.05765460431575775,0.03269540145993233,0.1125839576125145,0.0016173083567991853,1.0
1779438717.8460493,55,-0.01394597813487053,-0.02182256616652012,0.031008347868919373,0.03203719109296799,0.04093489050865173,0.001149357296526432,1.0
1779438717.8774078,55,0.0024863502476364374,-0.019157547503709793,0.02592676691710949,0.023488279432058334,0.03299325332045555,0.0010200144024565816,1.0
1779438717.9114711,55,0.037289705127477646,-0.008272483013570309,0.023325225338339806,0.02076738327741623,0.044076740741729736,0.0009490247466601431,1.0
1779438717.9415462,55,0.053567782044410706,-0.005986161530017853,0.027139848098158836,0.024032821878790855,0.05887628346681595,0.0013848372036591172,1.0
1779438717.9737659,55,0.05110668018460274,0.0051116943359375,0.028075510635972023,0.020132027566432953,0.05553396791219711,0.0014602013397961855,1.0
1779438718.0049462,55,0.05486588925123215,0.008422574028372765,0.028582219034433365,0.022504137828946114,0.0611172616481781,0.0013365898048505187,1.0
1779438718.039823,55,0.05432295426726341,0.011282071471214294,0.027126111090183258,0.018840700387954712,0.05962368845939636,0.0008336022729054093,1.0
1779438718.0721338,55,0.048691071569919586,0.0017525412840768695,0.028642253950238228,0.023829832673072815,0.05458655208349228,0.0014061372494325042,1.0
1779438718.1008286,55,0.04466330632567406,0.0038962624967098236,0.029361506924033165,0.02164190076291561,0.051453378051519394,0.001339839305728674,1.0
1779438718.1265817,55,0.0,0.0,0.0,0.0,0.0,0.0,1.0
1779438718.140442,55,0.04638505354523659,0.02069702185690403,0.033198609948158264,0.023165754973888397,0.05612149089574814,0.0013115108013153076,1.0
1779438718.1992161,55,0.06665871292352676,0.11278963834047318,0.04350621998310089,0.06387773901224136,0.13590477406978607,0.001980861648917198,1.0
1779438718.24766,55,0.005904041696339846,0.04763932526111603,0.02463574707508087,0.030043691396713257,0.053666215389966965,0.0011167844058945775,1.0
1779438718.2780979,55,-0.02208057790994644,0.03424876928329468,0.024047628045082092,0.029810752719640732,0.04699942469596863,0.0010835579596459866,1.0
1779438718.30974,55,-0.04388566315174103,0.018660111352801323,0.03357120603322983,0.025382233783602715,0.055609095841646194,0.0012525544734671712,1.0
1779438718.3417747,55,-0.05993485823273659,-0.0014731667470186949,0.049811650067567825,0.03294510021805763,0.07251453399658203,0.001056745881214738,1.0
1779438718.3744986,55,-0.0838204100728035,-0.019494906067848206,0.055599115788936615,0.032743215560913086,0.09298820793628693,0.0013940052594989538,1.0
1779438718.4050956,55,-0.08345919847488403,-0.014578801579773426,0.05252383276820183,0.031179267913103104,0.09278164803981781,0.0015903639141470194,1.0
1779438718.436824,55,-0.07695978134870529,-0.011540638282895088,0.04636232927441597,0.03339860960841179,0.08608467876911163,0.0015647860709577799,1.0
1779438718.472872,55,-0.05834711343050003,-0.01431551855057478,0.03562687337398529,0.023613542318344116,0.06711462885141373,0.0013813624391332269,1.0
1779438718.5024252,55,-0.07315368950366974,-0.014520818367600441,0.04158492013812065,0.03837816044688225,0.08108259737491608,0.0011815190082415938,1.0
1779438718.5279918,55,0.0,0.0,0.0,0.0,0.0,0.0,1.0
1779438718.5507684,55,-0.047305021435022354,-0.001166048925369978,0.024051235988736153,0.028337743133306503,0.05536346137523651,0.0015002067666500807,1.0
1779438718.6021442,55,0.025865312665700912,0.10772344470024109,0.17847032845020294,0.12705829739570618,0.15700764954090118,0.02239508368074894,1.0
1779438718.645653,55,0.0884552001953125,0.20681430399417877,0.17394664883613586,0.2758638262748718,0.29411447048187256,0.015010183677077293,1.0
1779438718.6773195,55,0.01639515347778797,0.19677734375,0.10669416934251785,0.1101456955075264,0.22892530262470245,0.004629253409802914,1.0
1779438718.7083268,55,-0.0023789838887751102,0.2020396888256073,0.08803405612707138,0.127811998128891,0.23311184346675873,0.0035461396910250187,1.0
1779438718.7442253,55,0.024806352332234383,0.14953890442848206,0.04858102649450302,0.06703764945268631,0.16261722147464752,0.002867630682885647,1.0
1779438718.7772958,55,0.060898102819919586,0.10621615499258041,0.05154168978333473,0.05785293132066727,0.13259431719779968,0.002967508975416422,1.0
1779438718.8081465,55,0.09731944650411606,0.04222578555345535,0.1072278767824173,0.07092470675706863,0.12345711886882782,0.004290563054382801,1.0
1779438718.8398366,55,0.12827204167842865,-0.07114313542842865,0.09478115290403366,0.07057791203260422,0.16437378525733948,0.004159676376730204,1.0
1779438718.8714938,55,0.11442621052265167,-0.16328401863574982,0.08326682448387146,0.08338312059640884,0.2186482697725296,0.01219696644693613,1.0
1779438718.9029682,55,0.038883280009031296,-0.204841747879982,0.09814097732305527,0.12144143879413605,0.2415563017129898,0.014454671181738377,1.0
1779438718.9310718,55,0.0,0.0,0.0,0.0,0.0,0.0,1.0
1779438718.9466894,55,0.007631891407072544,-0.19115960597991943,0.09652605652809143,0.12017448246479034,0.20618662238121033,0.010552259162068367,1.0
1779438719.0030057,55,-0.11592462658882141,-0.15619617700576782,0.11255577951669693,0.14495156705379486,0.20652131736278534,0.005947032477706671,1.0
1779438719.0503428,55,-0.126151904463768,0.00806579552590847,0.057685211300849915,0.0458340048789978,0.1350313276052475,0.0020897623617202044,1.0
1779438719.0795197,55,-0.1344701647758484,0.0542621947824955,0.04996665194630623,0.06333807110786438,0.15617987513542175,0.0027543820906430483,1.0
