timestamp,num_tracked_points,mean_u,mean_v,std_u,std_v,mean_speed,forward_backward_error,tracking_confidence
1779438789.757728,59,4.138770580291748,-1.6278847455978394,1.0661686658859253,1.011207938194275,4.5838751792907715,0.07197409123182297,0.9672131147540983
1779438789.8219132,58,3.2195985317230225,-2.6464619636535645,1.251675009727478,1.2658929824829102,4.466378688812256,0.10592158883810043,0.9830508474576272
1779438789.8399272,58,0.38615864515304565,-0.5021504163742065,0.1856997013092041,0.1974596530199051,0.6745842695236206,0.0053461152128875256,1.0
1779438789.852279,58,0.2038300633430481,-0.3468572795391083,0.13268300890922546,0.15681591629981995,0.4400084316730499,0.00483204610645771,1.0
1779438789.8841193,58,0.13148340582847595,-0.24402408301830292,0.10195865482091904,0.11535372585058212,0.30806469917297363,0.005420041270554066,1.0
1779438789.9155169,58,0.15677379071712494,-0.3096736967563629,0.292018860578537,0.2721863389015198,0.4234594404697418,0.02057214081287384,1.0
1779438789.945941,58,-0.0006071945535950363,-0.03707859292626381,0.05301843583583832,0.05666142702102661,0.07306718826293945,0.0017311177216470242,1.0
1779438789.976928,58,-0.009319174103438854,-0.01178820338100195,0.05260348692536354,0.06825104355812073,0.06972300261259079,0.0013000720646232367,1.0
1779438790.010006,58,0.0024469310883432627,0.08168608695268631,0.06562473624944687,0.05783781409263611,0.1053650975227356,0.0021204466465860605,1.0
1779438790.044985,58,0.043965570628643036,0.24229273200035095,0.1490911841392517,0.14559665322303772,0.28106534481048584,0.0036500452551990747,1.0
1779438790.0936813,58,0.11668948829174042,0.33569493889808655,0.0842253640294075,0.17111949622631073,0.3636847734451294,0.00416548503562808,1.0
1779438790.1243472,58,0.2276095747947693,0.393083781003952,0.17317312955856323,0.1723279058933258,0.4726606607437134,0.008192327804863453,1.0
1779438790.154597,58,0.17862622439861298,0.27314889430999756,0.07488032430410385,0.1193530261516571,0.3323301672935486,0.0037166369147598743,1.0
1779438790.188587,58,0.20240440964698792,0.24641971290111542,0.09954413026571274,0.15101975202560425,0.3376504182815552,0.004288980271667242,1.0
1779438790.2212205,58,0.298125684261322,0.28791940212249756,0.21334029734134674,0.24783748388290405,0.4430372714996338,0.009200939908623695,1.0
1779438790.2536342,58,0.21734987199306488,0.12929561734199524,0.18201367557048798,0.2578392028808594,0.33683618903160095,0.006469648331403732,1.0
1779438790.2857826,58,0.16206465661525726,0.1233886182308197,0.21189869940280914,0.4526940584182739,0.3952270448207855,0.01195098552852869,1.0
1779438790.3138928,58,0.17544056475162506,0.20726223289966583,0.2102871686220169,0.4046155512332916,0.3646818697452545,0.023682860657572746,1.0
1779438790.344494,58,0.07254475355148315,0.12553168833255768,0.09775568544864655,0.18117862939834595,0.17608578503131866,0.00833058636635542,1.0
1779438790.3767755,58,0.05139186605811119,0.14375779032707214,0.14978890120983124,0.1439255177974701,0.19712701439857483,0.0035315435379743576,1.0
1779438790.4112072,58,-0.009836920537054539,0.1946442723274231,0.19219045341014862,0.14951322972774506,0.26279813051223755,0.00620525935664773,1.0
1779438790.4426427,58,-0.020798519253730774,0.20356644690036774,0.16412882506847382,0.16138532757759094,0.2609833776950836,0.0046357749961316586,1.0
1779438790.489176,58,-0.009731950238347054,0.28062307834625244,0.22128020226955414,0.23800592124462128,0.36375465989112854,0.004266695119440556,1.0
1779438790.5235565,58,0.028418704867362976,0.24470125138759613,0.26684433221817017,0.19710730016231537,0.3478148877620697,0.005880597047507763,1.0
1779438790.553736,58,0.04376352205872536,0.1220732033252716,0.20188771188259125,0.1538086086511612,0.22283363342285156,0.00425477372482419,1.0
1779438790.5856395,58,-0.005512631963938475,0.0665006935596466,0.2419234961271286,0.19881021976470947,0.24876224994659424,0.00548131950199604,1.0
1779438790.6187768,58,0.07679827511310577,0.11777838319540024,0.2706460654735565,0.2923981249332428,0.28873249888420105,0.005659948103129864,1.0
1779438790.6507573,58,0.014215140603482723,0.10834740102291107,0.1371452659368515,0.2847925126552582,0.23249773681163788,0.005587760359048843,1.0
1779438790.683567,58,0.0028576028998941183,9.207890252582729e-05,0.1030307486653328,0.22274897992610931,0.18231633305549622,0.003138592466711998,1.0
1779438790.7138112,58,0.016707848757505417,-0.05959951505064964,0.10649081319570541,0.2604292035102844,0.23907439410686493,0.00733569823205471,1.0
1779438790.7451437,58,-0.010354666970670223,-0.004907542373985052,0.11065290868282318,0.2759348750114441,0.22082515060901642,0.0050771357491612434,1.0
1779438790.7812207,58,-0.04067177698016167,-0.034222569316625595,0.14399190247058868,0.23977500200271606,0.22131571173667908,0.004531571175903082,1.0
1779438790.814171,58,-0.04939822480082512,-0.0575745664536953,0.17160926759243011,0.23389999568462372,0.2389594167470932,0.0058288429863750935,1.0
1779438790.8431368,58,-0.062453173100948334,-0.10400864481925964,0.1421974003314972,0.1842571496963501,0.2301822304725647,0.0035535579081624746,1.0
1779438790.8943367,58,-0.15750227868556976,-0.11727800220251083,0.12905918061733246,0.2178504765033722,0.28369563817977905,0.006943667773157358,1.0
1779438790.9260142,58,-0.2845803499221802,-0.15319113433361053,0.21759405732154846,0.2601974308490753,0.419964075088501,0.007025062572211027,1.0
1779438790.9564664,58,-0.29140761494636536,-0.10098529607057571,0.21177086234092712,0.22217759490013123,0.3724721372127533,0.006591117009520531,1.0
1779438790.9876418,58,-0.32198411226272583,-0.0774657130241394,0.21373812854290009,0.23775845766067505,0.3991890847682953,0.006697156932204962,1.0
1779438791.0181975,58,-0.34893667697906494,-0.05991915985941887,0.24091999232769012,0.22036299109458923,0.41043248772621155,0.007545647211372852,1.0
1779438791.0517027,58,-0.19872599840164185,-0.029998779296875,0.07675125449895859,0.19264176487922668,0.25796249508857727,0.005571881774812937,1.0
1779438791.0829847,58,-0.17107048630714417,0.030756719410419464,0.08117436617612839,0.16067951917648315,0.2113320678472519,0.003966637887060642,1.0
1779438791.1163259,58,-0.16244427859783173,0.1559690237045288,0.10441681742668152,0.23716849088668823,0.26912015676498413,0.003838942153379321,1.0
1779438791.1494215,58,-0.16610164940357208,0.2382872998714447,0.10153020173311234,0.2236129194498062,0.3330933451652527,0.0069160363636910915,1.0
1779438791.181043,58,-0.21285220980644226,0.35283371806144714,0.10883234441280365,0.24530629813671112,0.4471445083618164,0.005115843378007412,1.0
1779438791.213436,58,-0.24989476799964905,0.3522283732891083,0.1065606027841568,0.29602447152137756,0.4661698043346405,0.005060967523604631,1.0
1779438791.2454467,58,-0.2930763363838196,0.19188638031482697,0.08725617825984955,0.23028351366519928,0.37839120626449585,0.00643265713006258,1.0
1779438791.2949018,58,-0.2750999331474304,0.1253996193408966,0.10446333885192871,0.1653420478105545,0.3254103362560272,0.004642913118004799,1.0
1779438791.3253016,58,-0.2215665578842163,-0.015958325937390327,0.08044379204511642,0.13976462185382843,0.25634297728538513,0.004978926386684179,1.0
1779438791.3568141,58,-0.08298255503177643,-0.06609160453081131,0.04892699792981148,0.11585589498281479,0.14464356005191803,0.002675033872947097,1.0
1779438791.3883219,58,-0.030299745500087738,-0.09419671446084976,0.04833689332008362,0.10599715262651443,0.1371372789144516,0.002195761539041996,1.0
1779438791.421168,58,0.030602553859353065,-0.05840696021914482,0.07778608053922653,0.15580961108207703,0.15373700857162476,0.0024915682151913643,1.0
1779438791.451584,58,0.10467950254678726,-0.06561858206987381,0.16153891384601593,0.11949104070663452,0.18233002722263336,0.0031722337007522583,1.0
1779438791.4819546,58,0.08098313212394714,-0.002185163786634803,0.09366820007562637,0.11973672360181808,0.13204053044319153,0.0023230132646858692,1.0
1779438791.5144668,58,0.09413725882768631,0.03662661835551262,0.10713225603103638,0.14627869427204132,0.14475589990615845,0.003425911534577608,1.0
1779438791.5469809,58,0.13247260451316833,0.043795354664325714,0.10482411086559296,0.08380738645792007,0.155136376619339,0.002310990821570158,1.0
1779438791.577504,58,0.1755802482366562,0.06656304746866226,0.10404703766107559,0.07376197725534439,0.19592376053333282,0.0024854480288922787,1.0
1779438791.6129906,58,0.14464937150478363,0.12372063100337982,0.10505268722772598,0.11563913524150848,0.19988664984703064,0.0029560253024101257,1.0
1779438791.645867,58,0.08513615280389786,0.08418405801057816,0.04242456704378128,0.07095430046319962,0.12737303972244263,0.0027590617537498474,1.0
1779438791.6783738,58,0.09646869450807571,0.07746361196041107,0.057878781110048294,0.04704241454601288,0.13401681184768677,0.0016020238399505615,1.0
1779438791.7267447,58,0.14489667117595673,0.05728017911314964,0.07016249001026154,0.07558510452508926,0.17317865788936615,0.0023984306026250124,1.0
1779438791.755508,58,0.16592249274253845,0.025462184101343155,0.17733679711818695,0.06729882955551147,0.18743957579135895,0.002417079173028469,1.0
1779438791.7895045,58,0.16938544809818268,-0.0041077714413404465,0.1717979907989502,0.06026357784867287,0.18413221836090088,0.002401788253337145,1.0
1779438791.8190415,58,0.08774934709072113,-0.024178866297006607,0.07306420803070068,0.066884845495224,0.11138448864221573,0.0037141775246709585,1.0
1779438791.849353,58,0.04117373749613762,-0.05918647348880768,0.051993969827890396,0.07669492810964584,0.08862093091011047,0.0029451509471982718,1.0
1779438791.8852184,58,0.009905058890581131,-0.0639403760433197,0.05635150521993637,0.06374888867139816,0.08498923480510712,0.00431219395250082,1.0
1779438791.9194934,58,-0.022430419921875,-0.09012998640537262,0.055652279406785965,0.07384172827005386,0.11282132565975189,0.001886437414214015,1.0
1779438791.948896,58,-0.06691715866327286,-0.06912073493003845,0.04532333463430405,0.05026485398411751,0.10928963869810104,0.0022428857628256083,1.0
1779438791.9801311,58,-0.1012147068977356,-0.0743224024772644,0.05686165764927864,0.04652966186404228,0.1327701359987259,0.0025756866671144962,1.0
1779438792.0102026,58,-0.1180756688117981,-0.06819599866867065,0.0805714949965477,0.06846226006746292,0.15840040147304535,0.0033191575203090906,1.0
1779438792.0408845,58,-0.07730497419834137,-0.07730628550052643,0.05268244817852974,0.0765775665640831,0.12406481802463531,0.0026285825297236443,1.0
1779438792.0736797,58,-0.08227749168872833,-0.14521974325180054,0.038574159145355225,0.08283115178346634,0.17068582773208618,0.002072462812066078,1.0
1779438792.1227026,58,-0.02251460589468479,-0.20903383195400238,0.0639822781085968,0.13150115311145782,0.22604534029960632,0.0033368230797350407,1.0
1779438792.1567912,58,0.022258101031184196,-0.25554603338241577,0.0937771126627922,0.13822004199028015,0.2750919759273529,0.003741915337741375,1.0
1779438792.186125,58,0.0700438916683197,-0.28757765889167786,0.09928227961063385,0.12100408226251602,0.30772489309310913,0.003315067384392023,1.0
1779438792.221999,58,0.11784283816814423,-0.19851894676685333,0.11329694092273712,0.09687843173742294,0.24749521911144257,0.0038756357971578836,1.0
1779438792.2539353,58,0.1183290183544159,-0.14452283084392548,0.09590034186840057,0.06493757665157318,0.20145012438297272,0.0020210486836731434,1.0
1779438792.2861848,58,0.15206462144851685,-0.10888145864009857,0.08406583219766617,0.0588390938937664,0.1976618617773056,0.0020680641755461693,1.0
1779438792.3164918,58,0.21474693715572357,-0.06832832843065262,0.12238743156194687,0.05952189490199089,0.23296476900577545,0.003918020520359278,1.0
1779438792.3461773,58,0.20855791866779327,-0.061431095004081726,0.08096948266029358,0.04623829200863838,0.22220240533351898,0.003140311222523451,1.0
1779438792.3810327,58,0.18835501372814178,-0.11877283453941345,0.08375609666109085,0.07694798707962036,0.22911836206912994,0.003014967078343034,1.0
1779438792.4121964,58,0.16332454979419708,-0.11397552490234375,0.09160508960485458,0.08871975541114807,0.21414855122566223,0.003635828848928213,1.0
1779438792.4423828,58,0.0653107762336731,-0.10526670515537262,0.05375758931040764,0.06497795879840851,0.13550683856010437,0.0027618533931672573,1.0
1779438792.4747474,58,0.014913625083863735,-0.10648109018802643,0.04191327840089798,0.08150920271873474,0.11684287339448929,0.00231895106844604,1.0
1779438792.5229194,58,0.007960878312587738,-0.07877270877361298,0.05009356513619423,0.07039663940668106,0.0952998697757721,0.0022508089896291494,1.0
1779438792.5551288,58,-0.001065221382305026,-0.045023951679468155,0.0568518303334713,0.05727346986532211,0.07335056364536285,0.0023239029105752707,1.0
1779438792.5866594,58,-0.0074355024844408035,-0.03169487416744232,0.06088487431406975,0.07467528432607651,0.07908190786838531,0.0032836315222084522,1.0
1779438792.6200607,58,-0.041750941425561905,0.02653687633574009,0.10153371840715408,0.06130298599600792,0.10770917683839798,0.002611201023682952,1.0
1779438792.6500347,58,-0.13558723032474518,0.07883374392986298,0.07628849148750305,0.07938963174819946,0.17255307734012604,0.0029645429458469152,1.0
1779438792.6825957,58,-0.173614501953125,0.1298764944076538,0.11690690368413925,0.13071073591709137,0.24072302877902985,0.0031611709855496883,1.0
1779438792.7169461,58,-0.23750489950180054,0.235946923494339,0.3508857786655426,0.3364678621292114,0.42251989245414734,0.010472836904227734,1.0
1779438792.7465029,58,-0.22040821611881256,0.10291843116283417,0.09336496144533157,0.08773867040872574,0.2568872272968292,0.002766732359305024,1.0
1779438792.7798228,58,-0.27943316102027893,0.13818569481372833,0.12177590280771255,0.10628508031368256,0.323055237531662,0.003277535317465663,1.0
1779438792.8134956,58,-0.259124755859375,0.22552937269210815,0.1330576092004776,0.1338595300912857,0.3646716773509979,0.005085857585072517,1.0
1779438792.8440526,58,-0.18975751101970673,0.2203853279352188,0.12312176823616028,0.11174026876688004,0.3054254651069641,0.0047826506197452545,1.0
1779438792.87589,58,-0.1322758048772812,0.21311476826667786,0.13050469756126404,0.1350272297859192,0.2773090600967407,0.003229039954021573,1.0
1779438792.9252896,58,-0.10075588524341583,0.12787391245365143,0.12160199880599976,0.09224516153335571,0.2013399451971054,0.004092028364539146,1.0
1779438792.9557736,58,-0.09262821823358536,0.03958840295672417,0.0948110893368721,0.09618257731199265,0.1503547728061676,0.002709412481635809,1.0
1779438792.9865239,58,-0.13405925035476685,-0.0349305234849453,0.09525614231824875,0.11372817307710648,0.17737071216106415,0.002684382488951087,1.0
1779438793.0185437,58,-0.16436977684497833,-0.0863221287727356,0.13890007138252258,0.20283859968185425,0.25791865587234497,0.0038410804700106382,1.0
1779438793.0502512,58,-0.21415631473064423,-0.06522790342569351,0.20458514988422394,0.23716573417186737,0.31784361600875854,0.00414298614487052,1.0
1779438793.085004,58,-0.2442019283771515,-0.08059192448854446,0.28311535716056824,0.3087923526763916,0.41110536456108093,0.005762153305113316,1.0
1779438793.1150215,58,-0.2857568562030792,0.022751379758119583,0.2613558769226074,0.2174205332994461,0.3843182325363159,0.006697606761008501,1.0
1779438793.1488335,58,-0.23767589032649994,0.1042875126004219,0.2736005187034607,0.3442526161670685,0.4235917925834656,0.00673644756898284,1.0
1779438793.1812243,58,-0.24503299593925476,0.134537011384964,0.31598609685897827,0.4277995824813843,0.518189549446106,0.008982442319393158,1.0
1779438793.2130747,58,-0.18863625824451447,0.10510937869548798,0.27790430188179016,0.42326927185058594,0.478075236082077,0.007125339470803738,1.0
1779438793.2445283,58,-0.08427824079990387,0.10081586986780167,0.3529013395309448,0.39572110772132874,0.4577808380126953,0.00735747953876853,1.0
1779438793.2778013,58,-0.10268165171146393,0.1150391697883606,0.2971016764640808,0.3907415270805359,0.43815580010414124,0.0075004552491009235,1.0
1779438793.324366,58,-0.11668448895215988,0.03439383581280708,0.2895028293132782,0.4367940127849579,0.43470287322998047,0.011045337654650211,1.0
1779438793.3563251,58,-0.18371345102787018,-0.07339740544557571,0.19368110597133636,0.4785202741622925,0.42967846989631653,0.008966999128460884,1.0
1779438793.387234,58,-0.302581250667572,-0.18684545159339905,0.2607887387275696,0.46735915541648865,0.4393487274646759,0.007390130776911974,1.0
1779438793.422005,58,-0.4607659578323364,-0.14008252322673798,0.5713845491409302,0.39798370003700256,0.5463481545448303,0.008815718814730644,1.0
1779438793.450349,58,-0.36671683192253113,-0.12028977274894714,0.30236056447029114,0.4565865695476532,0.5041576027870178,0.009226499125361443,1.0
1779438793.4824991,58,-0.3894003629684448,-0.1921110451221466,0.34274327754974365,0.5124382972717285,0.5576213598251343,0.009942643344402313,1.0
1779438793.5145984,58,-0.4871100187301636,-0.17528876662254333,0.6109766364097595,0.5872897505760193,0.7197334170341492,0.01758354902267456,1.0
1779438793.5471966,58,-0.36675605177879333,-0.0654023289680481,0.7834113836288452,0.8089210391044617,0.8834615349769592,0.04438769817352295,1.0
1779438793.5786998,58,-0.22215481102466583,0.1407536417245865,0.7143515348434448,0.8365659117698669,0.7405969500541687,0.07497277110815048,1.0
1779438793.6141286,58,-0.21748825907707214,0.13319475948810577,0.25432461500167847,0.5601322054862976,0.49826779961586,0.02703561820089817,1.0
1779438793.6438084,58,-0.18314097821712494,0.04908410459756851,0.13143877685070038,0.27619749307632446,0.30438387393951416,0.008043110370635986,1.0
1779438793.6786888,58,-0.14166417717933655,-0.0132911941036582,0.11127369105815887,0.2201026827096939,0.23867374658584595,0.00907205231487751,1.0
1779438793.7268403,58,-0.13168677687644958,0.02473239228129387,0.0917746052145958,0.187559574842453,0.22262711822986603,0.006021806970238686,1.0
1779438793.7581487,58,-0.07291017472743988,0.0609709657728672,0.09754551947116852,0.23789992928504944,0.222604900598526,0.005911937914788723,1.0
1779438793.7894087,58,-0.07344029098749161,0.09511487185955048,0.10864855349063873,0.19910238683223724,0.21927429735660553,0.007178011815994978,1.0
1779438793.82,58,-0.09877356141805649,0.10433696955442429,0.08289766311645508,0.1777947098016739,0.22415177524089813,0.006513657979667187,1.0
1779438793.8537104,58,-0.1206207275390625,0.0852874219417572,0.10304976999759674,0.21349559724330902,0.25055187940597534,0.007946982979774475,1.0
1779438793.8856757,58,-0.12650930881500244,0.1078275516629219,0.13605783879756927,0.175500750541687,0.25378140807151794,0.006400327663868666,1.0
1779438793.9178185,58,-0.07650361955165863,0.15648967027664185,0.07818842679262161,0.15727052092552185,0.23170244693756104,0.005867316387593746,1.0
1779438793.9481702,58,-0.08270763605833054,0.20016059279441833,0.07926446944475174,0.15928976237773895,0.24064555764198303,0.006370410323143005,1.0
1779438793.981061,58,-0.1565917432308197,0.2381986379623413,0.10794712603092194,0.18417154252529144,0.32604771852493286,0.00616510258987546,1.0
1779438794.0136046,58,-0.26240435242652893,0.25583726167678833,0.1251106709241867,0.17109832167625427,0.39964765310287476,0.009207653813064098,1.0
1779438794.0452518,58,-0.27752238512039185,0.19141151010990143,0.08624732494354248,0.144507497549057,0.35786277055740356,0.005146182607859373,1.0
1779438794.0761461,58,-0.30593186616897583,0.18350903689861298,0.1460169553756714,0.12303657084703445,0.37929767370224,0.006471501663327217,1.0
1779438794.1262462,58,-0.209244042634964,0.11923691630363464,0.0909784734249115,0.09668676555156708,0.26292112469673157,0.005859768483787775,1.0
1779438794.1560209,58,-0.18239225447177887,0.12932586669921875,0.08422771841287613,0.09312102198600769,0.2387309968471527,0.004768147133290768,1.0
1779438794.1878815,58,-0.11493892967700958,0.06164129823446274,0.08600307255983353,0.07312770187854767,0.14792495965957642,0.003465652000159025,1.0
1779438794.2193274,58,-0.05369409918785095,0.0372374951839447,0.18935644626617432,0.11293472349643707,0.20265249907970428,0.010052116587758064,1.0
1779438794.2511888,58,-0.029998779296875,0.026683412492275238,0.11806169897317886,0.0448426678776741,0.07898762822151184,0.0030233701691031456,1.0
1779438794.2860074,58,-0.03632880747318268,0.014521894976496696,0.040893930941820145,0.061532605439424515,0.07031633704900742,0.0021540906745940447,1.0
1779438794.3192537,58,-0.06205618008971214,0.03600863739848137,0.08418778330087662,0.0540924109518528,0.10400506854057312,0.0020691233221441507,1.0
1779438794.349785,58,-0.07650624960660934,0.056103672832250595,0.046020060777664185,0.0444696880877018,0.10560107976198196,0.002452119253575802,1.0
1779438794.38493,58,-0.08791930228471756,0.04545040801167488,0.055306024849414825,0.03728511556982994,0.10701581835746765,0.0028860727325081825,1.0
1779438794.4127138,58,-0.0556672178208828,0.04990360513329506,0.09784054756164551,0.04361933097243309,0.10275354236364365,0.0030563666950911283,1.0
1779438794.443649,58,-0.018039308488368988,0.0484040342271328,0.04706956446170807,0.051894411444664,0.07564965635538101,0.0023187107872217894,1.0
1779438794.476303,58,0.004803887568414211,0.03772104158997536,0.09941355139017105,0.06071216240525246,0.09324677288532257,0.0025773863308131695,1.0
1779438794.5216668,58,-0.003593707922846079,-0.04845796898007393,0.10522301495075226,0.18070034682750702,0.12824121117591858,0.007274048402905464,1.0
1779438794.553489,58,0.024733444675803185,-0.141549214720726,0.2698564827442169,0.4147425591945648,0.24574454128742218,0.03387189283967018,1.0
1779438794.5843928,58,-0.006577327381819487,-0.13359859585762024,0.2382020354270935,0.43577414751052856,0.25658413767814636,0.02367790788412094,1.0
1779438794.6186352,58,-0.026534244418144226,-0.08475915342569351,0.20446601510047913,0.3146264851093292,0.19685222208499908,0.016864517703652382,1.0
1779438794.6503568,58,-0.03688391298055649,-0.02668183483183384,0.10071597248315811,0.16625525057315826,0.12265055626630783,0.0037266958970576525,1.0
1779438794.6856604,58,-0.05587216094136238,0.012222816236317158,0.08916611224412918,0.10566262155771255,0.1079496443271637,0.0022440452594310045,1.0
1779438794.7167745,58,-0.04604971036314964,0.04993201792240143,0.06873837858438492,0.07979171723127365,0.10688330978155136,0.0019995502661913633,1.0
1779438794.7472153,58,0.0057480912655591965,0.05667850747704506,0.0479886569082737,0.0829969123005867,0.0895138829946518,0.00164500018581748,1.0
1779438794.7802556,58,0.033906079828739166,0.05450281500816345,0.04125766083598137,0.05966223031282425,0.08060771226882935,0.0016190821770578623,1.0
1779438794.8131876,58,0.032704319804906845,0.06813181191682816,0.03858434408903122,0.09944801777601242,0.10814739763736725,0.0025643163826316595,1.0
1779438794.8439019,58,0.04437466338276863,0.03365720435976982,0.049529802054166794,0.0660572350025177,0.08820118755102158,0.001793065806850791,1.0
1779438794.8754454,58,0.04117794707417488,0.04348123446106911,0.039142876863479614,0.06286811828613281,0.08247309178113937,0.0009882235899567604,1.0
1779438794.924233,58,0.05143869295716286,0.028393711894750595,0.04957634583115578,0.05003388226032257,0.08099415898323059,0.0019775608088821173,1.0
1779438794.9589772,58,0.06912389397621155,0.0337187685072422,0.03036734275519848,0.050513166934251785,0.08971934765577316,0.001680062967352569,1.0
1779438794.9878745,58,0.10261482745409012,0.02341250702738762,0.03863038122653961,0.04177838936448097,0.11312086880207062,0.0022378633730113506,1.0
1779438795.0200982,58,0.09266083687543869,0.020382322371006012,0.04751504957675934,0.04728619009256363,0.10742663592100143,0.0025177968200296164,1.0
1779438795.0496323,58,0.10048438608646393,0.019442327320575714,0.048095703125,0.04848170652985573,0.1112355887889862,0.0018312359461560845,1.0
1779438795.0815876,58,0.0733734667301178,0.02023131214082241,0.045736536383628845,0.042969539761543274,0.08948051184415817,0.0016753399977460504,1.0
1779438795.1183171,58,0.055598028004169464,0.03846398741006851,0.03572883829474449,0.06198585033416748,0.08448591828346252,0.0015527025097981095,1.0
1779438795.147792,58,0.01634821482002735,0.03857947885990143,0.035228975117206573,0.0749058872461319,0.07606517523527145,0.001226442982442677,1.0
1779438795.1824148,58,-0.00380706787109375,0.03291452303528786,0.05334245041012764,0.10434415191411972,0.09512262046337128,0.0017276840517297387,1.0
1779438795.213841,58,-0.0424712598323822,-0.007579934783279896,0.06103111431002617,0.20022481679916382,0.16002698242664337,0.003281449433416128,1.0
1779438795.2438803,58,-0.05223530903458595,0.06808287650346756,0.12859565019607544,0.1452685445547104,0.18275651335716248,0.00546012818813324,1.0
1779438795.276439,58,0.007823549211025238,0.10752605646848679,0.16762149333953857,0.16893139481544495,0.20505291223526,0.008280722424387932,1.0
1779438795.327634,58,0.07071422785520554,0.04566140100359917,0.15572571754455566,0.12146513164043427,0.16953061521053314,0.011308234184980392,1.0
1779438795.356658,58,0.028752293437719345,0.024987319484353065,0.04455266520380974,0.04497695341706276,0.05651974678039551,0.0026064736302942038,1.0
1779438795.3878312,58,0.0449889600276947,0.015772588551044464,0.038405053317546844,0.036378372460603714,0.06110794469714165,0.001251417794264853,1.0
1779438795.4217265,58,0.09612590074539185,0.016226407140493393,0.05111589655280113,0.03765662759542465,0.10416635870933533,0.0019339938880875707,1.0
1779438795.4500296,58,0.10825321823358536,-0.0036326441913843155,0.05482219532132149,0.033165592700242996,0.11469045281410217,0.0017114761285483837,1.0
1779438795.4844496,58,0.07986687123775482,-0.002746845129877329,0.03327677398920059,0.03304019570350647,0.08688598871231079,0.001556361559778452,1.0
1779438795.515636,58,0.05932854115962982,-0.009558578953146935,0.03347654268145561,0.027392661198973656,0.06592634320259094,0.0014384706737473607,1.0
1779438795.5474062,58,0.04207085072994232,-0.012916038744151592,0.025675788521766663,0.0241924449801445,0.05240607261657715,0.001142074353992939,1.0
1779438795.5790565,58,0.03729064017534256,-0.03448144346475601,0.03167727589607239,0.025216929614543915,0.05600987747311592,0.0012612000573426485,1.0
1779438795.61235,58,0.05671244487166405,-0.04604944586753845,0.043409258127212524,0.03715717792510986,0.08097688853740692,0.0014377849875018,1.0
1779438795.641558,58,0.04283115640282631,-0.06994391977787018,0.031952906399965286,0.034724485129117966,0.08550608903169632,0.0016385631170123816,1.0
1779438795.6780922,58,0.008722502738237381,-0.04791101813316345,0.021610938012599945,0.023892588913440704,0.05367075651884079,0.0010234068613499403,1.0
1779438795.725859,58,-0.021977655589580536,-0.03668607398867607,0.024690134450793266,0.02401047572493553,0.05122469365596771,0.0010491061257198453,1.0
1779438795.7586725,58,-0.05717520788311958,-0.005243235733360052,0.04701721668243408,0.026802975684404373,0.0670422837138176,0.0012439553393051028,1.0
1779438795.787643,58,-0.10447797924280167,0.02308260090649128,0.04401254281401634,0.036111023277044296,0.11225377768278122,0.002046691020950675,1.0
1779438795.8229578,58,-0.08471100777387619,0.0494505800306797,0.03271530196070671,0.03521206974983215,0.10476086288690567,0.0020231110975146294,1.0
1779438795.8521075,58,-0.08629818260669708,0.05532968416810036,0.03942720964550972,0.028109649196267128,0.10732317715883255,0.001362923183478415,1.0
1779438795.8820043,58,-0.0751768946647644,0.0571381151676178,0.030435223132371902,0.030367758125066757,0.09845741093158722,0.0012262702221050858,1.0
1779438795.918229,58,-0.08836943656206131,0.0484161376953125,0.043309420347213745,0.04160481318831444,0.10822267085313797,0.0015969324158504605,1.0
1779438795.946784,58,-0.10078035295009613,0.026974119246006012,0.05748031288385391,0.0382351279258728,0.11204102635383606,0.0016435543075203896,1.0
1779438795.9813416,58,-0.09852126240730286,-0.005075652152299881,0.06266073137521744,0.03361808881163597,0.10534606873989105,0.002133912406861782,1.0
1779438796.0110576,58,-0.0520477294921875,-0.010024761781096458,0.03298952057957649,0.029333898797631264,0.06088126450777054,0.0014216051204130054,1.0
1779438796.0431573,58,-0.02627379260957241,0.0017000396037474275,0.02524777688086033,0.02859078161418438,0.04091064631938934,0.0008115596720017493,1.0
1779438796.0752256,58,-0.007700163871049881,0.010687729343771935,0.027166131883859634,0.030663326382637024,0.03798191621899605,0.001201645820401609,1.0
1779438796.1235344,58,-0.0020075831562280655,0.04053286835551262,0.027333835139870644,0.051038797944784164,0.05715591460466385,0.0015587274683639407,1.0
1779438796.157053,58,0.016682591289281845,0.07522214949131012,0.03287877142429352,0.07929660379886627,0.08399847149848938,0.0019127175910398364,1.0
1779438796.1873176,58,0.040682826191186905,0.10406073182821274,0.0632827877998352,0.06573262810707092,0.12477772682905197,0.0025702116545289755,1.0
1779438796.221892,58,0.041277654469013214,0.10697279125452042,0.056756358593702316,0.05814078450202942,0.12555910646915436,0.001674518221989274,1.0
1779438796.250833,58,0.009550949558615685,0.06102779135107994,0.047615066170692444,0.04578256607055664,0.07604199647903442,0.001233992399647832,1.0
1779438796.283404,58,-0.0021078174468129873,0.04067598655819893,0.03748847171664238,0.03211159631609917,0.054516568779945374,0.0012853780062869191,1.0
1779438796.3157692,58,0.004151179920881987,0.032767198979854584,0.027464378625154495,0.032652683556079865,0.04385202378034592,0.000953270064201206,1.0
1779438796.3470268,58,0.020388636738061905,0.04027504846453667,0.01757998578250408,0.02481427974998951,0.04951144754886627,0.0011850547743961215,1.0
1779438796.3781211,58,0.0467345155775547,0.05205220356583595,0.0506136454641819,0.03992136940360069,0.07508882880210876,0.001466251676902175,1.0
1779438796.4124956,58,0.02335568144917488,0.03361721709370613,0.02499273419380188,0.02632918581366539,0.046098947525024414,0.0011902322294190526,1.0
1779438796.445945,58,0.0097953537479043,0.038979627192020416,0.021582767367362976,0.030307486653327942,0.046835631132125854,0.000714759633410722,1.0
1779438796.4769664,58,0.0012470113579183817,0.05448492616415024,0.025684276595711708,0.03104960173368454,0.059363700449466705,0.0011138719273731112,1.0
1779438796.5241392,58,0.004729961510747671,0.059361424297094345,0.03168344497680664,0.03951389715075493,0.06652479618787766,0.0014685193309560418,1.0
1779438796.5546136,58,-0.020516231656074524,0.05920568108558655,0.025665417313575745,0.028831183910369873,0.0672718733549118,0.0013382721226662397,1.0
1779438796.5866387,58,-0.008188181556761265,0.05028349906206131,0.02506018802523613,0.04061386361718178,0.058978110551834106,0.0011301168706268072,1.0
1779438796.618708,58,-0.006548125296831131,0.0428832471370697,0.02404768019914627,0.0350150540471077,0.05154196918010712,0.0010415216675028205,1.0
1779438796.650287,58,-0.003669475670903921,0.04666900634765625,0.02122141420841217,0.033638980239629745,0.05491240322589874,0.0012201949721202254,1.0
1779438796.6828682,58,-0.006919334642589092,0.03664635121822357,0.025610726326704025,0.022391684353351593,0.045240968465805054,0.0009357547969557345,1.0
1779438796.7146676,58,-8.155559771694243e-05,0.03363247588276863,0.026565607637166977,0.03189714252948761,0.04642127826809883,0.0009591295965947211,1.0
1779438796.7452328,58,0.010013711638748646,0.024685826152563095,0.03380800038576126,0.02806004509329796,0.0400182269513607,0.0010285223834216595,1.0
1779438796.778171,58,0.03773919492959976,0.002889172872528434,0.030174998566508293,0.026207957416772842,0.04761219397187233,0.0012384430738165975,1.0
1779438796.8121262,58,0.05596950277686119,-0.005450018681585789,0.037069085985422134,0.03306017071008682,0.06916975229978561,0.0011601124424487352,1.0
1779438796.8453968,58,0.06731914728879929,-0.0039628129452466965,0.027505924925208092,0.034810252487659454,0.07520168274641037,0.0010756002739071846,1.0
1779438796.8764513,58,0.08627372235059738,-0.021418867632746696,0.038629159331321716,0.032659467309713364,0.09596864134073257,0.0016261826967820525,1.0
1779438796.929656,58,0.06455414742231369,-0.011898435652256012,0.042443837970495224,0.0273754745721817,0.07132076472043991,0.0014532075729221106,1.0
1779438796.9559505,58,0.0409606397151947,-0.003156201681122184,0.02357260324060917,0.020474353805184364,0.046732284128665924,0.0015520110027864575,1.0
1779438796.9876606,58,0.0341094434261322,-0.0004227736790198833,0.02713017165660858,0.025252826511859894,0.043921906501054764,0.0011157423723489046,1.0
1779438797.0210297,58,0.013627939857542515,0.009607512503862381,0.015748944133520126,0.021840551868081093,0.02702510356903076,0.0007989666191861033,1.0
1779438797.050563,58,0.003826799103990197,0.0179122406989336,0.020014921203255653,0.020472563803195953,0.027878757566213608,0.001049098907969892,1.0
1779438797.0829642,58,-0.00020125816809013486,0.02928372099995613,0.02488376945257187,0.03152754157781601,0.041600681841373444,0.0012032988015562296,1.0
1779438797.1145015,58,0.0034171794541180134,0.03989462926983833,0.018828392028808594,0.0228881873190403,0.044775161892175674,0.0008098325342871249,1.0
1779438797.1462617,58,0.0017960646655410528,0.0349029004573822,0.017328012734651566,0.02550661377608776,0.03998645767569542,0.0010723621817305684,1.0
1779438797.1798155,58,0.010730612091720104,0.02727666310966015,0.018953558057546616,0.0194901991635561,0.03535367548465729,0.0012994784628972411,1.0
1779438797.2134473,58,0.017632845789194107,0.0220352690666914,0.019259367138147354,0.020805634558200836,0.03489507734775543,0.0008101271814666688,1.0
1779438797.2459762,58,-0.0032674854155629873,0.0256973784416914,0.018707653507590294,0.025970395654439926,0.034622203558683395,0.0008788382983766496,1.0
1779438797.2766044,58,-0.012106270529329777,0.03681708872318268,0.020793959498405457,0.0336994044482708,0.048682473599910736,0.0009368097526021302,1.0
1779438797.3273935,58,-0.027689440175890923,0.06247737631201744,0.030093705281615257,0.05075396969914436,0.07633092999458313,0.0016269893385469913,1.0
1779438797.3587687,58,-0.017897244542837143,0.10493890196084976,0.03647017851471901,0.0877118781208992,0.11828985065221786,0.0018444989109411836,1.0
1779438797.3885438,58,0.004176699090749025,0.12395661324262619,0.039091918617486954,0.0782577395439148,0.13036204874515533,0.0021876231767237186,1.0
1779438797.4195023,58,0.011173643171787262,0.0851624608039856,0.03864035755395889,0.06833798438310623,0.09248717129230499,0.0016272753709927201,1.0
1779438797.453996,58,0.03525753691792488,0.06566251814365387,0.03988572210073471,0.04400302469730377,0.08203782141208649,0.001833673450164497,1.0
1779438797.4856262,58,0.03662082925438881,0.04016244783997536,0.02839072421193123,0.0410541333258152,0.06276696920394897,0.0014064899878576398,1.0
1779438797.5147347,58,0.04551512748003006,0.03219446539878845,0.03086620382964611,0.05430712178349495,0.0727148950099945,0.0013603343395516276,1.0
1779438797.5467272,58,0.0498841367661953,0.023510374128818512,0.035985060036182404,0.060133565217256546,0.07509119063615799,0.00123864714987576,1.0
1779438797.5800102,58,0.04296743497252464,-0.0011615095427259803,0.03256673738360405,0.058308038860559464,0.07154656201601028,0.001320309704169631,1.0
1779438797.6111042,58,0.015355340205132961,0.01898588053882122,0.025119047611951828,0.06548682600259781,0.05725966766476631,0.0015553133562207222,1.0
1779438797.6432238,58,-0.09954044967889786,0.018378686159849167,0.2648014426231384,0.07298899441957474,0.14793096482753754,0.0031334839295595884,1.0
1779438797.6748369,58,-0.1645050048828125,0.061528172343969345,0.37983933091163635,0.061349838972091675,0.20993904769420624,0.004396833945065737,1.0
1779438797.7265675,58,-0.11134759336709976,0.057547733187675476,0.08208589255809784,0.07782600075006485,0.15110279619693756,0.002037466736510396,1.0
1779438797.7553625,58,-0.11414416134357452,0.13562774658203125,0.08238697052001953,0.1071724072098732,0.20284627377986908,0.0026312139816582203,1.0
1779438797.7905774,58,-0.12108901143074036,0.19212420284748077,0.11378630250692368,0.16174481809139252,0.2714417576789856,0.0032619114499539137,1.0
1779438797.8217723,58,-0.07307513058185577,0.19475634396076202,0.09061826765537262,0.1533290594816208,0.2382078617811203,0.002728437539190054,1.0
1779438797.8502007,58,-0.039524998515844345,0.22730860114097595,0.0927095115184784,0.1816454529762268,0.2574414014816284,0.004270299803465605,1.0
1779438797.8839307,58,-0.047682665288448334,0.24710609018802643,0.07542098313570023,0.19864004850387573,0.2676159739494324,0.00513927498832345,1.0
1779438797.919063,58,-0.06987025588750839,0.2661961615085602,0.21094459295272827,0.38683974742889404,0.3303094506263733,0.009797237813472748,1.0
1779438797.9491084,58,-0.026462949812412262,0.1388397216796875,0.23750270903110504,0.16552665829658508,0.2541102170944214,0.011045576073229313,1.0
1779438797.9806972,58,-0.12260016053915024,0.1403598189353943,0.12527868151664734,0.231197327375412,0.2531891167163849,0.00726621737703681,1.0
1779438798.0140643,58,-0.07652545720338821,0.20638301968574524,0.2473897635936737,0.26720497012138367,0.3503558337688446,0.02501865103840828,1.0
1779438798.0443833,58,-0.10226256400346756,0.16689616441726685,0.17608599364757538,0.25213751196861267,0.30265700817108154,0.006318796891719103,1.0
1779438798.0742793,58,-0.16387939453125,0.09296654164791107,0.1516377329826355,0.21025635302066803,0.278894305229187,0.005845827981829643,1.0
1779438798.1280837,58,-0.2857876420021057,0.006640993524342775,0.20231562852859497,0.23644715547561646,0.35514822602272034,0.0075754704885184765,1.0
1779438798.1567497,58,-0.3248843550682068,0.041728053241968155,0.14886415004730225,0.2695188820362091,0.39077404141426086,0.015277157537639141,1.0
1779438798.188686,58,-0.37190431356430054,0.0964631736278534,0.16883519291877747,0.23986132442951202,0.43720999360084534,0.008687565103173256,1.0
1779438798.219579,58,-0.41060638427734375,0.1388186812400818,0.1531848907470703,0.2926773428916931,0.49808990955352783,0.007104568649083376,1.0
1779438798.2547915,58,-0.3801148533821106,0.045760057866573334,0.16500115394592285,0.2120862901210785,0.4370688199996948,0.006110651884227991,1.0
1779438798.2881787,58,-0.34051093459129333,0.03146809712052345,0.11819931864738464,0.302947998046875,0.42953264713287354,0.00809310283511877,1.0
1779438798.3161817,58,-0.2862364649772644,0.021209191530942917,0.11175896227359772,0.24816934764385223,0.3605874478816986,0.008130254223942757,1.0
1779438798.3488705,58,-0.3163144290447235,0.0060011763125658035,0.09725817292928696,0.2417108565568924,0.3845483660697937,0.007065568584948778,1.0
1779438798.3795726,58,-0.3458501994609833,-0.01632874645292759,0.07521510869264603,0.23811927437782288,0.40570729970932007,0.005452798213809729,1.0
1779438798.4138749,58,-0.356781005859375,-0.07830652594566345,0.0967869684100151,0.1937522143125534,0.408608615398407,0.0060506477020680904,1.0
1779438798.4443772,58,-0.3089620769023895,-0.09763994067907333,0.11322371661663055,0.22260312736034393,0.3877051770687103,0.00609588623046875,1.0
1779438798.4778295,58,-0.2988310158252716,-0.03192296624183655,0.12637963891029358,0.2130361795425415,0.35767456889152527,0.005712463054805994,1.0
1779438798.526439,58,-0.29164859652519226,0.04019585996866226,0.12250243127346039,0.26105666160583496,0.3583565056324005,0.007077420596033335,1.0
1779438798.556474,58,-0.27874520421028137,0.08924181759357452,0.12470871210098267,0.34179216623306274,0.3871729373931885,0.0060371048748493195,1.0
1779438798.5861785,58,-0.22680716216564178,0.25222674012184143,0.1213064193725586,0.5220838785171509,0.4630111753940582,0.0107093071565032,1.0
1779438798.624202,58,-0.15352287888526917,0.46476244926452637,0.17852377891540527,0.5682491660118103,0.5985521674156189,0.007775654084980488,1.0
1779438798.6509242,58,-0.2045866847038269,0.3749789595603943,0.22631864249706268,0.3084646761417389,0.5274675488471985,0.005737413186579943,1.0
1779438798.6829252,58,-0.17653734982013702,0.16201308369636536,0.24119932949543,0.161795973777771,0.3532864451408386,0.004570874385535717,1.0
1779438798.717163,58,-0.11354590952396393,-0.03600337728857994,0.17678797245025635,0.09811322391033173,0.19571150839328766,0.004027293995022774,1.0
1779438798.7474318,58,-0.09005842357873917,-0.28622016310691833,0.1909336894750595,0.16089412569999695,0.35912415385246277,0.0038019325584173203,1.0
1779438798.78015,58,-0.10866941511631012,-0.6055757999420166,0.10529538244009018,0.18625570833683014,0.625043511390686,0.006000956520438194,1.0
1779438798.8114102,58,-0.05202168598771095,-0.7033254504203796,0.08734104037284851,0.18914677202701569,0.7104754447937012,0.007312927395105362,1.0
1779438798.8443785,58,0.06246921792626381,-0.6065599918365479,0.05976339429616928,0.14791861176490784,0.6128334999084473,0.007334239315241575,1.0
1779438798.8727353,58,0.1063934862613678,-0.4810298979282379,0.07782234996557236,0.13485945761203766,0.4984031021595001,0.006035167723894119,1.0
1779438798.923444,58,0.0752531886100769,-0.3234676420688629,0.0951763391494751,0.18548905849456787,0.3496386408805847,0.005317663308233023,1.0
1779438798.9577043,58,0.020195532590150833,-0.21789024770259857,0.12784191966056824,0.16855444014072418,0.2762049734592438,0.005423885770142078,1.0
1779438798.9894798,58,-0.062235601246356964,-0.18066327273845673,0.10928559303283691,0.1499050259590149,0.24790793657302856,0.004943040199577808,1.0
1779438799.0197523,58,-0.0697053074836731,-0.14842908084392548,0.0693906918168068,0.09549544006586075,0.18860270082950592,0.0023643793538212776,1.0
1779438799.0517502,58,-0.11383872479200363,-0.1720646768808365,0.09486772119998932,0.09024625271558762,0.23073425889015198,0.0032633617520332336,1.0
1779438799.0854483,58,-0.09444243460893631,-0.17686067521572113,0.074459969997406,0.08574021607637405,0.21535281836986542,0.003347930032759905,1.0
1779438799.115783,58,-0.10719325393438339,-0.15254290401935577,0.05684109404683113,0.07614210247993469,0.19674208760261536,0.0028662430122494698,1.0
1779438799.1459937,58,-0.11700860410928726,-0.10768916457891464,0.058167021721601486,0.07891104370355606,0.1759413778781891,0.0028523600194603205,1.0
1779438799.1778865,58,-0.12323261052370071,-0.007234770804643631,0.07742603123188019,0.10221890360116959,0.16236595809459686,0.002584489295259118,1.0
1779438799.2111907,58,-0.0977601706981659,0.2165558934211731,0.15129223465919495,0.16449716687202454,0.29041576385498047,0.004967101849615574,1.0
1779438799.2449725,58,-0.006438419688493013,0.5194883942604065,0.25055426359176636,0.180944561958313,0.5820217728614807,0.005390305537730455,1.0
1779438799.2770727,58,0.0320708192884922,0.4875467121601105,0.20735937356948853,0.1713116616010666,0.5407053232192993,0.007635201793164015,1.0
1779438799.325238,58,0.05901284143328667,0.2549278140068054,0.11952373385429382,0.08225563168525696,0.29158762097358704,0.004201636649668217,1.0
1779438799.3559456,58,0.08779407292604446,0.14279910922050476,0.07024363428354263,0.06835450977087021,0.17749638855457306,0.00272125331684947,1.0
1779438799.387652,58,0.11879914253950119,0.03165646269917488,0.054052941501140594,0.05077947676181793,0.13283143937587738,0.002488827332854271,1.0
1779438799.418562,58,0.19621407985687256,-0.05190329626202583,0.08515635877847672,0.0708325132727623,0.215812087059021,0.0028699669055640697,1.0
1779438799.4498794,58,0.28252726793289185,-0.1297362744808197,0.11677683889865875,0.07805592566728592,0.32045844197273254,0.0030548912473022938,1.0
1779438799.4830947,58,0.23726233839988708,-0.08001761883497238,0.13456395268440247,0.16074968874454498,0.30356112122535706,0.005166435148566961,1.0
1779438799.516352,58,0.2464933693408966,-0.0812467411160469,0.16671079397201538,0.12923796474933624,0.29047125577926636,0.0059360722079873085,1.0
1779438799.5470302,58,0.24670462310314178,0.029445253312587738,0.25676432251930237,0.24950116872787476,0.29704660177230835,0.011126011610031128,1.0
1779438799.5796504,58,0.18198131024837494,0.04553933069109917,0.3070449233055115,0.21089354157447815,0.23196449875831604,0.01892051286995411,1.0
1779438799.6109073,58,0.08767595142126083,0.07682274281978607,0.21172335743904114,0.15015916526317596,0.15603452920913696,0.018795039504766464,1.0
1779438799.6444995,58,0.029541805386543274,0.09040753543376923,0.19472697377204895,0.1093641147017479,0.1315358281135559,0.01911480724811554,1.0
1779438799.6770442,58,-0.07310985773801804,0.1097288429737091,0.0771268680691719,0.08969233930110931,0.14784656465053558,0.006892791949212551,1.0
1779438799.7242343,58,-0.12144286185503006,0.07720158249139786,0.0944179892539978,0.07889750599861145,0.16957944631576538,0.00796460546553135,1.0
1779438799.7607958,58,-0.1529754102230072,0.0405152402818203,0.09099394083023071,0.06953570246696472,0.1754699945449829,0.0033499617129564285,1.0
1779438799.7876105,58,-0.18389445543289185,-0.054166071116924286,0.15931300818920135,0.11621320992708206,0.2186644822359085,0.012453984469175339,1.0
1779438799.8210065,58,-0.1918182373046875,-0.197052001953125,0.20140273869037628,0.3566673994064331,0.3111408054828644,0.024851718917489052,1.0
1779438799.8533454,58,-0.14118589460849762,-0.20022425055503845,0.16289925575256348,0.3171590268611908,0.28913575410842896,0.014832071959972382,1.0
1779438799.883632,58,-0.0812772586941719,-0.16291283071041107,0.14358402788639069,0.24313019216060638,0.2056010514497757,0.007041326258331537,1.0
1779438799.9139585,58,-0.04002617299556732,-0.1432218849658966,0.11488273739814758,0.16708888113498688,0.17127560079097748,0.0036635692231357098,1.0
1779438799.949316,58,0.009588570334017277,-0.14087256789207458,0.053158532828092575,0.10097497701644897,0.1524866819381714,0.002396968426182866,1.0
1779438799.980237,58,0.030529679730534554,-0.2371394783258438,0.06982037425041199,0.12796327471733093,0.24981334805488586,0.003508838592097163,1.0
1779438800.0137036,58,0.10062487423419952,-0.3511755168437958,0.09689011424779892,0.14374803006649017,0.37687015533447266,0.005436557810753584,1.0
1779438800.0432572,58,0.1702604591846466,-0.3960810601711273,0.16409927606582642,0.15217189490795135,0.45931604504585266,0.006244767922908068,1.0
1779438800.0740561,58,0.1362733542919159,-0.382140576839447,0.1097671166062355,0.1500389277935028,0.4202790856361389,0.005346354097127914,1.0
1779438800.1228807,58,0.11607518792152405,-0.3669554591178894,0.11790824681520462,0.1244008019566536,0.40417543053627014,0.008733976632356644,1.0
1779438800.1554096,58,0.13211770355701447,-0.35006004571914673,0.09399431198835373,0.14846991002559662,0.3868750333786011,0.006600515451282263,1.0
1779438800.1857665,58,0.13249601423740387,-0.37046024203300476,0.09075509011745453,0.13185785710811615,0.40853720903396606,0.0062064374797046185,1.0
1779438800.2207994,58,0.15933121740818024,-0.29327628016471863,0.0700298324227333,0.11233577132225037,0.34490296244621277,0.0035748607479035854,1.0
1779438800.2580214,58,0.12793467938899994,-0.22948166728019714,0.08756066858768463,0.09900034219026566,0.2709603011608124,0.003857860341668129,1.0
1779438800.2825677,58,0.08863409608602524,-0.17382365465164185,0.06266117095947266,0.07148907333612442,0.20296214520931244,0.003177198814228177,1.0
1779438800.3166423,58,0.09350322932004929,-0.125168114900589,0.05870857462286949,0.05766919255256653,0.16469238698482513,0.0026345255319029093,1.0
1779438800.3473916,58,0.12465325742959976,-0.0852324366569519,0.05621111020445824,0.05241796001791954,0.1564299762248993,0.0026107211597263813,1.0
1779438800.3794143,58,0.1479731649160385,-0.043625928461551666,0.06227663531899452,0.05765283480286598,0.16384394466876984,0.0021095203701406717,1.0
1779438800.4132771,58,0.1359802782535553,-0.01679071970283985,0.06409113854169846,0.03529058396816254,0.14287912845611572,0.0019788031931966543,1.0
1779438800.4435484,58,0.0991910770535469,-0.006738070864230394,0.0531458705663681,0.03381470590829849,0.10828040540218353,0.0019342952873557806,1.0
1779438800.4770215,58,0.07754437625408173,0.04385901987552643,0.040084775537252426,0.035387877374887466,0.09630754590034485,0.0013335261028259993,1.0
1779438800.5261178,58,0.12468403577804565,0.129525288939476,0.15664029121398926,0.1350582093000412,0.18555915355682373,0.002707198029384017,1.0
1779438800.557834,58,0.06814365088939667,0.14291934669017792,0.04822055622935295,0.1046169251203537,0.1694290190935135,0.00192333257291466,1.0
1779438800.5864487,58,0.02214839495718479,0.03468901664018631,0.2648109197616577,0.47370338439941406,0.38210931420326233,0.010968378745019436,1.0
1779438800.618264,58,-0.40878531336784363,-0.41234010457992554,0.8514789938926697,1.221677541732788,0.9908061027526855,0.018184978514909744,1.0
1779438800.6517732,58,-0.15728890895843506,-0.12406868487596512,0.2881813943386078,0.2562108635902405,0.3703036904335022,0.0064034657552838326,1.0
1779438800.682452,58,-0.09764941036701202,-0.16463102400302887,0.21594072878360748,0.29411977529525757,0.31446072459220886,0.005833306349813938,1.0
1779438800.7149527,58,0.03880362585186958,-0.19890831410884857,0.1346319615840912,0.21354997158050537,0.22524845600128174,0.0044133421033620834,1.0
1779438800.7487628,58,0.0693206787109375,-0.19015845656394958,0.07686762511730194,0.134847491979599,0.21014343202114105,0.0032503053080290556,1.0
1779438800.7789488,58,0.1212981641292572,-0.2477448582649231,0.0738241970539093,0.1398492157459259,0.2832255959510803,0.004084759391844273,1.0
1779438800.8109195,58,0.08403173089027405,-0.19381634891033173,0.06204799935221672,0.092569999396801,0.22801673412322998,0.003336872672662139,1.0
1779438800.8421266,58,0.06556175649166107,-0.1220213770866394,0.06302259862422943,0.07076690346002579,0.15477992594242096,0.002343418775126338,1.0
1779438800.874694,58,0.08849623799324036,-0.09738343209028244,0.044021014124155045,0.05843086168169975,0.14186722040176392,0.0020567828323692083,1.0
1779438800.9240148,58,0.11207343637943268,-0.08949411660432816,0.047003697603940964,0.04832461476325989,0.1503414660692215,0.0019727754406630993,1.0
1779438800.9548151,58,0.12349122017621994,-0.06480907648801804,0.05963548272848129,0.06115873157978058,0.15218454599380493,0.0019734378438442945,1.0
1779438800.9911346,58,0.11516807973384857,-0.03320654481649399,0.050689347088336945,0.04465862736105919,0.1284923255443573,0.0016924183582887053,1.0
1779438801.0172284,58,0.1437472701072693,-0.005958820227533579,0.06696600466966629,0.042696624994277954,0.15042923390865326,0.0016319537535309792,1.0
1779438801.051263,58,0.13674242794513702,0.007928782142698765,0.04216986894607544,0.04003628343343735,0.14298893511295319,0.001873833010904491,1.0
1779438801.0895324,58,0.11759369820356369,0.007048245053738356,0.06094282492995262,0.030955016613006592,0.12448503077030182,0.001662081922404468,1.0
1779438801.1151285,58,0.06470226496458054,0.0015174602158367634,0.09239077568054199,0.03998471051454544,0.09987650066614151,0.0014605214819312096,1.0
1779438801.14748,58,0.06802868098020554,0.030800390988588333,0.04375319555401802,0.029257453978061676,0.08021748811006546,0.0011546226451173425,1.0
1779438801.1791697,58,0.06478697806596756,0.054243944585323334,0.051309727132320404,0.03795910254120827,0.09452925622463226,0.001952850609086454,1.0
1779438801.2128453,58,0.05865504965186119,0.09966488182544708,0.06436912715435028,0.05252457410097122,0.13183417916297913,0.0018887955229729414,1.0
1779438801.243377,58,0.06663645058870316,0.14931830763816833,0.07957421988248825,0.07406993955373764,0.1836998015642166,0.002182471100240946,1.0
1779438801.2752197,58,0.1620480716228485,0.3056272268295288,0.10551197826862335,0.19503027200698853,0.3578234612941742,0.0035656823311001062,1.0
1779438801.3067563,58,0.29571086168289185,0.4460428059101105,0.2561812400817871,0.40352001786231995,0.5466808676719666,0.014171049930155277,1.0
1779438801.3549085,58,0.13093934953212738,0.2580142915248871,0.06839534640312195,0.08252616971731186,0.29568183422088623,0.003981383051723242,1.0
1779438801.3915932,58,0.09286867082118988,0.20067939162254333,0.060811687260866165,0.0975642129778862,0.23079954087734222,0.003910155035555363,1.0
1779438801.4207432,58,0.06487379223108292,0.13958397507667542,0.05173439532518387,0.07157009094953537,0.16279971599578857,0.0019748196937143803,1.0
1779438801.4522305,58,0.07575435936450958,0.11533013731241226,0.04443889483809471,0.051288358867168427,0.14591464400291443,0.0019459748873487115,1.0
1779438801.489801,58,0.04099905118346214,0.1084836795926094,0.04830559715628624,0.05678774416446686,0.12924601137638092,0.0019601539243012667,1.0
1779438801.5168536,58,0.03389213979244232,0.11908379942178726,0.05450073257088661,0.08710262179374695,0.14626391232013702,0.0018279978539794683,1.0
1779438801.5458767,58,0.0442717969417572,0.11088509112596512,0.10991552472114563,0.20241789519786835,0.20727604627609253,0.004931754898279905,1.0
1779438801.5858877,58,-0.025103075429797173,0.04914803430438042,0.13973845541477203,0.29569482803344727,0.2530464231967926,0.004786958452314138,1.0
1779438801.6120803,58,-0.0416228212416172,0.012843690812587738,0.17755338549613953,0.3875701427459717,0.3272537589073181,0.006705994717776775,1.0
1779438801.6422427,58,-0.10885594040155411,0.06150607392191887,0.1469155102968216,0.41857728362083435,0.3773309588432312,0.009164956398308277,1.0
1779438801.675483,58,-0.16485385596752167,0.0015300882514566183,0.1862937957048416,0.5008898973464966,0.43031734228134155,0.01208016462624073,1.0
1779438801.706809,58,-0.1892026662826538,0.03363010659813881,0.1694919764995575,0.45231005549430847,0.4420739412307739,0.012194319628179073,1.0
1779438801.759803,58,-0.17073138058185577,0.08405619859695435,0.1407838761806488,0.33774489164352417,0.35552138090133667,0.008888320066034794,1.0
1779438801.7863784,58,-0.18869149684906006,0.18505674600601196,0.13984674215316772,0.3541860580444336,0.4284282326698303,0.006778108887374401,1.0
1779438801.822718,58,-0.13756008446216583,0.20445093512535095,0.2225378155708313,0.4133375287055969,0.443438857793808,0.01178843341767788,1.0
1779438801.8528564,58,-0.06166892126202583,0.21390138566493988,0.3496173322200775,0.4787386655807495,0.48153695464134216,0.028479358181357384,1.0
1779438801.8840864,58,-0.03866761177778244,0.146942138671875,0.3096872568130493,0.4588555097579956,0.41967543959617615,0.02187073417007923,1.0
1779438801.914422,58,-0.13725359737873077,-0.02178586833178997,0.21191199123859406,0.3884395956993103,0.3629363477230072,0.012345188297331333,1.0
1779438801.9501429,58,-0.12741298973560333,-0.14255839586257935,0.13859029114246368,0.2782401144504547,0.2662610113620758,0.006698600482195616,1.0
1779438801.9798102,58,-0.08574729412794113,-0.08048853278160095,0.12926015257835388,0.16773372888565063,0.17680610716342926,0.004533202853053808,1.0
1779438802.0134027,58,-0.06746647506952286,-0.08964906632900238,0.12555180490016937,0.1637708693742752,0.1874115765094757,0.004154492169618607,1.0
1779438802.045166,58,-0.07959773391485214,-0.0670166015625,0.11710573732852936,0.2118336409330368,0.19550035893917084,0.004821447655558586,1.0
1779438802.0750442,58,-0.17450924217700958,0.019730139523744583,0.16355013847351074,0.23547431826591492,0.28213462233543396,0.004824377130717039,1.0
1779438802.109295,58,-0.23604188859462738,0.10940788686275482,0.1800088733434677,0.32636719942092896,0.40771323442459106,0.00949792005121708,1.0
1779438802.1563566,58,-0.35823848843574524,0.13378775119781494,0.21047869324684143,0.46636074781417847,0.5703886151313782,0.013038625940680504,1.0
1779438802.1882625,58,-0.42233380675315857,0.17117835581302643,0.1738874465227127,0.34176358580589294,0.5627580285072327,0.011592107824981213,1.0
1779438802.2187233,58,-0.33850255608558655,0.205283060669899,0.18038541078567505,0.2943624258041382,0.49131280183792114,0.008019150234758854,1.0
1779438802.2508268,58,-0.39164498448371887,0.23493747413158417,0.15836657583713531,0.28650492429733276,0.5270034670829773,0.013478863053023815,1.0
1779438802.288744,58,-0.33297598361968994,0.16178394854068756,0.1689109206199646,0.26526516675949097,0.4624008536338806,0.010889091528952122,1.0
1779438802.3140855,58,-0.3358162045478821,0.0876096561551094,0.11736772954463959,0.18459424376487732,0.39329636096954346,0.008417798206210136,1.0
1779438802.3495402,58,-0.33953016996383667,0.16680409014225006,0.12627600133419037,0.2150580883026123,0.42626097798347473,0.007587026804685593,1.0
1779438802.3854175,58,-0.24684301018714905,0.11860577762126923,0.09301993250846863,0.2124844491481781,0.3378533720970154,0.005895751528441906,1.0
1779438802.4144933,58,-0.2522890865802765,0.17302493751049042,0.10893044620752335,0.1808507740497589,0.34185492992401123,0.00608870992437005,1.0
1779438802.4438632,58,-0.21660587191581726,0.2088993936777115,0.10584717988967896,0.1688602864742279,0.32529622316360474,0.00548683013767004,1.0
1779438802.478868,58,-0.2133547067642212,0.19246357679367065,0.09535346180200577,0.11245343834161758,0.2994515299797058,0.00397521210834384,1.0
1779438802.5096824,58,-0.145309180021286,0.22837698459625244,0.10987822711467743,0.12095548212528229,0.28946253657341003,0.0039044544100761414,1.0
1779438802.5599434,58,-0.10241462290287018,0.2135038673877716,0.08747091144323349,0.10922908037900925,0.2579757273197174,0.0036970300134271383,1.0
1779438802.5903394,58,-0.1228913962841034,0.18122626841068268,0.10793505609035492,0.10329928249120712,0.2425381988286972,0.004420796409249306,1.0
1779438802.6205509,58,-0.13619521260261536,0.2507445216178894,0.11731883138418198,0.11865225434303284,0.3157424330711365,0.004776709247380495,1.0
1779438802.651885,58,-0.08053062856197357,0.33315354585647583,0.15718619525432587,0.19338664412498474,0.39696595072746277,0.007446920033544302,1.0
1779438802.684283,58,-0.10946102440357208,0.41645023226737976,0.19740885496139526,0.23417896032333374,0.4874875545501709,0.008296441286802292,1.0
1779438802.7154312,58,0.08248980343341827,0.5060240626335144,0.2805333435535431,0.4378449022769928,0.6011263728141785,0.010179411619901657,1.0
1779438802.7486339,58,0.1470823585987091,0.47754985094070435,0.2786659598350525,0.4260335862636566,0.5729666948318481,0.01035064086318016,1.0
1779438802.779431,58,0.09801509231328964,0.3110312223434448,0.2211628407239914,0.24019640684127808,0.3845292925834656,0.006836234126240015,1.0
1779438802.8124182,58,0.12579555809497833,0.2576023042201996,0.23028239607810974,0.20983022451400757,0.3572075664997101,0.008599920198321342,1.0
1779438802.8439596,58,0.11077301949262619,0.13351677358150482,0.14336590468883514,0.23239776492118835,0.2586224377155304,0.011000847443938255,1.0
1779438802.8771598,58,0.2091130167245865,0.026085952296853065,0.3430841267108917,0.5588932633399963,0.5270992517471313,0.015380924567580223,1.0
1779438802.9091458,58,0.3443853557109833,0.05413239449262619,0.39603444933891296,0.8113775253295898,0.7553614974021912,0.0593673400580883,1.0
1779438802.9589489,58,0.273406445980072,0.15709896385669708,0.314703106880188,0.8489253520965576,0.6893931031227112,0.06987554579973221,1.0
1779438802.9871995,58,0.1856381595134735,-0.014905995689332485,0.27959999442100525,0.7481772899627686,0.6287442445755005,0.05107676982879639,1.0
1779438803.021326,58,0.11176799982786179,0.04965657368302345,0.31157416105270386,0.7152281403541565,0.5827791094779968,0.03082282841205597,1.0
1779438803.0518153,58,0.08519981801509857,0.05083781108260155,0.23989920318126678,0.6251477003097534,0.5099613070487976,0.023496858775615692,1.0
1779438803.08214,58,0.04396399110555649,0.1458648145198822,0.14548206329345703,0.5532464981079102,0.3947179615497589,0.014616765081882477,1.0
1779438803.1158736,58,-0.018647292628884315,0.09470262378454208,0.12055644392967224,0.36157679557800293,0.2706257700920105,0.006756627466529608,1.0
1779438803.1454628,58,-0.14263390004634857,0.17200496792793274,0.12227233499288559,0.3942092955112457,0.3318900167942047,0.006078484933823347,1.0
1779438803.1782362,58,-0.23236241936683655,0.18835923075675964,0.13769789040088654,0.3047844469547272,0.36120328307151794,0.0067356484942138195,1.0
1779438803.211575,54,-0.2020060271024704,0.27514931559562683,0.49903759360313416,0.46092748641967773,0.5409272313117981,0.044852837920188904,0.9310344827586207
1779438803.2453742,54,-0.2876075506210327,0.34113141894340515,0.21735288202762604,0.619793713092804,0.5768128037452698,0.032505497336387634,1.0
1779438803.2763379,54,-0.32224273681640625,0.012747587636113167,0.14581173658370972,0.29884201288223267,0.4135794937610626,0.006579824257642031,1.0
1779438803.3067293,54,-0.33849814534187317,-0.13164520263671875,0.19442883133888245,0.5404435396194458,0.5149944424629211,0.011340542696416378,1.0
1779438803.354505,54,-0.40811580419540405,-0.05040062963962555,0.2671066224575043,0.3707268536090851,0.5148531794548035,0.016746215522289276,1.0
1779438803.3872678,54,-0.4016605019569397,-0.11642936617136002,0.3177244961261749,0.3585430681705475,0.517110288143158,0.01728294976055622,1.0
1779438803.42103,54,-0.3468919098377228,0.006098711863160133,0.22595731914043427,0.34295088052749634,0.4635871946811676,0.010951702482998371,1.0
1779438803.452557,54,-0.2722238600254059,0.0021370782051235437,0.2269144058227539,0.28022241592407227,0.3947221338748932,0.008195856586098671,1.0
1779438803.4850845,54,-0.22917909920215607,0.0017765186494216323,0.17167264223098755,0.28043192625045776,0.34221166372299194,0.0065280962735414505,1.0
1779438803.5174198,54,-0.10363882780075073,-0.020479273051023483,0.13010375201702118,0.2338971048593521,0.25102487206459045,0.007751164026558399,1.0
1779438803.5478194,54,-0.0755886510014534,-0.09713970869779587,0.1076270192861557,0.18027383089065552,0.20914767682552338,0.0046818978153169155,1.0
1779438803.582855,54,0.008835969492793083,-0.09607809782028198,0.10805052518844604,0.20942963659763336,0.21979616582393646,0.004927467089146376,1.0
1779438803.6105866,54,0.06853852421045303,-0.1327565461397171,0.07148478925228119,0.15497031807899475,0.20039941370487213,0.004428511019796133,1.0
1779438803.6439996,54,0.11738868802785873,-0.14721651375293732,0.07405085116624832,0.12981337308883667,0.22857870161533356,0.004562211222946644,1.0
1779438803.6778028,54,0.18298876285552979,-0.14343290030956268,0.1166008934378624,0.1004893034696579,0.25928419828414917,0.004866812843829393,1.0
1779438803.708413,54,0.19808055460453033,-0.11099610477685928,0.1273157298564911,0.10847986489534378,0.25589320063591003,0.0050969538278877735,1.0
1779438803.758113,54,0.17456591129302979,-0.037956804037094116,0.08579820394515991,0.09301421791315079,0.20886832475662231,0.0034669500309973955,1.0
1779438803.789367,54,0.14900179207324982,-0.059403032064437866,0.07197751849889755,0.09435036778450012,0.18655574321746826,0.0030370247550308704,1.0
1779438803.8195875,54,0.14747647941112518,-0.09629680216312408,0.08518016338348389,0.09454487264156342,0.20156198740005493,0.003405231749638915,1.0
1779438803.8515575,54,0.13450057804584503,-0.07538802176713943,0.08378013968467712,0.07570847868919373,0.17733652889728546,0.004117909353226423,1.0
1779438803.8847134,54,0.10796384513378143,-0.055399294942617416,0.08303482085466385,0.08587825298309326,0.15557032823562622,0.004265705123543739,1.0
1779438803.9183853,54,0.08311829715967178,-0.08140592277050018,0.07366474717855453,0.06769287586212158,0.13879166543483734,0.003203109372407198,1.0
1779438803.9492912,54,0.05099119991064072,-0.11915785819292068,0.07559563964605331,0.08273854851722717,0.15586897730827332,0.0032975003123283386,1.0
1779438803.9802313,54,0.0306710135191679,-0.1054653599858284,0.05522649362683296,0.05061361938714981,0.12632761895656586,0.002466343343257904,1.0
1779438804.0131211,54,-0.020443668588995934,-0.16638126969337463,0.08317961543798447,0.1108207181096077,0.18735019862651825,0.003770158626139164,1.0
1779438804.0444605,54,-0.05838267132639885,-0.18073612451553345,0.08650974184274673,0.07883443683385849,0.2055036872625351,0.002888026414439082,1.0
1779438804.0784016,54,-0.08872166275978088,-0.2350786030292511,0.11530763655900955,0.10217859596014023,0.2721424102783203,0.00375157268717885,1.0
1779438804.1106055,54,-0.0924309641122818,-0.2733255922794342,0.11759720742702484,0.07957235723733902,0.3100810945034027,0.004244832322001457,1.0
1779438804.1584346,54,-0.04391620680689812,-0.37182363867759705,0.11077944189310074,0.11806830763816833,0.38997703790664673,0.0050473567098379135,1.0
1779438804.1863987,54,0.007922419346868992,-0.42734697461128235,0.10884205996990204,0.1425333023071289,0.4435022473335266,0.006474791094660759,1.0
1779438804.2192962,54,0.0371466726064682,-0.4758591949939728,0.16087499260902405,0.14755600690841675,0.5073089599609375,0.005179441533982754,1.0
1779438804.2506595,54,0.04467745125293732,-0.43005824089050293,0.13335998356342316,0.13486798107624054,0.4562474489212036,0.006324233487248421,1.0
1779438804.283457,54,0.016900239512324333,-0.2998044192790985,0.13546276092529297,0.132130429148674,0.3320271968841553,0.003981257323175669,1.0
1779438804.3160286,54,-0.0010559647344052792,-0.2049713134765625,0.11825121939182281,0.17755502462387085,0.2338101714849472,0.004312446806579828,1.0
1779438804.3491442,54,-0.1115993931889534,-0.27257707715034485,0.3034713566303253,0.41275519132614136,0.3688901662826538,0.006500887684524059,1.0
1779438804.3786206,54,-0.13682414591312408,-0.10861855745315552,0.29171037673950195,0.25026360154151917,0.25516870617866516,0.0045833648182451725,1.0
1779438804.4128335,54,0.015064663253724575,0.016711199656128883,0.06025421991944313,0.08053205162286758,0.07760673016309738,0.003770975861698389,1.0
1779438804.4464908,54,0.1460028737783432,-0.0428500697016716,0.15199615061283112,0.18024183809757233,0.2087143510580063,0.004532072227448225,1.0
1779438804.478144,54,0.3211503326892853,-0.07213366776704788,0.20370438694953918,0.2028076946735382,0.3704308271408081,0.006150180008262396,1.0
1779438804.5084891,54,0.48266148567199707,-0.1786075234413147,0.11778517067432404,0.13976013660430908,0.5298129320144653,0.004909008275717497,1.0
1779438804.5639713,54,0.58601975440979,-0.29432055354118347,0.1261814385652542,0.16113080084323883,0.6734294891357422,0.006068537477403879,1.0
1779438804.5873425,54,0.6898526549339294,-0.3200245499610901,0.20530885457992554,0.2134910374879837,0.7943292260169983,0.009475205093622208,1.0
1779438804.6187425,54,0.656311571598053,-0.3147698938846588,0.2378673106431961,0.21432647109031677,0.7632105350494385,0.017589248716831207,1.0
1779438804.6532493,54,0.6120362281799316,-0.2812175154685974,0.270175039768219,0.24615894258022308,0.7235460877418518,0.01700030267238617,1.0
1779438804.6829796,54,0.5421314835548401,-0.19648036360740662,0.14822785556316376,0.2175493985414505,0.6176742911338806,0.007749688811600208,1.0
1779438804.7139025,54,0.45750850439071655,-0.1640252023935318,0.1257869005203247,0.1074511781334877,0.49533843994140625,0.0066071609035134315,1.0
1779438804.7487907,54,0.39251285791397095,-0.09676332771778107,0.12057224661111832,0.08509952574968338,0.4113186299800873,0.004868553020060062,1.0
1779438804.7811909,54,0.26573067903518677,-0.06601234525442123,0.09066534042358398,0.07449303567409515,0.2834199368953705,0.004289387725293636,1.0
1779438804.8123066,54,0.21350465714931488,-0.06974142789840698,0.09945743530988693,0.09693015366792679,0.2356804609298706,0.0036662709899246693,1.0
1779438804.8456726,54,0.0871141254901886,-0.0525394007563591,0.07954090088605881,0.14275401830673218,0.14983399212360382,0.003551092930138111,1.0
1779438804.8775532,54,0.014317830093204975,-0.10879319161176682,0.16721507906913757,0.23260793089866638,0.1709180772304535,0.006599589716643095,1.0
1779438804.9098907,54,0.012228506617248058,-0.12479542195796967,0.15467755496501923,0.223606675863266,0.1809028834104538,0.008298407308757305,1.0
1779438804.9574208,54,0.04193680360913277,-0.14978310465812683,0.14611613750457764,0.1559918224811554,0.1948661208152771,0.0046514482237398624,1.0
1779438804.988855,54,0.05233736336231232,-0.15253816545009613,0.18525564670562744,0.19653001427650452,0.2198110967874527,0.004742547404021025,1.0
1779438805.0261154,54,0.04979988560080528,-0.20287153124809265,0.11855655163526535,0.23242849111557007,0.24347859621047974,0.00606172438710928,1.0
1779438805.0527306,54,-0.0027912280056625605,-0.2338901162147522,0.12693819403648376,0.22864407300949097,0.265026718378067,0.0068941558711230755,1.0
1779438805.0844433,54,-0.058351870626211166,-0.2298550009727478,0.10353270173072815,0.23702499270439148,0.2547726035118103,0.005666967481374741,1.0
1779438805.117443,54,-0.03406383469700813,-0.21237832307815552,0.13607855141162872,0.17478616535663605,0.24975301325321198,0.00876263901591301,1.0
1779438805.1468434,54,-0.00548468716442585,-0.2291887104511261,0.10422608256340027,0.28765735030174255,0.2556225061416626,0.00512505741789937,1.0
1779438805.179262,54,0.03982091695070267,-0.1386142373085022,0.11799363791942596,0.2755807936191559,0.19648335874080658,0.0034475827123969793,1.0
1779438805.2118847,54,-0.00950029119849205,-0.17532743513584137,0.14563532173633575,0.36743006110191345,0.2850979268550873,0.004011439625173807,1.0
1779438805.2428987,54,-0.04188170284032822,-0.12469058483839035,0.12861917912960052,0.31726711988449097,0.23892666399478912,0.004382384475320578,1.0
1779438805.2728043,54,-0.07390255481004715,-0.06509145349264145,0.1335618942975998,0.30635136365890503,0.25699684023857117,0.004668692592531443,1.0
1779438805.3071697,54,-0.17238815128803253,-0.09052558988332748,0.14415131509304047,0.35383814573287964,0.312487930059433,0.01011443231254816,1.0
1779438805.3582892,54,-0.24251951277256012,-0.15469275414943695,0.18301978707313538,0.4047318398952484,0.4036911129951477,0.008307691663503647,1.0
1779438805.387573,54,-0.20550988614559174,-0.08539129048585892,0.1607130616903305,0.3192221224308014,0.330757737159729,0.006821859162300825,1.0
1779438805.4191587,54,-0.16404469311237335,-0.015527230687439442,0.0890951156616211,0.20777757465839386,0.24600015580654144,0.006597158499062061,1.0
1779438805.452578,54,-0.1023034006357193,0.0965847447514534,0.15803435444831848,0.4234265387058258,0.3551783859729767,0.007700213696807623,1.0
1779438805.4831185,54,-0.1123860701918602,0.09023059159517288,0.11855572462081909,0.33432820439338684,0.3252151906490326,0.00832582637667656,1.0
1779438805.5151057,54,-0.055291350930929184,0.0642242431640625,0.09237038344144821,0.2485649436712265,0.22888119518756866,0.005953405052423477,1.0
1779438805.5488248,54,-0.08043331652879715,-0.0073911878280341625,0.07932862639427185,0.2373345047235489,0.1975882649421692,0.004414481110870838,1.0
1779438805.5795162,54,-0.0651397705078125,-0.13251043856143951,0.11815272271633148,0.3811829686164856,0.25843071937561035,0.007122052367776632,1.0
1779438805.6133378,54,-0.10627379268407822,-0.14933070540428162,0.130024254322052,0.3948914706707001,0.29916512966156006,0.009063076227903366,1.0
1779438805.6421897,54,-0.0899386927485466,-0.08582108467817307,0.1394597738981247,0.282867968082428,0.2131647914648056,0.006387910805642605,1.0
1779438805.6751065,54,-0.13503971695899963,-0.14473018050193787,0.16786646842956543,0.27127835154533386,0.26380571722984314,0.006690723821520805,1.0
1779438805.7081802,54,-0.10678128898143768,-0.10571147501468658,0.15794721245765686,0.2522583305835724,0.24736782908439636,0.006812708452343941,1.0
1779438805.7569227,54,-0.026381315663456917,-0.04555680975317955,0.11825572699308395,0.2140127420425415,0.19084255397319794,0.007170017808675766,1.0
1779438805.7892692,54,-0.05056734383106232,-0.0328860804438591,0.1423557698726654,0.24011360108852386,0.2220960259437561,0.009477845393121243,1.0
1779438805.8257859,54,-0.06854473799467087,-0.11705780029296875,0.20316195487976074,0.3315593898296356,0.2944943606853485,0.010197318159043789,1.0
1779438805.8517582,54,-0.08730146288871765,-0.15853796899318695,0.20539696514606476,0.35947519540786743,0.31131604313850403,0.009505235590040684,1.0
1779438805.886745,54,-0.03360409289598465,-0.14964407682418823,0.1181504875421524,0.29046422243118286,0.26293185353279114,0.0059556784108281136,1.0
1779438805.918151,54,0.0016979641513898969,-0.027862265706062317,0.08598010987043381,0.19271427392959595,0.1719205528497696,0.006077019032090902,1.0
1779438805.9468653,54,0.028167441487312317,0.039865847676992416,0.09496884047985077,0.1652481108903885,0.16039149463176727,0.009062654338777065,1.0
1779438805.980741,54,0.08849730342626572,0.0743764266371727,0.24115559458732605,0.33593040704727173,0.24704112112522125,0.01113478560000658,1.0
1779438806.012414,54,0.1313408762216568,0.40891405940055847,0.34849420189857483,1.0220872163772583,0.48482754826545715,0.04651547968387604,1.0
1779438806.044604,54,-0.0971798375248909,0.2470957487821579,0.11565390974283218,0.3826253116130829,0.3020467758178711,0.007838184013962746,1.0
1779438806.077168,54,-0.20259545743465424,0.18124163150787354,0.1191696897149086,0.12642131745815277,0.291414737701416,0.005565054249018431,1.0
1779438806.1090543,54,-0.3476664125919342,0.2611680328845978,0.15147189795970917,0.1411445438861847,0.4543602764606476,0.005797339603304863,1.0
1779438806.1569047,54,-0.33088061213493347,0.30101776123046875,0.13743852078914642,0.1485809087753296,0.461964875459671,0.005957354325801134,1.0
1779438806.1864088,54,-0.24637998640537262,0.2532701790332794,0.10580109804868698,0.11497613042593002,0.3628893494606018,0.007622679229825735,1.0
1779438806.2228067,54,-0.1983795166015625,0.19843970239162445,0.09927837550640106,0.09325201064348221,0.29225820302963257,0.004989583510905504,1.0
1779438806.2499123,54,-0.14582739770412445,0.15161782503128052,0.08694635331630707,0.09103347361087799,0.2231377512216568,0.004027446731925011,1.0
1779438806.2842717,54,-0.13309676945209503,0.13604114949703217,0.1004968211054802,0.08977355808019638,0.20916235446929932,0.0031368834897875786,1.0
1779438806.3207078,54,-0.1473134309053421,0.12195106595754623,0.08299600332975388,0.09831518679857254,0.2061237245798111,0.0037119118496775627,1.0
1779438806.3493156,54,-0.11009413748979568,0.02728864923119545,0.08905943483114243,0.18642663955688477,0.18465331196784973,0.005330580752342939,1.0
1779438806.379675,54,-0.08257096260786057,0.055814389139413834,0.09755662828683853,0.18767786026000977,0.17591886222362518,0.0030506302136927843,1.0
1779438806.4161677,54,-0.01254865899682045,0.10295189917087555,0.06439381092786789,0.15947572886943817,0.16099871695041656,0.003508293768391013,1.0
1779438806.4447563,54,0.07773222774267197,0.07994390279054642,0.10486762225627899,0.17043600976467133,0.18287083506584167,0.004331377800554037,1.0
1779438806.479229,54,0.06053133308887482,0.0667538121342659,0.057767339050769806,0.12625807523727417,0.146769717335701,0.002953647170215845,1.0
1779438806.5070958,54,0.0897504985332489,0.05441736429929733,0.07942977547645569,0.18446752429008484,0.18737459182739258,0.003265342442318797,1.0
1779438806.5558035,54,0.1200714111328125,0.04273252189159393,0.11131594330072403,0.10517880320549011,0.16954021155834198,0.0030814590863883495,1.0
1779438806.5880811,54,0.0711907297372818,0.024922970682382584,0.11406897753477097,0.17495547235012054,0.1832643747329712,0.015242589637637138,1.0
1779438806.621739,54,0.013443558476865292,-0.012977317906916142,0.24379350244998932,0.27264732122421265,0.23229357600212097,0.012259243056178093,1.0
1779438806.6519127,54,-0.0152910016477108,-0.005360073409974575,0.2883770763874054,0.23860567808151245,0.22187064588069916,0.006032686680555344,1.0
1779438806.6830385,54,0.02442508190870285,-0.0017519349930807948,0.112164206802845,0.2961955666542053,0.20904849469661713,0.0046900175511837006,1.0
1779438806.715717,54,0.03353966772556305,0.03334441035985947,0.06019386649131775,0.25571709871292114,0.1788906455039978,0.003100425936281681,1.0
1779438806.7497213,54,0.0390523262321949,0.11261042952537537,0.09219031035900116,0.20327889919281006,0.203431636095047,0.0036805542185902596,1.0
1779438806.7791743,54,0.03382138907909393,0.14750444889068604,0.043206360191106796,0.10252431780099869,0.165023535490036,0.003275802591815591,1.0
1779438806.8118956,54,0.03248991817235947,0.24496544897556305,0.07849952578544617,0.158781036734581,0.2549550533294678,0.004076798912137747,1.0
1779438806.8475437,54,0.028852391988039017,0.45910871028900146,0.0731123760342598,0.17769670486450195,0.4652707874774933,0.005317850038409233,1.0
1779438806.8775241,54,-0.03501750901341438,0.5137614607810974,0.08550658822059631,0.21062178909778595,0.522346019744873,0.008286205120384693,1.0
1779438806.909381,54,-0.08264216780662537,0.5505223870277405,0.07578525692224503,0.19992072880268097,0.5622329115867615,0.00595783069729805,1.0
1779438806.9580503,54,-0.17869850993156433,0.5934380292892456,0.09147615730762482,0.2252240777015686,0.6264887452125549,0.005077266599982977,1.0
1779438806.9890504,54,-0.19631646573543549,0.5664209723472595,0.09919631481170654,0.1689678430557251,0.6071842312812805,0.007348116487264633,1.0
1779438807.020143,54,-0.23414753377437592,0.583709716796875,0.08426511287689209,0.15160278975963593,0.633541464805603,0.005046261008828878,1.0
1779438807.0528173,54,-0.16429929435253143,0.4267100691795349,0.12127857655286789,0.13227444887161255,0.4740009903907776,0.004228333942592144,1.0
1779438807.083002,54,-0.09320548921823502,0.32612016797065735,0.09173555672168732,0.11571523547172546,0.35453760623931885,0.007027750369161367,1.0
1779438807.1164389,54,-0.05576465651392937,0.20660880208015442,0.07167226076126099,0.07503718137741089,0.22688068449497223,0.0029412461444735527,1.0
1779438807.148849,54,-0.03296633064746857,0.13407078385353088,0.05026412755250931,0.05908788740634918,0.14898782968521118,0.0024412572383880615,1.0
1779438807.1785965,54,-0.016986140981316566,0.06722231209278107,0.03657582029700279,0.05713338404893875,0.08947572112083435,0.001726901507936418,1.0
1779438807.2101831,54,0.0009983204072341323,-0.0064570107497274876,0.023171987384557724,0.08118310570716858,0.04825956001877785,0.0023037472274154425,1.0
1779438807.245546,54,0.006091930437833071,-0.05294008553028107,0.03621041774749756,0.14562766253948212,0.06987404078245163,0.0016382959438487887,1.0
1779438807.274627,54,0.0062315198592841625,-0.05868275836110115,0.03813805803656578,0.07317642867565155,0.07151816040277481,0.0014428369468078017,1.0
1779438807.3103383,54,0.006946704816073179,-0.0925343856215477,0.04294930770993233,0.06225965544581413,0.10824853181838989,0.00178091274574399,1.0
1779438807.3616555,54,0.018781308084726334,-0.07639341056346893,0.036991022527217865,0.04540037736296654,0.08742932230234146,0.0018713108729571104,1.0
1779438807.3893278,54,0.0010887428652495146,-0.09227978438138962,0.036260128021240234,0.04058003053069115,0.10059073567390442,0.0017785197123885155,1.0
1779438807.418422,54,-0.008188600651919842,-0.08122055977582932,0.03650698438286781,0.04782341048121452,0.0904141366481781,0.001369620324112475,1.0
1779438807.448946,54,0.0054770577698946,-0.08931590616703033,0.05038762092590332,0.04907440021634102,0.10302417725324631,0.0014586197212338448,1.0
1779438807.4836476,54,-0.011999624781310558,-0.061926666647195816,0.031755123287439346,0.04248892143368721,0.07210712134838104,0.0010496898321434855,1.0
1779438807.5162668,54,-0.0501268170773983,-0.06934554129838943,0.0599295049905777,0.06952923536300659,0.10239051282405853,0.0018539006123319268,1.0
1779438807.5485723,54,-0.05851943418383598,-0.010598641820251942,0.062221549451351166,0.08659622818231583,0.09638717770576477,0.0015360353281721473,1.0
1779438807.5785654,54,-0.1033494770526886,0.028353091329336166,0.08388472348451614,0.10026586055755615,0.1475345492362976,0.0028752463404089212,1.0
1779438807.6125243,54,-0.13841105997562408,0.07294746488332748,0.13122491538524628,0.1587713658809662,0.2203029841184616,0.004026244860142469,1.0
1779438807.6449172,54,-0.0537143275141716,0.15773546695709229,0.3184179365634918,0.3607468605041504,0.27635300159454346,0.012370431795716286,1.0
1779438807.6750085,53,-0.026490122079849243,0.24448898434638977,0.3887958824634552,0.6219896674156189,0.33774319291114807,0.03621889278292656,0.9814814814814815
1779438807.7064867,53,-0.1518891602754593,0.07412057369947433,0.12069451063871384,0.13637618720531464,0.18675974011421204,0.0031461603939533234,1.0
1779438807.7555907,53,-0.11208847165107727,0.03967716917395592,0.05865980684757233,0.05548005551099777,0.13288596272468567,0.0036455097142606974,1.0
1779438807.7890923,53,-0.12568089365959167,-0.01148468628525734,0.07430704683065414,0.05851301550865173,0.1359986960887909,0.0023278731387108564,1.0
1779438807.8204975,53,-0.11455636471509933,-0.037751682102680206,0.06382863223552704,0.07694641500711441,0.13705524802207947,0.0021883503068238497,1.0
1779438807.8579009,53,-0.09081541746854782,-0.0759628564119339,0.052036795765161514,0.18054987490177155,0.14644069969654083,0.003093757200986147,1.0
1779438807.883267,53,-0.06749739497900009,-0.062107302248477936,0.04069674015045166,0.10015176236629486,0.10638705641031265,0.0028605337720364332,1.0
1779438807.9159398,53,-0.02800505980849266,-0.059640273451805115,0.04140240326523781,0.1282101571559906,0.09216424077749252,0.0028104903176426888,1.0
1779438807.9494982,53,0.01405967865139246,-0.08686252683401108,0.08938336372375488,0.17835180461406708,0.10842297971248627,0.005566770676523447,1.0
1779438807.981567,53,-0.00012494933616835624,-0.07330121099948883,0.05677318945527077,0.12260768562555313,0.08849169313907623,0.007293741684406996,1.0
1779438808.0132382,53,-0.01302841491997242,-0.1068863794207573,0.18659386038780212,0.1757243275642395,0.13478711247444153,0.008050300180912018,1.0
1779438808.0462914,53,-0.004108645021915436,-0.11860397458076477,0.19886602461338043,0.17767919600009918,0.1508433073759079,0.00585147412493825,1.0
1779438808.0784333,53,0.007911249995231628,-0.11590662598609924,0.13982152938842773,0.13499246537685394,0.13901014626026154,0.004603998735547066,1.0
1779438808.108628,53,0.011407815851271152,-0.0812363550066948,0.08543484658002853,0.10394125431776047,0.09992563724517822,0.0033396694343537092,1.0
1779438808.1598709,53,0.013480995781719685,-0.07995691895484924,0.05403589829802513,0.0660017803311348,0.09273242950439453,0.0020497303921729326,1.0
1779438808.1858962,53,0.023884611204266548,-0.034628815948963165,0.03487791866064072,0.035507332533597946,0.05517064407467842,0.0013576706405729055,1.0
1779438808.2245252,53,0.023288078606128693,-0.010982009582221508,0.020433543249964714,0.02232554741203785,0.03497545048594475,0.001062288647517562,1.0
1779438808.2557087,53,0.024979501962661743,0.03001893311738968,0.04381105303764343,0.1082506999373436,0.058015793561935425,0.002011636272072792,1.0
1779438808.2842083,53,0.04543491452932358,0.05218448117375374,0.05157962441444397,0.09942633658647537,0.07928828150033951,0.0015537544386461377,1.0
1779438808.3162603,53,0.03719373047351837,0.031836166977882385,0.025615792721509933,0.030607769265770912,0.05529318377375603,0.001248381333425641,1.0
1779438808.3472998,53,0.029067417606711388,0.05439556762576103,0.028876274824142456,0.036504171788692474,0.06755565851926804,0.0012202796060591936,1.0
1779438808.3811736,53,0.02440168336033821,0.0560653991997242,0.024556705728173256,0.029592975974082947,0.06577380746603012,0.0014760509366169572,1.0
1779438808.4118497,53,-0.004261520691215992,0.06351283937692642,0.024895645678043365,0.03114798478782177,0.06814690679311752,0.001395255560055375,1.0
1779438808.4428074,53,-0.02359267883002758,0.07894033938646317,0.030122537165880203,0.040756553411483765,0.08779483288526535,0.0014167611952871084,1.0
1779438808.4747658,53,-0.05336718261241913,0.08747979253530502,0.04674537852406502,0.04403376951813698,0.11030753701925278,0.002054664073511958,1.0
1779438808.5109212,53,-0.1380387842655182,0.06950032711029053,0.05958949401974678,0.04431301727890968,0.16184063255786896,0.0023450974840670824,1.0
1779438808.5574038,53,-0.13656702637672424,0.036574166268110275,0.06299161165952682,0.05266178399324417,0.15401366353034973,0.002114170230925083,1.0
1779438808.5894725,53,-0.09874451905488968,0.016175467520952225,0.06061519309878349,0.042456548660993576,0.10977321863174438,0.0021240871865302324,1.0
1779438808.619817,53,-0.09228342771530151,-0.004265839233994484,0.06372224539518356,0.07220420241355896,0.11300331354141235,0.0017163836164399981,1.0
1779438808.6525307,53,-0.08549845218658447,-0.0152728958055377,0.05047997087240219,0.04388190060853958,0.0980461835861206,0.0018628843827173114,1.0
1779438808.6843472,53,-0.0861571654677391,-0.02600126527249813,0.03568410873413086,0.05466514080762863,0.10441373288631439,0.0018786863656714559,1.0
1779438808.7165143,53,-0.09051312506198883,-0.03354860842227936,0.04966933652758598,0.0408356674015522,0.10403918474912643,0.0015503059839829803,1.0
1779438808.7477973,53,-0.058698832988739014,-0.021073827520012856,0.03445472940802574,0.032107990235090256,0.07093212753534317,0.0012675034813582897,1.0
1779438808.7788074,53,0.002923929365351796,-0.010886426083743572,0.09562162309885025,0.02770441211760044,0.056678224354982376,0.0013448778772726655,1.0
1779438808.8300834,53,0.000815625477116555,0.006484121549874544,0.01820456050336361,0.015983061864972115,0.02129240892827511,0.0013308648485690355,1.0
1779438808.8603911,53,0.02352876402437687,0.027469562366604805,0.03443320468068123,0.026735398918390274,0.04662273824214935,0.0013962517259642482,1.0
1779438808.8940644,53,0.03461931273341179,0.04575419798493385,0.02455189637839794,0.03558728098869324,0.06219315156340599,0.0010604808339849114,1.0
1779438808.9253495,53,0.04068050906062126,0.05934920534491539,0.029841095209121704,0.04039959982037544,0.07554959505796432,0.0014460914535447955,1.0
1779438808.9576406,53,0.03464033082127571,0.038145244121551514,0.028394993394613266,0.025250155478715897,0.05597073584794998,0.0012769480235874653,1.0
1779438808.9819376,53,0.0,0.0,0.0,0.0,0.0,0.0,1.0
1779438808.9999778,53,0.021496178582310677,0.030154822394251823,0.025948310270905495,0.024932563304901123,0.04445050656795502,0.001037835143506527,1.0
1779438809.0378816,53,0.02315564453601837,0.03542371094226837,0.023906227201223373,0.02726510725915432,0.05004123970866203,0.0013684231089428067,1.0
1779438809.0682712,53,0.018605070188641548,0.022376295179128647,0.02027292735874653,0.024738242849707603,0.03538087010383606,0.002369615714997053,1.0
1779438809.1007783,53,0.040312569588422775,0.045292116701602936,0.10987386107444763,0.13865482807159424,0.06987255066633224,0.0030779712833464146,1.0
1779438809.138721,53,0.07153636962175369,0.06810746341943741,0.2226591557264328,0.2291220724582672,0.11121173202991486,0.006814216263592243,1.0
1779438809.1640441,53,0.07969262450933456,0.07911394536495209,0.24558290839195251,0.23438440263271332,0.127501979470253,0.009264438413083553,1.0
1779438809.211727,53,0.04442265257239342,0.06705978512763977,0.12747444212436676,0.09132978320121765,0.09081658720970154,0.006070110946893692,1.0
1779438809.2443025,53,-0.01312255859375,0.07534617185592651,0.03416474536061287,0.04796665161848068,0.08272477984428406,0.003397677792236209,1.0
1779438809.2762897,53,-0.05127730593085289,0.09417494386434555,0.06658387184143066,0.058396417647600174,0.12295697629451752,0.002738487906754017,1.0
1779438809.3075242,53,-0.08455643802881241,0.10376206785440445,0.061576828360557556,0.051429472863674164,0.14118608832359314,0.002018734347075224,1.0
1779438809.3409827,53,-0.11170239746570587,0.0607956238090992,0.06618187576532364,0.04479064792394638,0.13770899176597595,0.0026487756986171007,1.0
1779438809.3893442,53,-0.09180493652820587,0.018682803958654404,0.03767203912138939,0.041918616741895676,0.10188058018684387,0.0021403382997959852,1.0
1779438809.4208791,53,-0.07360753417015076,0.001004776917397976,0.03224533796310425,0.03857085853815079,0.08266410231590271,0.0016502327052876353,1.0
1779438809.4503796,53,-0.0631621703505516,-0.014476560056209564,0.030949493870139122,0.04504767060279846,0.0795845091342926,0.002472621388733387,1.0
1779438809.488473,53,-0.04744792357087135,-0.00397304305806756,0.04171733930706978,0.08482526242733002,0.08410309255123138,0.0022753227967768908,1.0
1779438809.5151005,53,-0.041378092020750046,0.025889558717608452,0.03383302688598633,0.06334150582551956,0.06643620878458023,0.0013800081796944141,1.0
1779438809.547799,53,-0.057033609598875046,0.06253022700548172,0.062593974173069,0.06019838526844978,0.09216133505105972,0.0021237817127257586,1.0
1779438809.5784295,53,-0.03330417722463608,0.08969432860612869,0.04452452063560486,0.04902135208249092,0.10370121896266937,0.003106336575001478,1.0
1779438809.610914,53,-0.01656586304306984,0.08499116450548172,0.0330645777285099,0.04377613216638565,0.09193598479032516,0.0019432473927736282,1.0
1779438809.6434073,53,-0.00139603519346565,0.07260505855083466,0.030066153034567833,0.04326167702674866,0.08142786473035812,0.0013309186324477196,1.0
1779438809.6736293,53,0.006167429964989424,0.039112307131290436,0.021776631474494934,0.029554450884461403,0.044412851333618164,0.0010311863152310252,1.0
1779438809.7067864,53,0.0162376556545496,-0.004414684139192104,0.030319346114993095,0.04108798876404762,0.04136144369840622,0.0007970479200594127,1.0
1779438809.7560601,53,0.011218665167689323,-0.06485964357852936,0.07504872977733612,0.19594068825244904,0.0950952023267746,0.003009793581441045,1.0
1779438809.7879243,53,0.04581408202648163,-0.027787119150161743,0.042645931243896484,0.07271073013544083,0.07652155309915543,0.0016030250117182732,1.0
1779438809.8250117,53,0.031976375728845596,-0.019549675285816193,0.03826591745018959,0.05705868825316429,0.061397403478622437,0.001766522298566997,1.0
1779438809.8557293,53,0.008546649478375912,-0.008130919188261032,0.023307835683226585,0.045516107231378555,0.040116630494594574,0.0013474435545504093,1.0
1779438809.8870358,53,0.0003647714329417795,0.039971403777599335,0.01898171380162239,0.07230023294687271,0.04761110246181488,0.0012645290698856115,1.0
1779438809.9222944,53,-0.01699800230562687,0.03782394528388977,0.026825638487935066,0.04009295627474785,0.05177035927772522,0.001252862624824047,1.0
1779438809.9533591,53,-0.029020776972174644,0.027429545298218727,0.029590053483843803,0.02993435226380825,0.05027107894420624,0.0012937751598656178,1.0
1779438809.9781818,53,-0.03961699828505516,-0.03213414549827576,0.0819367840886116,0.19475045800209045,0.09489884227514267,0.003970147576183081,1.0
1779438810.0119107,53,-0.00661972351372242,-0.010152853094041348,0.03137706592679024,0.030972568318247795,0.037916965782642365,0.0022406147327274084,1.0
1779438810.0459545,53,-0.002661651000380516,-0.01431533508002758,0.038121405988931656,0.09704732149839401,0.06666415184736252,0.0019988378044217825,1.0
1779438810.0799017,53,0.001989112701267004,-0.04473330080509186,0.030349992215633392,0.031619589775800705,0.05443016439676285,0.002095300704240799,1.0
1779438810.1072536,53,0.01034804992377758,-0.049976564943790436,0.019102446734905243,0.05260458216071129,0.06714102625846863,0.0015535287093371153,1.0
1779438810.160013,53,0.015410801395773888,-0.04291059449315071,0.041325099766254425,0.031487803906202316,0.06097033619880676,0.0014137570979073644,1.0
1779438810.1880214,53,0.025968443602323532,-0.04191819578409195,0.08140920847654343,0.08283112943172455,0.06568945944309235,0.006628150120377541,1.0
1779438810.2186377,53,-0.02478056214749813,-0.04107867553830147,0.13096736371517181,0.11236512660980225,0.0712943971157074,0.004771985113620758,1.0
1779438810.2500198,53,-0.014480303041636944,-0.02057431824505329,0.10433590412139893,0.1380617916584015,0.08028414845466614,0.0050755152478814125,1.0
1779438810.2846615,53,-0.04013637453317642,0.00774570694193244,0.14710621535778046,0.15467655658721924,0.11059784144163132,0.0022872129920870066,1.0
1779438810.3221152,53,-0.009048749692738056,0.021420173346996307,0.1234573945403099,0.14584827423095703,0.10566753149032593,0.0023876442573964596,1.0
1779438810.3484929,53,0.04432390257716179,0.05965092405676842,0.06166307255625725,0.09696049243211746,0.11478466540575027,0.0032164398580789566,1.0
1779438810.3803427,53,0.1043335571885109,0.04806086793541908,0.07242489606142044,0.07197853177785873,0.13685888051986694,0.0024471906945109367,1.0
1779438810.4133024,53,0.133836567401886,0.00430873641744256,0.05433341860771179,0.07927270978689194,0.15232917666435242,0.0026814125012606382,1.0
1779438810.4467282,53,0.21683891117572784,-0.061308085918426514,0.07491150498390198,0.06888805329799652,0.23731836676597595,0.0029076009523123503,1.0
1779438810.4792402,53,0.2111160010099411,-0.07111229002475739,0.16344627737998962,0.10424812883138657,0.23036636412143707,0.003343737917020917,1.0
1779438810.508741,53,0.18582499027252197,-0.13386477530002594,0.08034268766641617,0.13828708231449127,0.25244665145874023,0.004133953247219324,1.0
1779438810.5570567,53,0.15459629893302917,-0.07954205572605133,0.08860652893781662,0.07596631348133087,0.19474947452545166,0.003562243189662695,1.0
1779438810.5875137,53,0.11293087154626846,-0.047341398894786835,0.05091467499732971,0.048344459384679794,0.1306791752576828,0.001579471048898995,1.0
1779438810.620392,53,0.0989365503191948,-0.034425556659698486,0.04947058483958244,0.0374896265566349,0.11214665323495865,0.002261749468743801,1.0
1779438810.6528213,53,0.04814694821834564,0.012694449163973331,0.033928487449884415,0.030899174511432648,0.05940680578351021,0.0013065905077382922,1.0
1779438810.6833029,53,0.050301894545555115,0.02222197875380516,0.028148537501692772,0.025195835158228874,0.06089163199067116,0.0011514660436660051,1.0
1779438810.7178586,53,0.032560817897319794,0.02907087281346321,0.03045840375125408,0.018295248970389366,0.050286050885915756,0.001179111422970891,1.0
1779438810.7477064,53,0.03030913695693016,0.023269077762961388,0.020301595330238342,0.01739327237010002,0.04287552461028099,0.0012433334486559033,1.0
1779438810.779028,53,0.02261093445122242,-0.003467775648459792,0.028421882539987564,0.024870460852980614,0.036060985177755356,0.0012864909367635846,1.0
1779438810.8114967,53,0.03007017821073532,-0.020021257922053337,0.022339913994073868,0.03539962321519852,0.04990432411432266,0.0013655258808284998,1.0
1779438810.8451867,53,0.030485620722174644,-0.06151508912444115,0.025698339566588402,0.04118938371539116,0.07443474233150482,0.0011572109069675207,1.0
1779438810.8793595,53,0.029245052486658096,-0.09147989749908447,0.08674526959657669,0.08644015341997147,0.1234704926609993,0.00216494407504797,1.0
1779438810.9080627,53,0.04414338991045952,-0.08214353024959564,0.03674957528710365,0.04058728367090225,0.09926449507474899,0.002144609345123172,1.0
1779438810.9603302,53,0.05737851560115814,-0.06665528565645218,0.03117888979613781,0.041300270706415176,0.09491989761590958,0.0016858739545568824,1.0
1779438810.9864118,53,0.07486077398061752,-0.06329691410064697,0.03890799358487129,0.03271262347698212,0.1024741604924202,0.0023931481409817934,1.0
1779438811.0201151,53,0.0907135009765625,-0.04069547727704048,0.043952491134405136,0.03305823355913162,0.10458149760961533,0.0016498015029355884,1.0
1779438811.0508406,53,0.08388130366802216,-0.0219597015529871,0.03387446701526642,0.03243577852845192,0.09299586713314056,0.00222411728464067,1.0
1779438811.0823975,53,0.0829208642244339,-0.03278019651770592,0.03634228929877281,0.03193529322743416,0.09542983770370483,0.0014860059600323439,1.0
1779438811.116655,53,0.056285642087459564,-0.00762363662943244,0.03211217373609543,0.020120736211538315,0.06102781370282173,0.0012835458619520068,1.0
1779438811.1488929,53,0.030823905020952225,-0.002354459837079048,0.024154989048838615,0.027912521734833717,0.042213648557662964,0.0017829516436904669,1.0
1779438811.1949067,53,0.011827001348137856,0.001037021866068244,0.016005191951990128,0.030830513685941696,0.02821553684771061,0.0011336018797010183,1.0
1779438811.227088,53,0.0161766204982996,0.02339920960366726,0.015751201659440994,0.02571011148393154,0.035327740013599396,0.0014785664388909936,1.0
1779438811.2588058,53,0.00445239944383502,0.020311174914240837,0.0229558777064085,0.024241706356406212,0.03410836681723595,0.0012555536814033985,1.0
1779438811.290064,53,-0.015266562812030315,0.034595705568790436,0.022455453872680664,0.028405306860804558,0.04499795660376549,0.0014108003815636039,1.0
1779438811.3063614,53,0.0,0.0,0.0,0.0,0.0,0.0,1.0
1779438811.3253691,53,-0.05278216674923897,0.029124997556209564,0.0244459118694067,0.03122277557849884,0.06569766998291016,0.0016647522570565343,1.0
1779438811.3747177,53,-0.07013918459415436,0.0354965515434742,0.0294956061989069,0.02770194783806801,0.0831885039806366,0.001731770928017795,1.0
1779438811.404296,53,-0.06472375243902206,0.01595032960176468,0.032688505947589874,0.034106019884347916,0.07546332478523254,0.0017248474759981036,1.0
1779438811.4384053,53,-0.05485448241233826,0.011239681392908096,0.03054768592119217,0.029529694467782974,0.0634777620434761,0.0018720244988799095,1.0
1779438811.4670684,53,-0.03435242921113968,0.015058409422636032,0.024152182042598724,0.022552508860826492,0.04469602182507515,0.0013533835299313068,1.0
1779438811.5038114,53,-0.02493833191692829,0.006016281433403492,0.020798923447728157,0.020872104912996292,0.03460582345724106,0.0010648452444002032,1.0
1779438811.5511093,53,-0.01800047606229782,0.008101841434836388,0.019836250692605972,0.015384860336780548,0.026234980672597885,0.0015181683702394366,1.0
1779438811.5808659,53,0.00644496688619256,0.000598259677644819,0.024507982656359673,0.022678902372717857,0.025613730773329735,0.0008539088885299861,1.0
1779438811.6143506,53,0.005496618803590536,0.004387909546494484,0.027408547699451447,0.021009020507335663,0.025057153776288033,0.0010083934757858515,1.0
1779438811.6472986,53,-0.002097363816574216,0.003047439269721508,0.01847040094435215,0.014700899831950665,0.020191557705402374,0.001056702109053731,1.0
1779438811.6752965,53,-0.0053558349609375,0.01768983155488968,0.017209352925419807,0.022503187879920006,0.028231967240571976,0.0010025275405496359,1.0
1779438811.721149,53,0.006657726131379604,0.017589066177606583,0.026608211919665337,0.019748354330658913,0.030306562781333923,0.000816827523522079,1.0
1779438811.7587721,53,0.015721159055829048,0.022846724838018417,0.01681113988161087,0.013794153928756714,0.031657494604587555,0.001001086668111384,1.0
1779438811.7863626,53,0.019509369507431984,0.019410619512200356,0.01701939105987549,0.01672099344432354,0.033588871359825134,0.001293111010454595,1.0
1779438811.820448,53,0.008381969295442104,0.011976709589362144,0.01873709261417389,0.025258105248212814,0.02967561036348343,0.0008971434435807168,1.0
1779438811.8509903,53,0.0114757614210248,0.025024989619851112,0.017700232565402985,0.019377978518605232,0.03417506814002991,0.0010546379489824176,1.0
1779438811.8833022,53,0.005981157533824444,0.01642853394150734,0.015980934724211693,0.014050436206161976,0.024309886619448662,0.0009681006195023656,1.0
1779438811.9168675,53,0.001581731834448874,0.017612960189580917,0.017866237089037895,0.020449167117476463,0.028485313057899475,0.0010306343901902437,1.0
1779438811.9484482,53,-0.00287469825707376,0.020864810794591904,0.014081137254834175,0.01634301245212555,0.02677713893353939,0.001295746653340757,1.0
1779438811.9801564,53,-0.009219763800501823,0.030939066782593727,0.016956832259893417,0.021703068166971207,0.038502827286720276,0.0013331391382962465,1.0
1779438812.0114305,53,-0.00441554794088006,0.03167695924639702,0.016993265599012375,0.021664515137672424,0.03734792023897171,0.001011898391880095,1.0
1779438812.044737,53,-0.008546361699700356,0.025634190067648888,0.030535293743014336,0.020832374691963196,0.03719315677881241,0.001308445818722248,1.0
1779438812.0780225,53,-0.0112903518602252,0.033333830535411835,0.029860898852348328,0.028493192046880722,0.04091792181134224,0.0010293558007106185,1.0
1779438812.1267984,53,-0.001188458176329732,0.024468764662742615,0.018535690382122993,0.01552245207130909,0.030982529744505882,0.0012018143897876143,1.0
1779438812.157337,53,-0.011118763126432896,0.02929399535059929,0.02187497541308403,0.02169591374695301,0.040431734174489975,0.0011928650783374906,1.0
1779438812.1892703,53,-0.009327438659965992,0.04042744264006615,0.018748894333839417,0.02355869859457016,0.04600095376372337,0.0014616588596254587,1.0
1779438812.218789,53,0.022232631221413612,0.04077580198645592,0.024487636983394623,0.029671525582671165,0.05235344544053078,0.0016095890896394849,1.0
1779438812.2505302,53,0.025702711194753647,0.05917675048112869,0.022441906854510307,0.0351601168513298,0.06682883948087692,0.0013215787475928664,1.0
1779438812.283556,53,0.026306727901101112,0.035992030054330826,0.02546073868870735,0.024341732263565063,0.051482491195201874,0.001415955601260066,1.0
1779438812.3162093,53,0.05280865356326103,0.048674099147319794,0.048924293369054794,0.06626244634389877,0.07774396240711212,0.0015692804008722305,1.0
1779438812.3467488,53,0.07286244630813599,0.058435115963220596,0.11988163739442825,0.11913110315799713,0.09909854829311371,0.004085238557308912,1.0
1779438812.3792312,53,0.09552289545536041,0.060314539819955826,0.19715061783790588,0.18499448895454407,0.12190718203783035,0.004085205495357513,1.0
1779438812.4133048,53,0.03948715329170227,0.016435442492365837,0.07237332314252853,0.06581181287765503,0.05973350256681442,0.0027842444833368063,1.0
1779438812.4451165,53,0.029300905764102936,0.002588524017482996,0.03223525732755661,0.07131163030862808,0.05256561189889908,0.002706828061491251,1.0
1779438812.476946,53,0.03113599121570587,0.019799575209617615,0.06888556480407715,0.07720860838890076,0.05287913605570793,0.0023322259075939655,1.0
1779438812.5237293,53,0.013433204963803291,0.2508300244808197,0.14846530556678772,1.1509854793548584,0.29032349586486816,0.03500024229288101,1.0
1779438812.5569856,53,-0.03229335695505142,0.06251842528581619,0.08848627656698227,0.20318566262722015,0.10545054823160172,0.0030176807194948196,1.0
1779438812.589074,53,-0.036314480006694794,0.006879410706460476,0.031671639531850815,0.02257002703845501,0.04745147004723549,0.0016178631922230124,1.0
1779438812.6193213,53,-0.053741455078125,0.01261268462985754,0.03404610604047775,0.031042005866765976,0.062147147953510284,0.001807291992008686,1.0
1779438812.6569786,53,-0.09511148929595947,0.011577102355659008,0.05230388417840004,0.06467658281326294,0.11288781464099884,0.003104062285274267,1.0
1779438812.683364,53,-0.0845169946551323,0.008051170036196709,0.03992416709661484,0.0636708065867424,0.10026944428682327,0.0031525043305009604,1.0
1779438812.714982,53,-0.08753161132335663,0.019937191158533096,0.05002589523792267,0.04535697400569916,0.10201795399188995,0.0022869829554110765,1.0
1779438812.7468283,53,-0.08053559809923172,0.029056476429104805,0.042605701833963394,0.05845837667584419,0.10444390773773193,0.0030791701283305883,1.0
1779438812.7795568,53,-0.07472977787256241,0.019122429192066193,0.04523557797074318,0.042595770210027695,0.08901029080152512,0.0024667559191584587,1.0
1779438812.8111928,53,-0.06761486083269119,0.000929058704059571,0.03580382093787193,0.034160781651735306,0.07600884884595871,0.0021924313623458147,1.0
1779438812.8435366,53,-0.03055845946073532,-0.006960310973227024,0.024972492828965187,0.02552233263850212,0.04230896383523941,0.0014854053733870387,1.0
1779438812.8774056,53,-0.02478545531630516,-0.016168270260095596,0.019643589854240417,0.020168641582131386,0.03600279241800308,0.001278989831916988,1.0
1779438812.9264123,53,-0.004094537813216448,-0.04358226805925369,0.02127203531563282,0.03454482927918434,0.0533236525952816,0.0017326045781373978,1.0
1779438812.957076,53,0.00173489551525563,-0.036673493683338165,0.026312854140996933,0.025187397375702858,0.045204658061265945,0.0013861021725460887,1.0
1779438812.9889953,53,0.007487459108233452,-0.020201485604047775,0.02040117420256138,0.027616001665592194,0.035801973193883896,0.0014656540006399155,1.0
1779438813.0193262,53,0.009104026481509209,-0.012171907350420952,0.020417124032974243,0.02315593510866165,0.028356775641441345,0.0011473733466118574,1.0
1779438813.0542977,53,0.001879134215414524,0.010533170774579048,0.0240606889128685,0.030061418190598488,0.027665983885526657,0.0011100597912445664,1.0
1779438813.086502,53,-0.00198076362721622,-0.000657279510051012,0.03286590054631233,0.03773592412471771,0.037406932562589645,0.0011480957036837935,1.0
1779438813.1160595,53,-0.013110466301441193,-0.018885774537920952,0.04592737555503845,0.10483092814683914,0.05775748938322067,0.0015535528073087335,1.0
1779438813.1485062,53,0.001065524062141776,-0.010956673882901669,0.08035321533679962,0.12218119204044342,0.07444553822278976,0.0035666862968355417,1.0
1779438813.1822364,53,-0.06192275881767273,-0.055535368621349335,0.147070050239563,0.2614605128765106,0.1120418906211853,0.005142268259078264,1.0
1779438813.2125769,53,-0.05766497924923897,-0.04964778199791908,0.12366599589586258,0.20576296746730804,0.09885003417730331,0.004892675206065178,1.0
1779438813.2447987,53,-0.04962647706270218,-0.03275774046778679,0.14322161674499512,0.20147284865379333,0.10073129087686539,0.004326268564909697,1.0
1779438813.2766335,53,-0.03597532957792282,-0.028313402086496353,0.11610540002584457,0.1254546344280243,0.0705779418349266,0.0019628056325018406,1.0
1779438813.3248634,53,-0.015520203858613968,-0.008257020264863968,0.07321439683437347,0.08058163523674011,0.05191943421959877,0.0016722226282581687,1.0
1779438813.3569427,53,-0.001572518958710134,-0.008572272956371307,0.04989742860198021,0.06434735655784607,0.04476245120167732,0.001334626809693873,1.0
1779438813.3890655,53,0.006769432220607996,-0.009126195684075356,0.04646977409720421,0.0499354787170887,0.04228851944208145,0.0010633000638335943,1.0
1779438813.4195576,53,0.012961909174919128,0.005464661866426468,0.025299502536654472,0.037468209862709045,0.03799988701939583,0.0011149568017572165,1.0
1779438813.4524667,53,0.010629329830408096,0.005310922395437956,0.035571154206991196,0.01894787885248661,0.0314582958817482,0.00173424300737679,1.0
1779438813.483556,53,0.01735644042491913,-0.006507441867142916,0.022603677585721016,0.025813940912485123,0.032597169280052185,0.0010540852090343833,1.0
1779438813.522336,53,0.01275260467082262,0.007593694608658552,0.032645098865032196,0.03088928759098053,0.0386437363922596,0.0021675152238458395,1.0
1779438813.545595,53,0.00171503028832376,0.010288742370903492,0.019705774262547493,0.02242720127105713,0.027667449787259102,0.0013686517486348748,1.0
1779438813.5861475,53,-0.02077210694551468,0.001320317154750228,0.02764572948217392,0.03348824009299278,0.040626924484968185,0.0018208909314125776,1.0
1779438813.6183069,53,-0.154266357421875,-0.09698802977800369,0.11290469020605087,0.06372091919183731,0.18907582759857178,0.0019411200191825628,1.0
1779438813.6450396,53,-0.27838134765625,-0.15779747068881989,0.1434064507484436,0.08722799271345139,0.32657790184020996,0.003349545644596219,1.0
1779438813.6772194,53,-0.24051940441131592,-0.1430802196264267,0.0842319130897522,0.07182775437831879,0.28784069418907166,0.0043843467719852924,1.0
1779438813.7258904,53,-0.2352646142244339,-0.09410872310400009,0.08944287896156311,0.057308830320835114,0.25886979699134827,0.0031311227940022945,1.0
1779438813.756342,53,-0.17936620116233826,0.003062698058784008,0.15614883601665497,0.18163780868053436,0.25512373447418213,0.005618798080831766,1.0
1779438813.785852,53,-0.1247345581650734,0.08880644291639328,0.23310746252536774,0.29518410563468933,0.2622342109680176,0.01280867401510477,1.0
1779438813.8192086,53,-0.13594113290309906,0.09015525877475739,0.23078173398971558,0.2029053270816803,0.26074546575546265,0.007286066189408302,1.0
1779438813.8486893,53,-0.11756983399391174,0.10027385503053665,0.14348843693733215,0.1658858060836792,0.210920050740242,0.007773746736347675,1.0
1779438813.8875954,53,-0.11129933595657349,0.032586440443992615,0.0696590468287468,0.23840346932411194,0.1977984458208084,0.004340088926255703,1.0
1779438813.916031,53,-0.05816708132624626,-0.04010269045829773,0.058649323880672455,0.380403071641922,0.18865835666656494,0.0035396006423979998,1.0
1779438813.9490244,53,-0.01400497741997242,-0.015926720574498177,0.05209776759147644,0.26084840297698975,0.13411152362823486,0.0023520735558122396,1.0
1779438813.980428,53,-0.001463116379454732,-2.5911151169566438e-05,0.03688203543424606,0.18742002546787262,0.10712305456399918,0.0018347378354519606,1.0
1779438814.0098858,53,0.022961311042308807,0.016854628920555115,0.039843060076236725,0.11367561668157578,0.08075428754091263,0.001550067332573235,1.0
1779438814.0448668,53,0.03355839475989342,0.025839462876319885,0.029313936829566956,0.10542560368776321,0.08559180051088333,0.0020435031037777662,1.0
1779438814.0822163,53,0.050940170884132385,0.09260040521621704,0.06605393439531326,0.2416968196630478,0.13302382826805115,0.002296101301908493,1.0
1779438814.1090107,53,0.041947562247514725,0.04513233155012131,0.04614520072937012,0.12665294110774994,0.094246506690979,0.0016335061518475413,1.0
1779438814.1630578,53,0.039938297122716904,-0.0293144378811121,0.033967629075050354,0.16903506219387054,0.10153760015964508,0.002187533536925912,1.0
1779438814.1883943,53,0.06053939089179039,-0.09302017092704773,0.13238178193569183,0.3413442075252533,0.15445476770401,0.0079592764377594,1.0
1779438814.2207494,53,-0.015321551822125912,-0.10283444821834564,0.13601575791835785,0.272589772939682,0.1318342238664627,0.011488274671137333,1.0
1779438814.250143,53,-0.030092058703303337,-0.1090652197599411,0.23192276060581207,0.25553804636001587,0.14492279291152954,0.006410309113562107,1.0
1779438814.2839344,53,-0.04732268676161766,-0.10480485111474991,0.22778543829917908,0.18605048954486847,0.13526424765586853,0.0043311286717653275,1.0
1779438814.3150656,53,-0.04065718874335289,-0.1052185669541359,0.13214829564094543,0.17516633868217468,0.12050805240869522,0.003293860238045454,1.0
1779438814.3465443,53,-0.06299864500761032,-0.09344856441020966,0.07201138138771057,0.08620757609605789,0.11590719223022461,0.0020568284671753645,1.0
1779438814.380056,53,-0.10502221435308456,-0.058660831302404404,0.05249890312552452,0.04906630516052246,0.12646491825580597,0.002567012095823884,1.0
1779438814.4115524,53,-0.12004435062408447,-0.04246780276298523,0.05590423196554184,0.04391156882047653,0.13318996131420135,0.003679692279547453,1.0
1779438814.4428356,53,-0.14481627941131592,-0.02676362730562687,0.05573989078402519,0.05481775477528572,0.1556641161441803,0.001903891796246171,1.0
1779438814.4786787,53,-0.13633209466934204,-0.022515639662742615,0.04832290858030319,0.04740358516573906,0.14710082113742828,0.0028938809409737587,1.0
1779438814.5073514,53,-0.14237487316131592,-0.01587403565645218,0.04847852140665054,0.053683239966630936,0.15252138674259186,0.0025039331521838903,1.0
1779438814.5607922,53,-0.09657403081655502,-0.004708056338131428,0.04998645558953285,0.05597229674458504,0.11011115461587906,0.0018687878036871552,1.0
1779438814.588722,53,-0.059232890605926514,0.003588118590414524,0.02839222364127636,0.048572178930044174,0.07342036068439484,0.001593933324329555,1.0
1779438814.6204493,53,-0.016742346808314323,0.04075305908918381,0.05465199425816536,0.0754287987947464,0.06705066561698914,0.0014808368869125843,1.0
1779438814.652359,53,0.054780203849077225,0.10856887698173523,0.0461350716650486,0.1095273494720459,0.13188554346561432,0.0026207799091935158,1.0
1779438814.6851554,53,0.1272384375333786,0.1777574121952057,0.052337948232889175,0.10082373023033142,0.22564107179641724,0.0030115973204374313,1.0
1779438814.717089,53,0.12888839840888977,0.20474934577941895,0.04817916080355644,0.08033780753612518,0.2478734701871872,0.004215853754431009,1.0
1779438814.7471695,53,0.1119140014052391,0.18815411627292633,0.07417302578687668,0.09760025143623352,0.2283872812986374,0.0037946668453514576,1.0
1779438814.7795699,53,0.07256360352039337,0.18018729984760284,0.04162416607141495,0.08502746373414993,0.2017347514629364,0.002971748122945428,1.0
1779438814.8169699,53,0.08354359865188599,0.1583574414253235,0.05672682821750641,0.09556109458208084,0.1885281205177307,0.003257136093452573,1.0
1779438814.8419456,53,0.08543194830417633,0.15934494137763977,0.04639778658747673,0.07292773574590683,0.19080796837806702,0.004465954843908548,1.0
1779438814.8754563,53,0.0991973876953125,0.10711180418729782,0.04659491404891014,0.08130860328674316,0.16295339167118073,0.0023288235533982515,1.0
1779438814.9102068,53,0.09058279544115067,0.08876930177211761,0.035098981112241745,0.05148164555430412,0.13491147756576538,0.002752023283392191,1.0
1779438814.9590619,53,0.11343354731798172,0.08628355711698532,0.050016555935144424,0.045348621904850006,0.14989127218723297,0.004627857357263565,1.0
1779438814.9901793,53,0.12922869622707367,0.11356166750192642,0.06425834447145462,0.061537425965070724,0.17817147076129913,0.0036382826510816813,1.0
1779438815.0199716,53,0.1200774535536766,0.1450347900390625,0.06203111633658409,0.07665066421031952,0.19590967893600464,0.002976014744490385,1.0
1779438815.054668,53,0.12346087396144867,0.20771731436252594,0.0709974393248558,0.09127264469861984,0.25244125723838806,0.0028559768106788397,1.0
1779438815.0847988,53,0.11345456540584564,0.24382507801055908,0.07698807865381241,0.11463900655508041,0.27648797631263733,0.004097770433872938,1.0
1779438815.1187515,53,0.07979137450456619,0.20543858408927917,0.04461489990353584,0.07852650433778763,0.22575867176055908,0.0024803010746836662,1.0
1779438815.1478922,53,0.12216445803642273,0.20694343745708466,0.05892295390367508,0.06411653757095337,0.24618633091449738,0.003614389104768634,1.0
1779438815.1807194,53,0.11156449466943741,0.1503068506717682,0.06445733457803726,0.07068867981433868,0.196225106716156,0.0034849836956709623,1.0
1779438815.2125888,53,0.1877090185880661,0.16490691900253296,0.12335560470819473,0.14138290286064148,0.2582484483718872,0.005476441700011492,1.0
1779438815.243049,53,0.1913987696170807,0.11294469237327576,0.0749320238828659,0.12235089391469955,0.24085836112499237,0.004040895961225033,1.0
1779438815.2763095,53,0.18145118653774261,0.03891221433877945,0.08131517469882965,0.10997013002634048,0.21597445011138916,0.0024283411912620068,1.0
1779438815.3088126,53,0.2206466943025589,0.03584606200456619,0.08089110255241394,0.17884136736392975,0.26375770568847656,0.00587337464094162,1.0
1779438815.3552375,53,0.1871582567691803,0.035211239010095596,0.06761262565851212,0.10751311480998993,0.21950019896030426,0.003512019757181406,1.0
1779438815.386244,53,0.2120773047208786,0.031983859837055206,0.07612146437168121,0.07630600780248642,0.2281336635351181,0.0033263221848756075,1.0
1779438815.4208443,53,0.14993774890899658,0.03575825318694115,0.07644788175821304,0.077094167470932,0.16937609016895294,0.003953087143599987,1.0
1779438815.4534051,53,0.07875953614711761,0.010734990239143372,0.044610124081373215,0.04071861505508423,0.09204477816820145,0.0028588511049747467,1.0
1779438815.48887,53,0.02982805296778679,0.014514563605189323,0.023714544251561165,0.030717242509126663,0.047552045434713364,0.0019369344227015972,1.0
1779438815.5179677,53,0.012043790891766548,-0.00017763533105608076,0.01979377306997776,0.02897331677377224,0.03041652776300907,0.0012366166338324547,1.0
1779438815.5469623,53,-0.014159580692648888,0.00274370308034122,0.05238485708832741,0.025721924379467964,0.03066350892186165,0.0011237490689381957,1.0
1779438815.579304,53,-0.02720613218843937,-0.002329124603420496,0.018962159752845764,0.026985518634319305,0.03897235170006752,0.0018831243505701423,1.0
1779438815.6122465,53,-0.06271189451217651,-0.024140844121575356,0.023042021319270134,0.02375856600701809,0.07125142961740494,0.0013718234840780497,1.0
1779438815.645689,53,-0.0860031396150589,-0.02530454285442829,0.029959972947835922,0.036343540996313095,0.09467167407274246,0.0017009906005114317,1.0
1779438815.6770425,53,-0.09122970700263977,-0.02842194214463234,0.03917593136429787,0.030984822660684586,0.09974183142185211,0.0017734451685100794,1.0
1779438815.7090907,53,-0.09918299317359924,-0.04973386228084564,0.05322926864027977,0.07119854539632797,0.1269027590751648,0.0022706142626702785,1.0
1779438815.7556388,53,-0.06983371824026108,-0.0668121948838234,0.039284251630306244,0.07201717793941498,0.10653845965862274,0.0023885967675596476,1.0
1779438815.787055,53,-0.04570727050304413,-0.06871809810400009,0.02994604781270027,0.0443141832947731,0.08786030858755112,0.002430517692118883,1.0
1779438815.8195088,53,-0.04172299802303314,-0.046735942363739014,0.051434971392154694,0.03464459255337715,0.07555869966745377,0.0023762774653732777,1.0
1779438815.8521314,53,-0.0122833251953125,-0.050182126462459564,0.01951187290251255,0.02440657652914524,0.05556648597121239,0.0015041182050481439,1.0
1779438815.883906,53,-0.003091776045039296,-0.04686233401298523,0.022141942754387856,0.02892140857875347,0.05423280596733093,0.0018600965850055218,1.0
1779438815.9178236,53,0.001611673622392118,-0.036858610808849335,0.01737217791378498,0.021940890699625015,0.04146573320031166,0.0015917802229523659,1.0
1779438815.9480884,53,0.006783539429306984,-0.0275291595607996,0.03179294988512993,0.019236240535974503,0.03740004822611809,0.0023990676272660494,1.0
1779438815.9787395,53,0.000984623795375228,-0.023893248289823532,0.022581594064831734,0.022062353789806366,0.034321364015340805,0.00119366857688874,1.0
1779438816.0100474,53,0.010894487611949444,-0.03533705323934555,0.023973539471626282,0.03348831832408905,0.04437464103102684,0.0013089635176584125,1.0
1779438816.0434308,53,0.01494094543159008,-0.025534287095069885,0.018504366278648376,0.019575415179133415,0.03382254019379616,0.001207798020914197,1.0
1779438816.076639,53,0.003981680143624544,-0.020565392449498177,0.019979793578386307,0.021908514201641083,0.03224470838904381,0.0010255856905132532,1.0
1779438816.1071782,53,0.001546607818454504,-0.019594300538301468,0.017405947670340538,0.0213757436722517,0.030371474102139473,0.0011815705802291632,1.0
1779438816.1567054,53,0.0136730270460248,-0.01819365844130516,0.018015973269939423,0.029281528666615486,0.03430215269327164,0.0013202362461015582,1.0
1779438816.1885786,53,0.014938642270863056,-0.01124313659965992,0.018702471628785133,0.021832305938005447,0.03029230237007141,0.0010190007742494345,1.0
1779438816.2203135,53,0.012720359489321709,0.0104686813428998,0.02179879881441593,0.03429119661450386,0.03332851454615593,0.0010216499213129282,1.0
1779438816.2501178,53,0.01892636902630329,0.010716564022004604,0.022917095571756363,0.02774965949356556,0.03375417739152908,0.0013775482075288892,1.0
1779438816.2833443,53,0.012177953496575356,0.020196590572595596,0.018501373007893562,0.02718757465481758,0.035201892256736755,0.001207392429932952,1.0
1779438816.3184435,53,0.012957590632140636,0.008923225104808807,0.029649727046489716,0.03375453129410744,0.03449840098619461,0.0016642110422253609,1.0
1779438816.3473425,53,0.006748703308403492,0.029166167601943016,0.04867382347583771,0.10674888640642166,0.059036605060100555,0.00188649061601609,1.0
1779438816.3792524,53,-0.002321927109733224,0.039582449942827225,0.1272112876176834,0.15314634144306183,0.0906313881278038,0.002848548348993063,1.0
1779438816.410871,53,0.013749608770012856,0.058801040053367615,0.20542754232883453,0.15989375114440918,0.11216609179973602,0.0029504995327442884,1.0
1779438816.4461713,53,-0.033377017825841904,0.0826919823884964,0.14917556941509247,0.1113886684179306,0.1300666183233261,0.005171875469386578,1.0
1779438816.478894,53,-0.07415022701025009,0.06993304193019867,0.056436825543642044,0.05124368146061897,0.11786539107561111,0.003423800691962242,1.0
1779438816.5085447,53,-0.1002655029296875,0.12013301998376846,0.08288653939962387,0.07965538650751114,0.1714809685945511,0.004293063189834356,1.0
1779438816.564807,53,-0.10659559816122055,0.1308058202266693,0.05292375385761261,0.07831290364265442,0.17708754539489746,0.004238099791109562,1.0
1779438816.5862982,53,-0.08471247553825378,0.13327659666538239,0.06059299409389496,0.08897335827350616,0.16771402955055237,0.002997857052832842,1.0
1779438816.6197562,53,-0.07088053226470947,0.1526535302400589,0.06890032440423965,0.06478346139192581,0.18044331669807434,0.003475160337984562,1.0
1779438816.657728,53,-0.05008481442928314,0.1449311524629593,0.04313572868704796,0.07577820122241974,0.15898080170154572,0.003842573380097747,1.0
1779438816.6845691,53,-0.0128185348585248,0.18709290027618408,0.06295270472764969,0.08301039785146713,0.19819031655788422,0.003629386192187667,1.0
1779438816.715976,53,0.04197664186358452,0.14725565910339355,0.059151068329811096,0.06082064285874367,0.16353610157966614,0.00282654887996614,1.0
1779438816.7483554,53,0.017551925033330917,0.0977797582745552,0.040081948041915894,0.04107876867055893,0.10715855658054352,0.0017571806674823165,1.0
1779438816.7787673,53,0.022456906735897064,0.07129251956939697,0.02607913501560688,0.03951619565486908,0.0794878602027893,0.002052239142358303,1.0
1779438816.8098164,53,0.00873061828315258,0.05523134768009186,0.025402214378118515,0.03033892810344696,0.061459627002477646,0.0019056876190006733,1.0
1779438816.842825,53,0.00947945099323988,0.061130162328481674,0.023241685703396797,0.029384879395365715,0.06628908962011337,0.001614430919289589,1.0
1779438816.8748405,53,-0.003963254392147064,0.047254741191864014,0.020949862897396088,0.025591110810637474,0.052609074860811234,0.0012100263265892863,1.0
1779438816.9079711,53,-0.011549463495612144,0.04182520508766174,0.018622547388076782,0.02587544545531273,0.04834012687206268,0.0012138515012338758,1.0
1779438816.9582658,53,-0.03527342528104782,0.02894333191215992,0.022449221462011337,0.02676362544298172,0.05314551293849945,0.0012624560622498393,1.0
1779438816.9886816,53,-0.050126850605010986,0.02834795042872429,0.03429771587252617,0.02581752836704254,0.06498321890830994,0.0016954055754467845,1.0
1779438817.025104,53,-0.06874401122331619,0.02664933167397976,0.04046601802110672,0.042742203921079636,0.08614152669906616,0.0015152177074924111,1.0
1779438817.056418,53,-0.051909249275922775,0.03927525877952576,0.02812175825238228,0.045599017292261124,0.07463577389717102,0.0013804702321067452,1.0
1779438817.0829706,53,-0.045564182102680206,0.045696042478084564,0.033839620649814606,0.05854789540171623,0.07707816362380981,0.002047489397227764,1.0
1779438817.114906,53,-0.03214825317263603,0.021903272718191147,0.02361915446817875,0.03375817462801933,0.0507296584546566,0.0011976024834439158,1.0
1779438817.1511843,53,-0.031116988509893417,0.018154216930270195,0.02713002823293209,0.029086126014590263,0.04532415047287941,0.0010679069673642516,1.0
1779438817.1824872,53,-0.026408646255731583,0.009392504580318928,0.03459341824054718,0.030723249539732933,0.04745868965983391,0.0015055860858410597,1.0
1779438817.2142715,53,-0.005555350799113512,-0.0003414514067117125,0.022327492013573647,0.03373896703124046,0.030391208827495575,0.0011688086669892073,1.0
1779438817.245999,53,-0.021094268187880516,-0.003438697662204504,0.022662311792373657,0.029195377603173256,0.03762990981340408,0.0013205467257648706,1.0
1779438817.278998,53,-0.011526431888341904,-0.002253118436783552,0.026069477200508118,0.03161275014281273,0.03395364433526993,0.0017570011550560594,1.0
1779438817.3076298,53,-0.024503599852323532,-1.0364460649725515e-05,0.02274317853152752,0.03393232077360153,0.03785327076911926,0.001349819009192288,1.0
1779438817.3569942,53,-0.018337897956371307,0.026188688352704048,0.03237034007906914,0.07265643775463104,0.06747624278068542,0.0014641794841736555,1.0
1779438817.3866475,53,-0.013210656121373177,0.06010206788778305,0.06274757534265518,0.049005113542079926,0.08600509166717529,0.0013923217775300145,1.0
1779438817.418994,53,-0.003453956451267004,0.04970104247331619,0.04659575596451759,0.10305000096559525,0.09923972934484482,0.0026629306375980377,1.0
1779438817.4525192,53,0.020280370488762856,0.06444592773914337,0.06205365061759949,0.13368557393550873,0.13318565487861633,0.003625118173658848,1.0
1779438817.4851046,53,0.008986563421785831,0.0552322082221508,0.04328196495771408,0.034054189920425415,0.06920067220926285,0.0022746494505554438,1.0
1779438817.5185888,53,0.019018784165382385,0.0671035498380661,0.05294976010918617,0.043611641973257065,0.08542261272668839,0.0021063529420644045,1.0
1779438817.547305,53,-0.014784903265535831,0.03443390503525734,0.05414449796080589,0.04010786488652229,0.0577654205262661,0.004314703401178122,1.0
1779438817.5793612,53,-0.01566300354897976,0.025339091196656227,0.08916771411895752,0.03612806275486946,0.05888897553086281,0.003566333092749119,1.0
1779438817.6107652,53,-0.02260575257241726,-0.023451318964362144,0.10024130344390869,0.06875769793987274,0.058399271219968796,0.0018133482662960887,1.0
1779438817.6448472,53,-0.02507825195789337,-0.047031331807374954,0.10382698476314545,0.1128687933087349,0.07103849947452545,0.0013502466026693583,1.0
1779438817.6780882,53,-0.026063451543450356,-0.05616673827171326,0.0885879173874855,0.10553009063005447,0.0708668902516365,0.0018691496225073934,1.0
1779438817.708736,53,-0.035960935056209564,-0.04315214231610298,0.08874727040529251,0.08390199393033981,0.06677990406751633,0.0013596606440842152,1.0
1779438817.7595327,53,-0.026043297722935677,-0.027980588376522064,0.05249059572815895,0.04322851449251175,0.053196124732494354,0.0013391233514994383,1.0
1779438817.786368,53,-0.009710348211228848,-0.021300693973898888,0.04393008351325989,0.052357207983732224,0.038486313074827194,0.0018498803256079555,1.0
1779438817.8185492,53,-0.002689865417778492,0.001922607421875,0.03130514919757843,0.04227282851934433,0.03500150144100189,0.0011701348703354597,1.0
1779438817.8502622,53,-0.000990093918517232,0.020519329234957695,0.027916202321648598,0.03219981491565704,0.0378851480782032,0.00142157101072371,1.0
1779438817.8830695,53,-0.015528840944170952,0.022799797356128693,0.03581022098660469,0.034197818487882614,0.04661441594362259,0.001518678735010326,1.0
1779438817.9166334,53,-0.021422764286398888,0.02048737183213234,0.02212226763367653,0.03140557184815407,0.04093218594789505,0.0012359044048935175,1.0
1779438817.9497838,53,-0.02134186401963234,0.019430771470069885,0.02972181886434555,0.03242752328515053,0.04381541907787323,0.001027001067996025,1.0
1779438817.9823306,53,-0.022316697984933853,-0.00664966506883502,0.029789160937070847,0.033946745097637177,0.0348474383354187,0.0013582570245489478,1.0
1779438818.0127637,53,-0.011419332586228848,-0.005568306427448988,0.031987909227609634,0.02430611662566662,0.030045507475733757,0.0013588124420493841,1.0
1779438818.0445645,53,-0.015507248230278492,-0.05681163817644119,0.035971615463495255,0.14928221702575684,0.06901291012763977,0.0018119019223377109,1.0
1779438818.0818903,53,-0.003549539716914296,-0.032838352024555206,0.04168371111154556,0.06171600893139839,0.04590894281864166,0.0011859361547976732,1.0
1779438818.1084354,53,0.011210891418159008,-0.02298261597752571,0.025066521018743515,0.02327902987599373,0.03511994332075119,0.0010824815835803747,1.0
1779438818.1577134,53,0.03415118530392647,-0.008861901238560677,0.02254212647676468,0.031902048736810684,0.04693639650940895,0.0011483910493552685,1.0
1779438818.1871006,53,0.06688359379768372,0.005740183871239424,0.0360407717525959,0.031100112944841385,0.07357743382453918,0.0015725840348750353,1.0
1779438818.2183475,53,0.04751500487327576,-0.005281268619000912,0.027733849361538887,0.031880058348178864,0.05639668181538582,0.001391480676829815,1.0
1779438818.2502105,53,0.03872910887002945,-0.003703567199409008,0.021288417279720306,0.02236623503267765,0.04448757693171501,0.0011400135699659586,1.0
1779438818.2827868,53,0.03445204347372055,-0.008034472353756428,0.017007991671562195,0.018348457291722298,0.04105646163225174,0.0010381632018834352,1.0
1779438818.319674,53,0.013473222963511944,-0.01816342957317829,0.019724132493138313,0.02030258998274803,0.030085187405347824,0.001011924585327506,1.0
1779438818.3482027,53,0.002735353773459792,-0.02363096922636032,0.02152438275516033,0.02771407552063465,0.03622362017631531,0.0009994386928156018,1.0
1779438818.3795128,53,-0.02497834898531437,-0.02744019776582718,0.015240024775266647,0.02785862237215042,0.04347417503595352,0.0010481857461854815,1.0
1779438818.412304,53,-0.04009318724274635,-0.019589118659496307,0.022215204313397408,0.027946509420871735,0.051835205405950546,0.0014017639914527535,1.0
1779438818.4437187,53,-0.03004743531346321,-0.020610881969332695,0.01895418018102646,0.019377661868929863,0.04111403226852417,0.0013256119564175606,1.0
1779438818.4766257,53,-0.014860045164823532,-0.03602369874715805,0.04167807102203369,0.03369741886854172,0.053592003881931305,0.0013369801454246044,1.0
1779438818.510208,53,-0.013350577093660831,-0.057587821036577225,0.020957788452506065,0.04023353010416031,0.06414293497800827,0.0014957758830860257,1.0
1779438818.5563474,53,0.006086817476898432,-0.07708913087844849,0.024849271401762962,0.04695125296711922,0.08275539427995682,0.0011834448669105768,1.0
1779438818.5876439,53,0.005973384249955416,-0.108123779296875,0.03428921848535538,0.05398481339216232,0.11425776034593582,0.0016907472163438797,1.0
1779438818.6208754,53,0.03481997922062874,-0.11850378662347794,0.026907945051789284,0.05054287612438202,0.12767168879508972,0.0023911604657769203,1.0
1779438818.656989,53,0.03416385129094124,-0.08538760989904404,0.04730194807052612,0.045938339084386826,0.09991970658302307,0.0020914776250720024,1.0
1779438818.6865914,53,0.04019596800208092,-0.07286820560693741,0.028458891436457634,0.05669155344367027,0.095053531229496,0.0016116182086989284,1.0
1779438818.7193484,53,0.053983867168426514,-0.046932581812143326,0.027231700718402863,0.03376505523920059,0.07994993776082993,0.001773049938492477,1.0
1779438818.7499182,53,0.04052993655204773,-0.038873061537742615,0.024007335305213928,0.023473234847187996,0.06062038987874985,0.0019157049246132374,1.0
1779438818.7835274,53,0.033845722675323486,-0.041955336928367615,0.031144820153713226,0.03084482066333294,0.06464105099439621,0.0015514856204390526,1.0
1779438818.8131638,53,0.056466154754161835,-0.05557020753622055,0.02674766257405281,0.05505998060107231,0.08812232315540314,0.0020305579528212547,1.0
1779438818.8429017,53,0.05540754273533821,-0.03968091309070587,0.03084011748433113,0.04415975883603096,0.07865718752145767,0.002807200187817216,1.0
1779438818.878025,53,0.045861586928367615,-0.03590652346611023,0.03282661736011505,0.04017659276723862,0.07141491025686264,0.001946773030795157,1.0
1779438818.907595,53,0.033417899161577225,-0.004744331818073988,0.024656223133206367,0.034466393291950226,0.04762100428342819,0.0013626636937260628,1.0
1779438818.959137,53,0.033351682126522064,0.014336064457893372,0.02542184479534626,0.030794667080044746,0.046558696776628494,0.00105157436337322,1.0
1779438818.9888904,53,0.022416312247514725,0.0169959869235754,0.02632174640893936,0.022190606221556664,0.03867032378911972,0.0013423269847407937,1.0
1779438819.0219905,53,0.010625875554978848,0.023950252681970596,0.01904931291937828,0.02060050331056118,0.03346814587712288,0.0007429818506352603,1.0
1779438819.0517817,53,-0.000576954975258559,0.02169310301542282,0.021696195006370544,0.029075026512145996,0.03404854238033295,0.0012509191874414682,1.0
1779438819.085488,53,0.012161830440163612,0.021620552986860275,0.02254733070731163,0.028444375842809677,0.03538863733410835,0.0013969955034554005,1.0
1779438819.1170862,53,0.00797401275485754,0.013479269109666348,0.025539806112647057,0.02764771319925785,0.029329931363463402,0.0015109635423868895,1.0
1779438819.147462,53,0.009282814338803291,0.013201155699789524,0.017616307362914085,0.02723035030066967,0.030092516914010048,0.001603231648914516,1.0
1779438819.185742,53,0.014268407598137856,-0.00811393279582262,0.019604606553912163,0.027925478294491768,0.03138193488121033,0.0014903091359883547,1.0
1779438819.2114165,53,0.016135450452566147,-0.0003725447750184685,0.01709860935807228,0.023379316553473473,0.02730432152748108,0.001276961644180119,1.0
1779438819.2463923,53,0.00928252562880516,-0.02904783934354782,0.023563535884022713,0.021382132545113564,0.04016811028122902,0.0008644487825222313,1.0
1779438819.2768116,53,0.007293413393199444,-0.040559589862823486,0.02177509106695652,0.028278576210141182,0.04753400385379791,0.0014197989366948605,1.0
1779438819.3063855,53,-0.007061076816171408,-0.08303660154342651,0.03474222123622894,0.05683256685733795,0.09438198059797287,0.00181991932913661,1.0
1779438819.359307,53,-0.02466108277440071,-0.12549346685409546,0.04371495172381401,0.06619483232498169,0.1362183392047882,0.001968084368854761,1.0
1779438819.3855076,53,-0.0101482467725873,-0.16062352061271667,0.033707935363054276,0.06791764497756958,0.16460967063903809,0.002976397518068552,1.0
1779438819.4248164,53,-0.00641502533107996,-0.10939054936170578,0.027702411636710167,0.051899250596761703,0.11401809751987457,0.00262563512660563,1.0
1779438819.4512725,53,-0.026539640501141548,-0.11297808587551117,0.040755074471235275,0.06430234760046005,0.1235947459936142,0.0018147845985367894,1.0
1779438819.4829311,53,-0.01964583434164524,-0.09269397705793381,0.02545134350657463,0.04693899303674698,0.09825681149959564,0.0026431300211697817,1.0
1779438819.5164845,53,-0.03274795413017273,-0.11403152346611023,0.044373489916324615,0.0602797269821167,0.12533576786518097,0.001567243249155581,1.0
1779438819.5483875,53,-0.05752333253622055,-0.17075622081756592,0.042435914278030396,0.0867537409067154,0.18449482321739197,0.003647168632596731,1.0
1779438819.5813646,53,-0.06412923336029053,-0.25526687502861023,0.05303860083222389,0.12462275475263596,0.26649996638298035,0.005071308929473162,1.0
1779438819.612178,53,-0.09974958002567291,-0.3996642529964447,0.07688077539205551,0.17533428966999054,0.4181709885597229,0.004811384249478579,1.0
1779438819.64567,53,-0.16975776851177216,-0.5344831347465515,0.09315485507249832,0.20317235589027405,0.5653679966926575,0.004586996976286173,1.0
1779438819.6755662,53,-0.13726173341274261,-0.7659770846366882,0.0882224440574646,0.25685495138168335,0.7820998430252075,0.00803521927446127,1.0
1779438819.7087848,53,-0.11502708494663239,-0.8410730957984924,0.09005741029977798,0.24814680218696594,0.854261577129364,0.006048812065273523,1.0
1779438819.7541614,53,-0.14052999019622803,-0.8694924116134644,0.14527776837348938,0.2810978591442108,0.8909468650817871,0.008323661051690578,1.0
1779438819.786552,53,-0.13328494131565094,-0.795528769493103,0.1511831283569336,0.29744651913642883,0.8183552622795105,0.006585158873349428,1.0
1779438819.8181129,53,-0.2519755959510803,-0.7886801958084106,0.21763604879379272,0.2394169270992279,0.8472150564193726,0.009231604635715485,1.0
1779438819.8507166,53,-0.1869414746761322,-0.5270878076553345,0.13274571299552917,0.20230233669281006,0.5691986680030823,0.006846635602414608,1.0
1779438819.882323,53,-0.1813982129096985,-0.2583082616329193,0.11070995777845383,0.12945851683616638,0.32310035824775696,0.0053838519379496574,1.0
1779438819.9171336,53,-0.25135573744773865,-0.1812516748905182,0.1344916820526123,0.10049919039011002,0.3206114172935486,0.007883603684604168,1.0
1779438819.94962,53,-0.2554609179496765,-0.06757801026105881,0.08379537612199783,0.07280039042234421,0.27249348163604736,0.004853058140724897,1.0
1779438819.985258,53,-0.22774635255336761,0.08052437007427216,0.08467591553926468,0.06219446286559105,0.24832570552825928,0.0029802927747368813,1.0
1779438820.0145357,53,-0.2826463282108307,0.1879211962223053,0.1200619712471962,0.07137898355722427,0.34963613748550415,0.004730332642793655,1.0
1779438820.0470283,53,-0.2658262550830841,0.2184387743473053,0.11502199620008469,0.09434358030557632,0.3569714426994324,0.005103061441332102,1.0
1779438820.077105,53,-0.264773964881897,0.22142720222473145,0.09822722524404526,0.08122687041759491,0.35493940114974976,0.004494114778935909,1.0
1779438820.1104453,53,-0.1955215185880661,0.2644975781440735,0.12457821518182755,0.11391495913267136,0.352932333946228,0.004943619482219219,1.0
1779438820.1585183,53,-0.1225830689072609,0.2340925633907318,0.08010131865739822,0.0993163138628006,0.27862033247947693,0.003939527552574873,1.0
1779438820.1886103,53,-0.04156925901770592,0.2438904345035553,0.08593631535768509,0.11735484004020691,0.26135674118995667,0.004706766922026873,1.0
1779438820.21959,53,0.057303085923194885,0.32012996077537537,0.13706019520759583,0.16120411455631256,0.34780392050743103,0.005690759513527155,1.0
1779438820.2506707,53,0.14404699206352234,0.29150447249412537,0.11796435713768005,0.1646346002817154,0.3376629650592804,0.006973307114094496,1.0
1779438820.284427,53,0.18976923823356628,0.2515713572502136,0.16313935816287994,0.13037005066871643,0.34109601378440857,0.007410715334117413,1.0
1779438820.3139224,53,0.1412779539823532,0.1445390284061432,0.0855318084359169,0.10837271809577942,0.22703632712364197,0.005061662290245295,1.0
1779438820.3466718,53,0.1078278198838234,0.0675857812166214,0.05937153846025467,0.05633053556084633,0.13842597603797913,0.0027581159956753254,1.0
1779438820.3798523,53,0.0872100219130516,0.02275344543159008,0.03775927796959877,0.041896622627973557,0.09911700338125229,0.0020357673056423664,1.0
1779438820.4105728,53,0.07759209722280502,-0.01787811890244484,0.04381081834435463,0.03622366487979889,0.08949627727270126,0.0015869728522375226,1.0
1779438820.4455602,53,0.05421677976846695,-0.04410826414823532,0.05171789973974228,0.04101121053099632,0.07996014505624771,0.001801799749955535,1.0
1779438820.4746583,53,0.019374055787920952,-0.055566176772117615,0.03545564040541649,0.03707684576511383,0.06920795887708664,0.0012519560987129807,1.0
1779438820.5094633,53,-0.00927475281059742,-0.06521289795637131,0.027727486565709114,0.036885932087898254,0.07253320515155792,0.0012260687071830034,1.0
1779438820.5584528,53,-0.037260234355926514,-0.027683474123477936,0.030275460332632065,0.028923658654093742,0.05825003609061241,0.002083638682961464,1.0
1779438820.5878887,53,-0.07756474614143372,0.01185867004096508,0.04534995183348656,0.02811000868678093,0.08492626994848251,0.0023913204204291105,1.0
1779438820.6187775,53,-0.08508819341659546,0.06714960932731628,0.04725460335612297,0.055347129702568054,0.11531991511583328,0.002681506099179387,1.0
1779438820.6571665,53,-0.06914131343364716,0.11669202148914337,0.05277671664953232,0.05319945141673088,0.14688773453235626,0.002609407063573599,1.0
1779438820.684134,53,-0.03216466307640076,0.2551514208316803,0.06730165332555771,0.12274295836687088,0.2684043049812317,0.003584836842492223,1.0
1779438820.7232385,53,-0.013838281854987144,0.15217216312885284,0.04730233550071716,0.06492329388856888,0.15857748687267303,0.003213701071217656,1.0
1779438820.7470877,53,0.009042991325259209,0.09988316893577576,0.04321249574422836,0.0530281588435173,0.10977958887815475,0.002185707911849022,1.0
1779438820.7819042,53,0.023278579115867615,0.05515303835272789,0.027303285896778107,0.03490467742085457,0.06622181832790375,0.00160205306019634,1.0
1779438820.8118308,53,0.05085955932736397,0.012831778265535831,0.03174307197332382,0.02501050941646099,0.058693237602710724,0.0011810390278697014,1.0
1779438820.8435447,53,0.07886577397584915,-0.010834603570401669,0.05504791438579559,0.035942260175943375,0.08910663425922394,0.0021339855156838894,1.0
1779438820.8760884,53,0.116455078125,-0.005713984835892916,0.07410366833209991,0.04108269512653351,0.12444750219583511,0.0016980043146759272,1.0
1779438820.9076853,53,0.1230010986328125,0.009814567863941193,0.1020001471042633,0.04689330980181694,0.13349388539791107,0.0019026407971978188,1.0
1779438820.9616647,53,0.0744614526629448,0.027947479858994484,0.039897188544273376,0.047912873327732086,0.08988311141729355,0.0020467478316277266,1.0
1779438820.9900646,53,0.07465578615665436,0.02158370055258274,0.050789475440979004,0.0832124575972557,0.10360308736562729,0.0018626484088599682,1.0
1779438821.0211468,53,0.03283979371190071,0.034404825419187546,0.022277960553765297,0.03480776399374008,0.05685632303357124,0.001557567622512579,1.0
1779438821.0526638,53,0.018230222165584564,0.04236070066690445,0.023408005014061928,0.025981847196817398,0.05316198617219925,0.0014914736384525895,1.0
1779438821.0869498,53,0.019397662952542305,0.012001469731330872,0.04247228801250458,0.026009565219283104,0.03855365514755249,0.002090047812089324,1.0
1779438821.117758,53,0.005400171969085932,0.015515021979808807,0.01845056563615799,0.0281376875936985,0.02888539619743824,0.0013403077609837055,1.0
1779438821.1464646,53,-0.009131953120231628,-0.003922372590750456,0.02331855334341526,0.023281434550881386,0.027445510029792786,0.00113058858551085,1.0
1779438821.1789424,53,-0.018866773694753647,-0.012101659551262856,0.02461841329932213,0.030872564762830734,0.0369776152074337,0.0014270298415794969,1.0
1779438821.2110102,53,-0.020160026848316193,0.000881554966326803,0.017805933952331543,0.026513922959566116,0.032152850180864334,0.0016226015286520123,1.0
1779438821.2428777,53,-0.024760697036981583,0.03387364745140076,0.025797829031944275,0.023717094212770462,0.04771679639816284,0.001742157619446516,1.0
1779438821.274335,53,-0.026482924818992615,0.07308930903673172,0.029409924522042274,0.042241211980581284,0.08249229192733765,0.0015191389247775078,1.0
1779438821.310607,53,-0.023520126938819885,0.08419310301542282,0.03088364191353321,0.039413854479789734,0.09356086701154709,0.001867027604021132,1.0
1779438821.3548777,53,-0.002388432389125228,0.06506750732660294,0.019755901768803596,0.03594134747982025,0.06904789060354233,0.0015042086597532034,1.0
1779438821.387106,53,0.014747187495231628,0.04806489869952202,0.026829227805137634,0.028847377747297287,0.056477878242731094,0.0011949364561587572,1.0
1779438821.4191692,53,0.020755408331751823,0.033537667244672775,0.026643358170986176,0.02343951351940632,0.0473836250603199,0.0016963561065495014,1.0
1779438821.4523218,53,0.03562351316213608,0.0086810989305377,0.027770403772592545,0.021921366453170776,0.044687338173389435,0.0009806242305785418,1.0
1779438821.4855201,53,0.053473129868507385,7.600604294566438e-05,0.0366908423602581,0.02665489725768566,0.06369812041521072,0.0016207998851314187,1.0
1779438821.5168984,53,0.04967023804783821,-0.005868587642908096,0.02660919353365898,0.021603306755423546,0.056429192423820496,0.0016466261586174369,1.0
1779438821.548117,53,0.06314000487327576,-0.008628700859844685,0.03748705983161926,0.04675314202904701,0.07946056127548218,0.0026042042300105095,1.0
1779438821.5807903,53,0.0699477270245552,0.009100859984755516,0.028987649828195572,0.04114352539181709,0.0824069008231163,0.0020652369130402803,1.0
1779438821.6186192,53,0.07330322265625,0.02376282960176468,0.036180369555950165,0.03291124105453491,0.08536770939826965,0.002276297425851226,1.0
1779438821.651895,53,0.09805585443973541,0.06832770258188248,0.056786615401506424,0.04865555092692375,0.12822222709655762,0.002212120685726404,1.0
1779438821.6748078,53,0.07059521973133087,0.0851898193359375,0.037916041910648346,0.07115291804075241,0.12382125109434128,0.0022107604891061783,1.0
1779438821.7102504,53,0.08580593019723892,0.11458227783441544,0.04707103595137596,0.056168194860219955,0.14786145091056824,0.002929978771135211,1.0
1779438821.7588127,53,0.03407575562596321,0.09190944582223892,0.03085322119295597,0.04131288081407547,0.10141564905643463,0.002010911935940385,1.0
1779438821.7899816,53,0.02343001402914524,0.11452498286962509,0.026349373161792755,0.0365145169198513,0.11933847516775131,0.0016649384051561356,1.0
1779438821.8237052,53,0.001407551346346736,0.12330051511526108,0.027647124603390694,0.04892231523990631,0.12703871726989746,0.002800675807520747,1.0
1779438821.8518822,53,0.002295728074386716,0.0966126099228859,0.023843863978981972,0.05009985715150833,0.1035735011100769,0.0025269619654864073,1.0
1779438821.8817923,53,0.0130016403272748,0.07481413334608078,0.024775778874754906,0.03447567671537399,0.07973819226026535,0.0016284784069284797,1.0
1779438821.9156706,53,0.016152724623680115,0.057010289281606674,0.026088181883096695,0.029936546459794044,0.06334168463945389,0.0015996547881513834,1.0
1779438821.9482605,53,0.02958938293159008,0.0544845275580883,0.026611924171447754,0.03301487863063812,0.06840911507606506,0.00117910944391042,1.0
1779438821.9820526,53,0.03332317993044853,0.05153123289346695,0.03375685587525368,0.032156914472579956,0.0666826069355011,0.0014576769899576902,1.0
1779438822.0183675,53,0.04257518798112869,0.030050313100218773,0.02845621109008789,0.03439798206090927,0.06301932036876678,0.0014643656322732568,1.0
1779438822.0438583,53,0.05058375000953674,0.040576864033937454,0.032081857323646545,0.03712507709860802,0.07004652917385101,0.0014370912685990334,1.0
1779438822.0750947,53,0.06049073487520218,0.04605304077267647,0.06187687814235687,0.0860074982047081,0.08323568850755692,0.0016302868025377393,1.0
1779438822.1095872,53,0.0981551855802536,0.08135295659303665,0.2358589470386505,0.24313519895076752,0.14063739776611328,0.008677235804498196,1.0
1779438822.1595814,53,0.1276046484708786,0.09516129642724991,0.34551846981048584,0.25071001052856445,0.16485638916492462,0.00785902701318264,1.0
1779438822.188471,53,0.05347888916730881,0.06224290281534195,0.13140065968036652,0.12645694613456726,0.09395837783813477,0.00705869821831584,1.0
1779438822.2203662,53,-0.004641551058739424,0.03634442016482353,0.05020470544695854,0.0493478998541832,0.05540893226861954,0.0018528634682297707,1.0
1779438822.25411,53,-0.027134444564580917,0.048636093735694885,0.05348856747150421,0.08397115021944046,0.06850896030664444,0.0022801095619797707,1.0
1779438822.2854593,53,-0.04170284792780876,0.06386177241802216,0.08283668756484985,0.07160912454128265,0.0899205356836319,0.0016175495693460107,1.0
1779438822.3150322,53,-0.04220782592892647,0.10344825685024261,0.034964073449373245,0.06878840178251266,0.11576750874519348,0.002022412372753024,1.0
1779438822.3527088,53,-0.07443986088037491,0.10701967775821686,0.04016667231917381,0.055625591427087784,0.13565033674240112,0.0018560162279754877,1.0
1779438822.3852096,53,-0.07763844728469849,0.11450482904911041,0.04581751301884651,0.053117699921131134,0.14361314475536346,0.002411574125289917,1.0
1779438822.4109318,53,-0.09816468507051468,0.08039078861474991,0.05110519379377365,0.04652344807982445,0.13164754211902618,0.002854155143722892,1.0
1779438822.4426954,53,-0.10113006830215454,0.03200574219226837,0.05253402888774872,0.035363469272851944,0.11350148916244507,0.0021916755940765142,1.0
1779438822.4737248,53,-0.09592797607183456,0.007025952450931072,0.05054483190178871,0.027606971561908722,0.09999994933605194,0.0018340660026296973,1.0
1779438822.5119715,53,-0.09035218507051468,-0.008069596253335476,0.04045713320374489,0.023524299263954163,0.09363549947738647,0.0016312079969793558,1.0
1779438822.5561569,53,-0.08795367181301117,-0.021884845569729805,0.03888022154569626,0.028287649154663086,0.09596256166696548,0.0020345551893115044,1.0
1779438822.5897536,53,-0.08146955072879791,-0.0197906494140625,0.03449568897485733,0.024079961702227592,0.08683174103498459,0.0015907533233985305,1.0
1779438822.6223323,53,-0.0848832055926323,0.011497929692268372,0.047757651656866074,0.032457876950502396,0.0914626270532608,0.0011661330936476588,1.0
1779438822.6517773,53,-0.09100629389286041,0.038951657712459564,0.026703523471951485,0.038593776524066925,0.10622025281190872,0.001399003784172237,1.0
1779438822.686276,53,-0.10419363528490067,0.06161556765437126,0.03331753984093666,0.04568054527044296,0.12829653918743134,0.0019179920200258493,1.0
1779438822.721098,53,-0.08989931643009186,0.059722900390625,0.03378017619252205,0.036643289029598236,0.11404822021722794,0.002129647647961974,1.0
1779438822.7473829,53,-0.09288658201694489,0.059347763657569885,0.03699427843093872,0.03719067946076393,0.11679115146398544,0.002374260686337948,1.0
1779438822.7840364,53,-0.05146501585841179,0.02510790526866913,0.03980071097612381,0.02877824753522873,0.06762944161891937,0.0017295045545324683,1.0
1779438822.8125205,53,-0.035764873027801514,0.011129127815365791,0.0237188171595335,0.028248386457562447,0.04594479501247406,0.0014380865031853318,1.0
1779438822.8444433,53,-0.031843654811382294,-0.00676223449409008,0.026852864772081375,0.02402014657855034,0.042771659791469574,0.0013888500398024917,1.0
1779438822.8780937,53,-0.005102481693029404,-0.03220180422067642,0.020865608006715775,0.05747799947857857,0.04133666306734085,0.0014524150174111128,1.0
1779438822.909678,53,0.031353067606687546,-0.02383941039443016,0.1079384833574295,0.07246396690607071,0.06273087114095688,0.0015076245181262493,1.0
1779438822.9619176,53,0.03608617186546326,-0.02526308409869671,0.04184093698859215,0.08185647428035736,0.06109283119440079,0.002376763615757227,1.0
1779438822.9882884,53,-0.003160296706482768,-0.06776399165391922,0.14892372488975525,0.22252948582172394,0.10419128835201263,0.003900900250300765,1.0
1779438823.0229828,53,-0.00599411316215992,-0.05890986695885658,0.15330420434474945,0.19119104743003845,0.10586037486791611,0.0034747892059385777,1.0
1779438823.0506253,53,-0.01199081726372242,-0.03532639890909195,0.2188415229320526,0.15848493576049805,0.11777050048112869,0.00216326373629272,1.0
1779438823.0842106,53,-0.0001284041500184685,-0.03945865109562874,0.1247357651591301,0.12312249094247818,0.08256679028272629,0.0016324975294992328,1.0
1779438823.1172485,53,0.003769496688619256,-0.03365800902247429,0.0938049703836441,0.10995899140834808,0.07144959270954132,0.0012939200969412923,1.0
1779438823.1485808,53,0.003873429261147976,-0.026612479239702225,0.034516606479883194,0.05123167857527733,0.0460725873708725,0.0016327905468642712,1.0
1779438823.182131,53,-0.001193928299471736,-0.019995346665382385,0.03260863199830055,0.05112406983971596,0.03717751055955887,0.0011892126640304923,1.0
1779438823.212064,53,0.0001387686061207205,-0.02486923523247242,0.019724655896425247,0.02489876188337803,0.0318569540977478,0.0010950620053336024,1.0
1779438823.2461503,53,-0.010411388240754604,-0.017124678939580917,0.016404498368501663,0.0227067694067955,0.02895684540271759,0.0014396742917597294,1.0
1779438823.2764165,53,-0.010561097413301468,-0.021467965096235275,0.02923544868826866,0.0280756838619709,0.03403666988015175,0.0012139013269916177,1.0
1779438823.3093114,53,0.000864856643602252,-0.009603824466466904,0.016554152593016624,0.030596431344747543,0.026284171268343925,0.0009262663079425693,1.0
1779438823.3630419,53,0.013075342401862144,0.001983066787943244,0.01890857145190239,0.019009727984666824,0.026966720819473267,0.0009788762545213103,1.0
1779438823.3880606,53,0.016908464953303337,-0.008427170105278492,0.020271917805075645,0.02485966682434082,0.03000716306269169,0.001407998031936586,1.0
1779438823.4198694,53,0.042545247822999954,-0.008522178046405315,0.024409698322415352,0.03619145601987839,0.05510260537266731,0.001555056544020772,1.0
1779438823.4515266,53,0.08932235836982727,-0.0317428894340992,0.04952383041381836,0.05132443457841873,0.10564283281564713,0.0021130405366420746,1.0
1779438823.483693,53,0.12344446778297424,-0.043544840067625046,0.06986942142248154,0.05098811909556389,0.14036835730075836,0.0031899986788630486,1.0
1779438823.5153873,53,0.10896041989326477,-0.050441812723875046,0.04736335575580597,0.05159633979201317,0.13084694743156433,0.0028988623525947332,1.0
1779438823.5488153,53,0.08778582513332367,-0.060940150171518326,0.06255623698234558,0.06428517401218414,0.12249158322811127,0.002918458543717861,1.0
1779438823.5814252,53,-0.02977536804974079,-0.18938402831554413,0.15439371764659882,0.3153027594089508,0.22681155800819397,0.009884231723845005,1.0
1779438823.6127214,53,-0.24212099611759186,-0.539900004863739,0.43831154704093933,0.7279923558235168,0.6268061995506287,0.012600610964000225,1.0
1779438823.6451283,53,-0.10244549810886383,-0.33383122086524963,0.15512828528881073,0.4238460958003998,0.3817298710346222,0.006611586548388004,1.0
1779438823.6781278,53,0.05957290530204773,-0.011129703372716904,0.08415576815605164,0.08031532913446426,0.10264206677675247,0.0034325618762522936,1.0
1779438823.7100084,53,0.29744359850883484,0.2634018361568451,0.3714691996574402,0.2707984447479248,0.4185314476490021,0.008127905428409576,1.0
1779438823.739935,53,0.5563386082649231,0.8036395311355591,0.7895039916038513,1.0117629766464233,0.9874907732009888,0.028843319043517113,1.0
1779438823.7902248,53,0.28292644023895264,0.6410574316978455,0.40812763571739197,0.780487060546875,0.7143272757530212,0.03459849953651428,1.0
1779438823.820483,53,0.053734831511974335,0.1980818212032318,0.05801909416913986,0.21606507897377014,0.21451833844184875,0.004467475693672895,1.0
1779438823.8516114,53,0.043687641620635986,0.23722954094409943,0.11371240764856339,0.22416721284389496,0.26314884424209595,0.0053027900867164135,1.0
1779438823.8854587,53,0.012289946898818016,0.3699153661727905,0.13328003883361816,0.38421565294265747,0.38861435651779175,0.010561184026300907,1.0
1779438823.915141,53,-0.03184422850608826,0.2722550928592682,0.09311132878065109,0.18194067478179932,0.28137707710266113,0.006783756893128157,1.0
1779438823.9461749,53,-0.03908812254667282,0.1764998584985733,0.08223385363817215,0.1454906016588211,0.19606590270996094,0.00920541025698185,1.0
1779438823.9798343,53,-0.0022891063708812,0.24514569342136383,0.11227813363075256,0.3576253652572632,0.28156745433807373,0.012600952759385109,1.0
1779438824.0145993,53,0.014899775385856628,0.3694645166397095,0.31103524565696716,0.9079095721244812,0.5583754777908325,0.05153249204158783,1.0
1779438824.0450413,53,-0.030958356335759163,0.06242600828409195,0.0944000631570816,0.21472154557704926,0.1443977653980255,0.011156863532960415,1.0
1779438824.0816054,53,-0.019888823851943016,-0.15943995118141174,0.13199535012245178,0.11004786938428879,0.20532050728797913,0.003458890365436673,1.0
1779438824.1073513,53,0.14062701165676117,-0.29193115234375,0.21882674098014832,0.18029576539993286,0.3812280297279358,0.005150947254151106,1.0
1779438824.1418386,53,0.2208787500858307,-0.23727186024188995,0.24016804993152618,0.17621462047100067,0.4092768132686615,0.006835191510617733,1.0
1779438824.1913981,53,0.23295392096042633,-0.2722657322883606,0.22297917306423187,0.22329653799533844,0.4561864137649536,0.009150984697043896,1.0
1779438824.2242007,53,0.18815641105175018,-0.336513876914978,0.16991089284420013,0.24809782207012177,0.4645899534225464,0.0105507243424654,1.0
1779438824.2503662,53,0.1210479736328125,-0.3803313672542572,0.10309883207082748,0.22985464334487915,0.44254496693611145,0.0066078947857022285,1.0
1779438824.2853453,53,0.09803599119186401,-0.4033232033252716,0.09949605911970139,0.20985910296440125,0.44034045934677124,0.0075378138571977615,1.0
1779438824.31746,53,0.09460132569074631,-0.3812443017959595,0.0892619639635086,0.23944225907325745,0.4183811545372009,0.006790264043956995,1.0
1779438824.3477604,53,0.19372212886810303,-0.3150056004524231,0.27873921394348145,0.25472840666770935,0.4686884582042694,0.00863731186836958,1.0
1779438824.3782682,53,0.32478073239326477,-0.12698565423488617,0.7447594404220581,0.6985743641853333,0.6052235960960388,0.025941448286175728,1.0
1779438824.4119685,53,0.12518857419490814,-0.3765759766101837,0.2642219364643097,0.2941487729549408,0.513473391532898,0.0084611214697361,1.0
1779438824.4446552,53,0.11629730463027954,-0.4862216114997864,0.24163609743118286,0.4086797535419464,0.5941336154937744,0.010991367511451244,1.0
1779438824.4749558,53,0.12149335443973541,-0.47704848647117615,0.2558562159538269,0.44594404101371765,0.5810446739196777,0.008566692471504211,1.0
1779438824.506736,53,0.10288252681493759,-0.4335407614707947,0.30566686391830444,0.3821628987789154,0.5519292950630188,0.011255979537963867,1.0
1779438824.5379786,53,0.1747543066740036,-0.3598405420780182,0.26124945282936096,0.316019207239151,0.48839929699897766,0.009027311578392982,1.0
1779438824.5862901,53,0.2855607569217682,-0.305698037147522,0.23296435177326202,0.25331228971481323,0.4869816303253174,0.006428686901926994,1.0
1779438824.622354,53,0.36122360825538635,-0.2955077588558197,0.2395074963569641,0.24255551397800446,0.5356401205062866,0.006131887901574373,1.0
1779438824.6592784,53,0.4046599268913269,-0.2336851805448532,0.19593454897403717,0.2183389812707901,0.5143688321113586,0.005232151597738266,1.0
1779438824.6844852,53,0.3105958104133606,-0.18117652833461761,0.17238080501556396,0.21561501920223236,0.4254540801048279,0.005188600160181522,1.0
1779438824.7177992,53,0.13526283204555511,-0.10344710201025009,0.0600615069270134,0.1394982933998108,0.20564739406108856,0.005704693030565977,1.0
1779438824.749098,53,0.022957567125558853,-0.0087596969678998,0.05295802652835846,0.1374351531267166,0.12227796018123627,0.003216981654986739,1.0
1779438824.779952,53,-0.02854170836508274,0.0894562378525734,0.09581708163022995,0.24681419134140015,0.17487065494060516,0.005992616526782513,1.0
1779438824.8132606,53,-0.07101843506097794,0.08199036866426468,0.12886090576648712,0.15117067098617554,0.18807365000247955,0.004957396071404219,1.0
1779438824.8461668,53,-0.03070874512195587,0.051878154277801514,0.09260229021310806,0.1671263426542282,0.1644476354122162,0.004293498117476702,1.0
1779438824.8761458,53,-0.002803298644721508,0.000705359096173197,0.08993921428918839,0.12823574244976044,0.13024908304214478,0.0038468362763524055,1.0
1779438824.9067123,53,0.000391258392482996,-0.07345379889011383,0.08268377929925919,0.0913553312420845,0.12005562335252762,0.0027497983537614346,1.0
1779438824.9393432,53,0.01800047606229782,-0.1411970555782318,0.06205150485038757,0.0957774966955185,0.16112183034420013,0.002698492957279086,1.0
1779438824.9867444,53,0.03431903198361397,-0.194366455078125,0.057047124952077866,0.0971008688211441,0.20926403999328613,0.0026772464625537395,1.0
1779438825.0194576,53,0.04596954956650734,-0.15576200187206268,0.05081571638584137,0.08987158536911011,0.17396952211856842,0.004072985146194696,1.0
1779438825.0578656,53,0.04477418214082718,-0.1345030516386032,0.044341761618852615,0.07135862857103348,0.15060122311115265,0.0034808465279638767,1.0
1779438825.086133,53,0.029590822756290436,-0.13170954585075378,0.03410516679286957,0.08432593941688538,0.1440577656030655,0.0023318917956203222,1.0
1779438825.118784,53,0.03977879881858826,-0.0902770385146141,0.046314653009176254,0.04546821117401123,0.10730908811092377,0.0018674988532438874,1.0
1779438825.1478856,53,0.010575780645012856,-0.06186459958553314,0.03319120407104492,0.050357259809970856,0.07878763228654861,0.0018612437415868044,1.0
1779438825.1813786,53,-0.04705062136054039,-0.052428048104047775,0.066709004342556,0.05398883670568466,0.09507089853286743,0.0018323397962376475,1.0
1779438825.2183313,53,-0.23543159663677216,-0.11991824954748154,0.25513190031051636,0.17898650467395782,0.29254138469696045,0.004185767378658056,1.0
1779438825.2427094,53,-0.36967524886131287,-0.1542387157678604,0.4459124505519867,0.23099353909492493,0.4587059020996094,0.009040234610438347,1.0
1779438825.2809775,53,-0.20333430171012878,-0.18014007806777954,0.15592198073863983,0.17367970943450928,0.29014551639556885,0.005731652490794659,1.0
1779438825.3078046,53,-0.10690508782863617,-0.13533826172351837,0.05673357844352722,0.13907641172409058,0.2049628347158432,0.004740153905004263,1.0
1779438825.3399394,53,-0.04860183596611023,-0.1257551610469818,0.054208215326070786,0.14795249700546265,0.16375456750392914,0.0026158082764595747,1.0
1779438825.388309,53,-0.005748820956796408,-0.07296263426542282,0.06990335881710052,0.07160728424787521,0.1060490757226944,0.0015668643172830343,1.0
1779438825.4185092,53,-0.008647414855659008,-0.05922137573361397,0.03458592668175697,0.05506652221083641,0.07723449170589447,0.0020860705990344286,1.0
1779438825.4514613,53,-0.015207542106509209,-0.04060133546590805,0.035446010529994965,0.05237662047147751,0.06588573753833771,0.00200045108795166,1.0
1779438825.482245,53,-0.002593418350443244,-0.022948354482650757,0.04383100941777229,0.06213562190532684,0.06759864836931229,0.0021570136304944754,1.0
1779438825.5161252,53,0.014746611937880516,-0.027531173080205917,0.03254171833395958,0.04257531464099884,0.05427047610282898,0.0010610375320538878,1.0
1779438825.5482757,53,0.040406711399555206,-0.04636138305068016,0.04714988172054291,0.05488807335495949,0.0801144540309906,0.0014897248474881053,1.0
1779438825.5813982,53,0.08556351810693741,-0.07293125241994858,0.04829999431967735,0.05802105367183685,0.12887883186340332,0.0019021494081243873,1.0
1779438825.6147296,53,0.12774889171123505,-0.10212908685207367,0.08340170979499817,0.07455293834209442,0.18844394385814667,0.0029832569416612387,1.0
1779438825.645241,53,0.10312782227993011,-0.06679088622331619,0.06437236815690994,0.08523289859294891,0.15351305902004242,0.002141564851626754,1.0
1779438825.6765592,53,0.0985199585556984,-0.06897749751806259,0.09841679781675339,0.11308880150318146,0.17728504538536072,0.002594984835013747,1.0
1779438825.7130413,53,0.09565447270870209,-0.025761153548955917,0.1233692467212677,0.13863041996955872,0.17069974541664124,0.0025845805648714304,1.0
1779438825.7407315,53,0.07794160395860672,0.03714190796017647,0.1182321235537529,0.20027564465999603,0.17630067467689514,0.003120964393019676,1.0
1779438825.7884738,53,0.055250924080610275,0.09709944576025009,0.09327391535043716,0.2085459977388382,0.17076465487480164,0.0030185882933437824,1.0
1779438825.8217993,53,0.047949738800525665,0.13252057135105133,0.10779789090156555,0.21964825689792633,0.17662611603736877,0.00323117827065289,1.0
1779438825.8592036,53,0.04169248044490814,0.15324056148529053,0.1541871577501297,0.2162056714296341,0.2123490571975708,0.004111369606107473,1.0
1779438825.8851612,53,0.04698238894343376,0.12987706065177917,0.1028558537364006,0.20762337744235992,0.16272951662540436,0.0038264973554760218,1.0
1779438825.9156435,53,0.0867752954363823,0.10236142575740814,0.1398831307888031,0.1468997448682785,0.166751429438591,0.0035255965776741505,1.0
1779438825.9490676,53,0.09190714359283447,0.09201222658157349,0.1149197667837143,0.14582620561122894,0.15295936167240143,0.002781919902190566,1.0
1779438825.9801629,53,0.03585325926542282,0.019421271979808807,0.05528390780091286,0.05586285889148712,0.07238731533288956,0.0021398751996457577,1.0
1779438826.0167944,53,0.003679959336295724,-0.002062239684164524,0.04060015827417374,0.028377026319503784,0.04194534197449684,0.0017944240244105458,1.0
1779438826.0458038,53,-0.004043291322886944,-0.04281673952937126,0.06172141432762146,0.04139768332242966,0.06668727844953537,0.0013898705365136266,1.0
1779438826.076651,53,0.024425579234957695,-0.06782761961221695,0.04889906570315361,0.0465146079659462,0.09011314809322357,0.0013858345337212086,1.0
1779438826.1074545,53,0.09030669927597046,-0.15621516108512878,0.14567284286022186,0.15495085716247559,0.23881009221076965,0.0031168069690465927,1.0
1779438826.1415734,53,0.06604349613189697,-0.2514970898628235,0.2138838768005371,0.2716395854949951,0.3509311079978943,0.00519579416140914,1.0
1779438826.1919947,53,-0.03562697023153305,-0.2541883885860443,0.2983776032924652,0.30336469411849976,0.38428738713264465,0.004225947428494692,1.0
1779438826.2203045,53,0.002268377225846052,-0.18350479006767273,0.19002556800842285,0.17493771016597748,0.24653267860412598,0.00607957411557436,1.0
1779438826.2554555,53,0.08030499517917633,-0.1464187353849411,0.16156676411628723,0.16579246520996094,0.22103051841259003,0.005915225017815828,1.0
1779438826.2841923,53,0.12469425052404404,-0.13329185545444489,0.09620366245508194,0.1656024307012558,0.2083469033241272,0.005087434779852629,1.0
1779438826.3160255,53,0.1622847020626068,-0.12147723138332367,0.08989015221595764,0.11004257202148438,0.22416698932647705,0.004947995766997337,1.0
1779438826.348064,53,0.1632707715034485,-0.16031114757061005,0.07621923834085464,0.0974920317530632,0.2453634887933731,0.003947216551750898,1.0
1779438826.38162,53,0.09924115240573883,-0.22721977531909943,0.07831466197967529,0.09950797259807587,0.26048049330711365,0.004353959113359451,1.0
1779438826.4118013,53,0.037163786590099335,-0.1970154345035553,0.09427554160356522,0.09306535869836807,0.21910306811332703,0.004513461142778397,1.0
1779438826.4451277,53,-0.004651627503335476,-0.2193223536014557,0.09667561203241348,0.0979122593998909,0.23919866979122162,0.0036445739679038525,1.0
1779438826.4795384,53,-0.01575455628335476,-0.18945111334323883,0.13080576062202454,0.07923179119825363,0.22811654210090637,0.0026976524386554956,1.0
1779438826.5083978,53,0.08229698240756989,-0.1574586182832718,0.19589205086231232,0.10743949562311172,0.24139229953289032,0.004499480593949556,1.0
1779438826.5397716,53,0.26103612780570984,-0.2185697704553604,0.28803664445877075,0.20501889288425446,0.4369525611400604,0.005200603511184454,1.0
1779438826.590695,53,0.5583930611610413,-0.1883559376001358,0.42066720128059387,0.23552145063877106,0.6714966297149658,0.007669227197766304,1.0
1779438826.61888,53,0.5854408740997314,-0.07748326659202576,0.40104860067367554,0.2306203842163086,0.6579392552375793,0.009236914105713367,1.0
1779438826.6505208,53,0.33470356464385986,-0.17096580564975739,0.18266476690769196,0.1470155566930771,0.41126611828804016,0.006654027849435806,1.0
1779438826.6830633,53,0.1446855664253235,-0.19724690914154053,0.08591234683990479,0.13132674992084503,0.26645103096961975,0.00421944772824645,1.0
1779438826.7152336,53,0.11626794189214706,-0.2648024559020996,0.10300102084875107,0.16026195883750916,0.3064444065093994,0.004029268864542246,1.0
1779438826.746888,53,0.14123967289924622,-0.27069178223609924,0.12872496247291565,0.1324053853750229,0.3160381615161896,0.00316172419115901,1.0
1779438826.7816792,53,0.05848492309451103,-0.22761593759059906,0.06820003688335419,0.10066170245409012,0.2527013123035431,0.0025085322558879852,1.0
1779438826.8127196,53,-0.02088179625570774,-0.1991424560546875,0.08028151094913483,0.06262312829494476,0.21537470817565918,0.0033980512525886297,1.0
1779438826.844312,53,-0.059325020760297775,-0.12308862060308456,0.08486372232437134,0.0501299649477005,0.14981476962566376,0.002307440619915724,1.0
1779438826.8763146,53,-0.052364420145750046,-0.08252212405204773,0.05497497692704201,0.044374436140060425,0.10673730075359344,0.0021293419413268566,1.0
1779438826.908544,53,-0.061575546860694885,-0.02838134765625,0.05376371368765831,0.03816791996359825,0.07648169994354248,0.0015944235492497683,1.0
1779438826.938692,53,-0.12527206540107727,0.008022092282772064,0.08700475096702576,0.042763851583004,0.13770639896392822,0.0013278006808832288,1.0
1779438826.986802,53,-0.1655302196741104,0.03972640261054039,0.06945327669382095,0.08363184332847595,0.18445977568626404,0.002527349628508091,1.0
1779438827.0198183,53,-0.11007028073072433,0.033089980483055115,0.057741306722164154,0.07526489347219467,0.13337430357933044,0.0024419003166258335,1.0
1779438827.0528939,53,-0.10179714113473892,0.055804844945669174,0.07258075475692749,0.07124311476945877,0.13588611781597137,0.0018015028908848763,1.0
1779438827.086194,53,-0.08085286617279053,0.014654483646154404,0.07774487882852554,0.0784149318933487,0.107155941426754,0.001954952022060752,1.0
1779438827.1154242,53,-0.10848192870616913,-0.01508835144340992,0.12045672535896301,0.1215711161494255,0.14291533827781677,0.002978877630084753,1.0
1779438827.1488378,53,-0.17427408695220947,-0.13759829103946686,0.24374312162399292,0.2489142119884491,0.25607842206954956,0.004740111064165831,1.0
1779438827.1822429,53,-0.10503459721803665,-0.1754121631383896,0.12161427736282349,0.2856143116950989,0.24094821512699127,0.006278190296143293,1.0
1779438827.2137022,53,0.022632239386439323,-0.19030243158340454,0.09835293889045715,0.28626102209091187,0.22415626049041748,0.005518956109881401,1.0
1779438827.2452385,53,0.028396030887961388,-0.12236052006483078,0.09785841405391693,0.1624959111213684,0.15733177959918976,0.0030509992502629757,1.0
1779438827.2782578,53,0.050050556659698486,-0.06785295903682709,0.06384356319904327,0.12897330522537231,0.12273561954498291,0.004247657954692841,1.0
1779438827.307354,53,0.05908116698265076,-0.017817948013544083,0.04960160702466965,0.10850924998521805,0.09853319823741913,0.002829356584697962,1.0
1779438827.340996,53,0.053924560546875,0.0108478469774127,0.05675731599330902,0.07973838597536087,0.10064680874347687,0.001958552049472928,1.0
1779438827.388759,53,0.011995711363852024,0.031436558812856674,0.04359167441725731,0.09555681049823761,0.09438543766736984,0.0019007393857464194,1.0
1779438827.4185665,53,0.031469669193029404,0.0502578429877758,0.11169065535068512,0.1960037499666214,0.14329497516155243,0.0031556079629808664,1.0
1779438827.4557345,53,0.050927504897117615,0.0468902587890625,0.19716452062129974,0.22158542275428772,0.15245699882507324,0.005335644353181124,1.0
1779438827.4842725,53,0.0409957580268383,0.06474937498569489,0.25730815529823303,0.23537366092205048,0.17605336010456085,0.006029155105352402,1.0
1779438827.5147612,53,-0.09123345464468002,0.016758756712079048,0.11765259504318237,0.1400502771139145,0.17859427630901337,0.00478120893239975,1.0
1779438827.5464735,53,-0.21902868151664734,0.00241693458519876,0.13820895552635193,0.09973033517599106,0.2480306625366211,0.0037695602513849735,1.0
1779438827.581633,53,-0.31514379382133484,-0.07042910158634186,0.25322863459587097,0.17878618836402893,0.36438509821891785,0.007507519330829382,1.0
1779438827.614077,53,-0.35447636246681213,-0.011681610718369484,0.2086012363433838,0.1960640698671341,0.40339672565460205,0.0053291721269488335,1.0
1779438827.6448085,53,-0.3252407908439636,-0.016353104263544083,0.2085377275943756,0.16943371295928955,0.37215498089790344,0.005817905999720097,1.0
1779438827.6771913,53,-0.3363707959651947,-0.026369202882051468,0.22482486069202423,0.17384517192840576,0.39133402705192566,0.005653762258589268,1.0
1779438827.708882,53,-0.23478180170059204,-0.047954920679330826,0.1629488319158554,0.1492924839258194,0.2871265709400177,0.005826454609632492,1.0
1779438827.7411516,53,-0.14951194822788239,-0.13061581552028656,0.14253154397010803,0.1881825178861618,0.2744511067867279,0.00532347708940506,1.0
1779438827.790721,53,-0.030102135613560677,-0.18897318840026855,0.15572834014892578,0.3361446261405945,0.27398085594177246,0.003759205574169755,1.0
1779438827.8189824,53,-0.000686933402903378,-0.2205885350704193,0.17786839604377747,0.36392825841903687,0.29154157638549805,0.004925820045173168,1.0
1779438827.8515856,53,-0.02913651429116726,-0.20476114749908447,0.12475476413965225,0.4006950557231903,0.2934180796146393,0.005238001234829426,1.0
1779438827.885088,53,-0.039539553225040436,-0.2546703517436981,0.14556273818016052,0.4864603877067566,0.3441160321235657,0.007732242811471224,1.0
1779438827.914106,53,-0.07033754885196686,-0.18062230944633484,0.14443449676036835,0.4444922208786011,0.31806841492652893,0.010951563715934753,1.0
1779438827.9462118,53,-0.08099652826786041,-0.17233218252658844,0.16093307733535767,0.422207236289978,0.32503509521484375,0.00758591340854764,1.0
1779438827.979564,53,-0.10376466065645218,-0.1850295215845108,0.20995846390724182,0.3975961208343506,0.35154667496681213,0.006142570171505213,1.0
1779438828.0120819,53,-0.032912056893110275,-0.08854474127292633,0.14876221120357513,0.3193521201610565,0.2678067982196808,0.006043525412678719,1.0
1779438828.0439506,53,-0.030185339972376823,-0.01874527893960476,0.13701984286308289,0.24297387897968292,0.24123305082321167,0.004335761070251465,1.0
1779438828.0768118,53,-0.04993971437215805,0.00165716209448874,0.09940101951360703,0.2252439260482788,0.21800610423088074,0.0053880042396485806,1.0
1779438828.1083143,53,-0.04180188477039337,-0.01725250855088234,0.09203255921602249,0.2808225750923157,0.24495060741901398,0.00454288674518466,1.0
1779438828.139676,53,-0.030636481940746307,-0.024117523804306984,0.09175167232751846,0.232884019613266,0.21458373963832855,0.003418680978938937,1.0
1779438828.1911442,53,-0.11316004395484924,0.04077206179499626,0.08848603069782257,0.19717836380004883,0.22714275121688843,0.004539296496659517,1.0
1779438828.220405,53,-0.15364305675029755,0.10214636474847794,0.08001918345689774,0.2049752026796341,0.26887941360473633,0.005250229500234127,1.0
1779438828.2529697,53,-0.24544395506381989,0.06781063228845596,0.09549976885318756,0.25514501333236694,0.3450194299221039,0.005050015170127153,1.0
1779438828.2879167,53,-0.2019181102514267,0.0972914770245552,0.10224408656358719,0.20401330292224884,0.30198997259140015,0.005467119161039591,1.0
1779438828.3151975,53,-0.1431930810213089,0.11184519529342651,0.05905824899673462,0.19746138155460358,0.24976730346679688,0.004404952749609947,1.0
1779438828.3490973,53,-0.10908105224370956,0.11528389155864716,0.07717294245958328,0.1656113713979721,0.22323767840862274,0.004168497398495674,1.0
1779438828.3825443,53,-0.07347510010004044,0.1118302270770073,0.05959208309650421,0.17307749390602112,0.19213072955608368,0.004307330586016178,1.0
1779438828.4142423,53,-0.08688239008188248,0.06184675171971321,0.10138466209173203,0.22258444130420685,0.23612698912620544,0.005529808346182108,1.0
1779438828.4431937,53,-0.14831024408340454,-0.049536075443029404,0.165999636054039,0.3183768689632416,0.30395665764808655,0.007994983345270157,1.0
1779438828.4770863,53,-0.15542401373386383,-0.054090678691864014,0.16251352429389954,0.31727904081344604,0.3253363072872162,0.009766710922122002,1.0
1779438828.5078604,53,-0.06994686275720596,-0.051057636737823486,0.10034646093845367,0.22910107672214508,0.21427573263645172,0.004353218711912632,1.0
1779438828.5382185,53,-0.008423714898526669,-0.00970718078315258,0.07862220704555511,0.15530197322368622,0.1431657075881958,0.0031786509789526463,1.0
1779438828.5887885,53,0.03581957519054413,-0.017859116196632385,0.10687053203582764,0.22784288227558136,0.205032080411911,0.005499778315424919,1.0
1779438828.6201317,53,0.02055387757718563,-0.01984678953886032,0.09727934747934341,0.2282094955444336,0.20106342434883118,0.004996638745069504,1.0
1779438828.6579745,53,0.03952803835272789,0.007571238558739424,0.1139531135559082,0.18339255452156067,0.183709055185318,0.003394974395632744,1.0
1779438828.6840181,53,0.04251357913017273,0.060795046389102936,0.08575545996427536,0.18615861237049103,0.1849541813135147,0.0049740648828446865,1.0
1779438828.7176104,53,-0.04301654174923897,0.04077234864234924,0.11248935759067535,0.2319568246603012,0.22354480624198914,0.00695713609457016,1.0
1779438828.751283,53,-0.06667860597372055,0.08478935062885284,0.13805954158306122,0.30727365612983704,0.32635220885276794,0.010110307484865189,1.0
1779438828.781778,53,-0.07683087885379791,0.12973137199878693,0.1296006441116333,0.22463083267211914,0.2597251236438751,0.005755607038736343,1.0
1779438828.8117359,53,0.04982282593846321,0.30715280771255493,0.3323655128479004,0.34649619460105896,0.3643660247325897,0.008032780140638351,1.0
1779438828.8416853,53,0.034742534160614014,0.4697205126285553,0.2825748324394226,0.5168178677558899,0.4997897148132324,0.0276922769844532,1.0
1779438828.8732815,53,-0.05182460695505142,0.2524828612804413,0.11152084916830063,0.252928763628006,0.27517595887184143,0.006744323298335075,1.0
1779438828.908323,53,-0.07311004400253296,0.20187924802303314,0.06995154917240143,0.09186611324548721,0.22233879566192627,0.003634409513324499,1.0
1779438828.9392803,53,-0.08868494629859924,0.1921766698360443,0.09587699174880981,0.1071544885635376,0.21972911059856415,0.004714172799140215,1.0
1779438828.987947,53,-0.09118422120809555,0.16521957516670227,0.1191755086183548,0.14632874727249146,0.21495310962200165,0.0033827763982117176,1.0
1779438829.0194879,53,-0.0353897400200367,0.08308209478855133,0.06967883557081223,0.07058417052030563,0.11397770047187805,0.002946131397038698,1.0
1779438829.0521977,53,-0.04766327515244484,0.1005919799208641,0.08746111392974854,0.0794762596487999,0.12772469222545624,0.0018089791992679238,1.0
1779438829.083801,53,-0.07082467526197433,0.06867721676826477,0.06357906758785248,0.0752178430557251,0.1213625818490982,0.00213007559068501,1.0
1779438829.1180513,53,-0.1220717504620552,0.12657740712165833,0.08876650035381317,0.18250371515750885,0.21855109930038452,0.004115537274628878,1.0
1779438829.1490803,53,-0.13309666514396667,0.09330634027719498,0.0884636789560318,0.15260860323905945,0.20484623312950134,0.003565655555576086,1.0
1779438829.1807766,53,-0.14389066398143768,0.11124664545059204,0.12257072329521179,0.21450674533843994,0.24682271480560303,0.005518227815628052,1.0
1779438829.2145827,53,-0.10361063480377197,0.14169080555438995,0.19551977515220642,0.2830027639865875,0.31760939955711365,0.006469475571066141,1.0
1779438829.2442305,53,-0.16373400390148163,0.029245052486658096,0.09404639899730682,0.12462704628705978,0.2086077779531479,0.005910012871026993,1.0
1779438829.2768064,53,-0.29654937982559204,-0.04852093383669853,0.13051259517669678,0.18062560260295868,0.33210787177085876,0.004858048632740974,1.0
1779438829.310259,53,-0.1933824121952057,-0.04957004636526108,0.08422587811946869,0.12236648052930832,0.22332292795181274,0.005096076056361198,1.0
1779438829.340559,53,-0.18737131357192993,-0.003754813689738512,0.0905531570315361,0.10752584785223007,0.2109779715538025,0.002957155928015709,1.0
1779438829.390534,53,-0.14584925770759583,0.015229134820401669,0.0733465924859047,0.07389264553785324,0.1673966646194458,0.002345670247450471,1.0
1779438829.4229295,53,-0.17973269522190094,-0.002057921141386032,0.1001569852232933,0.09312843531370163,0.19866953790187836,0.002611714182421565,1.0
1779438829.4563465,53,-0.202345073223114,-0.03735092282295227,0.10714021325111389,0.17627981305122375,0.25733017921447754,0.006116214208304882,1.0
1779438829.4847937,53,-0.18940302729606628,-0.024822019040584564,0.09558644890785217,0.15854500234127045,0.22337377071380615,0.015843665227293968,1.0
1779438829.5161247,53,-0.1578933447599411,-0.032962437719106674,0.22512388229370117,0.13875707983970642,0.18568451702594757,0.007267752196639776,1.0
1779438829.5476277,53,-0.09638170897960663,-0.05562087893486023,0.1587105542421341,0.1950797438621521,0.16195721924304962,0.005450006574392319,1.0
1779438829.5801039,53,-0.07460568845272064,-0.08359023928642273,0.07347913831472397,0.21245788037776947,0.14919888973236084,0.004058232996612787,1.0
1779438829.6139402,53,-0.08306971192359924,-0.03851001709699631,0.07227252423763275,0.10797195881605148,0.11688140779733658,0.0017930064350366592,1.0
1779438829.6438088,53,-0.06399305909872055,-0.02086884155869484,0.06844690442085266,0.1916951835155487,0.13958331942558289,0.0019523996161296964,1.0
1779438829.6756349,53,-0.05352351441979408,0.019922221079468727,0.05097430199384689,0.08334433287382126,0.08518368005752563,0.0016150480369105935,1.0
1779438829.7109284,53,-0.001185003318823874,0.02400697022676468,0.04152486473321915,0.06476567685604095,0.06304112076759338,0.00138761755079031,1.0
1779438829.7410636,53,0.08183576166629791,0.049403928220272064,0.10551521927118301,0.16509893536567688,0.14847388863563538,0.003818960627540946,1.0
1779438829.7892547,53,0.09573651850223541,0.07940789312124252,0.08772505074739456,0.2853180468082428,0.2334870547056198,0.004981582518666983,1.0
1779438829.8206043,53,0.12563107907772064,0.021791566163301468,0.11486925929784775,0.2910873293876648,0.21259941160678864,0.004910211078822613,1.0
1779438829.8510873,53,0.09729349613189697,0.037214457988739014,0.0764811709523201,0.1742202192544937,0.17291054129600525,0.003860405646264553,1.0
1779438829.8849206,53,0.10245586186647415,0.09811314940452576,0.05403447523713112,0.09568151831626892,0.1656518280506134,0.002539444947615266,1.0
1779438829.915186,53,0.07102303951978683,0.11531757563352585,0.06974731385707855,0.10251098871231079,0.1623881310224533,0.0034566675312817097,1.0
1779438829.9463117,53,0.08989298343658447,0.19639846682548523,0.06252481788396835,0.12113390862941742,0.23991046845912933,0.002529563382267952,1.0
1779438829.9786491,53,0.11319459229707718,0.24549952149391174,0.06665913760662079,0.13168802857398987,0.287997841835022,0.004784699529409409,1.0
1779438830.0119374,53,0.11184375733137131,0.2321440428495407,0.0722404196858406,0.1288459450006485,0.27211377024650574,0.0042084865272045135,1.0
1779438830.0410628,53,0.11858382076025009,0.261430561542511,0.07958755642175674,0.14088751375675201,0.3065192699432373,0.0049123745411634445,1.0
1779438830.0774052,53,0.17796210944652557,0.3110881447792053,0.07653496414422989,0.19287338852882385,0.38152554631233215,0.005081494338810444,1.0
1779438830.109233,53,0.19344517588615417,0.3120845556259155,0.07317660748958588,0.17423182725906372,0.3800801932811737,0.004022070672363043,1.0
1779438830.1404333,53,0.18762581050395966,0.25297603011131287,0.07675955444574356,0.12440640479326248,0.3294353783130646,0.004313979297876358,1.0
1779438830.1902485,53,0.14833155274391174,0.2951401174068451,0.10000543296337128,0.15558603405952454,0.35515525937080383,0.004412924405187368,1.0
1779438830.2223196,53,0.06564503908157349,0.3613848388195038,0.09956099092960358,0.16547603905200958,0.3896532356739044,0.004208124242722988,1.0
1779438830.2527928,53,0.061511632055044174,0.5555132031440735,0.11834497004747391,0.20816391706466675,0.573503315448761,0.0050477441400289536,1.0
1779438830.284032,53,0.03647080808877945,0.6430194973945618,0.11544836312532425,0.2072797566652298,0.6536993384361267,0.009412352927029133,1.0
1779438830.318027,53,0.06678368896245956,0.5801011323928833,0.13230079412460327,0.1883016675710678,0.5979434251785278,0.006486362777650356,1.0
1779438830.3533423,53,0.13964612782001495,0.3861438035964966,0.09870005398988724,0.15482766926288605,0.41747745871543884,0.004965893924236298,1.0
1779438830.3795438,53,0.18759673833847046,0.29960545897483826,0.09857633709907532,0.12802350521087646,0.3621552586555481,0.005558260716497898,1.0
1779438830.4121082,53,0.25772756338119507,0.16055786609649658,0.08758432418107986,0.09203466773033142,0.3105713725090027,0.005487737245857716,1.0
1779438830.4455986,53,0.320797324180603,0.04001689329743385,0.09095839411020279,0.07316852360963821,0.331073522567749,0.0051624467596411705,1.0
1779438830.47581,53,0.39888978004455566,-0.05290769040584564,0.12275819480419159,0.09723284840583801,0.4145549535751343,0.005240965634584427,1.0
1779438830.5075128,53,0.3315838575363159,-0.07744641602039337,0.0796605572104454,0.08780698478221893,0.3509698808193207,0.004193979315459728,1.0
1779438830.5399747,53,0.31956279277801514,-0.07575211673974991,0.07410281896591187,0.07321329414844513,0.33642634749412537,0.005007667001336813,1.0
1779438830.5890205,53,0.21909606456756592,-0.0649169310927391,0.08006905019283295,0.0813475176692009,0.24122099578380585,0.003730103839188814,1.0
1779438830.620239,53,0.14227870106697083,-0.03168242797255516,0.07098504155874252,0.058813005685806274,0.15549024939537048,0.0019702280405908823,1.0
1779438830.6543295,53,0.08625592291355133,-0.02737167663872242,0.06302512437105179,0.06673052906990051,0.10425984859466553,0.001851709675975144,1.0
1779438830.6838913,53,0.03133118897676468,0.018418509513139725,0.033809732645750046,0.03800356015563011,0.0465267114341259,0.0014817892806604505,1.0
1779438830.7190592,53,-0.012380636297166348,0.04261463135480881,0.03933437168598175,0.04576863721013069,0.06076551228761673,0.001554839895106852,1.0
1779438830.7527258,53,-0.11376895755529404,0.13818733394145966,0.07930837571620941,0.08563434332609177,0.19084446132183075,0.00285609089769423,1.0
1779438830.7801251,53,-0.2502841651439667,0.20243346691131592,0.09715210646390915,0.08128993213176727,0.33075961470603943,0.004635136108845472,1.0
1779438830.8140855,53,-0.2690547704696655,0.30368098616600037,0.07120024412870407,0.10171857476234436,0.4132649898529053,0.004579472821205854,1.0
1779438830.8459394,53,-0.2258591502904892,0.2806704640388489,0.08436115831136703,0.09347227960824966,0.3731237053871155,0.0050684185698628426,1.0
1779438830.8761594,53,-0.14271977543830872,0.29860326647758484,0.12090422958135605,0.09824351221323013,0.3507588505744934,0.004864201415330172,1.0
1779438830.9077797,53,-0.06737647950649261,0.24273623526096344,0.09241762012243271,0.11075533926486969,0.27706390619277954,0.0039435215294361115,1.0
1779438830.9397535,53,0.05118316039443016,0.20519587397575378,0.10908755660057068,0.10508738458156586,0.2375672161579132,0.0032816457096487284,1.0
1779438830.985718,53,0.15069206058979034,0.09386343508958817,0.32797354459762573,0.08179322630167007,0.22091743350028992,0.005097679328173399,1.0
1779438831.0201147,53,0.1818464696407318,0.07575153559446335,0.10544702410697937,0.055795371532440186,0.2068701982498169,0.003394074272364378,1.0
1779438831.0526602,53,0.2810179591178894,-0.004809973295778036,0.08067650347948074,0.06369875371456146,0.28861942887306213,0.0034581299405544996,1.0
1779438831.0842133,53,0.30206385254859924,-0.059787679463624954,0.0798647552728653,0.06803598999977112,0.3170939087867737,0.0034628119319677353,1.0
1779438831.1199877,53,0.3217007517814636,-0.07182887941598892,0.10176285356283188,0.0804326981306076,0.3370071351528168,0.0037850874941796064,1.0
1779438831.1502497,53,0.25645649433135986,-0.047393798828125,0.1170944944024086,0.05893479660153389,0.2699807584285736,0.0038342084735631943,1.0
1779438831.1839917,53,0.18405410647392273,0.007995893247425556,0.08549340814352036,0.06700646132230759,0.19926245510578156,0.002683597384020686,1.0
1779438831.2122684,53,0.14846888184547424,0.0849197655916214,0.0852162092924118,0.05606217309832573,0.1795535683631897,0.0035113217309117317,1.0
1779438831.2426262,53,0.14567163586616516,0.15211687982082367,0.11272319406270981,0.08401600271463394,0.21998555958271027,0.00402903463691473,1.0
1779438831.278235,53,0.11310246586799622,0.19291801750659943,0.09253571182489395,0.0831812396645546,0.23488472402095795,0.0035131839103996754,1.0
1779438831.3073864,53,0.1153717041015625,0.2163664549589157,0.10374698787927628,0.08472377806901932,0.2588496208190918,0.003742758883163333,1.0
1779438831.3380172,53,0.05905381590127945,0.12598088383674622,0.061845310032367706,0.0566861592233181,0.14982062578201294,0.0028050574474036694,1.0
1779438831.3887436,53,0.05989621579647064,0.08438283205032349,0.04704882204532623,0.042700622230768204,0.11011145263910294,0.0020232025999575853,1.0
1779438831.4186618,53,0.05410190671682358,0.047998104244470596,0.028791166841983795,0.030274130403995514,0.07670752704143524,0.0014292871346697211,1.0
1779438831.450407,53,0.07081776857376099,0.019832108169794083,0.030992060899734497,0.04855778440833092,0.08212461322546005,0.001690510893240571,1.0
1779438831.4844954,53,0.1215972900390625,-0.04394013062119484,0.05052477493882179,0.0718575119972229,0.1403278261423111,0.0021196180023252964,1.0
1779438831.515755,53,0.13934527337551117,-0.08188556879758835,0.04666053503751755,0.06226122006773949,0.17203201353549957,0.0025580679066479206,1.0
1779438831.5461376,53,0.18573486804962158,-0.09363080561161041,0.07069814205169678,0.0504656657576561,0.2141578048467636,0.003535444615408778,1.0
1779438831.5796268,53,0.1883193701505661,-0.15424476563930511,0.08088589459657669,0.06314306706190109,0.252584844827652,0.004016792867332697,1.0
1779438831.6127813,53,0.16923551261425018,-0.1815384179353714,0.07898175716400146,0.07347401231527328,0.2577424645423889,0.0034942347556352615,1.0
1779438831.6446946,53,0.10178101807832718,-0.15542487800121307,0.051474012434482574,0.07291138917207718,0.19454342126846313,0.002803098177537322,1.0
1779438831.6783614,53,0.05636826902627945,-0.14948460459709167,0.04845530539751053,0.06804647296667099,0.17143863439559937,0.00333565310575068,1.0
1779438831.7090452,53,0.058290302753448486,-0.08229180425405502,0.19926249980926514,0.1522647887468338,0.17014102637767792,0.004374018404632807,1.0
1779438831.7416263,53,-0.029704831540584564,-0.0950104370713234,0.04649956524372101,0.06063329800963402,0.11010394990444183,0.001994333928450942,1.0
1779438831.7913666,53,-0.06751495599746704,-0.05636654421687126,0.03768600523471832,0.04422898218035698,0.09370924532413483,0.0017212576931342483,1.0
1779438831.8207557,53,-0.09935803711414337,-0.008662673644721508,0.057263851165771484,0.04728935658931732,0.1118396446108818,0.0013741003349423409,1.0
1779438831.8517265,53,-0.11009302735328674,0.07603828608989716,0.08952033519744873,0.1297154724597931,0.16434481739997864,0.00298245414160192,1.0
1779438831.8856118,53,-0.020623261108994484,0.14757868647575378,0.31794318556785583,0.35255300998687744,0.23430033028125763,0.038089510053396225,1.0
1779438831.9170527,53,-0.010142488405108452,0.11174730956554413,0.2021959275007248,0.19055631756782532,0.16720101237297058,0.00768344197422266,1.0
1779438831.948609,53,-0.024473370984196663,0.030231403186917305,0.05931766703724861,0.05332386493682861,0.06273936480283737,0.0027035055682063103,1.0
1779438831.979384,53,-0.011534781195223331,-0.00159439945127815,0.027021873742341995,0.0408417284488678,0.0363042838871479,0.0019977984484285116,1.0
1779438832.017392,53,0.00608566589653492,-0.04859406128525734,0.05319366976618767,0.10440552234649658,0.06624368578195572,0.0019135718466714025,1.0
1779438832.042159,53,0.029340924695134163,-0.07204912602901459,0.04089704900979996,0.08651535958051682,0.09379931539297104,0.00214580912142992,1.0
1779438832.075513,53,0.02117113769054413,-0.06813222169876099,0.03254447132349014,0.0656203180551529,0.08413767069578171,0.002198086818680167,1.0
1779438832.1067243,53,0.01578478515148163,-0.09400565922260284,0.03361337631940842,0.1000891774892807,0.10379309952259064,0.0022648251615464687,1.0
1779438832.1423957,53,-0.010278665460646152,-0.08749418705701828,0.051668744534254074,0.05247894674539566,0.09716758877038956,0.0019447869854047894,1.0
1779438832.188026,53,-0.003595316084101796,-0.13650397956371307,0.058672089129686356,0.15065567195415497,0.143307164311409,0.0034084757789969444,1.0
1779438832.2218602,53,-0.007936010137200356,-0.13571685552597046,0.0915907770395279,0.1521448940038681,0.15400631725788116,0.01011351216584444,1.0
1779438832.2554188,53,-0.030490802600979805,-0.14905504882335663,0.21801336109638214,0.10643606632947922,0.2126726657152176,0.011190187186002731,1.0
1779438832.2859018,53,0.000213910941965878,-0.162397563457489,0.2026904672384262,0.09625887125730515,0.2030000537633896,0.00524258054792881,1.0
1779438832.3171391,53,0.05241710692644119,-0.21963933110237122,0.09089257568120956,0.1191546767950058,0.23952242732048035,0.004492142237722874,1.0
1779438832.3490844,53,0.06740526854991913,-0.16284668445587158,0.051908399909734726,0.09234670549631119,0.18414370715618134,0.0032663720194250345,1.0
1779438832.378239,53,0.11516095697879791,-0.11929608881473541,0.07770832628011703,0.07746922224760056,0.17919549345970154,0.003916935995221138,1.0
1779438832.4126487,53,0.15391914546489716,-0.10906435549259186,0.1179020032286644,0.08678199350833893,0.21274720132350922,0.004868643824011087,1.0
1779438832.4508314,53,0.1536606103181839,-0.04018934816122055,0.16594083607196808,0.10192486643791199,0.22248218953609467,0.004246556665748358,1.0
1779438832.475851,53,0.14073613286018372,0.05494949221611023,0.1787555068731308,0.11543699353933334,0.21620826423168182,0.0026633008383214474,1.0
1779438832.5070002,53,0.035816121846437454,0.13361574709415436,0.15906226634979248,0.13411329686641693,0.21635140478610992,0.0037251387257128954,1.0
1779438832.5396736,53,-0.05168958008289337,0.15437690913677216,0.19390186667442322,0.14568525552749634,0.24347713589668274,0.004857092630118132,1.0
1779438832.5851927,53,-0.12950709462165833,0.1562013477087021,0.21696314215660095,0.15330012142658234,0.2622070610523224,0.003968067467212677,1.0
1779438832.6216052,53,-0.2788394093513489,0.10027068853378296,0.28334543108940125,0.1722533404827118,0.34826770424842834,0.005765312816947699,1.0
1779438832.6576092,53,-0.30736327171325684,0.034270089119672775,0.25587329268455505,0.17676004767417908,0.36217647790908813,0.006553852465003729,1.0
1779438832.6840456,53,-0.26560744643211365,0.046713486313819885,0.15589745342731476,0.21298690140247345,0.33664917945861816,0.007252097595483065,1.0
1779438832.7209105,53,-0.23918813467025757,0.08226358890533447,0.18932099640369415,0.19044755399227142,0.30952343344688416,0.005249587818980217,1.0
1779438832.747909,53,-0.2638759911060333,0.15265123546123505,0.13902296125888824,0.1640867441892624,0.33843016624450684,0.010811340063810349,1.0
1779438832.7796514,53,-0.21544575691223145,0.15083341300487518,0.15966473519802094,0.17452114820480347,0.31004059314727783,0.013412177562713623,1.0
1779438832.8118181,53,-0.1104416772723198,0.027820803225040436,0.11452705413103104,0.09747499972581863,0.15978102385997772,0.0068198274821043015,1.0
1779438832.845191,53,0.09465833008289337,-0.18080340325832367,0.12922634184360504,0.15405693650245667,0.24616506695747375,0.0059245266020298,1.0
1779438832.8769343,53,0.608340859413147,-0.555660605430603,0.21867026388645172,0.22157879173755646,0.8548731803894043,0.012953420169651508,1.0
1779438832.9071326,53,0.7578096389770508,-0.6633836030960083,0.1750268042087555,0.19801218807697296,1.0255919694900513,0.013592220842838287,1.0
1779438832.9407268,53,0.6574119925498962,-0.7966366410255432,0.29341912269592285,0.21012113988399506,1.0737521648406982,0.010256761685013771,1.0
1779438832.9876616,53,0.5348755717277527,-0.8306956887245178,0.3240135908126831,0.224167600274086,1.0468050241470337,0.016018223017454147,1.0
1779438833.0196865,53,0.42090967297554016,-0.6949132084846497,0.3295273780822754,0.1877584457397461,0.8715203404426575,0.009685249999165535,1.0
1779438833.0514946,53,0.4479168653488159,-0.5196846723556519,0.2915448248386383,0.171173557639122,0.7288619875907898,0.008530705235898495,1.0
1779438833.0833867,53,0.5313294529914856,-0.3687775731086731,0.2731490731239319,0.17546027898788452,0.6783280968666077,0.009519079700112343,1.0
1779438833.1135583,53,0.596126914024353,-0.25211232900619507,0.242501363158226,0.13816750049591064,0.6670417189598083,0.00521167041733861,1.0
1779438833.1517258,53,0.5606291890144348,-0.18234828114509583,0.2515588104724884,0.1390909105539322,0.613900363445282,0.005062450189143419,1.0
1779438833.1797688,53,0.3967028856277466,-0.037985749542713165,0.20548708736896515,0.10876460373401642,0.4294620752334595,0.006539002526551485,1.0
1779438833.2128391,53,0.12927332520484924,0.04738113284111023,0.14725680649280548,0.07075504213571548,0.18954256176948547,0.004008508287370205,1.0
1779438833.2485814,53,-0.07410358637571335,0.12335032224655151,0.16057100892066956,0.06801129877567291,0.19369176030158997,0.005178576335310936,1.0
1779438833.27726,53,-0.538011372089386,0.311252236366272,0.3198530673980713,0.19026897847652435,0.6448071599006653,0.006423275452107191,1.0
1779438833.30803,53,-1.018727421760559,0.38429951667785645,0.38039952516555786,0.24875782430171967,1.1248363256454468,0.00668267160654068,1.0
1779438833.339805,53,-1.1066793203353882,0.5248778462409973,0.3567430377006531,0.24791240692138672,1.2658227682113647,0.008898040279746056,1.0
1779438833.3873405,53,-1.0677211284637451,0.7491201758384705,0.27741581201553345,0.24136917293071747,1.3401793241500854,0.0119163291528821,1.0
1779438833.422295,53,-0.9708349704742432,1.0111135244369507,0.2887025773525238,0.2807871699333191,1.4475412368774414,0.011162757873535156,1.0
1779438833.453881,53,-0.8874301314353943,1.1378064155578613,0.3285209536552429,0.3311433792114258,1.5023705959320068,0.012950526550412178,1.0
1779438833.4831011,53,-0.8547881245613098,1.1336696147918701,0.34927916526794434,0.287468820810318,1.4766074419021606,0.010607881471514702,1.0
1779438833.5154936,53,-0.9026005864143372,0.8097816109657288,0.3216985762119293,0.22060008347034454,1.2502254247665405,0.010572602972388268,1.0
1779438833.5503492,53,-0.9261921048164368,0.5890169143676758,0.24505724012851715,0.16814927756786346,1.1156156063079834,0.009187250398099422,1.0
1779438833.578891,53,-0.813137412071228,0.32104116678237915,0.2514757812023163,0.11217255890369415,0.8916124105453491,0.010515144094824791,1.0
1779438833.6108484,53,-0.5972030758857727,0.13941581547260284,0.2305028885602951,0.13203944265842438,0.6378490328788757,0.005525978747755289,1.0
1779438833.6435838,53,-0.3633679151535034,-0.03516402468085289,0.2297016978263855,0.09313076734542847,0.3838171660900116,0.00429954007267952,1.0
1779438833.6747851,53,-0.10397857427597046,-0.13205157220363617,0.167402982711792,0.11555320769548416,0.22900870442390442,0.0049800146371126175,1.0
1779438833.706113,53,0.12383630126714706,-0.3386279344558716,0.2117721438407898,0.23153339326381683,0.42477837204933167,0.006272944156080484,1.0
1779438833.7385616,53,0.4252607226371765,-0.4306456446647644,0.23187249898910522,0.16864651441574097,0.6458982229232788,0.008699650876224041,1.0
1779438833.7705715,53,0.6812418699264526,-0.3928478956222534,0.2335791140794754,0.15043233335018158,0.8127268552780151,0.005417372100055218,1.0
1779438833.818115,53,0.716501772403717,-0.2934970557689667,0.2429019659757614,0.13874636590480804,0.7996201515197754,0.005559912882745266,1.0
1779438833.850639,53,0.6226504445075989,-0.246259868144989,0.14665110409259796,0.09077229350805283,0.680460512638092,0.005603475496172905,1.0
1779438833.8825219,53,0.44807377457618713,-0.13145101070404053,0.10220139473676682,0.06076766178011894,0.47107943892478943,0.005608128849416971,1.0
1779438833.9146023,53,0.3020768165588379,-0.0900786742568016,0.0690983384847641,0.06446631252765656,0.31969180703163147,0.004738113842904568,1.0
1779438833.946516,53,0.24990010261535645,-0.008525056764483452,0.06236964091658592,0.05350850522518158,0.255156546831131,0.003681554924696684,1.0
1779438833.9816182,53,0.34687545895576477,-0.001003625220619142,0.09557640552520752,0.05584743991494179,0.35216936469078064,0.004745610523968935,1.0
1779438834.011535,53,0.507025957107544,0.031169099733233452,0.1604936271905899,0.0768469050526619,0.5147286653518677,0.004578493535518646,1.0
1779438834.0425005,53,0.7418135404586792,0.09195982664823532,0.31458035111427307,0.13794481754302979,0.763026773929596,0.009707975201308727,1.0
1779438834.0761309,53,0.8670308589935303,0.11393219232559204,0.4135509729385376,0.15818503499031067,0.901239275932312,0.01637393608689308,1.0
1779438834.1080174,53,0.8024519681930542,0.09486331790685654,0.4622799754142761,0.17888355255126953,0.857008159160614,0.01430631335824728,1.0
1779438834.138237,53,0.47425150871276855,0.14034947752952576,0.25646817684173584,0.14249256253242493,0.5296810269355774,0.00701141869649291,1.0
1779438834.1692376,53,0.12322767823934555,0.08682970702648163,0.09624193608760834,0.05899909511208534,0.16342613101005554,0.0033328880090266466,1.0
1779438834.2175775,53,0.014376658014953136,0.08881594240665436,0.0655784085392952,0.06784839928150177,0.11480437219142914,0.002397004049271345,1.0
1779438834.2493777,53,-0.07173357903957367,0.0826171264052391,0.08029235154390335,0.07111787050962448,0.13105666637420654,0.0031324925366789103,1.0
