timestamp,elapsed_sec,frame_idx,face_detected,left_eye_points,left_eye_mean_u,left_eye_mean_v,left_eye_std_u,left_eye_std_v,left_eye_speed,left_eye_fb_error,left_eye_confidence,right_eye_points,right_eye_mean_u,right_eye_mean_v,right_eye_std_u,right_eye_std_v,right_eye_speed,right_eye_fb_error,right_eye_confidence,mouth_points,mouth_mean_u,mouth_mean_v,mouth_std_u,mouth_std_v,mouth_speed,mouth_fb_error,mouth_confidence,head_points,head_mean_u,head_mean_v,head_std_u,head_std_v,head_speed,head_fb_error,head_confidence,eye_mean_speed,eye_mean_v,mouth_speed,mouth_mean_v,head_speed,head_mean_v,overall_tracking_confidence
1790268659.4309256,0.0003981590270996094,1,0,15,-0.20897725224494934,-0.8929880857467651,0.21260453760623932,0.19409309327602386,0.9340366125106812,0.01025675144046545,1.0,29,-0.5276826024055481,-0.7031097412109375,0.22291408479213715,0.3165886700153351,0.9026913046836853,0.02259446494281292,1.0,36,-0.7569389343261719,-1.4247546195983887,0.15626657009124756,0.21796128153800964,1.6223909854888916,0.018958287313580513,1.0,80,-0.4040699005126953,-0.9758782386779785,0.3785473108291626,0.48918744921684265,1.1053850650787354,0.009859603829681873,1.0,0.9183639585971832,-0.7980489134788513,1.6223909854888916,-1.4247546195983887,1.1053850650787354,-0.9758782386779785,1.0
1790268659.4410121,0.010484695434570312,2,0,15,-0.24469198286533356,-0.5885325074195862,0.10457465052604675,0.09338925033807755,0.6487554311752319,0.005936397239565849,1.0,29,-0.22523024678230286,-0.21073071658611298,0.08350283652544022,0.07762280851602554,0.32281965017318726,0.00708303228020668,1.0,36,-0.5953174233436584,-0.6020694375038147,0.10278959572315216,0.1587146669626236,0.853739857673645,0.009864047169685364,1.0,80,-0.3101394772529602,-0.43117982149124146,0.3004836440086365,0.28536131978034973,0.5974571108818054,0.005977468565106392,1.0,0.4857875406742096,-0.3996316120028496,0.853739857673645,-0.6020694375038147,0.5974571108818054,-0.43117982149124146,1.0
1790268659.4519174,0.02138996124267578,3,0,15,-0.3636159300804138,0.04495951160788536,0.19657385349273682,0.0644199326634407,0.3718106150627136,0.003285433165729046,1.0,29,-0.4139656722545624,0.064788818359375,0.22533373534679413,0.08818839490413666,0.426029235124588,0.0054290383122861385,1.0,36,-0.6208644509315491,0.10342364758253098,0.20056436955928802,0.09200964123010635,0.6363725066184998,0.006871044635772705,1.0,80,-0.45507049560546875,0.09136839210987091,0.2602110505104065,0.12906025350093842,0.4941011369228363,0.0053557418286800385,1.0,0.3989199250936508,0.05487416498363018,0.6363725066184998,0.10342364758253098,0.4941011369228363,0.09136839210987091,1.0
1790268659.4603539,0.02982640266418457,4,0,15,-1.1397054195404053,0.8217152953147888,0.18426822125911713,0.10643792152404785,1.408937931060791,0.01383910421282053,1.0,29,-0.9449630975723267,0.7933076024055481,0.3733096718788147,0.3993612229824066,1.2835310697555542,0.03320566192269325,1.0,36,-1.5212606191635132,1.1028352975845337,0.2699947655200958,0.16885893046855927,1.8808023929595947,0.018124356865882874,1.0,80,-1.1546176671981812,0.8742318153381348,0.4629877507686615,0.3402496874332428,1.4719780683517456,0.0124914376065135,1.0,1.3462345004081726,0.8075114488601685,1.8808023929595947,1.1028352975845337,1.4719780683517456,0.8742318153381348,1.0
1790268659.4732494,0.04272198677062988,5,0,15,-10.32551383972168,0.7418436408042908,0.948486864566803,0.4927847683429718,10.36413860321045,0.17218726873397827,1.0,28,-9.396771430969238,0.3242007791996002,1.793273687362671,1.555514931678772,9.564064979553223,0.5172082781791687,0.9655172413793104,36,-11.118188858032227,0.6560571193695068,1.6357166767120361,0.7176887392997742,11.160347938537598,0.26967889070510864,1.0,75,-9.875467300415039,0.48688018321990967,2.789891242980957,1.0513654947280884,10.015910148620605,0.20468755066394806,0.9375,9.964101791381836,0.5330222100019455,11.160347938537598,0.6560571193695068,10.015910148620605,0.48688018321990967,0.9757543103448276
1790268659.525258,0.09473061561584473,6,0,15,-0.5027913451194763,-0.2824645936489105,0.13558700680732727,0.03691554442048073,0.5829942226409912,0.005705172661691904,1.0,28,-0.4109235405921936,-0.21476854383945465,0.10658028721809387,0.09364639967679977,0.4729115962982178,0.011260082945227623,1.0,36,-0.7617111206054688,-0.41710492968559265,0.13583485782146454,0.1311739981174469,0.8792846202850342,0.008301629684865475,1.0,75,-0.5194962620735168,-0.2870469093322754,0.27370378375053406,0.15634432435035706,0.6027041077613831,0.004228152334690094,1.0,0.5279529094696045,-0.2486165687441826,0.8792846202850342,-0.41710492968559265,0.6027041077613831,-0.2870469093322754,1.0
1790268659.5734036,0.14287614822387695,7,0,15,-0.4636118710041046,-0.18569844961166382,0.11996913701295853,0.02440625987946987,0.5011891722679138,0.0033407658338546753,1.0,28,-0.4561920166015625,-0.07110541313886642,0.11653244495391846,0.18398281931877136,0.4986233115196228,0.00870474148541689,1.0,36,-0.6983222961425781,-0.12303924560546875,0.10145837068557739,0.04951583966612816,0.710376501083374,0.006998423952609301,1.0,75,-0.4799928665161133,-0.13472259044647217,0.21350407600402832,0.06924524158239365,0.5051000714302063,0.004034163895994425,1.0,0.4999062418937683,-0.12840193137526512,0.710376501083374,-0.12303924560546875,0.5051000714302063,-0.13472259044647217,1.0
1790268659.625305,0.1947774887084961,8,0,15,-0.40904948115348816,-0.06108194962143898,0.11916018277406693,0.0579361654818058,0.4190261662006378,0.004260772839188576,1.0,28,-0.4374803900718689,-0.059299468994140625,0.14770391583442688,0.09815537184476852,0.45659855008125305,0.005184541922062635,1.0,36,-0.4788737893104553,-0.0215462576597929,0.17707498371601105,0.04526052251458168,0.4816913604736328,0.0031030678655952215,1.0,75,-0.4071250259876251,-0.034017741680145264,0.19791947305202484,0.07037971168756485,0.4172525703907013,0.0029843293596059084,1.0,0.43781235814094543,-0.0601907093077898,0.4816913604736328,-0.0215462576597929,0.4172525703907013,-0.034017741680145264,1.0
1790268659.6732779,0.2427504062652588,9,0,15,-0.5613596439361572,0.12113036960363388,0.09280704706907272,0.061523277312517166,0.5763132572174072,0.002880249870941043,1.0,28,-0.4635075032711029,0.04950060322880745,0.14382529258728027,0.09388354420661926,0.4754045009613037,0.009084044024348259,1.0,36,-0.4963442385196686,0.14506997168064117,0.12145598977804184,0.06125066056847572,0.5203604698181152,0.00436237221583724,1.0,75,-0.4907354712486267,0.11909647285938263,0.20333504676818848,0.11371303349733353,0.5171938538551331,0.003917304798960686,1.0,0.5258588790893555,0.08531548641622066,0.5203604698181152,0.14506997168064117,0.5171938538551331,0.11909647285938263,1.0
1790268659.7253454,0.2948179244995117,10,0,15,-0.5839294195175171,0.22368672490119934,0.06231296807527542,0.04150877520442009,0.6271883845329285,0.0029444850515574217,1.0,28,-0.45929935574531555,0.1058000847697258,0.14288601279258728,0.04805023968219757,0.4733496308326721,0.009956678375601768,1.0,36,-0.4182760417461395,0.2579091489315033,0.11431572586297989,0.08011724799871445,0.4938851594924927,0.005209173541516066,1.0,75,-0.461080938577652,0.2136320024728775,0.16542011499404907,0.1246197447180748,0.5206003189086914,0.004087988752871752,1.0,0.5502690076828003,0.16474340483546257,0.4938851594924927,0.2579091489315033,0.5206003189086914,0.2136320024728775,1.0
1790268659.7773263,0.3467988967895508,11,0,15,-0.4492391049861908,0.22082723677158356,0.15934699773788452,0.03717110678553581,0.5025599002838135,0.00470424210652709,1.0,28,-0.3071376383304596,0.07689612358808517,0.1267477422952652,0.143535777926445,0.3518708348274231,0.005964965559542179,1.0,36,-0.2971611022949219,0.25941890478134155,0.06936809420585632,0.05590222403407097,0.3963913917541504,0.0033143446780741215,1.0,75,-0.3209975063800812,0.18698912858963013,0.11552035063505173,0.0985938161611557,0.3813612461090088,0.003356262808665633,1.0,0.4272153675556183,0.14886168017983437,0.3963913917541504,0.25941890478134155,0.3813612461090088,0.18698912858963013,1.0
1790268659.8252594,0.3947319984436035,12,0,15,-0.38566285371780396,0.12627868354320526,0.06436732411384583,0.03746391832828522,0.40827327966690063,0.002743110526353121,1.0,28,-0.24533189833164215,0.03057098388671875,0.07036464661359787,0.08720597624778748,0.26298895478248596,0.0030926011968404055,1.0,36,-0.24321788549423218,0.17243745923042297,0.07891472429037094,0.045193206518888474,0.3004583716392517,0.002729731611907482,1.0,75,-0.29000934958457947,0.12098480015993118,0.09275268763303757,0.07856883108615875,0.32389578223228455,0.0028218093793839216,1.0,0.3356311172246933,0.078424833714962,0.3004583716392517,0.17243745923042297,0.32389578223228455,0.12098480015993118,1.0
1790268659.8772671,0.44673967361450195,13,0,15,-0.2900400757789612,0.0661977156996727,0.10280167311429977,0.030589206144213676,0.29843130707740784,0.0019145577680319548,1.0,28,-0.23168836534023285,0.046097345650196075,0.05136509984731674,0.03864365443587303,0.23838527500629425,0.0027734977193176746,1.0,36,-0.21582072973251343,0.13429386913776398,0.04798285663127899,0.03327997773885727,0.2563215494155884,0.0026007103733718395,1.0,75,-0.2547178268432617,0.09272003173828125,0.10024332255125046,0.0716814249753952,0.2818698287010193,0.0025093480944633484,1.0,0.26840829104185104,0.05614753067493439,0.2563215494155884,0.13429386913776398,0.2818698287010193,0.09272003173828125,1.0
1790268659.9253707,0.4948432445526123,14,0,15,-0.40578410029411316,0.09637349098920822,0.08376545459032059,0.022382665425539017,0.41788801550865173,0.00425324309617281,1.0,28,-0.31671142578125,0.011309487745165825,0.09659212827682495,0.09203232079744339,0.3306758999824524,0.00512895081192255,1.0,36,-0.29436492919921875,0.2059546560049057,0.09730274230241776,0.06410939991474152,0.36111322045326233,0.004084805026650429,1.0,75,-0.3479679226875305,0.1427130103111267,0.15133701264858246,0.09748992323875427,0.389303594827652,0.00406194431707263,1.0,0.37428195774555206,0.05384148936718702,0.36111322045326233,0.2059546560049057,0.389303594827652,0.1427130103111267,1.0
1790268659.9773889,0.5468614101409912,15,1,15,-0.5613698363304138,0.2457733154296875,0.06415154039859772,0.030323021113872528,0.6137703657150269,0.0033017429523169994,1.0,28,-0.43324169516563416,0.11799458414316177,0.11362436413764954,0.04766741394996643,0.4518186151981354,0.005623181350529194,1.0,36,-0.3973337709903717,0.3073967695236206,0.06942470371723175,0.05897074192762375,0.5041919946670532,0.004826841410249472,1.0,75,-0.45568645000457764,0.2435874491930008,0.1368103176355362,0.11934088915586472,0.530022382736206,0.003462724620476365,1.0,0.5327944904565811,0.18188394978642464,0.5041919946670532,0.3073967695236206,0.530022382736206,0.2435874491930008,1.0
1790268660.0293207,0.5987932682037354,16,0,15,-0.6571502685546875,0.38113099336624146,0.05296829715371132,0.06113726273179054,0.7629039287567139,0.00571533152833581,1.0,28,-0.5177884697914124,0.21264158189296722,0.13593563437461853,0.16091682016849518,0.5779171586036682,0.0162651427090168,1.0,36,-0.4531300961971283,0.3599942624568939,0.12441796809434891,0.08868564665317535,0.5806705951690674,0.008845679461956024,1.0,75,-0.5236429572105408,0.32392680644989014,0.18980517983436584,0.13053742051124573,0.6273160576820374,0.007433691993355751,1.0,0.670410543680191,0.29688628762960434,0.5806705951690674,0.3599942624568939,0.6273160576820374,0.32392680644989014,1.0
1790268660.0772707,0.6467432975769043,17,0,15,-0.6035827398300171,0.5250539183616638,0.15737910568714142,0.13312837481498718,0.8074588775634766,0.010131902061402798,1.0,28,-0.5891886949539185,0.36311450600624084,0.18311971426010132,0.2180843949317932,0.7192148566246033,0.015420450828969479,1.0,36,-0.4899999797344208,0.40182578563690186,0.18329590559005737,0.1086190864443779,0.6376054883003235,0.011556989513337612,1.0,75,-0.5377420783042908,0.38703837990760803,0.20429310202598572,0.18415409326553345,0.6842604279518127,0.007560454308986664,1.0,0.7633368670940399,0.44408421218395233,0.6376054883003235,0.40182578563690186,0.6842604279518127,0.38703837990760803,1.0
1790268660.1293685,0.6988410949707031,18,0,15,-0.7062205076217651,0.40280354022979736,0.08239050954580307,0.0667274072766304,0.8140944242477417,0.0031389386858791113,1.0,28,-0.5209677815437317,0.18415506184101105,0.10645969212055206,0.061246100813150406,0.5561643838882446,0.007943453267216682,1.0,36,-0.6266530156135559,0.42867109179496765,0.14755049347877502,0.10796774178743362,0.762496292591095,0.005288174841552973,1.0,75,-0.639036238193512,0.34041523933410645,0.19094865024089813,0.14028722047805786,0.7344067096710205,0.007345032878220081,1.0,0.6851294040679932,0.2934793010354042,0.762496292591095,0.42867109179496765,0.7344067096710205,0.34041523933410645,1.0
1790268660.177307,0.7467794418334961,19,0,15,-0.7340555787086487,0.32670795917510986,0.06588450074195862,0.06701374799013138,0.8056653738021851,0.0033987886272370815,1.0,28,-0.7038421630859375,0.17096111178398132,0.13285022974014282,0.1356278657913208,0.7356242537498474,0.012901349924504757,1.0,36,-0.5579872131347656,0.29250165820121765,0.17504847049713135,0.1261609047651291,0.6321603655815125,0.005512285511940718,1.0,75,-0.6520670652389526,0.27907225489616394,0.2179853469133377,0.12212345004081726,0.7185455560684204,0.004860375542193651,1.0,0.7706448137760162,0.2488345354795456,0.6321603655815125,0.29250165820121765,0.7185455560684204,0.27907225489616394,1.0
1790268660.2293072,0.7987797260284424,20,0,15,-0.6758260130882263,0.5239654779434204,0.16193567216396332,0.18123476207256317,0.8807169795036316,0.01343515608459711,1.0,28,-0.936492919921875,0.396636962890625,0.412532776594162,0.392767071723938,1.0732685327529907,0.06855151802301407,1.0,36,-0.5719994306564331,0.26233971118927,0.12168560177087784,0.0822841078042984,0.6327932476997375,0.004723525606095791,1.0,75,-0.6462101340293884,0.3365006446838379,0.25555071234703064,0.2286270260810852,0.7517290115356445,0.0145612433552742,1.0,0.9769927561283112,0.4603012204170227,0.6327932476997375,0.26233971118927,0.7517290115356445,0.3365006446838379,1.0
1790268660.2812836,0.8507561683654785,21,0,15,-0.31908366084098816,1.1427704095840454,0.6774914860725403,0.8469889760017395,1.4039653539657593,0.1858258694410324,1.0,28,-1.4004942178726196,0.874939501285553,0.9537965655326843,0.8621374368667603,1.7213919162750244,0.32751384377479553,1.0,36,-0.6632393598556519,0.45107269287109375,0.16474351286888123,0.11106744408607483,0.8046233057975769,0.009067878127098083,1.0,75,-0.6926011443138123,0.659142255783081,0.649028480052948,0.6833853125572205,1.0818121433258057,0.08519237488508224,1.0,1.5626786351203918,1.0088549554347992,0.8046233057975769,0.45107269287109375,1.0818121433258057,0.659142255783081,1.0
1790268660.32937,0.8988425731658936,22,0,15,-0.7316904664039612,0.7452362179756165,0.24621082842350006,0.28944680094718933,1.0997077226638794,0.018047569319605827,1.0,28,-0.7609307169914246,0.40136173367500305,0.3853134214878082,0.21022719144821167,0.8908786177635193,0.07498820871114731,1.0,36,-0.6205359697341919,0.5513441562652588,0.12579894065856934,0.12078548967838287,0.8315799236297607,0.006482094991952181,1.0,75,-0.6912217140197754,0.5238346457481384,0.25020965933799744,0.2816334664821625,0.9031553864479065,0.013776077888906002,1.0,0.9952931702136993,0.5732989758253098,0.8315799236297607,0.5513441562652588,0.9031553864479065,0.5238346457481384,1.0
1790268660.3813024,0.9507749080657959,23,0,15,-1.069275975227356,1.015190601348877,0.16199158132076263,0.09655366092920303,1.481481671333313,0.017480749636888504,1.0,28,-0.8429467082023621,0.5096648335456848,0.28490039706230164,0.26655757427215576,1.0057910680770874,0.02529269829392433,1.0,36,-0.801426351070404,1.1665390729904175,0.15675267577171326,0.12334012985229492,1.4198881387710571,0.007604025304317474,1.0,75,-0.8162770867347717,0.8326670527458191,0.2732148766517639,0.4102626144886017,1.2172675132751465,0.009412194602191448,1.0,1.2436363697052002,0.7624277174472809,1.4198881387710571,1.1665390729904175,1.2172675132751465,0.8326670527458191,1.0
1790268660.429296,0.9987685680389404,24,0,15,-1.3969919681549072,1.7406961917877197,0.14332866668701172,0.059508249163627625,2.234920024871826,0.00839544739574194,1.0,28,-0.9911128282546997,1.1837986707687378,0.31421592831611633,0.3894645869731903,1.5663764476776123,0.039938684552907944,1.0,36,-0.8815934658050537,1.9868855476379395,0.17637774348258972,0.20505405962467194,2.176791191101074,0.015628617256879807,1.0,75,-1.0019611120224,1.5079619884490967,0.36888372898101807,0.6152483820915222,1.8699171543121338,0.012865659780800343,1.0,1.9006482362747192,1.4622474312782288,2.176791191101074,1.9868855476379395,1.8699171543121338,1.5079619884490967,1.0
1790268660.481303,1.0507755279541016,25,0,15,-1.6011168956756592,2.971997022628784,0.16608378291130066,0.07192307710647583,3.378880739212036,0.015673397108912468,1.0,28,-1.098267674446106,2.091369152069092,0.39318087697029114,0.4267399311065674,2.3812789916992188,0.039289068430662155,1.0,36,-0.6944406032562256,3.38433575630188,0.27554750442504883,0.3123938739299774,3.465252161026001,0.026228277012705803,1.0,75,-1.0721585750579834,2.5559921264648438,0.5977146029472351,1.1250948905944824,2.899017810821533,0.02434477210044861,1.0,2.8800798654556274,2.531683087348938,3.465252161026001,3.38433575630188,2.899017810821533,2.5559921264648438,1.0
1790268660.5293524,1.0988249778747559,26,0,15,-1.7014302015304565,5.523230075836182,0.21968020498752594,0.1926288604736328,5.783062934875488,0.03455639258027077,1.0,28,-1.3563156127929688,4.166921138763428,0.5544671416282654,0.7251794338226318,4.406868934631348,0.06124269217252731,1.0,36,-0.2028486430644989,5.810802459716797,0.36023351550102234,0.4634679853916168,5.824924468994141,0.05877531319856644,1.0,75,-0.9702406525611877,4.510586261749268,0.9475915431976318,1.983528733253479,4.799072742462158,0.054709985852241516,1.0,5.094965934753418,4.845075607299805,5.824924468994141,5.810802459716797,4.799072742462158,4.510586261749268,1.0
1790268660.581384,1.1508564949035645,27,0,15,-1.8376983404159546,7.424567699432373,0.3109864890575409,0.3656536042690277,7.654731750488281,0.03959634155035019,1.0,28,-1.170866847038269,5.529776573181152,0.4506038725376129,0.8581181168556213,5.667161464691162,0.11780381202697754,1.0,36,-0.0694376602768898,7.493494033813477,0.35643672943115234,0.5847199559211731,7.502121925354004,0.028507955372333527,1.0,75,-1.0093971490859985,5.938965797424316,1.1687970161437988,2.6411848068237305,6.24522066116333,0.04763957858085632,1.0,6.660946607589722,6.477172136306763,7.502121925354004,7.493494033813477,6.24522066116333,5.938965797424316,1.0
1790268660.6333292,1.2028017044067383,28,0,15,-1.642119288444519,7.573977470397949,0.4327685534954071,0.40249359607696533,7.758913040161133,0.03163522109389305,1.0,28,-0.9539282917976379,5.965916633605957,0.6283215284347534,0.8552834987640381,6.065019130706787,0.13556227087974548,1.0,36,0.05364905297756195,7.393882751464844,0.26114341616630554,0.6544672846794128,7.398823261260986,0.026835862547159195,1.0,74,-0.8140226006507874,6.047382354736328,1.1045423746109009,2.575340509414673,6.292225360870361,0.038983337581157684,0.9866666666666667,6.91196608543396,6.769947052001953,7.398823261260986,7.393882751464844,6.292225360870361,6.047382354736328,0.9966666666666667
1790268660.6813993,1.2508718967437744,29,0,15,-1.1382049322128296,6.177398681640625,0.3374086916446686,0.1403430700302124,6.289363384246826,0.022886110469698906,1.0,28,-0.8405707478523254,5.099240303039551,0.4287169575691223,0.8853617906570435,5.1791510581970215,0.08501959592103958,1.0,36,0.17269346117973328,6.105321884155273,0.22954121232032776,0.38125523924827576,6.112397193908691,0.027144894003868103,1.0,74,-0.6523202657699585,5.087008953094482,0.9396743178367615,2.014831781387329,5.2841477394104,0.036814820021390915,1.0,5.734257221221924,5.638319492340088,6.112397193908691,6.105321884155273,5.2841477394104,5.087008953094482,1.0
1790268660.733335,1.3028075695037842,30,1,15,-0.8290740847587585,4.867373466491699,0.32299309968948364,0.19157764315605164,4.946878910064697,0.011761250905692577,1.0,28,-0.262664794921875,4.1204071044921875,0.32556796073913574,0.6484586000442505,4.138873100280762,0.07750903069972992,1.0,36,0.1013115793466568,4.74632453918457,0.1628635674715042,0.41536808013916016,4.750405311584473,0.027976909652352333,1.0,74,-0.3758573830127716,4.024199962615967,0.626189649105072,1.603376865386963,4.1486992835998535,0.025674819946289062,1.0,4.5428760051727295,4.493890285491943,4.750405311584473,4.74632453918457,4.1486992835998535,4.024199962615967,1.0
1790268660.7813463,1.3508188724517822,31,0,15,-0.3200063109397888,4.067963600158691,0.1857103705406189,0.11693974584341049,4.084475517272949,0.0076751732267439365,1.0,28,0.1135537251830101,3.4394640922546387,0.2650529444217682,0.5309574604034424,3.4509570598602295,0.05868799239397049,1.0,36,0.4034309387207031,4.135939598083496,0.16648434102535248,0.3043653666973114,4.158959865570068,0.01433622371405363,1.0,74,-0.05238630995154381,3.4104628562927246,0.5833994150161743,1.3574925661087036,3.502106189727783,0.02017574943602085,1.0,3.7677162885665894,3.753713846206665,4.158959865570068,4.135939598083496,3.502106189727783,3.4104628562927246,1.0
1790268660.8333306,1.4028031826019287,32,0,15,-0.17657877504825592,2.7398061752319336,0.12548193335533142,0.06250400096178055,2.7483527660369873,0.00770725728943944,1.0,28,0.0167563296854496,2.3777291774749756,0.1945122629404068,0.5529146194458008,2.38569974899292,0.032527316361665726,1.0,36,0.20634841918945312,2.967801332473755,0.1368834525346756,0.22693106532096863,2.978341817855835,0.017737936228513718,1.0,74,-0.09125436097383499,2.410808801651001,0.34017419815063477,0.9008423089981079,2.4616622924804688,0.012568190693855286,1.0,2.5670262575149536,2.5587676763534546,2.978341817855835,2.967801332473755,2.4616622924804688,2.410808801651001,1.0
1790268660.8853207,1.4547932147979736,33,0,15,-0.08930359035730362,0.5661600828170776,0.10887371003627777,0.15713275969028473,0.5838947296142578,0.012153798714280128,1.0,28,0.11560440063476562,0.8503052592277527,0.2935929298400879,0.22536738216876984,0.9005039930343628,0.0331343412399292,1.0,36,-0.29965633153915405,0.9568896889686584,0.16391348838806152,0.281345397233963,1.012954592704773,0.016773303970694542,1.0,74,-0.21482951939105988,0.7182914018630981,0.18533024191856384,0.3230966329574585,0.7792100310325623,0.009830974042415619,1.0,0.7421993613243103,0.7082326710224152,1.012954592704773,0.9568896889686584,0.7792100310325623,0.7182914018630981,1.0
1790268660.9333117,1.502784252166748,34,0,15,-0.02136535570025444,-0.7333486080169678,0.1604611724615097,0.1690712720155716,0.749843180179596,0.025350550189614296,1.0,28,0.09591566026210785,-0.12996183335781097,0.13487273454666138,0.19458621740341187,0.27407321333885193,0.011092237196862698,1.0,36,-0.3471425473690033,-0.5846413373947144,0.24652543663978577,0.2979186177253723,0.7331593632698059,0.016879381611943245,1.0,74,-0.18099789321422577,-0.5097623467445374,0.29243919253349304,0.3767586350440979,0.6481565237045288,0.014519145712256432,1.0,0.5119581967592239,-0.4316552206873894,0.7331593632698059,-0.5846413373947144,0.6481565237045288,-0.5097623467445374,1.0
1790268660.9853125,1.5547850131988525,35,0,15,0.13550618290901184,-3.0537893772125244,0.2724202573299408,0.20180457830429077,3.068819761276245,0.022734977304935455,1.0,28,0.17259597778320312,-1.8632441759109497,0.40366148948669434,0.765036940574646,1.912306547164917,0.09821025282144547,1.0,36,-0.7979286909103394,-2.479793071746826,0.17548321187496185,0.49618780612945557,2.6145036220550537,0.021053863689303398,1.0,74,-0.25011196732521057,-2.240345001220703,0.5563402771949768,0.9774786829948425,2.3312883377075195,0.021746819838881493,1.0,2.490563154220581,-2.458516776561737,2.6145036220550537,-2.479793071746826,2.3312883377075195,-2.240345001220703,1.0
1790268661.0333943,1.6028668880462646,36,0,15,0.07770691066980362,-4.090170383453369,0.14685270190238953,0.20752619206905365,4.093517780303955,0.02685057930648327,1.0,28,-0.06633812934160233,-3.116168975830078,0.3071889877319336,0.9721804857254028,3.1314237117767334,0.09682297706604004,1.0,36,-0.7717955112457275,-3.8183746337890625,0.1917344182729721,0.3658985495567322,3.9001100063323975,0.014237024821341038,1.0,74,-0.22899669408798218,-3.3039634227752686,0.5942080020904541,1.3519022464752197,3.3821310997009277,0.026251016184687614,1.0,3.6124707460403442,-3.6031696796417236,3.9001100063323975,-3.8183746337890625,3.3821310997009277,-3.3039634227752686,1.0
1790268661.0852952,1.6547677516937256,37,0,15,-0.12477824091911316,-4.815296649932861,0.44344469904899597,0.18505723774433136,4.837334632873535,0.02509354241192341,1.0,28,-0.3266846835613251,-3.9832911491394043,0.30649715662002563,0.9427016377449036,4.008053779602051,0.14876307547092438,1.0,36,-0.954049825668335,-4.690066814422607,0.16192710399627686,0.33317574858665466,4.7894606590271,0.02091626077890396,1.0,74,-0.3445201516151428,-3.914175033569336,0.6782159209251404,1.6362110376358032,4.009638786315918,0.03177492693066597,1.0,4.422694206237793,-4.399293899536133,4.7894606590271,-4.690066814422607,4.009638786315918,-3.914175033569336,1.0
1790268661.13734,1.7068126201629639,38,0,15,-0.4312906861305237,-5.10662317276001,0.5278873443603516,0.4031420350074768,5.151601314544678,0.07007373869419098,1.0,28,-0.5122588276863098,-4.8510966300964355,0.5615570545196533,1.061692476272583,4.9101762771606445,0.11304402351379395,1.0,36,-0.8875537514686584,-5.180935382843018,0.21257099509239197,0.5238659381866455,5.262270927429199,0.03113635629415512,1.0,74,-0.37292975187301636,-4.350290775299072,0.7832741141319275,1.8207039833068848,4.4797210693359375,0.04257024824619293,1.0,5.030888795852661,-4.978859901428223,5.262270927429199,-5.180935382843018,4.4797210693359375,-4.350290775299072,1.0
1790268661.1853065,1.7547791004180908,39,0,15,-0.07478942722082138,-5.643296241760254,0.5130917429924011,0.26785361766815186,5.66719388961792,0.0468146912753582,1.0,28,-0.4863308370113373,-5.283041477203369,0.5122084617614746,0.8869596719741821,5.330538272857666,0.17337825894355774,1.0,36,-1.1260719299316406,-6.052079200744629,0.243586465716362,0.4405202865600586,6.161680221557617,0.03317250311374664,1.0,74,-0.2760673761367798,-4.901824951171875,0.9868488311767578,2.031467914581299,5.071028709411621,0.051759831607341766,1.0,5.498866081237793,-5.4631688594818115,6.161680221557617,-6.052079200744629,5.071028709411621,-4.901824951171875,1.0
1790268661.2373085,1.8067810535430908,40,0,15,0.6546275019645691,-5.855096340179443,0.4408152103424072,0.1439170390367508,5.9075188636779785,0.02400963567197323,1.0,28,-0.2569236755371094,-5.113577842712402,0.4595392346382141,0.7561836242675781,5.1405348777771,0.08027328550815582,1.0,36,-1.0536956787109375,-6.578155040740967,0.2722162902355194,0.41757702827453613,6.669188022613525,0.030240774154663086,1.0,74,0.032042838633060455,-5.159217357635498,1.1351779699325562,2.161825656890869,5.375097274780273,0.04000530019402504,1.0,5.524026870727539,-5.484337091445923,6.669188022613525,-6.578155040740967,5.375097274780273,-5.159217357635498,1.0
1790268661.2853575,1.854830026626587,41,0,15,1.2557027339935303,-5.003726005554199,0.41156625747680664,0.15797385573387146,5.1735148429870605,0.027592234313488007,1.0,28,0.4025748074054718,-4.291151523590088,0.45904821157455444,0.5048540830612183,4.330852031707764,0.08596212416887283,1.0,36,-0.1000349223613739,-5.682401657104492,0.2725487947463989,0.40764182806015015,5.690006256103516,0.037544284015893936,1.0,74,0.674612283706665,-4.5143141746521,0.8880626559257507,1.8038959503173828,4.733359336853027,0.030907269567251205,1.0,4.752183437347412,-4.6474387645721436,5.690006256103516,-5.682401657104492,4.733359336853027,-4.5143141746521,1.0
1790268661.3373828,1.9068553447723389,42,0,15,1.6226400136947632,-3.730224609375,0.2827182412147522,0.11502360552549362,4.07671594619751,0.012864237651228905,1.0,28,0.5548357367515564,-2.9677810668945312,0.2135976105928421,0.3735363781452179,3.0246036052703857,0.03528933227062225,1.0,36,0.542489767074585,-4.341113090515137,0.20752736926078796,0.28671735525131226,4.379019260406494,0.021236898377537727,1.0,74,1.0398691892623901,-3.365628719329834,0.6764698624610901,1.3470667600631714,3.6661734580993652,0.021418128162622452,1.0,3.5506597757339478,-3.3490028381347656,4.379019260406494,-4.341113090515137,3.6661734580993652,-3.365628719329834,1.0
1790268661.3893178,1.9587903022766113,43,0,15,1.5060923099517822,-2.463524341583252,0.1553477942943573,0.06302589923143387,2.890317440032959,0.00632682116702199,1.0,28,0.8672806620597839,-1.85207200050354,0.23980247974395752,0.3591858446598053,2.0500435829162598,0.028619762510061264,1.0,36,0.7432712912559509,-3.0706074237823486,0.2846561372280121,0.16560448706150055,3.169846534729004,0.016507398337125778,1.0,74,1.1548187732696533,-2.3068625926971436,0.5647611021995544,0.9366015195846558,2.6962339878082275,0.015064436011016369,1.0,2.4701805114746094,-2.157798171043396,3.169846534729004,-3.0706074237823486,2.6962339878082275,-2.3068625926971436,1.0
1790268661.437289,2.0067615509033203,44,0,15,1.3959859609603882,-1.4052155017852783,0.10147634893655777,0.05415205657482147,1.9821751117706299,0.0034775191452354193,1.0,28,0.8419669270515442,-1.0517311096191406,0.1318725049495697,0.17811810970306396,1.3541498184204102,0.026063213124871254,1.0,36,0.8622063398361206,-1.7908062934875488,0.19736240804195404,0.19438493251800537,1.9929194450378418,0.011695456691086292,1.0,74,1.0897464752197266,-1.3548349142074585,0.40095850825309753,0.5559825897216797,1.8066556453704834,0.00954353529959917,1.0,1.66816246509552,-1.2284733057022095,1.9929194450378418,-1.7908062934875488,1.8066556453704834,-1.3548349142074585,1.0
1790268661.4893563,2.058828830718994,45,1,15,1.2520884275436401,-0.6713948845863342,0.13938164710998535,0.03765616938471794,1.4231715202331543,0.006548081990331411,1.0,28,0.7395150065422058,-0.3113768398761749,0.18317799270153046,0.09311269968748093,0.8061875700950623,0.01564270630478859,1.0,36,0.9019737243652344,-0.8387629389762878,0.2253127098083496,0.14128169417381287,1.243326187133789,0.01366819441318512,1.0,74,1.0507038831710815,-0.6472873091697693,0.3348707854747772,0.27426329255104065,1.2683987617492676,0.00954426359385252,1.0,1.1146795451641083,-0.4913858622312546,1.243326187133789,-0.8387629389762878,1.2683987617492676,-0.6472873091697693,1.0
1790268661.5373623,2.106834888458252,46,0,15,1.0851002931594849,-0.1102956160902977,0.12212007492780685,0.052432235330343246,1.0919512510299683,0.00623734574764967,1.0,28,0.8126700520515442,-0.2038944810628891,0.2121659219264984,0.09559527784585953,0.845108151435852,0.01150741521269083,1.0,36,0.9253048300743103,-0.3957871198654175,0.3529033958911896,0.11723782122135162,1.0190134048461914,0.012181819416582584,1.0,74,0.9955549240112305,-0.2515617609024048,0.30277353525161743,0.16403232514858246,1.0447797775268555,0.0068846940994262695,1.0,0.9685297012329102,-0.1570950485765934,1.0190134048461914,-0.3957871198654175,1.0447797775268555,-0.2515617609024048,1.0
1790268661.5893857,2.158858299255371,47,0,15,0.8502868413925171,-0.06539204716682434,0.14310605823993683,0.027457473799586296,0.853374719619751,0.0024390884209424257,1.0,28,0.6839719414710999,-0.06528854370117188,0.07760830968618393,0.10305443406105042,0.6945969462394714,0.007576683070510626,1.0,36,0.8474032282829285,-0.33830389380455017,0.2517978847026825,0.14908331632614136,0.9340660572052002,0.02014964632689953,1.0,74,0.8046602606773376,-0.1758478581905365,0.24942031502723694,0.13228389620780945,0.842900276184082,0.006546477787196636,1.0,0.7739858329296112,-0.06534029543399811,0.9340660572052002,-0.33830389380455017,0.842900276184082,-0.1758478581905365,1.0
1790268661.64143,2.210902452468872,48,0,15,0.622576892375946,-0.03165079653263092,0.06217621639370918,0.02901802957057953,0.6240328550338745,0.0021044674795120955,1.0,28,0.5691168904304504,-0.02392142079770565,0.05531175062060356,0.07865206897258759,0.5749723315238953,0.008929947391152382,1.0,36,0.4624349772930145,-0.24617937207221985,0.23395892977714539,0.13597139716148376,0.5470663905143738,0.011290399357676506,1.0,74,0.4968439042568207,-0.1284109652042389,0.17684780061244965,0.13477320969104767,0.5325889587402344,0.004724022466689348,1.0,0.5995025932788849,-0.027786108665168285,0.5470663905143738,-0.24617937207221985,0.5325889587402344,-0.1284109652042389,1.0
1790268661.6893868,2.258859395980835,49,0,15,0.4035237729549408,-0.07031860202550888,0.04184309020638466,0.029902596026659012,0.41041192412376404,0.0022337317932397127,1.0,28,0.35968998074531555,-0.05391693115234375,0.09901397675275803,0.0981442928314209,0.3818586468696594,0.0052111027762293816,1.0,36,0.2946561276912689,-0.24521085619926453,0.18978361785411835,0.13298088312149048,0.4252460300922394,0.011569258756935596,1.0,74,0.32117319107055664,-0.12236950546503067,0.1439596265554428,0.1116371601819992,0.3658740818500519,0.005363478325307369,1.0,0.39613528549671173,-0.062117766588926315,0.4252460300922394,-0.24521085619926453,0.3658740818500519,-0.12236950546503067,1.0
1790268661.7414052,2.310877799987793,50,0,15,0.302926629781723,-0.01419169083237648,0.07877500355243683,0.020526684820652008,0.30396273732185364,0.0016961031360551715,1.0,28,0.41724395751953125,0.060790471732616425,0.06771430373191833,0.07035448402166367,0.4270360469818115,0.005821829196065664,1.0,36,0.26624763011932373,-0.0562574602663517,0.13504944741725922,0.0348270982503891,0.27790865302085876,0.003960630390793085,1.0,74,0.2617061734199524,-0.031897056847810745,0.14134952425956726,0.04230576753616333,0.2691359519958496,0.0028416900895535946,1.0,0.3654993921518326,0.023299390450119972,0.27790865302085876,-0.0562574602663517,0.2691359519958496,-0.031897056847810745,1.0
1790268661.7894275,2.3589000701904297,51,0,15,0.13421426713466644,0.0394948311150074,0.049137700349092484,0.03402126207947731,0.14545540511608124,0.001351756858639419,1.0,28,0.2576795220375061,0.07895933091640472,0.103139229118824,0.06549006700515747,0.27818766236305237,0.005590431392192841,1.0,36,0.2479502409696579,0.08526526391506195,0.10156295448541641,0.059009913355112076,0.2700914144515991,0.0025610607117414474,1.0,74,0.18346776068210602,0.07005970180034637,0.11737935990095139,0.060079142451286316,0.20436979830265045,0.0023254305124282837,1.0,0.2118215337395668,0.05922708101570606,0.2700914144515991,0.08526526391506195,0.20436979830265045,0.07005970180034637,1.0
1790268661.8414607,2.410933256149292,52,0,15,0.1321360319852829,0.19830016791820526,0.042193833738565445,0.055052150040864944,0.24483448266983032,0.0017744525102898479,1.0,28,0.2835104763507843,0.313507616519928,0.13529792428016663,0.10606639832258224,0.4447496831417084,0.008667556568980217,1.0,36,0.21280628442764282,0.5140041708946228,0.08190993964672089,0.13779659569263458,0.5649805665016174,0.006533399689942598,1.0,74,0.1482282131910324,0.31595468521118164,0.12084987759590149,0.2137652188539505,0.36766836047172546,0.0035458062775433064,1.0,0.34479208290576935,0.2559038922190666,0.5649805665016174,0.5140041708946228,0.36766836047172546,0.31595468521118164,1.0
1790268661.8933613,2.462833881378174,53,0,15,0.14205119013786316,0.5247517824172974,0.09381728619337082,0.09960886836051941,0.5548890233039856,0.005783847067505121,1.0,28,0.25298309326171875,0.4339354336261749,0.1398976892232895,0.12734633684158325,0.5153295397758484,0.013579661026597023,1.0,36,0.2763404846191406,0.8816155195236206,0.08260911703109741,0.11047682166099548,0.9285423755645752,0.011443039402365685,1.0,74,0.14934642612934113,0.5749305486679077,0.15687978267669678,0.3085210919380188,0.6132884621620178,0.0042734998278319836,1.0,0.535109281539917,0.47934360802173615,0.9285423755645752,0.8816155195236206,0.6132884621620178,0.5749305486679077,1.0
1790268661.941363,2.510835647583008,54,0,15,0.1974029541015625,0.5744435787200928,0.10807827860116959,0.06659215688705444,0.6171479821205139,0.005959914997220039,1.0,28,0.3484344482421875,0.5967063903808594,0.1423519253730774,0.18821187317371368,0.7004671096801758,0.022776052355766296,1.0,36,0.4468778073787689,0.7608935236930847,0.11619094759225845,0.08226525783538818,0.8887401223182678,0.007716601714491844,1.0,74,0.26784515380859375,0.5382822155952454,0.23952347040176392,0.24841630458831787,0.633237361907959,0.0042764185927808285,1.0,0.6588075459003448,0.5855749845504761,0.8887401223182678,0.7608935236930847,0.633237361907959,0.5382822155952454,1.0
1790268661.9934034,2.562875986099243,55,0,15,0.2227071076631546,0.5291768312454224,0.13475120067596436,0.09053801745176315,0.5896883606910706,0.004558541812002659,1.0,28,0.3127855658531189,0.5429404377937317,0.12975309789180756,0.1635342687368393,0.6410760283470154,0.021608224138617516,1.0,36,0.4421352744102478,0.7666180729866028,0.09886804968118668,0.12721261382102966,0.8878147006034851,0.007447135169059038,1.0,74,0.2516906261444092,0.5300350785255432,0.22632472217082977,0.25594401359558105,0.6113148927688599,0.004569836426526308,1.0,0.615382194519043,0.536058634519577,0.8878147006034851,0.7666180729866028,0.6113148927688599,0.5300350785255432,1.0
1790268662.0413837,2.610856294631958,56,0,15,0.2592305541038513,0.48488566279411316,0.09391028434038162,0.07640714198350906,0.555700957775116,0.003741953754797578,1.0,28,0.25596728920936584,0.5322532653808594,0.18103055655956268,0.22290588915348053,0.6151568293571472,0.020891407504677773,1.0,36,0.37070634961128235,0.4954444169998169,0.16378901898860931,0.0935249775648117,0.6354759931564331,0.00852753035724163,1.0,74,0.21742846071720123,0.40033721923828125,0.19529245793819427,0.21334274113178253,0.48183730244636536,0.006069414783269167,1.0,0.5854288935661316,0.5085694640874863,0.6354759931564331,0.4954444169998169,0.48183730244636536,0.40033721923828125,1.0
1790268662.0933669,2.662839412689209,57,0,15,0.337454229593277,0.4637868106365204,0.1855921596288681,0.21769915521144867,0.5965535044670105,0.011761719360947609,1.0,28,0.01676177978515625,0.47026824951171875,0.227712020277977,0.23758745193481445,0.5071520209312439,0.026462668552994728,1.0,36,0.10803646594285965,0.12527084350585938,0.06282471120357513,0.045654162764549255,0.1733236461877823,0.003463445231318474,1.0,74,0.10047232359647751,0.21650242805480957,0.13345454633235931,0.2265387773513794,0.26635974645614624,0.005949969869107008,1.0,0.5518527626991272,0.46702753007411957,0.1733236461877823,0.12527084350585938,0.26635974645614624,0.21650242805480957,1.0
1790268662.1453729,2.7148454189300537,58,0,15,0.03359273448586464,0.06879068911075592,0.03966740518808365,0.04088548570871353,0.08934853225946426,0.0012448416091501713,1.0,28,-0.01972198486328125,0.08999306708574295,0.05813788250088692,0.05802175775170326,0.10593274980783463,0.004079150967299938,1.0,36,0.06999418139457703,-0.002781338058412075,0.05826900154352188,0.03172115609049797,0.08085362613201141,0.001552798319607973,1.0,74,0.012356320396065712,0.024502934888005257,0.06411166489124298,0.057126764208078384,0.07653308659791946,0.001434743870049715,1.0,0.09764064103364944,0.07939187809824944,0.08085362613201141,-0.002781338058412075,0.07653308659791946,0.024502934888005257,1.0
1790268662.1933148,2.762787342071533,59,0,15,0.17401936650276184,-0.06552226096391678,0.3005732297897339,0.1302672177553177,0.2719741463661194,0.026196269318461418,1.0,28,-0.11320604383945465,0.0729936882853508,0.3510037362575531,0.12478513270616531,0.23988452553749084,0.09471150487661362,1.0,36,-0.057451460510492325,-0.10402213037014008,0.10225049406290054,0.052953969687223434,0.14750172197818756,0.0035023847594857216,1.0,74,-0.0005167368217371404,-0.06191707402467728,0.2090633660554886,0.1059819906949997,0.1666240245103836,0.013364852406084538,1.0,0.2559293359518051,0.0037357136607170105,0.14750172197818756,-0.10402213037014008,0.1666240245103836,-0.06191707402467728,1.0
1790268662.2453628,2.8148353099823,60,1,15,0.09611104428768158,-0.11583659052848816,0.16547971963882446,0.1316133290529251,0.2218223512172699,0.023874904960393906,1.0,28,-0.5265251994132996,-0.038334984332323074,0.4478996694087982,0.23904792964458466,0.5887607932090759,0.07612307369709015,1.0,36,-0.1488087922334671,-0.30841997265815735,0.14674733579158783,0.1363428384065628,0.36852529644966125,0.006221415475010872,1.0,74,-0.1282651722431183,-0.20665575563907623,0.23887482285499573,0.19997648894786835,0.31627604365348816,0.015234380029141903,1.0,0.4052915722131729,-0.07708578743040562,0.36852529644966125,-0.30841997265815735,0.31627604365348816,-0.20665575563907623,1.0
1790268662.2933857,2.862858295440674,61,0,15,-0.0065368651412427425,-0.2517710328102112,0.041384585201740265,0.10222313553094864,0.2552584409713745,0.006231903098523617,1.0,28,-0.2676892876625061,-0.19178499281406403,0.15014900267124176,0.14206042885780334,0.3538191318511963,0.014399598352611065,1.0,36,-0.15633010864257812,-0.19679471850395203,0.12415670603513718,0.10928986966609955,0.2708575129508972,0.004219372291117907,1.0,74,-0.08288305997848511,-0.19184257090091705,0.13839267194271088,0.13591575622558594,0.24570658802986145,0.0033068812917917967,1.0,0.3045387864112854,-0.2217780128121376,0.2708575129508972,-0.19679471850395203,0.24570658802986145,-0.19184257090091705,1.0
1790268662.345335,2.9148075580596924,62,0,15,-0.07837219536304474,-0.2648061215877533,0.1225338950753212,0.1828664094209671,0.3379266858100891,0.01649298705160618,1.0,28,-0.30573925375938416,-0.3001948893070221,0.22829514741897583,0.1608043909072876,0.49065449833869934,0.022966032847762108,1.0,36,-0.12068727612495422,-0.14772330224514008,0.16046765446662903,0.12475398182868958,0.23441638052463531,0.005379639565944672,1.0,74,-0.04872440546751022,-0.21553905308246613,0.2415124624967575,0.17145906388759613,0.3206656575202942,0.008953980170190334,1.0,0.4142905920743942,-0.2825005054473877,0.23441638052463531,-0.14772330224514008,0.3206656575202942,-0.21553905308246613,1.0
1790268662.3973446,2.9668171405792236,63,0,15,0.04924214631319046,-0.18853963911533356,0.1517077535390854,0.16037297248840332,0.2703315317630768,0.003949566278606653,1.0,28,-0.22451673448085785,-0.2417646199464798,0.15567274391651154,0.15669436752796173,0.37089309096336365,0.011311317794024944,1.0,36,0.05341000109910965,-0.07372326403856277,0.20681028068065643,0.10385019332170486,0.196879044175148,0.0061445231549441814,1.0,74,0.08763452619314194,-0.15771257877349854,0.2164248377084732,0.13999085128307343,0.27005186676979065,0.005344569683074951,1.0,0.3206123113632202,-0.21515212953090668,0.196879044175148,-0.07372326403856277,0.27005186676979065,-0.15771257877349854,1.0
1790268662.4453516,3.014824151992798,64,0,15,0.15100911259651184,-0.31891682744026184,0.07867875695228577,0.15466174483299255,0.3758244514465332,0.004114416893571615,1.0,28,-0.0902579203248024,-0.3254220187664032,0.12423616647720337,0.11934550106525421,0.3617374002933502,0.014747393317520618,1.0,36,0.1424357146024704,-0.06830639392137527,0.1980549395084381,0.18586204946041107,0.2745204269886017,0.017630048096179962,1.0,74,0.1666037142276764,-0.193084716796875,0.21621695160865784,0.1884496510028839,0.34404250979423523,0.007516935933381319,1.0,0.3687809258699417,-0.3221694231033325,0.2745204269886017,-0.06830639392137527,0.34404250979423523,-0.193084716796875,1.0
1790268662.49738,3.066852569580078,65,0,15,0.33766376972198486,-0.4816782772541046,0.09813369810581207,0.1965675801038742,0.6080199480056763,0.006971328519284725,1.0,28,0.1456211656332016,-0.5110936760902405,0.11565854400396347,0.18546508252620697,0.5450714826583862,0.017641635611653328,1.0,36,0.46796417236328125,-0.0176264438778162,0.5852215886116028,0.734882652759552,0.8976510167121887,0.10798961669206619,1.0,74,0.4057621359825134,-0.3274228870868683,0.38085058331489563,0.45925939083099365,0.706852376461029,0.03613978996872902,1.0,0.5765457153320312,-0.49638597667217255,0.8976510167121887,-0.0176264438778162,0.706852376461029,-0.3274228870868683,1.0
1790268662.545381,3.114853620529175,66,0,15,0.742846667766571,-1.3342926502227783,0.14981620013713837,0.0706271380186081,1.5338958501815796,0.007762317080050707,1.0,28,0.5476259589195251,-0.9126663208007812,0.21580466628074646,0.2143232822418213,1.091066598892212,0.026142779737710953,1.0,35,0.6387315988540649,-0.17103445529937744,1.0962549448013306,1.508676528930664,1.8613523244857788,0.28944095969200134,0.9722222222222222,74,0.7059720158576965,-0.7575244307518005,0.7174432873725891,0.9052558541297913,1.4727965593338013,0.10540588945150375,1.0,1.3124812245368958,-1.1234794855117798,1.8613523244857788,-0.17103445529937744,1.4727965593338013,-0.7575244307518005,0.9930555555555556
1790268662.5973454,3.1668179035186768,67,0,15,1.1412302255630493,-1.7456247806549072,0.0935664176940918,0.0753001794219017,2.0876758098602295,0.005351413507014513,1.0,28,0.9817635416984558,-1.3307222127914429,0.19096213579177856,0.21437950432300568,1.6668224334716797,0.03824735805392265,1.0,35,1.0331438779830933,-1.023826003074646,0.45075851678848267,0.7671637535095215,1.6348886489868164,0.09748958051204681,1.0,74,1.0328022241592407,-1.2536258697509766,0.42537936568260193,0.6307893395423889,1.7108954191207886,0.04449347406625748,1.0,1.8772491216659546,-1.538173496723175,1.6348886489868164,-1.023826003074646,1.7108954191207886,-1.2536258697509766,1.0
1790268662.6493204,3.2187929153442383,68,0,15,1.1111968755722046,-1.9561645984649658,0.09668964147567749,0.11192250996828079,2.2506420612335205,0.007089178543537855,1.0,28,1.0438897609710693,-1.3795454502105713,0.14903557300567627,0.1931450515985489,1.7380162477493286,0.01639191247522831,1.0,35,0.9921090006828308,-0.8312761783599854,0.37777867913246155,0.9185429215431213,1.555672287940979,0.058926377445459366,1.0,74,1.0532960891723633,-1.2739253044128418,0.41360214352607727,0.7560297250747681,1.771431803703308,0.027414171025156975,1.0,1.9943291544914246,-1.6678550243377686,1.555672287940979,-0.8312761783599854,1.771431803703308,-1.2739253044128418,1.0
1790268662.6973991,3.266871690750122,69,0,15,1.1341583728790283,-1.7571054697036743,0.09591075032949448,0.1617368459701538,2.0946083068847656,0.008554716594517231,1.0,28,1.0701512098312378,-1.1503366231918335,0.1687486171722412,0.27695974707603455,1.5825055837631226,0.03430402651429176,1.0,35,0.5578112006187439,-0.7724230289459229,0.2642078995704651,0.7667770385742188,1.124086856842041,0.03277682140469551,1.0,74,0.8433159589767456,-1.0945202112197876,0.42453256249427795,0.6777164340019226,1.4567946195602417,0.021538127213716507,1.0,1.838556945323944,-1.453721046447754,1.124086856842041,-0.7724230289459229,1.4567946195602417,-1.0945202112197876,1.0
1790268662.749393,3.3188655376434326,70,0,15,0.8295959234237671,-1.3775756359100342,0.10146503895521164,0.03297596052289009,1.6106301546096802,0.0046139070764184,1.0,28,0.8529259562492371,-0.8796915411949158,0.16830241680145264,0.14998336136341095,1.2311292886734009,0.03526207432150841,1.0,35,0.35429033637046814,-0.6351039409637451,0.2755589187145233,0.5605334639549255,0.8345987796783447,0.0221781674772501,1.0,74,0.6153088212013245,-0.8478628396987915,0.3702991306781769,0.5227500796318054,1.1118050813674927,0.012754598632454872,1.0,1.4208797216415405,-1.128633588552475,0.8345987796783447,-0.6351039409637451,1.1118050813674927,-0.8478628396987915,1.0
1790268662.79731,3.3667826652526855,71,0,15,0.5306040644645691,-0.9436187744140625,0.040216077119112015,0.029155123978853226,1.08335542678833,0.005176824983209372,1.0,28,0.4791194498538971,-0.6821365356445312,0.14334149658679962,0.19470013678073883,0.8479298949241638,0.02731134556233883,1.0,35,0.22175249457359314,-0.4342520534992218,0.2231367528438568,0.4052504599094391,0.5775085091590881,0.015149957500398159,1.0,74,0.3597787320613861,-0.592287540435791,0.24223285913467407,0.3559843599796295,0.7397802472114563,0.00896584615111351,1.0,0.965642660856247,-0.8128776550292969,0.5775085091590881,-0.4342520534992218,0.7397802472114563,-0.592287540435791,1.0
1790268662.8493927,3.418865203857422,72,0,15,0.13661499321460724,-0.8105743527412415,0.1348007470369339,0.3192218542098999,0.8339086174964905,0.026441244408488274,1.0,28,0.4065769612789154,-0.6606712341308594,0.29953140020370483,0.27259963750839233,0.7966280579566956,0.0412190742790699,1.0,35,0.015231323428452015,-0.2010062038898468,0.20912814140319824,0.28897348046302795,0.368630588054657,0.014837517403066158,1.0,74,0.13621602952480316,-0.43098336458206177,0.21478484570980072,0.3905392587184906,0.5250594019889832,0.013669497333467007,1.0,0.815268337726593,-0.7356227934360504,0.368630588054657,-0.2010062038898468,0.5250594019889832,-0.43098336458206177,1.0
1790268662.9015872,3.471059799194336,73,0,15,-0.2685089111328125,-0.767102062702179,0.3163850009441376,0.30345410108566284,0.8469474911689758,0.050571247935295105,1.0,28,0.19865526258945465,-0.8181119561195374,0.19539542496204376,0.3568798005580902,0.8589762449264526,0.062232375144958496,1.0,35,-0.00615626759827137,-0.16251873970031738,0.1726505011320114,0.38489484786987305,0.4047250747680664,0.014165565371513367,1.0,74,0.013225452043116093,-0.4062756597995758,0.2712029218673706,0.4067426025867462,0.5289825201034546,0.015364757739007473,1.0,0.8529618680477142,-0.7926070094108582,0.4047250747680664,-0.16251873970031738,0.5289825201034546,-0.4062756597995758,1.0
1790268662.949408,3.518880605697632,74,0,15,-0.25044554471969604,-0.750274658203125,0.26153790950775146,0.24516154825687408,0.8183891177177429,0.03190038353204727,1.0,28,0.17992837727069855,-0.9237719774246216,0.36781737208366394,0.4568725824356079,0.9806972146034241,0.09494980424642563,1.0,35,-0.02398550882935524,-0.2954472005367279,0.1680067926645279,0.42049214243888855,0.49066781997680664,0.011284938082098961,1.0,74,-0.014722051098942757,-0.4922808110713959,0.21023811399936676,0.4357793629169464,0.5806035399436951,0.014107286930084229,1.0,0.8995431661605835,-0.8370233178138733,0.49066781997680664,-0.2954472005367279,0.5806035399436951,-0.4922808110713959,1.0
1790268663.001384,3.5708565711975098,75,1,15,-0.09487812966108322,-1.0052063465118408,0.20952504873275757,0.1998043656349182,1.0286109447479248,0.01901896856725216,1.0,28,0.1496734619140625,-0.8997927904129028,0.23433493077754974,0.35329458117485046,0.9323665499687195,0.07380853593349457,1.0,35,-0.01378696970641613,-0.34194859862327576,0.16775603592395782,0.48276910185813904,0.5468711853027344,0.012314440682530403,1.0,74,0.05370454490184784,-0.5539329051971436,0.1559913158416748,0.4598442614078522,0.6340566277503967,0.012167711742222309,1.0,0.9804887473583221,-0.9524995684623718,0.5468711853027344,-0.34194859862327576,0.6340566277503967,-0.5539329051971436,1.0
1790268663.0493462,3.618818759918213,76,0,15,0.14900003373622894,-1.2407145500183105,0.14406666159629822,0.14643113315105438,1.2573250532150269,0.010436405427753925,1.0,28,0.26910945773124695,-0.7404131293296814,0.2124205082654953,0.2897704243659973,0.8113847374916077,0.0251074880361557,1.0,35,-0.1043592169880867,-0.46089738607406616,0.12857241928577423,0.5658988356590271,0.6539130806922913,0.011360039003193378,1.0,74,0.09440386295318604,-0.6927487254142761,0.23040896654129028,0.5090228915214539,0.7824907302856445,0.007721256464719772,1.0,1.0343548953533173,-0.990563839673996,0.6539130806922913,-0.46089738607406616,0.7824907302856445,-0.6927487254142761,1.0
1790268663.1014805,3.6709530353546143,77,0,15,0.31343382596969604,-1.1279195547103882,0.166288360953331,0.09092266857624054,1.183395504951477,0.00719417305663228,1.0,28,0.41574206948280334,-0.8731476664543152,0.11622433364391327,0.19088643789291382,0.9765774607658386,0.02650807425379753,1.0,35,0.18548758327960968,-0.3414786159992218,0.1612279713153839,0.48781293630599976,0.5745116472244263,0.006884248927235603,1.0,74,0.29696035385131836,-0.6394733786582947,0.18243005871772766,0.4518413543701172,0.7821967601776123,0.007907276973128319,1.0,1.0799864828586578,-1.0005336105823517,0.5745116472244263,-0.3414786159992218,0.7821967601776123,-0.6394733786582947,1.0
1790268663.1533656,3.7228381633758545,78,0,15,0.23666788637638092,-0.8086690306663513,0.12118177860975266,0.12545330822467804,0.8519214391708374,0.0073474314995110035,1.0,28,0.31667110323905945,-0.7985491156578064,0.2194366306066513,0.18991528451442719,0.882044792175293,0.022322937846183777,1.0,35,0.3016854524612427,-0.2724809944629669,0.13821366429328918,0.4462064504623413,0.5894203186035156,0.008927455171942711,1.0,74,0.29477012157440186,-0.49297580122947693,0.1493532359600067,0.37942296266555786,0.6577615737915039,0.006731326691806316,1.0,0.8669831156730652,-0.8036090731620789,0.5894203186035156,-0.2724809944629669,0.6577615737915039,-0.49297580122947693,1.0
1790268663.2014043,3.770876884460449,79,0,15,0.09692586213350296,-0.5598185062408447,0.0700472891330719,0.10193011164665222,0.5730528235435486,0.0061917793937027454,1.0,28,0.2276807576417923,-0.7418474555015564,0.1867343783378601,0.21498742699623108,0.7874500155448914,0.02296305261552334,1.0,35,0.42473405599594116,-0.18213064968585968,0.11513746529817581,0.38788220286369324,0.5995104312896729,0.013380060903728008,1.0,74,0.2670424282550812,-0.3697378933429718,0.16319002211093903,0.3208666443824768,0.5462648868560791,0.006934447679668665,1.0,0.68025141954422,-0.6508329808712006,0.5995104312896729,-0.18213064968585968,0.5462648868560791,-0.3697378933429718,1.0
1790268663.2533567,3.822829246520996,80,0,15,0.20028991997241974,-0.5176126956939697,0.09229771792888641,0.0687079206109047,0.5609614253044128,0.003791457274928689,1.0,28,0.20458438992500305,-0.5032675862312317,0.12839263677597046,0.16144749522209167,0.573497474193573,0.01576862670481205,1.0,35,0.3115186393260956,-0.2582550048828125,0.10432498902082443,0.30940350890159607,0.5035377740859985,0.00548867741599679,1.0,74,0.2638411521911621,-0.3676796853542328,0.11916797608137131,0.2557525038719177,0.5082035660743713,0.0044933222234249115,1.0,0.5672294497489929,-0.5104401409626007,0.5035377740859985,-0.2582550048828125,0.5082035660743713,-0.3676796853542328,1.0
1790268663.3013952,3.8708677291870117,81,0,15,0.4110880494117737,-0.5659952759742737,0.07856541126966476,0.08739017695188522,0.7021989226341248,0.0059934258460998535,1.0,28,0.2713143527507782,-0.4779494106769562,0.08986937999725342,0.06854332238435745,0.5547357201576233,0.008968469686806202,1.0,35,0.3741476833820343,-0.2710610628128052,0.09176623821258545,0.2879081964492798,0.5329899787902832,0.006922607775777578,1.0,74,0.34092795848846436,-0.39607682824134827,0.11936234682798386,0.23026490211486816,0.556324303150177,0.004172053188085556,1.0,0.628467321395874,-0.5219723433256149,0.5329899787902832,-0.2710610628128052,0.556324303150177,-0.39607682824134827,1.0
1790268663.3533688,3.9228413105010986,82,0,15,0.677325427532196,-0.3891916871070862,0.17059990763664246,0.07164657115936279,0.7869424819946289,0.009876806288957596,1.0,28,0.3943372368812561,-0.4244428277015686,0.12919677793979645,0.18525469303131104,0.6010504961013794,0.016299737617373466,1.0,35,0.4276912212371826,-0.2522208094596863,0.09576763212680817,0.22024111449718475,0.5409013628959656,0.008925025351345539,1.0,74,0.4392114579677582,-0.32357314229011536,0.1909532994031906,0.18422918021678925,0.5752404928207397,0.004864244256168604,1.0,0.6939964890480042,-0.4068172574043274,0.5409013628959656,-0.2522208094596863,0.5752404928207397,-0.32357314229011536,1.0
1790268663.405317,3.974789619445801,83,0,15,0.38524678349494934,-0.26546019315719604,0.07433861494064331,0.036038838326931,0.47215211391448975,0.0027027875185012817,1.0,28,0.2100699245929718,-0.24820926785469055,0.1163526326417923,0.08995915204286575,0.3500506281852722,0.008866873569786549,1.0,35,0.30399519205093384,-0.21783185005187988,0.0925287976861,0.21076834201812744,0.4271385371685028,0.004501902963966131,1.0,74,0.3123933970928192,-0.2600562572479248,0.10548225045204163,0.15073630213737488,0.43156132102012634,0.0045440299436450005,1.0,0.411101371049881,-0.2568347305059433,0.4271385371685028,-0.21783185005187988,0.43156132102012634,-0.2600562572479248,1.0
1790268663.453396,4.022868633270264,84,0,15,0.30171507596969604,-0.3995422422885895,0.07171361148357391,0.02524789422750473,0.5034767985343933,0.0018427406903356314,1.0,28,0.3127506673336029,-0.4407697319984436,0.09422945231199265,0.08867626637220383,0.5480785965919495,0.011546927504241467,1.0,35,0.199981689453125,-0.2213723361492157,0.08084097504615784,0.21354977786540985,0.3469967842102051,0.003210968105122447,1.0,74,0.2560783624649048,-0.3091716170310974,0.10347369313240051,0.17257212102413177,0.4292227625846863,0.0033183253835886717,1.0,0.5257776975631714,-0.42015598714351654,0.3469967842102051,-0.2213723361492157,0.4292227625846863,-0.3091716170310974,1.0
1790268663.50534,4.074812650680542,85,0,15,0.292916864156723,-0.48433226346969604,0.0822964683175087,0.07002274692058563,0.5685612559318542,0.003934449516236782,1.0,28,0.28014808893203735,-0.4417528510093689,0.06647452712059021,0.1039997935295105,0.5263765454292297,0.011521385051310062,1.0,35,0.22029376029968262,-0.274008184671402,0.0838097333908081,0.24183671176433563,0.40919920802116394,0.0057957787066698074,1.0,74,0.2921210527420044,-0.36345815658569336,0.12506651878356934,0.19302240014076233,0.49841731786727905,0.004436721093952656,1.0,0.547468900680542,-0.46304255723953247,0.40919920802116394,-0.274008184671402,0.49841731786727905,-0.36345815658569336,1.0
1790268663.5533843,4.122856855392456,86,0,15,0.4802347719669342,-0.6045003533363342,0.06649598479270935,0.061442241072654724,0.7735682129859924,0.003623887663707137,1.0,28,0.34894779324531555,-0.538055419921875,0.07731819897890091,0.08564788103103638,0.645351767539978,0.010751726105809212,1.0,35,0.2529467046260834,-0.4129961431026459,0.08796646445989609,0.2534317970275879,0.5010619759559631,0.005530166905373335,1.0,74,0.36637362837791443,-0.4671998918056488,0.1691197156906128,0.21199244260787964,0.615898072719574,0.004214403219521046,1.0,0.7094599902629852,-0.5712778866291046,0.5010619759559631,-0.4129961431026459,0.615898072719574,-0.4671998918056488,1.0
1790268663.605393,4.174865484237671,87,0,15,0.5616434812545776,-0.7382151484489441,0.07151806354522705,0.04622546210885048,0.9293787479400635,0.0021523430477827787,1.0,28,0.3868626058101654,-0.431549608707428,0.12821021676063538,0.14308413863182068,0.6030430197715759,0.01723337545990944,1.0,35,0.2405068576335907,-0.48346078395843506,0.08648733049631119,0.2479063719511032,0.5472515225410461,0.004433336202055216,1.0,74,0.3796446621417999,-0.4957241415977478,0.1625935286283493,0.2427186667919159,0.6475295424461365,0.0036497735418379307,1.0,0.7662108838558197,-0.584882378578186,0.5472515225410461,-0.48346078395843506,0.6475295424461365,-0.4957241415977478,1.0
1790268663.6573057,4.226778268814087,88,0,15,0.5695149898529053,-0.6548258662223816,0.05262058228254318,0.04700085148215294,0.8686909079551697,0.0036633596755564213,1.0,28,0.48965343832969666,-0.45533424615859985,0.08515137434005737,0.08148940652608871,0.6718147993087769,0.01718786545097828,1.0,35,0.24914462864398956,-0.47383421659469604,0.09573885053396225,0.18393738567829132,0.5403987765312195,0.00481837335973978,1.0,74,0.4074210226535797,-0.4844050109386444,0.1909487545490265,0.2116864025592804,0.6542447805404663,0.004541120026260614,1.0,0.7702528536319733,-0.5550800561904907,0.5403987765312195,-0.47383421659469604,0.6542447805404663,-0.4844050109386444,1.0
1790268663.705327,4.274799585342407,89,0,15,0.515948474407196,-0.46937865018844604,0.05234779790043831,0.03322149068117142,0.6991725564002991,0.003255043877288699,1.0,28,0.4390978217124939,-0.3608033359050751,0.06414537131786346,0.1380707025527954,0.584437370300293,0.009050029329955578,1.0,35,0.2910221517086029,-0.4266427159309387,0.09742869436740875,0.18737784028053284,0.5204330086708069,0.005385878030210733,1.0,74,0.39866721630096436,-0.37810763716697693,0.15617743134498596,0.19694490730762482,0.5703352093696594,0.004647910129278898,1.0,0.641804963350296,-0.41509099304676056,0.5204330086708069,-0.4266427159309387,0.5703352093696594,-0.37810763716697693,1.0
1790268663.757314,4.326786518096924,90,1,15,0.5188466310501099,-0.2259012907743454,0.07827155292034149,0.02591811865568161,0.566417396068573,0.0034096415620297194,1.0,28,0.5087509155273438,-0.1560560017824173,0.09796232730150223,0.09431694447994232,0.54082852602005,0.011402283795177937,1.0,35,0.44422346353530884,-0.23124606907367706,0.1224195584654808,0.17443788051605225,0.5178785920143127,0.006533256731927395,1.0,74,0.4878970980644226,-0.2030521035194397,0.14239171147346497,0.15487255156040192,0.5436901450157166,0.004524012561887503,1.0,0.5536229610443115,-0.19097864627838135,0.5178785920143127,-0.23124606907367706,0.5436901450157166,-0.2030521035194397,1.0
1790268663.805329,4.3748016357421875,91,0,15,0.6641448736190796,-0.15236206352710724,0.043424587696790695,0.024755844846367836,0.68203204870224,0.0017886131536215544,1.0,28,0.6490391492843628,-0.1834171861410141,0.12910009920597076,0.09988106042146683,0.680486798286438,0.009358705021440983,1.0,35,0.7465223073959351,-0.22332240641117096,0.2094941884279251,0.2943766415119171,0.840925395488739,0.00856627244502306,1.0,74,0.6506990790367126,-0.16186513006687164,0.19039827585220337,0.19368018209934235,0.6977635622024536,0.005556377582252026,1.0,0.681259423494339,-0.16788962483406067,0.840925395488739,-0.22332240641117096,0.6977635622024536,-0.16186513006687164,1.0
1790268663.8573437,4.42681622505188,92,0,15,0.7766754031181335,-0.09626363217830658,0.11944584548473358,0.03177926316857338,0.7835107445716858,0.0020034287590533495,1.0,28,0.9156275987625122,-0.10520226508378983,0.22719332575798035,0.15159401297569275,0.9339205622673035,0.014213758520781994,1.0,35,0.7020468711853027,-0.4839237630367279,0.42811575531959534,0.6614142060279846,1.130228042602539,0.0542505644261837,1.0,74,0.7207022905349731,-0.2530510425567627,0.3290908634662628,0.43401941657066345,0.8904477953910828,0.018108392134308815,1.0,0.8587156534194946,-0.1007329486310482,1.130228042602539,-0.4839237630367279,0.8904477953910828,-0.2530510425567627,1.0
1790268663.9093714,4.478843927383423,93,0,15,0.8648589849472046,-0.11521606147289276,0.08923231065273285,0.043241169303655624,0.8732622861862183,0.002844668924808502,1.0,28,0.861390233039856,-0.05242374911904335,0.13669466972351074,0.08990870416164398,0.8679636716842651,0.011939936317503452,1.0,35,0.7181501388549805,-0.37835389375686646,0.3383600115776062,0.42379245162010193,0.9336447715759277,0.026480209082365036,1.0,74,0.7578376531600952,-0.21837379038333893,0.2703326642513275,0.3188473582267761,0.8537350296974182,0.011325094848871231,1.0,0.8706129789352417,-0.08381990529596806,0.9336447715759277,-0.37835389375686646,0.8537350296974182,-0.21837379038333893,1.0
1790268663.957378,4.526850461959839,94,0,15,0.7298451662063599,-0.06483256071805954,0.06298430263996124,0.02190548926591873,0.7330896258354187,0.002009007381275296,1.0,28,0.7304534912109375,0.01336015947163105,0.08656375855207443,0.06559969484806061,0.7333891987800598,0.009561522863805294,1.0,35,0.7117335796356201,-0.13898751139640808,0.22932074964046478,0.23131564259529114,0.7571983933448792,0.01765243336558342,1.0,74,0.6442058682441711,-0.09441416710615158,0.20095793902873993,0.16633379459381104,0.6689245104789734,0.0068256547674536705,1.0,0.7332394123077393,-0.025736200623214245,0.7571983933448792,-0.13898751139640808,0.6689245104789734,-0.09441416710615158,1.0
1790268664.0093336,4.578806161880493,95,0,15,0.5759287476539612,0.014821370132267475,0.05511727184057236,0.017243392765522003,0.5763626098632812,0.0021922735031694174,1.0,28,0.6579938530921936,0.08911623060703278,0.0692877545952797,0.10863663256168365,0.6715101599693298,0.01049333717674017,1.0,35,0.8214216232299805,0.11693594604730606,0.24576424062252045,0.3422762453556061,0.8965844511985779,0.01755879633128643,1.0,74,0.6519474387168884,0.0737997516989708,0.26803967356681824,0.22159095108509064,0.6883271932601929,0.007212176453322172,1.0,0.6239363849163055,0.051968800369650126,0.8965844511985779,0.11693594604730606,0.6883271932601929,0.0737997516989708,1.0
1790268664.0573723,4.626844882965088,96,0,15,0.48907774686813354,0.1216023787856102,0.05733794718980789,0.04742828384041786,0.5059122443199158,0.0019172477768734097,1.0,28,0.5438941121101379,0.041496820747852325,0.07809537649154663,0.16427594423294067,0.5712276697158813,0.009817460551857948,1.0,35,0.7098885774612427,0.33268389105796814,0.2033901810646057,0.28192752599716187,0.8182357549667358,0.010791760869324207,1.0,74,0.5401601195335388,0.18353168666362762,0.23242074251174927,0.22693319618701935,0.5976536273956299,0.005105069372802973,1.0,0.5385699570178986,0.08154959976673126,0.8182357549667358,0.33268389105796814,0.5976536273956299,0.18353168666362762,1.0
1790268664.109353,4.678825616836548,97,0,15,0.36513978242874146,0.2869059145450592,0.0968843400478363,0.08071252703666687,0.470954567193985,0.0034445475321263075,1.0,28,0.4241202175617218,0.23569051921367645,0.11641371995210648,0.09250488132238388,0.4927383065223694,0.007488335482776165,1.0,35,0.44853994250297546,0.3517953157424927,0.15042755007743835,0.18196703493595123,0.5998326539993286,0.009055845439434052,1.0,74,0.34766778349876404,0.26069003343582153,0.15550009906291962,0.1780497282743454,0.45260635018348694,0.0043772743083536625,1.0,0.4818464368581772,0.26129821687936783,0.5998326539993286,0.3517953157424927,0.45260635018348694,0.26069003343582153,1.0
1790268664.1613722,4.730844736099243,98,0,15,0.2622568905353546,0.4782704710960388,0.13931261003017426,0.08354412019252777,0.5583266019821167,0.004769628401845694,1.0,28,0.2400251179933548,0.43553271889686584,0.15559200942516327,0.2185770571231842,0.5162945985794067,0.013508124276995659,1.0,35,0.19713309407234192,0.29745352268218994,0.15085361897945404,0.21698987483978271,0.4100857973098755,0.011058340780436993,1.0,74,0.1767260581254959,0.3441157937049866,0.12426714599132538,0.21524733304977417,0.404696524143219,0.004825402516871691,1.0,0.5373106002807617,0.45690159499645233,0.4100857973098755,0.29745352268218994,0.404696524143219,0.3441157937049866,1.0
1790268664.2093387,4.77881121635437,99,0,15,-0.06550191342830658,0.40540364384651184,0.07667817920446396,0.05323091149330139,0.4183430075645447,0.0028841772582381964,1.0,28,0.01509857177734375,0.30459484457969666,0.10673249512910843,0.09338074922561646,0.3247039318084717,0.006899665575474501,1.0,35,-0.04025878757238388,0.21813616156578064,0.17953932285308838,0.23535020649433136,0.32618042826652527,0.010704472661018372,1.0,74,-0.05912471562623978,0.2749914228916168,0.13546808063983917,0.19215674698352814,0.32712915539741516,0.004938146099448204,1.0,0.3715234696865082,0.35499924421310425,0.32618042826652527,0.21813616156578064,0.32712915539741516,0.2749914228916168,1.0
1790268664.2613318,4.830804347991943,100,0,15,-0.3786153197288513,0.4742685854434967,0.07910585403442383,0.044934649020433426,0.6101315021514893,0.002923778025433421,1.0,28,-0.25521305203437805,0.35389000177383423,0.16293947398662567,0.10203422605991364,0.44619274139404297,0.009362353943288326,1.0,35,-0.36035680770874023,0.07923845201730728,0.3103160262107849,0.4569854140281677,0.617820143699646,0.048536062240600586,1.0,74,-0.3433392643928528,0.28876546025276184,0.24106767773628235,0.2452894151210785,0.5238450765609741,0.009766370989382267,1.0,0.5281621217727661,0.41407929360866547,0.617820143699646,0.07923845201730728,0.5238450765609741,0.28876546025276184,1.0
1790268664.309454,4.878926515579224,101,0,15,-0.5015757083892822,0.31075745820999146,0.11843127012252808,0.025953536853194237,0.5930699706077576,0.0036855435464531183,1.0,28,-0.4288155734539032,0.3559543192386627,0.12953457236289978,0.10102228075265884,0.5642585158348083,0.011313074268400669,1.0,35,-0.35906198620796204,0.16687317192554474,0.2842257618904114,0.3637274205684662,0.5399917960166931,0.016642559319734573,1.0,74,-0.46620362997055054,0.2766258716583252,0.23177388310432434,0.22740240395069122,0.5867045521736145,0.0067281522788107395,1.0,0.578664243221283,0.3333558887243271,0.5399917960166931,0.16687317192554474,0.5867045521736145,0.2766258716583252,1.0
1790268664.3614728,4.93094539642334,102,0,15,-0.8562489748001099,0.6219106316566467,0.10547780990600586,0.04068866744637489,1.0596537590026855,0.004201577045023441,1.0,28,-0.7121211290359497,0.5348232984542847,0.14863592386245728,0.13045580685138702,0.8959575295448303,0.017889728769659996,1.0,35,-0.4683972895145416,0.02314235083758831,0.30994054675102234,0.5000428557395935,0.690652072429657,0.04014846310019493,1.0,74,-0.6159222722053528,0.32931074500083923,0.28947895765304565,0.34062817692756653,0.7681287527084351,0.00788724422454834,1.0,0.9778056442737579,0.5783669650554657,0.690652072429657,0.02314235083758831,0.7681287527084351,0.32931074500083923,1.0
1790268664.4133382,4.982810735702515,103,0,15,-0.7968760132789612,1.2647501230239868,0.31529495120048523,0.2748628258705139,1.5394465923309326,0.039727579802274704,1.0,28,-1.4332646131515503,1.0877488851547241,0.7615615725517273,0.608596682548523,1.8469154834747314,0.17484578490257263,1.0,35,-0.49908143281936646,-0.16581420600414276,0.520672619342804,0.8249566555023193,0.9977613091468811,0.018115749582648277,1.0,74,-0.7385484576225281,0.4846501648426056,0.5287191271781921,0.7415928840637207,1.1016170978546143,0.03082093968987465,1.0,1.693181037902832,1.1762495040893555,0.9977613091468811,-0.16581420600414276,1.1016170978546143,0.4846501648426056,1.0
1790268664.4613757,5.030848264694214,104,0,15,-0.39119160175323486,1.4092488288879395,0.386901319026947,0.3745998442173004,1.5245121717453003,0.08376487344503403,1.0,28,-1.2693688869476318,1.0106266736984253,0.6425201892852783,0.5152450203895569,1.6525102853775024,0.2600284218788147,1.0,35,-0.7792899012565613,-0.25653642416000366,0.31709024310112,1.2035483121871948,1.3382689952850342,0.029479453340172768,1.0,74,-0.7301223278045654,0.4739600419998169,0.46005553007125854,0.9367853403091431,1.196051836013794,0.03940491005778313,1.0,1.5885112285614014,1.2099377512931824,1.3382689952850342,-0.25653642416000366,1.196051836013794,0.4739600419998169,1.0
1790268664.5133529,5.082825422286987,105,1,15,-0.7836313843727112,1.1428263187408447,0.14996226131916046,0.11431881040334702,1.3962020874023438,0.013264821842312813,1.0,28,-0.8612823486328125,0.8550981879234314,0.3077859878540039,0.2599373161792755,1.2243043184280396,0.02495337650179863,1.0,35,-1.1511300802230835,0.0886426642537117,0.4206292927265167,0.8542619943618774,1.4383046627044678,0.020103884860873222,1.0,74,-0.8554877042770386,0.514881432056427,0.4108748137950897,0.6956141591072083,1.1932193040847778,0.013716639950871468,1.0,1.3102532029151917,0.9989622533321381,1.4383046627044678,0.0886426642537117,1.1932193040847778,0.514881432056427,1.0
1790268664.5613475,5.130820035934448,106,0,15,-1.0488555431365967,1.2086385488510132,0.14503280818462372,0.10691400617361069,1.6055885553359985,0.010174091905355453,1.0,28,-0.962677001953125,1.0342260599136353,0.3406670093536377,0.41981878876686096,1.4403961896896362,0.04577147960662842,1.0,35,-0.6991729736328125,0.25322046875953674,0.46536770462989807,0.7074655294418335,1.0239866971969604,0.01861693523824215,1.0,74,-0.7824510931968689,0.6307245492935181,0.4776693880558014,0.639886200428009,1.130056619644165,0.013144860975444317,1.0,1.5229923725128174,1.1214323043823242,1.0239866971969604,0.25322046875953674,1.130056619644165,0.6307245492935181,1.0
1790268664.6134105,5.182883024215698,107,0,15,-0.5049173831939697,1.0089070796966553,0.07539813220500946,0.07530198991298676,1.1301389932632446,0.005654887296259403,1.0,28,-0.5148871541023254,0.7334671020507812,0.20167283713817596,0.18370883166790009,0.9099745154380798,0.026682334020733833,1.0,35,-0.32314497232437134,0.03380301222205162,0.18510811030864716,0.5782568454742432,0.6280481219291687,0.014608453027904034,1.0,74,-0.36302390694618225,0.4335820972919464,0.20241208374500275,0.5020418167114258,0.6930945515632629,0.009155788458883762,1.0,1.0200567543506622,0.8711870908737183,0.6280481219291687,0.03380301222205162,0.6930945515632629,0.4335820972919464,1.0
1790268664.6654775,5.234950065612793,108,0,15,-0.13632914423942566,0.7179036736488342,0.05816205218434334,0.17736303806304932,0.7338374853134155,0.004823234863579273,1.0,28,-0.19114139676094055,0.5347655415534973,0.16511039435863495,0.19633877277374268,0.5845016837120056,0.022501153871417046,1.0,35,-0.14316058158874512,-0.07661699503660202,0.13449709117412567,0.5709760785102844,0.5139379501342773,0.022818801924586296,1.0,74,-0.16587232053279877,0.28079965710639954,0.12136445194482803,0.48720917105674744,0.5024691224098206,0.0076593137346208096,1.0,0.6591695845127106,0.6263346076011658,0.5139379501342773,-0.07661699503660202,0.5024691224098206,0.28079965710639954,1.0
1790268664.7134836,5.282956123352051,109,0,15,0.07147114723920822,0.4574646055698395,0.04349605739116669,0.1008945032954216,0.4651867747306824,0.004014484118670225,1.0,28,0.0387616828083992,0.4486961364746094,0.13503944873809814,0.13820554316043854,0.4676379859447479,0.011153879575431347,1.0,35,-0.15435747802257538,-0.3975978195667267,0.17968720197677612,0.6741541624069214,0.6256759166717529,0.02215786650776863,1.0,74,-0.033570367842912674,0.06851371377706528,0.16649147868156433,0.49048423767089844,0.4163190424442291,0.007133477367460728,1.0,0.46641238033771515,0.4530803710222244,0.6256759166717529,-0.3975978195667267,0.4163190424442291,0.06851371377706528,1.0
1790268664.7653887,5.3348612785339355,110,0,15,0.17220255732536316,0.3961781859397888,0.0781986191868782,0.06103140488266945,0.4358542561531067,0.002672354457899928,1.0,28,0.17430441081523895,0.2931840121746063,0.09143606573343277,0.08014532178640366,0.3506336510181427,0.0062624248676002026,1.0,35,0.0217568539083004,-0.44563817977905273,0.17430676519870758,0.6736871004104614,0.6522597074508667,0.026280052959918976,1.0,74,0.06520967185497284,0.014459042809903622,0.15331915020942688,0.506229043006897,0.40313857793807983,0.00968130398541689,1.0,0.3932439535856247,0.34468109905719757,0.6522597074508667,-0.44563817977905273,0.40313857793807983,0.014459042809903622,1.0
1790268664.8133404,5.382812976837158,111,0,15,0.31649982929229736,0.4115254580974579,0.09959372133016586,0.06132420152425766,0.5244417786598206,0.004423558246344328,1.0,28,0.1927054226398468,0.24667249619960785,0.11275041103363037,0.07446792721748352,0.33538904786109924,0.01608533225953579,1.0,35,0.24163469672203064,-0.6976832747459412,0.18444578349590302,0.8023362159729004,0.8907450437545776,0.026304295286536217,1.0,74,0.21257679164409637,-0.09360823780298233,0.1534893959760666,0.59988933801651,0.49130120873451233,0.009035377763211727,1.0,0.4299154132604599,0.32909897714853287,0.8907450437545776,-0.6976832747459412,0.49130120873451233,-0.09360823780298233,1.0
1790268664.86532,5.434792518615723,112,0,15,0.4076181948184967,0.3943318724632263,0.12227698415517807,0.07242605835199356,0.572090208530426,0.007454229984432459,1.0,28,0.37280383706092834,0.23024150729179382,0.12632960081100464,0.08860985934734344,0.4538736641407013,0.026535702869296074,1.0,35,0.2503330707550049,-0.7824170589447021,0.18683214485645294,0.8315716981887817,0.9536985158920288,0.02795363776385784,1.0,74,0.27235886454582214,-0.10852308571338654,0.20049817860126495,0.6613218188285828,0.5788173675537109,0.013934400863945484,1.0,0.5129819363355637,0.31228668987751007,0.9536985158920288,-0.7824170589447021,0.5788173675537109,-0.10852308571338654,1.0
1790268664.9173374,5.486809968948364,113,0,15,0.40610045194625854,0.5810882449150085,0.10849425941705704,0.09379465132951736,0.7117335200309753,0.0050070020370185375,1.0,28,0.25764575600624084,0.27962929010391235,0.13884024322032928,0.14515967667102814,0.41448983550071716,0.026078874245285988,1.0,35,0.1416691392660141,-0.8290160894393921,0.31182023882865906,0.9774652719497681,1.024058222770691,0.047198329120874405,1.0,74,0.23450325429439545,-0.04688386619091034,0.19757497310638428,0.7050650119781494,0.58493971824646,0.014310567639768124,1.0,0.5631116777658463,0.43035876750946045,1.024058222770691,-0.8290160894393921,0.58493971824646,-0.04688386619091034,1.0
1790268664.965355,5.534827470779419,114,0,15,0.30175068974494934,0.8749196529388428,0.11687413603067398,0.17035377025604248,0.9308134913444519,0.010250217281281948,1.0,28,0.08807481825351715,0.34888404607772827,0.219519704580307,0.23099073767662048,0.4328811764717102,0.013013236224651337,1.0,35,0.1119907945394516,-0.5457554459571838,0.26488956809043884,0.8158305883407593,0.7719518542289734,0.03944145888090134,1.0,74,0.148325115442276,0.1480332463979721,0.17049019038677216,0.6650167107582092,0.5673325061798096,0.016151409596204758,1.0,0.681847333908081,0.6119018495082855,0.7719518542289734,-0.5457554459571838,0.5673325061798096,0.1480332463979721,1.0
1790268665.0173771,5.586849689483643,115,0,15,0.17850138247013092,0.9661478400230408,0.12135385721921921,0.15099453926086426,0.9869323968887329,0.009046098217368126,1.0,28,-0.09370531141757965,0.46559032797813416,0.3347826302051544,0.2774893045425415,0.5626872181892395,0.026495736092329025,1.0,35,0.05863124132156372,-0.2869267165660858,0.2752103805541992,0.7967769503593445,0.7243340611457825,0.052967172116041183,1.0,74,0.05465347692370415,0.30547457933425903,0.19783253967761993,0.6557944416999817,0.617354154586792,0.02130654640495777,1.0,0.7748098075389862,0.7158690840005875,0.7243340611457825,-0.2869267165660858,0.617354154586792,0.30547457933425903,1.0
1790268665.065425,5.634897470474243,116,0,15,0.10207010805606842,1.0258687734603882,0.07757032662630081,0.04422466829419136,1.033780574798584,0.006887148134410381,1.0,28,-0.03133174404501915,0.7194257378578186,0.14601966738700867,0.26219990849494934,0.7320855855941772,0.01887386664748192,1.0,35,-0.10786263644695282,-0.24027100205421448,0.2887691855430603,0.8087523579597473,0.7802017331123352,0.08993582427501678,1.0,74,-0.04566192626953125,0.32621127367019653,0.19803687930107117,0.7279201745986938,0.704575777053833,0.03185683861374855,1.0,0.8829330801963806,0.8726472556591034,0.7802017331123352,-0.24027100205421448,0.704575777053833,0.32621127367019653,1.0
1790268665.117358,5.686830520629883,117,0,15,0.08493652194738388,0.8190114498138428,0.08875993639230728,0.07344523817300797,0.8278967142105103,0.008761102333664894,1.0,28,0.11040496826171875,0.5468259453773499,0.16043464839458466,0.12784385681152344,0.5765085220336914,0.0258655808866024,1.0,35,0.09212341159582138,-0.12450604885816574,0.20874929428100586,0.5098206400871277,0.5065047144889832,0.03867363557219505,1.0,74,0.006390339694917202,0.3028515875339508,0.18457351624965668,0.5690704584121704,0.5629134178161621,0.017848603427410126,1.0,0.7022026181221008,0.6829186975955963,0.5065047144889832,-0.12450604885816574,0.5629134178161621,0.3028515875339508,1.0
1790268665.1694212,5.738893747329712,118,0,15,-0.011629232205450535,0.4471639096736908,0.18408527970314026,0.18796736001968384,0.48459187150001526,0.007830622605979443,1.0,28,0.49821799993515015,0.34412384033203125,0.5101502537727356,0.15755672752857208,0.6748442053794861,0.07008872926235199,1.0,35,0.06419023871421814,0.19254934787750244,0.10662824660539627,0.27113014459609985,0.2647812068462372,0.008480827324092388,1.0,74,0.06485068053007126,0.24920901656150818,0.2713104486465454,0.22681504487991333,0.33607834577560425,0.008693519048392773,1.0,0.5797180384397507,0.395643875002861,0.2647812068462372,0.19254934787750244,0.33607834577560425,0.24920901656150818,1.0
1790268665.217445,5.786917448043823,119,0,15,0.07775776833295822,-0.02597859688103199,0.1621079295873642,0.3737984895706177,0.36532118916511536,0.018656227737665176,1.0,28,0.2464730441570282,0.1617823988199234,0.2821219265460968,0.1361394077539444,0.38170126080513,0.07081358134746552,1.0,35,0.08499625325202942,0.09912632405757904,0.09243857115507126,0.08699702471494675,0.16259828209877014,0.004472373519092798,1.0,74,0.08775370568037033,0.06589332967996597,0.20364801585674286,0.22878581285476685,0.24800534546375275,0.013677707873284817,1.0,0.3735112249851227,0.0679019009694457,0.16259828209877014,0.09912632405757904,0.24800534546375275,0.06589332967996597,1.0
1790268665.2696054,5.839077949523926,120,1,15,-0.15264688432216644,-0.3086354434490204,0.2006836086511612,0.49959075450897217,0.37976381182670593,0.05892094597220421,1.0,28,0.13476888835430145,-0.21239526569843292,0.22805990278720856,0.32568663358688354,0.3751762807369232,0.10001005977392197,1.0,35,0.06086992472410202,0.06284702569246292,0.06708209216594696,0.04735872149467468,0.11116292327642441,0.0056339348666369915,1.0,74,0.0003443537571001798,-0.06868568807840347,0.15965160727500916,0.3171161711215973,0.20614275336265564,0.015063044615089893,1.0,0.3774700462818146,-0.26051535457372665,0.11116292327642441,0.06284702569246292,0.20614275336265564,-0.06868568807840347,1.0
1790268665.3175669,5.887039422988892,121,0,15,-0.45242613554000854,-0.476675420999527,0.33761999011039734,0.430572509765625,0.689178466796875,0.05859915912151337,1.0,28,0.17537252604961395,-0.5069503784179688,0.3525988459587097,0.6086176037788391,0.6392372250556946,0.20037846267223358,1.0,35,0.12148655205965042,0.08372890204191208,0.06800340861082077,0.0492217019200325,0.16035881638526917,0.0024149573873728514,1.0,74,-0.021144557744264603,-0.1371036171913147,0.2794371545314789,0.41104656457901,0.3003365397453308,0.019603293389081955,1.0,0.6642078459262848,-0.49181289970874786,0.16035881638526917,0.08372890204191208,0.3003365397453308,-0.1371036171913147,1.0
1790268665.3695183,5.938990831375122,122,0,15,-0.13462015986442566,-0.3769236207008362,0.17502166330814362,0.24644115567207336,0.4245506525039673,0.021732013672590256,1.0,28,0.08596474677324295,-0.36821475625038147,0.19229650497436523,0.42691823840141296,0.4521429240703583,0.05791739001870155,1.0,35,0.11936601996421814,-0.02032078243792057,0.06807763874530792,0.03627653792500496,0.1289154291152954,0.001419144100509584,1.0,74,0.027480460703372955,-0.1405654102563858,0.1485869437456131,0.25953322649002075,0.22133852541446686,0.00817197561264038,1.0,0.4383467882871628,-0.3725691884756088,0.1289154291152954,-0.02032078243792057,0.22133852541446686,-0.1405654102563858,1.0
1790268665.42141,5.990882635116577,123,0,15,0.10935668647289276,-0.2656005918979645,0.09015524387359619,0.06754980981349945,0.3015027642250061,0.004761392716318369,1.0,28,0.1016845703125,-0.1639055460691452,0.0702442154288292,0.21574066579341888,0.2429073303937912,0.013398631475865841,1.0,35,0.23601815104484558,-0.22368687391281128,0.1014731377363205,0.07746291905641556,0.3318071663379669,0.005431286990642548,1.0,74,0.15892894566059113,-0.19364073872566223,0.13851581513881683,0.1342400461435318,0.28120723366737366,0.0036353308241814375,1.0,0.27220504730939865,-0.21475306898355484,0.3318071663379669,-0.22368687391281128,0.28120723366737366,-0.19364073872566223,1.0
1790268665.4693604,6.038832902908325,124,0,15,0.21741841733455658,-0.2350819855928421,0.06246915087103844,0.04898589104413986,0.32221031188964844,0.0028271584305912256,1.0,28,0.16947610676288605,-0.14042989909648895,0.13031508028507233,0.15758855640888214,0.2521115243434906,0.009093010798096657,1.0,35,0.3358877897262573,-0.31997114419937134,0.10350679606199265,0.08075925707817078,0.4688272178173065,0.006349488161504269,1.0,74,0.2582220137119293,-0.233342245221138,0.15352122485637665,0.1251346617937088,0.37119734287261963,0.0038611425552517176,1.0,0.2871609181165695,-0.18775594234466553,0.4688272178173065,-0.31997114419937134,0.37119734287261963,-0.233342245221138,1.0
1790268665.5214372,6.090909719467163,125,0,15,0.3136637508869171,-0.20878396928310394,0.0942896232008934,0.04854552075266838,0.3827108144760132,0.0027428457979112864,1.0,28,0.19530269503593445,-0.06895392388105392,0.07368642836809158,0.08437599986791611,0.21920999884605408,0.0039431448094546795,1.0,35,0.47076329588890076,-0.28031355142593384,0.09172425419092178,0.09115228801965714,0.5568189024925232,0.00701941829174757,1.0,74,0.3425433039665222,-0.19251777231693268,0.184268057346344,0.12396815419197083,0.41711193323135376,0.0037181018851697445,1.0,0.30096040666103363,-0.13886894658207893,0.5568189024925232,-0.28031355142593384,0.41711193323135376,-0.19251777231693268,1.0
1790268665.5694497,6.138922214508057,126,0,15,0.4669433534145355,-0.22424010932445526,0.058859407901763916,0.028735708445310593,0.5188506841659546,0.0035283640027046204,1.0,28,0.3081991970539093,-0.0919625386595726,0.12065702676773071,0.0987914651632309,0.3310546875,0.003452557371929288,1.0,35,0.5773751139640808,-0.23676322400569916,0.1376160979270935,0.0688847228884697,0.6304869055747986,0.005076813045889139,1.0,74,0.4603937566280365,-0.1906411498785019,0.20331449806690216,0.1106094941496849,0.517596423625946,0.00362451933324337,1.0,0.4249526858329773,-0.15810132399201393,0.6304869055747986,-0.23676322400569916,0.517596423625946,-0.1906411498785019,1.0
1790268665.6213658,6.19083833694458,127,0,15,0.7144114375114441,-0.4128011167049408,0.08778837323188782,0.05334671959280968,0.8254671692848206,0.0029476413037627935,1.0,28,0.5669130682945251,-0.3018210232257843,0.2003939300775528,0.18230219185352325,0.6543378233909607,0.01187980454415083,1.0,35,0.951031506061554,-0.5821707844734192,0.1597449630498886,0.1528562754392624,1.1186692714691162,0.006699675228446722,1.0,74,0.7213472723960876,-0.40159380435943604,0.3144175410270691,0.21300189197063446,0.8396519422531128,0.004695116076618433,1.0,0.7399024963378906,-0.35731106996536255,1.1186692714691162,-0.5821707844734192,0.8396519422531128,-0.40159380435943604,1.0
1790268665.6733978,6.242870330810547,128,0,15,0.8345591425895691,-0.9086720943450928,0.13401630520820618,0.1318039894104004,1.2413170337677002,0.010768432170152664,1.0,28,0.88604736328125,-0.5458281636238098,0.23124846816062927,0.34358441829681396,1.0794347524642944,0.025330225005745888,1.0,35,0.902461051940918,-0.8662318587303162,0.23899127542972565,0.18933449685573578,1.2556464672088623,0.01494511030614376,1.0,74,0.774561882019043,-0.6945400834083557,0.322368860244751,0.31599706411361694,1.0599803924560547,0.007115895859897137,1.0,1.1603758931159973,-0.7272501289844513,1.2556464672088623,-0.8662318587303162,1.0599803924560547,-0.6945400834083557,1.0
1790268665.7213516,6.2908241748809814,129,0,15,1.0897185802459717,-0.8386738896369934,0.12038947641849518,0.09403838962316513,1.3764359951019287,0.0053734672255814075,1.0,28,0.8475156426429749,-0.4035530090332031,0.1814689338207245,0.11094721406698227,0.9444324374198914,0.01273979339748621,1.0,35,0.9179875254631042,-0.9956725835800171,0.21713022887706757,0.1241687759757042,1.3645881414413452,0.012482023797929287,1.0,74,0.8544802069664001,-0.7219793200492859,0.37561309337615967,0.35012200474739075,1.1520915031433105,0.0070429034531116486,1.0,1.16043421626091,-0.6211134493350983,1.3645881414413452,-0.9956725835800171,1.1520915031433105,-0.7219793200492859,1.0
1790268665.7734036,6.342876195907593,130,0,15,1.2044504880905151,-0.9071675539016724,0.1075761541724205,0.04047834500670433,1.5087863206863403,0.006564050912857056,1.0,28,1.0460673570632935,-0.39235416054725647,0.17844130098819733,0.22860699892044067,1.1379410028457642,0.013578152284026146,1.0,35,0.8892142176628113,-0.7874930500984192,0.1853586882352829,0.20846551656723022,1.1933281421661377,0.008773417212069035,1.0,74,0.9506264925003052,-0.6787978410720825,0.3956548571586609,0.3225911557674408,1.1931241750717163,0.006822246126830578,1.0,1.3233636617660522,-0.6497608572244644,1.1933281421661377,-0.7874930500984192,1.1931241750717163,-0.6787978410720825,1.0
1790268665.8213634,6.390836000442505,131,0,15,1.1395660638809204,-0.7326751947402954,0.10992900282144547,0.03883333131670952,1.3559809923171997,0.006600053980946541,1.0,28,0.9452939629554749,-0.2268807590007782,0.17850877344608307,0.10944993048906326,0.9766478538513184,0.015548527240753174,1.0,35,0.7748430371284485,-0.5142312049865723,0.17862509191036224,0.14715507626533508,0.9390515089035034,0.010559406131505966,1.0,74,0.8695676922798157,-0.4997224509716034,0.4079741835594177,0.2701343894004822,1.023333191871643,0.007156865205615759,1.0,1.166314423084259,-0.4797779768705368,0.9390515089035034,-0.5142312049865723,1.023333191871643,-0.4997224509716034,1.0
1790268665.873428,6.442900657653809,132,0,15,0.9374481439590454,-0.5850331783294678,0.07975701987743378,0.06388924270868301,1.1071325540542603,0.004131320398300886,1.0,28,0.9307915568351746,-0.1088387593626976,0.16522927582263947,0.14083127677440643,0.9468641877174377,0.009187757968902588,1.0,35,0.703779399394989,-0.18753182888031006,0.3538200259208679,0.1716875433921814,0.7426412105560303,0.01486470177769661,1.0,74,0.7281392812728882,-0.28362759947776794,0.3602292537689209,0.22824490070343018,0.8046880960464478,0.007621848024427891,1.0,1.026998370885849,-0.3469359688460827,0.7426412105560303,-0.18753182888031006,0.8046880960464478,-0.28362759947776794,1.0
1790268665.9253626,6.494835138320923,133,0,15,0.6791341304779053,-0.3858846127986908,0.05259130522608757,0.041884034872055054,0.7824930548667908,0.004254584200680256,1.0,28,0.6777768731117249,0.0063994270749390125,0.17804977297782898,0.23157168924808502,0.7262997627258301,0.023817449808120728,1.0,35,0.7823482155799866,0.3791939914226532,0.39147377014160156,0.2980058193206787,0.9181197881698608,0.038777973502874374,1.0,74,0.6227134466171265,-0.005472544115036726,0.31447139382362366,0.3279956877231598,0.6962124109268188,0.012988386675715446,1.0,0.7543964087963104,-0.1897425928618759,0.9181197881698608,0.3791939914226532,0.6962124109268188,-0.005472544115036726,1.0
1790268665.9733737,6.542846202850342,134,0,15,0.5070566534996033,-0.14798279106616974,0.05036371946334839,0.039659351110458374,0.5303135514259338,0.0025889745447784662,1.0,28,0.5262538194656372,0.02571650967001915,0.14807894825935364,0.0905977189540863,0.5350504517555237,0.008043291047215462,1.0,35,0.5952976942062378,0.8507463932037354,0.4833768904209137,0.4777381718158722,1.1683101654052734,0.04183221608400345,1.0,74,0.49136435985565186,0.2461504489183426,0.2809862792491913,0.4695180654525757,0.6752277612686157,0.013997199945151806,1.0,0.5326820015907288,-0.061133140698075294,1.1683101654052734,0.8507463932037354,0.6752277612686157,0.2461504489183426,1.0
1790268666.025362,6.594834566116333,135,1,15,0.2947377562522888,-0.10670064389705658,0.04260478541254997,0.03312274441123009,0.3150317370891571,0.001791501767002046,1.0,28,0.27192360162734985,0.094573974609375,0.10379695147275925,0.06878092885017395,0.3058989644050598,0.005905174184590578,1.0,35,0.2412501722574234,0.6958103775978088,0.3140150308609009,0.23973695933818817,0.8123846054077148,0.032621655613183975,1.0,74,0.27952948212623596,0.23953896760940552,0.21922168135643005,0.3462872803211212,0.47479480504989624,0.011745271272957325,1.0,0.31046535074710846,-0.00606333464384079,0.8123846054077148,0.6958103775978088,0.47479480504989624,0.23953896760940552,1.0
1790268666.0733886,6.6428611278533936,136,0,15,0.23669026792049408,-0.15930277109146118,0.058426544070243835,0.03726876527070999,0.28653162717819214,0.0017953355563804507,1.0,28,0.2537013590335846,0.047252655029296875,0.08357871323823929,0.12016664445400238,0.2863205075263977,0.011812062002718449,1.0,35,0.28715601563453674,1.547660231590271,0.6169851422309875,0.5100242495536804,1.7085981369018555,0.023375777527689934,1.0,74,0.3526947498321533,0.5304076671600342,0.39716851711273193,0.8087828755378723,0.8371187448501587,0.015155953355133533,1.0,0.2864260673522949,-0.05602505803108215,1.7085981369018555,1.547660231590271,0.8371187448501587,0.5304076671600342,1.0
1790268666.125382,6.694854497909546,137,0,15,0.13385315239429474,-0.11618448793888092,0.06890131533145905,0.024259615689516068,0.17982886731624603,0.0013459655456244946,1.0,28,0.1251722127199173,0.0158266332000494,0.0675998255610466,0.047152578830718994,0.1368037760257721,0.002110804198309779,1.0,35,-0.006032017525285482,0.3619380295276642,0.1930057555437088,0.20633897185325623,0.4166451394557953,0.020190181210637093,1.0,74,0.08272428810596466,0.1144583448767662,0.1269807666540146,0.23774036765098572,0.241166889667511,0.007539841812103987,1.0,0.15831632167100906,-0.05017892736941576,0.4166451394557953,0.3619380295276642,0.241166889667511,0.1144583448767662,1.0
1790268666.1773586,6.746831178665161,138,0,15,0.14975076913833618,-0.2938598692417145,0.060854725539684296,0.02872023545205593,0.3345679044723511,0.0026749821845442057,1.0,28,0.072113037109375,-0.027479443699121475,0.03975359722971916,0.04912849888205528,0.08998469263315201,0.0024926785845309496,1.0,35,0.01868416927754879,1.0663365125656128,0.5860901474952698,0.6487272381782532,1.2272090911865234,0.06218830496072769,1.0,74,0.15931536257266998,0.29067879915237427,0.3475590944290161,0.6638484001159668,0.5716150999069214,0.02555016428232193,1.0,0.21227629855275154,-0.16066965647041798,1.2272090911865234,1.0663365125656128,0.5716150999069214,0.29067879915237427,1.0
1790268666.2253704,6.794842958450317,139,0,15,0.02551371231675148,-0.16073302924633026,0.05672428384423256,0.03526895493268967,0.17014391720294952,0.0017379000782966614,1.0,28,0.07462092489004135,-0.037588391453027725,0.04293039068579674,0.033819202333688736,0.09035146236419678,0.0017880036029964685,1.0,32,0.5407681465148926,1.6924457550048828,1.570123314857483,2.572620153427124,2.3281362056732178,0.3594799041748047,0.9142857142857143,71,0.16444826126098633,0.35328513383865356,0.6045701503753662,1.2580981254577637,0.668411910533905,0.09258939325809479,0.9594594594594594,0.13024768978357315,-0.099160710349679,2.3281362056732178,1.6924457550048828,0.668411910533905,0.35328513383865356,0.9684362934362933
1790268666.2773857,6.846858263015747,140,0,15,-0.04046427458524704,-0.1416880339384079,0.034103862941265106,0.03213067352771759,0.15149910748004913,0.000799372442997992,1.0,28,0.0737697035074234,-0.03520529717206955,0.03928853198885918,0.04329455643892288,0.09135936200618744,0.0013051253044977784,1.0,32,0.020178794860839844,0.7382831573486328,0.3566606342792511,0.9240273237228394,0.8481208086013794,0.03521082177758217,1.0,71,0.01704428158700466,0.1439570039510727,0.15784452855587006,0.48367828130722046,0.27465328574180603,0.007419452536851168,1.0,0.12142923474311829,-0.08844666555523872,0.8481208086013794,0.7382831573486328,0.27465328574180603,0.1439570039510727,1.0
1790268666.325495,6.894967555999756,141,0,15,-0.11785786598920822,-0.2983744442462921,0.033277008682489395,0.0315096341073513,0.32211318612098694,0.005364602897316217,1.0,28,0.0146037507802248,-0.07503945380449295,0.024029582738876343,0.04471813142299652,0.08440607041120529,0.0015944339102134109,1.0,32,0.0744180679321289,0.258267879486084,0.2261938452720642,0.30579641461372375,0.3651564419269562,0.024552851915359497,1.0,71,0.0011057249503210187,-0.017038479447364807,0.17024993896484375,0.2688993513584137,0.2425685077905655,0.009995117783546448,1.0,0.20325962826609612,-0.18670694902539253,0.3651564419269562,0.258267879486084,0.2425685077905655,-0.017038479447364807,1.0
1790268666.3773792,6.94685173034668,142,0,15,-0.24931640923023224,-0.38546550273895264,0.08418870717287064,0.04780573397874832,0.4624740183353424,0.005193476099520922,1.0,28,-0.05901554599404335,-0.22540555894374847,0.07497500628232956,0.1213504746556282,0.2442096322774887,0.006023785565048456,1.0,32,0.003395557403564453,0.40562009811401367,0.18487408757209778,0.5325932502746582,0.5169017314910889,0.021926680579781532,1.0,71,-0.051446832716464996,-0.038318902254104614,0.1688675433397293,0.4135049879550934,0.35271787643432617,0.006811764556914568,1.0,0.35334182530641556,-0.30543553084135056,0.5169017314910889,0.40562009811401367,0.35271787643432617,-0.038318902254104614,1.0
1790268666.429434,6.99890661239624,143,0,15,-0.16940103471279144,-0.3903615176677704,0.06025775894522667,0.07674121856689453,0.4320116937160492,0.003344652708619833,1.0,28,-0.1148856058716774,-0.24681636691093445,0.06331567466259003,0.1177554726600647,0.28156837821006775,0.004000223241746426,1.0,32,-0.012630462646484375,0.20762300491333008,0.19813798367977142,0.4211892783641815,0.4094255864620209,0.010884162969887257,1.0,71,-0.08153200894594193,-0.1075056940317154,0.14992213249206543,0.34961962699890137,0.33475059270858765,0.004076253157109022,1.0,0.35679003596305847,-0.3185889422893524,0.4094255864620209,0.20762300491333008,0.33475059270858765,-0.1075056940317154,1.0
1790268666.4774075,7.046880006790161,144,0,15,-0.19463500380516052,-0.38892415165901184,0.05964755266904831,0.06671148538589478,0.43735912442207336,0.0028846035711467266,1.0,28,-0.14651380479335785,-0.3292677700519562,0.08226914703845978,0.12352685630321503,0.3665511906147003,0.006312584970146418,1.0,32,-0.1647939682006836,0.10066032409667969,0.21216441690921783,0.3619903326034546,0.4007900357246399,0.009419150650501251,1.0,71,-0.13641357421875,-0.13748610019683838,0.1567433476448059,0.31210222840309143,0.34220877289772034,0.003997118677943945,1.0,0.40195515751838684,-0.359095960855484,0.4007900357246399,0.10066032409667969,0.34220877289772034,-0.13748610019683838,1.0
1790268666.52941,7.098882436752319,145,0,15,-0.20631714165210724,-0.28476154804229736,0.07226588577032089,0.04493964836001396,0.35980039834976196,0.0014537854585796595,1.0,28,-0.1726183146238327,-0.2862657904624939,0.12088623642921448,0.07349972426891327,0.3451854884624481,0.00531031796708703,1.0,32,-0.3366222381591797,0.22025060653686523,0.23694051802158356,0.467044472694397,0.5605364441871643,0.010371847078204155,1.0,71,-0.19816826283931732,-0.07176531106233597,0.16593673825263977,0.36474138498306274,0.37629058957099915,0.004569064825773239,1.0,0.35249294340610504,-0.28551366925239563,0.5605364441871643,0.22025060653686523,0.37629058957099915,-0.07176531106233597,1.0
1790268666.577357,7.146829605102539,146,0,15,-0.3108724057674408,-0.32156169414520264,0.07401004433631897,0.026638085022568703,0.4525122344493866,0.002806720556691289,1.0,28,-0.23273904621601105,-0.24731118977069855,0.10006065666675568,0.09207015484571457,0.35733217000961304,0.00484622223302722,1.0,32,-0.3624863624572754,0.10290336608886719,0.19367067515850067,0.2836260497570038,0.4772818386554718,0.0131999421864748,1.0,71,-0.28015395998954773,-0.0835971012711525,0.16960319876670837,0.2459261268377304,0.3768768310546875,0.0055636269971728325,1.0,0.4049222022294998,-0.2844364419579506,0.4772818386554718,0.10290336608886719,0.3768768310546875,-0.0835971012711525,1.0
1790268666.6293707,7.198843240737915,147,0,15,-0.3282582461833954,-0.18902282416820526,0.06022332236170769,0.040191128849983215,0.3808828592300415,0.0018047911580651999,1.0,28,-0.31119754910469055,-0.25202178955078125,0.1329381763935089,0.08562174439430237,0.41107192635536194,0.007708496879786253,1.0,32,-0.4682803153991699,0.09010553359985352,0.11494515836238861,0.25821828842163086,0.5326472520828247,0.0062826573848724365,1.0,71,-0.3611488938331604,-0.058471571654081345,0.1680281162261963,0.22312983870506287,0.41948550939559937,0.0035668490454554558,1.0,0.3959773927927017,-0.22052230685949326,0.5326472520828247,0.09010553359985352,0.41948550939559937,-0.058471571654081345,1.0
1790268666.681398,7.2508704662323,148,0,15,-0.5121572017669678,-0.13247069716453552,0.09111736714839935,0.04427732899785042,0.5316947102546692,0.0034190823789685965,1.0,28,-0.3988320529460907,-0.22736848890781403,0.11787709593772888,0.11042510718107224,0.474944144487381,0.0071398732252418995,1.0,32,-0.5975508689880371,0.17239093780517578,0.14212997257709503,0.26697760820388794,0.6620784401893616,0.006456159986555576,1.0,71,-0.4890323579311371,0.0047407555393874645,0.2085074782371521,0.22215323150157928,0.5296355485916138,0.0035966483410447836,1.0,0.5033194273710251,-0.17991959303617477,0.6620784401893616,0.17239093780517578,0.5296355485916138,0.0047407555393874645,1.0
1790268666.7293873,7.2988598346710205,149,0,15,-0.6253224611282349,-0.04759623110294342,0.13523711264133453,0.05987851694226265,0.6307604312896729,0.0025292823556810617,1.0,28,-0.6529072523117065,-0.17020852863788605,0.1224774420261383,0.043160561472177505,0.6770265698432922,0.008775160647928715,1.0,32,-0.7713141441345215,0.20992565155029297,0.171100914478302,0.24300341308116913,0.8338047862052917,0.006853501778095961,1.0,71,-0.6046668887138367,0.04804874584078789,0.26545295119285583,0.18732772767543793,0.635844886302948,0.003805161453783512,1.0,0.6538935005664825,-0.10890237987041473,0.8338047862052917,0.20992565155029297,0.635844886302948,0.04804874584078789,1.0
1790268666.7813818,7.350854396820068,150,1,15,-0.8939585089683533,0.05211181566119194,0.08975367248058319,0.022088823840022087,0.8958263397216797,0.0032818519975990057,1.0,28,-0.7213658094406128,-0.08140836656093597,0.18524698913097382,0.11566630750894547,0.7372917532920837,0.009570731781423092,1.0,32,-0.8861641883850098,0.23098468780517578,0.13492794334888458,0.21078068017959595,0.9396507143974304,0.006005345843732357,1.0,71,-0.7771340012550354,0.10349703580141068,0.30266082286834717,0.1632445603609085,0.8065637946128845,0.004763104487210512,1.0,0.8165590465068817,-0.014648275449872017,0.9396507143974304,0.23098468780517578,0.8065637946128845,0.10349703580141068,1.0
1790268666.8295097,7.398982286453247,151,0,15,-0.9134287238121033,0.07610371708869934,0.08198726177215576,0.024338234215974808,0.9168937802314758,0.0024848352186381817,1.0,28,-0.8817694783210754,-0.046360015869140625,0.19131197035312653,0.15341877937316895,0.9027448892593384,0.014601113274693489,1.0,32,-1.0058927536010742,0.19992971420288086,0.15429404377937317,0.19823101162910461,1.0447255373001099,0.008994322270154953,1.0,71,-0.835849404335022,0.11628658324480057,0.3440016508102417,0.16504836082458496,0.8642892837524414,0.003979984205216169,1.0,0.9098193347454071,0.014871850609779358,1.0447255373001099,0.19992971420288086,0.8642892837524414,0.11628658324480057,1.0
1790268666.8813624,7.4508349895477295,152,0,15,-0.9113271236419678,0.05486653745174408,0.12017448246479034,0.02050456963479519,0.9132476449012756,0.0020151028875261545,1.0,28,-0.849456787109375,-0.0440913625061512,0.13039830327033997,0.09489358216524124,0.8570137023925781,0.014416714198887348,1.0,32,-1.0412578582763672,0.19269466400146484,0.12495607137680054,0.21272315084934235,1.0808515548706055,0.012173887342214584,1.0,71,-0.8551210165023804,0.08194077014923096,0.3248712420463562,0.14267824590206146,0.8732259273529053,0.0041273911483585835,1.0,0.8851306736469269,0.00538758747279644,1.0808515548706055,0.19269466400146484,0.8732259273529053,0.08194077014923096,1.0
1790268666.9333534,7.502825975418091,153,0,15,-0.8818959593772888,-0.0059906006790697575,0.07093874365091324,0.03758923336863518,0.8827257752418518,0.003150053322315216,1.0,28,-0.7649372816085815,-0.1461595743894577,0.14681509137153625,0.2537398934364319,0.8219818472862244,0.011895621195435524,1.0,32,-0.9404101371765137,0.15160560607910156,0.12530267238616943,0.2086772918701172,0.9766428470611572,0.006650112569332123,1.0,71,-0.7681147456169128,0.0557994581758976,0.29493778944015503,0.16181662678718567,0.7890865206718445,0.004804848227649927,1.0,0.8523538112640381,-0.07607508753426373,0.9766428470611572,0.15160560607910156,0.7890865206718445,0.0557994581758976,1.0
1790268666.9815624,7.551034927368164,154,0,15,-0.780749499797821,-0.04904785007238388,0.10985170304775238,0.03858073055744171,0.7833833694458008,0.0035974362399429083,1.0,28,-0.8842239379882812,-0.11878477036952972,0.21391424536705017,0.06426502019166946,0.8949781656265259,0.02714530937373638,1.0,32,-0.7034788131713867,0.031172752380371094,0.17225505411624908,0.21592217683792114,0.7395466566085815,0.004623779095709324,1.0,71,-0.6749892830848694,-0.022063134238123894,0.27639180421829224,0.14881232380867004,0.6948686242103577,0.0035132369957864285,1.0,0.8391807675361633,-0.0839163102209568,0.7395466566085815,0.031172752380371094,0.6948686242103577,-0.022063134238123894,1.0
1790268667.0333784,7.602850914001465,155,0,15,-0.5559519529342651,-0.08688557893037796,0.04255591332912445,0.048120222985744476,0.5647352933883667,0.0020762202329933643,1.0,28,-0.6324299573898315,-0.24318531155586243,0.14472800493240356,0.11817420274019241,0.6903815269470215,0.015977714210748672,1.0,32,-0.3589959144592285,-0.009623527526855469,0.07316967099905014,0.21846021711826324,0.4162323474884033,0.004673756193369627,1.0,71,-0.42562758922576904,-0.08290454745292664,0.1764518916606903,0.18482398986816406,0.46930038928985596,0.003621274372562766,1.0,0.6275584101676941,-0.1650354452431202,0.4162323474884033,-0.009623527526855469,0.46930038928985596,-0.08290454745292664,1.0
1790268667.0814006,7.650873184204102,156,0,15,-0.4310302734375,-0.07397867739200592,0.09770131856203079,0.05575612187385559,0.4425520598888397,0.002981194294989109,1.0,28,-0.6021815538406372,-0.4389059841632843,0.22071205079555511,0.1420677751302719,0.7609805464744568,0.02289341203868389,1.0,32,-0.1626267433166504,-0.06863927841186523,0.12219691276550293,0.2899378538131714,0.3220990300178528,0.0052731335163116455,1.0,71,-0.300096333026886,-0.12995877861976624,0.21133528649806976,0.2430061250925064,0.40016472339630127,0.00345086632296443,1.0,0.6017663031816483,-0.2564423307776451,0.3220990300178528,-0.06863927841186523,0.40016472339630127,-0.12995877861976624,1.0
1790268667.1333995,7.702872037887573,157,0,15,-0.34278157353401184,-0.23790892958641052,0.06631023436784744,0.08506075292825699,0.42710980772972107,0.004710555076599121,1.0,28,-0.4659707248210907,-0.6672139763832092,0.13897892832756042,0.18176990747451782,0.8238219022750854,0.013401048257946968,1.0,32,0.005099296569824219,-0.039160728454589844,0.1420147567987442,0.4521060883998871,0.4076550602912903,0.006713357288390398,1.0,71,-0.19982221722602844,-0.2096405029296875,0.25984933972358704,0.32027044892311096,0.42495813965797424,0.0027076429687440395,1.0,0.6254658550024033,-0.4525614529848099,0.4076550602912903,-0.039160728454589844,0.42495813965797424,-0.2096405029296875,1.0
1790268667.1854541,7.754926681518555,158,0,15,-0.07794494926929474,-0.18850402534008026,0.04831695184111595,0.049853015691041946,0.21192094683647156,0.0018319218652322888,1.0,28,-0.0548248291015625,-0.4947226345539093,0.119443878531456,0.12289203703403473,0.512707531452179,0.01224519032984972,1.0,32,0.23107671737670898,0.03219938278198242,0.13838356733322144,0.4573686420917511,0.4813358783721924,0.008672216907143593,1.0,71,0.05519211292266846,-0.15469789505004883,0.20808124542236328,0.304405152797699,0.343725323677063,0.00384805747307837,1.0,0.36231423914432526,-0.3416133299469948,0.4813358783721924,0.03219938278198242,0.343725323677063,-0.15469789505004883,1.0
1790268667.2334616,7.802934169769287,159,0,15,0.077392578125,-0.07666625827550888,0.08782657980918884,0.11641663312911987,0.16828319430351257,0.0036028956528753042,1.0,28,-0.1061423197388649,-0.1936100572347641,0.07282185554504395,0.14323073625564575,0.25126269459724426,0.012617227621376514,1.0,32,0.2963252067565918,0.10079813003540039,0.16225655376911163,0.5003945827484131,0.5394062399864197,0.008304853923618793,1.0,71,0.1039809137582779,-0.060272108763456345,0.19300296902656555,0.3039614260196686,0.30039089918136597,0.0037687174044549465,1.0,0.20977294445037842,-0.1351381577551365,0.5394062399864197,0.10079813003540039,0.30039089918136597,-0.060272108763456345,1.0
1790268667.2854848,7.854957342147827,160,0,15,0.19221395254135132,0.22631734609603882,0.21964356303215027,0.3090677559375763,0.4143044650554657,0.029090475291013718,1.0,28,-0.39282989501953125,0.2277744859457016,0.2819119095802307,0.43054625391960144,0.588874876499176,0.08209449797868729,1.0,32,0.0742802619934082,0.11322784423828125,0.10724463313817978,0.37629127502441406,0.3034358620643616,0.003352548461407423,1.0,71,-0.00399350468069315,0.08569712191820145,0.2118539810180664,0.32747259736061096,0.269488126039505,0.009701398201286793,1.0,0.5015896707773209,0.2270459160208702,0.3034358620643616,0.11322784423828125,0.269488126039505,0.08569712191820145,1.0
1790268667.333362,7.90283465385437,161,0,15,-0.04728088527917862,-0.05479227751493454,0.038864973932504654,0.028670737519860268,0.08194129914045334,0.0017069444293156266,1.0,28,-0.1280626505613327,-0.054666247218847275,0.06491605937480927,0.047161851078271866,0.14855802059173584,0.003253033384680748,1.0,32,-0.13477277755737305,0.10629510879516602,0.09997086971998215,0.35858649015426636,0.3324623107910156,0.004673859104514122,1.0,71,-0.0979900062084198,-0.018437130376696587,0.1013212576508522,0.19832850992679596,0.1760021299123764,0.002109974855557084,1.0,0.11524965986609459,-0.05472926236689091,0.3324623107910156,0.10629510879516602,0.1760021299123764,-0.018437130376696587,1.0
1790268667.3853745,7.954847097396851,162,0,15,-0.22490844130516052,-0.04123840481042862,0.1243014708161354,0.029012368991971016,0.23791812360286713,0.0017427705461159348,1.0,28,-0.23545728623867035,-0.06472178548574448,0.08748243004083633,0.07078838348388672,0.2565799057483673,0.003355598310008645,1.0,32,-0.3256359100341797,0.06551790237426758,0.14041440188884735,0.23160773515701294,0.408329039812088,0.004355249926447868,1.0,71,-0.24275444447994232,-0.014787270687520504,0.1701716184616089,0.13311834633350372,0.2785102128982544,0.0019407991785556078,1.0,0.24724901467561722,-0.05298009514808655,0.408329039812088,0.06551790237426758,0.2785102128982544,-0.014787270687520504,1.0
1790268667.4374583,8.006930828094482,163,0,15,-0.20105081796646118,0.02024332620203495,0.0826861709356308,0.030128560960292816,0.20377998054027557,0.0019971320871263742,1.0,28,-0.3194623589515686,0.0249928068369627,0.1318897157907486,0.03739365190267563,0.32443615794181824,0.004381096921861172,1.0,32,-0.2546849250793457,0.13363170623779297,0.11176662147045135,0.2023169994354248,0.3380495011806488,0.003199361264705658,1.0,71,-0.1949540227651596,0.03207246959209442,0.14756514132022858,0.12405483424663544,0.23178288340568542,0.0020128090400248766,1.0,0.2641080692410469,0.022618066519498825,0.3380495011806488,0.13363170623779297,0.23178288340568542,0.03207246959209442,1.0
1790268667.4854398,8.054912328720093,164,0,15,-0.22486978769302368,0.08209431916475296,0.06354707479476929,0.018511300906538963,0.24187742173671722,0.0013232871424406767,1.0,28,-0.22665078938007355,0.017581939697265625,0.08754520863294601,0.05882197991013527,0.23692896962165833,0.00316065177321434,1.0,32,-0.22407054901123047,0.09183740615844727,0.10938330739736557,0.10133522748947144,0.2703936696052551,0.00449154619127512,1.0,71,-0.18911592662334442,0.044876743108034134,0.14608079195022583,0.09002943336963654,0.22578293085098267,0.002104142215102911,1.0,0.23940319567918777,0.04983812943100929,0.2703936696052551,0.09183740615844727,0.22578293085098267,0.044876743108034134,1.0
1790268667.5377085,8.107181072235107,165,1,15,-0.13212178647518158,0.07868245244026184,0.06335987150669098,0.0189804807305336,0.15542224049568176,0.0013066120445728302,1.0,28,-0.26679447293281555,0.0223366878926754,0.08143981546163559,0.06846730411052704,0.2794671356678009,0.0038238782435655594,1.0,32,-0.29943418502807617,0.05362987518310547,0.14418618381023407,0.1886010766029358,0.34715232253074646,0.005336596164852381,1.0,71,-0.18251295387744904,0.038575079292058945,0.15456366539001465,0.13098834455013275,0.22324788570404053,0.0021042220760136843,1.0,0.21744468808174133,0.05050957016646862,0.34715232253074646,0.05362987518310547,0.22324788570404053,0.038575079292058945,1.0
1790268667.585434,8.154906511306763,166,0,15,-0.0640106201171875,0.015315755270421505,0.0438661053776741,0.016125792637467384,0.07363469898700714,0.0006230438593775034,1.0,28,-0.1270315945148468,0.0027945381589233875,0.07367155700922012,0.026789210736751556,0.13181735575199127,0.0023407195694744587,1.0,32,-0.30093812942504883,0.07293987274169922,0.21898135542869568,0.21056291460990906,0.34278053045272827,0.008778336457908154,1.0,71,-0.10823703557252884,0.0012887229677289724,0.13216251134872437,0.11491376161575317,0.150550976395607,0.002078455640003085,1.0,0.1027260273694992,0.009055146714672446,0.34278053045272827,0.07293987274169922,0.150550976395607,0.0012887229677289724,1.0
1790268667.6373785,8.2068510055542,167,0,15,-0.03179117664694786,-0.06361185759305954,0.060786277055740356,0.026257723569869995,0.09295439720153809,0.0013032449642196298,1.0,28,-0.0742340087890625,-0.042987823486328125,0.05413243547081947,0.055705927312374115,0.10129489749670029,0.0019992205779999495,1.0,32,-0.23132991790771484,-0.08478021621704102,0.11081033200025558,0.12679822742938995,0.27875185012817383,0.004484970588237047,1.0,71,-0.07349191606044769,-0.08134997636079788,0.13229428231716156,0.10220597684383392,0.16593340039253235,0.0018202685751020908,1.0,0.09712464734911919,-0.05329984053969383,0.27875185012817383,-0.08478021621704102,0.16593340039253235,-0.08134997636079788,1.0
1790268667.6893938,8.258866310119629,168,0,15,0.04950561374425888,-0.0775604248046875,0.053166989237070084,0.026834391057491302,0.10250145941972733,0.0011043050326406956,1.0,28,-0.0528695248067379,-0.031337738037109375,0.05591820925474167,0.042305927723646164,0.08755888044834137,0.0020051856990903616,1.0,32,-0.08902215957641602,-0.14888763427734375,0.08797959983348846,0.10351604968309402,0.20757383108139038,0.003245913190767169,1.0,71,0.006766950711607933,-0.11993376165628433,0.09687425196170807,0.08477313071489334,0.15487590432167053,0.0018249567365273833,1.0,0.09503016993403435,-0.05444908142089844,0.20757383108139038,-0.14888763427734375,0.15487590432167053,-0.11993376165628433,1.0
1790268667.737477,8.306949615478516,169,0,15,0.0957590714097023,-0.08168945461511612,0.04768616333603859,0.016414815559983253,0.1313399374485016,0.0011800371576100588,1.0,28,0.011881147511303425,-0.04319000244140625,0.03714253753423691,0.03918614983558655,0.06151832267642021,0.0021053121890872717,1.0,32,0.040766239166259766,-0.15028142929077148,0.10548130422830582,0.09483232349157333,0.17767921090126038,0.004117333330214024,1.0,71,0.07559483498334885,-0.09524750709533691,0.07342754304409027,0.07838083058595657,0.13730347156524658,0.0017117743846029043,1.0,0.0964291300624609,-0.062439728528261185,0.17767921090126038,-0.15028142929077148,0.13730347156524658,-0.09524750709533691,1.0
1790268667.7894537,8.35892629623413,170,0,15,0.1733652800321579,-0.011021931655704975,0.06102108210325241,0.012172133661806583,0.1741550862789154,0.0010141622042283416,1.0,28,0.05033983662724495,-0.0014016287168487906,0.03891657665371895,0.02653331309556961,0.06263594329357147,0.0012907584896311164,1.0,32,0.2834281921386719,-0.1773972511291504,0.1591951549053192,0.11421357095241547,0.34480395913124084,0.005523638799786568,1.0,71,0.19226031005382538,-0.07107307761907578,0.1332472860813141,0.0959027111530304,0.21661914885044098,0.0021119113080203533,1.0,0.11839551478624344,-0.006211780186276883,0.34480395913124084,-0.1773972511291504,0.21661914885044098,-0.07107307761907578,1.0
1790268667.8374074,8.406879901885986,171,0,15,0.22475077211856842,0.0928497314453125,0.10235849767923355,0.02569563500583172,0.24539881944656372,0.0015855662059038877,1.0,28,0.09788840264081955,0.02448054775595665,0.06473604589700699,0.04102930426597595,0.11764746904373169,0.0015435764798894525,1.0,32,0.5257039070129395,-0.13043498992919922,0.22054411470890045,0.1860605627298355,0.5645670294761658,0.012647652998566628,1.0,71,0.32025834918022156,-0.00522957369685173,0.215164452791214,0.13782793283462524,0.347014844417572,0.0036036879755556583,1.0,0.1815231442451477,0.058665139600634575,0.5645670294761658,-0.13043498992919922,0.347014844417572,-0.00522957369685173,1.0
1790268667.889434,8.458906650543213,172,0,15,0.4391123354434967,0.2827697694301605,0.1267431229352951,0.08208874613046646,0.5237249135971069,0.004213681910187006,1.0,28,0.29750171303749084,0.1094774529337883,0.08988544344902039,0.07200387865304947,0.32352709770202637,0.004424982704222202,1.0,32,0.7947707176208496,0.007668495178222656,0.23180176317691803,0.2297062873840332,0.8272641897201538,0.01447012834250927,1.0,71,0.5272429585456848,0.09742489457130432,0.29577431082725525,0.17852210998535156,0.5684129595756531,0.005930786952376366,1.0,0.42362600564956665,0.1961236111819744,0.8272641897201538,0.007668495178222656,0.5684129595756531,0.09742489457130432,1.0
1790268667.941467,8.510939598083496,173,0,15,0.5813496708869934,0.3537587523460388,0.08679042756557465,0.08560584485530853,0.6837545037269592,0.0040465230122208595,1.0,28,0.49400219321250916,0.2486833781003952,0.14883504807949066,0.10182951390743256,0.5617964267730713,0.02157372236251831,1.0,32,0.9202561378479004,-0.0197296142578125,0.26328179240226746,0.31759515404701233,0.973082959651947,0.02539271116256714,1.0,71,0.6534339785575867,0.14634329080581665,0.2966371178627014,0.24445731937885284,0.7158020734786987,0.009408568032085896,1.0,0.6227754652500153,0.301221065223217,0.973082959651947,-0.0197296142578125,0.7158020734786987,0.14634329080581665,1.0
1790268667.9894338,8.558906316757202,174,0,15,0.6640879511833191,0.2583882510662079,0.12375356256961823,0.06191905215382576,0.7180150151252747,0.0025826164055615664,1.0,28,0.5668106079101562,0.1244986429810524,0.1329983025789261,0.07453195005655289,0.5852834582328796,0.008442729711532593,1.0,32,0.979454517364502,-0.17952823638916016,0.2892853319644928,0.39762794971466064,1.0607836246490479,0.02470908686518669,1.0,71,0.7102222442626953,0.043858595192432404,0.31441694498062134,0.2811279594898224,0.7576081156730652,0.007613804191350937,1.0,0.6516492366790771,0.19144344702363014,1.0607836246490479,-0.17952823638916016,0.7576081156730652,0.043858595192432404,1.0
1790268668.041534,8.611006498336792,175,0,15,0.6987264156341553,0.22762247920036316,0.06862969696521759,0.0439688041806221,0.7367793321609497,0.002664229366928339,1.0,28,0.6191548109054565,0.22828947007656097,0.11951340734958649,0.20307941734790802,0.690216600894928,0.014320282265543938,1.0,32,1.069563865661621,-0.4370460510253906,0.3392845392227173,0.5881829261779785,1.245851755142212,0.024383865296840668,1.0,71,0.775593101978302,-0.036390386521816254,0.31641972064971924,0.39634913206100464,0.8437824249267578,0.0071454718708992004,1.0,0.7134979665279388,0.22795597463846207,1.245851755142212,-0.4370460510253906,0.8437824249267578,-0.036390386521816254,1.0
1790268668.0894716,8.658944129943848,176,0,15,0.6894897222518921,0.3563578426837921,0.05202130600810051,0.07384283095598221,0.7785205245018005,0.0031861052848398685,1.0,28,0.5743353962898254,0.2198595255613327,0.1728048473596573,0.09585418552160263,0.6270499229431152,0.01799248531460762,1.0,32,1.192276954650879,-0.8613271713256836,0.4992982745170593,1.1370373964309692,1.6419785022735596,0.027632400393486023,1.0,71,0.7974591255187988,-0.11718997359275818,0.3634222447872162,0.6975486874580383,0.9513007402420044,0.010808809660375118,1.0,0.7027852237224579,0.2881086841225624,1.6419785022735596,-0.8613271713256836,0.9513007402420044,-0.11718997359275818,1.0
1790268668.1414587,8.710931301116943,177,0,15,0.809521496295929,0.40121662616729736,0.16407999396324158,0.06070202216506004,0.9109398126602173,0.004992921371012926,1.0,28,0.7932357788085938,0.24281366169452667,0.2312721461057663,0.2662016749382019,0.8745547533035278,0.025099411606788635,1.0,32,0.7212848663330078,-1.2851152420043945,0.6126822233200073,1.6441680192947388,1.9073295593261719,0.04781493917107582,1.0,71,0.7122407555580139,-0.2830269932746887,0.42732277512550354,1.0766322612762451,1.1335468292236328,0.015850290656089783,1.0,0.8927472829818726,0.322015143930912,1.9073295593261719,-1.2851152420043945,1.1335468292236328,-0.2830269932746887,1.0
1790268668.1934538,8.76292634010315,178,0,15,0.5419088006019592,0.3502766788005829,0.08059261739253998,0.056397661566734314,0.6463666558265686,0.004308380652219057,1.0,28,0.5589163899421692,0.45184326171875,0.11639300733804703,0.1894291490316391,0.7382277846336365,0.017254095524549484,1.0,32,0.5254015922546387,-0.8042092323303223,0.23692576587200165,0.940012514591217,1.1059565544128418,0.018593501299619675,1.0,71,0.4855653941631317,-0.08382211625576019,0.2089507132768631,0.6494529843330383,0.6965861916542053,0.009250067174434662,1.0,0.6922972202301025,0.40105997025966644,1.1059565544128418,-0.8042092323303223,0.6965861916542053,-0.08382211625576019,1.0
1790268668.2416108,8.811083316802979,179,0,15,0.4195007383823395,0.5062215328216553,0.08404847234487534,0.06064610928297043,0.6614109873771667,0.005660392343997955,1.0,28,0.3274645209312439,0.29753658175468445,0.14218440651893616,0.13873057067394257,0.4635603427886963,0.017181415110826492,1.0,32,0.4088015556335449,-0.7119975090026855,0.19350221753120422,0.8663294315338135,0.9732502698898315,0.01949247717857361,1.0,71,0.3060569167137146,0.003508232068270445,0.17113639414310455,0.6365058422088623,0.5804184675216675,0.008319251239299774,1.0,0.5624856650829315,0.40187905728816986,0.9732502698898315,-0.7119975090026855,0.5804184675216675,0.003508232068270445,1.0
1790268668.2934039,8.862876415252686,180,1,15,0.3850911557674408,0.5761759281158447,0.0494975782930851,0.02979917824268341,0.694463849067688,0.004928233101963997,1.0,28,0.40551868081092834,0.3787907063961029,0.21421192586421967,0.12789301574230194,0.5720989108085632,0.014373043552041054,1.0,32,0.3275570869445801,-0.7051029205322266,0.27749910950660706,0.8977419137954712,1.0046522617340088,0.03195200860500336,1.0,71,0.2893047034740448,0.04287375882267952,0.19405509531497955,0.6147705316543579,0.5740283131599426,0.012650859542191029,1.0,0.6332813799381256,0.4774833172559738,1.0046522617340088,-0.7051029205322266,0.5740283131599426,0.04287375882267952,1.0
1790268668.3415005,8.910973072052002,181,0,15,0.2691029906272888,0.5697662234306335,0.06114078313112259,0.06768891960382462,0.6318383812904358,0.004418040160089731,1.0,28,0.13665662705898285,0.2797698974609375,0.11042018234729767,0.11816015839576721,0.33334848284721375,0.011025105603039265,1.0,32,0.08530092239379883,-0.5876989364624023,0.3301389515399933,0.7862657904624939,0.8317826986312866,0.02943335846066475,1.0,71,0.1499537080526352,0.06542227417230606,0.20560652017593384,0.5662235617637634,0.49588823318481445,0.012779377400875092,1.0,0.48259343206882477,0.4247680604457855,0.8317826986312866,-0.5876989364624023,0.49588823318481445,0.06542227417230606,1.0
1790268668.393379,8.962851524353027,182,0,15,0.25364482402801514,0.5956695675849915,0.06545814871788025,0.04482905566692352,0.6513292789459229,0.003442338900640607,1.0,28,0.2751704752445221,0.3619237542152405,0.1429973691701889,0.1639573872089386,0.4595019221305847,0.010586565360426903,1.0,32,0.11142587661743164,-0.5227909088134766,0.2533910870552063,0.6509652137756348,0.7225555777549744,0.02140790969133377,1.0,71,0.13312433660030365,0.10592576116323471,0.2255810648202896,0.5133346915245056,0.4839712381362915,0.010025661438703537,1.0,0.5554156005382538,0.47879666090011597,0.7225555777549744,-0.5227909088134766,0.4839712381362915,0.10592576116323471,1.0
1790268668.4456024,9.015074968338013,183,0,15,0.1577860563993454,0.4491068422794342,0.043732065707445145,0.07643318176269531,0.47906365990638733,0.0040388754568994045,1.0,28,0.1116158589720726,0.25542232394218445,0.09203051775693893,0.13031749427318573,0.29738637804985046,0.00805672351270914,1.0,32,-0.0556025505065918,-0.597043514251709,0.3124486804008484,0.6629681587219238,0.7455289959907532,0.024965088814496994,1.0,71,0.029267217963933945,0.006211616564542055,0.18740388751029968,0.5097518563270569,0.4128028154373169,0.009871588088572025,1.0,0.3882250189781189,0.3522645831108093,0.7455289959907532,-0.597043514251709,0.4128028154373169,0.006211616564542055,1.0
1790268668.4933982,9.062870740890503,184,0,15,0.10312499850988388,0.371255487203598,0.03650571033358574,0.0460611917078495,0.3873843550682068,0.002417483367025852,1.0,28,0.06459590047597885,0.1408822238445282,0.052979275584220886,0.06643617898225784,0.1646195948123932,0.0034752285573631525,1.0,32,-0.004050254821777344,-0.45435380935668945,0.17496252059936523,0.44580909609794617,0.5039181709289551,0.016054773703217506,1.0,71,0.01552657037973404,0.012669415213167667,0.14472626149654388,0.3803968131542206,0.30792927742004395,0.005824525374919176,1.0,0.2760019749403,0.2560688555240631,0.5039181709289551,-0.45435380935668945,0.30792927742004395,0.012669415213167667,1.0
1790268668.5455096,9.11498212814331,185,0,15,0.03478800505399704,0.3444203734397888,0.02773253247141838,0.03769895061850548,0.3472050428390503,0.0027189841493964195,1.0,28,0.03622981533408165,0.123931884765625,0.07467079907655716,0.036947499960660934,0.14330902695655823,0.0019872700795531273,1.0,32,0.059842586517333984,-0.48523712158203125,0.22625915706157684,0.44668447971343994,0.5541897416114807,0.019275063648819923,1.0,71,-0.01389559917151928,-0.008393623866140842,0.14863432943820953,0.378309041261673,0.2974660098552704,0.006343794986605644,1.0,0.24525703489780426,0.2341761291027069,0.5541897416114807,-0.48523712158203125,0.2974660098552704,-0.008393623866140842,1.0
1790268668.593447,9.162919521331787,186,0,15,-0.0046824137680232525,0.2125651091337204,0.023138316348195076,0.0426710806787014,0.21390825510025024,0.002109414665028453,1.0,28,-0.0309600830078125,0.03246525302529335,0.05220185965299606,0.0599777027964592,0.0746048241853714,0.0015809651231393218,1.0,32,0.0010514259338378906,-0.5589241981506348,0.184341698884964,0.4218769371509552,0.5792015790939331,0.019058993086218834,1.0,71,-0.041313495486974716,-0.08676964044570923,0.11382799595594406,0.35758769512176514,0.2513253390789032,0.006386161781847477,1.0,0.14425653964281082,0.12251518107950687,0.5792015790939331,-0.5589241981506348,0.2513253390789032,-0.08676964044570923,1.0
1790268668.6453817,9.21485424041748,187,0,15,-0.02047424390912056,0.2161661833524704,0.03044513240456581,0.043323107063770294,0.2190788835287094,0.0024336138740181923,1.0,28,-0.0876421257853508,0.015929630026221275,0.06108597293496132,0.07879363745450974,0.1108715683221817,0.005139186978340149,1.0,32,-0.10976743698120117,-0.5906424522399902,0.17700333893299103,0.4741516709327698,0.6214269399642944,0.013305507600307465,1.0,71,-0.07815315574407578,-0.10222066938877106,0.12181514501571655,0.37954384088516235,0.2832018733024597,0.006468022707849741,1.0,0.16497522592544556,0.11604790668934584,0.6214269399642944,-0.5906424522399902,0.2832018733024597,-0.10222066938877106,1.0
1790268668.697415,9.266887664794922,188,0,15,-0.05617879331111908,0.37868550419807434,0.07639838010072708,0.14485661685466766,0.39329272508621216,0.004809094592928886,1.0,28,-0.18143680691719055,0.15368053317070007,0.0879400223493576,0.1367707997560501,0.264724999666214,0.012989064678549767,1.0,32,-0.22151947021484375,-0.5471124649047852,0.19366079568862915,0.47532397508621216,0.6277003288269043,0.021795017644762993,1.0,71,-0.14792686700820923,-0.01359042339026928,0.12961074709892273,0.4147499203681946,0.3515036404132843,0.010134314186871052,1.0,0.3290088623762131,0.2661830186843872,0.6277003288269043,-0.5471124649047852,0.3515036404132843,-0.01359042339026928,1.0
1790268668.7454169,9.314889430999756,189,0,15,0.2914886474609375,0.9164530634880066,0.35992926359176636,0.49211424589157104,0.9941388964653015,0.0494990274310112,1.0,28,-0.48446109890937805,0.6733551025390625,0.5765994787216187,0.626279890537262,0.9098042845726013,0.15078289806842804,1.0,32,-0.37329816818237305,-0.49849510192871094,0.28463712334632874,0.5386821627616882,0.704219400882721,0.024961842224001884,1.0,71,-0.15291111171245575,0.18074314296245575,0.3800058662891388,0.7105205059051514,0.6210339665412903,0.028455758467316628,1.0,0.9519715905189514,0.7949040830135345,0.704219400882721,-0.49849510192871094,0.6210339665412903,0.18074314296245575,1.0
1790268668.797467,9.366939544677734,190,0,15,0.06258748471736908,0.9507924318313599,0.3357929289340973,0.4149651825428009,0.9975789189338684,0.05222688242793083,1.0,28,-0.4617636501789093,0.6159428358078003,0.2894075810909271,0.38228341937065125,0.8074682354927063,0.07377851009368896,1.0,32,-0.4550628662109375,-0.10461235046386719,0.24046507477760315,0.4729050397872925,0.623435378074646,0.04531577602028847,1.0,71,-0.2506808340549469,0.33121082186698914,0.30472952127456665,0.5515602231025696,0.6166892647743225,0.025432517752051353,1.0,0.9025235772132874,0.7833676338195801,0.623435378074646,-0.10461235046386719,0.6166892647743225,0.33121082186698914,1.0
1790268668.8454516,9.414924144744873,191,0,15,-0.15358683466911316,0.3205759823322296,0.13908356428146362,0.06989935785531998,0.37874460220336914,0.003937037196010351,1.0,28,-0.23346056044101715,0.2672555148601532,0.19545091688632965,0.14014223217964172,0.3812845051288605,0.013677233830094337,1.0,32,-0.4816122055053711,0.17488527297973633,0.23615650832653046,0.42928922176361084,0.6870449781417847,0.037632379680871964,1.0,71,-0.29383033514022827,0.22234398126602173,0.28911566734313965,0.294871985912323,0.4739626348018646,0.015307261608541012,1.0,0.3800145536661148,0.2939157485961914,0.6870449781417847,0.17488527297973633,0.4739626348018646,0.22234398126602173,1.0
1790268668.8974583,9.466930866241455,192,0,15,-0.264352411031723,0.18586629629135132,0.17111405730247498,0.04767391458153725,0.33205440640449524,0.004496398381888866,1.0,28,-0.26628223061561584,0.20885086059570312,0.21964982151985168,0.10837554186582565,0.35783249139785767,0.014003001153469086,1.0,32,-0.5095009803771973,0.6518683433532715,0.3348137140274048,0.35507944226264954,0.8568093776702881,0.024327199906110764,1.0,71,-0.2965453267097473,0.3278118669986725,0.3140805661678314,0.33617299795150757,0.47691360116004944,0.01047705952078104,1.0,0.34494344890117645,0.19735857844352722,0.8568093776702881,0.6518683433532715,0.47691360116004944,0.3278118669986725,1.0
1790268668.9495294,9.519001960754395,193,0,15,-0.13652649521827698,0.09602661430835724,0.14513473212718964,0.13652552664279938,0.22934220731258392,0.006131055299192667,1.0,28,-0.18571363389492035,0.16847610473632812,0.13882270455360413,0.09567539393901825,0.25990477204322815,0.008695920929312706,1.0,32,-0.24254655838012695,0.524777889251709,0.323708713054657,0.15474167466163635,0.6509668827056885,0.037731487303972244,1.0,71,-0.13235022127628326,0.25711554288864136,0.2124742716550827,0.2131848931312561,0.3442918360233307,0.01507632341235876,1.0,0.24462348967790604,0.13225135952234268,0.6509668827056885,0.524777889251709,0.3442918360233307,0.25711554288864136,1.0
1790268668.99771,9.567182540893555,194,0,15,-0.1450958251953125,0.04827575758099556,0.14185114204883575,0.41059133410453796,0.44944632053375244,0.019666260108351707,1.0,28,-0.4184897243976593,0.1305411159992218,0.3646569550037384,0.06642009317874908,0.4490763545036316,0.012110969051718712,1.0,32,-0.4396071434020996,0.03300285339355469,0.3868784010410309,0.09304488450288773,0.47077083587646484,0.01263233833014965,1.0,71,-0.23932573199272156,0.08589935302734375,0.22741177678108215,0.1802881360054016,0.3221251964569092,0.006733215879648924,1.0,0.449261337518692,0.08940843679010868,0.47077083587646484,0.03300285339355469,0.3221251964569092,0.08589935302734375,1.0
1790268669.049422,9.618894577026367,195,1,15,-0.24307556450366974,-0.15161946415901184,0.11731136590242386,0.25203219056129456,0.35025593638420105,0.008753946982324123,1.0,28,-0.2382180392742157,0.07149887084960938,0.10346445441246033,0.05251997709274292,0.25711384415626526,0.005299086216837168,1.0,32,-0.7824902534484863,-0.14812946319580078,0.31624481081962585,0.13596704602241516,0.8068837523460388,0.010306918993592262,1.0,71,-0.40059715509414673,-0.03333626314997673,0.2831253707408905,0.18703512847423553,0.4469279944896698,0.006032338831573725,1.0,0.30368489027023315,-0.04006029665470123,0.8068837523460388,-0.14812946319580078,0.4469279944896698,-0.03333626314997673,1.0
1790268669.0975075,9.666980028152466,196,0,15,-0.5753611326217651,-0.12383219599723816,0.09400997310876846,0.11256266385316849,0.6002029180526733,0.00484330952167511,1.0,28,-0.33354297280311584,0.00287628173828125,0.10624158382415771,0.08185708522796631,0.3436806797981262,0.007832531817257404,1.0,32,-0.7671966552734375,-0.017569541931152344,0.13483300805091858,0.08056555688381195,0.7715549468994141,0.006001331843435764,1.0,71,-0.5536441206932068,-0.005863888189196587,0.2712126672267914,0.12061481922864914,0.5753792524337769,0.004326499067246914,1.0,0.4719417989253998,-0.060477957129478455,0.7715549468994141,-0.017569541931152344,0.5753792524337769,-0.005863888189196587,1.0
1790268669.1495042,9.718976736068726,197,0,15,-0.9076426029205322,-0.17850850522518158,0.2647022306919098,0.09007702767848969,0.9269295930862427,0.01040672417730093,1.0,28,-0.38400596380233765,-0.0333905890583992,0.21826514601707458,0.12583595514297485,0.40276381373405457,0.01552643720060587,1.0,32,-0.919705867767334,0.024727821350097656,0.12572301924228668,0.048687249422073364,0.921244740486145,0.0042997426353394985,1.0,71,-0.7240991592407227,-0.008872770704329014,0.33974120020866394,0.15053826570510864,0.7469762563705444,0.005275192204862833,1.0,0.6648467034101486,-0.10594954714179039,0.921244740486145,0.024727821350097656,0.7469762563705444,-0.008872770704329014,1.0
1790268669.2013922,9.770864725112915,198,0,15,-0.837261974811554,-0.21482442319393158,0.11755151301622391,0.2849790155887604,0.9008306264877319,0.01586184650659561,1.0,28,-0.2806309163570404,-0.019396645948290825,0.15923210978507996,0.10761212557554245,0.3114806115627289,0.022750111296772957,1.0,32,-0.936830997467041,0.2036600112915039,0.14287349581718445,0.07486783713102341,0.9609131813049316,0.006761271506547928,1.0,71,-0.7149305939674377,0.05416848510503769,0.30326029658317566,0.26639387011528015,0.7639875411987305,0.010362171567976475,1.0,0.6061556190252304,-0.1171105345711112,0.9609131813049316,0.2036600112915039,0.7639875411987305,0.05416848510503769,1.0
1790268669.2494812,9.8189537525177,199,0,15,-0.8098307251930237,-0.5784362554550171,0.14293085038661957,0.5427604913711548,1.0840433835983276,0.04207277297973633,1.0,28,-0.33499255776405334,-0.24735477566719055,0.23151317238807678,0.2923359274864197,0.5325859189033508,0.08362531661987305,1.0,32,-0.930262565612793,0.5800042152404785,0.15872620046138763,0.19957242906093597,1.103611707687378,0.013015959411859512,1.0,71,-0.6830624938011169,0.09417455643415451,0.2672158479690552,0.5506851673126221,0.8463363647460938,0.020639672875404358,1.0,0.8083146512508392,-0.4128955155611038,1.103611707687378,0.5800042152404785,0.8463363647460938,0.09417455643415451,1.0
1790268669.3014328,9.87090539932251,200,0,15,-1.0546448230743408,-0.7819173336029053,0.2987349331378937,0.6797442436218262,1.3945155143737793,0.16136230528354645,1.0,27,-0.2083909809589386,-0.5779238343238831,0.3039185106754303,0.4312775731086731,0.6997805237770081,0.21291868388652802,0.9642857142857143,32,-0.7486228942871094,0.5449528694152832,0.1388273537158966,0.10370052605867386,0.9347960352897644,0.006901151966303587,1.0,71,-0.6366091370582581,0.06759762018918991,0.34283000230789185,0.6079232692718506,0.823523998260498,0.04106254503130913,1.0,1.0471480190753937,-0.6799205839633942,0.9347960352897644,0.5449528694152832,0.823523998260498,0.06759762018918991,0.9910714285714286
1790268669.3494234,9.918895959854126,201,0,15,-0.7525034546852112,-0.5366566777229309,0.28603366017341614,0.38460612297058105,0.9577850103378296,0.0636817067861557,1.0,27,-0.1956041157245636,-0.49418526887893677,0.28548362851142883,0.5294803380966187,0.6489180326461792,0.10109838098287582,1.0,32,-0.4024229049682617,0.35178613662719727,0.13911320269107819,0.11847900599241257,0.5485377311706543,0.006057510152459145,1.0,71,-0.4166754186153412,0.0036155807320028543,0.22988766431808472,0.4573672413825989,0.5683879852294922,0.029848162084817886,1.0,0.8033515214920044,-0.5154209733009338,0.5485377311706543,0.35178613662719727,0.5683879852294922,0.0036155807320028543,1.0
1790268669.4013975,9.970870018005371,202,0,15,-0.35320332646369934,-0.13701680302619934,0.12377262860536575,0.11431968212127686,0.39162132143974304,0.010048802010715008,1.0,27,-0.14933833479881287,-0.02148946188390255,0.11167086660861969,0.1573905050754547,0.21220499277114868,0.014584994874894619,1.0,32,-0.4528226852416992,0.3296084403991699,0.13343890011310577,0.07950951159000397,0.568692684173584,0.007076559588313103,1.0,71,-0.36078009009361267,0.13087742030620575,0.1785435676574707,0.22160084545612335,0.43645715713500977,0.006845531519502401,1.0,0.30191315710544586,-0.07925313245505095,0.568692684173584,0.3296084403991699,0.43645715713500977,0.13087742030620575,1.0
1790268669.4534795,10.02295207977295,203,0,15,-0.2634541690349579,0.0590108223259449,0.07437994331121445,0.023326700553297997,0.2730098068714142,0.004510385449975729,1.0,27,-0.13931047916412354,0.20038236677646637,0.09751598536968231,0.07869227975606918,0.2531886696815491,0.004934156313538551,1.0,32,-0.37190723419189453,0.32212305068969727,0.09839823842048645,0.12307557463645935,0.5025126934051514,0.006302541587501764,1.0,71,-0.269500732421875,0.1815241426229477,0.15077972412109375,0.16499435901641846,0.3581344187259674,0.004520239774137735,1.0,0.26309923827648163,0.12969659455120564,0.5025126934051514,0.32212305068969727,0.3581344187259674,0.1815241426229477,1.0
1790268669.5014143,10.070886850357056,204,0,15,-0.10986531525850296,0.04214274138212204,0.03610081225633621,0.013337802141904831,0.11917220056056976,0.001751043600961566,1.0,27,-0.05199743062257767,0.21362021565437317,0.052618708461523056,0.048525042831897736,0.2264118790626526,0.00375755550339818,1.0,32,-0.2792954444885254,0.2766852378845215,0.0876837968826294,0.07223857939243317,0.39980214834213257,0.0038619462866336107,1.0,71,-0.16233009099960327,0.15754355490207672,0.12231002002954483,0.1255422979593277,0.24961638450622559,0.0024638399481773376,1.0,0.17279203981161118,0.1278814785182476,0.39980214834213257,0.2766852378845215,0.24961638450622559,0.15754355490207672,1.0
1790268669.5535598,10.123032331466675,205,0,15,0.04968058317899704,-0.02728576585650444,0.13750028610229492,0.07995597273111343,0.14172235131263733,0.0067583429627120495,1.0,27,0.0193210169672966,0.2569783627986908,0.100033238530159,0.1564531922340393,0.27561184763908386,0.006038180086761713,1.0,32,-0.20683908462524414,0.40613555908203125,0.12012069672346115,0.166337788105011,0.47074592113494873,0.004881204105913639,1.0,71,-0.10337958484888077,0.19185112416744232,0.17965170741081238,0.22264914214611053,0.29896995425224304,0.0032497604843229055,1.0,0.2086670994758606,0.11484629847109318,0.47074592113494873,0.40613555908203125,0.29896995425224304,0.19185112416744232,1.0
1790268669.6014347,10.170907258987427,206,0,15,-0.18530477583408356,-0.19568786025047302,0.18701162934303284,0.15392857789993286,0.28517451882362366,0.010136064141988754,1.0,27,0.28226274251937866,0.1368187814950943,0.15604601800441742,0.19823552668094635,0.38376688957214355,0.01809757761657238,1.0,32,-0.12826013565063477,0.5038390159606934,0.10736802965402603,0.15619125962257385,0.5309290289878845,0.009465353563427925,1.0,71,-0.03439438343048096,0.16971641778945923,0.19065067172050476,0.267280638217926,0.30672669410705566,0.00538617605343461,1.0,0.3344707041978836,-0.02943453937768936,0.5309290289878845,0.5038390159606934,0.30672669410705566,0.16971641778945923,1.0
1790268669.6535406,10.223013162612915,207,0,15,0.0948333740234375,0.01044514961540699,0.06798117607831955,0.028712371364235878,0.10496776551008224,0.0016533922171220183,1.0,27,0.3391893208026886,0.3410695493221283,0.12459655851125717,0.16677092015743256,0.505469560623169,0.010125754401087761,1.0,32,0.1130070686340332,0.4698629379272461,0.1285083144903183,0.14107346534729004,0.49569666385650635,0.005728844553232193,1.0,71,0.10282231867313385,0.21275265514850616,0.1481444090604782,0.21339015662670135,0.2978118062019348,0.0029464238323271275,1.0,0.3052186630666256,0.17575734946876764,0.49569666385650635,0.4698629379272461,0.2978118062019348,0.21275265514850616,1.0
1790268669.7015054,10.270977973937988,208,0,15,1.3024383783340454,0.7314910888671875,0.7715766429901123,0.42767390608787537,1.50849449634552,0.16043737530708313,1.0,24,0.49792227149009705,0.9840132594108582,0.492856502532959,0.8424000144004822,1.2129414081573486,0.34493598341941833,0.8888888888888888,32,0.2399883270263672,0.38016796112060547,0.1332148313522339,0.08714397251605988,0.4644673466682434,0.006788862403482199,1.0,71,0.42589449882507324,0.41134923696517944,0.5550525188446045,0.5266596674919128,0.668555736541748,0.08361724764108658,1.0,1.3607179522514343,0.8577521741390228,0.4644673466682434,0.38016796112060547,0.668555736541748,0.41134923696517944,0.9722222222222222
1790268669.7534108,10.322883367538452,209,0,15,1.0362019538879395,0.8687235713005066,0.39082998037338257,0.4885115325450897,1.4148139953613281,0.1829223483800888,1.0,24,0.1542104035615921,0.7261505126953125,0.24036124348640442,0.32542556524276733,0.8053615689277649,0.1282881647348404,1.0,32,0.26767921447753906,0.311676025390625,0.12122389674186707,0.08973422646522522,0.429044246673584,0.007369261234998703,1.0,71,0.3586578369140625,0.37041419744491577,0.3818594217300415,0.461847186088562,0.6009742617607117,0.057311952114105225,1.0,1.1100877821445465,0.7974370419979095,0.429044246673584,0.311676025390625,0.6009742617607117,0.37041419744491577,1.0
1790268669.805413,10.374885559082031,210,1,15,0.21778157353401184,0.14575399458408356,0.07753162831068039,0.04267406836152077,0.26659759879112244,0.004328501410782337,1.0,24,0.3864250183105469,0.28867849707603455,0.16925208270549774,0.15989163517951965,0.49012789130210876,0.02443903125822544,1.0,32,0.36618661880493164,0.26248836517333984,0.09506016224622726,0.07547463476657867,0.45676279067993164,0.005729888565838337,1.0,71,0.29845353960990906,0.1479903757572174,0.17484328150749207,0.14271040260791779,0.35725805163383484,0.0038648953195661306,1.0,0.3783627450466156,0.21721624583005905,0.45676279067993164,0.26248836517333984,0.35725805163383484,0.1479903757572174,1.0
1790268669.8534036,10.422876119613647,211,0,15,0.305349737405777,0.011897786520421505,0.1447238177061081,0.10616876184940338,0.32503482699394226,0.007387721445411444,1.0,24,0.8957926630973816,0.38046517968177795,0.48965826630592346,0.22640296816825867,1.0194034576416016,0.06037865951657295,1.0,32,0.29471874237060547,0.1902937889099121,0.06559593975543976,0.036265186965465546,0.3533971309661865,0.002851396333426237,1.0,71,0.36531367897987366,0.09214922040700912,0.30618053674697876,0.1302642673254013,0.4007297456264496,0.00687322486191988,1.0,0.6722191423177719,0.19618148310109973,0.3533971309661865,0.1902937889099121,0.4007297456264496,0.09214922040700912,1.0
1790268669.9055183,10.474990844726562,212,0,15,0.28275859355926514,-0.43090617656707764,0.1843317598104477,0.5537273287773132,0.6250118613243103,0.04731621965765953,1.0,24,0.7153434753417969,0.021884283050894737,0.44979947805404663,0.22447814047336578,0.7499186992645264,0.07011645287275314,1.0,32,0.46730613708496094,0.21847772598266602,0.07232914119958878,0.04378398880362511,0.5186153650283813,0.003836755407974124,1.0,71,0.449106365442276,-0.061392124742269516,0.324236124753952,0.41533198952674866,0.5602329969406128,0.02377179265022278,1.0,0.6874652802944183,-0.20451094675809145,0.5186153650283813,0.21847772598266602,0.5602329969406128,-0.061392124742269516,1.0
1790268669.9535024,10.522974967956543,213,0,15,-0.14824625849723816,-0.4132700562477112,0.36071935296058655,0.3965478241443634,0.5383357405662537,0.09889771789312363,1.0,24,0.5645001530647278,-0.2497119903564453,0.30549031496047974,0.3713304400444031,0.6699567437171936,0.10308218747377396,1.0,32,0.5627298355102539,0.26476192474365234,0.17020739614963531,0.12336345762014389,0.6298037767410278,0.008403417654335499,1.0,71,0.3268774449825287,-0.05450579151511192,0.3525615334510803,0.3598785698413849,0.5085704922676086,0.027532724663615227,1.0,0.6041462421417236,-0.33149102330207825,0.6298037767410278,0.26476192474365234,0.5085704922676086,-0.05450579151511192,1.0
1790268670.0053997,10.574872255325317,214,0,15,0.16091206669807434,-0.5400828123092651,0.3005453944206238,0.356399267911911,0.6769245266914368,0.07669159770011902,1.0,24,0.5290718078613281,-0.6109180450439453,0.32026952505111694,0.7126462459564209,0.900805652141571,0.09548632055521011,1.0,32,0.545372486114502,0.13756990432739258,0.11227364838123322,0.06976597011089325,0.5685943365097046,0.005527511239051819,1.0,71,0.43346717953681946,-0.17900075018405914,0.2385866641998291,0.4534977078437805,0.591926097869873,0.022741766646504402,1.0,0.7888650894165039,-0.5755004286766052,0.5685943365097046,0.13756990432739258,0.591926097869873,-0.17900075018405914,1.0
1790268670.057476,10.626948595046997,215,0,15,0.6144673824310303,-0.5062550902366638,0.21541424095630646,0.16684433817863464,0.8319687247276306,0.014689248986542225,1.0,24,0.6836979985237122,-0.43992677330970764,0.1588011085987091,0.31623584032058716,0.8599092364311218,0.03205195814371109,1.0,32,0.8969526290893555,-0.038170814514160156,0.14870710670948029,0.06411709636449814,0.899945855140686,0.0058705732226371765,1.0,71,0.727800190448761,-0.22647987306118011,0.3032855689525604,0.24750429391860962,0.8101405501365662,0.007982829585671425,1.0,0.8459389805793762,-0.47309093177318573,0.899945855140686,-0.038170814514160156,0.8101405501365662,-0.22647987306118011,1.0
1790268670.1055436,10.675016164779663,216,0,15,1.0180816650390625,-0.5393737554550171,0.14923176169395447,0.10384146869182587,1.1603244543075562,0.00921325571835041,1.0,24,1.0613250732421875,-0.12859027087688446,0.16210615634918213,0.33349305391311646,1.1209211349487305,0.03292733058333397,1.0,32,0.9639425277709961,-0.12426042556762695,0.16115307807922363,0.08887550979852676,0.9752858877182007,0.006260616704821587,1.0,71,0.9418489933013916,-0.27100005745887756,0.3618291914463043,0.197197824716568,0.9997441172599792,0.0070556714199483395,1.0,1.1406227946281433,-0.3339820131659508,0.9752858877182007,-0.12426042556762695,0.9997441172599792,-0.27100005745887756,1.0
1790268670.1574597,10.726932287216187,217,0,15,1.2907328605651855,-0.6243001222610474,0.11925928294658661,0.06513989716768265,1.435850977897644,0.014070489443838596,1.0,24,1.198438048362732,-0.05770174786448479,0.15881431102752686,0.13589170575141907,1.2077363729476929,0.015423934906721115,1.0,32,1.1692590713500977,-0.17811965942382812,0.150553360581398,0.10831162333488464,1.1886186599731445,0.007344629615545273,1.0,71,1.097591519355774,-0.30696868896484375,0.40242063999176025,0.24143770337104797,1.1681106090545654,0.007980766706168652,1.0,1.3217936754226685,-0.3410009350627661,1.1886186599731445,-0.17811965942382812,1.1681106090545654,-0.30696868896484375,1.0
1790268670.205469,10.774941444396973,218,0,15,1.3329905271530151,-0.6863423585891724,0.17531542479991913,0.1806686967611313,1.5076221227645874,0.011651094071567059,1.0,24,1.3253415822982788,-0.24196116626262665,0.22785191237926483,0.18506953120231628,1.3581165075302124,0.03533119708299637,1.0,32,1.3172483444213867,-0.11137580871582031,0.16572335362434387,0.11348999291658401,1.326656699180603,0.00721831526607275,1.0,71,1.1823650598526,-0.2907469868659973,0.45105645060539246,0.2421168088912964,1.2409597635269165,0.006849914323538542,1.0,1.4328693151474,-0.4641517624258995,1.326656699180603,-0.11137580871582031,1.2409597635269165,-0.2907469868659973,1.0
1790268670.2574754,10.826947927474976,219,0,15,1.2973816394805908,-0.7126597166061401,0.18198196589946747,0.34811776876449585,1.5031403303146362,0.014855694957077503,1.0,24,1.13812255859375,0.035521190613508224,0.17047260701656342,0.2734798789024353,1.1740062236785889,0.01598365791141987,1.0,32,1.2532706260681152,-0.044818878173828125,0.14579913020133972,0.03459795191884041,1.2545888423919678,0.008689211681485176,1.0,71,1.0968976020812988,-0.17402616143226624,0.3948478102684021,0.2653854191303253,1.1408708095550537,0.006677818484604359,1.0,1.3385732769966125,-0.33856926299631596,1.2545888423919678,-0.044818878173828125,1.1408708095550537,-0.17402616143226624,1.0
1790268670.3094172,10.878889799118042,220,0,15,0.8542653322219849,-0.16772665083408356,0.17447039484977722,0.05085356533527374,0.8744050860404968,0.00387373473495245,1.0,24,0.8211809992790222,0.03545824810862541,0.1539839655160904,0.12507571280002594,0.8334589004516602,0.008076373487710953,1.0,32,0.9013004302978516,0.02722311019897461,0.12480083853006363,0.05957712605595589,0.9038726687431335,0.006408083252608776,1.0,71,0.8123149871826172,-0.05962575972080231,0.28680849075317383,0.10654467344284058,0.825369656085968,0.004736911039799452,1.0,0.8539319932460785,-0.06613420136272907,0.9038726687431335,0.02722311019897461,0.825369656085968,-0.05962575972080231,1.0
1790268670.3575275,10.927000045776367,221,0,15,0.6229502558708191,0.03865458071231842,0.08551623672246933,0.03154011815786362,0.6249915957450867,0.003534710733219981,1.0,24,0.6354853510856628,0.048297882080078125,0.1646345853805542,0.08619537949562073,0.6446203589439392,0.014824013225734234,1.0,32,0.6203246116638184,0.07324600219726562,0.09509611129760742,0.04473048448562622,0.626600980758667,0.007399574853479862,1.0,71,0.5399844646453857,0.0267572533339262,0.17955069243907928,0.08998648077249527,0.5510247945785522,0.004315446596592665,1.0,0.6348059773445129,0.04347623139619827,0.626600980758667,0.07324600219726562,0.5510247945785522,0.0267572533339262,1.0
1790268670.4095402,10.979012727737427,222,0,15,0.42077434062957764,0.09089762717485428,0.06430042535066605,0.04551127552986145,0.43253472447395325,0.0013215268263593316,1.0,24,0.42166009545326233,0.11365827172994614,0.15568123757839203,0.10426673293113708,0.4460766613483429,0.006430270615965128,1.0,32,0.4762401580810547,0.05585479736328125,0.0899915024638176,0.045663584023714066,0.48185527324676514,0.004283401183784008,1.0,71,0.39367997646331787,0.049517564475536346,0.1282750815153122,0.06887499988079071,0.4032561480998993,0.003225187072530389,1.0,0.43930569291114807,0.10227794945240021,0.48185527324676514,0.05585479736328125,0.4032561480998993,0.049517564475536346,1.0
1790268670.4575372,11.027009725570679,223,0,15,0.39280903339385986,0.2674560546875,0.08452410250902176,0.16157257556915283,0.4978908896446228,0.010898054577410221,1.0,24,0.4059499204158783,0.1369069367647171,0.11250349134206772,0.08670247346162796,0.43877649307250977,0.004937793128192425,1.0,32,0.49701452255249023,0.11658716201782227,0.10943010449409485,0.038712404668331146,0.5123717188835144,0.0035131131298840046,1.0,71,0.41334059834480286,0.09806995838880539,0.14615295827388763,0.11894887685775757,0.4412994980812073,0.0040303380228579044,1.0,0.4683336913585663,0.20218149572610855,0.5123717188835144,0.11658716201782227,0.4412994980812073,0.09806995838880539,1.0
1790268670.5095632,11.079035758972168,224,0,15,0.6239451169967651,0.4971557557582855,0.2227271944284439,0.31633538007736206,0.8198492527008057,0.021814586594700813,1.0,24,0.5782267451286316,0.21218998730182648,0.14351628720760345,0.19711725413799286,0.6344826221466064,0.016333386301994324,1.0,32,0.7334837913513184,0.15241098403930664,0.11820629984140396,0.041707806289196014,0.7502827644348145,0.005445300601422787,1.0,71,0.5436884760856628,0.15682360529899597,0.20503513514995575,0.19143566489219666,0.5872576832771301,0.005631931591778994,1.0,0.727165937423706,0.354672871530056,0.7502827644348145,0.15241098403930664,0.5872576832771301,0.15682360529899597,1.0
1790268670.561435,11.130907535552979,225,1,15,1.561730980873108,0.950469970703125,0.8015401363372803,0.45774170756340027,1.8557095527648926,0.15635429322719574,1.0,21,0.3910900354385376,0.8463984727859497,0.28237149119377136,0.9927635788917542,1.0588691234588623,0.2214585542678833,0.875,32,0.5812602043151855,0.1052088737487793,0.1303466409444809,0.04285886883735657,0.592624306678772,0.004600726068019867,1.0,70,0.7030267119407654,0.3197825849056244,0.5037360787391663,0.5621635913848877,0.846117377281189,0.0459451861679554,0.9859154929577465,1.4572893381118774,0.8984342217445374,0.592624306678772,0.1052088737487793,0.846117377281189,0.3197825849056244,0.9652288732394366
1790268670.6095111,11.178983688354492,226,0,14,1.4303457736968994,0.9064450860023499,0.6462361216545105,0.6421895623207092,1.7268736362457275,0.27726873755455017,0.9333333333333333,20,0.22531433403491974,0.6322349309921265,0.524929404258728,0.6618101596832275,0.834575355052948,0.15420392155647278,0.9523809523809523,32,0.5937786102294922,0.009585857391357422,0.0614122711122036,0.04988396167755127,0.5959664583206177,0.003423812333494425,1.0,69,0.60593181848526,0.2424357384443283,0.5587113499641418,0.622273325920105,0.8114418983459473,0.08278506249189377,0.9857142857142858,1.2807244956493378,0.7693400084972382,0.5959664583206177,0.009585857391357422,0.8114418983459473,0.2424357384443283,0.9678571428571429
1790268670.6614218,11.230894327163696,227,0,14,0.2199205607175827,0.06072453036904335,0.08430632948875427,0.04557202756404877,0.23282070457935333,0.0027985735796391964,1.0,20,0.21131286025047302,0.16876831650733948,0.07410768419504166,0.08573338389396667,0.28397101163864136,0.010623862035572529,1.0,32,0.37902116775512695,-0.015016555786132812,0.09777317941188812,0.0450216606259346,0.38196635246276855,0.003645913442596793,1.0,69,0.318183571100235,-0.008292709477245808,0.1736508011817932,0.1015637069940567,0.33753702044487,0.002921900013461709,1.0,0.25839585810899734,0.11474642343819141,0.38196635246276855,-0.015016555786132812,0.33753702044487,-0.008292709477245808,1.0
1790268670.7094119,11.278884410858154,228,0,14,0.21590641140937805,-0.2137603759765625,0.14764872193336487,0.1834481954574585,0.34382936358451843,0.007589337415993214,1.0,20,0.4286239743232727,0.02962341345846653,0.3305777311325073,0.20096974074840546,0.4982375204563141,0.02877911925315857,1.0,32,0.23415327072143555,-0.021782398223876953,0.062349434942007065,0.023680295795202255,0.23627275228500366,0.001320038572885096,1.0,69,0.24577906727790833,-0.08818607032299042,0.2142511010169983,0.14864996075630188,0.2915203869342804,0.006071294657886028,1.0,0.42103344202041626,-0.09206848125904799,0.23627275228500366,-0.021782398223876953,0.2915203869342804,-0.08818607032299042,1.0
1790268670.7614746,11.330947160720825,229,0,14,-0.1779763400554657,-0.7996008992195129,0.21818295121192932,0.43738505244255066,0.8392578363418579,0.06216619163751602,1.0,20,0.243499755859375,-0.28171539306640625,0.3289485573768616,0.26307979226112366,0.3986685276031494,0.03981918469071388,1.0,32,0.14339542388916016,0.00677490234375,0.05658239126205444,0.02541549690067768,0.1463940143585205,0.0017619543941691518,1.0,69,0.09066153317689896,-0.20305003225803375,0.23093633353710175,0.4364231824874878,0.3147898018360138,0.019852492958307266,1.0,0.6189631819725037,-0.5406581461429596,0.1463940143585205,0.00677490234375,0.3147898018360138,-0.20305003225803375,1.0
1790268670.8134172,11.382889747619629,230,0,14,-0.7356011271476746,-0.6887097954750061,0.5203107595443726,0.4289093017578125,1.0554908514022827,0.21150682866573334,1.0,20,0.19609221816062927,-0.7533577084541321,0.4943927526473999,0.6745158433914185,0.9092092514038086,0.07726413756608963,1.0,32,0.09565067291259766,0.28809213638305664,0.16578690707683563,0.12401561439037323,0.3468388020992279,0.0062743015587329865,1.0,69,-0.05803580954670906,-0.09737727791070938,0.42788583040237427,0.552392840385437,0.4330122470855713,0.048203837126493454,1.0,0.9823500514030457,-0.7210337519645691,0.3468388020992279,0.28809213638305664,0.4330122470855713,-0.09737727791070938,1.0
1790268670.861449,11.43092155456543,231,0,14,-0.4340100884437561,-0.4228733479976654,0.31138089299201965,0.34174367785453796,0.6247532963752747,0.04694266989827156,1.0,20,-0.19528046250343323,-0.3017532229423523,0.16013769805431366,0.44500643014907837,0.4755024015903473,0.03536320477724075,1.0,32,-0.08546257019042969,0.16150379180908203,0.10430311411619186,0.06120898574590683,0.1981472373008728,0.002453478751704097,1.0,69,-0.15064096450805664,-0.05426677688956261,0.1863941252231598,0.33702319860458374,0.27920588850975037,0.011444496922194958,1.0,0.550127848982811,-0.36231328547000885,0.1981472373008728,0.16150379180908203,0.27920588850975037,-0.05426677688956261,1.0
1790268670.9134111,11.48288369178772,232,0,14,-0.2770560085773468,-0.14058248698711395,0.18742430210113525,0.15727487206459045,0.34143567085266113,0.0097124632447958,1.0,20,-0.19539794325828552,-0.146769717335701,0.14615316689014435,0.21790261566638947,0.3108689785003662,0.010659986175596714,1.0,32,-0.06407308578491211,0.059746742248535156,0.08306896686553955,0.034838736057281494,0.10942329466342926,0.0013590500457212329,1.0,69,-0.1241685077548027,-0.021325374022126198,0.12779776751995087,0.1495085507631302,0.17898200452327728,0.002406229032203555,1.0,0.32615232467651367,-0.14367610216140747,0.10942329466342926,0.059746742248535156,0.17898200452327728,-0.021325374022126198,1.0
1790268670.9614491,11.530921697616577,233,0,14,-0.0833718404173851,0.02216339111328125,0.023812999948859215,0.0517963208258152,0.09978847950696945,0.0017854006728157401,1.0,20,-0.16552123427391052,-0.07112350314855576,0.0982719212770462,0.1104552298784256,0.19362808763980865,0.006556625012308359,1.0,32,-0.03286266326904297,0.007782936096191406,0.06223297119140625,0.025603991001844406,0.05854671448469162,0.0018898688722401857,1.0,69,-0.06655839830636978,-0.0037124191876500845,0.06699053943157196,0.0598217211663723,0.0893242359161377,0.0011991392821073532,1.0,0.14670828357338905,-0.024480056017637253,0.05854671448469162,0.007782936096191406,0.0893242359161377,-0.0037124191876500845,1.0
1790268671.0134206,11.582893133163452,234,0,14,-0.1151188462972641,0.0017133440123870969,0.04889782518148422,0.06027531251311302,0.13121654093265533,0.0013478018809109926,1.0,20,-0.11192779242992401,-0.038661956787109375,0.05030035972595215,0.06620427221059799,0.13170050084590912,0.003025732235983014,1.0,32,-0.03552961349487305,0.014218330383300781,0.05657878890633583,0.035070113837718964,0.06750887632369995,0.0011656377464532852,1.0,69,-0.062388986349105835,0.0014871790772303939,0.06290817260742188,0.0536670908331871,0.0900382474064827,0.0009818384423851967,1.0,0.13145852088928223,-0.01847430638736114,0.06750887632369995,0.014218330383300781,0.0900382474064827,0.0014871790772303939,1.0
1790268671.0654323,11.634904861450195,235,0,14,-0.0717838853597641,0.01000213623046875,0.019132068380713463,0.04197542741894722,0.08239014446735382,0.0010878833709284663,1.0,20,-0.153778076171875,-0.025730133056640625,0.07447516918182373,0.13338670134544373,0.18576541543006897,0.004685584921389818,1.0,32,-0.08285903930664062,0.1548171043395996,0.2497899979352951,0.11422178149223328,0.2830759286880493,0.006478017661720514,1.0,69,-0.06862010061740875,0.054745882749557495,0.15681599080562592,0.111787348985672,0.16414615511894226,0.002416711300611496,1.0,0.1340777799487114,-0.007863998413085938,0.2830759286880493,0.1548171043395996,0.16414615511894226,0.054745882749557495,1.0
1790268671.113442,11.68291449546814,236,0,14,-0.1362261027097702,-0.007004874292761087,0.03426627069711685,0.033126335591077805,0.14100876450538635,0.0011649560183286667,1.0,20,-0.210530087351799,-0.053298186510801315,0.09103435277938843,0.09120418131351471,0.22992002964019775,0.014617237262427807,1.0,32,-0.1653122901916504,0.7247653007507324,0.44154033064842224,0.35993093252182007,0.8763092756271362,0.01843668892979622,1.0,69,-0.08978072553873062,0.2269829958677292,0.27607864141464233,0.3951799273490906,0.38649606704711914,0.007525910623371601,1.0,0.18546439707279205,-0.0301515304017812,0.8763092756271362,0.7247653007507324,0.38649606704711914,0.2269829958677292,1.0
1790268671.1654565,11.734929084777832,237,0,14,-0.1953691691160202,0.0351213738322258,0.10809431970119476,0.030071552842855453,0.207161545753479,0.0017207920318469405,1.0,20,-0.29076844453811646,0.0004425048828125,0.07116111367940903,0.049646344035863876,0.2947935461997986,0.00498245982453227,1.0,32,-0.45393991470336914,0.7904281616210938,0.3667220175266266,0.3156864643096924,0.9579291343688965,0.03567074239253998,1.0,69,-0.2458646446466446,0.2838285267353058,0.22016212344169617,0.40530478954315186,0.4499385356903076,0.012316168285906315,1.0,0.2509775459766388,0.01778193935751915,0.9579291343688965,0.7904281616210938,0.4499385356903076,0.2838285267353058,1.0
1790268671.213505,11.78297758102417,238,0,14,-0.3396824300289154,0.1784559041261673,0.03205147385597229,0.06842028349637985,0.38959363102912903,0.003612432861700654,1.0,20,-0.3074951171875,0.05271148681640625,0.05951393395662308,0.1054832935333252,0.32711219787597656,0.00478310976177454,1.0,32,-0.5085759162902832,0.7847671508789062,0.45915159583091736,0.5261500477790833,0.9991855621337891,0.08351403474807739,1.0,69,-0.3158830404281616,0.30136892199516296,0.2827848196029663,0.40885406732559204,0.49369412660598755,0.02796890027821064,1.0,0.3583529144525528,0.11558369547128677,0.9991855621337891,0.7847671508789062,0.49369412660598755,0.30136892199516296,1.0
1790268671.2655544,11.835026979446411,239,0,14,-0.5593152642250061,0.3821847140789032,0.103594571352005,0.14717935025691986,0.6878748536109924,0.005041942000389099,1.0,20,-0.43664246797561646,0.10740356147289276,0.10528409481048584,0.06680674105882645,0.45708853006362915,0.011953569948673248,1.0,32,-0.2608518600463867,1.2009854316711426,0.6242898106575012,1.6157619953155518,1.552797794342041,0.19752077758312225,1.0,69,-0.29049283266067505,0.39647001028060913,0.3296855390071869,0.8553579449653625,0.6861686110496521,0.044598836451768875,1.0,0.5724816918373108,0.24479413777589798,1.552797794342041,1.2009854316711426,0.6861686110496521,0.39647001028060913,1.0
1790268671.3175066,11.886979103088379,240,1,14,-0.46565791964530945,0.1978105753660202,0.06732279807329178,0.07315696775913239,0.510787308216095,0.002810168545693159,1.0,20,-0.4500991702079773,0.167063906788826,0.08023855835199356,0.09920670092105865,0.4915677607059479,0.0062246122397482395,1.0,32,-0.043938636779785156,0.19202184677124023,0.4023005962371826,0.29838740825653076,0.42515498399734497,0.02384936437010765,1.0,69,-0.27513718605041504,0.09358834475278854,0.2509530484676361,0.11272775381803513,0.3512137830257416,0.006919886916875839,1.0,0.5011775344610214,0.1824372410774231,0.42515498399734497,0.19202184677124023,0.3512137830257416,0.09358834475278854,1.0
1790268671.3654342,11.934906721115112,241,0,14,-0.5109111070632935,0.1431296169757843,0.04338672757148743,0.06289979070425034,0.5351818799972534,0.001974271610379219,1.0,20,-0.49720001220703125,-0.0103759765625,0.07988782972097397,0.1516660749912262,0.5219517946243286,0.008145919069647789,1.0,32,0.012206554412841797,-0.020855426788330078,0.4063478410243988,0.09707202762365341,0.3530653119087219,0.02069764956831932,1.0,69,-0.3036377429962158,0.024761144071817398,0.30713608860969543,0.09361496567726135,0.3813638985157013,0.007248762529343367,1.0,0.528566837310791,0.06637682020664215,0.3530653119087219,-0.020855426788330078,0.3813638985157013,0.024761144071817398,1.0
1790268671.4175324,11.98700499534607,242,0,14,-0.4854474663734436,0.0818154439330101,0.03415926918387413,0.01977887749671936,0.49272698163986206,0.0019170877058058977,1.0,20,-0.46170347929000854,0.049443818628787994,0.09175707399845123,0.061646509915590286,0.4697751998901367,0.007951563224196434,1.0,32,0.13504266738891602,0.14057588577270508,0.44162315130233765,0.22765672206878662,0.4354790151119232,0.015949353575706482,1.0,69,-0.2216513752937317,0.05823218449950218,0.34733277559280396,0.12422125786542892,0.38696831464767456,0.005658095236867666,1.0,0.4812510907649994,0.06562963128089905,0.4354790151119232,0.14057588577270508,0.38696831464767456,0.05823218449950218,1.0
1790268671.4654255,12.034898042678833,243,0,14,-0.5173274278640747,0.01633453369140625,0.08904102444648743,0.038494762033224106,0.5193430781364441,0.002164209960028529,1.0,20,-0.607623279094696,-0.053180694580078125,0.13009855151176453,0.06740187853574753,0.6141440272331238,0.01841358281672001,1.0,32,0.018747329711914062,0.2669863700866699,0.43834319710731506,0.33623242378234863,0.5393741130828857,0.014613911509513855,1.0,69,-0.2948663830757141,0.06967715919017792,0.3515593111515045,0.20843476057052612,0.4626582860946655,0.0061275954358279705,1.0,0.5667435526847839,-0.018423080444335938,0.5393741130828857,0.2669863700866699,0.4626582860946655,0.06967715919017792,1.0
1790268671.5174437,12.086916208267212,244,0,14,-0.21807098388671875,0.2747759222984314,0.21073302626609802,0.1347096711397171,0.4266590178012848,0.012909596785902977,1.0,20,-0.4229873716831207,0.060577392578125,0.3257022500038147,0.2643304169178009,0.5793867707252502,0.03740324079990387,1.0,32,-0.16621828079223633,0.42348289489746094,0.35207030177116394,0.5168184638023376,0.6687807440757751,0.02126392535865307,1.0,69,-0.2582632005214691,0.19429060816764832,0.3220078945159912,0.32104986906051636,0.4840345084667206,0.0086752250790596,1.0,0.5030228942632675,0.1676766574382782,0.6687807440757751,0.42348289489746094,0.4840345084667206,0.19429060816764832,1.0
1790268671.5694935,12.138966083526611,245,0,14,-0.3677651584148407,0.2286660373210907,0.19283753633499146,0.07726467400789261,0.4598982036113739,0.009889212436974049,1.0,20,-0.59149169921875,0.09092865139245987,0.2781880497932434,0.11022628843784332,0.6199691295623779,0.017848126590251923,1.0,32,-0.3935871124267578,0.25257253646850586,0.2832489311695099,0.24890542030334473,0.5586694478988647,0.01174110732972622,1.0,69,-0.4528021216392517,0.16536492109298706,0.27325350046157837,0.20886829495429993,0.5457431674003601,0.007548447232693434,1.0,0.5399336665868759,0.15979734435677528,0.5586694478988647,0.25257253646850586,0.5457431674003601,0.16536492109298706,1.0
1790268671.6174474,12.186919927597046,246,0,14,-0.8026558756828308,-0.02999223954975605,0.046712953597307205,0.04881899431347847,0.8047155737876892,0.005090371705591679,1.0,20,-0.5871963500976562,-0.1466362029314041,0.12098080664873123,0.1309717446565628,0.6157718300819397,0.0174955315887928,1.0,32,-0.7486691474914551,0.16842889785766602,0.24364307522773743,0.3334639370441437,0.849189817905426,0.012943735346198082,1.0,69,-0.6868416666984558,0.024927442893385887,0.23322226107120514,0.24338436126708984,0.7317503094673157,0.006082356441766024,1.0,0.7102437019348145,-0.08831422124058008,0.849189817905426,0.16842889785766602,0.7317503094673157,0.024927442893385887,1.0
1790268671.6694496,12.238922119140625,247,0,14,-0.7674092054367065,-0.2198835164308548,0.08129388839006424,0.09385975450277328,0.8023508787155151,0.0038344559725373983,1.0,20,-0.6837539672851562,-0.21990737318992615,0.1885727494955063,0.10429803282022476,0.7256771922111511,0.011648686602711678,1.0,32,-1.1225061416625977,0.1455698013305664,0.2900741398334503,0.462360680103302,1.2115474939346313,0.023047298192977905,1.0,69,-0.8517261743545532,-0.05654276907444,0.31398993730545044,0.35670503973960876,0.9141956567764282,0.010651265271008015,1.0,0.7640140354633331,-0.21989544481039047,1.2115474939346313,0.1455698013305664,0.9141956567764282,-0.05654276907444,1.0
1790268671.7174323,12.28690481185913,248,0,14,-0.9300951361656189,-0.23065948486328125,0.10360206663608551,0.03827584907412529,0.9595831632614136,0.002386495005339384,1.0,20,-0.8658370971679688,-0.372171014547348,0.17932899296283722,0.10716737061738968,0.9514840841293335,0.029554223641753197,1.0,32,-1.0937433242797852,0.16963720321655273,0.24086056649684906,0.45872533321380615,1.183661937713623,0.013465279713273048,1.0,69,-0.8637197613716125,-0.055028609931468964,0.28347766399383545,0.3485768139362335,0.9230656027793884,0.005843313876539469,1.0,0.9555336236953735,-0.30141524970531464,1.183661937713623,0.16963720321655273,0.9230656027793884,-0.055028609931468964,1.0
1790268671.7695293,12.339001893997192,249,0,14,-0.8815765380859375,-0.14030347764492035,0.09354699403047562,0.0296685378998518,0.8930764198303223,0.002025136025622487,1.0,20,-0.7552245855331421,-0.3241127133369446,0.18863463401794434,0.19148139655590057,0.8440626263618469,0.029734188690781593,1.0,32,-1.0256342887878418,0.12778663635253906,0.15450894832611084,0.3418992757797241,1.084551453590393,0.007754351943731308,1.0,69,-0.8474083542823792,-0.011627528816461563,0.27780160307884216,0.263199120759964,0.8833111524581909,0.00485379621386528,1.0,0.8685695230960846,-0.23220809549093246,1.084551453590393,0.12778663635253906,0.8833111524581909,-0.011627528816461563,1.0
1790268671.8214989,12.390971422195435,250,0,14,-0.7877306342124939,-0.0853424072265625,0.12447571754455566,0.0970931202173233,0.7980618476867676,0.005472430493682623,1.0,20,-0.7528976202011108,-0.059458158910274506,0.20775434374809265,0.15100863575935364,0.7715517282485962,0.016969315707683563,1.0,32,-1.070265293121338,0.15819883346557617,0.142595112323761,0.395585298538208,1.1442946195602417,0.011512759141623974,1.0,69,-0.8470319509506226,-0.009232672862708569,0.2796977162361145,0.3101939558982849,0.8944171667098999,0.006813916843384504,1.0,0.7848067879676819,-0.0724002830684185,1.1442946195602417,0.15819883346557617,0.8944171667098999,-0.009232672862708569,1.0
1790268671.8694549,12.438927412033081,251,0,13,0.09236379712820053,0.4545440673828125,0.5979068279266357,0.3803153932094574,0.751919686794281,0.1492173671722412,0.9285714285714286,16,-0.8107967376708984,-0.07288074493408203,0.34631335735321045,1.048545479774475,1.2209818363189697,0.249206081032753,0.8,32,-1.077397346496582,0.2722640037536621,0.1616518795490265,0.3949612081050873,1.16573166847229,0.009713202714920044,1.0,65,-0.6873713731765747,0.24847470223903656,0.5047346949577332,0.5279138088226318,0.9121479392051697,0.05951601266860962,0.9420289855072463,0.9864507615566254,0.19083166122436523,1.16573166847229,0.2722640037536621,0.9121479392051697,0.24847470223903656,0.9176501035196687
1790268671.9215245,12.490997076034546,252,0,13,-0.8137007355690002,0.11912889033555984,0.27059632539749146,0.10981421172618866,0.8318586349487305,0.030678480863571167,1.0,16,-0.5842552185058594,0.08604621887207031,0.17908385396003723,0.1585976928472519,0.6174254417419434,0.027873877435922623,1.0,32,-1.2907476425170898,0.507960319519043,0.19319002330303192,0.5130870342254639,1.4477003812789917,0.01404210552573204,1.0,65,-0.9245518445968628,0.197407528758049,0.37952718138694763,0.38561874628067017,0.9946149587631226,0.010778415948152542,1.0,0.7246420383453369,0.10258755460381508,1.4477003812789917,0.507960319519043,0.9946149587631226,0.197407528758049,1.0
1790268671.9694707,12.53894329071045,253,0,13,-1.646523118019104,-0.33655959367752075,0.4006524384021759,0.22941741347312927,1.6881465911865234,0.043227553367614746,1.0,16,-0.8064193725585938,-0.20804309844970703,0.2076713740825653,0.1389012336730957,0.8418762683868408,0.029259108006954193,1.0,32,-1.3367247581481934,0.42652368545532227,0.11929941177368164,0.43285131454467773,1.4601778984069824,0.011382443830370903,1.0,65,-1.1472548246383667,0.07624804973602295,0.4693830907344818,0.41402509808540344,1.2153226137161255,0.012151903472840786,1.0,1.2650114297866821,-0.2723013460636139,1.4601778984069824,0.42652368545532227,1.2153226137161255,0.07624804973602295,1.0
1790268672.0215147,12.590987205505371,254,0,13,-1.288104772567749,-0.36530715227127075,0.33783456683158875,0.24586288630962372,1.3487225770950317,0.039345744997262955,1.0,16,-0.9426803588867188,-0.3446063995361328,0.36927130818367004,0.3140358626842499,1.0491454601287842,0.049110908061265945,1.0,32,-1.1366033554077148,0.32343578338623047,0.12909311056137085,0.3624660074710846,1.2293940782546997,0.009958580136299133,1.0,65,-0.9652277827262878,0.02749551646411419,0.37598666548728943,0.37676650285720825,1.030043125152588,0.012602860108017921,1.0,1.198934018611908,-0.3549567759037018,1.2293940782546997,0.32343578338623047,1.030043125152588,0.02749551646411419,1.0
1790268672.0734258,12.642898321151733,255,1,13,-1.263452410697937,-0.2907268702983856,0.25761091709136963,0.18759150803089142,1.306983470916748,0.026549316942691803,1.0,16,-0.6254310607910156,-0.27547645568847656,0.1912415474653244,0.2605881094932556,0.7116084098815918,0.02560308389365673,1.0,32,-0.8635087013244629,0.239410400390625,0.10743781924247742,0.28296640515327454,0.9364378452301025,0.008941972628235817,1.0,65,-0.8283198475837708,0.01717294566333294,0.3073415160179138,0.3188994228839874,0.8810504674911499,0.009744588285684586,1.0,1.00929594039917,-0.2831016629934311,0.9364378452301025,0.239410400390625,0.8810504674911499,0.01717294566333294,1.0
1790268672.1214256,12.690898180007935,256,0,13,-0.916387677192688,-0.17710994184017181,0.1971689909696579,0.10851100832223892,0.9374392032623291,0.011189677752554417,1.0,16,-0.7219123840332031,-0.3344411849975586,0.2132967710494995,0.17088675498962402,0.8184641599655151,0.021942995488643646,1.0,32,-0.8737711906433105,0.24073028564453125,0.11024455726146698,0.2795441150665283,0.9457575082778931,0.01028004102408886,1.0,65,-0.7520911693572998,0.04205416142940521,0.2700548470020294,0.2493094801902771,0.7941842079162598,0.005777333863079548,1.0,0.8779516816139221,-0.2557755634188652,0.9457575082778931,0.24073028564453125,0.7941842079162598,0.04205416142940521,1.0
1790268672.173443,12.742915630340576,257,0,13,-0.9191882610321045,-0.25096365809440613,0.1851792335510254,0.1473819613456726,0.9665332436561584,0.011680885218083858,1.0,16,-0.49280738830566406,-0.12361526489257812,0.13329702615737915,0.22848555445671082,0.5539247393608093,0.032042697072029114,1.0,32,-0.7831892967224121,0.14502954483032227,0.08728731423616409,0.19551123678684235,0.8186108469963074,0.005999523214995861,1.0,65,-0.708562970161438,0.015774067491292953,0.24482876062393188,0.24663648009300232,0.750616729259491,0.005384910851716995,1.0,0.7602289915084839,-0.18728946149349213,0.8186108469963074,0.14502954483032227,0.750616729259491,0.015774067491292953,1.0
1790268672.2214365,12.790909051895142,258,0,13,-0.7535412311553955,-0.15954354405403137,0.12199930846691132,0.07405570149421692,0.7731103301048279,0.00622151605784893,1.0,16,-0.5337619781494141,0.02997875213623047,0.1622105836868286,0.19096554815769196,0.570281982421875,0.02388852834701538,1.0,32,-0.8099737167358398,0.26378822326660156,0.10413103550672531,0.22685691714286804,0.8799072504043579,0.009574105963110924,1.0,65,-0.6843541264533997,0.07666555792093277,0.23164205253124237,0.21852725744247437,0.719814658164978,0.004849803633987904,1.0,0.6716961562633514,-0.06478239595890045,0.8799072504043579,0.26378822326660156,0.719814658164978,0.07666555792093277,1.0
1790268672.273421,12.842893600463867,259,0,13,-0.6487004160881042,-0.056438740342855453,0.03412102162837982,0.028140438720583916,0.6517724394798279,0.0019826164934784174,1.0,16,-0.5970649719238281,-0.0792694091796875,0.07435872405767441,0.14776824414730072,0.6204414367675781,0.03524500131607056,1.0,32,-0.7108244895935059,0.21019458770751953,0.09194271266460419,0.22764815390110016,0.7690747380256653,0.006638024002313614,1.0,65,-0.5896289348602295,0.05939237028360367,0.19719664752483368,0.2100837230682373,0.6280373334884644,0.003813091665506363,1.0,0.636106938123703,-0.06785407476127148,0.7690747380256653,0.21019458770751953,0.6280373334884644,0.05939237028360367,1.0
1790268672.3254488,12.89492130279541,260,0,13,-0.6634638905525208,-0.07075382769107819,0.08174938708543777,0.026196636259555817,0.667823076248169,0.0021761851385235786,1.0,16,-0.44245338439941406,-0.011348724365234375,0.1398157924413681,0.10627678036689758,0.45855382084846497,0.0103660449385643,1.0,32,-0.5869064331054688,0.17841529846191406,0.07773727923631668,0.2124457061290741,0.6454120874404907,0.005718691274523735,1.0,65,-0.5345059633255005,0.07600086182355881,0.1842675358057022,0.18686455488204956,0.5717982649803162,0.004754842258989811,1.0,0.563188448548317,-0.04105127602815628,0.6454120874404907,0.17841529846191406,0.5717982649803162,0.07600086182355881,1.0
1790268672.3734539,12.942926406860352,261,0,13,-0.44756728410720825,-0.012962928041815758,0.04136282950639725,0.021845152601599693,0.4482733905315399,0.0019996610935777426,1.0,16,-0.3891735076904297,-0.00799560546875,0.09649067372083664,0.0795077234506607,0.3984685242176056,0.010154200717806816,1.0,32,-0.39244651794433594,0.1491231918334961,0.08753657341003418,0.16333165764808655,0.4421803951263428,0.004860270768404007,1.0,65,-0.36965543031692505,0.05740450322628021,0.12598742544651031,0.1657588928937912,0.4082459807395935,0.0031000066082924604,1.0,0.42337095737457275,-0.010479266755282879,0.4421803951263428,0.1491231918334961,0.4082459807395935,0.05740450322628021,1.0
1790268672.4254794,12.994951963424683,262,0,13,-0.25647324323654175,-0.05008873715996742,0.07967652380466461,0.042462851852178574,0.26622679829597473,0.001555186347104609,1.0,16,-0.2552928924560547,-0.10396862030029297,0.08269038051366806,0.09317975491285324,0.29425153136253357,0.006742353551089764,1.0,32,-0.17696619033813477,0.055296897888183594,0.07820538431406021,0.0939178541302681,0.19857218861579895,0.0037155046593397856,1.0,65,-0.180655375123024,0.021062176674604416,0.10256762057542801,0.10205280780792236,0.20834468305110931,0.0017907106084749103,1.0,0.28023916482925415,-0.0770286787301302,0.19857218861579895,0.055296897888183594,0.20834468305110931,0.021062176674604416,1.0
1790268672.4735076,13.042980194091797,263,0,13,-0.12738975882530212,0.03617624193429947,0.057278361171483994,0.010625457391142845,0.13325627148151398,0.001835365081205964,1.0,16,-0.11425209045410156,-0.04320335388183594,0.07569718360900879,0.0796353667974472,0.15348875522613525,0.002888693008571863,1.0,32,-0.04025077819824219,0.04615974426269531,0.026886848732829094,0.05878014490008354,0.07385481148958206,0.001960858702659607,1.0,65,-0.06761028617620468,0.042353350669145584,0.06635180860757828,0.06799796223640442,0.10374651104211807,0.001260621240362525,1.0,0.14337251335382462,-0.0035135559737682343,0.07385481148958206,0.04615974426269531,0.10374651104211807,0.042353350669145584,1.0
1790268672.5256207,13.095093250274658,264,0,13,-0.14805015921592712,0.16190865635871887,0.05868824943900108,0.02570093609392643,0.22320213913917542,0.0023533725179731846,1.0,16,-0.07143592834472656,0.03751850128173828,0.044481147080659866,0.02870980277657509,0.08610107749700546,0.0022297892719507217,1.0,32,0.01126861572265625,0.12198686599731445,0.038508955389261246,0.05951183661818504,0.12676043808460236,0.001911466708406806,1.0,65,-0.051675181835889816,0.10947582870721817,0.10629381239414215,0.08137499541044235,0.15659889578819275,0.0018381251720711589,1.0,0.15465160831809044,0.09971357882022858,0.12676043808460236,0.12198686599731445,0.15659889578819275,0.10947582870721817,1.0
1790268672.577467,13.146939516067505,265,0,13,-0.11952327191829681,0.2797792851924896,0.047558724880218506,0.04831777513027191,0.3076736032962799,0.002338221063837409,1.0,16,-0.09034156799316406,0.08046913146972656,0.06106800213456154,0.1074860617518425,0.14217376708984375,0.004424916114658117,1.0,32,0.11307764053344727,0.22437095642089844,0.06210529804229736,0.13670305907726288,0.2673683762550354,0.004940501879900694,1.0,65,-0.003435105551034212,0.20406599342823029,0.14586035907268524,0.12565939128398895,0.24936436116695404,0.0030636547598987818,1.0,0.22492368519306183,0.1801242083311081,0.2673683762550354,0.22437095642089844,0.24936436116695404,0.20406599342823029,1.0
1790268672.6254907,13.194963216781616,266,0,13,0.017363328486680984,0.24983097612857819,0.04827436804771423,0.03750372305512428,0.2547166049480438,0.003910097759217024,1.0,16,-0.04041481018066406,0.08528423309326172,0.04212763160467148,0.061413947492837906,0.10166874527931213,0.001904076081700623,1.0,32,0.23192691802978516,0.15625381469726562,0.058190423995256424,0.08398442715406418,0.2896164655685425,0.004402125254273415,1.0,65,0.09805509448051453,0.1650691032409668,0.13785308599472046,0.09588228911161423,0.2324950248003006,0.002856547012925148,1.0,0.17819267511367798,0.16755760461091995,0.2896164655685425,0.15625381469726562,0.2324950248003006,0.1650691032409668,1.0
1790268672.677715,13.247187614440918,267,0,13,0.10572932660579681,0.20782119035720825,0.08822690695524216,0.03092074580490589,0.2479046732187271,0.0026032328605651855,1.0,16,0.021511077880859375,0.12082862854003906,0.08157937228679657,0.07472920417785645,0.14549976587295532,0.004748907871544361,1.0,32,0.3564901351928711,0.16769933700561523,0.09233807027339935,0.09523751586675644,0.40848487615585327,0.008518045768141747,1.0,65,0.18612976372241974,0.15507589280605316,0.15700572729110718,0.09229711443185806,0.26760953664779663,0.0031791538931429386,1.0,0.19670221954584122,0.16432490944862366,0.40848487615585327,0.16769933700561523,0.26760953664779663,0.15507589280605316,1.0
1790268672.725565,13.295037508010864,268,0,13,0.12417484819889069,0.20242074131965637,0.05637089163064957,0.028328707441687584,0.24169383943080902,0.0018127741059288383,1.0,16,0.08013534545898438,0.0955038070678711,0.047400109469890594,0.11029814928770065,0.15946510434150696,0.0032925312407314777,1.0,32,0.29740333557128906,0.1487569808959961,0.13116008043289185,0.10389847308397293,0.354607492685318,0.006696334108710289,1.0,65,0.151955708861351,0.1340564489364624,0.1279841810464859,0.09395398199558258,0.22213220596313477,0.002207118319347501,1.0,0.200579471886158,0.14896227419376373,0.354607492685318,0.1487569808959961,0.22213220596313477,0.1340564489364624,1.0
1790268672.7775242,13.346996784210205,269,0,13,0.13406254351139069,0.14198185503482819,0.05809709057211876,0.027521317824721336,0.1998799592256546,0.002061725128442049,1.0,16,0.14825439453125,0.1416912078857422,0.04274057596921921,0.05222185701131821,0.2087569385766983,0.004551667254418135,1.0,32,0.3599815368652344,0.11238336563110352,0.0969403088092804,0.07552290707826614,0.38586148619651794,0.006572269834578037,1.0,65,0.21972022950649261,0.126598060131073,0.13191911578178406,0.07849684357643127,0.2675435543060303,0.002093934454023838,1.0,0.20431844890117645,0.1418365314602852,0.38586148619651794,0.11238336563110352,0.2675435543060303,0.126598060131073,1.0
1790268672.829517,13.39898943901062,270,1,13,0.23542198538780212,0.14264151453971863,0.06570121645927429,0.016789963468909264,0.27850258350372314,0.0018425914458930492,1.0,16,0.1633739471435547,0.16421985626220703,0.06454570591449738,0.06938184797763824,0.2363860309123993,0.01007039938122034,1.0,32,0.6931948661804199,0.12596464157104492,0.28801557421684265,0.14879316091537476,0.7239230871200562,0.02238650806248188,1.0,65,0.38779741525650024,0.12668797373771667,0.2644290328025818,0.10643523931503296,0.4247686564922333,0.004458023235201836,1.0,0.2574443072080612,0.15343068540096283,0.7239230871200562,0.12596464157104492,0.4247686564922333,0.12668797373771667,1.0
1790268672.8775449,13.447017431259155,271,0,13,0.3134084939956665,0.2950228154659271,0.07989604026079178,0.0398869588971138,0.4345383644104004,0.004460321739315987,1.0,16,0.2353668212890625,0.32769298553466797,0.07038132846355438,0.12985378503799438,0.41137048602104187,0.015259806998074055,1.0,32,1.132420539855957,-0.08396625518798828,0.6816353797912598,1.0392093658447266,1.5278775691986084,0.16408325731754303,1.0,65,0.6073188185691833,0.12596845626831055,0.5142189860343933,0.5428361892700195,0.788246750831604,0.03373591601848602,1.0,0.42295442521572113,0.31135790050029755,1.5278775691986084,-0.08396625518798828,0.788246750831604,0.12596845626831055,1.0
1790268672.9295378,13.49901032447815,272,0,13,0.5445662140846252,0.28691571950912476,0.1345384269952774,0.05053472891449928,0.6196203827857971,0.004301777109503746,1.0,16,0.3758563995361328,0.15044593811035156,0.19314536452293396,0.26664990186691284,0.4943850338459015,0.02214006707072258,1.0,32,0.5905098915100098,-0.84454345703125,0.7427368760108948,1.4602645635604858,1.7532925605773926,0.1911114752292633,1.0,65,0.5481473207473755,-0.19582578539848328,0.45290669798851013,0.9646009206771851,1.0063385963439941,0.05075022205710411,1.0,0.5570027083158493,0.21868082880973816,1.7532925605773926,-0.84454345703125,1.0063385963439941,-0.19582578539848328,1.0
1790268672.9774568,13.546929359436035,273,0,13,0.3698366582393646,0.14505591988563538,0.07651437819004059,0.018918978050351143,0.39891260862350464,0.0024902974255383015,1.0,16,0.3123950958251953,0.1987905502319336,0.06373383849859238,0.1463901847600937,0.3933660387992859,0.005583173129707575,1.0,32,0.5827312469482422,-0.7821006774902344,0.3163388669490814,0.6355795860290527,1.0712661743164062,0.029568830505013466,1.0,65,0.4201899468898773,-0.24119438230991364,0.22633926570415497,0.5152034163475037,0.604498565196991,0.011273384094238281,1.0,0.39613932371139526,0.17192323505878448,1.0712661743164062,-0.7821006774902344,0.604498565196991,-0.24119438230991364,1.0
1790268673.0294678,13.598940372467041,274,0,13,0.5589329600334167,0.17753365635871887,0.173661470413208,0.04878286272287369,0.591590404510498,0.003911988344043493,1.0,16,0.432830810546875,-0.018951416015625,0.11353341490030289,0.13341909646987915,0.4535548686981201,0.014939110726118088,1.0,32,0.6924581527709961,-0.4176187515258789,0.21179085969924927,0.3008619248867035,0.8576432466506958,0.012003104202449322,1.0,65,0.5336028933525085,-0.1253655105829239,0.25549429655075073,0.3089948892593384,0.612446665763855,0.006049070041626692,1.0,0.5225726366043091,0.07929112017154694,0.8576432466506958,-0.4176187515258789,0.612446665763855,-0.1253655105829239,1.0
1790268673.0814745,13.650947093963623,275,0,13,1.0667595863342285,0.618857741355896,0.4399634301662445,0.2820868194103241,1.2775588035583496,0.04130376875400543,1.0,16,0.47002410888671875,0.36690616607666016,0.22705534100532532,0.3225001096725464,0.6612926721572876,0.051128607243299484,1.0,32,0.637789249420166,-0.29714441299438477,0.25764915347099304,0.2243504524230957,0.7479394674301147,0.010693507269024849,1.0,65,0.5946727991104126,0.053197890520095825,0.3689044415950775,0.412080854177475,0.7045179009437561,0.01238927710801363,1.0,0.9694257378578186,0.4928819537162781,0.7479394674301147,-0.29714441299438477,0.7045179009437561,0.053197890520095825,1.0
1790268673.1294715,13.698944091796875,276,0,13,0.6383796334266663,0.41449445486068726,0.2836810350418091,0.13546642661094666,0.7883959412574768,0.014122317545115948,1.0,16,0.40653038024902344,0.27706241607666016,0.15959712862968445,0.2319522500038147,0.5423410534858704,0.03827071934938431,1.0,32,0.45536279678344727,-0.2434244155883789,0.10559702664613724,0.15721894800662994,0.5391493439674377,0.006996766198426485,1.0,65,0.4368443489074707,0.027180951088666916,0.21036319434642792,0.29357001185417175,0.5175598859786987,0.006861665286123753,1.0,0.6653684973716736,0.3457784354686737,0.5391493439674377,-0.2434244155883789,0.5175598859786987,0.027180951088666916,1.0
1790268673.1814353,13.750907897949219,277,0,13,0.34323355555534363,0.10344285517930984,0.09601972997188568,0.026905378326773643,0.36013343930244446,0.0035482554230839014,1.0,16,0.372039794921875,0.12916088104248047,0.19597171247005463,0.12880566716194153,0.41441360116004944,0.018707914277911186,1.0,32,0.33373498916625977,-0.09436321258544922,0.17866377532482147,0.11852293461561203,0.3727737069129944,0.008376091718673706,1.0,65,0.2881767749786377,-0.021593650802969933,0.1525246948003769,0.1222655400633812,0.31403639912605286,0.004417705815285444,1.0,0.38727352023124695,0.11630186811089516,0.3727737069129944,-0.09436321258544922,0.31403639912605286,-0.021593650802969933,1.0
1790268673.229481,13.798953533172607,278,0,13,0.2680957615375519,0.08975806832313538,0.04016156494617462,0.023279333487153053,0.2831478416919708,0.0011379920179024339,1.0,16,0.184478759765625,0.14763736724853516,0.08453038334846497,0.11801991611719131,0.2678622305393219,0.005732456222176552,1.0,32,0.18538141250610352,-0.10439920425415039,0.07797673344612122,0.0816732794046402,0.22580721974372864,0.004815226420760155,1.0,65,0.20346656441688538,-0.02426077052950859,0.10118736326694489,0.09989865869283676,0.2267524003982544,0.0027604245115071535,1.0,0.27550503611564636,0.11869771778583527,0.22580721974372864,-0.10439920425415039,0.2267524003982544,-0.02426077052950859,1.0
1790268673.2815588,13.851031303405762,279,0,13,0.322517991065979,0.19105999171733856,0.0763593465089798,0.0315372496843338,0.37729117274284363,0.0032441799994558096,1.0,16,0.247955322265625,0.16351985931396484,0.09788168966770172,0.07196392118930817,0.3040434718132019,0.010690184310078621,1.0,32,0.2920646667480469,-0.07511377334594727,0.07261350750923157,0.12055578827857971,0.3233984112739563,0.0042711542919278145,1.0,65,0.25703829526901245,0.04528655856847763,0.1268564909696579,0.1412496715784073,0.2939213514328003,0.0023992862552404404,1.0,0.34066732227802277,0.1772899255156517,0.3233984112739563,-0.07511377334594727,0.2939213514328003,0.04528655856847763,1.0
1790268673.3334942,13.902966737747192,280,0,13,0.38979750871658325,0.3455951511859894,0.10154310613870621,0.07118349522352219,0.5249506235122681,0.0038515974301844835,1.0,16,0.21828269958496094,0.19908618927001953,0.0994744524359703,0.11093046516180038,0.3017691969871521,0.009226636961102486,1.0,32,0.5055985450744629,-0.14187955856323242,0.1662326157093048,0.29861441254615784,0.5910850167274475,0.010270615108311176,1.0,65,0.35896041989326477,0.06845468282699585,0.21822811663150787,0.28115320205688477,0.4389997124671936,0.003273769048973918,1.0,0.4133599102497101,0.27234067022800446,0.5910850167274475,-0.14187955856323242,0.4389997124671936,0.06845468282699585,1.0
1790268673.3815386,13.951011180877686,281,0,13,0.5403125286102295,0.555200457572937,0.09416758269071579,0.05277654901146889,0.7763041853904724,0.007295295130461454,1.0,16,0.3960380554199219,0.41617870330810547,0.1805853545665741,0.15718522667884827,0.5825321674346924,0.012430807575583458,1.0,32,0.45470666885375977,-0.2470707893371582,0.15321850776672363,0.48873960971832275,0.6442129611968994,0.010270149447023869,1.0,65,0.3562260568141937,0.12998493015766144,0.2079433798789978,0.3959161937236786,0.49794721603393555,0.005302177742123604,1.0,0.6794181764125824,0.48568958044052124,0.6442129611968994,-0.2470707893371582,0.49794721603393555,0.12998493015766144,1.0
1790268673.4335227,14.002995252609253,282,0,13,0.506516695022583,0.45272475481033325,0.11482183635234833,0.03517111763358116,0.6818287968635559,0.003489112015813589,1.0,16,0.5099658966064453,0.5802955627441406,0.12762032449245453,0.157210111618042,0.787752628326416,0.014028158038854599,1.0,32,0.4221673011779785,-0.39495134353637695,0.23145462572574615,0.5657312273979187,0.7366030812263489,0.014771660789847374,1.0,65,0.36492592096328735,0.06705252081155777,0.25746235251426697,0.4295044541358948,0.5178722143173218,0.008128480054438114,1.0,0.734790712594986,0.5165101587772369,0.7366030812263489,-0.39495134353637695,0.5178722143173218,0.06705252081155777,1.0
1790268673.4815695,14.051042079925537,283,0,13,0.6262488961219788,0.6347456574440002,0.09971097111701965,0.05019088461995125,0.8931331634521484,0.005027795676141977,1.0,16,0.4593181610107422,0.35547542572021484,0.22420988976955414,0.33080485463142395,0.6382772326469421,0.0186767578125,1.0,32,0.4617443084716797,-0.4892153739929199,0.24691197276115417,0.7722567319869995,0.899842381477356,0.03864271193742752,1.0,65,0.4067530632019043,0.11768646538257599,0.2902897000312805,0.5523889064788818,0.6184238791465759,0.018059326335787773,1.0,0.7657051980495453,0.49511054158210754,0.899842381477356,-0.4892153739929199,0.6184238791465759,0.11768646538257599,1.0
1790268673.5335045,14.10297703742981,284,0,13,0.626878023147583,0.560105562210083,0.05683482438325882,0.03557581827044487,0.841462254524231,0.0047547100111842155,1.0,16,0.5512123107910156,0.542271614074707,0.1581745743751526,0.19669383764266968,0.7930063605308533,0.020172767341136932,1.0,32,0.613593578338623,-0.44440364837646484,0.19698332250118256,0.5553418397903442,0.894945502281189,0.038473404943943024,1.0,65,0.4768134355545044,0.06411191821098328,0.2740326523780823,0.48078858852386475,0.639535665512085,0.020694077014923096,1.0,0.8172343075275421,0.551188588142395,0.894945502281189,-0.44440364837646484,0.639535665512085,0.06411191821098328,1.0
1790268673.585526,14.154998540878296,285,1,13,0.7100149393081665,0.597969651222229,0.13574331998825073,0.07510633021593094,0.9353272914886475,0.003738974453881383,1.0,16,0.7120723724365234,0.4373054504394531,0.2505189776420593,0.14660751819610596,0.8424577713012695,0.047377172857522964,1.0,32,0.6981754302978516,-0.09449100494384766,0.16710950434207916,0.34797242283821106,0.7866283655166626,0.023390725255012512,1.0,65,0.5699690580368042,0.18882763385772705,0.28853732347488403,0.3788304626941681,0.6871635317802429,0.012226036749780178,1.0,0.8888925313949585,0.5176375508308411,0.7866283655166626,-0.09449100494384766,0.6871635317802429,0.18882763385772705,1.0
1790268673.633451,14.20292353630066,286,0,13,0.6530409455299377,0.659027099609375,0.05787121504545212,0.0343228317797184,0.9282677173614502,0.0037668843287974596,1.0,16,0.5077838897705078,0.2616128921508789,0.31690192222595215,0.22597651183605194,0.6100015640258789,0.01768377795815468,1.0,32,0.674860954284668,-0.2672386169433594,0.14853216707706451,0.6274533271789551,0.9069713950157166,0.022169671952724457,1.0,65,0.5162541270256042,0.1562146693468094,0.24692922830581665,0.45836400985717773,0.6750115156173706,0.010981028899550438,1.0,0.7691346406936646,0.46031999588012695,0.9069713950157166,-0.2672386169433594,0.6750115156173706,0.1562146693468094,1.0
1790268673.685489,14.254961490631104,287,0,13,0.5016326904296875,0.35430437326431274,0.08498167991638184,0.04141554236412048,0.6153167486190796,0.003572108456864953,1.0,16,0.30702972412109375,0.31693172454833984,0.0933496281504631,0.18498820066452026,0.4821334183216095,0.013875871896743774,1.0,32,0.5128755569458008,-0.40589332580566406,0.23673799633979797,0.7322303652763367,0.8936806321144104,0.02629355899989605,1.0,65,0.4161240756511688,0.004514488857239485,0.21350109577178955,0.45819321274757385,0.5546361804008484,0.009394296444952488,1.0,0.5487250834703445,0.3356180489063263,0.8936806321144104,-0.40589332580566406,0.5546361804008484,0.004514488857239485,1.0
1790268673.7335258,14.302998304367065,288,0,13,0.4494030177593231,0.2602374851703644,0.08309849351644516,0.029469193890690804,0.521887481212616,0.002435693982988596,1.0,16,0.3533935546875,0.2984638214111328,0.14079616963863373,0.10170530527830124,0.4729388356208801,0.0049300771206617355,1.0,32,0.2897615432739258,-0.6163797378540039,0.24252164363861084,0.8144717216491699,0.8427113890647888,0.06070356070995331,1.0,65,0.33142605423927307,-0.09765413403511047,0.16599038243293762,0.5488185286521912,0.5105859041213989,0.02207093872129917,1.0,0.49741315841674805,0.2793506532907486,0.8427113890647888,-0.6163797378540039,0.5105859041213989,-0.09765413403511047,1.0
1790268673.785454,14.354926586151123,289,0,13,0.4547741115093231,0.19099074602127075,0.0477462075650692,0.05048500746488571,0.4948625862598419,0.0021496417466551065,1.0,16,0.26108741760253906,0.1775665283203125,0.07780561596155167,0.05550491809844971,0.32203105092048645,0.008188625797629356,1.0,32,0.2302079200744629,-0.6701669692993164,0.3622986376285553,0.806921124458313,0.8870494365692139,0.07480134069919586,1.0,65,0.2737506628036499,-0.15636244416236877,0.18904078006744385,0.5615611672401428,0.48691752552986145,0.02898542955517769,1.0,0.4084468185901642,0.18427863717079163,0.8870494365692139,-0.6701669692993164,0.48691752552986145,-0.15636244416236877,1.0
1790268673.8375325,14.407005071640015,290,0,13,0.43544358015060425,-0.028839111328125,0.08641991764307022,0.05491998419165611,0.4400501549243927,0.0032348320819437504,1.0,16,0.2838134765625,0.03513526916503906,0.06618491560220718,0.09720849245786667,0.30385130643844604,0.006641783751547337,1.0,32,0.13779640197753906,-0.5575027465820312,0.2506493628025055,0.5622812509536743,0.6686571836471558,0.052003517746925354,1.0,65,0.24715599417686462,-0.22818168997764587,0.23824851214885712,0.3898727297782898,0.4465654790401459,0.020899944007396698,1.0,0.3719507306814194,0.0031480789184570312,0.6686571836471558,-0.5575027465820312,0.4465654790401459,-0.22818168997764587,1.0
1790268673.8856788,14.455151319503784,291,0,13,0.5303990244865417,-0.15737797319889069,0.08844548463821411,0.032198626548051834,0.5551747679710388,0.0035447103437036276,1.0,16,0.29676055908203125,-0.020069122314453125,0.11250521242618561,0.05962774530053139,0.3025977611541748,0.0059649269096553326,1.0,32,0.1758265495300293,-0.1857147216796875,0.2794298231601715,0.14745844900608063,0.3584743142127991,0.0209239162504673,1.0,65,0.2924199104309082,-0.1586845964193344,0.2788369059562683,0.14617203176021576,0.39898034930229187,0.010784807614982128,1.0,0.4288862645626068,-0.0887235477566719,0.3584743142127991,-0.1857147216796875,0.39898034930229187,-0.1586845964193344,1.0
1790268673.937611,14.507083654403687,292,0,13,0.4418170750141144,-0.30347150564193726,0.09496922045946121,0.056453362107276917,0.5374314188957214,0.005417496897280216,1.0,16,0.1966838836669922,-0.05609893798828125,0.06922736018896103,0.045372381806373596,0.2103668600320816,0.0031944201327860355,1.0,32,-0.020655155181884766,-0.09968805313110352,0.18739911913871765,0.12523320317268372,0.21548554301261902,0.01258324645459652,1.0,65,0.1980208158493042,-0.1901502162218094,0.2546721398830414,0.14666622877120972,0.3406079411506653,0.004783235490322113,1.0,0.3738991394639015,-0.17978522181510925,0.21548554301261902,-0.09968805313110352,0.3406079411506653,-0.1901502162218094,1.0
1790268673.9855063,14.554978847503662,293,0,13,0.4064178466796875,-0.47776442766189575,0.14743775129318237,0.15068484842777252,0.6330472230911255,0.009975733235478401,1.0,16,0.23073959350585938,-0.15041255950927734,0.06028934568166733,0.04288087785243988,0.2785585820674896,0.005654650274664164,1.0,32,0.05131673812866211,-0.5106167793273926,0.15864667296409607,0.2837330996990204,0.5385009050369263,0.015302570536732674,1.0,65,0.17386803030967712,-0.37112343311309814,0.20513789355754852,0.26031550765037537,0.45713695883750916,0.008091392926871777,1.0,0.45580290257930756,-0.31408849358558655,0.5385009050369263,-0.5106167793273926,0.45713695883750916,-0.37112343311309814,1.0
1790268674.0375798,14.607052326202393,294,0,13,0.0792083740234375,-0.36771920323371887,0.13066750764846802,0.07928138971328735,0.39218762516975403,0.007060400675982237,1.0,16,0.09554672241210938,-0.10742378234863281,0.04470240697264671,0.052157964557409286,0.15003083646297455,0.005597502458840609,1.0,32,-0.19602012634277344,-0.26471710205078125,0.14621692895889282,0.1500599980354309,0.3523528277873993,0.005293944850564003,1.0,65,-0.006514094304293394,-0.2087930589914322,0.16514192521572113,0.14774055778980255,0.26250067353248596,0.003569940337911248,1.0,0.2711092308163643,-0.23757149279117584,0.3523528277873993,-0.26471710205078125,0.26250067353248596,-0.2087930589914322,1.0
1790268674.0894685,14.65894103050232,295,0,13,-0.07477510720491409,-0.31473129987716675,0.10233817249536514,0.10905852168798447,0.34275928139686584,0.011520594358444214,1.0,16,0.011026382446289062,-0.08709144592285156,0.05934090167284012,0.053168050944805145,0.10381673276424408,0.0032176049426198006,1.0,32,-0.43537378311157227,-0.17136812210083008,0.11442817002534866,0.09282556921243668,0.4735988974571228,0.004819619469344616,1.0,65,-0.1937105655670166,-0.16719935834407806,0.2387988269329071,0.13267964124679565,0.3135417103767395,0.0038449664134532213,1.0,0.22328800708055496,-0.20091137290000916,0.4735988974571228,-0.17136812210083008,0.3135417103767395,-0.16719935834407806,1.0
1790268674.1374955,14.706968069076538,296,0,13,-0.291251540184021,-0.22725266218185425,0.17494678497314453,0.07281631976366043,0.39544084668159485,0.0035314711276441813,1.0,16,-0.07574081420898438,-0.07989025115966797,0.05582685396075249,0.04285349324345589,0.12126678228378296,0.007359412498772144,1.0,32,-0.6224484443664551,-0.12507057189941406,0.06931083649396896,0.07826412469148636,0.6403062343597412,0.005280642304569483,1.0,65,-0.3258289098739624,-0.11637526005506516,0.2770504355430603,0.10475556552410126,0.3808302879333496,0.003718369407579303,1.0,0.2583538144826889,-0.1535714566707611,0.6403062343597412,-0.12507057189941406,0.3808302879333496,-0.11637526005506516,1.0
1790268674.1895022,14.75897479057312,297,0,13,-0.4040973484516144,-0.14722618460655212,0.1886730194091797,0.04317541420459747,0.4389059841632843,0.0033118592109531164,1.0,16,-0.2808380126953125,-0.012232780456542969,0.11008793115615845,0.09228257834911346,0.298531711101532,0.009388896636664867,1.0,32,-0.7779178619384766,-0.10988712310791016,0.1108160987496376,0.07840476930141449,0.7905107736587524,0.007260940968990326,1.0,65,-0.47159284353256226,-0.09064929932355881,0.3284503221511841,0.11054132878780365,0.515701949596405,0.004880860447883606,1.0,0.36871884763240814,-0.07972948253154755,0.7905107736587524,-0.10988712310791016,0.515701949596405,-0.09064929932355881,1.0
1790268674.2374878,14.806960344314575,298,0,13,-0.6693091988563538,-0.20680119097232819,0.1927632838487625,0.06761293858289719,0.7033488750457764,0.0028044385835528374,1.0,16,-0.5796127319335938,-0.1018514633178711,0.22651837766170502,0.07952331751585007,0.5955511927604675,0.013238118030130863,1.0,32,-1.028940200805664,-0.12796545028686523,0.10634753853082657,0.058421067893505096,1.0389165878295898,0.004441925324499607,1.0,65,-0.7008927464485168,-0.10030364990234375,0.38965320587158203,0.11972315609455109,0.7309467792510986,0.005427957978099585,1.0,0.649450033903122,-0.15432632714509964,1.0389165878295898,-0.12796545028686523,0.7309467792510986,-0.10030364990234375,1.0
1790268674.289548,14.859020471572876,299,0,13,-0.7258394956588745,-0.12516902387142181,0.17917001247406006,0.02739381417632103,0.7382557988166809,0.0031288815662264824,1.0,16,-0.7259330749511719,-0.1672201156616211,0.32520297169685364,0.1520126312971115,0.7705532312393188,0.015294619835913181,1.0,32,-0.972442626953125,-0.1004939079284668,0.1272394359111786,0.04745413362979889,0.9789860248565674,0.0056999847292900085,1.0,65,-0.7189481258392334,-0.07469470798969269,0.3655972480773926,0.11889896541833878,0.7467536926269531,0.004794657230377197,1.0,0.7544045150279999,-0.14619456976652145,0.9789860248565674,-0.1004939079284668,0.7467536926269531,-0.07469470798969269,1.0
1790268674.3414695,14.910942077636719,300,1,13,-0.7607926726341248,-0.02081533521413803,0.10152535140514374,0.045990653336048126,0.7625123262405396,0.0027917204424738884,1.0,16,-0.5179424285888672,-0.07206439971923828,0.14781516790390015,0.12971118092536926,0.543035089969635,0.010470482520759106,1.0,32,-0.8894867897033691,0.018520355224609375,0.1415899097919464,0.044148750603199005,0.8911268711090088,0.004894376732409,1.0,65,-0.6802638173103333,0.013439354486763477,0.3515312373638153,0.09689351916313171,0.7025719285011292,0.0038346757646650076,1.0,0.6527737081050873,-0.046439867466688156,0.8911268711090088,0.018520355224609375,0.7025719285011292,0.013439354486763477,1.0
1790268674.3895516,14.95902419090271,301,0,13,-0.6547898650169373,0.11993877589702606,0.10943304747343063,0.045573387295007706,0.6689504981040955,0.0028012008406221867,1.0,16,-0.4396839141845703,0.026031494140625,0.12045108526945114,0.09224791824817657,0.4538641571998596,0.009398299269378185,1.0,32,-0.6799840927124023,0.16939449310302734,0.12553416192531586,0.0748295709490776,0.7033674120903015,0.005119078326970339,1.0,65,-0.5785320401191711,0.14532963931560516,0.27849432826042175,0.11217471212148666,0.6199194192886353,0.004349703900516033,1.0,0.5614073276519775,0.07298513501882553,0.7033674120903015,0.16939449310302734,0.6199194192886353,0.14532963931560516,1.0
1790268674.4414716,15.010944128036499,302,0,13,-0.027510423213243484,0.638108491897583,0.41013553738594055,0.3361075222492218,0.7617912292480469,0.08593494445085526,1.0,16,-0.49912261962890625,0.34323978424072266,0.4191286265850067,0.45702099800109863,0.725517988204956,0.05952853336930275,1.0,32,-0.6897697448730469,0.3501100540161133,0.17363588511943817,0.0915212482213974,0.7763481736183167,0.00836014561355114,1.0,65,-0.40353697538375854,0.3526100814342499,0.3344826102256775,0.2933676242828369,0.6093413829803467,0.025383174419403076,1.0,0.7436546087265015,0.49067413806915283,0.7763481736183167,0.3501100540161133,0.6093413829803467,0.3526100814342499,1.0
1790268674.4894917,15.058964252471924,303,0,13,-0.26028090715408325,0.914678692817688,0.2582134008407593,0.41847464442253113,0.9923616647720337,0.13279342651367188,1.0,16,-0.7700862884521484,0.40970516204833984,0.5825172066688538,0.30077093839645386,0.9294854402542114,0.03685422241687775,1.0,32,-0.6975417137145996,0.44535160064697266,0.11642720550298691,0.06712082773447037,0.8291352987289429,0.012557068839669228,1.0,65,-0.497850626707077,0.44527962803840637,0.3024556338787079,0.3624897003173828,0.7269744277000427,0.031101873144507408,1.0,0.9609235525131226,0.6621919274330139,0.8291352987289429,0.44535160064697266,0.7269744277000427,0.44527962803840637,1.0
1790268674.5415578,15.111030340194702,304,0,13,-0.6496288776397705,0.24909386038780212,0.14212892949581146,0.11108682304620743,0.7003158330917358,0.007831038907170296,1.0,16,-0.20574188232421875,0.16971492767333984,0.13566440343856812,0.1263538897037506,0.30178213119506836,0.012517795898020267,1.0,32,-0.6937723159790039,0.47005271911621094,0.10751555114984512,0.07779393345117569,0.8408195972442627,0.011738508939743042,1.0,65,-0.5592902302742004,0.33467406034469604,0.2518947720527649,0.19281409680843353,0.6741299033164978,0.007513243705034256,1.0,0.5010489821434021,0.20940439403057098,0.8408195972442627,0.47005271911621094,0.6741299033164978,0.33467406034469604,1.0
1790268674.593501,15.162973642349243,305,0,13,-1.0453972816467285,0.03485576808452606,0.20179018378257751,0.13032934069633484,1.05385422706604,0.03478339686989784,1.0,16,-0.25199317932128906,0.017528533935546875,0.2755264341831207,0.2135792225599289,0.37715399265289307,0.017643384635448456,1.0,32,-0.9770655632019043,0.342557430267334,0.15434874594211578,0.05995935574173927,1.0373024940490723,0.008112359791994095,1.0,65,-0.8057201504707336,0.2235713005065918,0.3825036287307739,0.21398350596427917,0.881665050983429,0.012619120068848133,1.0,0.7155041098594666,0.02619215101003647,1.0373024940490723,0.342557430267334,0.881665050983429,0.2235713005065918,1.0
1790268674.6414711,15.210943698883057,306,0,13,-1.3346099853515625,-0.29712384939193726,0.353097140789032,0.4261593222618103,1.3996011018753052,0.051663123071193695,1.0,16,-0.6775417327880859,-0.2935762405395508,0.14629872143268585,0.2847438454627991,0.781933069229126,0.05119936168193817,1.0,32,-0.998265266418457,0.21330499649047852,0.15040703117847443,0.0667797178030014,1.0223307609558105,0.005515832453966141,1.0,65,-0.9002697467803955,0.05154700577259064,0.4229564964771271,0.3403204381465912,0.9474750757217407,0.012154517695307732,1.0,1.0907670855522156,-0.295350044965744,1.0223307609558105,0.21330499649047852,0.9474750757217407,0.05154700577259064,1.0
1790268674.6936104,15.26308298110962,307,0,13,-1.253686785697937,-0.3579723536968231,0.4480190873146057,0.3479315936565399,1.3242223262786865,0.05669082701206207,1.0,16,-0.6804084777832031,-0.3313789367675781,0.2791355550289154,0.19914454221725464,0.7691540122032166,0.05344703793525696,1.0,32,-0.9744782447814941,0.1578197479248047,0.19335192441940308,0.0498698428273201,0.988423764705658,0.007203150540590286,1.0,65,-0.8898733258247375,0.01912700943648815,0.4111233055591583,0.3322218656539917,0.939337432384491,0.015552660450339317,1.0,1.0466881692409515,-0.3446756452322006,0.988423764705658,0.1578197479248047,0.939337432384491,0.01912700943648815,1.0
1790268674.7415602,15.311032772064209,308,0,13,-0.9765519499778748,-0.11860891431570053,0.12931248545646667,0.14032824337482452,0.9924563765525818,0.015464691445231438,1.0,16,-0.6861400604248047,-0.13961315155029297,0.1910414844751358,0.2031300961971283,0.7266212105751038,0.03535464033484459,1.0,32,-0.9757485389709473,0.11383390426635742,0.16724205017089844,0.07429268956184387,0.9849362373352051,0.00606475118547678,1.0,65,-0.8235018253326416,0.035805102437734604,0.3202027678489685,0.1965198516845703,0.8511204719543457,0.006826869677752256,1.0,0.8595387935638428,-0.12911103293299675,0.9849362373352051,0.11383390426635742,0.8511204719543457,0.035805102437734604,1.0
1790268674.793497,15.362969636917114,309,0,13,-0.8748121857643127,0.02417461760342121,0.10434213280677795,0.045733384788036346,0.8765154480934143,0.004896285478025675,1.0,16,-0.6256523132324219,-0.057852745056152344,0.13845844566822052,0.07075636833906174,0.6335766315460205,0.023679178208112717,1.0,32,-0.8756332397460938,0.1085972785949707,0.11428404599428177,0.06837014108896255,0.8846169710159302,0.004023161716759205,1.0,65,-0.7276076078414917,0.08042391389608383,0.2780244052410126,0.11002029478549957,0.745532214641571,0.003768614726141095,1.0,0.7550460398197174,-0.016839063726365566,0.8846169710159302,0.1085972785949707,0.745532214641571,0.08042391389608383,1.0
1790268674.845488,15.414960622787476,310,0,13,-0.445442795753479,0.19363872706890106,0.18827687203884125,0.13520656526088715,0.5212050676345825,0.01965397782623768,1.0,16,-0.6003665924072266,0.14842605590820312,0.2407590001821518,0.1698862910270691,0.6361750364303589,0.03160325810313225,1.0,32,-0.8487453460693359,0.14584732055664062,0.13226357102394104,0.05945071205496788,0.8629062175750732,0.006123232189565897,1.0,65,-0.6536456942558289,0.13846364617347717,0.28458914160728455,0.13697943091392517,0.6885184049606323,0.009466046467423439,1.0,0.5786900520324707,0.1710323914885521,0.8629062175750732,0.14584732055664062,0.6885184049606323,0.13846364617347717,1.0
1790268674.8934686,15.46294116973877,311,0,13,-0.25106340646743774,0.5955833792686462,0.49384060502052307,0.45403599739074707,0.8117152452468872,0.1956939846277237,1.0,16,-0.6449470520019531,0.07518863677978516,0.2961396276950836,0.16574466228485107,0.6648876070976257,0.05068080499768257,1.0,32,-0.7383008003234863,0.06630849838256836,0.05477651581168175,0.03522052988409996,0.7420672178268433,0.002415759488940239,1.0,65,-0.5463681817054749,0.19240252673625946,0.36543434858322144,0.3425660729408264,0.6826475262641907,0.03305630758404732,1.0,0.7383014261722565,0.3353860080242157,0.7420672178268433,0.06630849838256836,0.6826475262641907,0.19240252673625946,1.0
1790268674.9454665,15.514939069747925,312,0,13,-0.981925368309021,-0.29689261317253113,0.29634153842926025,0.28569746017456055,1.0446797609329224,0.019347654655575752,1.0,16,-0.35936546325683594,-0.20981311798095703,0.21283525228500366,0.18712110817432404,0.4746488332748413,0.020785199478268623,1.0,32,-0.6001343727111816,-0.0810246467590332,0.10692358762025833,0.06384050846099854,0.6085693836212158,0.0038562119007110596,1.0,65,-0.5203500390052795,-0.1284719556570053,0.32074952125549316,0.24374254047870636,0.5727316737174988,0.009351649321615696,1.0,0.7596642971038818,-0.2533528655767441,0.6085693836212158,-0.0810246467590332,0.5727316737174988,-0.1284719556570053,1.0
1790268674.993551,15.563023567199707,313,0,13,-0.694136381149292,-0.48492079973220825,0.2852689027786255,0.3413967192173004,0.863974928855896,0.08843641728162766,1.0,16,-0.4573516845703125,-0.2394580841064453,0.2510216236114502,0.23949608206748962,0.5621874332427979,0.02955080382525921,1.0,32,-0.4564476013183594,-0.17165327072143555,0.08093264698982239,0.053196344524621964,0.4907621145248413,0.0036891864147037268,1.0,65,-0.4027881324291229,-0.22835928201675415,0.2457905262708664,0.30201834440231323,0.4943064749240875,0.015174065716564655,1.0,0.7130811810493469,-0.3621894419193268,0.4907621145248413,-0.17165327072143555,0.4943064749240875,-0.22835928201675415,1.0
1790268675.045509,15.614981651306152,314,0,13,-0.43181318044662476,-0.4121257960796356,0.2716836631298065,0.23305022716522217,0.6022999286651611,0.02747410722076893,1.0,16,-0.20806884765625,-0.2174854278564453,0.08150006830692291,0.24338248372077942,0.32154515385627747,0.012840616516768932,1.0,32,-0.2252635955810547,-0.2074122428894043,0.11091189086437225,0.05654392018914223,0.3163273334503174,0.004686273168772459,1.0,65,-0.19955280423164368,-0.20159794390201569,0.19163545966148376,0.20991326868534088,0.2990982234477997,0.005684920120984316,1.0,0.4619225412607193,-0.31480561196804047,0.3163273334503174,-0.2074122428894043,0.2990982234477997,-0.20159794390201569,1.0
1790268675.0975728,15.66704535484314,315,1,13,-0.19944176077842712,-0.3405855596065521,0.1023678332567215,0.12772136926651,0.4025208652019501,0.011624759994447231,1.0,16,-0.053325653076171875,-0.1578655242919922,0.06171035394072533,0.1790754795074463,0.1830107867717743,0.008727197535336018,1.0,32,-0.056453704833984375,-0.2731328010559082,0.044562216848134995,0.0959772989153862,0.2820736765861511,0.004983209539204836,1.0,65,-0.05883554369211197,-0.22169823944568634,0.08672535419464111,0.17584331333637238,0.24822165071964264,0.004496263340115547,1.0,0.2927658259868622,-0.24922554194927216,0.2820736765861511,-0.2731328010559082,0.24822165071964264,-0.22169823944568634,1.0
1790268675.1455157,15.714988231658936,316,0,13,-0.14393028616905212,-0.54876708984375,0.1724555790424347,0.20087210834026337,0.5854343175888062,0.01900642365217209,1.0,16,0.06078529357910156,-0.3232889175415039,0.13834279775619507,0.2898520529270172,0.34250307083129883,0.041993364691734314,1.0,32,0.12447214126586914,-0.31627321243286133,0.07411957532167435,0.10194845497608185,0.34509706497192383,0.006827092729508877,1.0,65,0.050880078226327896,-0.2974686920642853,0.1313408613204956,0.24185961484909058,0.3241235613822937,0.007892544381320477,1.0,0.4639686942100525,-0.43602800369262695,0.34509706497192383,-0.31627321243286133,0.3241235613822937,-0.2974686920642853,1.0
1790268675.1974742,15.766946792602539,317,0,13,0.19741351902484894,-0.1569448560476303,0.13404515385627747,0.06903616338968277,0.2756282389163971,0.006337908562272787,1.0,16,0.04018592834472656,-0.12207412719726562,0.08562128245830536,0.12955531477928162,0.1886422038078308,0.013520818203687668,1.0,32,0.11749076843261719,-0.1830606460571289,0.06572003662586212,0.04961983487010002,0.22304993867874146,0.003814101219177246,1.0,65,0.11043982952833176,-0.11950096487998962,0.08078725636005402,0.09233608096837997,0.18136833608150482,0.0027069002389907837,1.0,0.23213522136211395,-0.13950949162244797,0.22304993867874146,-0.1830606460571289,0.18136833608150482,-0.11950096487998962,1.0
1790268675.2455614,15.815033912658691,318,0,12,1.1406618356704712,0.5534744262695312,0.709028959274292,0.4415747821331024,1.2967422008514404,0.25280484557151794,0.9230769230769231,16,-0.05587196350097656,0.15097618103027344,0.24216777086257935,0.39390668272972107,0.3096420168876648,0.11387837678194046,1.0,32,0.04866790771484375,-0.0645294189453125,0.02912384830415249,0.020537877455353737,0.08443744480609894,0.0010553281754255295,1.0,64,0.21307730674743652,0.08426666259765625,0.481680303812027,0.35639530420303345,0.30728965997695923,0.060103558003902435,0.9846153846153847,0.8031921088695526,0.35222530364990234,0.08443744480609894,-0.0645294189453125,0.30728965997695923,0.08426666259765625,0.976923076923077
1790268675.2976475,15.867120027542114,319,0,12,0.07814661413431168,0.09380849450826645,0.05494661256670952,0.08334390074014664,0.12423136830329895,0.006185168866068125,1.0,16,0.07657623291015625,0.08766365051269531,0.06951385736465454,0.09625083208084106,0.12685133516788483,0.00574843492358923,1.0,32,0.08488988876342773,0.015255928039550781,0.028268961235880852,0.0207547377794981,0.08956997096538544,0.0011276117293164134,1.0,64,0.0843813419342041,0.04116487503051758,0.044932205229997635,0.08882185071706772,0.10769298672676086,0.0022099351044744253,1.0,0.1255413517355919,0.09073607251048088,0.08956997096538544,0.015255928039550781,0.10769298672676086,0.04116487503051758,1.0
1790268675.349494,15.91896653175354,320,0,12,-0.042341869324445724,-0.030366262421011925,0.13672436773777008,0.18703725934028625,0.1577741950750351,0.019992509856820107,1.0,16,0.09021568298339844,0.09640693664550781,0.15955950319766998,0.17612548172473907,0.2233073115348816,0.02399524487555027,1.0,32,0.1151118278503418,0.09451675415039062,0.03742627799510956,0.04264237731695175,0.15243706107139587,0.0020014718174934387,1.0,64,0.08268404006958008,0.02950870990753174,0.11456578969955444,0.1490243375301361,0.15716665983200073,0.006148370448499918,1.0,0.19054075330495834,0.033020337112247944,0.15243706107139587,0.09451675415039062,0.15716665983200073,0.02950870990753174,1.0
1790268675.397567,15.967039585113525,321,0,12,-0.26808929443359375,-0.24227650463581085,0.4256027340888977,0.35505935549736023,0.42802849411964417,0.07577115297317505,1.0,16,0.15326881408691406,-0.03956031799316406,0.0782070904970169,0.269656240940094,0.2145640254020691,0.022556863725185394,1.0,32,0.09388351440429688,0.03688240051269531,0.03065718337893486,0.02956007607281208,0.10579465329647064,0.0009311151807196438,1.0,64,0.02765631675720215,-0.05787014961242676,0.26183584332466125,0.2759137451648712,0.1963648647069931,0.008824249729514122,1.0,0.32129625976085663,-0.14091841131448746,0.10579465329647064,0.03688240051269531,0.1963648647069931,-0.05787014961242676,1.0
1790268675.4495418,16.019014358520508,322,0,12,-0.062145233154296875,-0.23306401073932648,0.21927344799041748,0.21073207259178162,0.3124845027923584,0.02171141467988491,1.0,16,0.09087753295898438,-0.055694580078125,0.05492856726050377,0.21945010125637054,0.1522878259420395,0.007465904112905264,1.0,32,0.10226011276245117,-0.02742147445678711,0.036118317395448685,0.02123214304447174,0.10706718266010284,0.0010562865063548088,1.0,64,0.09658193588256836,-0.07488977909088135,0.11774998903274536,0.16313529014587402,0.17311595380306244,0.004633089527487755,1.0,0.23238616436719894,-0.14437929540872574,0.10706718266010284,-0.02742147445678711,0.17311595380306244,-0.07488977909088135,1.0
1790268675.4975646,16.067037105560303,323,0,12,0.07381820678710938,-0.16307704150676727,0.05198904871940613,0.056813497096300125,0.19117744266986847,0.001878394396044314,1.0,16,0.11149787902832031,-0.04930400848388672,0.04225463420152664,0.10036738961935043,0.15013615787029266,0.0067661236971616745,1.0,32,0.1098475456237793,-0.07779836654663086,0.038957469165325165,0.02977890707552433,0.13687291741371155,0.0010186678264290094,1.0,64,0.11865019798278809,-0.09205543994903564,0.06140211969614029,0.06683320552110672,0.1618438959121704,0.001776949968189001,1.0,0.17065680027008057,-0.106190524995327,0.13687291741371155,-0.07779836654663086,0.1618438959121704,-0.09205543994903564,1.0
1790268675.5495522,16.119024753570557,324,0,12,0.12690353393554688,-0.1399332731962204,0.047028135508298874,0.025026211515069008,0.19471879303455353,0.002320101484656334,1.0,16,0.10540390014648438,-0.06447601318359375,0.04160702973604202,0.04764694720506668,0.12929561734199524,0.003028213046491146,1.0,32,0.12348699569702148,-0.09701824188232422,0.03447004035115242,0.02566513605415821,0.15771067142486572,0.0009502898901700974,1.0,64,0.13480758666992188,-0.10302221775054932,0.05868398770689964,0.05551311746239662,0.17428505420684814,0.0013803753536194563,1.0,0.16200720518827438,-0.10220464318990707,0.15771067142486572,-0.09701824188232422,0.17428505420684814,-0.10302221775054932,1.0
1790268675.601473,16.170945644378662,325,0,12,0.019268035888671875,-0.21241378784179688,0.08561290800571442,0.12965045869350433,0.23020710051059723,0.009187811985611916,1.0,16,0.0478515625,-0.04755592346191406,0.05311843752861023,0.06756120175123215,0.10047506541013718,0.0026169968768954277,1.0,32,0.0391383171081543,-0.07323122024536133,0.025481287389993668,0.02183683216571808,0.08605804294347763,0.0010129164438694715,1.0,64,0.04614424705505371,-0.08606040477752686,0.057030823081731796,0.10854615271091461,0.11901533603668213,0.0022289634216576815,1.0,0.1653410829603672,-0.12998485565185547,0.08605804294347763,-0.07323122024536133,0.11901533603668213,-0.08606040477752686,1.0
1790268675.6495888,16.219061374664307,326,0,12,-0.14078903198242188,-0.24308522045612335,0.16814984381198883,0.13801628351211548,0.29934918880462646,0.01156002189964056,1.0,16,0.0209197998046875,-0.05717754364013672,0.04031640663743019,0.08629884570837021,0.07834619283676147,0.005057057365775108,1.0,32,-0.04000520706176758,-0.054697513580322266,0.030485795810818672,0.03172559291124344,0.07650518417358398,0.0008914666250348091,1.0,64,-0.03731131553649902,-0.07588422298431396,0.10948044061660767,0.10227669030427933,0.11859183013439178,0.0022852933034300804,1.0,0.18884769082069397,-0.15013138204813004,0.07650518417358398,-0.054697513580322266,0.11859183013439178,-0.07588422298431396,1.0
1790268675.7015464,16.271018981933594,327,0,12,-0.11067453771829605,-0.07635498046875,0.08246582001447678,0.016031412407755852,0.14564846456050873,0.00078332464909181,1.0,16,-0.020944595336914062,0.02477550506591797,0.027018744498491287,0.03437461331486702,0.04612012952566147,0.0027531140949577093,1.0,32,-0.3450632095336914,-0.0028438568115234375,0.180067777633667,0.07969542592763901,0.352992445230484,0.003119791392236948,1.0,64,-0.2249126434326172,-0.016760587692260742,0.2023768275976181,0.08317132294178009,0.26144689321517944,0.00243394635617733,1.0,0.0958842970430851,-0.025789737701416016,0.352992445230484,-0.0028438568115234375,0.26144689321517944,-0.016760587692260742,1.0
1790268675.749659,16.31913161277771,328,0,12,-0.4615592956542969,-0.22051365673542023,0.2410901039838791,0.14765538275241852,0.5209210515022278,0.012749397195875645,1.0,16,-0.11741447448730469,0.1817770004272461,0.08337166905403137,0.13169990479946136,0.2435804158449173,0.011831358075141907,1.0,32,-0.8038043975830078,0.24630308151245117,0.1144285500049591,0.1480092704296112,0.8502576351165771,0.005173128098249435,1.0,64,-0.5609180927276611,0.10999464988708496,0.3425873816013336,0.21349312365055084,0.6293074488639832,0.005520661827176809,1.0,0.38225073367357254,-0.019368328154087067,0.8502576351165771,0.24630308151245117,0.6293074488639832,0.10999464988708496,1.0
1790268675.8016045,16.371077060699463,329,0,12,-0.5137748718261719,-0.11375045776367188,0.22341859340667725,0.15198849141597748,0.5439317226409912,0.01581278070807457,1.0,16,-0.2054157257080078,0.4260892868041992,0.15979504585266113,0.26598116755485535,0.5058901309967041,0.03201064094901085,1.0,32,-0.6038365364074707,0.5821995735168457,0.1729864776134491,0.22522617876529694,0.84662926197052,0.01068667508661747,1.0,64,-0.4456925392150879,0.30411195755004883,0.2468283772468567,0.32174867391586304,0.6125384569168091,0.007107963785529137,1.0,0.5249109268188477,0.15616941452026367,0.84662926197052,0.5821995735168457,0.6125384569168091,0.30411195755004883,1.0
1790268675.8534765,16.422949075698853,330,1,12,-0.2447662353515625,0.19391632080078125,0.06587684899568558,0.06423051655292511,0.32166019082069397,0.005023984704166651,1.0,16,-0.03254127502441406,0.48744869232177734,0.07219643145799637,0.14517763257026672,0.4944853186607361,0.039378732442855835,1.0,32,-0.27151918411254883,0.6354684829711914,0.15300600230693817,0.18835817277431488,0.7013454437255859,0.012453898787498474,1.0,64,-0.23807740211486816,0.3872559070587158,0.1509266197681427,0.2558944821357727,0.5013814568519592,0.0066970596089959145,1.0,0.408072754740715,0.3406825065612793,0.7013454437255859,0.6354684829711914,0.5013814568519592,0.3872559070587158,1.0
1790268675.901509,16.47098159790039,331,0,12,-0.20055007934570312,0.3093910217285156,0.07896041125059128,0.10274007171392441,0.37709784507751465,0.007445043418556452,1.0,16,-0.11230659484863281,0.46390438079833984,0.1492655724287033,0.21267502009868622,0.5209751129150391,0.015219297260046005,1.0,32,-0.2426466941833496,0.5123348236083984,0.10856778919696808,0.07949714362621307,0.5763928890228271,0.005936058238148689,1.0,64,-0.2571566104888916,0.364088773727417,0.17050892114639282,0.22402885556221008,0.4998011589050293,0.0054293666034936905,1.0,0.44903647899627686,0.38664770126342773,0.5763928890228271,0.5123348236083984,0.4998011589050293,0.364088773727417,1.0
1790268675.953537,16.523009538650513,332,0,12,-0.3748830258846283,0.34170278906822205,0.07962866127490997,0.09969134628772736,0.5161294341087341,0.004621639382094145,1.0,16,-0.3607177734375,0.3195610046386719,0.17797242105007172,0.18591845035552979,0.5168683528900146,0.020283697172999382,1.0,32,-0.5109872817993164,0.4826192855834961,0.13635745644569397,0.0938648134469986,0.7074705362319946,0.0050854068249464035,1.0,64,-0.46645379066467285,0.3688598871231079,0.20224294066429138,0.19966058433055878,0.6308536529541016,0.005921224132180214,1.0,0.5164988934993744,0.33063189685344696,0.7074705362319946,0.4826192855834961,0.6308536529541016,0.3688598871231079,1.0
1790268676.0014925,16.570965051651,333,0,12,-0.06987889856100082,1.0635744333267212,0.6237983107566833,0.40468630194664,1.2325690984725952,0.20283186435699463,1.0,16,-0.8785953521728516,0.8023357391357422,0.4011152684688568,0.9757195115089417,1.234885811805725,0.1641051024198532,1.0,32,-0.8551034927368164,0.6441311836242676,0.1405031383037567,0.09826365113258362,1.0748132467269897,0.009257362224161625,1.0,64,-0.702125072479248,0.652660608291626,0.473699152469635,0.5884979367256165,1.0830808877944946,0.06713175028562546,1.0,1.2337274551391602,0.9329550862312317,1.0748132467269897,0.6441311836242676,1.0830808877944946,0.652660608291626,1.0
1790268676.0536435,16.62311601638794,334,0,12,-0.9511502385139465,0.6410853266716003,0.15989862382411957,0.11271905153989792,1.1601277589797974,0.03543984517455101,1.0,16,-0.7538814544677734,0.42362499237060547,0.13559100031852722,0.09143410623073578,0.867897629737854,0.01641819253563881,1.0,32,-0.7619156837463379,0.7389993667602539,0.12795288860797882,0.11344248056411743,1.063291072845459,0.006304675247520208,1.0,64,-0.8141517639160156,0.5918670892715454,0.2652561664581299,0.22854262590408325,1.0426050424575806,0.012350562959909439,1.0,1.0140126943588257,0.5323551595211029,1.063291072845459,0.7389993667602539,1.0426050424575806,0.5918670892715454,1.0
1790268676.1055632,16.67503571510315,335,0,12,-1.2695274353027344,0.0414886474609375,0.3447245657444,0.16761067509651184,1.2803601026535034,0.0736764445900917,1.0,16,-0.7187328338623047,0.17915916442871094,0.21660566329956055,0.3226328492164612,0.8072177171707153,0.03622320666909218,1.0,32,-0.6963996887207031,0.6397690773010254,0.1166338324546814,0.15066547691822052,0.9510681629180908,0.005444834474474192,1.0,64,-0.8147857189178467,0.41631054878234863,0.3902197778224945,0.35459625720977783,1.012803554534912,0.016465460881590843,1.0,1.0437889099121094,0.11032390594482422,0.9510681629180908,0.6397690773010254,1.012803554534912,0.41631054878234863,1.0
1790268676.1534882,16.722960710525513,336,0,12,-1.3482576608657837,0.0177129115909338,0.37537863850593567,0.2881239056587219,1.3759287595748901,0.09309575706720352,1.0,16,-0.4211139678955078,0.04277324676513672,0.11721368134021759,0.41148483753204346,0.531329333782196,0.06897948682308197,1.0,32,-0.5655741691589355,0.7108440399169922,0.10796413570642471,0.10262476652860641,0.9146589040756226,0.009955091401934624,1.0,64,-0.6836657524108887,0.4182548522949219,0.4080614149570465,0.415727823972702,0.9386186599731445,0.02644611895084381,1.0,0.9536290466785431,0.03024307917803526,0.9146589040756226,0.7108440399169922,0.9386186599731445,0.4182548522949219,1.0
1790268676.2055883,16.775060892105103,337,0,12,-1.0120340585708618,-0.009295145981013775,0.2664000391960144,0.2262222319841385,1.0381139516830444,0.030874261632561684,1.0,16,-0.3867206573486328,0.1069488525390625,0.1402684897184372,0.1743551790714264,0.4454795718193054,0.026840578764677048,1.0,32,-0.5312409400939941,0.5827608108520508,0.11529772728681564,0.10431382060050964,0.79402095079422,0.007453021127730608,1.0,64,-0.5574707984924316,0.36457204818725586,0.3183421790599823,0.2786688804626465,0.7505335211753845,0.008592343889176846,1.0,0.7417967617511749,0.04882685327902436,0.79402095079422,0.5827608108520508,0.7505335211753845,0.36457204818725586,1.0
1790268676.2535906,16.823063135147095,338,0,12,-0.4224281311035156,0.15394718945026398,0.13852615654468536,0.14152753353118896,0.46998992562294006,0.007415969390422106,1.0,16,-0.21607398986816406,0.08735942840576172,0.19865889847278595,0.14481334388256073,0.27018627524375916,0.013018771074712276,1.0,32,-0.20942926406860352,0.39487504959106445,0.0659594014286995,0.09100624173879623,0.45246997475624084,0.0072686029598116875,1.0,64,-0.20349955558776855,0.2349863052368164,0.16679802536964417,0.1491243839263916,0.3559567928314209,0.004789374303072691,1.0,0.3700881004333496,0.12065330892801285,0.45246997475624084,0.39487504959106445,0.3559567928314209,0.2349863052368164,1.0
1790268676.3056045,16.87507700920105,339,0,12,-0.040190380066633224,0.03217315673828125,0.04997580498456955,0.04597320035099983,0.07430068403482437,0.0012914125109091401,1.0,16,0.00882720947265625,0.05406951904296875,0.06508132815361023,0.05946524441242218,0.09381358325481415,0.0040923310443758965,1.0,32,0.05031108856201172,0.20583009719848633,0.1056595891714096,0.07355818897485733,0.22947916388511658,0.004935328848659992,1.0,64,0.02704167366027832,0.10157132148742676,0.09609519690275192,0.08686376363039017,0.13495104014873505,0.002626886125653982,1.0,0.08405713364481926,0.043121337890625,0.22947916388511658,0.20583009719848633,0.13495104014873505,0.10157132148742676,1.0
1790268676.357679,16.927151441574097,340,0,12,0.22069549560546875,-0.06449762731790543,0.15530112385749817,0.06400162726640701,0.24105019867420197,0.007345212157815695,1.0,16,0.2736091613769531,-0.023012161254882812,0.22399242222309113,0.2117002010345459,0.3362765312194824,0.01011335663497448,1.0,32,0.21067047119140625,0.05306720733642578,0.07482052594423294,0.047003570944070816,0.22161826491355896,0.0019457010785117745,1.0,64,0.22209811210632324,0.010328054428100586,0.12208728492259979,0.07388623058795929,0.23395264148712158,0.004952031187713146,1.0,0.2886633649468422,-0.04375489428639412,0.22161826491355896,0.05306720733642578,0.23395264148712158,0.010328054428100586,1.0
1790268676.4055603,16.975032806396484,341,0,12,0.6108258366584778,-0.2004903107881546,0.1839292347431183,0.055650100111961365,0.6446345448493958,0.00321123911999166,1.0,16,0.4612274169921875,-0.12946510314941406,0.24507316946983337,0.1385742723941803,0.4873647689819336,0.01387742254883051,1.0,32,0.593254566192627,-0.07496118545532227,0.1551874876022339,0.05620797723531723,0.5994976162910461,0.0049344804137945175,1.0,64,0.622485876083374,-0.10994720458984375,0.18067651987075806,0.09285226464271545,0.6383416652679443,0.005237002857029438,1.0,0.5659996569156647,-0.16497770696878433,0.5994976162910461,-0.07496118545532227,0.6383416652679443,-0.10994720458984375,1.0
1790268676.4574814,17.02695393562317,342,0,12,0.7321574091911316,-0.18522517383098602,0.12766677141189575,0.02738611400127411,0.7556180953979492,0.0035076914355158806,1.0,16,0.6408576965332031,-0.21615982055664062,0.22650046646595,0.16947369277477264,0.6922168731689453,0.02591594308614731,1.0,32,1.035529613494873,-0.2412104606628418,0.11547781527042389,0.08137612789869308,1.065751314163208,0.0065878648310899734,1.0,64,0.8852221965789795,-0.2118215560913086,0.25232309103012085,0.13728637993335724,0.9225814342498779,0.007392441853880882,1.0,0.7239174842834473,-0.20069249719381332,1.065751314163208,-0.2412104606628418,0.9225814342498779,-0.2118215560913086,1.0
1790268676.5056405,17.07511305809021,343,0,12,0.9397544860839844,-0.33911004662513733,0.09815124422311783,0.039184730499982834,0.9997963309288025,0.005299388896673918,1.0,16,0.6374931335449219,-0.1956777572631836,0.1420305073261261,0.16773781180381775,0.6865209341049194,0.02012690156698227,1.0,32,0.952425479888916,-0.31000375747680664,0.10971181839704514,0.07205954194068909,1.002868890762329,0.006290355697274208,1.0,64,0.8176298141479492,-0.2603890895843506,0.2475050538778305,0.11450576037168503,0.8725775480270386,0.009953867644071579,1.0,0.843158632516861,-0.26739390194416046,1.002868890762329,-0.31000375747680664,0.8725775480270386,-0.2603890895843506,1.0
1790268676.5575566,17.127029180526733,344,0,12,0.6399510502815247,-0.3960609436035156,0.058008670806884766,0.02941283956170082,0.7538281083106995,0.005253730341792107,1.0,16,0.4413013458251953,-0.3120412826538086,0.1024504080414772,0.17233619093894958,0.5629520416259766,0.027918018400669098,1.0,32,0.40801286697387695,-0.2918434143066406,0.11382546275854111,0.08524608612060547,0.5051636099815369,0.0061241863295435905,1.0,64,0.44783902168273926,-0.28689146041870117,0.19993703067302704,0.14133526384830475,0.5471028089523315,0.0051718903705477715,1.0,0.658390074968338,-0.3540511131286621,0.5051636099815369,-0.2918434143066406,0.5471028089523315,-0.28689146041870117,1.0
1790268676.609566,17.179038524627686,345,1,12,0.15814845263957977,-0.3147697448730469,0.11016742885112762,0.06465856730937958,0.3614577353000641,0.004053725861012936,1.0,16,0.2538948059082031,-0.18808555603027344,0.19114334881305695,0.1396654099225998,0.34029853343963623,0.010971306823194027,1.0,32,0.11634683609008789,-0.2642397880554199,0.0702134370803833,0.09021255373954773,0.2924737334251404,0.003248218446969986,1.0,64,0.13360309600830078,-0.2233598232269287,0.10032623261213303,0.13012512028217316,0.27432680130004883,0.0030034820083528757,1.0,0.35087813436985016,-0.25142765045166016,0.2924737334251404,-0.2642397880554199,0.27432680130004883,-0.2233598232269287,1.0
1790268676.6576164,17.227088928222656,346,0,12,-0.0120760602876544,-0.1055501326918602,0.034621402621269226,0.017738018184900284,0.11147695034742355,0.0013197275111451745,1.0,16,0.05368232727050781,-0.04615211486816406,0.07586555927991867,0.07629053294658661,0.11176306009292603,0.004317461047321558,1.0,32,-0.09174013137817383,-0.11132335662841797,0.04487411305308342,0.04452233389019966,0.14896205067634583,0.002030630363151431,1.0,64,-0.030841350555419922,-0.08587408065795898,0.06644023209810257,0.05250595510005951,0.11366498470306396,0.0016946885734796524,1.0,0.11162000522017479,-0.07585112378001213,0.14896205067634583,-0.11132335662841797,0.11366498470306396,-0.08587408065795898,1.0
1790268676.7095306,17.279003143310547,347,0,12,-0.0871836319565773,0.004932403564453125,0.04231581091880798,0.0105532081797719,0.0882396399974823,0.0008348717237822711,1.0,16,-0.027973175048828125,0.01632976531982422,0.03119036741554737,0.029811469838023186,0.048805855214595795,0.0024207551032304764,1.0,32,-0.17914104461669922,0.021862030029296875,0.04661625251173973,0.031392160803079605,0.18365104496479034,0.0016861337935552,1.0,64,-0.10447001457214355,0.010885953903198242,0.09293173998594284,0.030669869855046272,0.1216048151254654,0.0010338991414755583,1.0,0.06852274760603905,0.010631084442138672,0.18365104496479034,0.021862030029296875,0.1216048151254654,0.010885953903198242,1.0
1790268676.7574942,17.326966762542725,348,0,12,-0.00052642822265625,0.053109485656023026,0.01369068305939436,0.015292773954570293,0.05499536916613579,0.0009955954737961292,1.0,16,-0.010009765625,0.09819507598876953,0.04789991304278374,0.03582623600959778,0.10883721709251404,0.0020904303528368473,1.0,32,-0.09766101837158203,0.1497516632080078,0.062206804752349854,0.07027765363454819,0.1810518503189087,0.00206995802000165,1.0,64,-0.04053354263305664,0.09167981147766113,0.07202595472335815,0.08069393783807755,0.11575357615947723,0.0013569502625614405,1.0,0.08191629312932491,0.07565228082239628,0.1810518503189087,0.1497516632080078,0.11575357615947723,0.09167981147766113,1.0
1790268676.8096051,17.379077672958374,349,0,12,0.21737416088581085,0.048117320984601974,0.04289603978395462,0.022358562797307968,0.22351406514644623,0.0016579702496528625,1.0,16,0.18678855895996094,0.12201881408691406,0.055443115532398224,0.04385041818022728,0.2275252342224121,0.006620165891945362,1.0,32,0.23346614837646484,0.11036539077758789,0.11721983551979065,0.05307174474000931,0.2670159637928009,0.0038704751059412956,1.0,64,0.19472503662109375,0.0722053050994873,0.11676108092069626,0.05955854803323746,0.21444489061832428,0.0020717016886919737,1.0,0.22551964968442917,0.08506806753575802,0.2670159637928009,0.11036539077758789,0.21444489061832428,0.0722053050994873,1.0
1790268676.8614767,17.430949211120605,350,0,12,0.46547189354896545,-0.062173206359148026,0.10621029883623123,0.02868668921291828,0.4700948894023895,0.0033735947217792273,1.0,16,0.4907207489013672,0.04107379913330078,0.16978678107261658,0.13937439024448395,0.5059652328491211,0.018763668835163116,1.0,32,0.5154523849487305,0.002968311309814453,0.13951626420021057,0.05457623302936554,0.5184091925621033,0.0030162911862134933,1.0,64,0.4884319305419922,-0.0418086051940918,0.18719300627708435,0.05943569913506508,0.49506843090057373,0.004576507024466991,1.0,0.4880300611257553,-0.010549703612923622,0.5184091925621033,0.002968311309814453,0.49506843090057373,-0.0418086051940918,1.0
1790268676.9095068,17.478979349136353,351,0,12,0.36835989356040955,-0.14874649047851562,0.057290177792310715,0.022421671077609062,0.3979496955871582,0.0034836195409297943,1.0,16,0.26850318908691406,-0.1353597640991211,0.10511478036642075,0.14395487308502197,0.3267127275466919,0.010245997458696365,1.0,32,0.2806735038757324,-0.06465816497802734,0.08167606592178345,0.05666652321815491,0.29242098331451416,0.0029210089705884457,1.0,64,0.3122749328613281,-0.10069847106933594,0.1276295930147171,0.07958488911390305,0.3347852826118469,0.0030429004691541195,1.0,0.36233121156692505,-0.14205312728881836,0.29242098331451416,-0.06465816497802734,0.3347852826118469,-0.10069847106933594,1.0
1790268676.9616015,17.531074047088623,352,0,12,0.2787717282772064,-0.17104466259479523,0.05368940532207489,0.03206053748726845,0.3303000032901764,0.0021374921780079603,1.0,16,0.18101119995117188,-0.07213687896728516,0.03136887401342392,0.0748027116060257,0.20883691310882568,0.009925276972353458,1.0,32,0.3505125045776367,-0.015169620513916016,0.16813154518604279,0.05127064511179924,0.35497337579727173,0.002542962320148945,1.0,64,0.29565978050231934,-0.07891297340393066,0.15008309483528137,0.07206615060567856,0.32205328345298767,0.0025399194564670324,1.0,0.26956845819950104,-0.12159077078104019,0.35497337579727173,-0.015169620513916016,0.32205328345298767,-0.07891297340393066,1.0
1790268677.0095358,17.57900834083557,353,0,12,0.16683197021484375,-0.0874684676527977,0.0709100142121315,0.021136591210961342,0.19077527523040771,0.002741972915828228,1.0,16,0.12231063842773438,-0.10411548614501953,0.03995279595255852,0.04069995880126953,0.1640990674495697,0.0036121895536780357,1.0,32,0.2400646209716797,0.0015888214111328125,0.09369412064552307,0.053781624883413315,0.2469378560781479,0.001966502284631133,1.0,64,0.2081592082977295,-0.05941653251647949,0.10241442173719406,0.07170673459768295,0.23537924885749817,0.002188018523156643,1.0,0.1774371713399887,-0.09579197689890862,0.2469378560781479,0.0015888214111328125,0.23537924885749817,-0.05941653251647949,1.0
1790268677.0615587,17.631031274795532,354,0,12,0.1498565673828125,-0.09893417358398438,0.048774778842926025,0.010016895830631256,0.18163491785526276,0.0016929066041484475,1.0,16,0.1415233612060547,-0.09519767761230469,0.027719194069504738,0.028718629851937294,0.17252808809280396,0.004032537341117859,1.0,32,0.3873777389526367,0.17901992797851562,0.2064693719148636,0.10276424884796143,0.43089190125465393,0.005224677734076977,1.0,64,0.2744622230529785,0.019266247749328613,0.19820623099803925,0.14468197524547577,0.3080168068408966,0.003317382885143161,1.0,0.17708150297403336,-0.09706592559814453,0.43089190125465393,0.17901992797851562,0.3080168068408966,0.019266247749328613,1.0
1790268677.113596,17.68306851387024,355,0,12,0.2337290495634079,-0.050001781433820724,0.04462447762489319,0.018668556585907936,0.23937757313251495,0.0019243512069806457,1.0,16,0.14115333557128906,-0.042189598083496094,0.03879731521010399,0.04984891042113304,0.15503905713558197,0.0036393627524375916,1.0,32,0.3224773406982422,0.3080134391784668,0.1838414967060089,0.1532757580280304,0.47139453887939453,0.010485720820724964,1.0,64,0.2691507339477539,0.08527934551239014,0.14895538985729218,0.17329484224319458,0.3201030194759369,0.0048216115683317184,1.0,0.19720831513404846,-0.04609568975865841,0.47139453887939453,0.3080134391784668,0.3201030194759369,0.08527934551239014,1.0
1790268677.161528,17.731000661849976,356,0,12,0.24684269726276398,-0.0866597518324852,0.055112048983573914,0.019388500601053238,0.26308903098106384,0.0023729652166366577,1.0,16,0.1625843048095703,-0.045909881591796875,0.04196532815694809,0.059439580887556076,0.17758849263191223,0.005371983628720045,1.0,32,0.19914531707763672,0.5342221260070801,0.2197110801935196,0.2595821022987366,0.6252729892730713,0.018224060535430908,1.0,64,0.25670647621154785,0.15123867988586426,0.18276181817054749,0.343130886554718,0.4142112135887146,0.008732518181204796,1.0,0.22033876180648804,-0.06628481671214104,0.6252729892730713,0.5342221260070801,0.4142112135887146,0.15123867988586426,1.0
1790268677.2135599,17.783032417297363,357,0,12,0.08514150232076645,-0.0991007462143898,0.03830857202410698,0.012100321240723133,0.13409189879894257,0.001435253769159317,1.0,16,0.07796669006347656,-0.07039833068847656,0.05114525184035301,0.04143069311976433,0.11376246064901352,0.0027016540989279747,1.0,32,-0.24045228958129883,0.6398391723632812,0.4448772668838501,0.507445752620697,0.8057028651237488,0.06298163533210754,1.0,64,0.005497932434082031,0.19134604930877686,0.28477951884269714,0.44604361057281494,0.3536640405654907,0.021178079769015312,1.0,0.12392717972397804,-0.08474953845143318,0.8057028651237488,0.6398391723632812,0.3536640405654907,0.19134604930877686,1.0
1790268677.261534,17.83100652694702,358,0,12,-0.09697723388671875,-0.02070108987390995,0.07055742293596268,0.01649518497288227,0.1047101840376854,0.001940524554811418,1.0,16,-0.06851577758789062,-0.0027875900268554688,0.07389762997627258,0.08364972472190857,0.11618191003799438,0.005873451940715313,1.0,30,-0.10954182595014572,0.7316640019416809,0.7693899273872375,1.6793702840805054,1.5394032001495361,0.26405125856399536,0.9375,63,-0.032132588326931,0.16581520438194275,0.39701321721076965,0.927178144454956,0.546497106552124,0.06161696836352348,0.984375,0.11044604703783989,-0.01174433995038271,1.5394032001495361,0.7316640019416809,0.546497106552124,0.16581520438194275,0.98046875
1790268677.3136976,17.883170127868652,359,0,12,-0.2800966799259186,0.17608769237995148,0.1785176694393158,0.08542273193597794,0.3555644452571869,0.0076560513116419315,1.0,16,-0.35077857971191406,0.16130638122558594,0.24481052160263062,0.19662486016750336,0.4068971276283264,0.029140762984752655,1.0,30,0.05821685865521431,0.47835591435432434,0.5533162355422974,0.5707476735115051,0.7144554853439331,0.05927072837948799,1.0,63,-0.1575133353471756,0.21760159730911255,0.36515361070632935,0.287651389837265,0.42123958468437195,0.019253717735409737,1.0,0.38123078644275665,0.1686970368027687,0.7144554853439331,0.47835591435432434,0.42123958468437195,0.21760159730911255,1.0
1790268677.3655064,17.93497896194458,360,1,12,0.9400291442871094,1.3825773000717163,0.993563175201416,0.5961065292358398,1.7977241277694702,0.2893170416355133,1.0,15,-0.44602662324905396,0.34768372774124146,0.4058592915534973,0.4301678240299225,0.6006395816802979,0.1787584275007248,0.9375,30,0.5114990472793579,0.5356821417808533,0.6204676032066345,0.3501916825771332,0.8423527479171753,0.02558908425271511,1.0,62,0.2158355712890625,0.5234113931655884,0.7326850891113281,0.6385306119918823,0.779141366481781,0.08895143121480942,0.9841269841269841,1.199181854724884,0.8651305139064789,0.8423527479171753,0.5356821417808533,0.779141366481781,0.5234113931655884,0.980406746031746
1790268677.413537,17.983009576797485,361,0,12,0.34051513671875,0.9377326965332031,0.36253973841667175,0.14005215466022491,1.0439563989639282,0.05960950255393982,1.0,15,-0.21115723252296448,0.23741455376148224,0.14054782688617706,0.25498056411743164,0.3624929189682007,0.010768902488052845,1.0,30,0.870471179485321,1.0093989372253418,0.5957115292549133,0.3943857252597809,1.3652451038360596,0.02351507730782032,1.0,62,0.3722967207431793,0.6364759802818298,0.5843254923820496,0.4785216748714447,0.8633325099945068,0.025600804015994072,1.0,0.7032246589660645,0.5875736251473427,1.3652451038360596,1.0093989372253418,0.8633325099945068,0.6364759802818298,1.0
1790268677.465625,18.03509759902954,362,0,12,0.15735626220703125,0.741705596446991,0.10681820660829544,0.09245382994413376,0.7655631899833679,0.011045996099710464,1.0,15,0.009816487319767475,0.24690653383731842,0.1376744657754898,0.23246265947818756,0.2746003270149231,0.03220845386385918,1.0,30,1.116436243057251,1.1687321662902832,0.5011096596717834,0.4853776693344116,1.627509593963623,0.014930914156138897,1.0,62,0.49521514773368835,0.6932456493377686,0.602458655834198,0.5252804160118103,0.9598016142845154,0.014176663011312485,1.0,0.5200817584991455,0.4943060651421547,1.627509593963623,1.1687321662902832,0.9598016142845154,0.6932456493377686,1.0
1790268677.5136333,18.08310580253601,363,0,12,0.2994473874568939,0.6083195805549622,0.1341850608587265,0.1814861297607422,0.6816322803497314,0.010040249675512314,1.0,15,0.30619508028030396,0.274343878030777,0.2886316478252411,0.2281315177679062,0.4454804062843323,0.03426212817430496,1.0,30,1.1195811033248901,1.3344147205352783,0.2848452627658844,0.5043293237686157,1.750241994857788,0.017805198207497597,1.0,62,0.592153012752533,0.7372591495513916,0.5019288063049316,0.5755952596664429,1.0107022523880005,0.01132234837859869,1.0,0.5635563433170319,0.44133172929286957,1.750241994857788,1.3344147205352783,1.0107022523880005,0.7372591495513916,1.0
1790268677.565588,18.13506054878235,364,0,12,0.4646644592285156,0.592901885509491,0.14696888625621796,0.17490476369857788,0.7547464370727539,0.006363384425640106,1.0,15,0.5302652716636658,-0.03599446639418602,0.3497549891471863,0.39050179719924927,0.6795936226844788,0.03211819380521774,1.0,30,0.7549067139625549,0.9502416253089905,0.1392611712217331,0.3300466239452362,1.2358094453811646,0.011595123447477818,1.0,62,0.4808061718940735,0.5673109292984009,0.328806608915329,0.3975814878940582,0.7855231761932373,0.00686247181147337,1.0,0.7171700298786163,0.2784537095576525,1.2358094453811646,0.9502416253089905,0.7855231761932373,0.5673109292984009,1.0
1790268677.6175177,18.18699026107788,365,0,12,0.4568723142147064,0.21668116748332977,0.09253144264221191,0.09041502326726913,0.509343147277832,0.006849966943264008,1.0,15,0.4752095639705658,-0.16647644340991974,0.3418254256248474,0.5393257737159729,0.6701378226280212,0.052014388144016266,1.0,30,0.27106425166130066,0.4541224241256714,0.19059179723262787,0.34589967131614685,0.5946162939071655,0.01341068185865879,1.0,62,0.27606940269470215,0.2264404296875,0.19737349450588226,0.2684459686279297,0.41920006275177,0.008521654643118382,1.0,0.5897404849529266,0.025102362036705017,0.5946162939071655,0.4541224241256714,0.41920006275177,0.2264404296875,1.0
1790268677.6655974,18.23506999015808,366,0,12,0.36377206444740295,-0.04781341552734375,0.09923136979341507,0.05692184343934059,0.37251272797584534,0.0050920709036290646,1.0,15,0.32071736454963684,-0.18088379502296448,0.19489817321300507,0.25566738843917847,0.44804203510284424,0.037517983466386795,1.0,30,0.08533935248851776,0.22821299731731415,0.17523878812789917,0.2369784414768219,0.32084834575653076,0.009266762994229794,1.0,62,0.17011581361293793,0.0717158168554306,0.1725267618894577,0.19307437539100647,0.2709563970565796,0.006283010356128216,1.0,0.4102773815393448,-0.11434860527515411,0.32084834575653076,0.22821299731731415,0.2709563970565796,0.0717158168554306,1.0
1790268677.7176318,18.28710436820984,367,0,12,0.29208502173423767,-0.2218271940946579,0.07273395359516144,0.06583759188652039,0.37803933024406433,0.005907821003347635,1.0,15,0.2896524965763092,-0.22644755244255066,0.19922897219657898,0.20249462127685547,0.39499732851982117,0.013766992837190628,1.0,30,0.15520325303077698,0.21639862656593323,0.14932523667812347,0.3415742516517639,0.39040833711624146,0.010678643360733986,1.0,62,0.19734536111354828,-0.016680316999554634,0.149710550904274,0.24438628554344177,0.3092508614063263,0.006094039883464575,1.0,0.38651832938194275,-0.22413737326860428,0.39040833711624146,0.21639862656593323,0.3092508614063263,-0.016680316999554634,1.0
1790268677.7655451,18.335017681121826,368,0,12,0.37562689185142517,-0.28399530053138733,0.11361797153949738,0.038332611322402954,0.48033711314201355,0.0030428983736783266,1.0,15,0.3053080141544342,-0.14569295942783356,0.14455778896808624,0.16431142389774323,0.384084552526474,0.013909370638430119,1.0,30,0.36927542090415955,0.10722808539867401,0.15569141507148743,0.32569339871406555,0.4990323781967163,0.00939128641039133,1.0,62,0.34034138917922974,-0.09814084321260452,0.18768912553787231,0.25728872418403625,0.43018877506256104,0.005031536798924208,1.0,0.4322108328342438,-0.21484412997961044,0.4990323781967163,0.10722808539867401,0.43018877506256104,-0.09814084321260452,1.0
1790268677.8176167,18.387089252471924,369,0,12,0.31747564673423767,-0.15117518603801727,0.07132190465927124,0.03164861351251602,0.3554591238498688,0.0016312358202412724,1.0,15,0.30255329608917236,-0.29039815068244934,0.10585768520832062,0.17871423065662384,0.44602149724960327,0.037940818816423416,1.0,30,0.5514297485351562,0.10899709165096283,0.1060306653380394,0.2852643132209778,0.6322434544563293,0.006652212236076593,1.0,62,0.3805578947067261,-0.04920049011707306,0.2019466906785965,0.19594170153141022,0.4334873855113983,0.0039855376817286015,1.0,0.400740310549736,-0.2207866683602333,0.6322434544563293,0.10899709165096283,0.4334873855113983,-0.04920049011707306,1.0
1790268677.8696342,18.439106702804565,370,0,12,0.22530873119831085,-0.1179606094956398,0.07828175276517868,0.025202883407473564,0.261871874332428,0.0015425315359607339,1.0,15,0.21728719770908356,-0.12902425229549408,0.07650763541460037,0.0559551939368248,0.26074984669685364,0.009180078282952309,1.0,30,0.3895924985408783,0.22312012314796448,0.09397196024656296,0.27658382058143616,0.5085735321044922,0.005882614757865667,1.0,62,0.26221489906311035,0.047197405248880386,0.14637398719787598,0.19542308151721954,0.3143308758735657,0.0037525147199630737,1.0,0.2613108605146408,-0.12349243089556694,0.5085735321044922,0.22312012314796448,0.3143308758735657,0.047197405248880386,1.0
1790268677.9175966,18.487069129943848,371,0,12,0.07958730310201645,-0.0011278787860646844,0.04458961635828018,0.032801687717437744,0.09219879657030106,0.0008204304613173008,1.0,15,0.10222981870174408,-0.00833943672478199,0.05397232249379158,0.03711266443133354,0.1108529344201088,0.005363027099519968,1.0,30,0.19200338423252106,0.2272343933582306,0.06775849312543869,0.19323603808879852,0.3260622024536133,0.003998780157417059,1.0,62,0.12368232756853104,0.08731645345687866,0.09450491517782211,0.14773790538311005,0.18019428849220276,0.0019423553021624684,1.0,0.10152586549520493,-0.004733657755423337,0.3260622024536133,0.2272343933582306,0.18019428849220276,0.08731645345687866,1.0
1790268677.9694998,18.5389723777771,372,0,12,0.01201629638671875,0.042435962706804276,0.034762319177389145,0.020081229507923126,0.057277861982584,0.0006945391069166362,1.0,15,0.02812703512609005,0.0358530692756176,0.027323342859745026,0.026613974943757057,0.05432074889540672,0.008195098489522934,1.0,30,0.12922362983226776,0.25155842304229736,0.05189966782927513,0.19114059209823608,0.29608944058418274,0.0023296140134334564,1.0,62,0.054464031010866165,0.11039290577173233,0.08816592395305634,0.15749062597751617,0.15571282804012299,0.0022408082149922848,1.0,0.05579930543899536,0.03914451599121094,0.29608944058418274,0.25155842304229736,0.15571282804012299,0.11039290577173233,1.0
1790268678.0175822,18.58705472946167,373,0,12,-0.09510040283203125,0.09650421142578125,0.12016358971595764,0.024446168914437294,0.15158337354660034,0.0027489971835166216,1.0,15,0.00725504569709301,0.09266865998506546,0.03984609618782997,0.07314684987068176,0.09871374070644379,0.004996104631572962,1.0,30,0.0653889998793602,0.23074136674404144,0.07088156044483185,0.15190692245960236,0.2474168837070465,0.0018722855020314455,1.0,62,-0.015589067712426186,0.1421671211719513,0.10764395445585251,0.11917237937450409,0.1757124811410904,0.0017248414224013686,1.0,0.12514855712652206,0.09458643570542336,0.2474168837070465,0.23074136674404144,0.1757124811410904,0.1421671211719513,1.0
1790268678.0695841,18.63905668258667,374,0,12,-0.045146942138671875,0.1556599885225296,0.09158428758382797,0.08240111917257309,0.17931990325450897,0.0046522412449121475,1.0,15,-0.0870463028550148,0.11362304538488388,0.1520339697599411,0.18137149512767792,0.19080649316310883,0.007392492610961199,1.0,30,0.06814269721508026,0.1064656600356102,0.061255764216184616,0.04902220889925957,0.13242505490779877,0.0017955303192138672,1.0,62,-0.014104289002716541,0.0998990461230278,0.09160832315683365,0.07474105060100555,0.13495826721191406,0.0017124852165579796,1.0,0.1850631982088089,0.13464151695370674,0.13242505490779877,0.1064656600356102,0.13495826721191406,0.0998990461230278,1.0
1790268678.1215994,18.6910719871521,375,1,12,0.058350879698991776,0.33145013451576233,0.21982882916927338,0.2272968292236328,0.3902127742767334,0.028467165306210518,1.0,15,-0.07742106169462204,0.19417724013328552,0.18250484764575958,0.3072541654109955,0.2562621235847473,0.028247134760022163,1.0,30,0.13256072998046875,0.06355539709329605,0.06713873147964478,0.03489775210618973,0.15172670781612396,0.0023212842643260956,1.0,62,0.05307351425290108,0.0973200649023056,0.13756434619426727,0.16155755519866943,0.16693058609962463,0.007955057546496391,1.0,0.32323744893074036,0.2628136873245239,0.15172670781612396,0.06355539709329605,0.16693058609962463,0.0973200649023056,1.0
1790268678.169606,18.739078521728516,376,0,12,-0.0666961669921875,-0.06777063757181168,0.16782119870185852,0.13939110934734344,0.17920522391796112,0.012524408288300037,1.0,15,0.14721475541591644,-0.02493693120777607,0.22251226007938385,0.0753863975405693,0.16991464793682098,0.017094461247324944,1.0,30,0.18670450150966644,-0.02470499649643898,0.08448343724012375,0.04407236725091934,0.19263124465942383,0.0019023562781512737,1.0,62,0.06658025085926056,-0.03456632420420647,0.15219685435295105,0.11385153234004974,0.1492372751235962,0.004803576972335577,1.0,0.17455993592739105,-0.04635378438979387,0.19263124465942383,-0.02470499649643898,0.1492372751235962,-0.03456632420420647,1.0
1790268678.2216854,18.791157960891724,377,0,12,-0.0327250175178051,-0.5740127563476562,0.3927539885044098,0.3516841232776642,0.6569907665252686,0.045159872621297836,1.0,15,0.23584188520908356,-0.258413702249527,0.21074530482292175,0.31109344959259033,0.364816278219223,0.019909001886844635,1.0,30,0.3620315492153168,-0.32260793447494507,0.1719907522201538,0.1549205482006073,0.49247196316719055,0.00432724179700017,1.0,62,0.2215416133403778,-0.34835028648376465,0.2934543788433075,0.37741202116012573,0.49165642261505127,0.01568702422082424,1.0,0.5109035223722458,-0.4162132292985916,0.49247196316719055,-0.32260793447494507,0.49165642261505127,-0.34835028648376465,1.0
1790268678.2696052,18.839077711105347,378,0,12,-0.0430959053337574,-1.0390905141830444,0.5817421674728394,0.2790151834487915,1.1670700311660767,0.11548613756895065,1.0,15,0.5442728400230408,-0.3703104555606842,0.23168368637561798,0.16346120834350586,0.6733807325363159,0.06776925176382065,1.0,30,0.5493184328079224,-0.6625686883926392,0.23343564569950104,0.15347911417484283,0.8786280751228333,0.008993496187031269,1.0,62,0.4371930956840515,-0.5855075716972351,0.44250473380088806,0.40201520919799805,0.8498855233192444,0.031199470162391663,1.0,0.9202253818511963,-0.7047004848718643,0.8786280751228333,-0.6625686883926392,0.8498855233192444,-0.5855075716972351,1.0
1790268678.3217034,18.891175985336304,379,0,12,0.1455586701631546,-0.6274909973144531,0.3296816051006317,0.297024130821228,0.7396302819252014,0.06752494722604752,1.0,15,0.44741618633270264,-0.19951070845127106,0.19302664697170258,0.21760979294776917,0.5244410037994385,0.12038585543632507,1.0,30,0.35715535283088684,-0.633861780166626,0.16932401061058044,0.15550319850444794,0.7512338757514954,0.006335405632853508,1.0,62,0.4103536307811737,-0.48436886072158813,0.26688987016677856,0.28689146041870117,0.6942862868309021,0.014935944229364395,1.0,0.63203564286232,-0.4135008528828621,0.7512338757514954,-0.633861780166626,0.6942862868309021,-0.48436886072158813,1.0
1790268678.3737254,18.94319796562195,380,0,12,0.4010505676269531,-0.6100959777832031,0.1654626429080963,0.09037326276302338,0.7494139671325684,0.013404903002083302,1.0,15,0.38142091035842896,-0.07379557192325592,0.11707673966884613,0.2917616069316864,0.46260184049606323,0.03244943916797638,1.0,30,0.29065704345703125,-0.6423390507698059,0.17256200313568115,0.10435245931148529,0.7253262400627136,0.0077925557270646095,1.0,62,0.33435550332069397,-0.4561334550380707,0.17693985998630524,0.2593410611152649,0.6043780446052551,0.006321828346699476,1.0,0.6060079038143158,-0.3419457748532295,0.7253262400627136,-0.6423390507698059,0.6043780446052551,-0.4561334550380707,1.0
1790268678.421706,18.991178512573242,381,0,12,0.36830392479896545,-0.2979939877986908,0.06767309457063675,0.05415995791554451,0.475387305021286,0.004792057443410158,1.0,15,0.2775838077068329,-0.14776305854320526,0.10765232145786285,0.2432323396205902,0.3770993947982788,0.039245206862688065,1.0,30,0.18688608705997467,-0.3165944516658783,0.15220069885253906,0.10628621280193329,0.38876935839653015,0.004269680939614773,1.0,62,0.2769472599029541,-0.22974617779254913,0.1662244349718094,0.1550038605928421,0.3950120210647583,0.004023080691695213,1.0,0.4262433499097824,-0.22287852317094803,0.38876935839653015,-0.3165944516658783,0.3950120210647583,-0.22974617779254913,1.0
1790268678.4737797,19.04325222969055,382,0,12,0.5249214172363281,-0.21072261035442352,0.059289976954460144,0.01864314079284668,0.5662681460380554,0.002783937379717827,1.0,15,0.4154195189476013,0.05918477475643158,0.16442401707172394,0.22707803547382355,0.46156609058380127,0.018676817417144775,1.0,30,0.37886250019073486,-0.201710507273674,0.13779368996620178,0.08835960179567337,0.4404657483100891,0.004458039999008179,1.0,62,0.41474151611328125,-0.16361987590789795,0.18476121127605438,0.14026811718940735,0.4715798795223236,0.0032124994322657585,1.0,0.5139171183109283,-0.07576891779899597,0.4404657483100891,-0.201710507273674,0.4715798795223236,-0.16361987590789795,1.0
1790268678.5220835,19.091556072235107,383,0,12,0.7231457829475403,-0.22499720752239227,0.1219584122300148,0.025799689814448357,0.759343683719635,0.005056082271039486,1.0,15,0.729779064655304,-0.012639363296329975,0.14813420176506042,0.1735641062259674,0.748551070690155,0.02888535149395466,1.0,30,0.7964701056480408,-0.15244343876838684,0.19280295073986053,0.07517622411251068,0.815980851650238,0.009802412241697311,1.0,62,0.6956932544708252,-0.1187886893749237,0.25361305475234985,0.14425361156463623,0.7261815071105957,0.0058417608961462975,1.0,0.753947377204895,-0.11881828540936112,0.815980851650238,-0.15244343876838684,0.7261815071105957,-0.1187886893749237,1.0
1790268678.5739963,19.143468856811523,384,0,12,0.8953463435173035,-0.4265174865722656,0.10670485347509384,0.06570234894752502,0.9935860633850098,0.009041069075465202,1.0,15,0.8495544195175171,-0.21016134321689606,0.1619977355003357,0.2623356282711029,0.9116672277450562,0.014625701121985912,1.0,30,0.998034656047821,-0.18752899765968323,0.11344186216592789,0.10397275537252426,1.0209317207336426,0.006934900302439928,1.0,62,0.8446458578109741,-0.2059856504201889,0.32298994064331055,0.19618576765060425,0.8902045488357544,0.004890776239335537,1.0,0.952626645565033,-0.31833941489458084,1.0209317207336426,-0.18752899765968323,0.8902045488357544,-0.2059856504201889,1.0
1790268678.6259184,19.195390939712524,385,0,12,0.7658564448356628,-0.5418828129768372,0.15179234743118286,0.057238511741161346,0.9465112090110779,0.010843683034181595,1.0,15,0.862841784954071,-0.20282186567783356,0.277595579624176,0.19638600945472717,0.9003883004188538,0.0256572887301445,1.0,30,0.824005126953125,-0.4026804566383362,0.22960998117923737,0.19174829125404358,0.9322052001953125,0.014206918887794018,1.0,62,0.7472676634788513,-0.32616499066352844,0.2998811602592468,0.22091351449489594,0.8387603759765625,0.008058578707277775,1.0,0.9234497547149658,-0.37235233932733536,0.9322052001953125,-0.4026804566383362,0.8387603759765625,-0.32616499066352844,1.0
1790268678.6740952,19.24356770515442,386,0,12,0.5901463627815247,-0.4506136476993561,0.07474774122238159,0.053589701652526855,0.7459018230438232,0.0085499482229352,1.0,15,0.6651774048805237,-0.2501322329044342,0.08555615693330765,0.16626371443271637,0.7255354523658752,0.023145345970988274,1.0,30,0.6478815674781799,-0.5343841314315796,0.1990300714969635,0.25068148970603943,0.856942892074585,0.024986816570162773,1.0,62,0.535682201385498,-0.3583694100379944,0.2310854196548462,0.25368428230285645,0.6709939241409302,0.010765657760202885,1.0,0.7357186377048492,-0.35037294030189514,0.856942892074585,-0.5343841314315796,0.6709939241409302,-0.3583694100379944,1.0
1790268678.7260814,19.2955539226532,387,0,12,0.3648796081542969,-0.3827718198299408,0.08352489769458771,0.06019935384392738,0.5328589081764221,0.00602697441354394,1.0,15,0.37522584199905396,-0.1532135009765625,0.13622787594795227,0.16175957024097443,0.43795159459114075,0.0325293242931366,1.0,30,0.3123463988304138,-0.5421086549758911,0.18813949823379517,0.4004371762275696,0.6850830912590027,0.03590395674109459,1.0,62,0.28150200843811035,-0.2937844693660736,0.19693316519260406,0.2718598246574402,0.4676274061203003,0.014570143073797226,1.0,0.48540525138378143,-0.26799266040325165,0.6850830912590027,-0.5421086549758911,0.4676274061203003,-0.2937844693660736,1.0
1790268678.7740853,19.343557834625244,388,0,12,0.15862910449504852,-0.0836385115981102,0.07922080904245377,0.034476395696401596,0.18289928138256073,0.0022219668608158827,1.0,15,0.29156291484832764,-0.010745239444077015,0.08734528720378876,0.12143748998641968,0.31312963366508484,0.021321654319763184,1.0,30,-0.0788981094956398,-0.198832705616951,0.3587953746318817,0.2071925848722458,0.3888850212097168,0.020200710743665695,1.0,62,0.06062784418463707,-0.07895352691411972,0.20936675369739532,0.1432446390390396,0.22401878237724304,0.006239860784262419,1.0,0.24801445752382278,-0.04719187552109361,0.3888850212097168,-0.198832705616951,0.22401878237724304,-0.07895352691411972,1.0
1790268678.8260727,19.39554524421692,389,0,12,0.14081446826457977,0.0793050155043602,0.051495183259248734,0.029869209975004196,0.16330142319202423,0.0021941019222140312,1.0,15,0.2442728728055954,0.05057983472943306,0.0626114159822464,0.05971984565258026,0.25664830207824707,0.00500834733247757,1.0,30,0.2513442933559418,0.07884979248046875,0.23126481473445892,0.20834258198738098,0.3381829857826233,0.012498418800532818,1.0,62,0.1823737919330597,0.09458960592746735,0.17524324357509613,0.13711382448673248,0.24093452095985413,0.006284688133746386,1.0,0.20997486263513565,0.06494242511689663,0.3381829857826233,0.07884979248046875,0.24093452095985413,0.09458960592746735,1.0
1790268678.8741386,19.44361114501953,390,1,12,0.3474159240722656,0.23308563232421875,0.09249231219291687,0.048868294805288315,0.41991475224494934,0.003212699433788657,1.0,15,0.4926086366176605,0.21222330629825592,0.19327734410762787,0.11851649731397629,0.5486616492271423,0.026266993954777718,1.0,30,0.5302627682685852,0.09801839292049408,0.2854654788970947,0.3110939860343933,0.6389667987823486,0.01790652610361576,1.0,62,0.37680742144584656,0.16697828471660614,0.24398887157440186,0.1920277625322342,0.44888436794281006,0.008167692460119724,1.0,0.48428820073604584,0.22265446931123734,0.6389667987823486,0.09801839292049408,0.44888436794281006,0.16697828471660614,1.0
1790268678.9259362,19.49540877342224,391,0,12,0.4071744382381439,0.24379730224609375,0.08469679206609726,0.05129750818014145,0.4797839820384979,0.0035401207860559225,1.0,15,0.45808714628219604,0.29026490449905396,0.2027902454137802,0.28780239820480347,0.6183027625083923,0.03562203794717789,1.0,30,0.6892216801643372,-0.03316650539636612,0.26260751485824585,0.30662021040916443,0.7539950013160706,0.010108950547873974,1.0,62,0.4923371374607086,0.10041414946317673,0.2544496953487396,0.209345743060112,0.5398516654968262,0.004832517355680466,1.0,0.5490433722734451,0.26703110337257385,0.7539950013160706,-0.03316650539636612,0.5398516654968262,0.10041414946317673,1.0
1790268678.9779131,19.547385692596436,392,0,12,0.40363946557044983,0.09991073608398438,0.08826038241386414,0.03598979488015175,0.4180692434310913,0.0019198827212676406,1.0,15,0.4541585147380829,0.13685506582260132,0.136732280254364,0.15271860361099243,0.4977061450481415,0.031132875010371208,1.0,30,0.5432652831077576,-0.539752721786499,0.29635360836982727,0.6014134287834167,0.823712944984436,0.014306630939245224,1.0,62,0.424334853887558,-0.13888956606388092,0.20573624968528748,0.3930833041667938,0.5168050527572632,0.006596643012017012,1.0,0.4578876942396164,0.11838290095329285,0.823712944984436,-0.539752721786499,0.5168050527572632,-0.13888956606388092,1.0
1790268679.025827,19.59529948234558,393,0,12,0.39826202392578125,-0.01019287109375,0.06736155599355698,0.04253421351313591,0.40033209323883057,0.0023879248183220625,1.0,15,0.3903605043888092,-0.0607757568359375,0.09819718450307846,0.198863685131073,0.43051064014434814,0.022518543526530266,1.0,30,0.32129719853401184,-0.6754063963890076,0.2477811574935913,0.5992413759231567,0.8132449388504028,0.012849058024585247,1.0,62,0.3501564860343933,-0.26684731245040894,0.21389912068843842,0.4111926257610321,0.5275894999504089,0.007014049682766199,1.0,0.41542136669158936,-0.03548431396484375,0.8132449388504028,-0.6754063963890076,0.5275894999504089,-0.26684731245040894,1.0
1790268679.0780182,19.647490739822388,394,0,12,0.4375813901424408,-0.05563608929514885,0.06246335059404373,0.02572300098836422,0.4418773651123047,0.002208930440247059,1.0,15,0.389190673828125,-0.01635538786649704,0.10026271641254425,0.12188653647899628,0.4109589457511902,0.016211744397878647,1.0,30,0.1638137847185135,-0.6260263919830322,0.3846660554409027,0.4005349576473236,0.7638012766838074,0.030924128368496895,1.0,62,0.26633724570274353,-0.299480676651001,0.28781765699386597,0.3758944869041443,0.5170899629592896,0.012732665985822678,1.0,0.42641815543174744,-0.035995738580822945,0.7638012766838074,-0.6260263919830322,0.5170899629592896,-0.299480676651001,1.0
1790268679.1261384,19.695611000061035,395,0,12,0.31397756934165955,-0.07453536987304688,0.03266660124063492,0.02234053984284401,0.32337626814842224,0.0015972452238202095,1.0,15,0.2633605897426605,-0.12945149838924408,0.05680970475077629,0.15612228214740753,0.32265061140060425,0.019849976524710655,1.0,30,0.08052113652229309,-0.8035781979560852,0.14735303819179535,0.7280518412590027,0.844635546207428,0.025240879505872726,1.0,62,0.14647920429706573,-0.29058751463890076,0.15356341004371643,0.511335551738739,0.4169146716594696,0.00838999729603529,1.0,0.32301343977451324,-0.10199343413114548,0.844635546207428,-0.8035781979560852,0.4169146716594696,-0.29058751463890076,1.0
1790268679.1781054,19.747577905654907,396,0,12,0.21717071533203125,-0.07182439416646957,0.07703167200088501,0.03366156294941902,0.23082590103149414,0.003470226190984249,1.0,15,0.18701782822608948,-0.13058267533779144,0.043773286044597626,0.050136275589466095,0.23355922102928162,0.0064961533062160015,1.0,30,0.09871368110179901,-0.8531656861305237,0.18631793558597565,0.5790947079658508,0.8917562961578369,0.019699282944202423,1.0,62,0.12228886038064957,-0.3261205554008484,0.14578373730182648,0.42385250329971313,0.4046795964241028,0.00651774276047945,1.0,0.23219256103038788,-0.10120353475213051,0.8917562961578369,-0.8531656861305237,0.4046795964241028,-0.3261205554008484,1.0
1790268679.2299457,19.799418210983276,397,0,12,0.14498774707317352,-0.07051340490579605,0.037217192351818085,0.023801349103450775,0.16214917600154877,0.0013459082692861557,1.0,15,0.13716024160385132,-0.10905863344669342,0.0515860877931118,0.05439575016498566,0.1805289387702942,0.0027293269522488117,1.0,30,0.10609079897403717,-0.5745168328285217,0.18635134398937225,0.33295294642448425,0.6262639760971069,0.010958557017147541,1.0,62,0.09065394103527069,-0.23287619650363922,0.12095880508422852,0.27589818835258484,0.29841551184654236,0.004903449211269617,1.0,0.17133905738592148,-0.08978601917624474,0.6262639760971069,-0.5745168328285217,0.29841551184654236,-0.23287619650363922,1.0
1790268679.2781205,19.847593069076538,398,0,12,0.20469284057617188,-0.0865834578871727,0.051540274173021317,0.0260480884462595,0.22373048961162567,0.0018639062764123082,1.0,15,0.17720337212085724,-0.21830545365810394,0.07529246807098389,0.09154275804758072,0.2936079800128937,0.005204945802688599,1.0,30,0.1174519881606102,-0.5051976442337036,0.16156744956970215,0.16135305166244507,0.5436577200889587,0.007738398388028145,1.0,62,0.1269373744726181,-0.23954428732395172,0.11910839378833771,0.23581109941005707,0.31663957238197327,0.003735756501555443,1.0,0.2586692348122597,-0.15244445577263832,0.5436577200889587,-0.5051976442337036,0.31663957238197327,-0.23954428732395172,1.0
1790268679.3300195,19.899492025375366,399,0,12,0.27551016211509705,-0.1367441862821579,0.057088594883680344,0.018707966431975365,0.3085941672325134,0.001735829166136682,1.0,15,0.21073812246322632,-0.14799398183822632,0.08163636177778244,0.08819033205509186,0.2740345895290375,0.011556544341146946,1.0,30,0.141224667429924,-0.4021718204021454,0.19818232953548431,0.11886732280254364,0.4626530110836029,0.012283368967473507,1.0,62,0.1853940337896347,-0.23596413433551788,0.14846977591514587,0.17348657548427582,0.33856216073036194,0.005429645534604788,1.0,0.29131437838077545,-0.1423690840601921,0.4626530110836029,-0.4021718204021454,0.33856216073036194,-0.23596413433551788,1.0
1790268679.3780127,19.947485208511353,400,0,12,0.39073309302330017,-0.27520751953125,0.07651245594024658,0.031644098460674286,0.4803414046764374,0.0032114044297486544,1.0,15,0.3055379092693329,-0.2489013671875,0.06069367378950119,0.18558333814144135,0.42207255959510803,0.01291209738701582,1.0,30,0.33367258310317993,-0.8261210322380066,0.3258630633354187,0.3712984621524811,0.943768322467804,0.02941276691854,1.0,62,0.3181625008583069,-0.4190986454486847,0.23458074033260345,0.3565489649772644,0.57963627576828,0.012530074454843998,1.0,0.4512069821357727,-0.262054443359375,0.943768322467804,-0.8261210322380066,0.57963627576828,-0.4190986454486847,1.0
1790268679.4300015,19.999474048614502,401,0,12,0.43583807349205017,-0.3519338071346283,0.060884878039360046,0.08825983852148056,0.5657415986061096,0.005052763968706131,1.0,15,0.3655354678630829,-0.26229655742645264,0.13869239389896393,0.07039037346839905,0.4566787779331207,0.01961476542055607,1.0,30,0.20079295337200165,-0.7533304691314697,0.18537771701812744,0.3833377957344055,0.8159454464912415,0.013998410664498806,1.0,62,0.24771733582019806,-0.3849359452724457,0.18864715099334717,0.3091685473918915,0.5152860283851624,0.0067460122518241405,1.0,0.5112101882696152,-0.30711518228054047,0.8159454464912415,-0.7533304691314697,0.5152860283851624,-0.3849359452724457,1.0
1790268679.481979,20.051451444625854,402,0,12,0.3563690185546875,-0.21665191650390625,0.06677262485027313,0.03526705875992775,0.4198373854160309,0.0031161699444055557,1.0,15,0.3932393491268158,-0.14157308638095856,0.10122109204530716,0.12205620855093002,0.43418580293655396,0.01929384097456932,1.0,30,0.08458659052848816,-0.5334376096725464,0.28412315249443054,0.36796775460243225,0.6155222654342651,0.018070995807647705,1.0,62,0.20753848552703857,-0.2570493221282959,0.22861793637275696,0.24182650446891785,0.40797021985054016,0.00640807906165719,1.0,0.4270115941762924,-0.1791125014424324,0.6155222654342651,-0.5334376096725464,0.40797021985054016,-0.2570493221282959,1.0
1790268679.5301857,20.099658250808716,403,0,12,0.27482351660728455,-0.06830724328756332,0.05595267936587334,0.020586872473359108,0.2851008176803589,0.0030645423103123903,1.0,15,0.2612569034099579,-0.08839823305606842,0.07923898845911026,0.1737329661846161,0.3131188750267029,0.017872998490929604,1.0,30,0.04244232177734375,-0.4942326843738556,0.2905633747577667,0.3460535407066345,0.5549271106719971,0.031156400218605995,1.0,62,0.17397750914096832,-0.21194888651371002,0.16228517889976501,0.2510237395763397,0.34155428409576416,0.008272266946732998,1.0,0.2991098463535309,-0.07835273817181587,0.5549271106719971,-0.4942326843738556,0.34155428409576416,-0.21194888651371002,1.0
1790268679.581655,20.151127576828003,404,0,12,0.3211313784122467,-0.0102144880220294,0.05385590344667435,0.027628500014543533,0.3226415812969208,0.0018573058769106865,1.0,15,0.4871663451194763,0.14456990361213684,0.09359292685985565,0.19854101538658142,0.5326746702194214,0.018848633393645287,1.0,30,0.12147979438304901,-0.42912495136260986,0.290820837020874,0.35183054208755493,0.5285848379135132,0.02272392250597477,1.0,62,0.21495425701141357,-0.13939961791038513,0.15124477446079254,0.24877817928791046,0.31532591581344604,0.006625280249863863,1.0,0.4276581257581711,0.06717770779505372,0.5285848379135132,-0.42912495136260986,0.31532591581344604,-0.13939961791038513,1.0
1790268679.629909,20.199381589889526,405,1,12,0.32543817162513733,0.0850067138671875,0.04373611509799957,0.03381830453872681,0.3375381529331207,0.0019568451680243015,1.0,15,0.3200581967830658,0.07745361328125,0.09848079830408096,0.11106353998184204,0.34626683592796326,0.013668558560311794,1.0,30,0.21621449291706085,-0.28066202998161316,0.21844272315502167,0.2756918668746948,0.4385342299938202,0.013499627821147442,1.0,62,0.24144868552684784,-0.07468512654304504,0.17634472250938416,0.21343590319156647,0.32121044397354126,0.005856696050614119,1.0,0.341902494430542,0.08123016357421875,0.4385342299938202,-0.28066202998161316,0.32121044397354126,-0.07468512654304504,1.0
1790268679.6818783,20.25135087966919,406,0,12,0.19962437450885773,0.059513092041015625,0.05966769531369209,0.013887591660022736,0.20879633724689484,0.0020254328846931458,1.0,15,0.4617675840854645,0.17974242568016052,0.10623955726623535,0.07959967851638794,0.5004870891571045,0.016433672979474068,1.0,30,0.09501698613166809,-0.7287948727607727,0.28065112233161926,0.6311704516410828,0.8191074728965759,0.04571197181940079,1.0,62,0.16347503662109375,-0.2915383577346802,0.18015004694461823,0.5491644144058228,0.46257781982421875,0.018582899123430252,1.0,0.35464171320199966,0.11962775886058807,0.8191074728965759,-0.7287948727607727,0.46257781982421875,-0.2915383577346802,1.0
1790268679.734214,20.30368661880493,407,0,12,0.19952011108398438,0.0747426375746727,0.049514878541231155,0.011203445494174957,0.21368910372257233,0.002126865554600954,1.0,15,0.22745157778263092,0.12852682173252106,0.060170285403728485,0.11839482188224792,0.2874847948551178,0.015127590857446194,1.0,30,0.09883931279182434,-0.10061289370059967,0.12076442688703537,0.07841275632381439,0.18762631714344025,0.007010465953499079,1.0,62,0.14885810017585754,-0.005621264223009348,0.07950427383184433,0.09030372649431229,0.17228074371814728,0.0036278723273426294,1.0,0.25058694928884506,0.10163472965359688,0.18762631714344025,-0.10061289370059967,0.17228074371814728,-0.005621264223009348,1.0
1790268679.7822392,20.351711750030518,408,0,12,0.0937143936753273,0.04913584515452385,0.03281084820628166,0.014234742149710655,0.10684990882873535,0.00047326329513452947,1.0,15,0.0665283203125,0.09466450661420822,0.04923408105969429,0.06657093018293381,0.13989390432834625,0.002028846414759755,1.0,30,0.3503468930721283,0.01318511925637722,0.35102179646492004,0.3245764672756195,0.4909726679325104,0.021534046158194542,1.0,62,0.17561955749988556,0.048140864819288254,0.2061365693807602,0.19297191500663757,0.2281998246908188,0.007953490130603313,1.0,0.1233719065785408,0.07190017588436604,0.4909726679325104,0.01318511925637722,0.2281998246908188,0.048140864819288254,1.0
1790268679.8341763,20.403648853302002,409,0,12,0.1286417692899704,-0.0227813720703125,0.05063876509666443,0.02477499283850193,0.13245242834091187,0.0016421092441305518,1.0,15,0.07313232123851776,0.00951538048684597,0.04710223153233528,0.03739335387945175,0.08520390838384628,0.0029758214950561523,1.0,30,0.12405955046415329,-0.41060230135917664,0.18274612724781036,0.3062089681625366,0.4673503637313843,0.016536075621843338,1.0,62,0.09464707225561142,-0.14743804931640625,0.09921402484178543,0.2073419988155365,0.19804447889328003,0.0057072993367910385,1.0,0.10882816836237907,-0.006632995791733265,0.4673503637313843,-0.41060230135917664,0.19804447889328003,-0.14743804931640625,1.0
1790268679.8821185,20.45159101486206,410,0,12,0.052132923156023026,-0.074676513671875,0.034658052027225494,0.007953003980219364,0.09494706243276596,0.001300049014389515,1.0,15,0.0024861653801053762,-0.04660237580537796,0.03070019744336605,0.031377505511045456,0.059124406427145004,0.003795594209805131,1.0,30,0.01563669927418232,-0.6782465577125549,0.1302509605884552,0.2505929172039032,0.6921905875205994,0.01988031342625618,1.0,62,0.03225412592291832,-0.30546101927757263,0.09056396782398224,0.3139442801475525,0.32729029655456543,0.007763569243252277,1.0,0.07703573442995548,-0.06063944473862648,0.6921905875205994,-0.6782465577125549,0.32729029655456543,-0.30546101927757263,1.0
1790268679.9341052,20.503577709197998,411,0,12,0.008083343505859375,-0.11233901977539062,0.04494806379079819,0.023849064484238625,0.12184294313192368,0.0013813013210892677,1.0,15,-0.13801269233226776,-0.07637227326631546,0.13692842423915863,0.08148445934057236,0.1804979145526886,0.004756958689540625,1.0,30,-0.2421412169933319,-0.6460555791854858,0.23185297846794128,0.19883625209331512,0.7303116917610168,0.007432997226715088,1.0,62,-0.128248393535614,-0.3128126859664917,0.17943184077739716,0.27693507075309753,0.36850985884666443,0.004197205416858196,1.0,0.15117042884230614,-0.09435564652085304,0.7303116917610168,-0.6460555791854858,0.36850985884666443,-0.3128126859664917,1.0
1790268679.986217,20.555689573287964,412,0,12,-0.1460215300321579,-0.21697871387004852,0.1340179592370987,0.04644795507192612,0.27766522765159607,0.006148571614176035,1.0,15,-0.3014485538005829,-0.12509053945541382,0.15511564910411835,0.10670465975999832,0.3381587862968445,0.008769846521317959,1.0,30,-0.4397598206996918,-0.3673289120197296,0.14259150624275208,0.12852293252944946,0.5817310810089111,0.00392664410173893,1.0,62,-0.2982138395309448,-0.22455449402332306,0.18940120935440063,0.1968454271554947,0.40425625443458557,0.0033444021828472614,1.0,0.3079120069742203,-0.17103462666273117,0.5817310810089111,-0.3673289120197296,0.40425625443458557,-0.22455449402332306,1.0
1790268680.0340934,20.60356593132019,413,0,12,-0.29940032958984375,-0.20448429882526398,0.10767859220504761,0.037523023784160614,0.3719240427017212,0.0024632171262055635,1.0,15,-0.40974730253219604,-0.10405171662569046,0.14610642194747925,0.065940722823143,0.43011677265167236,0.01760159246623516,1.0,30,-0.49587708711624146,-0.08119099587202072,0.09961550682783127,0.0975065678358078,0.5118688941001892,0.005728565622121096,1.0,62,-0.39169999957084656,-0.07975251972675323,0.1955530047416687,0.15381667017936707,0.44334179162979126,0.0040453956462442875,1.0,0.4010204076766968,-0.15426800772547722,0.5118688941001892,-0.08119099587202072,0.44334179162979126,-0.07975251972675323,1.0
1790268680.085999,20.655471563339233,414,0,12,-0.2191975861787796,-0.033646900206804276,0.0835726261138916,0.04229215532541275,0.22834688425064087,0.003840614343062043,1.0,15,-0.22381184995174408,-0.0069366456009447575,0.05757586285471916,0.050321176648139954,0.2292250245809555,0.004342901986092329,1.0,30,-0.3349812924861908,0.25653839111328125,0.1739768534898758,0.11057455092668533,0.4256960153579712,0.005800396669656038,1.0,62,-0.266008198261261,0.123009592294693,0.1537545770406723,0.13535113632678986,0.31682130694389343,0.004468216095119715,1.0,0.2287859544157982,-0.020291772903874516,0.4256960153579712,0.25653839111328125,0.31682130694389343,0.123009592294693,1.0
1790268680.1341352,20.70360779762268,415,0,12,-0.0505574531853199,0.14941532909870148,0.02737507037818432,0.050221700221300125,0.1627224087715149,0.0021607244852930307,1.0,15,-0.02311808243393898,0.22383524477481842,0.0851403996348381,0.10307443141937256,0.2336117923259735,0.004836013074964285,1.0,30,-0.19072622060775757,0.8569559454917908,0.16992786526679993,0.21448998153209686,0.8908641338348389,0.015947602689266205,1.0,62,-0.11566998809576035,0.41655582189559937,0.11305691301822662,0.3767331838607788,0.4460265636444092,0.0060700005851686,1.0,0.1981671005487442,0.18662528693675995,0.8908641338348389,0.8569559454917908,0.4460265636444092,0.41655582189559937,1.0
1790268680.1860037,20.755476236343384,416,0,12,0.4081510007381439,0.8253872990608215,0.2405279129743576,0.2287905365228653,0.9355344772338867,0.02641960047185421,1.0,15,0.07907918095588684,0.9229095578193665,0.2398459017276764,0.39678284525871277,0.9596197009086609,0.015874482691287994,1.0,30,0.4110102355480194,1.2562708854675293,0.17269904911518097,0.09128765016794205,1.331868052482605,0.008227486163377762,1.0,62,0.2597067952156067,0.7674042582511902,0.24060817062854767,0.5229241251945496,0.8280328512191772,0.0071012587286531925,1.0,0.9475770890712738,0.874148428440094,1.331868052482605,1.2562708854675293,0.8280328512191772,0.7674042582511902,1.0
1790268680.2377214,20.807193994522095,417,0,12,1.5561332702636719,1.2236518859863281,0.7331233024597168,0.5582807064056396,1.9989876747131348,0.18841314315795898,1.0,15,0.6602152585983276,0.6499318480491638,0.35299253463745117,0.41600510478019714,1.022585153579712,0.15322382748126984,1.0,30,0.5550298094749451,0.6864227056503296,0.21444819867610931,0.13108502328395844,0.8976737856864929,0.008042876608669758,1.0,62,0.630059003829956,0.5930799841880798,0.5341817736625671,0.5056769847869873,0.8940049409866333,0.046558283269405365,1.0,1.5107864141464233,0.936791867017746,0.8976737856864929,0.6864227056503296,0.8940049409866333,0.5930799841880798,1.0
1790268680.2857242,20.855196714401245,418,0,12,0.992791473865509,0.49093881249427795,0.3880837857723236,0.21098341047763824,1.1108006238937378,0.14861328899860382,1.0,15,0.3851786255836487,0.37581583857536316,0.07170405983924866,0.16793334484100342,0.5573724508285522,0.034369636327028275,1.0,30,0.3481186032295227,0.24168497323989868,0.09873025119304657,0.10809839516878128,0.431925505399704,0.005817589350044727,1.0,62,0.4633065462112427,0.23164786398410797,0.34760144352912903,0.22335779666900635,0.5413768887519836,0.029730675742030144,1.0,0.834086537361145,0.43337732553482056,0.431925505399704,0.24168497323989868,0.5413768887519836,0.23164786398410797,1.0
1790268680.3378644,20.907336950302124,419,0,12,0.18235397338867188,0.07383473962545395,0.08904995024204254,0.04840727522969246,0.19771237671375275,0.00167450204025954,1.0,15,0.3170572817325592,0.2745046019554138,0.0696718767285347,0.05819809436798096,0.4241480231285095,0.016631120815873146,1.0,30,0.1394902616739273,0.1718495637178421,0.03470878675580025,0.10783553123474121,0.2333594411611557,0.003864685771986842,1.0,62,0.18073321878910065,0.0841664969921112,0.1337261199951172,0.13695521652698517,0.24679447710514069,0.0030368873849511147,1.0,0.31093019992113113,0.17416967079043388,0.2333594411611557,0.1718495637178421,0.24679447710514069,0.0841664969921112,1.0
1790268680.3861084,20.955580949783325,420,1,12,0.09884262084960938,0.06133778765797615,0.068617083132267,0.02495606616139412,0.11964207142591476,0.00122440152335912,1.0,15,0.1169840469956398,0.13477376103401184,0.09632976353168488,0.0993770882487297,0.20483465492725372,0.0044746072962880135,1.0,30,0.07939961552619934,0.08314666897058487,0.05544643849134445,0.03258620575070381,0.12629865109920502,0.0015247565461322665,1.0,62,0.08928311616182327,0.021241094917058945,0.10239134728908539,0.14846213161945343,0.16386443376541138,0.0017540199914947152,1.0,0.16223836317658424,0.098055774345994,0.12629865109920502,0.08314666897058487,0.16386443376541138,0.021241094917058945,1.0
1790268680.4386492,21.008121728897095,421,0,12,0.04091135784983635,0.041993457823991776,0.0887560173869133,0.026007674634456635,0.10649269074201584,0.0008874224149622023,1.0,15,0.01103922538459301,0.04672139510512352,0.034845028072595596,0.030634624883532524,0.06339111179113388,0.003607941558584571,1.0,30,0.01973012275993824,0.01484069786965847,0.053356852382421494,0.037928808480501175,0.06383554637432098,0.001082514994777739,1.0,62,0.04119873046875,-0.042651884257793427,0.11605150252580643,0.17763003706932068,0.14134296774864197,0.0011926924344152212,1.0,0.08494190126657486,0.04435742646455765,0.06383554637432098,0.01484069786965847,0.14134296774864197,-0.042651884257793427,1.0
1790268680.490007,21.059479475021362,422,0,12,-0.042367298156023026,-0.0021311442833393812,0.10367748141288757,0.03206808120012283,0.08919007331132889,0.0013741779839619994,1.0,15,-0.16776326298713684,-0.10689391940832138,0.07244548201560974,0.10471688956022263,0.2198980301618576,0.009579869918525219,1.0,30,0.04976705089211464,-0.12458140403032303,0.07717861235141754,0.044219352304935455,0.15322092175483704,0.0022139919456094503,1.0,62,0.03607891499996185,-0.16487441956996918,0.18689914047718048,0.2442801296710968,0.252807080745697,0.002440846059471369,1.0,0.15454405173659325,-0.05451253184583038,0.15322092175483704,-0.12458140403032303,0.252807080745697,-0.16487441956996918,1.0
1790268680.5380926,21.10756516456604,423,0,12,-0.00028737387037836015,-0.062206268310546875,0.04487226903438568,0.055780019611120224,0.08722499012947083,0.0011987226316705346,1.0,15,-0.20095214247703552,-0.4205576479434967,0.19640181958675385,0.19489043951034546,0.5188198089599609,0.030117325484752655,1.0,30,0.2694951295852661,-0.5553944706916809,0.20837043225765228,0.20254994928836823,0.6578923463821411,0.009881656616926193,1.0,62,0.11841435730457306,-0.4089425504207611,0.3116219937801361,0.4108828902244568,0.5256726741790771,0.005747182760387659,1.0,0.3030223995447159,-0.2413819581270218,0.6578923463821411,-0.5553944706916809,0.5256726741790771,-0.4089425504207611,1.0
1790268680.5900345,21.159507036209106,424,0,12,0.13119633495807648,-0.41002655029296875,0.10345903784036636,0.1245914176106453,0.44787442684173584,0.007037039380520582,1.0,15,-0.30279743671417236,-0.7995361089706421,0.14813368022441864,0.17489944398403168,0.8700313568115234,0.020324738696217537,1.0,30,0.395455926656723,-1.0142267942428589,0.11475624144077301,0.20562441647052765,1.0982357263565063,0.008288810960948467,1.0,62,0.17774003744125366,-0.7023500204086304,0.2904509902000427,0.443043977022171,0.7796884775161743,0.007033111527562141,1.0,0.6589528918266296,-0.6047813296318054,1.0982357263565063,-1.0142267942428589,0.7796884775161743,-0.7023500204086304,1.0
1790268680.6381302,21.207602739334106,425,0,12,-0.0019480386981740594,-0.7779706120491028,0.10275337100028992,0.14164473116397858,0.7848448157310486,0.008396033197641373,1.0,15,-0.4778890013694763,-0.8236480951309204,0.1835593283176422,0.16200721263885498,0.9689656496047974,0.02266085520386696,1.0,30,-0.03097585029900074,-1.0978968143463135,0.15751953423023224,0.08680765330791473,1.108855128288269,0.00922600831836462,1.0,62,-0.04393940418958664,-0.7934125065803528,0.19244486093521118,0.3709469437599182,0.8199247121810913,0.006603849120438099,1.0,0.876905232667923,-0.8008093535900116,1.108855128288269,-1.0978968143463135,0.8199247121810913,-0.7934125065803528,1.0
1790268680.690174,21.25964665412903,426,0,12,-0.020247140899300575,-0.3308309018611908,0.03595397248864174,0.03887602314352989,0.3333715498447418,0.0047826822847127914,1.0,15,-0.1768595427274704,-0.3930063843727112,0.19529345631599426,0.12446436285972595,0.47143861651420593,0.012271475978195667,1.0,30,-0.10310211032629013,-0.20962728559970856,0.08525338768959045,0.090095654129982,0.24179495871067047,0.003627895610406995,1.0,62,-0.08428635448217392,-0.27220436930656433,0.14399762451648712,0.1659296303987503,0.31018462777137756,0.0036389746237546206,1.0,0.4024050831794739,-0.361918643116951,0.24179495871067047,-0.20962728559970856,0.31018462777137756,-0.27220436930656433,1.0
1790268680.7421358,21.31160831451416,427,0,12,-0.055639903992414474,-0.14716720581054688,0.11176636070013046,0.18614916503429413,0.18497329950332642,0.0056911613792181015,1.0,15,-0.04764404147863388,-0.0551706962287426,0.07465045899152756,0.11036493629217148,0.12295778095722198,0.004150244873017073,1.0,30,-0.01606241799890995,0.09979908913373947,0.08893026411533356,0.09440591186285019,0.1399218887090683,0.007326157763600349,1.0,62,-0.02720494382083416,-0.06500797718763351,0.09268396347761154,0.22290688753128052,0.17302940785884857,0.004714964423328638,1.0,0.1539655402302742,-0.10116895101964474,0.1399218887090683,0.09979908913373947,0.17302940785884857,-0.06500797718763351,1.0
1790268680.7901165,21.359589099884033,428,0,12,0.0934295654296875,-0.004062652587890625,0.28673791885375977,0.23401783406734467,0.30632492899894714,0.02463056892156601,1.0,15,0.1750081330537796,0.1172637939453125,0.14400601387023926,0.150861918926239,0.24512386322021484,0.02167617157101631,1.0,30,0.3953542113304138,0.8419016599655151,0.22286111116409302,0.15112629532814026,0.9525249600410461,0.010457961820065975,1.0,62,0.2167801409959793,0.30130067467689514,0.26726460456848145,0.4740805923938751,0.5385838747024536,0.011073739267885685,1.0,0.275724396109581,0.05660057067871094,0.9525249600410461,0.8419016599655151,0.5385838747024536,0.30130067467689514,1.0
1790268680.8419576,21.41143012046814,429,0,12,-0.012547810561954975,-0.05096181109547615,0.2993774712085724,0.2547374665737152,0.2743861675262451,0.11054295301437378,1.0,15,0.47781574726104736,0.19554544985294342,0.21110352873802185,0.11522762477397919,0.5288174748420715,0.06571023911237717,1.0,30,0.7311853766441345,0.5519236326217651,0.2502339482307434,0.15097291767597198,0.9247187376022339,0.010196717455983162,1.0,62,0.40322113037109375,0.22264307737350464,0.3969610333442688,0.369850218296051,0.6005828380584717,0.029191037639975548,1.0,0.4016018211841583,0.07229181937873363,0.9247187376022339,0.5519236326217651,0.6005828380584717,0.22264307737350464,1.0
1790268680.8898387,21.45931124687195,430,0,12,0.23723220825195312,-0.1801300048828125,0.2421407252550125,0.29312917590141296,0.4534657299518585,0.04729735478758812,1.0,15,0.799731433391571,-0.06502482295036316,0.23659935593605042,0.2683884799480438,0.8419570326805115,0.04514019563794136,1.0,30,0.8084656000137329,0.3289952576160431,0.1285468190908432,0.07693350315093994,0.8788781762123108,0.008750049397349358,1.0,62,0.5540008544921875,0.12423250824213028,0.32873862981796265,0.2531833052635193,0.6315784454345703,0.014363507740199566,1.0,0.647711381316185,-0.12257741391658783,0.8788781762123108,0.3289952576160431,0.6315784454345703,0.12423250824213028,1.0
1790268680.9420745,21.511547088623047,431,0,12,0.3929379880428314,0.011118571273982525,0.14031913876533508,0.09886788576841354,0.4040747582912445,0.008023235946893692,1.0,15,0.5611938238143921,0.13282164931297302,0.19740505516529083,0.15177464485168457,0.6046108603477478,0.016772668808698654,1.0,30,0.7865687012672424,0.534210205078125,0.15983137488365173,0.0999898612499237,0.9603303074836731,0.007148590870201588,1.0,62,0.525109589099884,0.27276870608329773,0.296144038438797,0.2523840069770813,0.6406561732292175,0.006190416868776083,1.0,0.5043428093194962,0.07197011029347777,0.9603303074836731,0.534210205078125,0.6406561732292175,0.27276870608329773,1.0
1790268680.9940543,21.56352686882019,432,0,12,0.2915077209472656,0.11425653845071793,0.12334319204092026,0.06616529077291489,0.31586921215057373,0.0028796177357435226,1.0,15,0.7729329466819763,0.4412343204021454,0.16579802334308624,0.2038746476173401,0.9072638154029846,0.03356985002756119,1.0,30,0.3174021542072296,0.700805127620697,0.15412531793117523,0.1619151532649994,0.7808709740638733,0.008304042741656303,1.0,62,0.27747321128845215,0.3962082266807556,0.24196049571037292,0.31015366315841675,0.5540645122528076,0.005240096710622311,1.0,0.6115665137767792,0.27774542942643166,0.7808709740638733,0.700805127620697,0.5540645122528076,0.3962082266807556,1.0
1790268681.0420446,21.611517190933228,433,0,12,0.34152984619140625,0.2434438019990921,0.2589569091796875,0.13519415259361267,0.4502525329589844,0.020753683522343636,1.0,15,0.795654296875,0.6903310418128967,0.2737228572368622,0.2196645885705948,1.0733481645584106,0.03572499006986618,1.0,30,0.2171427458524704,1.0536117553710938,0.247566819190979,0.2065373659133911,1.0973111391067505,0.008405733853578568,1.0,62,0.22523917257785797,0.5673109292984009,0.35780414938926697,0.42590510845184326,0.7217725515365601,0.011011357419192791,1.0,0.7618003487586975,0.4668874219059944,1.0973111391067505,1.0536117553710938,0.7217725515365601,0.5673109292984009,1.0
1790268681.094379,21.663851499557495,434,0,12,0.060606639832258224,0.22787730395793915,0.1724284440279007,0.11569778621196747,0.27640223503112793,0.008977566845715046,1.0,15,0.41485798358917236,0.3825846314430237,0.2704111337661743,0.2954520881175995,0.6178710460662842,0.022339731454849243,1.0,30,0.16007639467716217,1.0477936267852783,0.1881808340549469,0.1212916448712349,1.0772812366485596,0.00902837235480547,1.0,62,0.028731562197208405,0.5912638306617737,0.3265138864517212,0.4451472759246826,0.7125622034072876,0.007800010964274406,1.0,0.44713664054870605,0.3052309677004814,1.0772812366485596,1.0477936267852783,0.7125622034072876,0.5912638306617737,1.0
1790268681.1420763,21.711548805236816,435,1,12,-0.30174383521080017,0.16988246142864227,0.17343246936798096,0.06648432463407516,0.3760613203048706,0.007731856312602758,1.0,15,0.03192952647805214,0.1853078156709671,0.12596629559993744,0.1268334537744522,0.23746997117996216,0.009968274272978306,1.0,30,-0.22739309072494507,0.6303487420082092,0.13482284545898438,0.13151216506958008,0.6821662783622742,0.0075910091400146484,1.0,62,-0.3323041796684265,0.3822796642780304,0.3026445508003235,0.2741745114326477,0.5757095217704773,0.007370492443442345,1.0,0.3067656457424164,0.1775951385498047,0.6821662783622742,0.6303487420082092,0.5757095217704773,0.3822796642780304,1.0
1790268681.1939769,21.7634494304657,436,0,12,-0.9934005737304688,0.25476837158203125,0.21418067812919617,0.07820208370685577,1.0301176309585571,0.0066432710736989975,1.0,15,-0.6040852665901184,-0.10650736838579178,0.4343887269496918,0.36395400762557983,0.6735123991966248,0.024068428203463554,1.0,30,-0.6973922848701477,0.45002493262290955,0.20571494102478027,0.19737058877944946,0.8380702137947083,0.009328288957476616,1.0,62,-0.8363767862319946,0.3719780147075653,0.3168255090713501,0.28740963339805603,0.94959956407547,0.00937059335410595,1.0,0.8518150150775909,0.07413050159811974,0.8380702137947083,0.45002493262290955,0.94959956407547,0.3719780147075653,1.0
1790268681.2460814,21.815553903579712,437,0,12,-1.4633750915527344,0.14854685962200165,0.27144086360931396,0.047888752073049545,1.4720386266708374,0.005607308354228735,1.0,15,-1.170312523841858,0.0875091552734375,0.30520913004875183,0.21166685223579407,1.1894031763076782,0.026391200721263885,1.0,30,-1.0718536376953125,0.29521891474723816,0.25041183829307556,0.14429619908332825,1.117228388786316,0.007405521348118782,1.0,62,-1.2573237419128418,0.3236854374408722,0.36037084460258484,0.26090267300605774,1.3357053995132446,0.008924608118832111,1.0,1.3307209014892578,0.11802800744771957,1.117228388786316,0.29521891474723816,1.3357053995132446,0.3236854374408722,1.0
1790268681.294036,21.863508462905884,438,0,12,-1.6338577270507812,0.05705006793141365,0.28069770336151123,0.03587076812982559,1.6356288194656372,0.0069979955442249775,1.0,15,-1.4975240230560303,0.17014262080192566,0.2664230763912201,0.197242870926857,1.520443081855774,0.028078556060791016,1.0,30,-1.8849273920059204,0.3250279724597931,0.18535752594470978,0.12320936471223831,1.9168941974639893,0.007624381687492132,1.0,62,-1.650783896446228,0.3534048795700073,0.432417631149292,0.3815460205078125,1.7563316822052002,0.011261692270636559,1.0,1.5780359506607056,0.11359634436666965,1.9168941974639893,0.3250279724597931,1.7563316822052002,0.3534048795700073,1.0
1790268681.3461096,21.915582180023193,439,0,12,-2.1091296672821045,0.40634408593177795,0.19998878240585327,0.07348083704710007,2.150348424911499,0.007937293499708176,1.0,15,-1.4338399171829224,0.313345342874527,0.32418569922447205,0.23665915429592133,1.4880664348602295,0.033639948815107346,1.0,30,-2.1831471920013428,0.967712938785553,0.16051766276359558,0.15573923289775848,2.3930230140686035,0.0074326167814433575,1.0,62,-1.825212001800537,0.6829407215118408,0.5699278712272644,0.31720325350761414,1.9877293109893799,0.010784138925373554,1.0,1.8192074298858643,0.35984471440315247,2.3930230140686035,0.967712938785553,1.9877293109893799,0.6829407215118408,1.0
1790268681.3941808,21.963653326034546,440,0,12,-1.7906036376953125,0.8912353515625,0.24789752066135406,0.04498780518770218,2.0033693313598633,0.012367465533316135,1.0,15,-1.0122029781341553,0.7121663689613342,0.20970121026039124,0.3878364861011505,1.2757941484451294,0.04109344258904457,1.0,30,-1.6722915172576904,1.4684275388717651,0.20212501287460327,0.15095768868923187,2.230421781539917,0.011533956974744797,1.0,62,-1.508090853691101,1.0093270540237427,0.5133274793624878,0.4830070734024048,1.8471745252609253,0.008742131292819977,1.0,1.6395817399024963,0.8017008602619171,2.230421781539917,1.4684275388717651,1.8471745252609253,1.0093270540237427,1.0
1790268681.4458933,22.015365839004517,441,0,12,-1.2478128671646118,1.1428693532943726,0.1784873604774475,0.04553329572081566,1.696704387664795,0.004858881700783968,1.0,15,-1.0848408937454224,0.7856760621070862,0.5701465606689453,0.42503300309181213,1.3603007793426514,0.032351601868867874,1.0,30,-0.6994867920875549,1.7633483409881592,0.18939083814620972,0.23122945427894592,1.9083837270736694,0.014928688295185566,1.0,62,-0.840077817440033,1.1824945211410522,0.35961517691612244,0.5402824878692627,1.5094943046569824,0.007792381104081869,1.0,1.5285025835037231,0.9642727077007294,1.9083837270736694,1.7633483409881592,1.5094943046569824,1.1824945211410522,1.0
1790268681.4977825,22.0672550201416,442,0,12,-0.3298098146915436,0.5566241145133972,0.15300549566745758,0.09583251178264618,0.6620831489562988,0.007439544424414635,1.0,15,-0.10548095405101776,0.31020814180374146,0.09957046806812286,0.10546021908521652,0.3356383740901947,0.008899438194930553,1.0,30,0.17915649712085724,1.1624776124954224,0.10517138987779617,0.32977718114852905,1.1790010929107666,0.012917529791593552,1.0,62,-0.06778766214847565,0.7239571809768677,0.285787433385849,0.4277963936328888,0.7989256978034973,0.008463290520012379,1.0,0.49886076152324677,0.43341612815856934,1.1790010929107666,1.1624776124954224,0.7989256978034973,0.7239571809768677,1.0
1790268681.545676,22.115148544311523,443,0,12,0.5697148442268372,0.5260149836540222,0.509594738483429,0.319675087928772,0.8098130822181702,0.052386607974767685,1.0,15,-0.11720988154411316,0.3128814697265625,0.2841942012310028,0.25780895352363586,0.3726285398006439,0.049274321645498276,1.0,30,0.43230029940605164,0.41006672382354736,0.19946704804897308,0.16432377696037292,0.6098482608795166,0.011602581478655338,1.0,62,0.205902099609375,0.3069065511226654,0.29212209582328796,0.2431023269891739,0.4326539933681488,0.014751648530364037,1.0,0.591220811009407,0.41944822669029236,0.6098482608795166,0.41006672382354736,0.4326539933681488,0.3069065511226654,1.0
1790268681.598003,22.16747546195984,444,0,11,0.9224409461021423,0.4985559582710266,0.6485132575035095,0.3752082288265228,1.0757499933242798,0.2515853941440582,0.9166666666666666,15,-0.008211263455450535,0.09537149965763092,0.2835030257701874,0.16369940340518951,0.1758677214384079,0.17908784747123718,1.0,30,0.20945027470588684,0.03086446039378643,0.07910484075546265,0.048217203468084335,0.21758466958999634,0.0029641087166965008,1.0,61,0.23765438795089722,0.08565458655357361,0.373407244682312,0.2533363401889801,0.29227569699287415,0.054356515407562256,0.9838709677419355,0.6258088573813438,0.29696372896432877,0.21758466958999634,0.03086446039378643,0.29227569699287415,0.08565458655357361,0.9751344086021505
1790268681.6461837,22.215656280517578,445,0,11,-0.1370752453804016,-0.1875860095024109,0.3156638741493225,0.19378305971622467,0.2786553204059601,0.03103969246149063,1.0,15,0.04095255583524704,-0.09500019997358322,0.08988121896982193,0.1333915889263153,0.1153840497136116,0.02438957802951336,1.0,30,0.2098790556192398,-0.1412918120622635,0.11438874900341034,0.056175678968429565,0.259610652923584,0.0025813444517552853,1.0,61,0.08493292331695557,-0.14574770629405975,0.24757765233516693,0.16774101555347443,0.2439226359128952,0.011490726843476295,1.0,0.19701968505978584,-0.14129310473799706,0.259610652923584,-0.1412918120622635,0.2439226359128952,-0.14574770629405975,1.0
1790268681.6980813,22.26755380630493,446,0,11,-0.00462480029091239,-0.38052091002464294,0.185364231467247,0.25634557008743286,0.4190461039543152,0.060041312128305435,1.0,15,0.2567504942417145,-0.24572549760341644,0.22022561728954315,0.21704626083374023,0.3750768303871155,0.06333088129758835,1.0,30,0.29949137568473816,-0.360879510641098,0.12990036606788635,0.0887809693813324,0.4736343026161194,0.009934592060744762,1.0,61,0.2609167993068695,-0.32747161388397217,0.20341914892196655,0.24107910692691803,0.45822644233703613,0.014122758992016315,1.0,0.39706146717071533,-0.3131232038140297,0.4736343026161194,-0.360879510641098,0.45822644233703613,-0.32747161388397217,1.0
1790268681.750023,22.31949543952942,447,0,11,0.3329883813858032,-0.5116563439369202,0.25770607590675354,0.17305345833301544,0.66326904296875,0.02926691621541977,1.0,15,0.4903666079044342,-0.35430604219436646,0.24402442574501038,0.18952535092830658,0.6137068271636963,0.021884925663471222,1.0,30,0.6990259885787964,-0.5070327520370483,0.13965970277786255,0.08072739839553833,0.8672084808349609,0.010987476445734501,1.0,61,0.5778483152389526,-0.3984020948410034,0.24629980325698853,0.21679380536079407,0.727046549320221,0.009268630295991898,1.0,0.6384879350662231,-0.4329811930656433,0.8672084808349609,-0.5070327520370483,0.727046549320221,-0.3984020948410034,1.0
1790268681.798028,22.36750054359436,448,0,11,0.6790355443954468,-0.5539426207542419,0.16555151343345642,0.12737952172756195,0.8978882431983948,0.010385137982666492,1.0,15,0.470947265625,-0.17999166250228882,0.24077241122722626,0.19236014783382416,0.5247327089309692,0.019645078107714653,1.0,30,0.5759592652320862,-0.4760950803756714,0.14385096728801727,0.10863185673952103,0.7504028081893921,0.008582635782659054,1.0,61,0.622959315776825,-0.40057384967803955,0.24070525169372559,0.20372682809829712,0.7633705139160156,0.00694459630176425,1.0,0.711310476064682,-0.3669671416282654,0.7504028081893921,-0.4760950803756714,0.7633705139160156,-0.40057384967803955,1.0
1790268681.8500242,22.419496774673462,449,0,11,0.6717390418052673,-0.5783982872962952,0.11399635672569275,0.02629150077700615,0.8893117904663086,0.008164784871041775,1.0,15,0.5144693851470947,-0.373086541891098,0.08233886957168579,0.10190951079130173,0.640074610710144,0.023210734128952026,1.0,30,0.5967081785202026,-0.567089319229126,0.12543156743049622,0.11494898051023483,0.8285947442054749,0.011233199387788773,1.0,61,0.6105439066886902,-0.48116928339004517,0.23078054189682007,0.20888623595237732,0.798026442527771,0.006521946284919977,1.0,0.7646932005882263,-0.4757424145936966,0.8285947442054749,-0.567089319229126,0.798026442527771,-0.48116928339004517,1.0
1790268681.8981814,22.46765398979187,450,1,11,0.43295565247535706,-0.5904263854026794,0.12800714373588562,0.09292441606521606,0.7443298697471619,0.008606646209955215,1.0,15,0.37348634004592896,-0.33100077509880066,0.1882905513048172,0.13605260848999023,0.5045517683029175,0.01116278674453497,1.0,30,0.3024449646472931,-0.634045422077179,0.16333767771720886,0.08858434110879898,0.7169473171234131,0.010549123398959637,1.0,61,0.412353515625,-0.511121928691864,0.202347069978714,0.20382648706436157,0.6885279417037964,0.00645121093839407,1.0,0.6244408190250397,-0.46071358025074005,0.7169473171234131,-0.634045422077179,0.6885279417037964,-0.511121928691864,1.0
1790268681.9500384,22.519510984420776,451,0,11,0.48881807923316956,-0.6138430237770081,0.22338327765464783,0.10487677156925201,0.8033756613731384,0.023302460089325905,1.0,15,0.3883219361305237,-0.3529805541038513,0.14726826548576355,0.25272518396377563,0.5584985613822937,0.021491337567567825,1.0,30,0.25795236229896545,-0.5672836303710938,0.16175273060798645,0.12028824537992477,0.6333217024803162,0.006207276601344347,1.0,61,0.39463379979133606,-0.49261388182640076,0.21894997358322144,0.22315837442874908,0.667119562625885,0.005415828432887793,1.0,0.6809371113777161,-0.4834117889404297,0.6333217024803162,-0.5672836303710938,0.667119562625885,-0.49261388182640076,1.0
1790268682.001989,22.57146143913269,452,0,11,0.36119356751441956,-0.4741710424423218,0.1236608698964119,0.06844485551118851,0.6085836887359619,0.005041579250246286,1.0,15,0.2571919858455658,-0.266653448343277,0.11385239660739899,0.09145507961511612,0.3772905766963959,0.02221778593957424,1.0,30,0.11778869479894638,-0.27278798818588257,0.15201756358146667,0.11469782143831253,0.3203243613243103,0.005400948692113161,1.0,61,0.30719345808029175,-0.3415931463241577,0.218740776181221,0.1527090221643448,0.49069347977638245,0.0054479436948895454,1.0,0.4929371327161789,-0.3704122453927994,0.3203243613243103,-0.27278798818588257,0.49069347977638245,-0.3415931463241577,1.0
1790268682.050062,22.619534492492676,453,0,11,0.3311198949813843,-0.3995555639266968,0.14003175497055054,0.039807114750146866,0.5284188985824585,0.005314068868756294,1.0,15,0.28632813692092896,-0.29985350370407104,0.09004801511764526,0.0695217102766037,0.4244680106639862,0.007827714085578918,1.0,30,-0.03577728196978569,-0.11592407524585724,0.3945198357105255,0.36228156089782715,0.4519231915473938,0.04826997593045235,1.0,61,0.24618029594421387,-0.2347412109375,0.3078150451183319,0.2584577798843384,0.46988990902900696,0.015508786775171757,1.0,0.47644345462322235,-0.3497045338153839,0.4519231915473938,-0.11592407524585724,0.46988990902900696,-0.2347412109375,1.0
1790268682.1018722,22.671344757080078,454,0,11,0.33861473202705383,-0.3759904205799103,0.06386706233024597,0.027710407972335815,0.5074813961982727,0.004018843639642,1.0,15,0.24050292372703552,-0.16790567338466644,0.07124686986207962,0.14845949411392212,0.3257235586643219,0.014119517058134079,1.0,30,0.3132075071334839,-0.0076166787184774876,0.6542249917984009,1.074704647064209,1.057207465171814,0.09822319447994232,1.0,61,0.39613643288612366,-0.2837384343147278,0.3477170467376709,0.6241472363471985,0.7117661833763123,0.021583039313554764,1.0,0.4166024774312973,-0.27194804698228836,1.057207465171814,-0.0076166787184774876,0.7117661833763123,-0.2837384343147278,1.0
1790268682.1497982,22.719270706176758,455,0,11,0.34115877747535706,-0.2816425561904907,0.10114756971597672,0.037608932703733444,0.4468526840209961,0.0057258219458162785,1.0,15,0.1453450471162796,-0.17894694209098816,0.060877565294504166,0.08650718629360199,0.24449914693832397,0.008243579417467117,1.0,30,0.4343149960041046,-0.10533701628446579,0.3517218232154846,0.27915656566619873,0.5362952947616577,0.013729319907724857,1.0,61,0.37549301981925964,-0.20029336214065552,0.2644009590148926,0.12915664911270142,0.459834486246109,0.006953014526516199,1.0,0.34567591547966003,-0.23029474914073944,0.5362952947616577,-0.10533701628446579,0.459834486246109,-0.20029336214065552,1.0
1790268682.2019718,22.77144432067871,456,0,11,0.21485067903995514,-0.1547338366508484,0.02853470668196678,0.0253593772649765,0.26591598987579346,0.0016017671441659331,1.0,15,0.13321329653263092,-0.14211934804916382,0.0583210289478302,0.047080155462026596,0.2017667442560196,0.006653252523392439,1.0,30,0.7395492792129517,-0.05638275295495987,0.6303179860115051,0.31465691328048706,0.844098687171936,0.01636010780930519,1.0,61,0.44405701756477356,-0.11742338538169861,0.4348539113998413,0.16974639892578125,0.5069730877876282,0.007300286088138819,1.0,0.23384136706590652,-0.1484265923500061,0.844098687171936,-0.05638275295495987,0.5069730877876282,-0.11742338538169861,1.0
1790268682.253956,22.823428630828857,457,0,11,0.07567665725946426,-0.05278986319899559,0.03556697815656662,0.013150115497410297,0.09334463626146317,0.0010345129994675517,1.0,15,0.02654012106359005,-0.06973572075366974,0.038235560059547424,0.055338963866233826,0.09148413687944412,0.004678850527852774,1.0,30,0.6574345827102661,0.12562409043312073,0.5045695304870605,0.3646194636821747,0.7298810482025146,0.0173453688621521,1.0,61,0.35358718037605286,-0.019539128988981247,0.39160844683647156,0.19697082042694092,0.3927224576473236,0.0076518068090081215,1.0,0.09241438657045364,-0.061262791976332664,0.7298810482025146,0.12562409043312073,0.3927224576473236,-0.019539128988981247,1.0
1790268682.3020399,22.871512413024902,458,0,11,0.12649813294410706,-0.057929299771785736,0.054292917251586914,0.013248349539935589,0.14036935567855835,0.0018670997815206647,1.0,15,0.05483601987361908,-0.1004892960190773,0.03043181449174881,0.04718521237373352,0.11801853030920029,0.002264749724417925,1.0,30,0.3725387454032898,0.01805572584271431,0.24078206717967987,0.1821865737438202,0.42222440242767334,0.009496418759226799,1.0,61,0.22790877521038055,-0.054198719561100006,0.2097558230161667,0.1284695267677307,0.271123468875885,0.00462380051612854,1.0,0.12919394299387932,-0.07920929789543152,0.42222440242767334,0.01805572584271431,0.271123468875885,-0.054198719561100006,1.0
1790268682.354014,22.923486471176147,459,0,11,0.1208038330078125,-0.05399946868419647,0.0443141795694828,0.015421436168253422,0.13597871363162994,0.001388590200804174,1.0,15,0.0061665852554142475,-0.06903991848230362,0.05441280081868172,0.04608163237571716,0.09196575731039047,0.003717232495546341,1.0,30,0.35080158710479736,0.04052683338522911,0.22581280767917633,0.20513270795345306,0.3965388238430023,0.004447493236511946,1.0,61,0.20051150023937225,-0.01614680141210556,0.18917003273963928,0.12969467043876648,0.2312798947095871,0.002345008309930563,1.0,0.11397223547101021,-0.061519693583250046,0.3965388238430023,0.04052683338522911,0.2312798947095871,-0.01614680141210556,1.0
1790268682.4022095,22.97168207168579,460,0,11,0.095184326171875,0.006324074696749449,0.04201659932732582,0.013407236896455288,0.09664338082075119,0.0009273974574171007,1.0,15,0.00958862341940403,-0.0323435477912426,0.026926696300506592,0.04367188364267349,0.047490522265434265,0.0033240681514143944,1.0,30,0.2731613218784332,0.2113438993692398,0.20752985775470734,0.26210638880729675,0.37261438369750977,0.005603027530014515,1.0,61,0.17717204988002777,0.06113734096288681,0.18233835697174072,0.19134262204170227,0.2211315929889679,0.00331923458725214,1.0,0.07206695154309273,-0.013009736547246575,0.37261438369750977,0.2113438993692398,0.2211315929889679,0.06113734096288681,1.0
1790268682.4541452,23.0236177444458,461,0,11,0.08000460267066956,0.04870189353823662,0.025547396391630173,0.01658661849796772,0.09490468353033066,0.0013361925957724452,1.0,15,-0.005340576171875,0.02248942106962204,0.026468442752957344,0.038047026842832565,0.043868742883205414,0.0024794552009552717,1.0,30,0.3201049864292145,0.30438536405563354,0.21999062597751617,0.3285105228424072,0.4697796106338501,0.00621814513579011,1.0,61,0.15732836723327637,0.10613325983285904,0.17931091785430908,0.21485207974910736,0.21941600739955902,0.0031679279636591673,1.0,0.06938671320676804,0.03559565730392933,0.4697796106338501,0.30438536405563354,0.21941600739955902,0.10613325983285904,1.0
1790268682.5062003,23.07567286491394,462,0,11,0.09425631165504456,0.10585160553455353,0.023151475936174393,0.024775760248303413,0.1435544788837433,0.0009535180288366973,1.0,15,0.03519286960363388,0.06369120627641678,0.02995244972407818,0.05015712231397629,0.08393728733062744,0.002193861873820424,1.0,30,0.2898142635822296,0.21926268935203552,0.16894863545894623,0.17859339714050293,0.3735370337963104,0.005724084563553333,1.0,61,0.14465981721878052,0.10394337028265,0.12922799587249756,0.14538094401359558,0.20505011081695557,0.0027045372407883406,1.0,0.11374588310718536,0.08477140590548515,0.3735370337963104,0.21926268935203552,0.20505011081695557,0.10394337028265,1.0
1790268682.5540931,23.123565673828125,463,0,11,0.1898290514945984,0.11854414641857147,0.040884584188461304,0.014373541809618473,0.2253611981868744,0.0013838389422744513,1.0,15,0.08915812522172928,0.04090474545955658,0.06974759697914124,0.04709021374583244,0.11821218580007553,0.002700354205444455,1.0,30,0.24872131645679474,0.27024587988853455,0.09694621711969376,0.2422393262386322,0.40237852931022644,0.004198798909783363,1.0,61,0.1555628478527069,0.12466143071651459,0.12358161062002182,0.18451693654060364,0.23210696876049042,0.0023524428252130747,1.0,0.17178669199347496,0.07972444593906403,0.40237852931022644,0.27024587988853455,0.23210696876049042,0.12466143071651459,1.0
1790268682.606121,23.175593614578247,464,0,11,0.17533458769321442,0.08173578232526779,0.05042441189289093,0.019204705953598022,0.19782070815563202,0.0010925858514383435,1.0,15,0.091033935546875,-0.014234415255486965,0.05409540608525276,0.0683605894446373,0.11510530114173889,0.004283018875867128,1.0,30,0.07904408872127533,0.2198842316865921,0.1699516624212265,0.21319375932216644,0.30348312854766846,0.008281733840703964,1.0,61,0.09560681879520416,0.09553778171539307,0.13715247809886932,0.16143177449703217,0.2006828337907791,0.003713655984029174,1.0,0.15646300464868546,0.03375068353489041,0.30348312854766846,0.2198842316865921,0.2006828337907791,0.09553778171539307,1.0
1790268682.654216,23.22368860244751,465,1,11,0.16878856718540192,0.046851418912410736,0.06391416490077972,0.011236528865993023,0.17679429054260254,0.0010903158690780401,1.0,15,0.14983519911766052,0.0029927571304142475,0.035542335361242294,0.051844947040081024,0.15831956267356873,0.00900366809219122,1.0,30,0.08340911567211151,0.11127624660730362,0.15332531929016113,0.14300347864627838,0.21611875295639038,0.004320244304835796,1.0,61,0.1003725677728653,0.021082768216729164,0.15220649540424347,0.12422250211238861,0.19578230381011963,0.002762741642072797,1.0,0.16755692660808563,0.024922088021412492,0.21611875295639038,0.11127624660730362,0.19578230381011963,0.021082768216729164,1.0
1790268682.7059433,23.275415897369385,466,0,11,0.2207280993461609,-0.0004175359499640763,0.0616120807826519,0.025110585615038872,0.22219818830490112,0.0011477856896817684,1.0,15,0.11213378608226776,-0.06850280612707138,0.0787281021475792,0.040565524250268936,0.14403066039085388,0.0028421750757843256,1.0,30,0.1656041443347931,0.013141377829015255,0.13835133612155914,0.09488663077354431,0.2098938673734665,0.003958391025662422,1.0,61,0.13067051768302917,-0.03615019842982292,0.16420508921146393,0.10400890558958054,0.2060992419719696,0.0024797040969133377,1.0,0.1831144243478775,-0.03446017103851773,0.2098938673734665,0.013141377829015255,0.2060992419719696,-0.03615019842982292,1.0
1790268682.7579424,23.327414989471436,467,0,11,0.20129255950450897,-0.07283713668584824,0.06658149510622025,0.0323711596429348,0.21853390336036682,0.0017062374390661716,1.0,15,0.09746907651424408,-0.15373128652572632,0.09324060380458832,0.07187756896018982,0.19959832727909088,0.005169256590306759,1.0,30,0.20311279594898224,-0.0036722819786518812,0.10421852767467499,0.1795308142900467,0.27557164430618286,0.003744721645489335,1.0,61,0.13946257531642914,-0.07557953149080276,0.16367501020431519,0.14078615605831146,0.2344779670238495,0.0019578190986067057,1.0,0.20906611531972885,-0.11328421160578728,0.27557164430618286,-0.0036722819786518812,0.2344779670238495,-0.07557953149080276,1.0
1790268682.805837,23.375309467315674,468,0,11,0.10398587584495544,-0.057457663118839264,0.04486359283328056,0.019790807738900185,0.12180095165967941,0.0011983447475358844,1.0,15,0.03108927421271801,-0.10456237941980362,0.0898999348282814,0.04573983699083328,0.1386192888021469,0.0026888104621320963,1.0,30,0.10597331076860428,0.0363413505256176,0.07601339370012283,0.21299102902412415,0.22775578498840332,0.0033008239697664976,1.0,61,0.045786622911691666,-0.05170265585184097,0.11434698104858398,0.14547137916088104,0.162436380982399,0.0021098069846630096,1.0,0.13021012023091316,-0.08101002126932144,0.22775578498840332,0.0363413505256176,0.162436380982399,-0.05170265585184097,1.0
1790268682.8580863,23.42755889892578,469,0,11,0.022449839860200882,0.010475852526724339,0.04012346640229225,0.025970010086894035,0.0397607646882534,0.0010522251250222325,1.0,15,-0.1154581680893898,-0.1540272980928421,0.1553640216588974,0.09406817704439163,0.22092927992343903,0.013471781276166439,1.0,30,0.03843434527516365,0.19244995713233948,0.07207809388637543,0.31562283635139465,0.25198468565940857,0.0041786180809140205,1.0,61,-0.008191218599677086,0.042739491909742355,0.1005067452788353,0.20332780480384827,0.13577212393283844,0.002243175869807601,1.0,0.13034502230584621,-0.07177572278305888,0.25198468565940857,0.19244995713233948,0.13577212393283844,0.042739491909742355,1.0
1790268682.906157,23.475629568099976,470,0,11,-0.06769075989723206,0.12410250306129456,0.0666387677192688,0.022338081151247025,0.14820519089698792,0.002071967115625739,1.0,15,-0.20964762568473816,0.01885070838034153,0.14701825380325317,0.11189056932926178,0.22530773282051086,0.007304464932531118,1.0,30,0.15302276611328125,0.4989914000034332,0.12267249077558517,0.4393422305583954,0.5421245098114014,0.007756393868476152,1.0,61,-0.021697496995329857,0.22888007760047913,0.17278143763542175,0.2934899926185608,0.2902372181415558,0.003354856511577964,1.0,0.1867564618587494,0.07147660572081804,0.5421245098114014,0.4989914000034332,0.2902372181415558,0.22888007760047913,1.0
1790268682.9581864,23.527658939361572,471,0,11,-0.1380254626274109,0.5552825927734375,0.08649086207151413,0.07733970880508423,0.577302873134613,0.00882530678063631,1.0,15,-0.18595580756664276,0.125091552734375,0.09572629630565643,0.06298204511404037,0.23701618611812592,0.016917357221245766,1.0,30,0.3469701111316681,0.7414265871047974,0.25382307171821594,0.3125990331172943,0.8451025485992432,0.010781272314488888,1.0,61,0.03156417980790138,0.44818902015686035,0.33259159326553345,0.3566417396068573,0.5662726759910583,0.0066965240985155106,1.0,0.4071595296263695,0.34018707275390625,0.8451025485992432,0.7414265871047974,0.5662726759910583,0.44818902015686035,1.0
1790268683.010033,23.579505443572998,472,0,11,0.024690108373761177,0.5809797644615173,0.04211655259132385,0.046321600675582886,0.582949697971344,0.0030123682226985693,1.0,15,-0.09894409030675888,0.10616963356733322,0.07767268270254135,0.15388469398021698,0.21734890341758728,0.006659896112978458,1.0,30,0.3341990113258362,0.395803838968277,0.1523703783750534,0.09824801236391068,0.5304720401763916,0.008388032205402851,1.0,61,0.10855452716350555,0.31159472465515137,0.23309437930583954,0.2153119295835495,0.4108670651912689,0.004521588794887066,1.0,0.40014930069446564,0.3435746990144253,0.5304720401763916,0.395803838968277,0.4108670651912689,0.31159472465515137,1.0
1790268683.0579717,23.62744426727295,473,0,11,0.13613753020763397,0.22311817109584808,0.08859992772340775,0.05658320337533951,0.2714458703994751,0.0027079759165644646,1.0,15,0.01734008826315403,0.1192525252699852,0.0771355926990509,0.10952445864677429,0.1588195413351059,0.0033200110774487257,1.0,30,0.4179835021495819,0.17832082509994507,0.14411026239395142,0.0661587193608284,0.4606720805168152,0.005965197924524546,1.0,61,0.2159268707036972,0.13622471690177917,0.2226349115371704,0.13739904761314392,0.3171783685684204,0.0032338188029825687,1.0,0.2151327058672905,0.17118534818291664,0.4606720805168152,0.17832082509994507,0.3171783685684204,0.13622471690177917,1.0
1790268683.1100864,23.679558992385864,474,0,11,0.26876136660575867,0.13989396393299103,0.10990073531866074,0.0258540790528059,0.30790582299232483,0.0023727575317025185,1.0,15,0.0884806290268898,0.07488911598920822,0.10988377034664154,0.06738308817148209,0.1416245400905609,0.00373903289437294,1.0,30,0.6381372809410095,0.08066456764936447,0.09957143664360046,0.05750660598278046,0.6462259888648987,0.004900327883660793,1.0,61,0.3769929111003876,0.05200220271945,0.2552507519721985,0.13719402253627777,0.4242549240589142,0.0036985366605222225,1.0,0.22476518154144287,0.10739153996109962,0.6462259888648987,0.08066456764936447,0.4242549240589142,0.05200220271945,1.0
1790268683.1580734,23.727545976638794,475,0,11,0.39343538880348206,0.06746049225330353,0.10719098150730133,0.02333490177989006,0.4012310802936554,0.0026872444432228804,1.0,15,0.18634237349033356,0.02264302596449852,0.15679563581943512,0.06204761937260628,0.2073095440864563,0.004140092525631189,1.0,30,0.7056676149368286,0.04412536695599556,0.12619176506996155,0.1355718970298767,0.717860996723175,0.004663077648729086,1.0,61,0.48413312435150146,-0.02497338503599167,0.25158143043518066,0.16967596113681793,0.5227544903755188,0.0045417919754981995,1.0,0.30427031219005585,0.045051759108901024,0.717860996723175,0.04412536695599556,0.5227544903755188,-0.02497338503599167,1.0
1790268683.2100186,23.779491186141968,476,0,11,0.5410267114639282,0.025397561490535736,0.07822990417480469,0.04119597375392914,0.543320894241333,0.0021913235541433096,1.0,15,0.1888020783662796,0.012080891989171505,0.11069703847169876,0.04749692976474762,0.19625172019004822,0.004595257807523012,1.0,30,0.749499499797821,0.07433217018842697,0.16401389241218567,0.15803225338459015,0.7676924467086792,0.005946242716163397,1.0,61,0.5315694212913513,-0.02532883919775486,0.2811063230037689,0.16633592545986176,0.5652801394462585,0.004075829405337572,1.0,0.3697863072156906,0.01873922673985362,0.7676924467086792,0.07433217018842697,0.5652801394462585,-0.02532883919775486,1.0
1790268683.262021,23.831493616104126,477,0,11,0.4519916772842407,0.018023403361439705,0.06003355607390404,0.0436817929148674,0.4546744227409363,0.0026734760031104088,1.0,15,0.2556864321231842,-0.03565673902630806,0.1859932690858841,0.07644850760698318,0.2873559594154358,0.005351404659450054,1.0,30,0.8005452752113342,0.08767089992761612,0.089451365172863,0.13371331989765167,0.8159013390541077,0.00858524814248085,1.0,61,0.5065642595291138,0.009537993930280209,0.2954230010509491,0.13387902081012726,0.5394558906555176,0.0057930611073970795,1.0,0.37101519107818604,-0.008816667832434177,0.8159013390541077,0.08767089992761612,0.5394558906555176,0.009537993930280209,1.0
1790268683.3102038,23.879676342010498,478,0,11,0.3701740503311157,0.06912925094366074,0.04072078317403793,0.01821325719356537,0.37713944911956787,0.0017959449905902147,1.0,15,0.19548340141773224,-0.0709889754652977,0.17473016679286957,0.12658937275409698,0.28051048517227173,0.005663254763931036,1.0,30,0.5120249390602112,0.03065795823931694,0.14928726851940155,0.13771937787532806,0.5378978848457336,0.007328891661018133,1.0,61,0.33069923520088196,0.02229158952832222,0.21671828627586365,0.12605087459087372,0.37018823623657227,0.0038085849955677986,1.0,0.3288249671459198,-0.0009298622608184814,0.5378978848457336,0.03065795823931694,0.37018823623657227,0.02229158952832222,1.0
1790268683.3618765,23.93134903907776,479,0,11,0.24584683775901794,0.058159567415714264,0.055482540279626846,0.03167570009827614,0.25520336627960205,0.002350308932363987,1.0,15,0.06080525740981102,-0.05282897874712944,0.0864316076040268,0.1706836223602295,0.17914506793022156,0.005534153897315264,1.0,30,0.3784332275390625,-0.0067723593674600124,0.05202198773622513,0.04806143045425415,0.3816201090812683,0.003010594053193927,1.0,61,0.24401405453681946,0.006807296071201563,0.1665736883878708,0.07685617357492447,0.27715814113616943,0.0021771849133074284,1.0,0.2171742171049118,0.002665294334292412,0.3816201090812683,-0.0067723593674600124,0.27715814113616943,0.006807296071201563,1.0
1790268683.4097536,23.979226112365723,480,1,11,0.20869307219982147,0.015491832047700882,0.06299995630979538,0.02191763184964657,0.21031728386878967,0.0010409639216959476,1.0,15,0.05422566831111908,-0.07353922724723816,0.08328672498464584,0.0551457516849041,0.12609229981899261,0.0020340930204838514,1.0,30,0.27790528535842896,-0.15906676650047302,0.08838477730751038,0.07606210559606552,0.3263721466064453,0.00313172466121614,1.0,61,0.18227949738502502,-0.0756608322262764,0.1308872550725937,0.09739909321069717,0.22702039778232574,0.0015940757002681494,1.0,0.16820479184389114,-0.02902369759976864,0.3263721466064453,-0.15906676650047302,0.22702039778232574,-0.0756608322262764,1.0
1790268683.4622064,24.031678915023804,481,0,11,0.18083052337169647,-0.06641041487455368,0.0547851026058197,0.04175882413983345,0.19783709943294525,0.001307060825638473,1.0,15,0.04388427734375,-0.17682291567325592,0.1108965277671814,0.0707533061504364,0.21235555410385132,0.003232712624594569,1.0,30,0.20155589282512665,-0.4371286928653717,0.07998112589120865,0.2999430000782013,0.4941715896129608,0.008153578266501427,1.0,61,0.15806829929351807,-0.2162848263978958,0.11580321937799454,0.24103061854839325,0.3002915382385254,0.003644662443548441,1.0,0.20509632676839828,-0.1216166652739048,0.4941715896129608,-0.4371286928653717,0.3002915382385254,-0.2162848263978958,1.0
1790268683.514022,24.083494663238525,482,0,11,0.21630443632602692,-0.1807458996772766,0.0642976388335228,0.08587050437927246,0.28852298855781555,0.0019035834120586514,1.0,15,0.04889526218175888,-0.28821104764938354,0.12298187613487244,0.07559394091367722,0.3145425021648407,0.005214127711951733,1.0,30,0.0409495048224926,-0.9346883296966553,0.43846118450164795,0.6888278722763062,1.025373935699463,0.05916840210556984,1.0,61,0.1020665392279625,-0.43273112177848816,0.22204239666461945,0.5035053491592407,0.5050902366638184,0.013918238691985607,1.0,0.3015327453613281,-0.23447847366333008,1.025373935699463,-0.9346883296966553,0.5050902366638184,-0.43273112177848816,1.0
1790268683.5621133,24.131585836410522,483,0,11,0.1419275403022766,-0.20974870026111603,0.05574828386306763,0.03968144580721855,0.25704675912857056,0.0025141267105937004,1.0,15,-0.03124796599149704,-0.383157342672348,0.13358083367347717,0.15024466812610626,0.4059690535068512,0.008791397325694561,1.0,30,-0.4942677915096283,-1.301941990852356,0.7019447088241577,0.9618278741836548,1.4710345268249512,0.07879912108182907,1.0,61,-0.15677855908870697,-0.5783318877220154,0.4190094470977783,0.7809396982192993,0.6540427207946777,0.030944939702749252,1.0,0.3315079063177109,-0.296453021466732,1.4710345268249512,-1.301941990852356,0.6540427207946777,-0.5783318877220154,1.0
1790268683.6140366,24.18350911140442,484,0,11,-0.075897216796875,-0.1621246337890625,0.07413051277399063,0.030222458764910698,0.1912384033203125,0.0032819979824125767,1.0,15,-0.33126628398895264,-0.2999379336833954,0.140546053647995,0.07336562126874924,0.4568976163864136,0.010980634018778801,1.0,30,-0.1465861052274704,-0.8916569948196411,0.37774521112442017,0.79029780626297,1.0017844438552856,0.0336010567843914,1.0,61,-0.10402266681194305,-0.3520379066467285,0.21179303526878357,0.5155799388885498,0.4270646870136261,0.011366097256541252,1.0,0.32406800985336304,-0.23103128373622894,1.0017844438552856,-0.8916569948196411,0.4270646870136261,-0.3520379066467285,1.0
1790268683.662001,24.231473445892334,485,0,11,-0.24114574491977692,-0.057708740234375,0.1771058887243271,0.04365146905183792,0.2507804334163666,0.0028747008182108402,1.0,15,-0.4739827513694763,-0.2471516877412796,0.12706342339515686,0.09476333856582642,0.5451357960700989,0.00904169026762247,1.0,30,0.01755421981215477,-0.5893198847770691,0.19684171676635742,0.4746406376361847,0.6398361921310425,0.012722840532660484,1.0,61,-0.1325986236333847,-0.2077484130859375,0.24672652781009674,0.3000791668891907,0.3539239466190338,0.004980458412319422,1.0,0.3979581147432327,-0.1524302139878273,0.6398361921310425,-0.5893198847770691,0.3539239466190338,-0.2077484130859375,1.0
1790268683.7141771,24.283649682998657,486,0,11,-0.4018693268299103,-0.03176325187087059,0.16212575137615204,0.023571116849780083,0.4045534133911133,0.006256704218685627,1.0,15,-0.6144816279411316,-0.16701863706111908,0.17524567246437073,0.18357348442077637,0.6650797724723816,0.010707958601415157,1.0,30,-0.1904958039522171,-0.36439818143844604,0.1739530861377716,0.261465460062027,0.46870478987693787,0.009964200668036938,1.0,61,-0.2999400198459625,-0.10217873007059097,0.2598946988582611,0.20278683304786682,0.3868190050125122,0.004374093841761351,1.0,0.5348165929317474,-0.09939094446599483,0.46870478987693787,-0.36439818143844604,0.3868190050125122,-0.10217873007059097,1.0
1790268683.7660253,24.335497856140137,487,0,11,-0.7329282164573669,-0.0834197998046875,0.08221393823623657,0.02953805960714817,0.7381115555763245,0.002449250314384699,1.0,15,-0.7118184566497803,-0.2597249448299408,0.10427232831716537,0.17173057794570923,0.7739948034286499,0.0252781230956316,1.0,30,-0.55340576171875,-0.42268168926239014,0.24172630906105042,0.15629807114601135,0.7235090136528015,0.008197100833058357,1.0,61,-0.5295610427856445,-0.18303216993808746,0.3429875671863556,0.2243097573518753,0.6016309261322021,0.004337012767791748,1.0,0.7560531795024872,-0.17157237231731415,0.7235090136528015,-0.42268168926239014,0.6016309261322021,-0.18303216993808746,1.0
1790268683.8141012,24.38357377052307,488,0,11,-0.8548070788383484,-0.20509199798107147,0.06454455107450485,0.0681317150592804,0.8811582326889038,0.004647155292332172,1.0,15,-0.7431742548942566,-0.29051411151885986,0.17625880241394043,0.16477052867412567,0.8122214674949646,0.02502228133380413,1.0,30,-0.678143322467804,-0.4556376039981842,0.264059841632843,0.11019200086593628,0.8339794278144836,0.004477068781852722,1.0,61,-0.5997922420501709,-0.24063535034656525,0.36310911178588867,0.20910683274269104,0.670383632183075,0.004055829253047705,1.0,0.8466898500919342,-0.24780305474996567,0.8339794278144836,-0.4556376039981842,0.670383632183075,-0.24063535034656525,1.0
1790268683.8660297,24.435502290725708,489,0,11,-0.8321200013160706,-0.27438077330589294,0.10572509467601776,0.03437849134206772,0.8770597577095032,0.0030403754208236933,1.0,15,-0.7040181756019592,-0.30553385615348816,0.17304715514183044,0.154000923037529,0.7809460759162903,0.018891099840402603,1.0,30,-0.8674525022506714,-0.5275833010673523,0.1945277601480484,0.11402272433042526,1.0205788612365723,0.01185678131878376,1.0,61,-0.6918662786483765,-0.296110063791275,0.339240163564682,0.254717618227005,0.7779172658920288,0.005088180769234896,1.0,0.8290029168128967,-0.28995731472969055,1.0205788612365723,-0.5275833010673523,0.7779172658920288,-0.296110063791275,1.0
1790268683.9141426,24.483615159988403,490,0,11,-0.7087110877037048,-0.1785486340522766,0.07873283326625824,0.03956170007586479,0.731567919254303,0.013275726698338985,1.0,15,-0.6827677488327026,-0.22779947519302368,0.2643321752548218,0.1175500750541687,0.7313496470451355,0.018316973000764847,1.0,30,-1.1323679685592651,-0.5553090572357178,0.171709343791008,0.12372206151485443,1.26613187789917,0.008433678187429905,1.0,61,-0.7673632502555847,-0.27881884574890137,0.3800334632396698,0.2791655957698822,0.8431354761123657,0.0064428928308188915,1.0,0.7314587831497192,-0.20317405462265015,1.26613187789917,-0.5553090572357178,0.8431354761123657,-0.27881884574890137,1.0
1790268683.965874,24.535346508026123,491,0,11,-0.7955335974693298,-0.2631794214248657,0.08640072494745255,0.03406980261206627,0.8380113244056702,0.0018132333643734455,1.0,15,-0.685882568359375,-0.2160847932100296,0.16141918301582336,0.20005640387535095,0.7461617588996887,0.01585111953318119,1.0,30,-1.249664306640625,-0.4700785279273987,0.1586596816778183,0.11213912069797516,1.3399559259414673,0.01276513934135437,1.0,61,-0.8904791474342346,-0.26326602697372437,0.4115965962409973,0.27553099393844604,0.9575626850128174,0.006342849228531122,1.0,0.7920865416526794,-0.23963210731744766,1.3399559259414673,-0.4700785279273987,0.9575626850128174,-0.26326602697372437,1.0
1790268684.017964,24.58743643760681,492,0,11,-0.782989501953125,-0.10590570420026779,0.09045467525720596,0.043166451156139374,0.7916468977928162,0.0024807944428175688,1.0,15,-0.7800658941268921,-0.22066040337085724,0.30294448137283325,0.13710220158100128,0.828432023525238,0.027091579511761665,1.0,30,-1.3655155897140503,-0.36358946561813354,0.24024848639965057,0.1486790031194687,1.4176008701324463,0.00864658784121275,1.0,61,-0.9485321044921875,-0.16644087433815002,0.4620724022388458,0.2460416853427887,0.9899517893791199,0.00674165366217494,1.0,0.8100394606590271,-0.16328305378556252,1.4176008701324463,-0.36358946561813354,0.9899517893791199,-0.16644087433815002,1.0
1790268684.066071,24.63554358482361,493,0,11,-1.0635250806808472,0.031349875032901764,0.08990003913640976,0.046066269278526306,1.0649733543395996,0.004086749628186226,1.0,15,-0.6620646119117737,0.009594726376235485,0.2548881471157074,0.16357243061065674,0.6847384572029114,0.01425777468830347,1.0,30,-1.5159052610397339,-0.33973032236099243,0.19293729960918427,0.30230265855789185,1.57943856716156,0.01287463866174221,1.0,61,-1.054107666015625,-0.07799617946147919,0.5245122909545898,0.2853604257106781,1.0959031581878662,0.010046838782727718,1.0,0.8748559057712555,0.020472300704568624,1.57943856716156,-0.33973032236099243,1.0959031581878662,-0.07799617946147919,1.0
1790268684.1181889,24.68766140937805,494,0,11,-1.195037841796875,0.10025995224714279,0.19571471214294434,0.06655976921319962,1.2004153728485107,0.005357119720429182,1.0,15,-0.7463114261627197,0.22090555727481842,0.45948389172554016,0.3429432213306427,0.913654625415802,0.04742501676082611,1.0,30,-1.813812255859375,-0.14472097158432007,0.2522919476032257,0.37009626626968384,1.8602391481399536,0.014768999069929123,1.0,61,-1.2398544549942017,0.008184464648365974,0.6944765448570251,0.28559401631355286,1.2876416444778442,0.011329933069646358,1.0,1.0570349991321564,0.1605827547609806,1.8602391481399536,-0.14472097158432007,1.2876416444778442,0.008184464648365974,1.0
1790268684.1661222,24.735594749450684,495,1,11,-1.0851496458053589,0.05600946769118309,0.22889050841331482,0.07191678881645203,1.0896328687667847,0.00917347613722086,1.0,15,-0.6777994632720947,0.20767618715763092,0.3980276882648468,0.2131367176771164,0.7797181010246277,0.012044493108987808,1.0,30,-1.8868408203125,-0.36006876826286316,0.214599147439003,0.4346960186958313,1.9631009101867676,0.017923878505825996,1.0,61,-1.1928478479385376,-0.07366705685853958,0.730577826499939,0.33937543630599976,1.272467017173767,0.014083635061979294,1.0,0.9346754848957062,0.131842827424407,1.9631009101867676,-0.36006876826286316,1.272467017173767,-0.07366705685853958,1.0
1790268684.2181375,24.787610054016113,496,0,11,-0.5817787647247314,-0.060458097606897354,0.09151618182659149,0.03936058282852173,0.587266206741333,0.004519145004451275,1.0,15,-0.2694132626056671,0.03526611253619194,0.1991109997034073,0.1135074645280838,0.31365761160850525,0.0053952704183757305,1.0,30,-1.0355987548828125,-0.4512486755847931,0.2690436542034149,0.42620837688446045,1.1733925342559814,0.012286985293030739,1.0,61,-0.6052363514900208,-0.1459052860736847,0.429303914308548,0.328755259513855,0.7005622982978821,0.007390996441245079,1.0,0.45046190917491913,-0.012595992535352707,1.1733925342559814,-0.4512486755847931,0.7005622982978821,-0.1459052860736847,1.0
1790268684.2700675,24.839540004730225,497,0,11,-0.1844024658203125,-0.061648283153772354,0.08993211388587952,0.0218606386333704,0.1973557323217392,0.0011997016845270991,1.0,15,-0.11090494692325592,-0.00922241248190403,0.11472012847661972,0.041592419147491455,0.13327448070049286,0.0038181410636752844,1.0,30,-0.463064581155777,-0.6273213624954224,0.2188045233488083,0.45248985290527344,0.8061303496360779,0.016813291236758232,1.0,61,-0.25397828221321106,-0.21840380132198334,0.2561461627483368,0.34862247109413147,0.40996065735816956,0.00809016264975071,1.0,0.16531510651111603,-0.03543534781783819,0.8061303496360779,-0.6273213624954224,0.40996065735816956,-0.21840380132198334,1.0
1790268684.3181875,24.887660026550293,498,0,11,-0.18715043365955353,-0.11864957213401794,0.06502708047628403,0.026816843077540398,0.22471046447753906,0.0013761112932115793,1.0,15,-0.051177978515625,-0.03745422512292862,0.11439692974090576,0.0703178122639656,0.13521124422550201,0.00435086153447628,1.0,30,-0.3946523070335388,-0.5855270624160767,0.191982701420784,0.3843213617801666,0.7309268116950989,0.01425418071448803,1.0,61,-0.2345811128616333,-0.23153549432754517,0.23241928219795227,0.3250150978565216,0.40066906809806824,0.008793315850198269,1.0,0.17996085435152054,-0.07805189862847328,0.7309268116950989,-0.5855270624160767,0.40066906809806824,-0.23153549432754517,1.0
1790268684.370084,24.93955659866333,499,0,11,-0.32144442200660706,-0.15843477845191956,0.06338696926832199,0.03878184035420418,0.3632248044013977,0.0032043522223830223,1.0,15,-0.04638061672449112,-0.08608296513557434,0.1671086698770523,0.10678432136774063,0.20432107150554657,0.007114802021533251,1.0,30,-0.4973805844783783,-0.561481237411499,0.20543402433395386,0.3905869722366333,0.7843181490898132,0.01632249541580677,1.0,61,-0.29812923073768616,-0.21630859375,0.22703580558300018,0.31852811574935913,0.4474716782569885,0.007257691118866205,1.0,0.28377293795347214,-0.12225887179374695,0.7843181490898132,-0.561481237411499,0.4474716782569885,-0.21630859375,1.0
1790268684.4181356,24.987608194351196,500,0,11,-0.30832740664482117,-0.13015331327915192,0.07510880380868912,0.02867349050939083,0.33910322189331055,0.0023514016065746546,1.0,15,-0.0864054337143898,-0.04644775390625,0.12252439558506012,0.03655906021595001,0.14069360494613647,0.0022730694618076086,1.0,30,-0.5760167241096497,-0.22805887460708618,0.26135221123695374,0.18827016651630402,0.6524131894111633,0.01755497418344021,1.0,61,-0.3778443932533264,-0.10007476806640625,0.2977946400642395,0.17482660710811615,0.4571877419948578,0.007951360195875168,1.0,0.2398984134197235,-0.08830053359270096,0.6524131894111633,-0.22805887460708618,0.4571877419948578,-0.10007476806640625,1.0
1790268684.4700236,25.039496183395386,501,0,11,-0.3635420501232147,-0.019733775407075882,0.057477451860904694,0.03181742504239082,0.36555546522140503,0.0025067904498428106,1.0,15,-0.09569905698299408,-0.01606852188706398,0.13825692236423492,0.050357282161712646,0.15678124129772186,0.004621414002031088,1.0,30,-0.43860676884651184,0.07934163510799408,0.1836501955986023,0.225447416305542,0.488197922706604,0.01920020952820778,1.0,61,-0.3188016414642334,0.06884653121232986,0.2697373628616333,0.20994584262371063,0.4199526011943817,0.008540184237062931,1.0,0.26116835325956345,-0.01790114864706993,0.488197922706604,0.07934163510799408,0.4199526011943817,0.06884653121232986,1.0
1790268684.5220344,25.091506958007812,502,0,11,-0.4239460229873657,0.04302423819899559,0.07804010063409805,0.03880250081419945,0.427762508392334,0.0017658394062891603,1.0,15,-0.095916748046875,0.0831146240234375,0.16087061166763306,0.05517353489995003,0.18446673452854156,0.0025424500927329063,1.0,30,-0.3764760196208954,0.1582850068807602,0.14118890464305878,0.27734461426734924,0.4859321415424347,0.014880714006721973,1.0,61,-0.3119824528694153,0.14456914365291595,0.1961251050233841,0.22637058794498444,0.420883446931839,0.006775958929210901,1.0,0.3061146214604378,0.06306943111121655,0.4859321415424347,0.1582850068807602,0.420883446931839,0.14456914365291595,1.0
1790268684.5699925,25.13946509361267,503,0,11,-0.3146500885486603,0.06317277252674103,0.05807025730609894,0.03133246302604675,0.3226436376571655,0.0013669603504240513,1.0,15,-0.03323567658662796,0.10273030400276184,0.13900533318519592,0.04852689802646637,0.17667652666568756,0.003045960795134306,1.0,30,-0.3991638123989105,0.08896179497241974,0.16789211332798004,0.30244314670562744,0.5088449120521545,0.013275899924337864,1.0,61,-0.29159820079803467,0.11876528710126877,0.20311564207077026,0.21204102039337158,0.39787808060646057,0.005781372543424368,1.0,0.24966008216142654,0.08295153826475143,0.5088449120521545,0.08896179497241974,0.39787808060646057,0.11876528710126877,1.0
1790268684.6216588,25.191131353378296,504,0,11,-0.1694738268852234,0.04010564461350441,0.041477005928754807,0.026210779324173927,0.177724689245224,0.0014509792672470212,1.0,15,0.01326904259622097,0.1055806502699852,0.13663138449192047,0.07792627811431885,0.1827564537525177,0.008287938311696053,1.0,30,-0.17486928403377533,-0.01991373673081398,0.21951152384281158,0.2410150021314621,0.30691254138946533,0.019773920997977257,1.0,61,-0.12147346884012222,0.05963684991002083,0.13425199687480927,0.1683172732591629,0.22429431974887848,0.008810482919216156,1.0,0.18024057149887085,0.0728431474417448,0.30691254138946533,-0.01991373673081398,0.22429431974887848,0.05963684991002083,1.0
1790268684.670177,25.239649534225464,505,0,11,-0.10206048935651779,0.043728914111852646,0.040679339319467545,0.020646532997488976,0.11622774600982666,0.0009403139119967818,1.0,15,0.16004028916358948,0.15637105703353882,0.22466814517974854,0.08884603530168533,0.27463963627815247,0.01412484236061573,1.0,30,-0.03739318996667862,-0.10647786408662796,0.26148584485054016,0.23178184032440186,0.2996212840080261,0.04237094148993492,1.0,61,-0.05026470124721527,0.02102135866880417,0.15288011729717255,0.17315535247325897,0.1952063888311386,0.01572217419743538,1.0,0.19543369114398956,0.10004998557269573,0.2996212840080261,-0.10647786408662796,0.1952063888311386,0.02102135866880417,1.0
1790268684.7219121,25.29138469696045,506,0,11,-0.08606650680303574,0.027619795873761177,0.06635790318250656,0.027996307238936424,0.09642332047224045,0.0020133452489972115,1.0,15,0.09599202126264572,0.10439453274011612,0.06532052159309387,0.05274060368537903,0.1610909402370453,0.009618517942726612,1.0,30,-0.03581847995519638,-0.01136881485581398,0.15207752585411072,0.062438562512397766,0.12979744374752045,0.007948312908411026,1.0,61,-0.056899525225162506,0.05925963446497917,0.12796373665332794,0.1115318164229393,0.1537962704896927,0.0038790199905633926,1.0,0.12875713035464287,0.06600716430693865,0.12979744374752045,-0.01136881485581398,0.1537962704896927,0.05925963446497917,1.0
1790268684.7741456,25.343618154525757,507,0,11,-0.14348116517066956,0.09002546966075897,0.06763125211000443,0.03493819385766983,0.18126501142978668,0.001278143492527306,1.0,15,0.15413004159927368,0.1694539338350296,0.08141127973794937,0.1809428483247757,0.2863370180130005,0.019812261685729027,1.0,30,-0.06344350427389145,0.07656097412109375,0.1445251703262329,0.09439322352409363,0.16539417207241058,0.003853836329653859,1.0,61,-0.10877139866352081,0.12193998694419861,0.16315121948719025,0.14147162437438965,0.2319517880678177,0.003029450075700879,1.0,0.23380101472139359,0.1297397017478943,0.16539417207241058,0.07656097412109375,0.2319517880678177,0.12193998694419861,1.0
1790268684.8221302,25.391602754592896,508,0,11,-0.08537431061267853,0.14799776673316956,0.05105545371770859,0.05074714124202728,0.1810983419418335,0.0014834526227787137,1.0,15,0.04491577297449112,0.2868245542049408,0.05953969061374664,0.16860906779766083,0.3041010797023773,0.011821967549622059,1.0,30,-0.13726043701171875,0.23891296982765198,0.20006169378757477,0.1175103634595871,0.3387290835380554,0.014583964832127094,1.0,61,-0.1434168517589569,0.20927166938781738,0.19097256660461426,0.1449616253376007,0.31201308965682983,0.005120377521961927,1.0,0.2425997108221054,0.21741116046905518,0.3387290835380554,0.23891296982765198,0.31201308965682983,0.20927166938781738,1.0
1790268684.8741117,25.443584203720093,509,0,11,-0.09552140533924103,0.1840667724609375,0.09137728810310364,0.030666036531329155,0.22337192296981812,0.001634784508496523,1.0,15,0.16438192129135132,0.24394837021827698,0.08650795370340347,0.12222766131162643,0.30515286326408386,0.011247027665376663,1.0,30,-0.12092793732881546,0.2052963227033615,0.2751244604587555,0.19871512055397034,0.37721237540245056,0.012219314463436604,1.0,61,-0.14205633103847504,0.20420825481414795,0.21347150206565857,0.19212079048156738,0.33537185192108154,0.005559587851166725,1.0,0.264262393116951,0.21400757133960724,0.37721237540245056,0.2052963227033615,0.33537185192108154,0.20420825481414795,1.0
1790268684.9221816,25.49165415763855,510,1,11,0.014322454109787941,0.1754358410835266,0.0896492525935173,0.046520575881004333,0.19267912209033966,0.0028446519281715155,1.0,15,0.14630737900733948,0.24611815810203552,0.08240026980638504,0.1422945111989975,0.29716217517852783,0.01118247490376234,1.0,30,0.05298004299402237,0.07132161408662796,0.17359545826911926,0.10029850900173187,0.1713782697916031,0.003509144764393568,1.0,61,0.005295049864798784,0.12753896415233612,0.2033238261938095,0.13306233286857605,0.22642970085144043,0.0027941379230469465,1.0,0.24492064863443375,0.21077699959278107,0.1713782697916031,0.07132161408662796,0.22642970085144043,0.12753896415233612,1.0
1790268684.9741182,25.543590784072876,511,0,11,0.13391946256160736,0.19042135775089264,0.10045532137155533,0.03156760334968567,0.24342197179794312,0.0021401953417807817,1.0,15,0.21995238959789276,0.36463215947151184,0.11135588586330414,0.22657649219036102,0.4557422995567322,0.010665434412658215,1.0,30,0.2202555388212204,0.12119954079389572,0.18948166072368622,0.13643412292003632,0.291715145111084,0.013479148037731647,1.0,61,0.11191646754741669,0.17080563306808472,0.21781888604164124,0.17665159702301025,0.27915188670158386,0.007707337848842144,1.0,0.34958213567733765,0.27752675861120224,0.291715145111084,0.12119954079389572,0.27915188670158386,0.17080563306808472,1.0
1790268685.026143,25.59561562538147,512,0,11,0.2325689196586609,0.21678577363491058,0.1443699151277542,0.0428006574511528,0.3288586139678955,0.004560032393783331,1.0,15,0.30993854999542236,0.266073614358902,0.1374076008796692,0.13567256927490234,0.4227103888988495,0.01801076903939247,1.0,30,0.3951273560523987,0.4609883725643158,0.2435796558856964,0.21513484418392181,0.6479069590568542,0.01240862812846899,1.0,61,0.21785949170589447,0.27307966351509094,0.22797036170959473,0.22666671872138977,0.38425251841545105,0.006595495156943798,1.0,0.3757845014333725,0.24142969399690628,0.6479069590568542,0.4609883725643158,0.38425251841545105,0.27307966351509094,1.0
1790268685.0740545,25.643527030944824,513,0,11,0.3393610119819641,0.2689985930919647,0.08473054319620132,0.02508939430117607,0.435940146446228,0.0030562058091163635,1.0,15,0.3616679012775421,0.23819682002067566,0.17363691329956055,0.14415210485458374,0.45653632283210754,0.020082758739590645,1.0,30,0.38840383291244507,0.4761413633823395,0.15288986265659332,0.12665684521198273,0.631045401096344,0.015715232118964195,1.0,61,0.2751687467098236,0.2896578311920166,0.2028265744447708,0.20859234035015106,0.4211124777793884,0.007447873242199421,1.0,0.4462382346391678,0.2535977065563202,0.631045401096344,0.4761413633823395,0.4211124777793884,0.2896578311920166,1.0
1790268685.125672,25.695144653320312,514,0,11,0.1441248059272766,0.13852621614933014,0.08058315515518188,0.020787784829735756,0.21057528257369995,0.0015147720696404576,1.0,15,0.1926472932100296,0.16244608163833618,0.0642230287194252,0.06090217083692551,0.25849905610084534,0.012717727571725845,1.0,30,0.216816708445549,0.21823933720588684,0.0707760602235794,0.05348072946071625,0.3139176070690155,0.005887205712497234,1.0,61,0.1530223935842514,0.13931399583816528,0.09572076797485352,0.08050039410591125,0.21860258281230927,0.002220069756731391,1.0,0.23453716933727264,0.15048614889383316,0.3139176070690155,0.21823933720588684,0.21860258281230927,0.13931399583816528,1.0
1790268685.1736915,25.7431640625,515,0,11,0.31943026185035706,0.1439916491508484,0.12280232459306717,0.043059926480054855,0.35296717286109924,0.009444898925721645,1.0,15,0.13038533926010132,0.07870585471391678,0.1062537431716919,0.08971329778432846,0.18693991005420685,0.005720485467463732,1.0,30,0.1402542144060135,0.12852834165096283,0.08395633101463318,0.042031001299619675,0.2019384205341339,0.0022909289691597223,1.0,61,0.1620095670223236,0.08170756697654724,0.10641641169786453,0.071319080889225,0.19499805569648743,0.0027417782694101334,1.0,0.26995354145765305,0.11134875193238258,0.2019384205341339,0.12852834165096283,0.19499805569648743,0.08170756697654724,1.0
1790268685.2259634,25.795435905456543,516,0,11,1.3659168481826782,0.6882116198539734,1.017464518547058,0.5104891657829285,1.567872166633606,0.2631829082965851,1.0,15,-0.05104776844382286,0.20369669795036316,0.5598300099372864,0.46508318185806274,0.36357319355010986,0.14945553243160248,1.0,30,0.11649271845817566,0.08570556342601776,0.09744374454021454,0.05217357724905014,0.168389230966568,0.002542144153267145,1.0,61,0.28800439834594727,0.1369887739419937,0.46502283215522766,0.3538793623447418,0.3515404164791107,0.05643828585743904,1.0,0.9657226800918579,0.4459541589021683,0.168389230966568,0.08570556342601776,0.3515404164791107,0.1369887739419937,1.0
1790268685.2780797,25.84755229949951,517,0,11,0.5592928528785706,0.22350797057151794,0.30652549862861633,0.09891194105148315,0.6101775169372559,0.08343485742807388,1.0,15,0.03266194835305214,0.06734009087085724,0.07621331512928009,0.1586260199546814,0.12764713168144226,0.04061533138155937,1.0,30,0.09840698540210724,0.02088114432990551,0.04948043078184128,0.02436562441289425,0.10664057731628418,0.001281874137930572,1.0,61,0.17295236885547638,0.0453607514500618,0.23921266198158264,0.13178245723247528,0.20448698103427887,0.03098166733980179,1.0,0.36891232430934906,0.1454240307211876,0.10664057731628418,0.02088114432990551,0.20448698103427887,0.0453607514500618,1.0
1790268685.3260977,25.895570278167725,518,0,11,0.07277610152959824,0.09480424225330353,0.11732784658670425,0.05948289483785629,0.1650853008031845,0.0052231657318770885,1.0,15,0.04957682266831398,0.04601440578699112,0.060784969478845596,0.06744246184825897,0.10594642162322998,0.003054060973227024,1.0,30,0.08355712890625,0.02921549417078495,0.057446662336587906,0.029149191454052925,0.10002002865076065,0.0015212030848488212,1.0,61,0.1057889312505722,0.016864463686943054,0.08865892887115479,0.09137167036533356,0.1429484635591507,0.0019874563440680504,1.0,0.13551586121320724,0.07040932402014732,0.10002002865076065,0.02921549417078495,0.1429484635591507,0.016864463686943054,1.0
1790268685.3780472,25.947519779205322,519,0,11,0.029009731486439705,0.08558238297700882,0.13571926951408386,0.040746938437223434,0.16296330094337463,0.0016741055296733975,1.0,15,0.05435790866613388,0.05032145231962204,0.062108058482408524,0.07666473090648651,0.11442632973194122,0.008639655075967312,1.0,30,0.07126515358686447,0.02745768241584301,0.045366816222667694,0.028420934453606606,0.0860762670636177,0.0012623030925169587,1.0,61,0.07858551293611526,0.02394854463636875,0.06799875944852829,0.05519069358706474,0.108702152967453,0.0013682834105566144,1.0,0.13869481533765793,0.06795191764831543,0.0860762670636177,0.02745768241584301,0.108702152967453,0.02394854463636875,1.0
1790268685.4262583,25.995730876922607,520,0,11,0.026615489274263382,0.08177601546049118,0.05317461118102074,0.010459229350090027,0.09888999164104462,0.0016259554540738463,1.0,15,0.10253702849149704,0.05269063264131546,0.039420001208782196,0.057375065982341766,0.13032744824886322,0.006232962012290955,1.0,30,0.04099782183766365,0.01741587370634079,0.041806451976299286,0.026679670438170433,0.05765661969780922,0.0008816963527351618,1.0,61,0.06485335528850555,0.01635654643177986,0.05114929378032684,0.048895932734012604,0.08761349320411682,0.0012384254951030016,1.0,0.11460871994495392,0.06723332405090332,0.05765661969780922,0.01741587370634079,0.08761349320411682,0.01635654643177986,1.0
1790268685.4782999,26.04777240753174,521,0,11,-0.025448886677622795,0.06525351852178574,0.08034023642539978,0.01642570085823536,0.101996511220932,0.0014290624530985951,1.0,15,0.0381367988884449,0.0647226944565773,0.06321658939123154,0.04454312473535538,0.10489193350076675,0.00595801742747426,1.0,30,0.035003662109375,0.0408681221306324,0.03548894822597504,0.02879459597170353,0.06489266455173492,0.001251377398148179,1.0,61,0.04315010458230972,0.02910751663148403,0.05184047669172287,0.045298874378204346,0.07708276063203812,0.0010196610819548368,1.0,0.10344422236084938,0.06498810648918152,0.06489266455173492,0.0408681221306324,0.07708276063203812,0.02910751663148403,1.0
1790268685.530104,26.099576473236084,522,0,11,-0.03690684959292412,0.08474592864513397,0.07542556524276733,0.024693435057997704,0.11502310633659363,0.0016420629108324647,1.0,15,0.02689819410443306,0.06546122580766678,0.04216880351305008,0.036936383694410324,0.08634181320667267,0.0035317684523761272,1.0,30,-0.01921183243393898,0.08740590512752533,0.057265426963567734,0.05646981671452522,0.10451532900333405,0.0031128169503062963,1.0,61,0.010297681204974651,0.0522996261715889,0.057893332093954086,0.058296218514442444,0.0868251696228981,0.0013365056365728378,1.0,0.10068245977163315,0.07510357722640038,0.10451532900333405,0.08740590512752533,0.0868251696228981,0.0522996261715889,1.0
1790268685.5783157,26.147788286209106,523,0,11,-0.08358903229236603,0.10020723938941956,0.08721396327018738,0.014979650266468525,0.14726731181144714,0.0033576011192053556,1.0,15,-0.03167317807674408,0.08637084811925888,0.05687722936272621,0.037584420293569565,0.10345638543367386,0.0036341571249067783,1.0,30,-0.06980438530445099,0.07125193625688553,0.03648059442639351,0.0322965532541275,0.10183058679103851,0.001113950740545988,1.0,61,-0.04306855797767639,0.05526583269238472,0.06993076950311661,0.054608121514320374,0.09467492997646332,0.0008571395883336663,1.0,0.1253618486225605,0.09328904375433922,0.10183058679103851,0.07125193625688553,0.09467492997646332,0.05526583269238472,1.0
1790268685.6300478,26.199520349502563,524,0,11,-0.04661421477794647,0.08058998733758926,0.029502416029572487,0.02194117195904255,0.09843099862337112,0.0008274530991911888,1.0,15,-0.04227294772863388,0.07418517768383026,0.037787847220897675,0.032239921391010284,0.09144611656665802,0.0019291075877845287,1.0,30,-0.06682993471622467,0.07310435175895691,0.04666991904377937,0.023155326023697853,0.10471522808074951,0.0013752427184954286,1.0,61,-0.03982143849134445,0.05447212606668472,0.0511879026889801,0.047741979360580444,0.0861029252409935,0.0007950954604893923,1.0,0.09493855759501457,0.07738758251070976,0.10471522808074951,0.07310435175895691,0.0861029252409935,0.05447212606668472,1.0
1790268685.678224,26.2476966381073,525,1,11,-0.010252519510686398,0.11344077438116074,0.01573835499584675,0.03276587277650833,0.1151897981762886,0.0010086536640301347,1.0,15,0.010782877914607525,0.07604370266199112,0.05165199562907219,0.023106645792722702,0.09030456840991974,0.0024468563497066498,1.0,30,-3.0008952307980508e-05,0.1075592041015625,0.036350369453430176,0.04475933313369751,0.115340955555439,0.001901165465824306,1.0,61,-0.004875808488577604,0.0877871885895729,0.034510642290115356,0.05909207835793495,0.09904775023460388,0.0009839205304160714,1.0,0.10274718329310417,0.09474223852157593,0.115340955555439,0.1075592041015625,0.09904775023460388,0.0877871885895729,1.0
1790268685.7300758,26.299548387527466,526,0,11,0.04141096770763397,0.2669663727283478,0.07381141930818558,0.10924726724624634,0.2848755419254303,0.005531569942831993,1.0,15,-0.01259765587747097,0.14321187138557434,0.05191876366734505,0.05161259323358536,0.1560213267803192,0.00283958506770432,1.0,30,0.10252227634191513,0.28333231806755066,0.0805145800113678,0.11711443960666656,0.3110329508781433,0.005946266930550337,1.0,61,0.05680146813392639,0.1919964700937271,0.07430420815944672,0.13868644833564758,0.21406207978725433,0.003185933455824852,1.0,0.22044843435287476,0.20508912205696106,0.3110329508781433,0.28333231806755066,0.21406207978725433,0.1919964700937271,1.0
1790268685.782106,26.3515784740448,527,0,11,0.2032220959663391,0.22092090547084808,0.17316733300685883,0.09669216722249985,0.33249494433403015,0.009223571978509426,1.0,15,0.04367675632238388,0.15569153428077698,0.07407194375991821,0.09141074120998383,0.17765967547893524,0.013093918561935425,1.0,30,0.23569488525390625,0.18465881049633026,0.09611191600561142,0.04557211697101593,0.3036029636859894,0.0032529225572943687,1.0,61,0.1420280635356903,0.15531446039676666,0.12770189344882965,0.10155263543128967,0.23400293290615082,0.0030750276055186987,1.0,0.2550773099064827,0.18830621987581253,0.3036029636859894,0.18465881049633026,0.23400293290615082,0.15531446039676666,1.0
1790268685.829849,26.39932155609131,528,0,11,0.23997636139392853,0.10841646790504456,0.17684632539749146,0.09653562307357788,0.29977741837501526,0.011448881588876247,1.0,15,0.09082234650850296,0.09975992888212204,0.09429363906383514,0.066665418446064,0.1596831977367401,0.010751689784228802,1.0,30,0.28768259286880493,0.09324239194393158,0.05547264218330383,0.028244663029909134,0.30403634905815125,0.0020893726032227278,1.0,61,0.1932605654001236,0.07254128158092499,0.12884625792503357,0.08278968930244446,0.2302856743335724,0.0041196453385055065,1.0,0.22973030805587769,0.1040881983935833,0.30403634905815125,0.09324239194393158,0.2302856743335724,0.07254128158092499,1.0
1790268685.8819497,26.451422214508057,529,0,11,0.17875255644321442,-0.025117354467511177,0.21351389586925507,0.11319638043642044,0.2736317217350006,0.01585445925593376,1.0,15,0.20188802480697632,0.01627502404153347,0.1427716314792633,0.10049623996019363,0.21783249080181122,0.02002161741256714,1.0,30,0.5733744502067566,0.01689961738884449,0.072788767516613,0.04852009564638138,0.5756804347038269,0.003308723447844386,1.0,61,0.3873896300792694,-0.009379402734339237,0.2596810758113861,0.11705491691827774,0.4346160292625427,0.008992066606879234,1.0,0.24573210626840591,-0.0044211652129888535,0.5756804347038269,0.01689961738884449,0.4346160292625427,-0.009379402734339237,1.0
1790268685.9302225,26.49969506263733,530,0,11,0.31798484921455383,-0.1696680188179016,0.23812420666217804,0.22387968003749847,0.4735057055950165,0.0864793211221695,1.0,15,0.5512166619300842,-0.04917093738913536,0.3461264967918396,0.1797286421060562,0.567325234413147,0.07939125597476959,1.0,30,0.8297200798988342,-0.11133473366498947,0.10009000450372696,0.06427766382694244,0.839415967464447,0.007190023083239794,1.0,61,0.6025468111038208,-0.11587049067020416,0.3373859226703644,0.1712210476398468,0.6656882762908936,0.022981839254498482,1.0,0.5204154700040817,-0.10941947810351849,0.839415967464447,-0.11133473366498947,0.6656882762908936,-0.11587049067020416,1.0
1790268685.9821453,26.551617860794067,531,0,11,0.43699923157691956,-0.2835249602794647,0.25012311339378357,0.2220413237810135,0.6032891869544983,0.057740721851587296,1.0,15,0.6974039673805237,-0.07888081669807434,0.3926571309566498,0.2864673137664795,0.7437084317207336,0.03929254785180092,1.0,30,0.6724436283111572,-0.03080596961081028,0.15747839212417603,0.04954400658607483,0.6748165488243103,0.0047745415940880775,1.0,61,0.5617077946662903,-0.08709191530942917,0.2690410614013672,0.16613063216209412,0.5986868143081665,0.015469261445105076,1.0,0.673498809337616,-0.18120288848876953,0.6748165488243103,-0.03080596961081028,0.5986868143081665,-0.08709191530942917,1.0
1790268686.034187,26.603659629821777,532,0,11,0.1921289563179016,-0.2155914306640625,0.24586883187294006,0.14031855762004852,0.3865581750869751,0.016132835298776627,1.0,15,0.2904154360294342,-0.11104939877986908,0.17969511449337006,0.22870036959648132,0.3877732455730438,0.010132820345461369,1.0,30,0.3427017331123352,-0.05670928955078125,0.11426202952861786,0.04695243015885353,0.3513997197151184,0.003020889824256301,1.0,61,0.2676221430301666,-0.08888919651508331,0.1506146937608719,0.11322221159934998,0.3108273148536682,0.004574935417622328,1.0,0.38716571033000946,-0.1633204147219658,0.3513997197151184,-0.05670928955078125,0.3108273148536682,-0.08888919651508331,1.0
1790268686.0821297,26.651602268218994,533,0,11,0.09073292464017868,-0.17591719329357147,0.13633863627910614,0.05596354603767395,0.2447134554386139,0.0077239228412508965,1.0,15,0.07997029274702072,-0.07709960639476776,0.07542222738265991,0.100040003657341,0.13744312524795532,0.004126843996345997,1.0,30,0.17739054560661316,-0.1255696564912796,0.049925755709409714,0.04055169224739075,0.2202123999595642,0.0031355908140540123,1.0,61,0.138093039393425,-0.11314954608678818,0.09302213042974472,0.0743599385023117,0.20061789453029633,0.002799025271087885,1.0,0.1910782903432846,-0.12650839984416962,0.2202123999595642,-0.1255696564912796,0.20061789453029633,-0.11314954608678818,1.0
1790268686.1341403,26.703612804412842,534,0,11,0.0035372646525502205,-0.17312760651111603,0.09481384605169296,0.06527437269687653,0.2015507072210312,0.004462071228772402,1.0,15,0.05919799953699112,-0.10274454951286316,0.07918056100606918,0.08183188736438751,0.1367812305688858,0.005761460866779089,1.0,30,0.18809305131435394,-0.26441651582717896,0.11278918385505676,0.08097714930772781,0.3298224210739136,0.005526640918105841,1.0,61,0.10152347385883331,-0.18015651404857635,0.09615091234445572,0.12286102771759033,0.2231292426586151,0.0027759235817939043,1.0,0.1691659688949585,-0.1379360780119896,0.3298224210739136,-0.26441651582717896,0.2231292426586151,-0.18015651404857635,1.0
1790268686.182138,26.75161051750183,535,0,11,-0.08997969329357147,-0.2015533447265625,0.14671841263771057,0.05154094472527504,0.25391262769699097,0.00690539600327611,1.0,15,0.01599934883415699,-0.12531636655330658,0.061733800917863846,0.08138454705476761,0.13834120333194733,0.004344291053712368,1.0,30,0.05688018724322319,-0.17001546919345856,0.04397348687052727,0.031085016205906868,0.18460579216480255,0.0033243231009691954,1.0,61,0.021760033443570137,-0.12589864432811737,0.08436334878206253,0.06936446577310562,0.14901308715343475,0.002455991692841053,1.0,0.19612691551446915,-0.16343485563993454,0.18460579216480255,-0.17001546919345856,0.14901308715343475,-0.12589864432811737,1.0
1790268686.234114,26.80358648300171,536,0,11,0.04477483406662941,-0.10255848616361618,0.03680950775742531,0.027797305956482887,0.11855519562959671,0.0015986495418474078,1.0,15,-0.07913818210363388,-0.10668843239545822,0.06805883347988129,0.025257280096411705,0.14708766341209412,0.002932219300419092,1.0,30,0.03577931597828865,-0.1482091248035431,0.051879338920116425,0.04570866376161575,0.15830056369304657,0.0021018944680690765,1.0,61,0.01954876072704792,-0.1030162125825882,0.05029802769422531,0.068459652364254,0.11849632114171982,0.0013669902691617608,1.0,0.1328214295208454,-0.1046234592795372,0.15830056369304657,-0.1482091248035431,0.11849632114171982,-0.1030162125825882,1.0
1790268686.2861414,26.855613946914673,537,0,11,0.012090509757399559,-0.096466064453125,0.018484869971871376,0.013149763457477093,0.09882285445928574,0.0010346247581765056,1.0,15,-0.088714599609375,-0.1065419539809227,0.050486478954553604,0.033565543591976166,0.14629262685775757,0.0055366400629282,1.0,30,0.04346923902630806,-0.10231577605009079,0.03499768674373627,0.020504681393504143,0.11545419692993164,0.0009974924614652991,1.0,61,0.017273949459195137,-0.08181799948215485,0.058285001665353775,0.04594608023762703,0.09794899821281433,0.0008556950488127768,1.0,0.12255774065852165,-0.10150400921702385,0.11545419692993164,-0.10231577605009079,0.09794899821281433,-0.08181799948215485,1.0
1790268686.3340824,26.903554916381836,538,0,11,0.007848566398024559,-0.08340870589017868,0.023466674610972404,0.012729239650070667,0.08691864460706711,0.001020707655698061,1.0,15,-0.03870035707950592,-0.07057902216911316,0.0540185421705246,0.03298933804035187,0.09737714380025864,0.0035717259161174297,1.0,30,0.07611134648323059,-0.09087422490119934,0.029175855219364166,0.02530323900282383,0.12001732736825943,0.0014546694001182914,1.0,61,0.04122099280357361,-0.07048659771680832,0.048773691058158875,0.05131787806749344,0.09922781586647034,0.0009609879925847054,1.0,0.09214789420366287,-0.07699386402964592,0.12001732736825943,-0.09087422490119934,0.09922781586647034,-0.07048659771680832,1.0
1790268686.3861701,26.955642700195312,539,0,11,0.040374755859375,-0.04648798331618309,0.025250565260648727,0.015831157565116882,0.0653981864452362,0.0008325398084707558,1.0,15,-0.023345947265625,-0.06857096403837204,0.04066338390111923,0.028257524594664574,0.0841079130768776,0.0019776003900915384,1.0,30,0.10180104523897171,-0.09270477294921875,0.024993721395730972,0.02787657082080841,0.13895048201084137,0.001131735392846167,1.0,61,0.055632542818784714,-0.06471402198076248,0.04972919076681137,0.03951302915811539,0.09655551612377167,0.0008075000368990004,1.0,0.0747530497610569,-0.057529473677277565,0.13895048201084137,-0.09270477294921875,0.09655551612377167,-0.06471402198076248,1.0
1790268686.4340274,27.00349998474121,540,1,11,0.09321871399879456,-0.042208585888147354,0.026108987629413605,0.008517039008438587,0.10250215232372284,0.0009116504224948585,1.0,15,0.023681640625,-0.05216573178768158,0.054263886064291,0.0445939265191555,0.08401194959878922,0.00191498885396868,1.0,30,0.12201283872127533,-0.03235016018152237,0.042243845760822296,0.020493034273386,0.1283629983663559,0.0011161803267896175,1.0,61,0.0844724029302597,-0.03276187181472778,0.0638338178396225,0.036127928644418716,0.10738799721002579,0.0010828053345903754,1.0,0.09325705096125603,-0.04718715883791447,0.1283629983663559,-0.03235016018152237,0.10738799721002579,-0.03276187181472778,1.0
1790268686.4859204,27.05539298057556,541,0,11,0.07661854475736618,0.02255803905427456,0.02394307218492031,0.010946388356387615,0.08102816343307495,0.0010728453053161502,1.0,15,0.01947835274040699,0.01677246019244194,0.02783137373626232,0.029094427824020386,0.04072590544819832,0.002517949789762497,1.0,30,0.14090067148208618,0.06151072308421135,0.038232989609241486,0.04019256308674812,0.15936580300331116,0.0010966609697788954,1.0,61,0.08397787064313889,0.026819448918104172,0.06266021728515625,0.04251031205058098,0.10476799309253693,0.0007908268016763031,1.0,0.060877034440636635,0.01966524962335825,0.15936580300331116,0.06151072308421135,0.10476799309253693,0.026819448918104172,1.0
1790268686.5380237,27.10749626159668,542,0,11,0.053509797900915146,0.08812644332647324,0.017484057694673538,0.018227003514766693,0.10394632816314697,0.0010338544379919767,1.0,15,0.01812947541475296,0.08521118015050888,0.03450644388794899,0.04374656453728676,0.09284558892250061,0.001949378172867,1.0,30,0.16290283203125,0.29650014638900757,0.08154861629009247,0.07391887903213501,0.34653589129447937,0.005512681324034929,1.0,61,0.08105918765068054,0.16476577520370483,0.0778835192322731,0.11950574070215225,0.19396564364433289,0.0026301750913262367,1.0,0.09839595854282379,0.08666881173849106,0.34653589129447937,0.29650014638900757,0.19396564364433289,0.16476577520370483,1.0
1790268686.5861404,27.15561294555664,543,0,11,0.1263788342475891,0.3120990991592407,0.04320068657398224,0.05442723259329796,0.33908066153526306,0.002898740116506815,1.0,15,0.12939453125,0.20831604301929474,0.12092248350381851,0.08858111500740051,0.2596002519130707,0.006796727888286114,1.0,30,0.07215474545955658,0.6380635499954224,0.11415126174688339,0.10965806990861893,0.6527532935142517,0.009118105284869671,1.0,61,0.06859000772237778,0.38205668330192566,0.08231465518474579,0.260737806558609,0.400729238986969,0.004213126841932535,1.0,0.29934045672416687,0.26020757108926773,0.6527532935142517,0.6380635499954224,0.400729238986969,0.38205668330192566,1.0
1790268686.6382654,27.207737922668457,544,0,11,0.04484974220395088,0.25681236386299133,0.04159672558307648,0.03387267515063286,0.2641631066799164,0.0025766920298337936,1.0,15,0.09396158903837204,0.1873118132352829,0.06030881404876709,0.08866927027702332,0.21433019638061523,0.003293360583484173,1.0,30,0.297872930765152,0.9074493646621704,0.23884932696819305,0.2275245636701584,0.9828843474388123,0.016498083248734474,1.0,61,0.16430814564228058,0.43953967094421387,0.19324807822704315,0.35835063457489014,0.49049773812294006,0.007660688366740942,1.0,0.2392466515302658,0.22206208854913712,0.9828843474388123,0.9074493646621704,0.49049773812294006,0.43953967094421387,1.0
1790268686.6862679,27.25574040412903,545,0,11,0.14331193268299103,0.2007293701171875,0.03552371636033058,0.016611920669674873,0.2477537989616394,0.0018108815420418978,1.0,15,0.085479736328125,0.23668721318244934,0.05703198164701462,0.06289304047822952,0.2577342092990875,0.004193588625639677,1.0,30,0.15604299306869507,0.6366419196128845,0.19936507940292358,0.127964586019516,0.6874697804450989,0.010977677069604397,1.0,61,0.14487770199775696,0.35135799646377563,0.1390083283185959,0.23902499675750732,0.3992944657802582,0.004824039526283741,1.0,0.25274400413036346,0.21870829164981842,0.6874697804450989,0.6366419196128845,0.3992944657802582,0.35135799646377563,1.0
1790268686.738226,27.307698488235474,546,0,11,0.13138650357723236,0.15128812193870544,0.03421921283006668,0.015611901879310608,0.2014773041009903,0.0017037846846506,1.0,15,0.10920613259077072,0.1362355500459671,0.03422417491674423,0.05967695266008377,0.17776274681091309,0.004674335941672325,1.0,30,0.13777008652687073,0.2019907683134079,0.07429297268390656,0.07592453062534332,0.25588899850845337,0.003141497727483511,1.0,61,0.10446017235517502,0.1328323930501938,0.05542038753628731,0.08788490295410156,0.18278737366199493,0.001837493502534926,1.0,0.1896200254559517,0.14376183599233627,0.25588899850845337,0.2019907683134079,0.18278737366199493,0.1328323930501938,1.0
1790268686.7901814,27.35965394973755,547,0,11,0.12171519547700882,0.120330810546875,0.06986436992883682,0.028215665370225906,0.17555437982082367,0.001006985199637711,1.0,15,0.19621582329273224,0.20243529975414276,0.07354123890399933,0.04293685778975487,0.28772857785224915,0.007183241192251444,1.0,30,0.1472478210926056,0.2528132200241089,0.055390551686286926,0.07552020251750946,0.3019760251045227,0.003415108425542712,1.0,61,0.1266552060842514,0.1427418440580368,0.08244453370571136,0.0938863605260849,0.20820346474647522,0.0018452591029927135,1.0,0.2316414788365364,0.16138305515050888,0.3019760251045227,0.2528132200241089,0.20820346474647522,0.1427418440580368,1.0
1790268686.838015,27.407487630844116,548,0,11,0.08888521790504456,0.12276944518089294,0.02882302738726139,0.014378119260072708,0.15280702710151672,0.0018147361697629094,1.0,15,0.1884358674287796,0.15454712510108948,0.05891938507556915,0.06570476293563843,0.2495136708021164,0.0070515223778784275,1.0,30,0.15134023129940033,0.3314402401447296,0.08422508835792542,0.1081571877002716,0.3754485547542572,0.00973476655781269,1.0,61,0.11715248227119446,0.16780240833759308,0.07567989081144333,0.1431819051504135,0.21740461885929108,0.003837072756141424,1.0,0.20116034895181656,0.1386582851409912,0.3754485547542572,0.3314402401447296,0.21740461885929108,0.16780240833759308,1.0
1790268686.8901165,27.4595890045166,549,0,11,0.06864096969366074,0.10222695022821426,0.020030753687024117,0.01350969448685646,0.12395582348108292,0.0011807483388110995,1.0,15,0.08319498598575592,0.11210530251264572,0.01600462757050991,0.033998455852270126,0.14252330362796783,0.002534244442358613,1.0,30,0.18081817030906677,0.5419830083847046,0.18980759382247925,0.1945878267288208,0.597916841506958,0.007226378656923771,1.0,61,0.13028378784656525,0.24009954929351807,0.1329117864370346,0.23979565501213074,0.29132750630378723,0.003712426871061325,1.0,0.13323956355452538,0.10716612637042999,0.597916841506958,0.5419830083847046,0.29132750630378723,0.24009954929351807,1.0
1790268686.9381297,27.507602214813232,550,0,11,0.07962591201066971,0.095916748046875,0.03296274319291115,0.01849716529250145,0.1293196827173233,0.0009920868324115872,1.0,15,0.02786051481962204,0.10741068422794342,0.038074858486652374,0.030396616086363792,0.1176992654800415,0.0032948933076113462,1.0,30,-0.05910491943359375,1.043397068977356,0.2996354103088379,0.3181648254394531,1.0937403440475464,0.015897182747721672,1.0,61,0.05574285611510277,0.4233626127243042,0.18900635838508606,0.4746035635471344,0.46852922439575195,0.0075328657403588295,1.0,0.1235094740986824,0.10166371613740921,1.0937403440475464,1.043397068977356,0.46852922439575195,0.4233626127243042,1.0
1790268686.9901445,27.559617042541504,551,0,11,0.021939365193247795,0.07419378310441971,0.016038721427321434,0.013437488116323948,0.07871575653553009,0.0011371049331501126,1.0,15,0.009411620907485485,0.09925232082605362,0.028589507564902306,0.034322015941143036,0.10424685478210449,0.002692106645554304,1.0,30,-0.3170674741268158,0.6243759393692017,0.2709311842918396,0.4145197570323944,0.7334125638008118,0.022865626960992813,1.0,61,-0.0833057314157486,0.2635708153247833,0.19851094484329224,0.3531062602996826,0.3066555857658386,0.006696145981550217,1.0,0.09148130565881729,0.08672305196523666,0.7334125638008118,0.6243759393692017,0.3066555857658386,0.2635708153247833,1.0
1790268687.0419316,27.611404180526733,552,0,11,-0.033404264599084854,0.10607216507196426,0.04493306577205658,0.01428923662751913,0.11672107875347137,0.0014935687649995089,1.0,15,-0.03802286833524704,0.0706990584731102,0.018541064113378525,0.024548904970288277,0.08277477324008942,0.004788064863532782,1.0,30,-0.29450684785842896,0.49822133779525757,0.44441038370132446,0.6769128441810608,0.6430798172950745,0.042782559990882874,1.0,61,-0.10983876883983612,0.21159513294696808,0.2658207416534424,0.44191718101501465,0.2707267105579376,0.009732597507536411,1.0,0.0997479259967804,0.08838561177253723,0.6430798172950745,0.49822133779525757,0.2707267105579376,0.21159513294696808,1.0
1790268687.0898995,27.659372091293335,553,0,11,-0.12442571669816971,0.08143338561058044,0.03263068199157715,0.00877593457698822,0.15074791014194489,0.000546479073818773,1.0,15,-0.104705810546875,0.0368499755859375,0.05319052189588547,0.04380412772297859,0.11942385137081146,0.005568700842559338,1.0,30,0.07781626284122467,0.4806075990200043,0.6448623538017273,1.160995602607727,1.0325608253479004,0.14862166345119476,1.0,61,-0.02624286524951458,0.13373953104019165,0.34825393557548523,0.6669550538063049,0.4173815846443176,0.04218616336584091,1.0,0.13508588075637817,0.05914168059825897,1.0325608253479004,0.4806075990200043,0.4173815846443176,0.13373953104019165,1.0
1790268687.1420286,27.711501121520996,554,0,11,-0.13686718046665192,0.015425249002873898,0.08649390190839767,0.01143842376768589,0.1400875449180603,0.002448073821142316,1.0,15,-0.12237548828125,-0.02785034105181694,0.09097550809383392,0.09671199321746826,0.1621076911687851,0.0033631683327257633,1.0,30,0.10186920315027237,0.0023620605934411287,0.27520614862442017,0.14216898381710052,0.25650662183761597,0.010458393953740597,1.0,61,-0.037147145718336105,0.0015406374586746097,0.18625885248184204,0.07505232840776443,0.16054491698741913,0.003192148869857192,1.0,0.1510976180434227,-0.006212546024471521,0.25650662183761597,0.0023620605934411287,0.16054491698741913,0.0015406374586746097,1.0
1790268687.1902385,27.759711027145386,555,1,11,-0.07031111419200897,-0.03536432608962059,0.02136276848614216,0.015300356782972813,0.08028768002986908,0.0007441320922225714,1.0,15,-0.17229817807674408,-0.07327677309513092,0.060116369277238846,0.06238974630832672,0.1947491317987442,0.005250377580523491,1.0,30,0.3527791202068329,-0.09351806342601776,0.499327152967453,0.2842143177986145,0.5066444277763367,0.021208632737398148,1.0,61,0.1094585508108139,-0.05603702738881111,0.34775784611701965,0.16547976434230804,0.24648727476596832,0.00908162072300911,1.0,0.13751840591430664,-0.054320549592375755,0.5066444277763367,-0.09351806342601776,0.24648727476596832,-0.05603702738881111,1.0
1790268687.2421498,27.811622381210327,556,0,11,-0.08068570494651794,-0.10012955963611603,0.020663509145379066,0.030470525845885277,0.1311083287000656,0.0014036099892109632,1.0,15,-0.07825520634651184,-0.10131530463695526,0.03558572754263878,0.04585903510451317,0.13121798634529114,0.002753979293629527,1.0,30,0.10054575651884079,0.0038314820267260075,0.16768567264080048,0.10306443274021149,0.20366144180297852,0.00308246654458344,1.0,61,0.020907042548060417,-0.06466799974441528,0.14194954931735992,0.08509333431720734,0.15839670598506927,0.0014809772837907076,1.0,0.13116315752267838,-0.10072243213653564,0.20366144180297852,0.0038314820267260075,0.15839670598506927,-0.06466799974441528,1.0
1790268687.2941568,27.86362934112549,557,0,11,-0.08932911604642868,-0.1454620361328125,0.033983513712882996,0.02331284061074257,0.17251332104206085,0.0009810907067731023,1.0,15,-0.06615600734949112,-0.1159769669175148,0.07973145693540573,0.1360451728105545,0.19661983847618103,0.0035478819627314806,1.0,30,0.13585510849952698,-0.01561787910759449,0.21614567935466766,0.14532867074012756,0.2332749217748642,0.007170155178755522,1.0,61,0.020873522385954857,-0.10254481434822083,0.1386163979768753,0.12399217486381531,0.18066133558750153,0.0029957208316773176,1.0,0.18456657975912094,-0.13071950152516365,0.2332749217748642,-0.01561787910759449,0.18066133558750153,-0.10254481434822083,1.0
1790268687.3419886,27.911461114883423,558,0,11,-0.17513345181941986,-0.24134549498558044,0.0750216469168663,0.0396285206079483,0.3034159243106842,0.001753140357322991,1.0,15,-0.1770833283662796,-0.20627543330192566,0.14449287950992584,0.12947562336921692,0.2865805923938751,0.010856147855520248,1.0,30,0.1688227355480194,-0.05859781801700592,0.3202824294567108,0.1625261753797531,0.31459662318229675,0.009218841791152954,1.0,61,0.010629872791469097,-0.12266315519809723,0.19775153696537018,0.13696712255477905,0.2245636284351349,0.0038111540488898754,1.0,0.29499825835227966,-0.22381046414375305,0.31459662318229675,-0.05859781801700592,0.2245636284351349,-0.12266315519809723,1.0
1790268687.394161,27.96363353729248,559,0,11,-0.15176668763160706,-0.2533056139945984,0.07118217647075653,0.041487500071525574,0.29798129200935364,0.004326208960264921,1.0,15,-0.16815389692783356,-0.17019042372703552,0.029520394280552864,0.06742151081562042,0.24439290165901184,0.006913537625223398,1.0,30,0.15118560194969177,-0.1629430204629898,0.25247886776924133,0.12469853460788727,0.3144136071205139,0.004992090165615082,1.0,61,-0.0031480633188039064,-0.18022355437278748,0.1898203045129776,0.13649612665176392,0.2577197849750519,0.002633702242746949,1.0,0.27118709683418274,-0.21174801886081696,0.3144136071205139,-0.1629430204629898,0.2577197849750519,-0.18022355437278748,1.0
1790268687.4423234,28.01179599761963,560,0,11,-0.06403281539678574,-0.30308809876441956,0.03260207176208496,0.028995351865887642,0.31134817004203796,0.0018385325092822313,1.0,15,-0.16080322861671448,-0.23158976435661316,0.08905260264873505,0.15827418863773346,0.2979188859462738,0.00707302475348115,1.0,30,0.17352600395679474,-0.23398183286190033,0.24527059495449066,0.15908269584178925,0.38777491450309753,0.00705707585439086,1.0,61,0.055032700300216675,-0.23099380731582642,0.18844176828861237,0.14847561717033386,0.3036315143108368,0.00332838436588645,1.0,0.3046335279941559,-0.26733893156051636,0.38777491450309753,-0.23398183286190033,0.3036315143108368,-0.23099380731582642,1.0
1790268687.4941213,28.063593864440918,561,0,11,-0.03766423836350441,-0.3619537353515625,0.043664924800395966,0.045983415096998215,0.3665095567703247,0.0027787641156464815,1.0,15,-0.06735026091337204,-0.2823750674724579,0.0775006115436554,0.12531785666942596,0.30447158217430115,0.005799567326903343,1.0,30,0.1105804443359375,-0.24266916513442993,0.19315464794635773,0.13319647312164307,0.3472767770290375,0.005096496548503637,1.0,61,0.03519752249121666,-0.24082446098327637,0.14553119242191315,0.14425893127918243,0.29048457741737366,0.0032254192046821117,1.0,0.3354905694723129,-0.3221644014120102,0.3472767770290375,-0.24266916513442993,0.29048457741737366,-0.24082446098327637,1.0
1790268687.5461338,28.1156063079834,562,0,11,0.052605368196964264,-0.48016080260276794,0.08896081149578094,0.09205362200737,0.4893859028816223,0.015454963780939579,1.0,15,-0.11785888671875,-0.2671763002872467,0.07905711233615875,0.14907771348953247,0.29933494329452515,0.009738092310726643,1.0,30,0.08558451384305954,-0.30788522958755493,0.1436365693807602,0.22979630529880524,0.3912656605243683,0.004715186543762684,1.0,61,0.03819425031542778,-0.31976768374443054,0.1196727454662323,0.21605835855007172,0.35962605476379395,0.0034761102870106697,1.0,0.39436042308807373,-0.3736685514450073,0.3912656605243683,-0.30788522958755493,0.35962605476379395,-0.31976768374443054,1.0
1790268687.5940857,28.1635582447052,563,0,11,-0.060675881803035736,-0.409820556640625,0.07271981984376907,0.058264490216970444,0.42046868801116943,0.0033702566288411617,1.0,15,-0.068511962890625,-0.3555501401424408,0.0755242332816124,0.14141258597373962,0.369680255651474,0.006465428043156862,1.0,30,0.10480448603630066,-0.18138885498046875,0.1276615709066391,0.21497014164924622,0.29684099555015564,0.005766877438873053,1.0,61,0.06752689182758331,-0.2506236135959625,0.08768026530742645,0.19555459916591644,0.29618194699287415,0.003445391310378909,1.0,0.3950744718313217,-0.3826853483915329,0.29684099555015564,-0.18138885498046875,0.29618194699287415,-0.2506236135959625,1.0
1790268687.6461492,28.21562170982361,564,0,11,0.05753118172287941,-0.39451321959495544,0.06517331302165985,0.029018256813287735,0.4038361608982086,0.0026317716110497713,1.0,15,0.01049194298684597,-0.3080098330974579,0.06560933589935303,0.12141821533441544,0.313150018453598,0.005130402278155088,1.0,30,0.0074971518479287624,-0.16657918691635132,0.0986873209476471,0.3084937632083893,0.3250387907028198,0.007884165272116661,1.0,61,0.018638985231518745,-0.23559758067131042,0.06960484385490417,0.23119871318340302,0.28895530104637146,0.0038313635159283876,1.0,0.3584930896759033,-0.35126152634620667,0.3250387907028198,-0.16657918691635132,0.28895530104637146,-0.23559758067131042,1.0
1790268687.6940324,28.26350498199463,565,0,11,-0.02790277637541294,-0.302459716796875,0.04015681520104408,0.0499391108751297,0.3064863383769989,0.0018069337820634246,1.0,15,-0.10824381560087204,-0.2871287167072296,0.09621290862560272,0.11829488724470139,0.3144555389881134,0.0039788223803043365,1.0,30,-0.1900019347667694,-0.02805430069565773,0.1561998575925827,0.39340338110923767,0.40898144245147705,0.009332944639027119,1.0,61,-0.07522132992744446,-0.14236775040626526,0.11796103417873383,0.2656514644622803,0.2633456885814667,0.003806247841566801,1.0,0.31047093868255615,-0.2947942167520523,0.40898144245147705,-0.02805430069565773,0.2633456885814667,-0.14236775040626526,1.0
1790268687.745852,28.315324544906616,566,0,11,-0.1250402331352234,-0.39988985657691956,0.0684962123632431,0.06705716997385025,0.42331263422966003,0.00472528301179409,1.0,15,-0.13237100839614868,-0.22931009531021118,0.07918280363082886,0.09428885579109192,0.27062085270881653,0.004275945480912924,1.0,30,-0.26849567890167236,-0.06521453708410263,0.12830252945423126,0.3096165955066681,0.41172799468040466,0.00631547998636961,1.0,61,-0.13834643363952637,-0.1955219954252243,0.12171415984630585,0.22971278429031372,0.3084563910961151,0.0031487499363720417,1.0,0.3469667434692383,-0.31459997594356537,0.41172799468040466,-0.06521453708410263,0.3084563910961151,-0.1955219954252243,1.0
1790268687.7979302,28.36740279197693,567,0,11,-0.17354236543178558,-0.43167945742607117,0.07303941994905472,0.04154346138238907,0.47168922424316406,0.007814828306436539,1.0,15,-0.20992837846279144,-0.3967936336994171,0.1310815066099167,0.23817063868045807,0.45385485887527466,0.014154610224068165,1.0,30,-0.17596231400966644,-0.27139586210250854,0.10718128085136414,0.26737871766090393,0.37969478964805603,0.007475018035620451,1.0,61,-0.14727382361888885,-0.292214572429657,0.11650532484054565,0.2556605041027069,0.3551785945892334,0.004606669768691063,1.0,0.46277204155921936,-0.41423654556274414,0.37969478964805603,-0.27139586210250854,0.3551785945892334,-0.292214572429657,1.0
1790268687.8461158,28.41558837890625,568,0,11,-0.020118020474910736,-0.4843250513076782,0.04455438256263733,0.04923943057656288,0.4865879714488983,0.013083978556096554,1.0,15,-0.13880208134651184,-0.3291585147380829,0.10933361947536469,0.16416335105895996,0.36441296339035034,0.011285077780485153,1.0,30,-0.06923014670610428,-0.3610793948173523,0.09918125718832016,0.19570906460285187,0.38227659463882446,0.007054553367197514,1.0,61,-0.046071287244558334,-0.32623517513275146,0.06192030385136604,0.21983341872692108,0.3348473608493805,0.004090634640306234,1.0,0.42550046741962433,-0.40674178302288055,0.38227659463882446,-0.3610793948173523,0.3348473608493805,-0.32623517513275146,1.0
1790268687.898038,28.46751046180725,569,0,11,0.05592207610607147,-0.3857435882091522,0.05787744000554085,0.053131818771362305,0.3936172425746918,0.0045049176551401615,1.0,15,0.0007995605701580644,-0.3104654848575592,0.0369386300444603,0.05721939355134964,0.3126203417778015,0.008416729047894478,1.0,30,0.12507833540439606,-0.3431660830974579,0.07866738736629486,0.10729388147592545,0.37666940689086914,0.004459338262677193,1.0,61,0.07261057198047638,-0.2803422212600708,0.06954436749219894,0.15262384712696075,0.2964927852153778,0.00245965295471251,1.0,0.35311879217624664,-0.3481045365333557,0.37666940689086914,-0.3431660830974579,0.2964927852153778,-0.2803422212600708,1.0
1790268687.9462473,28.515719890594482,570,1,11,0.11048056930303574,-0.16443009674549103,0.04550640285015106,0.01621115580201149,0.20072397589683533,0.0015770535683259368,1.0,15,0.005580647848546505,-0.2092946320772171,0.07757068425416946,0.10105541348457336,0.2277890145778656,0.006799129769206047,1.0,30,0.08541310578584671,-0.15392965078353882,0.050120480358600616,0.049601960927248,0.17966358363628387,0.0020823501981794834,1.0,61,0.08280269801616669,-0.13743378221988678,0.05802591145038605,0.06046772375702858,0.16714781522750854,0.001153643592260778,1.0,0.21425649523735046,-0.18686236441135406,0.17966358363628387,-0.15392965078353882,0.16714781522750854,-0.13743378221988678,1.0
1790268687.9981208,28.567593336105347,571,0,11,0.05063004791736603,-0.08779768645763397,0.02727295085787773,0.012212345376610756,0.10467608273029327,0.0008555073291063309,1.0,15,0.02999674528837204,-0.05815531313419342,0.025645049288868904,0.031206641346216202,0.07055796682834625,0.00417710654437542,1.0,30,-0.0036478678230196238,-0.04887237399816513,0.046655796468257904,0.02917034924030304,0.06557796895503998,0.0009609507396817207,1.0,61,0.017685936763882637,-0.0659482330083847,0.02958480641245842,0.03522617369890213,0.07475008070468903,0.0008245382341556251,1.0,0.08761702477931976,-0.0729764997959137,0.06557796895503998,-0.04887237399816513,0.07475008070468903,-0.0659482330083847,1.0
1790268688.0463016,28.615774154663086,572,0,11,-0.0021792324259877205,-0.0033763537649065256,0.012163115665316582,0.02071654051542282,0.021351920440793037,0.0007027459796518087,1.0,15,-0.004805501084774733,-0.02710571326315403,0.03325364738702774,0.02270258218050003,0.044284526258707047,0.002633021678775549,1.0,30,-0.07373911887407303,0.05531259998679161,0.06469587236642838,0.04437096789479256,0.09719200432300568,0.003036121604964137,1.0,61,-0.026365187019109726,0.007490314543247223,0.03568940982222557,0.04063806310296059,0.0499044768512249,0.0009060277952812612,1.0,0.03281822334975004,-0.015241033514030278,0.09719200432300568,0.05531259998679161,0.0499044768512249,0.007490314543247223,1.0
1790268688.098141,28.66761350631714,573,0,11,-0.04259837791323662,0.047814108431339264,0.041559938341379166,0.01604389399290085,0.06848403811454773,0.0010636798106133938,1.0,15,-0.01535644568502903,-0.0024393717758357525,0.032007038593292236,0.04721616208553314,0.04934454336762428,0.0038175659719854593,1.0,30,-0.18381907045841217,0.2553665041923523,0.14274761080741882,0.2401355654001236,0.321905255317688,0.005212313961237669,1.0,61,-0.07200922816991806,0.0795099213719368,0.08817697316408157,0.1619495153427124,0.12401177734136581,0.0021145560313016176,1.0,0.058914290741086006,0.022687368327751756,0.321905255317688,0.2553665041923523,0.12401177734136581,0.0795099213719368,1.0
1790268688.1501396,28.71961212158203,574,0,11,-0.09000050276517868,0.09982854872941971,0.036465585231781006,0.030848124995827675,0.13620799779891968,0.0008953737560659647,1.0,15,-0.05611775815486908,-0.00033162435283884406,0.029680736362934113,0.030105983838438988,0.06305105984210968,0.00211844383738935,1.0,30,-0.2643575072288513,0.3597910702228546,0.19129478931427002,0.28867238759994507,0.46803906559944153,0.007063530385494232,1.0,61,-0.14141444861888885,0.13415364921092987,0.1289362609386444,0.19385240972042084,0.21676477789878845,0.0029775607399642467,1.0,0.09962952882051468,0.04974846218829043,0.46803906559944153,0.3597910702228546,0.21676477789878845,0.13415364921092987,1.0
1790268688.1981351,28.76760768890381,575,0,11,-0.2782398462295532,0.1375940442085266,0.09265505522489548,0.020787201821804047,0.31255972385406494,0.0017979680560529232,1.0,15,-0.21593627333641052,0.0009084065677598119,0.07273593544960022,0.11843792349100113,0.24224336445331573,0.00875445082783699,1.0,30,-0.2732081115245819,0.22852782905101776,0.09491266310214996,0.05134494975209236,0.3611680269241333,0.002631456358358264,1.0,61,-0.2464834749698639,0.1499605029821396,0.12080146372318268,0.0900520607829094,0.2976536154747009,0.0019431455293670297,1.0,0.27740154415369034,0.06925122538814321,0.3611680269241333,0.22852782905101776,0.2976536154747009,0.1499605029821396,1.0
1790268688.250182,28.81965446472168,576,0,11,-0.3142048120498657,0.24346646666526794,0.06815044581890106,0.03395950794219971,0.40110188722610474,0.005231132730841637,1.0,15,-0.20679117739200592,0.04956766590476036,0.05461396276950836,0.042459193617105484,0.21667662262916565,0.0048459600657224655,1.0,30,-0.3438883423805237,0.26990050077438354,0.10192747414112091,0.10280562937259674,0.44819292426109314,0.003139793174341321,1.0,61,-0.2569114863872528,0.1745646744966507,0.11879236251115799,0.10376317799091339,0.32332247495651245,0.0023170444183051586,1.0,0.3088892549276352,0.14651706628501415,0.44819292426109314,0.26990050077438354,0.32332247495651245,0.1745646744966507,1.0
1790268688.2981985,28.867671012878418,577,0,11,-0.3163854479789734,0.1634424328804016,0.08535471558570862,0.017404908314347267,0.3591685891151428,0.004070021212100983,1.0,15,-0.20290933549404144,0.09448547661304474,0.07553766667842865,0.11308504641056061,0.24741770327091217,0.004202490206807852,1.0,30,-0.1763056367635727,0.1775721162557602,0.04258262366056442,0.04720965400338173,0.25308889150619507,0.0024791124742478132,1.0,61,-0.20885254442691803,0.13197588920593262,0.11268104612827301,0.07297895848751068,0.25699400901794434,0.0015509946970269084,1.0,0.3032931461930275,0.12896395474672318,0.25308889150619507,0.1775721162557602,0.25699400901794434,0.13197588920593262,1.0
1790268688.3498416,28.91931414604187,578,0,11,-0.15578113496303558,0.12962479889392853,0.04357481375336647,0.022514378651976585,0.20369769632816315,0.0011015251511707902,1.0,15,-0.1697489470243454,0.09927470237016678,0.057040005922317505,0.06331485509872437,0.2045857310295105,0.005426353309303522,1.0,30,-0.18801015615463257,0.17703959345817566,0.050670213997364044,0.09206286072731018,0.26425236463546753,0.0029210762586444616,1.0,61,-0.14796797931194305,0.11848274618387222,0.07243690639734268,0.07552864402532578,0.19516479969024658,0.0018595167202875018,1.0,0.20414171367883682,0.11444975063204765,0.26425236463546753,0.17703959345817566,0.19516479969024658,0.11848274618387222,1.0
1790268688.4019544,28.971426963806152,579,0,11,-0.13242964446544647,0.10646334290504456,0.045598533004522324,0.0252548661082983,0.17150363326072693,0.0015232793521136045,1.0,15,-0.11152546852827072,0.0618387870490551,0.04866829141974449,0.04373682662844658,0.13839618861675262,0.0016685511218383908,1.0,30,-0.17885233461856842,0.1397048979997635,0.06652107834815979,0.08404910564422607,0.23404265940189362,0.002451675245538354,1.0,61,-0.13258661329746246,0.08529175072908401,0.07204178720712662,0.06473632156848907,0.16767826676368713,0.0019482998177409172,1.0,0.15494991093873978,0.08415106497704983,0.23404265940189362,0.1397048979997635,0.16767826676368713,0.08529175072908401,1.0
1790268688.4501984,29.019670963287354,580,0,11,-0.11311478912830353,0.09146950393915176,0.0190870463848114,0.0348990224301815,0.14837826788425446,0.001075663953088224,1.0,15,-0.11032714694738388,0.0565236397087574,0.026111116632819176,0.043631743639707565,0.1320618838071823,0.003828688757494092,1.0,30,-0.2285212129354477,0.11654866486787796,0.07793928682804108,0.08616270869970322,0.26316946744918823,0.002491218037903309,1.0,61,-0.14580422639846802,0.06490913778543472,0.08959124982357025,0.060181308537721634,0.17053353786468506,0.0018768028821796179,1.0,0.14022007584571838,0.07399657182395458,0.26316946744918823,0.11654866486787796,0.17053353786468506,0.06490913778543472,1.0
1790268688.5020142,29.071486711502075,581,0,11,-0.17031444609165192,0.09474320709705353,0.028816673904657364,0.029181107878684998,0.196767196059227,0.002135101705789566,1.0,15,-0.1162007674574852,0.07867431640625,0.05751537159085274,0.04503709077835083,0.14969748258590698,0.00269838934764266,1.0,30,-0.18670502305030823,0.04075419157743454,0.06418592482805252,0.04647032544016838,0.19620093703269958,0.0013073048321530223,1.0,61,-0.14109352231025696,0.035138990730047226,0.09026109427213669,0.04832571744918823,0.15779036283493042,0.0010586524149402976,1.0,0.17323233932256699,0.08670876175165176,0.19620093703269958,0.04075419157743454,0.15779036283493042,0.035138990730047226,1.0
1790268688.550222,29.119694471359253,582,0,11,-0.03789728507399559,0.04320179298520088,0.02421802282333374,0.017808685079216957,0.06110936775803566,0.0006604884983971715,1.0,15,-0.05662434920668602,0.02543029747903347,0.046009261161088943,0.03219766169786453,0.07530038058757782,0.0027566219214349985,1.0,30,-0.05097910389304161,-0.02296600304543972,0.024941112846136093,0.027985667809844017,0.06334143877029419,0.000903561944141984,1.0,61,-0.03474501147866249,-0.0017555111553519964,0.04703111946582794,0.04365658387541771,0.062475237995386124,0.0007886642124503851,1.0,0.06820487417280674,0.034316045232117176,0.06334143877029419,-0.02296600304543972,0.062475237995386124,-0.0017555111553519964,1.0
1790268688.6022453,29.171717882156372,583,0,11,-0.008741899393498898,0.040093161165714264,0.0271993987262249,0.012319987639784813,0.0480303019285202,0.0005729294498451054,1.0,15,-0.008671061135828495,0.01721801795065403,0.010979357175529003,0.02925444021821022,0.03478485718369484,0.0019144982798025012,1.0,30,0.0333658866584301,-0.00386810302734375,0.03167596459388733,0.018111638724803925,0.04138704389333725,0.0008737018797546625,1.0,61,0.020129093900322914,0.015750322490930557,0.042610958218574524,0.03734607249498367,0.046214863657951355,0.0006707078428007662,1.0,0.04140757955610752,0.028655589558184147,0.04138704389333725,-0.00386810302734375,0.046214863657951355,0.015750322490930557,1.0
1790268688.6540048,29.223477363586426,584,0,11,0.033196188509464264,0.077392578125,0.04007592424750328,0.018978221341967583,0.09159469604492188,0.0009435950196348131,1.0,15,0.0027933756355196238,0.0653584823012352,0.02560742385685444,0.031822942197322845,0.07023302465677261,0.0032713597174733877,1.0,30,0.07785390317440033,0.02603251114487648,0.04015010595321655,0.040481775999069214,0.09331349283456802,0.0009640610660426319,1.0,61,0.055144764482975006,0.05182497575879097,0.06142895668745041,0.04202834516763687,0.09183680266141891,0.001031483756378293,1.0,0.08091386035084724,0.0713755302131176,0.09331349283456802,0.02603251114487648,0.09183680266141891,0.05182497575879097,1.0
1790268688.7021177,29.27159023284912,585,1,11,0.0065737636759877205,0.10451438277959824,0.036128345876932144,0.020422102883458138,0.11042452603578568,0.00079125608317554,1.0,15,-0.01630249060690403,0.06309611350297928,0.05072220042347908,0.027979766950011253,0.08616471290588379,0.0020854645408689976,1.0,30,0.0631256103515625,0.02678273431956768,0.057461902499198914,0.06972086429595947,0.09756309539079666,0.0016375358682125807,1.0,61,0.03460067883133888,0.07237356156110764,0.0760851800441742,0.0587303563952446,0.10797164589166641,0.0013233227655291557,1.0,0.09829461947083473,0.08380524814128876,0.09756309539079666,0.02678273431956768,0.10797164589166641,0.07237356156110764,1.0
1790268688.7541013,29.32357382774353,586,0,11,-0.15371981263160706,0.15825167298316956,0.04340013116598129,0.02794829197227955,0.22333265841007233,0.001994423335418105,1.0,15,-0.12304077297449112,0.06422118842601776,0.057186778634786606,0.061916548758745193,0.15640774369239807,0.0031775457318872213,1.0,30,-0.00177001953125,-0.03952636569738388,0.056534916162490845,0.17705397307872772,0.13715927302837372,0.003282328136265278,1.0,61,-0.047677211463451385,0.07070097327232361,0.08999248594045639,0.1012580543756485,0.13308435678482056,0.002054807497188449,1.0,0.1898702010512352,0.11123643070459366,0.13715927302837372,-0.03952636569738388,0.13308435678482056,0.07070097327232361,1.0
1790268688.8021555,29.371628046035767,587,0,11,-0.20842118561267853,0.15944741666316986,0.06512376666069031,0.016891272738575935,0.2657916247844696,0.0026315138675272465,1.0,15,-0.1694132536649704,0.03660278394818306,0.03885573148727417,0.05020869895815849,0.18087948858737946,0.003689750097692013,1.0,30,-0.007702128030359745,-0.1958307921886444,0.11098164319992065,0.35848468542099,0.2864316999912262,0.004912144038826227,1.0,61,-0.07297828793525696,0.030444035306572914,0.13560590147972107,0.21717818081378937,0.20169390738010406,0.002356400480493903,1.0,0.22333555668592453,0.09802510030567646,0.2864316999912262,-0.1958307921886444,0.20169390738010406,0.030444035306572914,1.0
1790268688.8541656,29.423638105392456,588,0,11,-0.091064453125,0.11290810257196426,0.038644421845674515,0.018618080765008926,0.14677074551582336,0.0010881660273298621,1.0,15,-0.1568603515625,0.008379110135138035,0.045181866735219955,0.04236171767115593,0.16227613389492035,0.0052231717854738235,1.0,30,0.0919443741440773,-0.3320063352584839,0.17247465252876282,0.46858564019203186,0.40983161330223083,0.009883785620331764,1.0,61,-0.008578441105782986,-0.04806043207645416,0.1475297510623932,0.29216644167900085,0.19520732760429382,0.004316799808293581,1.0,0.15452343970537186,0.06064360635355115,0.40983161330223083,-0.3320063352584839,0.19520732760429382,-0.04806043207645416,1.0
1790268688.9060838,29.47555637359619,589,0,11,-0.06256935745477676,0.05716497078537941,0.02710076794028282,0.01822206936776638,0.08748246729373932,0.0007544256513938308,1.0,15,-0.05702514573931694,0.0007283528684638441,0.03248992934823036,0.04309879243373871,0.07330416887998581,0.004001003690063953,1.0,30,-0.01511383056640625,-0.35967662930488586,0.1521984189748764,0.4016881287097931,0.4109077453613281,0.007249580696225166,1.0,61,-0.03606352210044861,-0.07946552336215973,0.10855122655630112,0.2535763680934906,0.17292071878910065,0.0031708765309304,1.0,0.08039331808686256,0.028946661826921627,0.4109077453613281,-0.35967662930488586,0.17292071878910065,-0.07946552336215973,1.0
1790268688.9542525,29.523725032806396,590,0,11,-0.026994185522198677,0.016995517536997795,0.011215304024517536,0.025940142571926117,0.03800852969288826,0.0006426691543310881,1.0,15,-0.05139770358800888,-0.04632568359375,0.0389859639108181,0.047690268605947495,0.08381158858537674,0.0024834387004375458,1.0,30,0.0026306151412427425,-0.43808746337890625,0.12139780074357986,0.388622909784317,0.4609958529472351,0.004779309965670109,1.0,61,-0.014341510832309723,-0.1330840289592743,0.08049490302801132,0.266857385635376,0.17401379346847534,0.0024551600217819214,1.0,0.0609100591391325,-0.014665083028376102,0.4609958529472351,-0.43808746337890625,0.17401379346847534,-0.1330840289592743,1.0
1790268689.0059502,29.575422763824463,591,0,11,-0.00041476162732578814,0.014395973645150661,0.015596059150993824,0.009524979628622532,0.021358054131269455,0.0004082839877810329,1.0,15,-0.0352986641228199,-0.04324747622013092,0.025666147470474243,0.03577018901705742,0.06463411450386047,0.0019446008373051882,1.0,30,-0.014734904281795025,-0.2649637758731842,0.12873974442481995,0.16871237754821777,0.2946329712867737,0.004287291783839464,1.0,61,0.004574885126203299,-0.08295965939760208,0.08626988530158997,0.12932859361171722,0.12591581046581268,0.002316019032150507,1.0,0.042996084317564964,-0.01442575128749013,0.2946329712867737,-0.2649637758731842,0.12591581046581268,-0.08295965939760208,1.0
1790268689.0539577,29.623430252075195,592,0,11,-0.016715310513973236,0.03652815520763397,0.02253682166337967,0.014549133367836475,0.042487647384405136,0.001178888138383627,1.0,15,-0.03755899891257286,-0.03681742399930954,0.019280968233942986,0.04029679298400879,0.06138065829873085,0.0019305518362671137,1.0,30,-0.0029729206580668688,-0.19356587529182434,0.11724774539470673,0.14671945571899414,0.21991579234600067,0.004900737665593624,1.0,61,-0.003925761207938194,-0.036414600908756256,0.08316681534051895,0.11423499882221222,0.11334539204835892,0.001973660197108984,1.0,0.05193415284156799,-0.0001446343958377838,0.21991579234600067,-0.19356587529182434,0.11334539204835892,-0.036414600908756256,1.0
1790268689.1062894,29.675761938095093,593,0,11,-0.14842917025089264,0.08341563493013382,0.07952020317316055,0.0423198863863945,0.17084741592407227,0.0016788240754976869,1.0,15,-0.24251505732536316,-0.10077616572380066,0.1201244592666626,0.08153369277715683,0.26766443252563477,0.01172768883407116,1.0,30,-0.1472518891096115,-0.15895181894302368,0.07790744304656982,0.0923432782292366,0.2335669845342636,0.0034603571984916925,1.0,61,-0.1399846374988556,0.006906978320330381,0.12248566746711731,0.14692288637161255,0.205607607960701,0.002846834249794483,1.0,0.21925592422485352,-0.00868026539683342,0.2335669845342636,-0.15895181894302368,0.205607607960701,0.006906978320330381,1.0
1790268689.15826,29.72773265838623,594,0,11,-0.4736730456352234,0.13409285247325897,0.1395435333251953,0.04217257723212242,0.4954652488231659,0.007301056291908026,1.0,15,-0.5151001214981079,-0.06625468283891678,0.12870822846889496,0.12354250252246857,0.5296477675437927,0.025150764733552933,1.0,30,-0.49381664395332336,-0.29782408475875854,0.19257521629333496,0.18855145573616028,0.5950241088867188,0.005916258320212364,1.0,61,-0.45357075333595276,-0.024633187800645828,0.25048837065696716,0.23606804013252258,0.5128259658813477,0.0038091400638222694,1.0,0.5125565081834793,0.0339190848171711,0.5950241088867188,-0.29782408475875854,0.5128259658813477,-0.024633187800645828,1.0
1790268689.2061996,29.77567219734192,595,0,11,-0.511749267578125,0.11111866682767868,0.056560829281806946,0.03444717824459076,0.525158166885376,0.0018338195513933897,1.0,15,-0.4464009702205658,-0.06441040337085724,0.10717727243900299,0.1583373248577118,0.4791308641433716,0.019594481214880943,1.0,30,-0.6211557984352112,-0.3911753296852112,0.20479010045528412,0.3221851885318756,0.7669970989227295,0.008828382007777691,1.0,61,-0.5022352933883667,-0.10254219174385071,0.26389312744140625,0.2793086767196655,0.5619423389434814,0.004914581775665283,1.0,0.5021445155143738,0.02335413172841072,0.7669970989227295,-0.3911753296852112,0.5619423389434814,-0.10254219174385071,1.0
1790268689.2583497,29.82782220840454,596,0,11,-0.3274133801460266,0.05069108307361603,0.06567685306072235,0.024075014516711235,0.3320944011211395,0.0030828220769762993,1.0,15,-0.375091552734375,-0.09661763161420822,0.09103518724441528,0.09708335995674133,0.3969251811504364,0.014881889335811138,1.0,30,-0.3958379030227661,-0.3968302309513092,0.12918882071971893,0.27191802859306335,0.5947737097740173,0.005683893337845802,1.0,61,-0.30367717146873474,-0.13058534264564514,0.15934674441814423,0.24775803089141846,0.38448816537857056,0.0046140714548528194,1.0,0.36450979113578796,-0.022963274270296097,0.5947737097740173,-0.3968302309513092,0.38448816537857056,-0.13058534264564514,1.0
1790268689.3061461,29.87561869621277,597,0,11,-0.2707782983779907,0.007826372049748898,0.06764429062604904,0.021321715787053108,0.27178218960762024,0.0011679776944220066,1.0,15,-0.22319132089614868,-0.05856018140912056,0.0784309059381485,0.1044696569442749,0.2571025490760803,0.00902150571346283,1.0,30,-0.36043956875801086,-0.3270619809627533,0.09668926894664764,0.15953850746154785,0.4986553490161896,0.004733688198029995,1.0,61,-0.25772568583488464,-0.11368485540151596,0.138255774974823,0.17455421388149261,0.3126622140407562,0.0023107798770070076,1.0,0.2644423693418503,-0.02536690467968583,0.4986553490161896,-0.3270619809627533,0.3126622140407562,-0.11368485540151596,1.0
1790268689.358201,29.92767357826233,598,0,11,-0.16345630586147308,-0.05609546974301338,0.044011544436216354,0.02175794169306755,0.17644377052783966,0.0010883871000260115,1.0,15,-0.16872355341911316,-0.08432108908891678,0.07883790135383606,0.05223098769783974,0.196592316031456,0.004589614924043417,1.0,30,-0.16245727241039276,-0.126556396484375,0.05715357884764671,0.04315045103430748,0.20979449152946472,0.0020995677914470434,1.0,61,-0.12443292140960693,-0.06822342425584793,0.07355014979839325,0.06355934590101242,0.15138444304466248,0.0015435675159096718,1.0,0.18651804327964783,-0.07020827941596508,0.20979449152946472,-0.126556396484375,0.15138444304466248,-0.06822342425584793,1.0
1790268689.4101877,29.979660272598267,599,0,11,-0.08052201569080353,-0.007085626944899559,0.032015055418014526,0.012551316991448402,0.08216516673564911,0.0008020662353374064,1.0,15,-0.09158935397863388,-0.02772114984691143,0.0385703518986702,0.03583383187651634,0.10246866196393967,0.002807214390486479,1.0,30,-0.222615048289299,-0.17275644838809967,0.14295640587806702,0.18741120398044586,0.30101731419563293,0.007685441058129072,1.0,61,-0.10045686364173889,-0.06111632660031319,0.10042634606361389,0.13680791854858398,0.14230401813983917,0.0032651645597070456,1.0,0.09231691434979439,-0.017403388395905495,0.30101731419563293,-0.17275644838809967,0.14230401813983917,-0.06111632660031319,1.0
1790268689.458173,30.027645587921143,600,1,11,-0.036461569368839264,0.055956754833459854,0.014312036335468292,0.010706043802201748,0.06833299994468689,0.0008272682898677886,1.0,15,-0.10791422426700592,0.04545796662569046,0.04674672335386276,0.03534881770610809,0.12142273038625717,0.010846000164747238,1.0,30,-0.15257161855697632,-0.04665883257985115,0.11778425425291061,0.1827496588230133,0.2217816263437271,0.0019960040226578712,1.0,61,-0.09779033064842224,0.024562273174524307,0.07815726101398468,0.11112821847200394,0.1365145444869995,0.0012587709352374077,1.0,0.09487786516547203,0.05070736072957516,0.2217816263437271,-0.04665883257985115,0.1365145444869995,0.024562273174524307,1.0
1790268689.510199,30.079671621322632,601,0,11,0.014472267590463161,0.5353726744651794,0.22001449763774872,0.13632628321647644,0.5775864720344543,0.03175659850239754,1.0,15,-0.21266275644302368,0.15180256962776184,0.22372351586818695,0.2378736287355423,0.3017266094684601,0.012545821256935596,1.0,30,-0.2191919982433319,-0.09765777736902237,0.2538202404975891,0.5607548952102661,0.5429782271385193,0.0308602936565876,1.0,61,-0.18241332471370697,0.1571875363588333,0.20265613496303558,0.3620707392692566,0.4010087251663208,0.011186373420059681,1.0,0.4396565407514572,0.34358762204647064,0.5429782271385193,-0.09765777736902237,0.4010087251663208,0.1571875363588333,1.0
1790268689.5582967,30.127769231796265,602,0,10,0.6023498773574829,0.9979568719863892,0.6454178690910339,0.2687279284000397,1.276672124862671,0.19434437155723572,0.9090909090909091,14,-0.3608485758304596,0.2933502197265625,0.43136081099510193,0.36487188935279846,0.493762344121933,0.08824530988931656,0.9333333333333333,30,-0.3004409670829773,-0.25018614530563354,0.30469226837158203,0.636957585811615,0.6709871292114258,0.026468494907021523,1.0,58,-0.17894954979419708,0.14180374145507812,0.3658275008201599,0.5240418910980225,0.5424342155456543,0.028374765068292618,0.9508196721311475,0.8852172344923019,0.6456535458564758,0.6709871292114258,-0.25018614530563354,0.5424342155456543,0.14180374145507812,0.9483109786388475
1790268689.609904,30.17937660217285,603,0,10,-0.17742919921875,0.5889800786972046,0.11634228378534317,0.0649285614490509,0.6253618001937866,0.01682383194565773,1.0,14,-0.2171391099691391,0.31166622042655945,0.1553470343351364,0.17951630055904388,0.39195844531059265,0.01059025339782238,1.0,30,-0.33141735196113586,-0.27763620018959045,0.2464895248413086,0.5266041159629822,0.6277585625648499,0.025370316579937935,1.0,58,-0.25182947516441345,0.09291326254606247,0.18646620213985443,0.4369054436683655,0.4623377025127411,0.011111698113381863,1.0,0.5086601227521896,0.450323149561882,0.6277585625648499,-0.27763620018959045,0.4623377025127411,0.09291326254606247,1.0
1790268689.6617959,30.231268405914307,604,0,10,-0.17506714165210724,0.470895379781723,0.06194319576025009,0.04787718877196312,0.5056483745574951,0.0034964915830641985,1.0,14,-0.1025543212890625,0.2709197998046875,0.06796589493751526,0.1617959439754486,0.3181649148464203,0.017763013020157814,1.0,30,-0.27785390615463257,-0.30797576904296875,0.24287554621696472,0.5734680891036987,0.6540808081626892,0.017103727906942368,1.0,58,-0.21699997782707214,0.06342408061027527,0.17340782284736633,0.4400940537452698,0.4374198913574219,0.0070022884756326675,1.0,0.4119066447019577,0.37090758979320526,0.6540808081626892,-0.30797576904296875,0.4374198913574219,0.06342408061027527,1.0
1790268689.7101893,30.279661893844604,605,0,10,-0.13121795654296875,0.4871368408203125,0.05030018091201782,0.062404271215200424,0.5059019923210144,0.006047612521797419,1.0,14,-0.0820835679769516,0.34461647272109985,0.06700140982866287,0.17668631672859192,0.35673102736473083,0.010874257422983646,1.0,30,-0.1919606477022171,-0.20596414804458618,0.23672614991664886,0.40513330698013306,0.48134511709213257,0.013544341549277306,1.0,58,-0.13793787360191345,0.08486294001340866,0.15679605305194855,0.34715983271598816,0.34610119462013245,0.005464453715831041,1.0,0.4313165098428726,0.4158766567707062,0.48134511709213257,-0.20596414804458618,0.34610119462013245,0.08486294001340866,1.0
1790268689.7621655,30.33163809776306,606,0,10,0.02003784105181694,0.31194305419921875,0.04394760727882385,0.03591015189886093,0.3155530095100403,0.0024185352958738804,1.0,14,0.1071733757853508,0.2922799289226532,0.14797550439834595,0.17681065201759338,0.3298638164997101,0.017829351127147675,1.0,30,-0.12327677756547928,-0.131785586476326,0.32091784477233887,0.28361785411834717,0.41531288623809814,0.013015561737120152,1.0,58,-0.08208281546831131,0.08094761520624161,0.19905304908752441,0.2945506274700165,0.31383025646209717,0.0061974190175533295,1.0,0.3227084130048752,0.302111491560936,0.41531288623809814,-0.131785586476326,0.31383025646209717,0.08094761520624161,1.0
1790268689.810242,30.379714488983154,607,0,10,0.02574615553021431,0.4085494875907898,0.03540396690368652,0.05426745489239693,0.4111509919166565,0.0017523204442113638,1.0,14,0.0319170281291008,0.4802638590335846,0.11636403203010559,0.19643542170524597,0.49672967195510864,0.020297424867749214,1.0,30,0.010968525893986225,0.05492299422621727,0.0840827152132988,0.14852158725261688,0.1370445191860199,0.004356930498033762,1.0,58,0.021210242062807083,0.16474835574626923,0.0789913684129715,0.21726223826408386,0.2120089828968048,0.0034317728132009506,1.0,0.45394033193588257,0.4444066733121872,0.1370445191860199,0.05492299422621727,0.2120089828968048,0.16474835574626923,1.0
1790268689.862086,30.43155860900879,608,0,10,0.11861114203929901,0.36425477266311646,0.06295838207006454,0.06479890644550323,0.3857882022857666,0.0033056798856705427,1.0,14,0.2387346476316452,0.3565826416015625,0.10101153701543808,0.09427700191736221,0.44168180227279663,0.012803641147911549,1.0,30,0.1560923308134079,0.24583283066749573,0.16168414056301117,0.12929630279541016,0.3218131363391876,0.00895814411342144,1.0,58,0.08815449476242065,0.24018990993499756,0.11892806738615036,0.1902715414762497,0.2824513614177704,0.005026539787650108,1.0,0.4137350022792816,0.3604187071323395,0.3218131363391876,0.24583283066749573,0.2824513614177704,0.24018990993499756,1.0
1790268689.9141905,30.483663082122803,609,0,10,0.13357695937156677,0.2769576907157898,0.044627923518419266,0.03201096132397652,0.3111221492290497,0.0028557886835187674,1.0,14,0.2963213324546814,0.3585248589515686,0.11889000982046127,0.12266996502876282,0.48119989037513733,0.01754395104944706,1.0,30,0.18362630903720856,0.1541142761707306,0.10514278709888458,0.07350736111402512,0.25894948840141296,0.004437193740159273,1.0,58,0.11650243401527405,0.15276126563549042,0.09834792464971542,0.11244958639144897,0.21805931627750397,0.0028103087097406387,1.0,0.3961610198020935,0.3177412748336792,0.25894948840141296,0.1541142761707306,0.21805931627750397,0.15276126563549042,1.0
1790268689.9621973,30.531669855117798,610,0,10,0.2531799376010895,0.175608828663826,0.11406095325946808,0.03214561194181442,0.3125021457672119,0.002929843496531248,1.0,14,0.2742723822593689,0.09954289346933365,0.1248658150434494,0.15358661115169525,0.340224027633667,0.021727677434682846,1.0,30,0.26615652441978455,0.10879770666360855,0.07789405435323715,0.061543021351099014,0.29242804646492004,0.002968277782201767,1.0,58,0.21163414418697357,0.09954570978879929,0.12211822718381882,0.1072467789053917,0.2496229112148285,0.0019205984426662326,1.0,0.32636308670043945,0.13757586106657982,0.29242804646492004,0.10879770666360855,0.2496229112148285,0.09954570978879929,1.0
1790268690.01413,30.58360266685486,611,0,10,0.3336196839809418,0.08741150051355362,0.1170986220240593,0.024227391928434372,0.34530574083328247,0.002599488478153944,1.0,14,0.3908190131187439,0.30389076471328735,0.15620487928390503,0.2366405725479126,0.5136696696281433,0.028574418276548386,1.0,30,0.5716878175735474,0.05805155262351036,0.14607590436935425,0.052388858050107956,0.5766170024871826,0.003575635841116309,1.0,58,0.40546679496765137,0.04950898140668869,0.21660397946834564,0.08102001994848251,0.4157097637653351,0.002807260025292635,1.0,0.4294877052307129,0.1956511326134205,0.5766170024871826,0.05805155262351036,0.4157097637653351,0.04950898140668869,1.0
1790268690.0622022,30.631674766540527,612,0,10,0.504791259765625,0.07501067966222763,0.11876777559518814,0.02710525132715702,0.5116086602210999,0.0033949227072298527,1.0,14,0.4441288411617279,0.06776972860097885,0.087821826338768,0.1778663545846939,0.4837110936641693,0.03094773180782795,1.0,30,0.7907816767692566,-0.10485229641199112,0.20930494368076324,0.12953603267669678,0.8093081712722778,0.0064758420921862125,1.0,58,0.5779608488082886,-0.04208584502339363,0.2830214500427246,0.11122117191553116,0.5908058285713196,0.004728406202048063,1.0,0.4976598769426346,0.07139020413160324,0.8093081712722778,-0.10485229641199112,0.5908058285713196,-0.04208584502339363,1.0
1790268690.1142,30.683672666549683,613,0,10,0.519012451171875,0.07574157416820526,0.0887458398938179,0.04014064371585846,0.5254276394844055,0.002840095665305853,1.0,14,0.4734213650226593,0.10265132039785385,0.12388704717159271,0.18240799009799957,0.5221059918403625,0.03323585167527199,1.0,30,0.618469774723053,0.02441864088177681,0.1537797451019287,0.08541306108236313,0.626710057258606,0.008247160352766514,1.0,58,0.4630032181739807,0.029845139011740685,0.24307644367218018,0.0953928679227829,0.4778077304363251,0.0046505434438586235,1.0,0.523766815662384,0.08919644728302956,0.626710057258606,0.02441864088177681,0.4778077304363251,0.029845139011740685,1.0
1790268690.1660943,30.73556685447693,614,0,10,0.438912957906723,0.10974884033203125,0.04773469641804695,0.023269450291991234,0.4526817202568054,0.0019530316349118948,1.0,14,0.6299481987953186,0.20129720866680145,0.2108650803565979,0.07705756276845932,0.6676438450813293,0.021209167316555977,1.0,30,0.37105509638786316,0.04040272906422615,0.14982163906097412,0.07875250279903412,0.38457930088043213,0.00429397402331233,1.0,58,0.344542920589447,0.04581109434366226,0.1649666279554367,0.08876822888851166,0.35890665650367737,0.0031288815662264824,1.0,0.5601627826690674,0.15552302449941635,0.38457930088043213,0.04040272906422615,0.35890665650367737,0.04581109434366226,1.0
1790268690.214068,30.78354048728943,615,1,10,0.38860321044921875,0.1610977202653885,0.09367241710424423,0.05702442303299904,0.4221445620059967,0.002766800345852971,1.0,14,0.2831203043460846,0.3334001898765564,0.11554782092571259,0.13138973712921143,0.4629662036895752,0.01967667043209076,1.0,30,0.28494516015052795,0.07228037714958191,0.11181958764791489,0.12314990162849426,0.31633898615837097,0.006736143492162228,1.0,58,0.2741420269012451,0.07376782596111298,0.15032309293746948,0.13058096170425415,0.3077520430088043,0.004130190704017878,1.0,0.44255538284778595,0.24724895507097244,0.31633898615837097,0.07228037714958191,0.3077520430088043,0.07376782596111298,1.0
1790268690.2659392,30.83541178703308,616,0,10,0.35583192110061646,0.19830016791820526,0.11600685864686966,0.040729254484176636,0.4096554219722748,0.003334327135235071,1.0,14,0.3347298800945282,0.24987466633319855,0.1174171045422554,0.19178713858127594,0.4440566599369049,0.013062240555882454,1.0,30,0.3058018982410431,0.0421091727912426,0.1278177797794342,0.10307076573371887,0.3265850245952606,0.004309111274778843,1.0,58,0.2670043408870697,0.0856691524386406,0.14668254554271698,0.1288616806268692,0.302560418844223,0.0032095937058329582,1.0,0.42685604095458984,0.2240874171257019,0.3265850245952606,0.0421091727912426,0.302560418844223,0.0856691524386406,1.0
1790268690.314109,30.88358163833618,617,0,10,0.25362396240234375,0.15288391709327698,0.06245994195342064,0.03656599298119545,0.29682737588882446,0.0017874231562018394,1.0,14,0.3221936821937561,0.20013318955898285,0.1427156627178192,0.1162593737244606,0.39277032017707825,0.01719474419951439,1.0,30,0.4025934934616089,-0.10085194557905197,0.2667888402938843,0.11909794062376022,0.4318426251411438,0.008388563990592957,1.0,58,0.25651130080223083,0.017489729449152946,0.22137585282325745,0.11517762392759323,0.2783973813056946,0.0036412535700947046,1.0,0.34479884803295135,0.1765085533261299,0.4318426251411438,-0.10085194557905197,0.2783973813056946,0.017489729449152946,1.0
1790268690.3661838,30.935656309127808,618,0,10,0.210693359375,0.06154785305261612,0.0628635585308075,0.03045865334570408,0.2204619199037552,0.001602636300958693,1.0,14,0.2071990966796875,0.0910666361451149,0.05478284880518913,0.0660012811422348,0.2346598207950592,0.01193516980856657,1.0,30,0.5168375372886658,-0.43868714570999146,0.28883567452430725,0.2719239294528961,0.6908038854598999,0.013373139314353466,1.0,58,0.2896478474140167,-0.14447705447673798,0.24639031291007996,0.22552041709423065,0.34613510966300964,0.005194941069930792,1.0,0.2275608703494072,0.07630724459886551,0.6908038854598999,-0.43868714570999146,0.34613510966300964,-0.14447705447673798,1.0
1790268690.4183135,30.987786054611206,619,0,10,0.29135435819625854,-0.02783355675637722,0.04611591994762421,0.019742067903280258,0.29325658082962036,0.0032081797253340483,1.0,14,0.2026388943195343,-0.02274213545024395,0.08362989872694016,0.08040297776460648,0.216749906539917,0.005185976624488831,1.0,30,0.17032521963119507,-0.11549071967601776,0.0940103679895401,0.03058374859392643,0.21331806480884552,0.003212078008800745,1.0,58,0.1950099617242813,-0.08667150139808655,0.12564389407634735,0.07098452746868134,0.2278229147195816,0.0023397805634886026,1.0,0.2550032436847687,-0.025287846103310585,0.21331806480884552,-0.11549071967601776,0.2278229147195816,-0.08667150139808655,1.0
1790268690.466317,31.035789489746094,620,0,10,0.23394775390625,-0.09534148871898651,0.0401926152408123,0.037415068596601486,0.25454622507095337,0.0022853282280266285,1.0,14,0.2032950222492218,-0.0629425048828125,0.06467166543006897,0.09124793857336044,0.2320706695318222,0.009503820911049843,1.0,30,0.06105601042509079,0.06099039688706398,0.06435015797615051,0.12169186770915985,0.14288946986198425,0.003612666158005595,1.0,58,0.11119737476110458,-0.01680966094136238,0.1252003312110901,0.09986499696969986,0.14911788702011108,0.0026037422940135,1.0,0.2433084473013878,-0.0791419968008995,0.14288946986198425,0.06099039688706398,0.14911788702011108,-0.01680966094136238,1.0
1790268690.5183172,31.08778977394104,621,0,10,0.15155944228172302,-0.12205199897289276,0.03960303217172623,0.026073213666677475,0.1960747390985489,0.0010919247288256884,1.0,14,0.119598388671875,-0.04444340243935585,0.04841519147157669,0.054797153919935226,0.14166249334812164,0.003588197287172079,1.0,30,-0.0214055385440588,0.24923604726791382,0.1969488561153412,0.23307634890079498,0.3076912462711334,0.007524779997766018,1.0,58,0.06683270633220673,0.04379246011376381,0.14822125434875488,0.17544648051261902,0.17652976512908936,0.0035931901074945927,1.0,0.16886861622333527,-0.0832477007061243,0.3076912462711334,0.24923604726791382,0.17652976512908936,0.04379246011376381,1.0
1790268690.566404,31.135876655578613,622,0,10,0.09475250542163849,-0.06476440280675888,0.04522376507520676,0.019287388771772385,0.11698726564645767,0.0012602536007761955,1.0,14,0.1151515394449234,-0.005019051488488913,0.025752659887075424,0.027946511283516884,0.11859116703271866,0.002231651684269309,1.0,30,-0.00986429862678051,0.1627553254365921,0.07261785119771957,0.08938288688659668,0.18564698100090027,0.0027130867820233107,1.0,58,0.027804143726825714,0.03977518901228905,0.07202786207199097,0.09551375359296799,0.10815079510211945,0.0012434369418770075,1.0,0.11778921633958817,-0.0348917271476239,0.18564698100090027,0.1627553254365921,0.10815079510211945,0.03977518901228905,1.0
1790268690.618303,31.18777561187744,623,0,10,0.02837524376809597,-0.011477661319077015,0.010562526062130928,0.017880741506814957,0.035603322088718414,0.0007060615462251008,1.0,14,0.0434374138712883,0.0210386011749506,0.030741482973098755,0.03896675258874893,0.06250438839197159,0.002875539707019925,1.0,30,-0.04009602963924408,0.17361705005168915,0.06351542472839355,0.07413874566555023,0.18871502578258514,0.003995331935584545,1.0,58,-0.007041668053716421,0.0714387595653534,0.0588073767721653,0.08615578711032867,0.09893601387739182,0.0014721155166625977,1.0,0.049053855240345,0.004780469927936792,0.18871502578258514,0.17361705005168915,0.09893601387739182,0.0714387595653534,1.0
1790268690.6701438,31.23961639404297,624,0,10,0.00966033898293972,0.02803497388958931,0.006479707546532154,0.004153822548687458,0.030210277065634727,0.0006480647134594619,1.0,14,0.0367322638630867,0.03628212958574295,0.029554098844528198,0.03285585343837738,0.05527246743440628,0.002177473856136203,1.0,30,-0.08306172490119934,0.22637583315372467,0.0797138512134552,0.09134414792060852,0.24968518316745758,0.0034129577688872814,1.0,58,-0.02922636829316616,0.10983223468065262,0.06218946352601051,0.11076296865940094,0.1267254799604416,0.0015322290128096938,1.0,0.042741372250020504,0.03215855173766613,0.24968518316745758,0.22637583315372467,0.1267254799604416,0.10983223468065262,1.0
1790268690.7182868,31.28775930404663,625,0,10,-0.0019317626720294356,0.07032012939453125,0.012460135854780674,0.010671225376427174,0.07154890149831772,0.0005094753578305244,1.0,14,-0.0067160469479858875,0.0548836849629879,0.025872696191072464,0.0390908382833004,0.06824711710214615,0.002751303603872657,1.0,30,-0.05344390869140625,0.1878153532743454,0.056556377559900284,0.03825502097606659,0.20231984555721283,0.0024409980978816748,1.0,58,-0.026505831629037857,0.1022554561495781,0.040070705115795135,0.07765411585569382,0.11571311205625534,0.0012800238328054547,1.0,0.06989800930023193,0.06260190717875957,0.20231984555721283,0.1878153532743454,0.11571311205625534,0.1022554561495781,1.0
1790268690.7702305,31.33970308303833,626,0,10,-0.0029190063942223787,0.05091552808880806,0.01434276532381773,0.006949066650122404,0.05306164175271988,0.0004195030778646469,1.0,14,-0.0007825578795745969,0.05971962958574295,0.01703622378408909,0.03058219887316227,0.06244474649429321,0.0021439255215227604,1.0,30,-0.007107035256922245,0.05099843442440033,0.015282077714800835,0.022458748891949654,0.05375552922487259,0.001152649288997054,1.0,58,-0.002565318252891302,0.03921087831258774,0.017974216490983963,0.0243731290102005,0.04446352273225784,0.0007831479888409376,1.0,0.057753194123506546,0.055317578837275505,0.05375552922487259,0.05099843442440033,0.04446352273225784,0.03921087831258774,1.0
1790268690.8182266,31.387699127197266,627,0,10,0.01014099083840847,0.00656890869140625,0.00825683306902647,0.013343749567866325,0.01877322420477867,0.000833511003293097,1.0,14,0.012028285302221775,0.01654706709086895,0.04120577126741409,0.03431624174118042,0.04687786102294922,0.0023400760255753994,1.0,30,0.01335856132209301,0.014322916977107525,0.027064964175224304,0.012833294458687305,0.03188512101769447,0.0007547197747044265,1.0,58,0.014789712615311146,0.011478029191493988,0.022532593458890915,0.020455187186598778,0.030874256044626236,0.0006232155137695372,1.0,0.032825542613863945,0.0115579878911376,0.03188512101769447,0.014322916977107525,0.030874256044626236,0.011478029191493988,1.0
1790268690.8698936,31.439366102218628,628,0,10,0.02968139573931694,-0.0036117553245276213,0.013166774995625019,0.01015089638531208,0.03201892226934433,0.0007896047900430858,1.0,14,0.0167672298848629,0.014935084618628025,0.023620804771780968,0.02539748139679432,0.034776411950588226,0.0020652185194194317,1.0,30,0.014270019717514515,0.0334879569709301,0.031770121306180954,0.017767978832125664,0.04740486294031143,0.0007329399231821299,1.0,58,0.011996565386652946,0.012807912193238735,0.022611070424318314,0.024760767817497253,0.03396434336900711,0.0007398217567242682,1.0,0.03339766710996628,0.005661664647050202,0.04740486294031143,0.0334879569709301,0.03396434336900711,0.012807912193238735,1.0
1790268690.9218776,31.491350173950195,629,0,10,0.01703491248190403,0.01571197435259819,0.010748299770057201,0.010617041029036045,0.024673786014318466,0.0009066314669325948,1.0,14,0.01948983408510685,0.03010014072060585,0.028063025325536728,0.04266006872057915,0.05572139844298363,0.001766004366800189,1.0,30,0.01563415490090847,0.09707997739315033,0.0610954612493515,0.03523607924580574,0.11434219032526016,0.0012363007990643382,1.0,58,0.015862826257944107,0.045132867991924286,0.036917783319950104,0.03823702409863472,0.05980430543422699,0.0007235663360916078,1.0,0.04019759222865105,0.02290605753660202,0.11434219032526016,0.09707997739315033,0.05980430543422699,0.045132867991924286,1.0
1790268690.9698703,31.539342880249023,630,1,10,0.03034210205078125,-0.00156402587890625,0.008585268631577492,0.012213638052344322,0.03306766226887703,0.0005797479534521699,1.0,14,0.013399397023022175,0.0193317960947752,0.018615320324897766,0.03340720757842064,0.041447579860687256,0.0019163970137014985,1.0,30,0.0031260172836482525,0.2755391299724579,0.13346830010414124,0.14463481307029724,0.30186840891838074,0.009265218861401081,1.0,58,-0.0026495044585317373,0.10294158011674881,0.05949345976114273,0.14585956931114197,0.12180642783641815,0.0035229073837399483,1.0,0.03725762106478214,0.008883885107934475,0.30186840891838074,0.2755391299724579,0.12180642783641815,0.10294158011674881,1.0
1790268691.0221405,31.591613054275513,631,0,10,0.008372497744858265,0.02064361609518528,0.015206295065581799,0.02535211481153965,0.03103609010577202,0.000608292524702847,1.0,14,0.02498735673725605,0.03934696689248085,0.03981998935341835,0.04258660972118378,0.07003798335790634,0.002003123052418232,1.0,30,-0.05574137344956398,0.2471623718738556,0.12658098340034485,0.16509059071540833,0.27121809124946594,0.007611420936882496,1.0,58,-0.012456170283257961,0.1059478223323822,0.06934996694326401,0.1340753734111786,0.11859267204999924,0.0032048956491053104,1.0,0.05053703673183918,0.029995291493833065,0.27121809124946594,0.2471623718738556,0.11859267204999924,0.1059478223323822,1.0
1790268691.0702114,31.639683961868286,632,0,10,-0.00796356238424778,0.0310211181640625,0.024468490853905678,0.01138655748218298,0.037017084658145905,0.0005460333777591586,1.0,14,0.0014822824159637094,0.0472128726541996,0.02618081122636795,0.016837727278470993,0.0536581389605999,0.002056142780929804,1.0,30,-0.00488993339240551,0.12194874882698059,0.08318907022476196,0.08645753562450409,0.15221615135669708,0.0031822887249290943,1.0,58,-0.004647616762667894,0.061181165277957916,0.041248396039009094,0.07087897509336472,0.07364790141582489,0.0016775951953604817,1.0,0.0453376118093729,0.03911699540913105,0.15221615135669708,0.12194874882698059,0.07364790141582489,0.061181165277957916,1.0
1790268691.1221173,31.691589832305908,633,0,10,0.01078033447265625,0.02873077429831028,0.010487031191587448,0.00789147149771452,0.03252508491277695,0.0007132620667107403,1.0,14,0.0029187884647399187,0.0317535400390625,0.04194561019539833,0.0221608467400074,0.05041375011205673,0.0018511038506403565,1.0,30,-0.09736887365579605,0.40073496103286743,0.18763110041618347,0.3840450346469879,0.4261513352394104,0.009070253930985928,1.0,58,-0.027075406163930893,0.1411832571029663,0.11761484295129776,0.2590125799179077,0.16022036969661713,0.0035436120815575123,1.0,0.04146941751241684,0.03024215716868639,0.4261513352394104,0.40073496103286743,0.16022036969661713,0.1411832571029663,1.0
1790268691.1741967,31.743669271469116,634,0,10,0.01967163011431694,0.03275756910443306,0.022723516449332237,0.00480163237079978,0.04241211339831352,0.0005001419922336936,1.0,14,0.01141357421875,0.03965214267373085,0.01956195756793022,0.020417246967554092,0.04710860177874565,0.001704052439890802,1.0,30,-0.08855947107076645,0.26366984844207764,0.19378924369812012,0.12281627953052521,0.32006824016571045,0.009398830123245716,1.0,58,-0.04373800382018089,0.10860127210617065,0.11668166518211365,0.1223708987236023,0.13564440608024597,0.0024751857854425907,1.0,0.04476035758852959,0.036204855889081955,0.32006824016571045,0.26366984844207764,0.13564440608024597,0.10860127210617065,1.0
1790268691.222209,31.79168152809143,635,0,10,0.01490173302590847,0.03656158596277237,0.013638120144605637,0.015219484455883503,0.043341320008039474,0.0006220848299562931,1.0,14,-0.0179312564432621,0.0447213314473629,0.029639357700943947,0.03167688101530075,0.05844886228442192,0.0014179472345858812,1.0,30,-0.0037516276352107525,0.2532196044921875,0.19475488364696503,0.10644994676113129,0.31143948435783386,0.008505717851221561,1.0,58,0.0017644948093220592,0.1076781153678894,0.09905261546373367,0.11820823699235916,0.134008526802063,0.003683488117530942,1.0,0.0508950911462307,0.040641458705067635,0.31143948435783386,0.2532196044921875,0.134008526802063,0.1076781153678894,1.0
1790268691.274194,31.843666553497314,636,0,10,0.02198638953268528,-0.03266601637005806,0.014860063791275024,0.031404174864292145,0.04892619326710701,0.0009453482925891876,1.0,14,0.014476231299340725,0.0233176089823246,0.030272170901298523,0.06973649561405182,0.04981675371527672,0.0024412779603153467,1.0,30,0.32479044795036316,0.8522567749023438,0.4036858081817627,0.295663446187973,0.9950597882270813,0.03134030103683472,1.0,58,0.20382216572761536,0.3414098918437958,0.30694425106048584,0.4215560257434845,0.46561649441719055,0.01424857135862112,1.0,0.049371473491191864,-0.00467420369386673,0.9950597882270813,0.8522567749023438,0.46561649441719055,0.3414098918437958,1.0
1790268691.3222098,31.891682386398315,637,0,10,0.07222442328929901,0.02510375902056694,0.015103351324796677,0.016349749639630318,0.07834792882204056,0.001880325609818101,1.0,14,0.03411865234375,0.04133496806025505,0.024558791890740395,0.03612680733203888,0.06000436469912529,0.002887758193537593,1.0,30,0.21610158681869507,1.0191863775253296,0.2896496653556824,0.2611299157142639,1.0854356288909912,0.015347943641245365,1.0,58,0.17076162993907928,0.4216208755970001,0.20101581513881683,0.4600955843925476,0.4917075037956238,0.008080238476395607,1.0,0.06917614676058292,0.033219363540410995,1.0854356288909912,1.0191863775253296,0.4917075037956238,0.4216208755970001,1.0
1790268691.3742087,31.943681240081787,638,0,10,0.10014800727367401,0.01929931715130806,0.061710212379693985,0.018624765798449516,0.10283239930868149,0.0013080782955512404,1.0,14,0.04345703125,0.04784393310546875,0.03975900262594223,0.05603725090622902,0.07782246172428131,0.0025365103501826525,1.0,30,0.22734476625919342,0.32714030146598816,0.22677160799503326,0.12867578864097595,0.44813430309295654,0.008461123332381248,1.0,58,0.1767641305923462,0.12450908869504929,0.17228342592716217,0.16918307542800903,0.2520349621772766,0.003461497137323022,1.0,0.0903274305164814,0.033571625128388405,0.44813430309295654,0.32714030146598816,0.2520349621772766,0.12450908869504929,1.0
1790268691.4262328,31.995705366134644,639,0,10,0.10247345268726349,-0.03103790245950222,0.0676448792219162,0.044407639652490616,0.11752909421920776,0.005185156129300594,1.0,14,0.0569937564432621,0.02144731767475605,0.04460083693265915,0.052378322929143906,0.08550725132226944,0.0032049475703388453,1.0,30,0.09526367485523224,0.2627919614315033,0.1575608104467392,0.09301774203777313,0.3227008879184723,0.005853560287505388,1.0,58,0.11231310665607452,0.09007289260625839,0.10554095357656479,0.14346152544021606,0.19351992011070251,0.003764108056202531,1.0,0.1015181727707386,-0.004795292392373085,0.3227008879184723,0.2627919614315033,0.19351992011070251,0.09007289260625839,1.0
1790268691.4742773,32.04374980926514,640,0,10,0.25047606229782104,-0.12596282362937927,0.13218694925308228,0.14195267856121063,0.3005548119544983,0.011888157576322556,1.0,14,0.0993739515542984,-0.0458308644592762,0.06722978502511978,0.06642694026231766,0.1294281929731369,0.0054888189770281315,1.0,30,0.09973805397748947,0.11082865297794342,0.12459778785705566,0.08048594743013382,0.19756926596164703,0.0033328731078654528,1.0,58,0.136077880859375,-0.005237448029220104,0.11440478265285492,0.11754826456308365,0.18166373670101166,0.0033920910209417343,1.0,0.2149915024638176,-0.08589684404432774,0.19756926596164703,0.11082865297794342,0.18166373670101166,-0.005237448029220104,1.0
1790268691.5259228,32.09539532661438,641,0,10,0.2658142149448395,-0.04994506761431694,0.18310391902923584,0.03473158925771713,0.2739894688129425,0.009616481140255928,1.0,14,0.0849718376994133,-0.01671709306538105,0.038651738315820694,0.05905284732580185,0.10736890882253647,0.013680927455425262,1.0,30,0.09050700068473816,0.09760996699333191,0.042775776237249374,0.07304379343986511,0.14967216551303864,0.0023110208567231894,1.0,58,0.12426836788654327,0.007750938646495342,0.10528139770030975,0.0731852799654007,0.14629903435707092,0.0015760775422677398,1.0,0.1906791888177395,-0.033331080339848995,0.14967216551303864,0.09760996699333191,0.14629903435707092,0.007750938646495342,1.0
1790268691.5739164,32.143388986587524,642,0,10,0.09512939304113388,-0.11784210056066513,0.04615150764584541,0.05012661591172218,0.1597355604171753,0.007460993714630604,1.0,14,0.1218305304646492,-0.03431592509150505,0.0600387379527092,0.0662708654999733,0.1416393518447876,0.03408263251185417,1.0,30,0.13471272587776184,0.03196309506893158,0.07548807561397552,0.0504571832716465,0.1512334644794464,0.002270556055009365,1.0,58,0.11307814717292786,-0.01326672825962305,0.0674971342086792,0.05763598531484604,0.12749511003494263,0.0024633051361888647,1.0,0.15068745613098145,-0.07607901282608509,0.1512334644794464,0.03196309506893158,0.12749511003494263,-0.01326672825962305,1.0
1790268691.6262295,32.19570207595825,643,0,10,-0.11982269585132599,-0.21520690619945526,0.20792438089847565,0.13072212040424347,0.2892945408821106,0.04126766324043274,1.0,14,0.1050807386636734,-0.12215205281972885,0.20469361543655396,0.23838259279727936,0.17008788883686066,0.014823933131992817,1.0,30,0.05871480330824852,0.01451212540268898,0.03671063855290413,0.03511041775345802,0.07176707684993744,0.0010526374680921435,1.0,58,0.0393860898911953,-0.04274933785200119,0.09922357648611069,0.09320702403783798,0.10241970419883728,0.0029320844914764166,1.0,0.22969121485948563,-0.16867947950959206,0.07176707684993744,0.01451212540268898,0.10241970419883728,-0.04274933785200119,1.0
1790268691.6782193,32.24769186973572,644,0,10,-0.04644470289349556,-0.2725280821323395,0.21090051531791687,0.12095510214567184,0.3293079137802124,0.04170123487710953,1.0,14,0.0980900377035141,-0.10417284071445465,0.17346642911434174,0.1489102840423584,0.15394605696201324,0.00493112625554204,1.0,30,0.02089894562959671,0.01294708251953125,0.03165402635931969,0.03573867678642273,0.04870491102337837,0.0010667130118235946,1.0,58,0.034525904804468155,-0.034171268343925476,0.04991310089826584,0.06951224058866501,0.07278982549905777,0.004306647460907698,1.0,0.24162698537111282,-0.18835046142339706,0.04870491102337837,0.01294708251953125,0.07278982549905777,-0.034171268343925476,1.0
1790268691.7262826,32.29575514793396,645,1,10,-0.06005859375,-0.1595809906721115,0.06922183185815811,0.024412620812654495,0.18210479617118835,0.003321864176541567,1.0,14,0.02588762529194355,-0.07776423543691635,0.031094402074813843,0.024474402889609337,0.08656682819128036,0.0028131850995123386,1.0,30,0.011423747055232525,0.01027018204331398,0.03836154565215111,0.03954121470451355,0.053956057876348495,0.0011872953036800027,1.0,58,0.019519411027431488,-0.02765865996479988,0.04125000163912773,0.054602447897195816,0.061651021242141724,0.0009568018722347915,1.0,0.13433581218123436,-0.11867261305451393,0.053956057876348495,0.01027018204331398,0.061651021242141724,-0.02765865996479988,1.0
1790268691.7781773,32.347649812698364,646,0,10,0.02579345740377903,-0.11053924262523651,0.038684628903865814,0.01970614865422249,0.11917473375797272,0.0013696426758542657,1.0,14,0.0256369449198246,-0.0404401496052742,0.031209604814648628,0.029853126034140587,0.05931335687637329,0.0017665077466517687,1.0,30,0.027313232421875,0.12432708591222763,0.08785837143659592,0.25960490107536316,0.193386971950531,0.012900790199637413,1.0,58,0.03262723609805107,0.008409433998167515,0.060413919389247894,0.1636105477809906,0.10054343938827515,0.0038373915012925863,1.0,0.089244045317173,-0.07548969611525536,0.193386971950531,0.12432708591222763,0.10054343938827515,0.008409433998167515,1.0
1790268691.8263044,32.395776987075806,647,0,10,-0.04934845119714737,-0.12418212741613388,0.030338279902935028,0.021168723702430725,0.13654159009456635,0.0012875220272690058,1.0,14,-0.01998029462993145,-0.03627777099609375,0.026861025020480156,0.04124785587191582,0.058019135147333145,0.0016588697908446193,1.0,30,0.03855031356215477,0.11630503088235855,0.2622774541378021,0.3863275647163391,0.341458797454834,0.022338969632983208,1.0,58,-0.011812670156359673,-0.012229656800627708,0.08152197301387787,0.2391061931848526,0.14937002956867218,0.004817369394004345,1.0,0.09728036262094975,-0.08022994920611382,0.341458797454834,0.11630503088235855,0.14937002956867218,-0.012229656800627708,1.0
1790268691.878275,32.447747468948364,648,0,10,-0.06850586086511612,-0.05831604078412056,0.03526214882731438,0.013776786625385284,0.09571217000484467,0.0008104491280391812,1.0,14,-0.0492815300822258,-0.0180631373077631,0.03791375085711479,0.05047472193837166,0.06954648345708847,0.005476068705320358,1.0,30,0.01802673377096653,0.29203593730926514,0.21539197862148285,0.38937798142433167,0.3862333297729492,0.01852658949792385,1.0,58,-0.023209670558571815,0.07819445431232452,0.11525005847215652,0.25136810541152954,0.16279254853725433,0.0034737931564450264,1.0,0.08262932673096657,-0.03818958904594183,0.3862333297729492,0.29203593730926514,0.16279254853725433,0.07819445431232452,1.0
1790268691.930121,32.49959349632263,649,0,10,0.32938843965530396,0.3619125485420227,0.29546353220939636,0.2449146956205368,0.5381291508674622,0.11646263301372528,1.0,14,-0.39202880859375,0.1648799329996109,0.5676366090774536,0.4031587541103363,0.4355218708515167,0.10048488527536392,1.0,30,0.07029367983341217,0.5593531131744385,0.3958054184913635,0.5653435587882996,0.677851676940918,0.04007399082183838,1.0,58,0.006082732230424881,0.24047036468982697,0.22920238971710205,0.38448357582092285,0.33445391058921814,0.01892528496682644,1.0,0.48682551085948944,0.2633962407708168,0.677851676940918,0.5593531131744385,0.33445391058921814,0.24047036468982697,1.0
1790268691.978247,32.54771947860718,650,0,10,-0.099029541015625,0.11894531548023224,0.09235858172178268,0.02503984235227108,0.17693045735359192,0.011975696310400963,1.0,14,-0.2864488959312439,-0.01224626787006855,0.2045520693063736,0.07499164342880249,0.29198983311653137,0.010099343955516815,1.0,30,-0.05168253555893898,0.5511601567268372,0.334320068359375,0.6048902869224548,0.6657534241676331,0.037493400275707245,1.0,58,-0.12688156962394714,0.2134036421775818,0.2014685422182083,0.37674257159233093,0.3447043001651764,0.011176478117704391,1.0,0.23446014523506165,0.053349523805081844,0.6657534241676331,0.5511601567268372,0.3447043001651764,0.2134036421775818,1.0
1790268692.030775,32.600247621536255,651,0,10,-0.2996169924736023,-0.007403564639389515,0.14842917025089264,0.10217384248971939,0.31902068853378296,0.012338790111243725,1.0,14,-0.1856689453125,0.0400652214884758,0.07297511398792267,0.15756763517856598,0.22564294934272766,0.014607852324843407,1.0,30,0.00653025321662426,0.2122650146484375,0.1688266098499298,0.28803256154060364,0.2920815348625183,0.013577358797192574,1.0,58,-0.12043315172195435,0.07812263071537018,0.15951867401599884,0.18515951931476593,0.22552114725112915,0.006603156682103872,1.0,0.2723318189382553,0.016330828424543142,0.2920815348625183,0.2122650146484375,0.22552114725112915,0.07812263071537018,1.0
1790268692.0783436,32.64781618118286,652,0,10,-0.4385818541049957,-0.17795562744140625,0.22699618339538574,0.1150311827659607,0.4775484502315521,0.04425554350018501,1.0,14,-0.1423797607421875,-0.05717141181230545,0.09615238755941391,0.10778457671403885,0.2022402137517929,0.06593170017004013,1.0,30,0.12213287502527237,0.08998565375804901,0.17520713806152344,0.17733632028102875,0.23702378571033478,0.008551773615181446,1.0,58,-0.08322038501501083,-0.006746489554643631,0.2281486839056015,0.14868822693824768,0.22604677081108093,0.00724437041208148,1.0,0.3398943319916725,-0.11756351962685585,0.23702378571033478,0.08998565375804901,0.22604677081108093,-0.006746489554643631,1.0
1790268692.1300342,32.699506759643555,653,0,10,-0.24444580078125,-0.21997833251953125,0.19568267464637756,0.13628798723220825,0.344215452671051,0.06743766367435455,1.0,14,0.0800105482339859,-0.13494873046875,0.3688580393791199,0.2846231460571289,0.24859867990016937,0.007596609648317099,1.0,30,0.3446202576160431,0.08730722963809967,0.25085580348968506,0.26930952072143555,0.4211367964744568,0.009510021656751633,1.0,58,0.11862261593341827,-0.028876205906271935,0.23712103068828583,0.1833994835615158,0.25002992153167725,0.008086484856903553,1.0,0.2964070662856102,-0.17746353149414062,0.4211367964744568,0.08730722963809967,0.25002992153167725,-0.028876205906271935,1.0
1790268692.1819289,32.75140142440796,654,0,10,-0.01596221886575222,-0.27467042207717896,0.22144903242588043,0.10805171728134155,0.3381534218788147,0.023287832736968994,1.0,14,0.1015428826212883,-0.18045806884765625,0.25621262192726135,0.16596457362174988,0.23386456072330475,0.004608973860740662,1.0,30,0.7478429079055786,0.162495419383049,0.32208845019340515,0.3540228307247162,0.8166517615318298,0.012536256574094296,1.0,58,0.3689206838607788,-0.03423703834414482,0.37214070558547974,0.27901366353034973,0.47203147411346436,0.008104906417429447,1.0,0.2860089913010597,-0.2275642454624176,0.8166517615318298,0.162495419383049,0.47203147411346436,-0.03423703834414482,1.0
1790268692.229943,32.799415588378906,655,0,10,0.4290786683559418,-0.43164825439453125,0.16644056141376495,0.07443840056657791,0.6239332556724548,0.013180777430534363,1.0,14,0.2580065131187439,-0.22432272136211395,0.23428061604499817,0.1058916226029396,0.3631364405155182,0.007547065615653992,1.0,30,0.9063827395439148,-0.0299835205078125,0.16119658946990967,0.4596688449382782,1.0065414905548096,0.01317905355244875,1.0,58,0.5847420692443848,-0.19951419532299042,0.3261021375656128,0.34367290139198303,0.6956239938735962,0.008622822351753712,1.0,0.4935348480939865,-0.3279854878783226,1.0065414905548096,-0.0299835205078125,0.6956239938735962,-0.19951419532299042,1.0
1790268692.2821429,32.85161542892456,656,0,10,0.6521011590957642,-0.42018890380859375,0.12543199956417084,0.05106549710035324,0.7801510095596313,0.011895920149981976,1.0,14,0.4521942138671875,-0.2708347737789154,0.09517578035593033,0.10096832364797592,0.5374160408973694,0.01811954379081726,1.0,30,0.7902501225471497,-0.06895904242992401,0.2533935606479645,0.49812015891075134,0.9342340230941772,0.02608204260468483,1.0,58,0.6116761565208435,-0.25576362013816833,0.3268130123615265,0.36119344830513,0.7360265851020813,0.009148318320512772,1.0,0.6587835252285004,-0.3455118387937546,0.9342340230941772,-0.06895904242992401,0.7360265851020813,-0.25576362013816833,1.0
1790268692.3301048,32.899577379226685,657,0,10,0.7671111822128296,-0.5951080322265625,0.14140655100345612,0.06058703362941742,0.9739408493041992,0.01422915793955326,1.0,14,0.5870993733406067,-0.4934496283531189,0.2099510133266449,0.10834836959838867,0.7751560211181641,0.020290520042181015,1.0,30,0.7713526487350464,-0.05768025666475296,0.22979052364826202,0.6390868425369263,0.9985408186912537,0.018369289115071297,1.0,58,0.6415587067604065,-0.2626279592514038,0.3270580470561981,0.4426315724849701,0.7965726256370544,0.010318649001419544,1.0,0.8745484352111816,-0.5442788302898407,0.9985408186912537,-0.05768025666475296,0.7965726256370544,-0.2626279592514038,1.0
1790268692.382288,32.9517605304718,658,0,10,0.8002990484237671,-0.5803573727607727,0.05842300131917,0.06465686857700348,0.9900635480880737,0.00552659947425127,1.0,14,0.5435900092124939,-0.3989017903804779,0.11834430694580078,0.09639821201562881,0.6778427958488464,0.019991030916571617,1.0,30,0.4961186647415161,-0.1665033996105194,0.15911957621574402,0.4358159899711609,0.6696298122406006,0.008588086813688278,1.0,58,0.5273679494857788,-0.33959171175956726,0.2680402100086212,0.3384478688240051,0.6866739392280579,0.0066254944540560246,1.0,0.8339531719684601,-0.4896295815706253,0.6696298122406006,-0.1665033996105194,0.6866739392280579,-0.33959171175956726,1.0
1790268692.4341621,33.0036346912384,659,0,10,0.7974609136581421,-0.7165603637695312,0.12492499500513077,0.06678864359855652,1.0750449895858765,0.013483772054314613,1.0,14,0.4819009006023407,-0.4740774929523468,0.1830284595489502,0.15756988525390625,0.6960827112197876,0.02102028951048851,1.0,30,0.6245498657226562,-0.36123961210250854,0.21020165085792542,0.43051519989967346,0.8155882954597473,0.008704801090061665,1.0,58,0.5578431487083435,-0.4223990738391876,0.25434407591819763,0.3579654097557068,0.7462890148162842,0.0070574842393398285,1.0,0.885563850402832,-0.595318928360939,0.8155882954597473,-0.36123961210250854,0.7462890148162842,-0.4223990738391876,1.0
1790268692.48218,33.051652669906616,660,1,10,0.638092041015625,-0.6080108880996704,0.08592995256185532,0.05492383986711502,0.8824027180671692,0.008625267073512077,1.0,14,0.4288787841796875,-0.4054042398929596,0.10743184387683868,0.09495586901903152,0.5945813059806824,0.02724478580057621,1.0,30,0.542645275592804,-0.3920537233352661,0.20744916796684265,0.4796992838382721,0.8194764852523804,0.009169071912765503,1.0,58,0.5336629748344421,-0.44285622239112854,0.23977965116500854,0.3754103183746338,0.7599179744720459,0.006911753211170435,1.0,0.7384920120239258,-0.506707563996315,0.8194764852523804,-0.3920537233352661,0.7599179744720459,-0.44285622239112854,1.0
1790268692.534192,33.10366463661194,661,0,10,0.80682373046875,-0.6685897707939148,0.11584676057100296,0.06649414449930191,1.0497055053710938,0.010524960234761238,1.0,14,0.4898855984210968,-0.6028594970703125,0.1336594820022583,0.20666754245758057,0.7959350943565369,0.0425725057721138,1.0,30,0.6080185174942017,-0.34041035175323486,0.133560448884964,0.3389517664909363,0.7620534896850586,0.00815454963594675,1.0,58,0.5634768009185791,-0.42657116055488586,0.2218567132949829,0.2888004183769226,0.738639771938324,0.0067121307365596294,1.0,0.9228202998638153,-0.6357246339321136,0.7620534896850586,-0.34041035175323486,0.738639771938324,-0.42657116055488586,1.0
1790268692.5822532,33.15172576904297,662,0,10,0.5894882082939148,-0.5276687741279602,0.07612549513578415,0.021924316883087158,0.7926236391067505,0.007042089011520147,1.0,14,0.5484488606452942,-0.45102038979530334,0.09279126673936844,0.12374744564294815,0.7200260758399963,0.022631121799349785,1.0,30,0.6706461310386658,-0.36706745624542236,0.1240968331694603,0.3758123517036438,0.8452678918838501,0.011728977784514427,1.0,58,0.5470854640007019,-0.38947126269340515,0.23246221244335175,0.30508244037628174,0.7191024422645569,0.007507160771638155,1.0,0.7563248574733734,-0.4893445819616318,0.8452678918838501,-0.36706745624542236,0.7191024422645569,-0.38947126269340515,1.0
1790268692.6342165,33.203689098358154,663,0,10,0.5880401730537415,-0.42343443632125854,0.10137031227350235,0.038717325776815414,0.728196918964386,0.004611239768564701,1.0,14,0.3598872721195221,-0.19658443331718445,0.1678805649280548,0.16205532848834991,0.4345758259296417,0.02400091476738453,1.0,30,0.5627919435501099,-0.12947183847427368,0.13759110867977142,0.38930583000183105,0.6844841837882996,0.007705706637352705,1.0,58,0.46159467101097107,-0.26921725273132324,0.22925248742103577,0.24232511222362518,0.5791119337081909,0.005772178992629051,1.0,0.5813863724470139,-0.3100094348192215,0.6844841837882996,-0.12947183847427368,0.5791119337081909,-0.26921725273132324,1.0
1790268692.6862478,33.255720376968384,664,0,10,0.4350265562534332,-0.33636170625686646,0.04056360572576523,0.039634112268686295,0.5514600872993469,0.003654979867860675,1.0,14,0.3149959146976471,-0.2889862060546875,0.06928945332765579,0.14334698021411896,0.43761539459228516,0.02436487190425396,1.0,30,0.3901016116142273,-0.05860951915383339,0.08503846824169159,0.28234612941741943,0.47845423221588135,0.006527627352625132,1.0,58,0.35281503200531006,-0.19103358685970306,0.14004354178905487,0.20171281695365906,0.44466450810432434,0.004265818744897842,1.0,0.49453774094581604,-0.312673956155777,0.47845423221588135,-0.05860951915383339,0.44466450810432434,-0.19103358685970306,1.0
1790268692.7342691,33.303741693496704,665,0,10,0.3630309998989105,-0.23111876845359802,0.07053698599338531,0.026605749502778053,0.4333239495754242,0.00245123403146863,1.0,14,0.2869502604007721,-0.1765245646238327,0.13644489645957947,0.08747279644012451,0.3441772162914276,0.010442479513585567,1.0,30,0.5188568234443665,-0.03247934952378273,0.1391008198261261,0.33901509642601013,0.6057882308959961,0.009440751746296883,1.0,58,0.3330659568309784,-0.1383453905582428,0.19506177306175232,0.20246566832065582,0.4076513350009918,0.0038735989946871996,1.0,0.3887505829334259,-0.20382166653871536,0.6057882308959961,-0.03247934952378273,0.4076513350009918,-0.1383453905582428,1.0
1790268692.7860918,33.35556435585022,666,0,10,0.3749755918979645,-0.19080963730812073,0.10650701075792313,0.057740870863199234,0.4214547276496887,0.0041494546458125114,1.0,14,0.2309810072183609,-0.12916891276836395,0.09494064003229141,0.08695712685585022,0.27903345227241516,0.011527061462402344,1.0,30,0.5303105711936951,-0.07926838845014572,0.12512153387069702,0.3286319077014923,0.627081036567688,0.006831877864897251,1.0,58,0.3632565140724182,-0.1792631447315216,0.20785674452781677,0.22250299155712128,0.456890344619751,0.004096227698028088,1.0,0.35024408996105194,-0.15998927503824234,0.627081036567688,-0.07926838845014572,0.456890344619751,-0.1792631447315216,1.0
1790268692.8340921,33.40356469154358,667,0,10,0.3604187071323395,-0.18649140000343323,0.061115995049476624,0.021358715370297432,0.4071367383003235,0.0027784761041402817,1.0,14,0.0990535169839859,-0.2122737318277359,0.06151222065091133,0.09824559092521667,0.24957431852817535,0.003872882341966033,1.0,30,0.3763885498046875,-0.04753672331571579,0.17336905002593994,0.303435355424881,0.47868314385414124,0.005856261122971773,1.0,58,0.25034043192863464,-0.13009485602378845,0.1664930284023285,0.19303514063358307,0.33741509914398193,0.004499292932450771,1.0,0.3283555284142494,-0.19938256591558456,0.47868314385414124,-0.04753672331571579,0.33741509914398193,-0.13009485602378845,1.0
1790268692.8859496,33.455422163009644,668,0,10,0.3100174069404602,-0.16502685844898224,0.08320846408605576,0.04225454479455948,0.35284361243247986,0.0029173935763537884,1.0,14,0.0917728990316391,-0.1553802490234375,0.06573762744665146,0.03659984841942787,0.18510401248931885,0.004200632683932781,1.0,30,0.22513072192668915,-0.06881561130285263,0.06584692746400833,0.24978867173194885,0.33372652530670166,0.0048084682784974575,1.0,58,0.17816556990146637,-0.14894314110279083,0.12503525614738464,0.17009815573692322,0.2818756103515625,0.0025817423593252897,1.0,0.26897381246089935,-0.16020355373620987,0.33372652530670166,-0.06881561130285263,0.2818756103515625,-0.14894314110279083,1.0
1790268692.938186,33.5076584815979,669,0,10,0.11944885551929474,-0.14306335151195526,0.071078360080719,0.03232875466346741,0.19462254643440247,0.001793041592463851,1.0,14,-0.009532383643090725,-0.12935638427734375,0.07960847020149231,0.05313960090279579,0.1516704261302948,0.005039974581450224,1.0,30,0.06918945163488388,-0.014469400979578495,0.06310151517391205,0.2806369960308075,0.2476372867822647,0.0034325483720749617,1.0,58,0.047400377690792084,-0.09508080035448074,0.07591449469327927,0.17035265266895294,0.1796732097864151,0.0016810322413221002,1.0,0.17314648628234863,-0.1362098678946495,0.2476372867822647,-0.014469400979578495,0.1796732097864151,-0.09508080035448074,1.0
1790268692.9862423,33.55571484565735,670,0,10,0.02646484412252903,-0.10060272365808487,0.038070198148489,0.027155915275216103,0.1106589287519455,0.0020482849795371294,1.0,14,-0.1332157701253891,-0.2092197984457016,0.0782819539308548,0.10302143543958664,0.25934234261512756,0.006893825251609087,1.0,30,-0.02749328687787056,-0.06247660145163536,0.06584470719099045,0.21443511545658112,0.2047942578792572,0.0037132170982658863,1.0,58,-0.03266854211688042,-0.09568865597248077,0.06565039604902267,0.13353073596954346,0.14780959486961365,0.0019328974885866046,1.0,0.18500063568353653,-0.15491126105189323,0.2047942578792572,-0.06247660145163536,0.14780959486961365,-0.09568865597248077,1.0
1790268693.0382318,33.607704401016235,671,0,10,-0.08874358981847763,-0.10579375922679901,0.06707415729761124,0.0277333315461874,0.14519163966178894,0.0020618303678929806,1.0,14,-0.291778564453125,-0.0620792917907238,0.11817622184753418,0.14320053160190582,0.33305197954177856,0.01525307260453701,1.0,30,-0.17054086923599243,-0.09614817053079605,0.09497792273759842,0.20217525959014893,0.27409762144088745,0.004774749744683504,1.0,58,-0.1373688280582428,-0.12269829213619232,0.09643550217151642,0.12966927886009216,0.21112896502017975,0.0027305895928293467,1.0,0.23912180960178375,-0.0839365255087614,0.27409762144088745,-0.09614817053079605,0.21112896502017975,-0.12269829213619232,1.0
1790268693.0861692,33.65564179420471,672,0,10,-0.152903750538826,-0.09954071044921875,0.06171391159296036,0.03437109664082527,0.18386049568653107,0.002048777649179101,1.0,14,-0.3383353054523468,-0.1252419650554657,0.1354697048664093,0.08137503266334534,0.37466904520988464,0.00827950332313776,1.0,30,-0.23768208920955658,-0.14002786576747894,0.08958637714385986,0.19101041555404663,0.3273814022541046,0.00473772082477808,1.0,58,-0.18764574825763702,-0.12745600938796997,0.10670255869626999,0.12486480921506882,0.2459978461265564,0.002375168725848198,1.0,0.27926477044820786,-0.11239133775234222,0.3273814022541046,-0.14002786576747894,0.2459978461265564,-0.12745600938796997,1.0
1790268693.1382425,33.70771503448486,673,0,10,-0.1647598296403885,-0.10777740180492401,0.10901540517807007,0.04987611621618271,0.19875270128250122,0.001997078536078334,1.0,14,-0.1625453382730484,-0.0321284718811512,0.06029964238405228,0.15466541051864624,0.2218853384256363,0.0054860711097717285,1.0,30,-0.21628469228744507,-0.04559529572725296,0.09228302538394928,0.14934657514095306,0.2625802755355835,0.002772486535832286,1.0,58,-0.1604679971933365,-0.07482817769050598,0.10009220242500305,0.10313810408115387,0.19830277562141418,0.0015613097930327058,1.0,0.21031901985406876,-0.0699529368430376,0.2625802755355835,-0.04559529572725296,0.19830277562141418,-0.07482817769050598,1.0
1790268693.1901677,33.75964021682739,674,0,10,-0.11031647026538849,-0.07661743462085724,0.03445041924715042,0.03405136242508888,0.1389230340719223,0.0011413038009777665,1.0,14,-0.2418125718832016,-0.08402033895254135,0.12206625938415527,0.05183284729719162,0.2635452449321747,0.005748233757913113,1.0,30,-0.15768839418888092,-0.10468597710132599,0.0932108610868454,0.16511695086956024,0.24758224189281464,0.0037881149910390377,1.0,58,-0.11310972273349762,-0.11217130720615387,0.08119787275791168,0.12134852260351181,0.18743225932121277,0.0022646989673376083,1.0,0.2012341395020485,-0.0803188867866993,0.24758224189281464,-0.10468597710132599,0.18743225932121277,-0.11217130720615387,1.0
1790268693.238349,33.80782151222229,675,1,10,-0.12494812160730362,-0.16852112114429474,0.04062243178486824,0.03431704640388489,0.21172523498535156,0.0009778958046808839,1.0,14,-0.1683088093996048,-0.1198403462767601,0.05407329276204109,0.10961601138114929,0.22907567024230957,0.0035701810847967863,1.0,30,-0.16044768691062927,-0.21426697075366974,0.09061400592327118,0.18473021686077118,0.29776108264923096,0.0033227887470275164,1.0,58,-0.11968941241502762,-0.17821699380874634,0.10016847401857376,0.14221997559070587,0.2330033928155899,0.002296603284776211,1.0,0.22040045261383057,-0.14418073371052742,0.29776108264923096,-0.21426697075366974,0.2330033928155899,-0.17821699380874634,1.0
1790268693.2903383,33.8598108291626,676,0,10,-0.1546371430158615,-0.18887481093406677,0.05435989052057266,0.02757425792515278,0.24581536650657654,0.0017981382552534342,1.0,14,-0.1891632080078125,-0.13882337510585785,0.06797102838754654,0.09146334230899811,0.24590636789798737,0.005114532075822353,1.0,30,-0.2715774476528168,-0.2957616150379181,0.117570661008358,0.21801741421222687,0.4329593777656555,0.00637194374576211,1.0,58,-0.17567391693592072,-0.2197245955467224,0.15262021124362946,0.16707226634025574,0.30178841948509216,0.0035478121135383844,1.0,0.24586086720228195,-0.1638490930199623,0.4329593777656555,-0.2957616150379181,0.30178841948509216,-0.2197245955467224,1.0
1790268693.3383331,33.90780568122864,677,0,10,-0.2719467282295227,-0.26463013887405396,0.07909529656171799,0.043605051934719086,0.38264915347099304,0.003424576250836253,1.0,14,-0.2892194390296936,-0.1873953640460968,0.16688069701194763,0.17284004390239716,0.3763987720012665,0.017585305497050285,1.0,30,-0.4127309024333954,-0.31182199716567993,0.11247154325246811,0.2029493898153305,0.5505464673042297,0.008426058106124401,1.0,58,-0.2559575140476227,-0.2550851106643677,0.18213704228401184,0.1627834588289261,0.38079744577407837,0.004387539345771074,1.0,0.37952396273612976,-0.22601275146007538,0.5505464673042297,-0.31182199716567993,0.38079744577407837,-0.2550851106643677,1.0
1790268693.3902895,33.95976209640503,678,0,10,-0.24613647162914276,-0.24650268256664276,0.07648946344852448,0.02543634921312332,0.35159751772880554,0.0021212981082499027,1.0,14,-0.2141396701335907,-0.2149178683757782,0.06290172040462494,0.09872322529554367,0.31287193298339844,0.008894920349121094,1.0,30,-0.45591989159584045,-0.28603261709213257,0.12532921135425568,0.19046631455421448,0.574207603931427,0.00455136876553297,1.0,58,-0.26306387782096863,-0.22523629665374756,0.18907296657562256,0.14146466553211212,0.36487963795661926,0.002367164008319378,1.0,0.332234725356102,-0.23071027547121048,0.574207603931427,-0.28603261709213257,0.36487963795661926,-0.22523629665374756,1.0
1790268693.442201,34.01167345046997,679,0,10,-0.2317245453596115,-0.18089905381202698,0.03731747344136238,0.03034903295338154,0.295654833316803,0.002108512446284294,1.0,14,-0.2852674126625061,-0.1427372545003891,0.05927637219429016,0.07502734661102295,0.32656481862068176,0.012214467860758305,1.0,30,-0.38380128145217896,-0.170562744140625,0.07168189436197281,0.14102117717266083,0.43965092301368713,0.0038410956040024757,1.0,58,-0.24086418747901917,-0.1470748633146286,0.15251952409744263,0.10430286824703217,0.2952456772327423,0.0024825320579111576,1.0,0.31110982596874237,-0.16181815415620804,0.43965092301368713,-0.170562744140625,0.2952456772327423,-0.1470748633146286,1.0
1790268693.490016,34.05948853492737,680,0,10,-0.27260130643844604,-0.07533721625804901,0.10170282423496246,0.025008579716086388,0.2842920422554016,0.002288638846948743,1.0,14,-0.3558611273765564,-0.011548723094165325,0.1386827975511551,0.11309321969747543,0.3790587782859802,0.012588835321366787,1.0,30,-0.3916366696357727,-0.0746103897690773,0.1468142867088318,0.13897690176963806,0.42164549231529236,0.004599012900143862,1.0,58,-0.2802621126174927,-0.07344581186771393,0.19031000137329102,0.08581706136465073,0.30059006810188293,0.0031719289254397154,1.0,0.3316754102706909,-0.04344296967610717,0.42164549231529236,-0.0746103897690773,0.30059006810188293,-0.07344581186771393,1.0
1790268693.5420442,34.11151671409607,681,0,10,-0.3306686282157898,-0.0023757934104651213,0.15487375855445862,0.007056489586830139,0.33074578642845154,0.0019312395015731454,1.0,14,-0.3988451361656189,0.16207559406757355,0.1682944893836975,0.2425536811351776,0.5034958124160767,0.01170230470597744,1.0,30,-0.3936416506767273,-0.03545786440372467,0.12552054226398468,0.12499115616083145,0.4154301881790161,0.005236829165369272,1.0,58,-0.298322468996048,-0.0192855317145586,0.17407284677028656,0.07954110950231552,0.31250515580177307,0.003514143405482173,1.0,0.4171207994222641,0.07984990032855421,0.4154301881790161,-0.03545786440372467,0.31250515580177307,-0.0192855317145586,1.0
1790268693.590232,34.1597044467926,682,0,10,-0.4273361265659332,0.02660522423684597,0.033959176391363144,0.0375121533870697,0.4298270344734192,0.0013999025104567409,1.0,14,-0.3151593804359436,-0.05769893154501915,0.09862672537565231,0.11226338893175125,0.33527040481567383,0.010040143504738808,1.0,30,-0.39180654287338257,-0.04997355118393898,0.18003737926483154,0.10263243317604065,0.41025206446647644,0.004989077337086201,1.0,58,-0.34787118434906006,-0.016952119767665863,0.2016245722770691,0.07610474526882172,0.3587164580821991,0.0033822383265942335,1.0,0.3825487196445465,-0.01554685365408659,0.41025206446647644,-0.04997355118393898,0.3587164580821991,-0.016952119767665863,1.0
1790268693.6421614,34.211633920669556,683,0,10,-0.550506591796875,0.04953613132238388,0.06845839321613312,0.020179113373160362,0.5531779527664185,0.0032676502596586943,1.0,14,-0.3856310248374939,0.007663181982934475,0.11289481818675995,0.05943414568901062,0.39164265990257263,0.010897659696638584,1.0,30,-0.4127390682697296,-0.05484212189912796,0.1838264912366867,0.12993685901165009,0.43921390175819397,0.004680686630308628,1.0,58,-0.38909226655960083,0.0040959324687719345,0.22294338047504425,0.09658994525671005,0.405472993850708,0.0033570178784430027,1.0,0.47241030633449554,0.028599656652659178,0.43921390175819397,-0.05484212189912796,0.405472993850708,0.0040959324687719345,1.0
1790268693.6941843,34.26365685462952,684,0,10,-0.44701844453811646,0.0258331298828125,0.0955178365111351,0.008251921273767948,0.4478890895843506,0.003232812974601984,1.0,14,-0.3716103732585907,0.0745762437582016,0.1579078882932663,0.13714416325092316,0.4142424464225769,0.008347892202436924,1.0,30,-0.44750621914863586,-0.02827555313706398,0.15220491588115692,0.07777562737464905,0.45543476939201355,0.004318347200751305,1.0,58,-0.3746300935745239,0.019278427585959435,0.20215609669685364,0.10686109215021133,0.3978404998779297,0.003159344894811511,1.0,0.43106576800346375,0.05020468682050705,0.45543476939201355,-0.02827555313706398,0.3978404998779297,0.019278427585959435,1.0
1790268693.742219,34.31169152259827,685,0,10,-0.46871644258499146,0.04517669603228569,0.064487025141716,0.022741414606571198,0.4713894724845886,0.0015797794330865145,1.0,14,-0.4404231607913971,-0.02071707509458065,0.23083621263504028,0.07321341335773468,0.44974809885025024,0.026172351092100143,1.0,30,-0.4767094850540161,-0.01909383200109005,0.14603681862354279,0.10711441189050674,0.48959288001060486,0.0054575372487306595,1.0,58,-0.37313422560691833,0.03246583789587021,0.20547661185264587,0.09872706979513168,0.3929898738861084,0.0033794534392654896,1.0,0.46056878566741943,0.01222981046885252,0.48959288001060486,-0.01909383200109005,0.3929898738861084,0.03246583789587021,1.0
1790268693.7941246,34.36359715461731,686,0,10,-0.555834949016571,0.04436340183019638,0.14508219063282013,0.021498963236808777,0.5580887794494629,0.0022501773200929165,1.0,14,-0.3277740478515625,0.115478515625,0.08993334323167801,0.1832432597875595,0.39298295974731445,0.025242863222956657,1.0,30,-0.5706654787063599,-0.01142018660902977,0.14608019590377808,0.08198908716440201,0.577195942401886,0.006442931946367025,1.0,58,-0.42442190647125244,0.04576913267374039,0.23613454401493073,0.11267717182636261,0.4502575397491455,0.004054408986121416,1.0,0.47553586959838867,0.07992095872759819,0.577195942401886,-0.01142018660902977,0.4502575397491455,0.04576913267374039,1.0
1790268693.8421242,34.41159677505493,687,0,10,-0.525482177734375,0.07113494724035263,0.04455210268497467,0.03762189671397209,0.5313795804977417,0.002546693431213498,1.0,14,-0.3256814181804657,0.08276911824941635,0.15203280746936798,0.16509903967380524,0.38898032903671265,0.023609712719917297,1.0,30,-0.6589019894599915,-0.00038909912109375,0.16922274231910706,0.07992656528949738,0.6646988391876221,0.006403543055057526,1.0,58,-0.47360649704933167,0.057306092232465744,0.2653549611568451,0.11844911426305771,0.5037583708763123,0.003708228236064315,1.0,0.4601799547672272,0.07695203274488449,0.6646988391876221,-0.00038909912109375,0.5037583708763123,0.057306092232465744,1.0
1790268693.8942838,34.46375632286072,688,0,10,-0.631512463092804,0.08371124416589737,0.08613114058971405,0.02555965445935726,0.6374077796936035,0.0018487051129341125,1.0,14,-0.3224094808101654,0.010615757666528225,0.16076643764972687,0.08654514700174332,0.3367292284965515,0.008267696015536785,1.0,30,-0.652587354183197,0.0050033568404614925,0.12738452851772308,0.09489236027002335,0.6599051356315613,0.005858111660927534,1.0,58,-0.484880656003952,0.06847197562456131,0.2748313248157501,0.13173718750476837,0.5202738046646118,0.004877034574747086,1.0,0.4870685040950775,0.0471635009162128,0.6599051356315613,0.0050033568404614925,0.5202738046646118,0.06847197562456131,1.0
1790268693.946248,34.51572060585022,689,0,10,-0.5356796383857727,0.05750884860754013,0.08690125495195389,0.022523628547787666,0.5390945076942444,0.001876557944342494,1.0,14,-0.318359375,0.06305258721113205,0.14262284338474274,0.09944150596857071,0.3488418459892273,0.020023491233587265,1.0,30,-0.626209020614624,0.01901041716337204,0.16154251992702484,0.0903904065489769,0.6349638104438782,0.005101717542856932,1.0,58,-0.4677800238132477,0.056241001933813095,0.26894867420196533,0.11423598974943161,0.5043540596961975,0.0041344054043293,1.0,0.44396817684173584,0.06028071790933609,0.6349638104438782,0.01901041716337204,0.5043540596961975,0.056241001933813095,1.0
1790268693.9941492,34.56362175941467,690,1,10,-0.6737030148506165,0.05217285081744194,0.09086963534355164,0.04714207723736763,0.6771475076675415,0.0033868602477014065,1.0,14,-0.4337158203125,0.0230396818369627,0.18958483636379242,0.051987044513225555,0.4390336573123932,0.019580405205488205,1.0,30,-0.6486648321151733,0.02687174454331398,0.12859082221984863,0.08270663022994995,0.6548334360122681,0.004680932499468327,1.0,58,-0.501591145992279,0.05327237769961357,0.2684478163719177,0.12274026870727539,0.5340142250061035,0.0046414840035140514,1.0,0.5580905824899673,0.03760626632720232,0.6548334360122681,0.02687174454331398,0.5340142250061035,0.05327237769961357,1.0
1790268694.046122,34.61559462547302,691,0,10,-0.6084305047988892,-0.06105346605181694,0.05014140531420708,0.01954554207623005,0.611676812171936,0.0024185958318412304,1.0,14,-0.5709403157234192,-0.00830841064453125,0.23910491168498993,0.12507230043411255,0.5906471014022827,0.021567920222878456,1.0,30,-0.8229090571403503,-0.0195948276668787,0.1753656566143036,0.10082532465457916,0.8294500708580017,0.005458574276417494,1.0,58,-0.6277831792831421,0.014258023351430893,0.34165462851524353,0.149101123213768,0.6646711826324463,0.004617161583155394,1.0,0.6011619567871094,-0.034680938348174095,0.8294500708580017,-0.0195948276668787,0.6646711826324463,0.014258023351430893,1.0
1790268694.093962,34.66343450546265,692,0,10,-0.9284271001815796,-0.02081756666302681,0.16901831328868866,0.05934365838766098,0.9310038685798645,0.002314953366294503,1.0,14,-0.5231803059577942,-0.0372663214802742,0.3361934721469879,0.068003349006176,0.5327633023262024,0.014334757812321186,1.0,30,-0.8742660284042358,0.07652689516544342,0.13186080753803253,0.15349677205085754,0.8921496868133545,0.006434088572859764,1.0,58,-0.6673586368560791,0.03523885831236839,0.3527495563030243,0.14202475547790527,0.7055992484092712,0.004920991137623787,1.0,0.7318835854530334,-0.029041944071650505,0.8921496868133545,0.07652689516544342,0.7055992484092712,0.03523885831236839,1.0
1790268694.1461291,34.715601682662964,693,0,10,-0.7282180786132812,-0.06541900336742401,0.09685679525136948,0.02873176522552967,0.7315942049026489,0.004329443909227848,1.0,14,-0.6131962537765503,-0.07733698934316635,0.1695016622543335,0.07394584268331528,0.622304379940033,0.012774228118360043,1.0,30,-0.7977671027183533,0.00541636161506176,0.18157319724559784,0.0879577174782753,0.8031853437423706,0.0056069898419082165,1.0,58,-0.6386550664901733,0.011084326542913914,0.3294091522693634,0.16304853558540344,0.6751055717468262,0.0050696986727416515,1.0,0.6769492924213409,-0.07137799635529518,0.8031853437423706,0.00541636161506176,0.6751055717468262,0.011084326542913914,1.0
1790268694.1983578,34.76783037185669,694,0,10,-0.7050735354423523,-0.02269744873046875,0.10923939943313599,0.03722505643963814,0.7065646648406982,0.004585613962262869,1.0,14,-0.5018397569656372,-0.0515332892537117,0.35314610600471497,0.11929531395435333,0.5345672965049744,0.02194690704345703,1.0,30,-0.6941869258880615,0.02844034880399704,0.1716342568397522,0.09345944225788116,0.7026771306991577,0.0054853823967278,1.0,58,-0.5524265766143799,0.02060765214264393,0.28554800152778625,0.13251174986362457,0.5863222479820251,0.00474916584789753,1.0,0.6205659806728363,-0.037115368992090225,0.7026771306991577,0.02844034880399704,0.5863222479820251,0.02060765214264393,1.0
1790268694.2462654,34.81573796272278,695,0,10,-0.7428131103515625,-0.0354766845703125,0.06064159423112869,0.016865896061062813,0.7439082860946655,0.00224083149805665,1.0,14,-0.5189165472984314,-0.0801587775349617,0.12266091257333755,0.10409440100193024,0.5349447727203369,0.010069014504551888,1.0,30,-0.7054341435432434,0.04968566820025444,0.12032458931207657,0.13652321696281433,0.7217167019844055,0.006907484494149685,1.0,58,-0.5995615124702454,0.030812887474894524,0.2761935889720917,0.13631273806095123,0.625795841217041,0.0059194257482886314,1.0,0.6394265294075012,-0.0578177310526371,0.7217167019844055,0.04968566820025444,0.625795841217041,0.030812887474894524,1.0
1790268694.2982552,34.867727756500244,696,0,10,-0.7107498049736023,0.06567993015050888,0.11852679401636124,0.03690776601433754,0.7148029208183289,0.0033487521577626467,1.0,14,-0.5585414171218872,0.05388423427939415,0.2105564922094345,0.1406073123216629,0.5855522155761719,0.005728732794523239,1.0,30,-0.8358281254768372,0.04808247834444046,0.1246025562286377,0.1156572699546814,0.844573974609375,0.005874712485820055,1.0,58,-0.6389415264129639,0.07386766374111176,0.3069166839122772,0.13665960729122162,0.6718995571136475,0.0051221419125795364,1.0,0.6501775681972504,0.059782082214951515,0.844573974609375,0.04808247834444046,0.6718995571136475,0.07386766374111176,1.0
1790268694.3461084,34.9155809879303,697,0,10,-0.4413085877895355,0.23511657118797302,0.23086276650428772,0.17374278604984283,0.5572319626808167,0.03855690360069275,1.0,14,-0.8757694959640503,-0.007693699561059475,0.6219322681427002,0.256473183631897,0.9019943475723267,0.01708954945206642,1.0,30,-0.8279627561569214,-0.04749196395277977,0.1329943835735321,0.08978798985481262,0.8345521092414856,0.005791854579001665,1.0,58,-0.6375442743301392,0.03054165095090866,0.31418168544769287,0.1388484239578247,0.6680862903594971,0.007404441945254803,1.0,0.7296131551265717,0.11371143581345677,0.8345521092414856,-0.04749196395277977,0.6680862903594971,0.03054165095090866,1.0
1790268694.398178,34.96765065193176,698,0,10,-0.33727723360061646,0.3076309263706207,0.2559296190738678,0.20506420731544495,0.5287688970565796,0.07234876602888107,1.0,14,-0.6438336968421936,0.034423828125,0.3663182556629181,0.16389279067516327,0.6732053160667419,0.03613334521651268,1.0,30,-0.6623880863189697,0.0165227260440588,0.1660805344581604,0.07499836385250092,0.6671510338783264,0.004314414691179991,1.0,58,-0.5524226427078247,0.05949151888489723,0.28118306398391724,0.14777341485023499,0.5869603157043457,0.008330490440130234,1.0,0.6009871065616608,0.17102737724781036,0.6671510338783264,0.0165227260440588,0.5869603157043457,0.05949151888489723,1.0
1790268694.4501524,35.01962494850159,699,0,10,-0.5571548342704773,0.1951553374528885,0.1420591175556183,0.07570040225982666,0.5975784063339233,0.01484517939388752,1.0,14,-0.3848026692867279,-0.0269317626953125,0.1351696401834488,0.0829489454627037,0.39550939202308655,0.011232280172407627,1.0,30,-0.5625528693199158,0.06728413701057434,0.12113723903894424,0.10014373064041138,0.5771933197975159,0.0060042161494493484,1.0,58,-0.5070343017578125,0.08952450007200241,0.1991535723209381,0.11153025925159454,0.5301258563995361,0.005161111243069172,1.0,0.49654389917850494,0.084111787378788,0.5771933197975159,0.06728413701057434,0.5301258563995361,0.08952450007200241,1.0
1790268694.498276,35.06774854660034,700,0,10,-0.8081619143486023,0.30043792724609375,0.05771913006901741,0.04966313764452934,0.8645398020744324,0.004809105768799782,1.0,14,-0.4622868001461029,0.06996917724609375,0.17124059796333313,0.09194235503673553,0.474121630191803,0.030031025409698486,1.0,30,-0.6419194340705872,0.33342692255973816,0.1448906809091568,0.1527891457080841,0.7430833578109741,0.006372255273163319,1.0,58,-0.6233683824539185,0.24623726308345795,0.2573379874229431,0.18741576373577118,0.700132429599762,0.005240174941718578,1.0,0.6693307161331177,0.18520355224609375,0.7430833578109741,0.33342692255973816,0.700132429599762,0.24623726308345795,1.0
1790268694.5501845,35.119657039642334,701,0,10,-0.923480212688446,0.6080886721611023,0.13294543325901031,0.03637455031275749,1.1098960638046265,0.004334430210292339,1.0,14,-0.4350149929523468,0.30168914794921875,0.1381545215845108,0.09110061079263687,0.5430466532707214,0.02302202768623829,1.0,30,-0.643311083316803,0.6573496460914612,0.11717022210359573,0.15247072279453278,0.9282485842704773,0.009386825375258923,1.0,58,-0.6266903281211853,0.4934418797492981,0.24553509056568146,0.25819098949432373,0.8266183137893677,0.007051944732666016,1.0,0.826471358537674,0.4548889100551605,0.9282485842704773,0.6573496460914612,0.8266183137893677,0.4934418797492981,1.0
1790268694.5982711,35.16774368286133,702,0,10,-0.8540130853652954,0.9541336297988892,0.09842466562986374,0.03946077451109886,1.2823593616485596,0.004908156115561724,1.0,14,-0.6565987467765808,0.48996517062187195,0.23467282950878143,0.2169666439294815,0.8255437612533569,0.02466004155576229,1.0,30,-0.7198511958122253,0.9241770505905151,0.09735153615474701,0.1254342943429947,1.1732871532440186,0.007932276464998722,1.0,58,-0.6980109214782715,0.7067354321479797,0.2865263521671295,0.34333354234695435,1.0188493728637695,0.006489369552582502,1.0,1.0539515614509583,0.7220494002103806,1.1732871532440186,0.9241770505905151,1.0188493728637695,0.7067354321479797,1.0
1790268694.6502225,35.21969509124756,703,0,10,-0.9616745114326477,0.9118698239326477,0.09370986372232437,0.04833522066473961,1.3279664516448975,0.011526734568178654,1.0,14,-0.7752249836921692,0.7377373576164246,0.36751091480255127,0.2619153559207916,1.07390558719635,0.025279438123106956,1.0,30,-0.6527653932571411,0.8489664793014526,0.24370712041854858,0.23373888432979584,1.0905563831329346,0.009093050844967365,1.0,58,-0.6875202655792236,0.7268013954162598,0.31584638357162476,0.34912100434303284,1.029170036315918,0.0064009507186710835,1.0,1.2009360194206238,0.8248035907745361,1.0905563831329346,0.8489664793014526,1.029170036315918,0.7268013954162598,1.0
1790268694.7018206,35.27129316329956,704,0,10,-0.8560806512832642,0.962109386920929,0.053315408527851105,0.06251535564661026,1.2883845567703247,0.01023802813142538,1.0,14,-0.6200910210609436,0.6845659613609314,0.24966949224472046,0.19544650614261627,0.9429418444633484,0.04117875546216965,1.0,30,-0.5015782713890076,0.536602795124054,0.31832683086395264,0.4734540283679962,0.8291674852371216,0.01633244939148426,1.0,58,-0.5592264533042908,0.5522984266281128,0.36619138717651367,0.4574112594127655,0.8378833532333374,0.010317111387848854,1.0,1.1156632006168365,0.8233376741409302,0.8291674852371216,0.536602795124054,0.8378833532333374,0.5522984266281128,1.0
1790268694.7499774,35.31944990158081,705,1,10,-0.527514636516571,0.8380691409111023,0.10050000250339508,0.06331607699394226,0.9944589734077454,0.008061625063419342,1.0,14,-0.5131857991218567,0.6597039103507996,0.24584205448627472,0.3663240671157837,0.8541736006736755,0.022893110290169716,1.0,30,-0.8329859375953674,-0.38393503427505493,0.4884367883205414,1.3742753267288208,1.3807849884033203,0.047301020473241806,1.0,58,-0.49522557854652405,0.1528521627187729,0.43753793835639954,0.8906509280204773,0.8325501680374146,0.024796664714813232,1.0,0.9243162870407104,0.7488865256309509,1.3807849884033203,-0.38393503427505493,0.8325501680374146,0.1528521627187729,1.0
1790268694.8021166,35.37158918380737,706,0,10,-0.3643386960029602,0.23412780463695526,0.132686585187912,0.0939243882894516,0.43555599451065063,0.0047463467344641685,1.0,14,-0.1712472140789032,0.1973637193441391,0.10405461490154266,0.1822136640548706,0.32425636053085327,0.03643331676721573,1.0,30,-0.5983057618141174,-0.03566843643784523,0.2201327532529831,0.3262469470500946,0.6890891194343567,0.010149464942514896,1.0,58,-0.37621569633483887,0.07836821675300598,0.26964271068573,0.2367512285709381,0.45699256658554077,0.006921300198882818,1.0,0.37990617752075195,0.21574576199054718,0.6890891194343567,-0.03566843643784523,0.45699256658554077,0.07836821675300598,1.0
1790268694.8504195,35.41989207267761,707,0,10,-0.17145080864429474,0.18757477402687073,0.05780843272805214,0.02345235086977482,0.25787660479545593,0.0021308844443410635,1.0,14,-0.1780766099691391,0.27787235379219055,0.0817166417837143,0.07899376004934311,0.3438962399959564,0.007362007163465023,1.0,30,-0.11196339875459671,-0.007518514059484005,0.08911802619695663,0.1204303428530693,0.16710548102855682,0.002867479808628559,1.0,58,-0.1031402051448822,0.0565306581556797,0.09004691988229752,0.10297483205795288,0.15553201735019684,0.0018402646528556943,1.0,0.3008864223957062,0.23272356390953064,0.16710548102855682,-0.007518514059484005,0.15553201735019684,0.0565306581556797,1.0
1790268694.9022522,35.47172474861145,708,0,10,-0.08637084811925888,0.1411392241716385,0.02591669000685215,0.016878116875886917,0.1665133237838745,0.0012837046524509788,1.0,14,-0.1079559326171875,0.10177721083164215,0.05159130319952965,0.12047041952610016,0.18112538754940033,0.005396609660238028,1.0,30,-0.06082865223288536,-0.06190948560833931,0.07764660567045212,0.15058760344982147,0.1511431634426117,0.0035657191183418036,1.0,58,-0.05884131044149399,0.021357305347919464,0.0638592392206192,0.1198839545249939,0.12204107642173767,0.0015229203272610903,1.0,0.17381935566663742,0.12145821750164032,0.1511431634426117,-0.06190948560833931,0.12204107642173767,0.021357305347919464,1.0
1790268694.953758,35.52323055267334,709,0,10,-0.19863128662109375,0.15839996933937073,0.0734739899635315,0.023864928632974625,0.26359620690345764,0.0010536974295973778,1.0,14,-0.1202109232544899,0.1755305677652359,0.062218546867370605,0.05171511694788933,0.2222970575094223,0.006225722376257181,1.0,30,-0.13401183485984802,-0.13463999330997467,0.06585693359375,0.2532317042350769,0.25964200496673584,0.004104337655007839,1.0,58,-0.10501887649297714,0.009326672181487083,0.08809204399585724,0.17109282314777374,0.18230770528316498,0.002265434479340911,1.0,0.24294663220643997,0.16696526855230331,0.25964200496673584,-0.13463999330997467,0.18230770528316498,0.009326672181487083,1.0
1790268695.0021675,35.57164001464844,710,0,10,-0.11388244479894638,0.18770751357078552,0.0455193892121315,0.04125057905912399,0.22409391403198242,0.0025597545318305492,1.0,14,-0.1616799533367157,0.1926836222410202,0.039931125938892365,0.10911180824041367,0.2660381495952606,0.004623091779649258,1.0,30,-0.370382696390152,-0.22860056161880493,0.17417553067207336,0.4164421558380127,0.5197330117225647,0.008532887324690819,1.0,58,-0.20339570939540863,-0.017500121146440506,0.16611792147159576,0.23728127777576447,0.2770482301712036,0.004223819822072983,1.0,0.24506603181362152,0.19019556790590286,0.5197330117225647,-0.22860056161880493,0.2770482301712036,-0.017500121146440506,1.0
1790268695.054209,35.62368154525757,711,0,10,-0.15939179062843323,0.287191778421402,0.05364157631993294,0.029497066512703896,0.33369654417037964,0.0019676699303090572,1.0,14,-0.137664794921875,0.14203643798828125,0.09864501655101776,0.052778732031583786,0.2145216464996338,0.009391972795128822,1.0,30,-0.3859924376010895,-0.2991348206996918,0.249574676156044,0.49705395102500916,0.5588769316673279,0.009610624052584171,1.0,58,-0.20585684478282928,-0.004652220755815506,0.204230397939682,0.3128248155117035,0.308506041765213,0.004322811961174011,1.0,0.2741090953350067,0.2146141082048416,0.5588769316673279,-0.2991348206996918,0.308506041765213,-0.004652220755815506,1.0
1790268695.1021514,35.671623945236206,712,0,10,-0.04758758470416069,0.3583618104457855,0.0267445370554924,0.052946534007787704,0.3623800277709961,0.002830465789884329,1.0,14,-0.1124245747923851,0.1686139851808548,0.03312958776950836,0.08660157769918442,0.2100597321987152,0.004754491616040468,1.0,30,-0.35895639657974243,-0.27322083711624146,0.37597179412841797,0.5310094952583313,0.5466299057006836,0.012453282251954079,1.0,58,-0.1843477487564087,0.036021001636981964,0.2676161229610443,0.3388878405094147,0.32765063643455505,0.006737282499670982,1.0,0.28621987998485565,0.26348789781332016,0.5466299057006836,-0.27322083711624146,0.32765063643455505,0.036021001636981964,1.0
1790268695.154175,35.723647594451904,713,0,10,-0.01867065392434597,0.3117538392543793,0.035269882529973984,0.03823678568005562,0.31412968039512634,0.002703810576349497,1.0,14,-0.0611855648458004,0.1861136257648468,0.043578553944826126,0.05184795334935188,0.19902627170085907,0.003436405910179019,1.0,30,-0.31269583106040955,-0.2266891449689865,0.37549889087677,0.39418381452560425,0.4749440550804138,0.013085774146020412,1.0,58,-0.13746879994869232,0.029029713943600655,0.22454982995986938,0.25940370559692383,0.2781416177749634,0.005436682142317295,1.0,0.2565779760479927,0.24893373250961304,0.4749440550804138,-0.2266891449689865,0.2781416177749634,0.029029713943600655,1.0
1790268695.2062736,35.77574610710144,714,0,10,0.12267608940601349,0.5079544186592102,0.06708766520023346,0.03087424486875534,0.5267990827560425,0.0019743868615478277,1.0,14,0.02459280751645565,0.15446363389492035,0.08436837792396545,0.09902849048376083,0.17806698381900787,0.004287338815629482,1.0,30,-0.07475636899471283,-0.0108184814453125,0.30435726046562195,0.28352421522140503,0.3406350016593933,0.007100418675690889,1.0,58,-0.009183160029351711,0.15819641947746277,0.20065972208976746,0.24851147830486298,0.2969784140586853,0.004335129167884588,1.0,0.3524330332875252,0.3312090262770653,0.3406350016593933,-0.0108184814453125,0.2969784140586853,0.15819641947746277,1.0
1790268695.2542095,35.82368206977844,715,0,10,0.168121337890625,0.4080947935581207,0.07655259221792221,0.05726560205221176,0.4489472508430481,0.0021915254183113575,1.0,14,0.0435115285217762,0.1574903279542923,0.07450132071971893,0.1194610595703125,0.17917272448539734,0.005031811539083719,1.0,30,0.06713663786649704,0.07814178615808487,0.41443726420402527,0.2539252042770386,0.4375636875629425,0.011425331234931946,1.0,58,0.08961723744869232,0.16717003285884857,0.2639316916465759,0.18779921531677246,0.32689374685287476,0.0042812456376850605,1.0,0.3140599876642227,0.2827925607562065,0.4375636875629425,0.07814178615808487,0.32689374685287476,0.16717003285884857,1.0
1790268695.306128,35.87560057640076,716,0,10,0.28343963623046875,0.4418350160121918,0.13248521089553833,0.035640899091959,0.5349884033203125,0.002838331740349531,1.0,14,0.1568821519613266,0.20548465847969055,0.09886377304792404,0.06610216200351715,0.26460662484169006,0.0069541833363473415,1.0,30,0.09484913945198059,0.14630737900733948,0.5392332673072815,0.3757913410663605,0.584919273853302,0.019329259172081947,1.0,58,0.15083549916744232,0.24016571044921875,0.30534037947654724,0.2823212444782257,0.42732107639312744,0.008724207058548927,1.0,0.3997975140810013,0.32365983724594116,0.584919273853302,0.14630737900733948,0.42732107639312744,0.24016571044921875,1.0
1790268695.354079,35.92355155944824,717,0,10,0.34752655029296875,0.6292770504951477,0.0880909413099289,0.04936932027339935,0.7251030206680298,0.003383699804544449,1.0,14,0.3358851969242096,0.22513580322265625,0.28372281789779663,0.11280254274606705,0.4220678508281708,0.007072466891258955,1.0,30,0.3480783998966217,0.05820108950138092,0.38499322533607483,0.46592774987220764,0.6291645765304565,0.01920710690319538,1.0,58,0.24667015671730042,0.23793122172355652,0.3144199252128601,0.3413183093070984,0.4860321283340454,0.010934688150882721,1.0,0.5735854357481003,0.427206426858902,0.6291645765304565,0.05820108950138092,0.4860321283340454,0.23793122172355652,1.0
1790268695.406173,35.975645542144775,718,0,10,0.5486587285995483,0.7270416021347046,0.14116741716861725,0.03730984404683113,0.9166316986083984,0.0050548226572573185,1.0,14,0.3710741400718689,0.57568359375,0.13596150279045105,0.2044750154018402,0.6954799294471741,0.02556864731013775,1.0,30,0.6013234257698059,0.04637298732995987,0.25603389739990234,0.556641161441803,0.818645179271698,0.022127414122223854,1.0,58,0.3988679051399231,0.29204532504081726,0.32472366094589233,0.4488406181335449,0.6352772116661072,0.010795396752655506,1.0,0.8060558140277863,0.6513625979423523,0.818645179271698,0.04637298732995987,0.6352772116661072,0.29204532504081726,1.0
1790268695.4583418,36.02781438827515,719,0,10,0.421133428812027,0.5649383664131165,0.14846235513687134,0.03633597120642662,0.7139941453933716,0.00517486734315753,1.0,14,0.3737727701663971,0.4095022976398468,0.11603116244077682,0.30021536350250244,0.5822036862373352,0.028388848528265953,1.0,30,0.6006937623023987,0.008746846579015255,0.27909421920776367,0.5098499655723572,0.7973556518554688,0.010327398777008057,1.0,58,0.42577993869781494,0.23234637081623077,0.32069969177246094,0.4007655382156372,0.6103235483169556,0.007725324481725693,1.0,0.6480989158153534,0.48722033202648163,0.7973556518554688,0.008746846579015255,0.6103235483169556,0.23234637081623077,1.0
1790268695.5063043,36.07577681541443,720,1,10,0.5664459466934204,0.8228393793106079,0.07473460584878922,0.03915219381451607,1.0005327463150024,0.005212963558733463,1.0,14,0.5406886339187622,0.32893481850624084,0.2629125714302063,0.1390255093574524,0.6540504693984985,0.024879414588212967,1.0,30,0.5725560784339905,0.01761678047478199,0.169923797249794,0.47604668140411377,0.7415210008621216,0.012768794782459736,1.0,58,0.3985203802585602,0.27552321553230286,0.2635861933231354,0.4237018823623657,0.6094973087310791,0.007549865636974573,1.0,0.8272916078567505,0.5758870989084244,0.7415210008621216,0.01761678047478199,0.6094973087310791,0.27552321553230286,1.0
1790268695.5583699,36.12784242630005,721,0,10,0.4662338197231293,0.7109435796737671,0.11082903295755386,0.06472547352313995,0.8584264516830444,0.006656557321548462,1.0,14,0.4123622477054596,0.3834555447101593,0.1397497057914734,0.26531150937080383,0.599611222743988,0.023503920063376427,1.0,30,0.7218210697174072,-0.05908609926700592,0.15012124180793762,0.514361560344696,0.8761385083198547,0.012652503326535225,1.0,58,0.46139290928840637,0.23610660433769226,0.3113231658935547,0.4355771839618683,0.6579136252403259,0.00859092827886343,1.0,0.7290188372135162,0.5471995621919632,0.8761385083198547,-0.05908609926700592,0.6579136252403259,0.23610660433769226,1.0
1790268695.6062636,36.17573618888855,722,0,10,0.6280349493026733,0.6519424319267273,0.07596546411514282,0.03331149369478226,0.907680332660675,0.00409169914200902,1.0,14,0.4262281060218811,0.5401502251625061,0.12980499863624573,0.23991608619689941,0.7148764729499817,0.03527291864156723,1.0,30,0.828510046005249,-0.1260528564453125,0.11990131437778473,0.5817978382110596,0.9983425736427307,0.010896822437644005,1.0,58,0.5422424077987671,0.19341883063316345,0.32793766260147095,0.4572980999946594,0.7089921832084656,0.007440973538905382,1.0,0.8112784028053284,0.5960463285446167,0.9983425736427307,-0.1260528564453125,0.7089921832084656,0.19341883063316345,1.0
1790268695.6582248,36.22769737243652,723,0,10,0.7600799798965454,0.6911666989326477,0.1258680522441864,0.06758920848369598,1.028464436531067,0.004622620064765215,1.0,14,0.8999546766281128,0.32154300808906555,0.48331159353256226,0.2868804931640625,1.0089890956878662,0.040226880460977554,1.0,30,0.8570205569267273,-0.18455301225185394,0.15289638936519623,0.5178570747375488,1.0081899166107178,0.015600419603288174,1.0,58,0.612393319606781,0.15932990610599518,0.3424399793148041,0.47124239802360535,0.7696131467819214,0.009995141997933388,1.0,1.0187267661094666,0.5063548535108566,1.0081899166107178,-0.18455301225185394,0.7696131467819214,0.15932990610599518,1.0
1790268695.710143,36.27961564064026,724,0,10,0.94842529296875,0.5018295049667358,0.12065272778272629,0.017396369948983192,1.0750659704208374,0.007854356430470943,1.0,14,0.7858210802078247,0.5586100816726685,0.17311052978038788,0.1725163608789444,0.9778807759284973,0.046753086149692535,1.0,30,0.970379114151001,-0.18426869809627533,0.15904943645000458,0.4165881276130676,1.068067193031311,0.010960564948618412,1.0,58,0.7798225283622742,0.06925096362829208,0.36415308713912964,0.383222758769989,0.8653006553649902,0.008378357626497746,1.0,1.0264733731746674,0.5302197933197021,1.068067193031311,-0.18426869809627533,0.8653006553649902,0.06925096362829208,1.0
1790268695.758277,36.327749490737915,725,0,10,1.132899522781372,0.27281492948532104,0.14198607206344604,0.0570400170981884,1.1680275201797485,0.008262376300990582,1.0,14,1.1332571506500244,0.019317626953125,0.38766562938690186,0.39130711555480957,1.2139756679534912,0.08290040493011475,1.0,30,1.0734766721725464,-0.500885009765625,0.20854626595973969,0.596450686454773,1.2945873737335205,0.01985619030892849,1.0,58,0.9078577160835266,-0.1524810791015625,0.37578368186950684,0.482277512550354,1.022457242012024,0.00891914777457714,1.0,1.1910015940666199,0.14606627821922302,1.2945873737335205,-0.500885009765625,1.022457242012024,-0.1524810791015625,1.0
1790268695.8101523,36.37962484359741,726,0,10,1.3804733753204346,0.0582122802734375,0.16279105842113495,0.0346444770693779,1.3820805549621582,0.004826127551496029,1.0,14,1.1748744249343872,0.03769683837890625,0.4046001434326172,0.2778063118457794,1.2135878801345825,0.06513683497905731,1.0,30,1.4185373783111572,-0.6850423216819763,0.24062177538871765,0.5747985243797302,1.6622543334960938,0.017406923696398735,1.0,58,1.192987084388733,-0.32821154594421387,0.516979455947876,0.4643828272819519,1.3146202564239502,0.013239236548542976,1.0,1.2978342175483704,0.047954559326171875,1.6622543334960938,-0.6850423216819763,1.3146202564239502,-0.32821154594421387,1.0
1790268695.8582454,36.42771792411804,727,0,10,1.576167345046997,-0.15614013373851776,0.2133280634880066,0.11619220674037933,1.5909518003463745,0.008962595835328102,1.0,14,1.1538740396499634,0.03636060282588005,0.2096254825592041,0.24807052314281464,1.1829336881637573,0.06287380307912827,1.0,30,1.3540456295013428,-0.8389073610305786,0.2273738980293274,0.6598482728004456,1.6821995973587036,0.048960547894239426,1.0,58,1.1875028610229492,-0.44152700901031494,0.5291247963905334,0.522434413433075,1.3477628231048584,0.022333776578307152,1.0,1.386942744255066,-0.059889765456318855,1.6821995973587036,-0.8389073610305786,1.3477628231048584,-0.44152700901031494,1.0
1790268695.9102004,36.47967290878296,728,0,10,1.3776458501815796,-0.39900511503219604,0.1296694278717041,0.07848858833312988,1.4386889934539795,0.006257009692490101,1.0,14,1.1162109375,-0.17199598252773285,0.35975903272628784,0.1413939893245697,1.1467796564102173,0.02402445673942566,1.0,30,1.210423231124878,-0.9847264885902405,0.22030214965343475,0.5830951929092407,1.6205413341522217,0.03433941304683685,1.0,58,1.093500018119812,-0.5824766755104065,0.5006036758422852,0.5028602480888367,1.3108421564102173,0.017638223245739937,1.0,1.2927343249320984,-0.28550054877996445,1.6205413341522217,-0.9847264885902405,1.3108421564102173,-0.5824766755104065,1.0
1790268695.9621136,36.53158617019653,729,0,10,1.3830535411834717,-0.6819671392440796,0.13940520584583282,0.08398210257291794,1.5457265377044678,0.005748697556555271,1.0,14,0.8988080620765686,-0.42479923367500305,0.36172905564308167,0.6229317784309387,1.1666879653930664,0.09145113080739975,1.0,30,1.1463699340820312,-1.0197021961212158,0.12156182527542114,0.3641395568847656,1.5637896060943604,0.014630991034209728,1.0,58,1.050995111465454,-0.6505489945411682,0.47974416613578796,0.41568681597709656,1.2923964262008667,0.010104012675583363,1.0,1.356207251548767,-0.5533831864595413,1.5637896060943604,-1.0197021961212158,1.2923964262008667,-0.6505489945411682,1.0
1790268696.0100791,36.579551696777344,730,0,10,1.3023773431777954,-0.7745086550712585,0.09290225803852081,0.06874782592058182,1.5173825025558472,0.006911978125572205,1.0,14,0.9623696208000183,-0.3247745931148529,0.3413386046886444,0.16050514578819275,1.038921594619751,0.017941808328032494,1.0,30,1.196759581565857,-0.9196889400482178,0.21910856664180756,0.30714526772499084,1.5378018617630005,0.016443798318505287,1.0,58,1.0633686780929565,-0.6624203324317932,0.48828160762786865,0.3569067418575287,1.2930495738983154,0.009857048280537128,1.0,1.278152048587799,-0.5496416240930557,1.5378018617630005,-0.9196889400482178,1.2930495738983154,-0.6624203324317932,1.0
1790268696.0622187,36.631691217422485,731,0,10,1.1037276983261108,-0.6322342157363892,0.07748547941446304,0.038015782833099365,1.2734549045562744,0.0046363999135792255,1.0,14,0.8115277886390686,-0.3636518120765686,0.21786625683307648,0.21073131263256073,0.92128986120224,0.02315460331737995,1.0,30,0.9454243779182434,-0.9746764898300171,0.3542332947254181,0.3786998689174652,1.4190404415130615,0.03403938189148903,1.0,58,0.932618260383606,-0.6559935212135315,0.45742562413215637,0.3970240652561188,1.1874114274978638,0.015826018527150154,1.0,1.0973723828792572,-0.4979430139064789,1.4190404415130615,-0.9746764898300171,1.1874114274978638,-0.6559935212135315,1.0
1790268696.110175,36.67964744567871,732,0,10,0.808148205280304,-0.4553665220737457,0.05655208230018616,0.0641871839761734,0.9309142231941223,0.005652780644595623,1.0,14,0.4673897922039032,-0.2021244615316391,0.1933824121952057,0.09822098910808563,0.5297164916992188,0.010584858246147633,1.0,30,0.5840952396392822,-0.7399093508720398,0.43049880862236023,0.38457852602005005,1.0613739490509033,0.0452653132379055,1.0,58,0.636381208896637,-0.49223828315734863,0.3364391326904297,0.34166014194488525,0.8512021899223328,0.017475713044404984,1.0,0.7303153574466705,-0.3287454918026924,1.0613739490509033,-0.7399093508720398,0.8512021899223328,-0.49223828315734863,1.0
1790268696.1621993,36.73167181015015,733,0,10,0.4443679749965668,-0.29832154512405396,0.07659909129142761,0.06074487790465355,0.537544846534729,0.0063002221286296844,1.0,14,0.4382912814617157,-0.21419525146484375,0.33631330728530884,0.099860779941082,0.5222135186195374,0.010861538350582123,1.0,30,0.3281448483467102,-0.9554433226585388,0.4310283064842224,0.5050068497657776,1.1035785675048828,0.05569567158818245,1.0,58,0.3708703815937042,-0.5075531005859375,0.2311388999223709,0.46661892533302307,0.681594967842102,0.017649900168180466,1.0,0.5298791825771332,-0.25625839829444885,1.1035785675048828,-0.9554433226585388,0.681594967842102,-0.5075531005859375,1.0
1790268696.214274,36.78374648094177,734,0,10,0.21865081787109375,-0.3081405758857727,0.07846899330615997,0.059542395174503326,0.3842012584209442,0.004055651370435953,1.0,14,0.1537257581949234,-0.2022923082113266,0.1438567042350769,0.13381217420101166,0.30697399377822876,0.00944164115935564,1.0,30,0.0197016391903162,-1.2401798963546753,0.5960189700126648,0.7794508337974548,1.3428024053573608,0.1332148015499115,1.0,58,0.16629475355148315,-0.5743918418884277,0.22175972163677216,0.6505724191665649,0.6645095348358154,0.04995608329772949,1.0,0.3455876260995865,-0.25521644204854965,1.3428024053573608,-1.2401798963546753,0.6645095348358154,-0.5743918418884277,1.0
1790268696.2621434,36.831615924835205,735,1,10,0.06685028225183487,-0.20877990126609802,0.04272586852312088,0.050079405307769775,0.22230546176433563,0.0025413930416107178,1.0,14,0.0770634263753891,-0.10145677626132965,0.11019428074359894,0.07422775775194168,0.14979107677936554,0.004280977416783571,1.0,30,0.012858073227107525,-1.1232340335845947,0.7352837324142456,0.6678124666213989,1.27031672000885,0.08898565173149109,1.0,58,0.0924437940120697,-0.5182797908782959,0.32939547300338745,0.5672742128372192,0.5994006991386414,0.03190930560231209,1.0,0.18604826927185059,-0.15511833876371384,1.27031672000885,-1.1232340335845947,0.5994006991386414,-0.5182797908782959,1.0
1790268696.3142557,36.88372826576233,736,0,10,-0.070831298828125,-0.21333464980125427,0.06442257016897202,0.06288483738899231,0.23672524094581604,0.002794421510770917,1.0,14,-0.0523768849670887,-0.15869466960430145,0.1722668707370758,0.07822106033563614,0.24527589976787567,0.00518046086654067,1.0,30,-0.08532155305147171,-0.45148059725761414,0.48342424631118774,0.33632129430770874,0.635564923286438,0.04062623903155327,1.0,58,-0.03450591117143631,-0.23935751616954803,0.24614395201206207,0.2524896264076233,0.3085440397262573,0.018264824524521828,1.0,0.24100057035684586,-0.18601465970277786,0.635564923286438,-0.45148059725761414,0.3085440397262573,-0.23935751616954803,1.0
1790268696.3622873,36.93175983428955,737,0,10,-0.15094146132469177,-0.15333709120750427,0.07715852558612823,0.048538561910390854,0.23019692301750183,0.0018526026979088783,1.0,14,-0.1250937283039093,-0.19838497042655945,0.2177623063325882,0.0900559276342392,0.3198210895061493,0.008878332562744617,1.0,30,-0.1313374787569046,0.06765289604663849,0.13576968014240265,0.25208529829978943,0.2553628087043762,0.00849355198442936,1.0,58,-0.10219021141529083,-0.016125382855534554,0.1163211241364479,0.14787344634532928,0.16327014565467834,0.0042144800536334515,1.0,0.27500900626182556,-0.17586103081703186,0.2553628087043762,0.06765289604663849,0.16327014565467834,-0.016125382855534554,1.0
1790268696.414256,36.983728647232056,738,0,10,-0.13286438584327698,-0.09459839016199112,0.024645762518048286,0.05173792317509651,0.17158403992652893,0.0019209703896194696,1.0,14,-0.2577274739742279,-0.12247467041015625,0.08776555955410004,0.03795096278190613,0.2905356287956238,0.007705903146415949,1.0,30,-0.109588623046875,0.13974304497241974,0.06506595015525818,0.11984275281429291,0.21329620480537415,0.004957449156790972,1.0,58,-0.11899224668741226,0.03547273948788643,0.08163385093212128,0.10812869668006897,0.16493664681911469,0.0036680286284536123,1.0,0.23105983436107635,-0.10853653028607368,0.21329620480537415,0.13974304497241974,0.16493664681911469,0.03547273948788643,1.0
1790268696.4662852,37.03575778007507,739,0,10,-0.239654541015625,-0.11487732082605362,0.09120143949985504,0.06884501874446869,0.27779436111450195,0.001511092996224761,1.0,14,-0.1233411505818367,-0.10218702256679535,0.08065753430128098,0.05204971507191658,0.17832614481449127,0.008436071686446667,1.0,30,-0.2664891481399536,0.3378133177757263,0.13758701086044312,0.21035625040531158,0.44649261236190796,0.010450739413499832,1.0,58,-0.20600548386573792,0.13147762417793274,0.13244174420833588,0.20688292384147644,0.2905610203742981,0.004788218066096306,1.0,0.2280602529644966,-0.10853217169642448,0.44649261236190796,0.3378133177757263,0.2905610203742981,0.13147762417793274,1.0
1790268696.5141993,37.0836718082428,740,0,10,-0.29919737577438354,-0.288970947265625,0.09891802817583084,0.057292260229587555,0.4197874069213867,0.007619240786880255,1.0,14,-0.2988259494304657,-0.1443808376789093,0.1464938223361969,0.0936174988746643,0.34131917357444763,0.01278917957097292,1.0,30,-0.3607620298862457,0.221842959523201,0.10609264671802521,0.1285514086484909,0.4434892535209656,0.010843741707503796,1.0,58,-0.2778435945510864,0.0452667772769928,0.14269405603408813,0.18998725712299347,0.3333631753921509,0.005419198889285326,1.0,0.3805532902479172,-0.21667589247226715,0.4434892535209656,0.221842959523201,0.3333631753921509,0.0452667772769928,1.0
1790268696.5660806,37.13555312156677,741,0,10,-0.29800719022750854,-0.2188064604997635,0.11063496023416519,0.08303257077932358,0.3732385039329529,0.007809008006006479,1.0,14,-0.2721230685710907,-0.14552633464336395,0.12682734429836273,0.14174894988536835,0.3464537560939789,0.012387876398861408,1.0,30,-0.831005334854126,0.3259536623954773,0.1938363015651703,0.15637750923633575,0.9076001048088074,0.007782620843499899,1.0,58,-0.5551573634147644,0.0676848292350769,0.3302266299724579,0.23203998804092407,0.6072190403938293,0.005516589619219303,1.0,0.3598461300134659,-0.18216639757156372,0.9076001048088074,0.3259536623954773,0.6072190403938293,0.0676848292350769,1.0
1790268696.6142173,37.18368983268738,742,0,10,-0.7226532101631165,-0.6224151849746704,0.17433495819568634,0.12794719636440277,0.9667790532112122,0.020030871033668518,1.0,14,-0.3231855034828186,-0.3414524495601654,0.21595124900341034,0.24657224118709564,0.49077945947647095,0.02754443697631359,1.0,30,-0.8360992670059204,0.1784062683582306,0.18586377799510956,0.1302097588777542,0.8672747015953064,0.008857437409460545,1.0,58,-0.5990721583366394,-0.04043710604310036,0.32519692182540894,0.27431830763816833,0.6658095717430115,0.006132564041763544,1.0,0.7287792563438416,-0.4819338172674179,0.8672747015953064,0.1784062683582306,0.6658095717430115,-0.04043710604310036,1.0
1790268696.666223,37.235695600509644,743,0,10,-1.0007842779159546,-0.7798126339912415,0.29290810227394104,0.12165619432926178,1.2854645252227783,0.038607630878686905,1.0,14,-0.1710924357175827,-0.5910927653312683,0.2542957663536072,0.32723259925842285,0.6717353463172913,0.05007246136665344,1.0,30,-0.9562047123908997,0.1445368379354477,0.16491493582725525,0.14708584547042847,0.9786497354507446,0.007750609423965216,1.0,58,-0.7081188559532166,-0.07416850328445435,0.41053199768066406,0.3175071179866791,0.795669674873352,0.00850225705653429,1.0,0.9785999357700348,-0.6854526996612549,0.9786497354507446,0.1445368379354477,0.795669674873352,-0.07416850328445435,1.0
1790268696.7183468,37.287819385528564,744,0,10,-0.8794616460800171,-0.9251464605331421,0.3274140954017639,0.11822129040956497,1.308882474899292,0.032834138721227646,1.0,14,-0.5276009440422058,-0.35038867592811584,0.3208918571472168,0.2775900065898895,0.6969749331474304,0.036810021847486496,1.0,30,-1.1770741939544678,0.22021128237247467,0.20492751896381378,0.21616776287555695,1.2187824249267578,0.01120613794773817,1.0,58,-0.7760362029075623,-0.07945672422647476,0.46972042322158813,0.35188788175582886,0.8674964308738708,0.011914382688701153,1.0,1.0029287040233612,-0.637767568230629,1.2187824249267578,0.22021128237247467,0.8674964308738708,-0.07945672422647476,1.0
1790268696.766465,37.3359375,745,0,10,-0.7662689089775085,-0.4995101988315582,0.18600034713745117,0.11876938492059708,0.9241050481796265,0.008602950721979141,1.0,14,-0.4129246175289154,-0.12289537489414215,0.1540769785642624,0.08327176421880722,0.44002440571784973,0.012267225421965122,1.0,30,-1.0586801767349243,0.17421570420265198,0.1032233014702797,0.1807219684123993,1.086915373802185,0.007948559708893299,1.0,58,-0.7415245175361633,-0.018393417820334435,0.3950640559196472,0.2703092396259308,0.8078898787498474,0.0061363112181425095,1.0,0.6820647269487381,-0.3112027868628502,1.086915373802185,0.17421570420265198,0.8078898787498474,-0.018393417820334435,1.0
1790268696.8183,37.38777256011963,746,0,10,-0.7174484133720398,-0.1705474853515625,0.2196282595396042,0.0785800963640213,0.7467079162597656,0.005018501542508602,1.0,14,-0.6520603895187378,-0.12979671359062195,0.21236492693424225,0.07044799625873566,0.670303463935852,0.02919844351708889,1.0,30,-1.0995070934295654,0.3387893736362457,0.17856156826019287,0.15726475417613983,1.1602972745895386,0.008935161866247654,1.0,58,-0.7923446893692017,0.10727638751268387,0.4056667685508728,0.24647444486618042,0.8473605513572693,0.007188762538135052,1.0,0.7085056900978088,-0.15017209947109222,1.1602972745895386,0.3387893736362457,0.8473605513572693,0.10727638751268387,1.0
1790268696.8662896,37.43576216697693,747,0,10,-0.8729842901229858,-0.13780060410499573,0.1796330213546753,0.0542680099606514,0.8866239786148071,0.003768379334360361,1.0,14,-0.4987008273601532,0.0425218865275383,0.27691370248794556,0.2567058503627777,0.5925604104995728,0.020050732418894768,1.0,30,-1.0021519660949707,0.36250609159469604,0.17050239443778992,0.13626019656658173,1.0764026641845703,0.011014902032911777,1.0,58,-0.7762090563774109,0.1513300985097885,0.3798403739929199,0.23980237543582916,0.8376827836036682,0.007510695606470108,1.0,0.7395921945571899,-0.047639358788728714,1.0764026641845703,0.36250609159469604,0.8376827836036682,0.1513300985097885,1.0
1790268696.918367,37.487839460372925,748,0,10,-0.7963470220565796,-0.09584808349609375,0.16966629028320312,0.056669656187295914,0.805709719657898,0.008884279057383537,1.0,14,-0.3963884711265564,0.0209677554666996,0.18417727947235107,0.15846861898899078,0.43689361214637756,0.010013675317168236,1.0,30,-1.117554783821106,0.5364720821380615,0.17693227529525757,0.18386217951774597,1.250002384185791,0.009325893595814705,1.0,58,-0.8130651116371155,0.2364622950553894,0.4046671986579895,0.28064584732055664,0.8916452527046204,0.008576302789151669,1.0,0.6213016659021378,-0.037440164014697075,1.250002384185791,0.5364720821380615,0.8916452527046204,0.2364622950553894,1.0
1790268696.9702585,37.5397310256958,749,0,10,-0.6671249270439148,-0.05433959886431694,0.10454323142766953,0.04540383815765381,0.6712138652801514,0.0026906358543783426,1.0,14,-0.432037353515625,0.09196145087480545,0.2703917920589447,0.08969713002443314,0.4684107303619385,0.015203102491796017,1.0,30,-0.9896509647369385,0.5765055418014526,0.19049030542373657,0.19072753190994263,1.1545675992965698,0.008200406096875668,1.0,58,-0.6757762432098389,0.2793739438056946,0.38713517785072327,0.27045199275016785,0.7780233025550842,0.006458556279540062,1.0,0.5698122978210449,0.018810926005244255,1.1545675992965698,0.5765055418014526,0.7780233025550842,0.2793739438056946,1.0
1790268697.0183442,37.58781671524048,750,1,10,-0.5809219479560852,0.006602478213608265,0.14615298807621002,0.04315449297428131,0.5826190710067749,0.002536433283239603,1.0,14,-0.269775390625,0.1831447035074234,0.22561439871788025,0.1594078093767166,0.40333205461502075,0.013129385188221931,1.0,30,-0.9093149900436401,0.6146194338798523,0.15540583431720734,0.19445298612117767,1.1066954135894775,0.006934942211955786,1.0,58,-0.6204105019569397,0.30672112107276917,0.36933988332748413,0.2845732569694519,0.745733380317688,0.006182488054037094,1.0,0.4929755628108978,0.09487359086051583,1.1066954135894775,0.6146194338798523,0.745733380317688,0.30672112107276917,1.0
1790268697.0701845,37.63965702056885,751,0,10,-0.4323410093784332,0.04494018480181694,0.03580683842301369,0.046429529786109924,0.43690913915634155,0.0025124645326286554,1.0,14,-0.1853092759847641,0.2042258083820343,0.1979590803384781,0.1514100879430771,0.31108468770980835,0.007352451328188181,1.0,30,-0.711993932723999,0.6985870599746704,0.2191614955663681,0.15930838882923126,1.0046628713607788,0.013331170193850994,1.0,58,-0.48460862040519714,0.37308159470558167,0.311250776052475,0.2968730032444,0.6568840146064758,0.007650925777852535,1.0,0.37399691343307495,0.12458299659192562,1.0046628713607788,0.6985870599746704,0.6568840146064758,0.37308159470558167,1.0
1790268697.1184328,37.68790531158447,752,0,10,-0.37901610136032104,0.08671417087316513,0.08295772224664688,0.04843393340706825,0.3909965753555298,0.004829107783734798,1.0,14,-0.1447710245847702,0.23523494601249695,0.1689290702342987,0.10056835412979126,0.32548823952674866,0.010095624253153801,1.0,30,-0.5375753045082092,0.8620508909225464,0.143048495054245,0.16323696076869965,1.0273796319961548,0.010666725225746632,1.0,58,-0.3887184262275696,0.44241437315940857,0.23803246021270752,0.34429609775543213,0.6317868828773499,0.007187522482126951,1.0,0.3582424074411392,0.16097455844283104,1.0273796319961548,0.8620508909225464,0.6317868828773499,0.44241437315940857,1.0
1790268697.1705556,37.74002814292908,753,0,10,-0.211802676320076,0.26764219999313354,0.17825576663017273,0.17463889718055725,0.40549731254577637,0.017041929066181183,1.0,14,-0.2024034708738327,0.3010232150554657,0.23961585760116577,0.18487149477005005,0.4102639853954315,0.007947098463773727,1.0,30,-0.33882954716682434,1.5118728876113892,0.3031511604785919,0.27959954738616943,1.5819785594940186,0.018104257062077522,1.0,58,-0.2362547218799591,0.7304369211196899,0.24618513882160187,0.6410763263702393,0.8228925466537476,0.010487077757716179,1.0,0.40788064897060394,0.2843327075242996,1.5819785594940186,1.5118728876113892,0.8228925466537476,0.7304369211196899,1.0
1790268697.218067,37.7875394821167,754,0,10,0.29606324434280396,1.0722229480743408,0.45229649543762207,0.4040183126926422,1.1708756685256958,0.15825046598911285,1.0,14,-0.3168465793132782,0.5825892686843872,0.37682798504829407,0.3114703893661499,0.7157154083251953,0.08128196746110916,1.0,30,0.08017934113740921,2.595538854598999,0.3148583173751831,0.34899845719337463,2.617527723312378,0.020849615335464478,1.0,58,0.038267992436885834,1.3644391298294067,0.3420577347278595,1.0181702375411987,1.4363815784454346,0.02317313849925995,1.0,0.9432955384254456,0.827406108379364,2.617527723312378,2.595538854598999,1.4363815784454346,1.3644391298294067,1.0
1790268697.270022,37.839494466781616,755,0,10,-0.19009093940258026,0.909283459186554,0.08232475072145462,0.028310628607869148,0.932404637336731,0.011352390982210636,1.0,14,-0.2233210951089859,0.8286198377609253,0.31612950563430786,0.27580931782722473,0.8934324979782104,0.05336924269795418,1.0,30,-0.01700541190803051,1.4986521005630493,0.2338726818561554,0.19421614706516266,1.5186103582382202,0.015606964938342571,1.0,58,-0.041350528597831726,0.9052542448043823,0.24455536901950836,0.5649898648262024,0.9441796541213989,0.008455750532448292,1.0,0.9129185676574707,0.8689516484737396,1.5186103582382202,1.4986521005630493,0.9441796541213989,0.9052542448043823,1.0
1790268697.3222125,37.891685009002686,756,0,10,-0.1428573578596115,0.30383604764938354,0.10689395666122437,0.06865041702985764,0.35043734312057495,0.0034392266534268856,1.0,14,0.1609518826007843,0.4293234646320343,0.1958240419626236,0.20070375502109528,0.49924588203430176,0.017533326521515846,1.0,30,0.2759898006916046,1.408246397972107,0.2124471366405487,0.15717855095863342,1.4504612684249878,0.008568529039621353,1.0,58,0.15725471079349518,0.7705885767936707,0.2365313619375229,0.5487174987792969,0.8238067030906677,0.007007716689258814,1.0,0.42484161257743835,0.3665797561407089,1.4504612684249878,1.408246397972107,0.8238067030906677,0.7705885767936707,1.0
1790268697.3703194,37.9397919178009,757,0,10,-0.18030700087547302,0.140055850148201,0.22403480112552643,0.16393011808395386,0.34966951608657837,0.06974747776985168,1.0,14,0.2674037516117096,0.4360177218914032,0.15156526863574982,0.11476131528615952,0.5288257002830505,0.041458167135715485,1.0,30,0.5383758544921875,0.9507070183753967,0.2466403841972351,0.210121288895607,1.108418583869934,0.008690944872796535,1.0,58,0.2953149080276489,0.5068972110748291,0.3076479136943817,0.4059642553329468,0.6446998119354248,0.00976571999490261,1.0,0.43924760818481445,0.2880367860198021,1.108418583869934,0.9507070183753967,0.6446998119354248,0.5068972110748291,1.0
1790268697.4221768,37.99164938926697,758,0,10,0.02654266357421875,0.03729400783777237,0.262838751077652,0.2007710486650467,0.2884654700756073,0.036878880113363266,1.0,14,0.3819601833820343,0.22760009765625,0.25461944937705994,0.2753963768482208,0.5095098614692688,0.02859126590192318,1.0,30,0.5889933109283447,0.687988817691803,0.2304159700870514,0.18012447655200958,0.9197306036949158,0.007062738295644522,1.0,58,0.4073583781719208,0.3397093117237091,0.27496054768562317,0.3026414215564728,0.5609349012374878,0.008223357610404491,1.0,0.39898766577243805,0.13244705274701118,0.9197306036949158,0.687988817691803,0.5609349012374878,0.3397093117237091,1.0
1790268697.4703414,38.03981399536133,759,0,10,0.16774749755859375,-0.06255340576171875,0.282447874546051,0.1792571097612381,0.35707026720046997,0.027320530265569687,1.0,14,0.3914642333984375,0.15400369465351105,0.3349524736404419,0.25305649638175964,0.47695285081863403,0.023162873461842537,1.0,30,0.6241256594657898,0.6478169560432434,0.29468774795532227,0.3431303799152374,0.9531093835830688,0.03496452048420906,1.0,58,0.493944376707077,0.2670480012893677,0.3041961193084717,0.3594720661640167,0.6283025145530701,0.01704956591129303,1.0,0.417011559009552,0.04572514444589615,0.9531093835830688,0.6478169560432434,0.6283025145530701,0.2670480012893677,1.0
1790268697.5221975,38.09167003631592,760,0,10,0.3553207516670227,-0.11082001030445099,0.2011612057685852,0.11492534726858139,0.4193991720676422,0.012356557883322239,1.0,14,0.4549843966960907,0.02054269053041935,0.12487699836492538,0.12697574496269226,0.4731297492980957,0.017231043428182602,1.0,30,0.7122060060501099,0.46558788418769836,0.7971201539039612,0.912716805934906,1.1602904796600342,0.19476614892482758,1.0,58,0.5408327579498291,0.09809349477291107,0.35301998257637024,0.5903334021568298,0.7204594016075134,0.06949442625045776,1.0,0.44626446068286896,-0.04513865988701582,1.1602904796600342,0.46558788418769836,0.7204594016075134,0.09809349477291107,1.0
1790268697.5742474,38.14371991157532,761,0,10,0.5695708990097046,-0.08786773681640625,0.10993104428052902,0.04647573083639145,0.5788136720657349,0.003677994478493929,1.0,14,0.5343170166015625,0.15232522785663605,0.1919977068901062,0.1984274834394455,0.5830525755882263,0.025378912687301636,1.0,30,0.7321401238441467,-0.08398284763097763,0.4679269790649414,0.3020976185798645,0.7811582684516907,0.039832185953855515,1.0,58,0.515381932258606,-0.09609117358922958,0.24006980657577515,0.18193364143371582,0.5522996783256531,0.014902082271873951,1.0,0.5809331238269806,0.0322287455201149,0.7811582684516907,-0.08398284763097763,0.5522996783256531,-0.09609117358922958,1.0
1790268697.6222699,38.19174242019653,762,0,10,0.6680816411972046,-0.2187149077653885,0.12190573662519455,0.07191424816846848,0.7096577286720276,0.005979534238576889,1.0,14,0.2398049533367157,-0.0165427066385746,0.12105397135019302,0.11990079283714294,0.26934483647346497,0.010025284253060818,1.0,30,1.0989822149276733,-0.3609919250011444,0.46967485547065735,0.14861807227134705,1.1706124544143677,0.023529501631855965,1.0,58,0.7130350470542908,-0.22444573044776917,0.3644334077835083,0.193666473031044,0.7666150331497192,0.013523650355637074,1.0,0.4895012825727463,-0.11762880720198154,1.1706124544143677,-0.3609919250011444,0.7666150331497192,-0.22444573044776917,1.0
1790268697.6742857,38.24375820159912,763,0,10,0.6267593502998352,-0.1720321625471115,0.10542792081832886,0.028492018580436707,0.6520063281059265,0.008387262001633644,1.0,14,0.4305092990398407,-0.2280970960855484,0.12205015122890472,0.2121635377407074,0.527039110660553,0.011300108395516872,1.0,30,1.1529170274734497,-0.20637410879135132,0.5087761878967285,0.22385643422603607,1.2039830684661865,0.021770598366856575,1.0,58,0.7520678043365479,-0.21137501299381256,0.35051462054252625,0.19815190136432648,0.8079994320869446,0.014932583086192608,1.0,0.5895227193832397,-0.20006462931632996,1.2039830684661865,-0.20637410879135132,0.8079994320869446,-0.21137501299381256,1.0
1790268697.7223094,38.29178190231323,764,0,10,0.7554367184638977,-0.439566045999527,0.12452957779169083,0.15294505655765533,0.8823603391647339,0.007992293685674667,1.0,14,0.6554957628250122,-0.16517530381679535,0.30244186520576477,0.19898423552513123,0.6951745748519897,0.01207464188337326,1.0,30,1.1878000497817993,-0.3012181520462036,0.15314143896102905,0.3077083230018616,1.2661552429199219,0.026143666356801987,1.0,58,0.8710364103317261,-0.3242250680923462,0.36702466011047363,0.2735241651535034,0.9649625420570374,0.0148245207965374,1.0,0.7887674570083618,-0.30237067490816116,1.2661552429199219,-0.3012181520462036,0.9649625420570374,-0.3242250680923462,1.0
1790268697.774213,38.34368562698364,765,1,10,0.9465972781181335,-0.5401565432548523,0.11263392865657806,0.058271560817956924,1.094012975692749,0.006981243379414082,1.0,14,0.5979439616203308,-0.25572967529296875,0.20581772923469543,0.15094010531902313,0.6617536544799805,0.014842212200164795,1.0,30,1.1836460828781128,-0.4498545229434967,0.16497913002967834,0.1983579397201538,1.280052900314331,0.015653174370527267,1.0,58,0.9184767603874207,-0.4107568562030792,0.3793724477291107,0.27319005131721497,1.033657431602478,0.012750199064612389,1.0,0.8778833150863647,-0.3979431092739105,1.280052900314331,-0.4498545229434967,1.033657431602478,-0.4107568562030792,1.0
1790268697.82616,38.39563250541687,766,0,10,1.073480248451233,-0.6076980829238892,0.07479309290647507,0.0683300718665123,1.2350035905838013,0.0077630579471588135,1.0,14,0.8113294243812561,-0.6703578233718872,0.2850571572780609,0.23040957748889923,1.0999897718429565,0.018171804025769234,1.0,30,1.2350199222564697,-0.4919235110282898,0.1662266105413437,0.3849983513355255,1.3850948810577393,0.017473792657256126,1.0,58,0.9650613069534302,-0.4813169240951538,0.4017665684223175,0.3520265221595764,1.1187875270843506,0.011268881149590015,1.0,1.167496681213379,-0.6390279531478882,1.3850948810577393,-0.4919235110282898,1.1187875270843506,-0.4813169240951538,1.0
1790268697.873986,38.443458557128906,767,0,10,1.1597152948379517,-0.5407257080078125,0.16408807039260864,0.06734856218099594,1.281424880027771,0.012621651403605938,1.0,14,0.7980608344078064,-0.46344321966171265,0.16913890838623047,0.18361108005046844,0.9382553696632385,0.018206177279353142,1.0,30,1.3009109497070312,-0.5170145630836487,0.12656444311141968,0.2695232331752777,1.418154001235962,0.01272598933428526,1.0,58,1.0345114469528198,-0.4734610319137573,0.4556458592414856,0.3082297742366791,1.165492057800293,0.008850155398249626,1.0,1.1098401248455048,-0.5020844638347626,1.418154001235962,-0.5170145630836487,1.165492057800293,-0.4734610319137573,1.0
1790268697.9262304,38.49570298194885,768,0,10,2.0847060680389404,-0.0034744262229651213,0.949491024017334,0.37636762857437134,2.1254611015319824,0.11171378940343857,1.0,14,0.6250174641609192,-0.44269779324531555,0.6006070375442505,0.40079087018966675,1.0066578388214111,0.0561218298971653,1.0,30,1.2239654064178467,-0.44378307461738586,0.2338966280221939,0.2911287546157837,1.3292089700698853,0.03287605568766594,1.0,58,1.0584440231323242,-0.3972470462322235,0.6516227722167969,0.3202279806137085,1.170885443687439,0.025926999747753143,1.0,1.5660594701766968,-0.22308610973414034,1.3292089700698853,-0.44378307461738586,1.170885443687439,-0.3972470462322235,1.0
1790268697.9743083,38.54378080368042,769,0,10,0.909802258014679,-0.5248581171035767,0.2705457806587219,0.11917559802532196,1.0751018524169922,0.018211808055639267,1.0,14,0.5683811902999878,-0.5825260877609253,0.21061527729034424,0.2275768667459488,0.8447046875953674,0.021272139623761177,1.0,30,1.1131423711776733,-0.4319814145565033,0.165330708026886,0.3011667728424072,1.2221657037734985,0.013477032072842121,1.0,58,0.867066502571106,-0.4273586869239807,0.41103649139404297,0.30892691016197205,0.9992970824241638,0.012317704036831856,1.0,0.9599032700061798,-0.553692102432251,1.2221657037734985,-0.4319814145565033,0.9992970824241638,-0.4273586869239807,1.0
1790268698.0263257,38.59579825401306,770,0,10,1.0512588024139404,-0.7166473269462585,0.15121401846408844,0.05567296966910362,1.2763992547988892,0.007018826901912689,1.0,14,0.5789598822593689,-0.6126055121421814,0.3050778806209564,0.20287293195724487,0.874588131904602,0.033534757792949677,1.0,30,1.0349832773208618,-0.5329177975654602,0.13482634723186493,0.3475019335746765,1.208951473236084,0.010228629224002361,1.0,58,0.7933105230331421,-0.48406508564949036,0.38018158078193665,0.36059051752090454,0.9714852571487427,0.00849092286080122,1.0,1.0754936933517456,-0.66462641954422,1.208951473236084,-0.5329177975654602,0.9714852571487427,-0.48406508564949036,1.0
1790268698.0782657,38.647738218307495,771,0,10,0.7288879156112671,-0.7433395385742188,0.1167907565832138,0.08607257902622223,1.0436415672302246,0.00933741219341755,1.0,14,0.5428532361984253,-0.46457237005233765,0.17131860554218292,0.16552649438381195,0.7202634811401367,0.02274271845817566,1.0,30,0.9908497929573059,-0.2032780945301056,0.3439544141292572,0.6152428984642029,1.1791332960128784,0.02813795953989029,1.0,58,0.7105357646942139,-0.38250482082366943,0.3895145654678345,0.48077404499053955,0.9131239652633667,0.014632191509008408,1.0,0.8819525241851807,-0.6039559543132782,1.1791332960128784,-0.2032780945301056,0.9131239652633667,-0.38250482082366943,1.0
1790268698.1263578,38.69583034515381,772,0,10,0.6543930172920227,-0.5936020016670227,0.06604518741369247,0.06488621979951859,0.8851884603500366,0.008660098537802696,1.0,14,0.4104766845703125,-0.4836011528968811,0.17052997648715973,0.1333017349243164,0.6398097276687622,0.017755284905433655,1.0,30,1.0261927843093872,-0.01259663887321949,0.3052501976490021,0.7257546782493591,1.2352970838546753,0.02257411926984787,1.0,58,0.7071725130081177,-0.2913319766521454,0.37080469727516174,0.5052862167358398,0.8881346583366394,0.011499227024614811,1.0,0.7624990940093994,-0.5386015772819519,1.2352970838546753,-0.01259663887321949,0.8881346583366394,-0.2913319766521454,1.0
1790268698.1783957,38.74786829948425,773,0,10,0.6720641851425171,-0.4955383241176605,0.12828758358955383,0.06324939429759979,0.8388067483901978,0.008920942433178425,1.0,14,0.3416878879070282,-0.2808859646320343,0.1349412351846695,0.13804751634597778,0.46186646819114685,0.012665213085711002,1.0,30,0.6564127802848816,-0.04952291026711464,0.23765447735786438,0.5264409780502319,0.8495473861694336,0.013243221677839756,1.0,58,0.5515633821487427,-0.28608086705207825,0.3008057475090027,0.35673731565475464,0.7054805755615234,0.006562038790434599,1.0,0.6503366082906723,-0.3882121443748474,0.8495473861694336,-0.04952291026711464,0.7054805755615234,-0.28608086705207825,1.0
1790268698.2264035,38.795876026153564,774,0,10,0.5689071416854858,-0.2850021421909332,0.08770113438367844,0.017848599702119827,0.6380642652511597,0.0028125643730163574,1.0,14,0.3048226535320282,-0.28442054986953735,0.11879320442676544,0.08887568861246109,0.42858758568763733,0.0157832782715559,1.0,30,0.5129196047782898,-0.1546228975057602,0.23695644736289978,0.24780824780464172,0.6036251187324524,0.009858638048171997,1.0,58,0.44835031032562256,-0.21051643788814545,0.2831597328186035,0.18173374235630035,0.5325970649719238,0.005552299786359072,1.0,0.5333259254693985,-0.2847113460302353,0.6036251187324524,-0.1546228975057602,0.5325970649719238,-0.21051643788814545,1.0
1790268698.2783773,38.84784984588623,775,0,10,0.4652862548828125,-0.13557739555835724,0.06484094262123108,0.014219416305422783,0.4851014018058777,0.002610233146697283,1.0,14,0.2483171671628952,-0.15896061062812805,0.09172743558883667,0.06274008005857468,0.30621686577796936,0.008617127314209938,1.0,30,0.320639044046402,-0.19094085693359375,0.1854369193315506,0.15909352898597717,0.40487614274024963,0.005250461399555206,1.0,58,0.2877189517021179,-0.17136172950267792,0.20808927714824677,0.14081458747386932,0.3743099570274353,0.003984611481428146,1.0,0.3956591337919235,-0.14726900309324265,0.40487614274024963,-0.19094085693359375,0.3743099570274353,-0.17136172950267792,1.0
1790268698.3302054,38.899677991867065,776,0,10,0.21083220839500427,-0.05066070705652237,0.03892749920487404,0.025710713118314743,0.21942532062530518,0.0025735870003700256,1.0,14,0.1549726277589798,-0.1026480570435524,0.12279166281223297,0.03574059158563614,0.20443345606327057,0.0035128502640873194,1.0,30,0.30329182744026184,-0.07810668647289276,0.13066324591636658,0.1539597511291504,0.35721227526664734,0.006401813589036465,1.0,58,0.23370835185050964,-0.1023162305355072,0.1666005253791809,0.1278725415468216,0.3001510798931122,0.0034482539631426334,1.0,0.21192938834428787,-0.07665438205003738,0.35721227526664734,-0.07810668647289276,0.3001510798931122,-0.1023162305355072,1.0
1790268698.3784666,38.94793915748596,777,0,10,0.2159423828125,-0.04239807277917862,0.0391966886818409,0.014733466319739819,0.22052451968193054,0.0017717148875817657,1.0,14,0.0638667494058609,-0.0883200541138649,0.09264781326055527,0.048821091651916504,0.14839349687099457,0.0038932703901082277,1.0,30,0.2780929505825043,-0.03073527105152607,0.09732266515493393,0.11136163026094437,0.30475568771362305,0.0032501101959496737,1.0,58,0.19799910485744476,-0.08287390321493149,0.1476246565580368,0.1124722808599472,0.2572406828403473,0.002424923237413168,1.0,0.18445900827646255,-0.06535906344652176,0.30475568771362305,-0.03073527105152607,0.2572406828403473,-0.08287390321493149,1.0
1790268698.430097,38.99956965446472,778,0,10,0.09342803806066513,-0.03417053073644638,0.029294591397047043,0.008428232744336128,0.1000480204820633,0.0006387868779711425,1.0,14,0.0338788703083992,-0.07435499131679535,0.09792283177375793,0.033464401960372925,0.12238539010286331,0.0030359849333763123,1.0,30,0.5864186882972717,0.03973083570599556,0.43643856048583984,0.21869151294231415,0.6205472350120544,0.009212653152644634,1.0,58,0.25879642367362976,-0.06224612519145012,0.3270653784275055,0.15983794629573822,0.311185747385025,0.004088603891432285,1.0,0.1112167052924633,-0.054262761026620865,0.6205472350120544,0.03973083570599556,0.311185747385025,-0.06224612519145012,1.0
1790268698.4780433,39.047515869140625,779,0,10,0.05569610744714737,0.05165252834558487,0.03219017758965492,0.011988327838480473,0.07856480777263641,0.0010256471578031778,1.0,14,-0.02976335771381855,0.00795745849609375,0.12099110335111618,0.02465188503265381,0.1174088791012764,0.005015908274799585,1.0,30,0.48249155282974243,0.23953042924404144,0.34449368715286255,0.26727059483528137,0.5491216778755188,0.007841359823942184,1.0,58,0.1936579793691635,0.0662962794303894,0.27970901131629944,0.18687230348587036,0.2562786042690277,0.0038867739494889975,1.0,0.0979868434369564,0.02980499342083931,0.5491216778755188,0.23953042924404144,0.2562786042690277,0.0662962794303894,1.0
1790268698.5300808,39.09955334663391,780,1,10,0.03094940260052681,0.06575775146484375,0.037280213087797165,0.02441660687327385,0.07842443883419037,0.001052411156706512,1.0,14,-0.1548897922039032,-0.0279824398458004,0.15482556819915771,0.10302048176527023,0.18696410953998566,0.004672801587730646,1.0,30,0.1263376921415329,0.1055450439453125,0.07549724727869034,0.09389440715312958,0.1836431473493576,0.0025545142125338316,1.0,58,0.05431234464049339,0.05639621987938881,0.10729460418224335,0.09639693796634674,0.13773095607757568,0.0019613131880760193,1.0,0.132694274187088,0.018887655809521675,0.1836431473493576,0.1055450439453125,0.13773095607757568,0.05639621987938881,1.0
1790268698.582376,39.151848554611206,781,0,10,0.01581268385052681,0.02511444129049778,0.02622557058930397,0.011076534166932106,0.037297915667295456,0.0010473690927028656,1.0,14,-0.1166534423828125,-0.0632672980427742,0.0643908828496933,0.03605227544903755,0.13615120947360992,0.005815424025058746,1.0,30,0.02823994867503643,-0.03064575232565403,0.05886656790971756,0.06390468776226044,0.08810336887836456,0.0006878834683448076,1.0,58,-0.008699088357388973,-0.00774146756157279,0.10056208819150925,0.07441931962966919,0.0925508439540863,0.0008860030211508274,1.0,0.08672456257045269,-0.01907642837613821,0.08810336887836456,-0.03064575232565403,0.0925508439540863,-0.00774146756157279,1.0
1790268698.6302805,39.19975304603577,782,0,10,-0.009463501162827015,-0.04654998704791069,0.05773039162158966,0.028289390727877617,0.070468008518219,0.0009690482984296978,1.0,14,-0.1064060777425766,-0.1295187771320343,0.1186789870262146,0.10111740231513977,0.22285234928131104,0.007046674843877554,1.0,30,-0.01085052452981472,-0.1947016417980194,0.1355322301387787,0.10728957504034042,0.22807393968105316,0.0022484413348138332,1.0,58,-0.02414335124194622,-0.10411479324102402,0.1029757410287857,0.14618748426437378,0.16807270050048828,0.0015882699517533183,1.0,0.14666017889976501,-0.0880343820899725,0.22807393968105316,-0.1947016417980194,0.16807270050048828,-0.10411479324102402,1.0
1790268698.6822083,39.251680850982666,783,0,10,-0.03345184400677681,-0.19000244140625,0.05709462985396385,0.07200133800506592,0.20151886343955994,0.001306320889852941,1.0,14,-0.2931605875492096,-0.49764251708984375,0.11360279470682144,0.11853387951850891,0.5911301970481873,0.010621285066008568,1.0,30,-0.0939178466796875,-0.528655469417572,0.1539410799741745,0.1541648805141449,0.5557581782341003,0.005333352368324995,1.0,58,-0.06906285881996155,-0.287932813167572,0.11575678735971451,0.26972562074661255,0.3443633019924164,0.0030237091705203056,1.0,0.3963245302438736,-0.3438224792480469,0.5557581782341003,-0.528655469417572,0.3443633019924164,-0.287932813167572,1.0
1790268698.7302659,39.29973840713501,784,0,10,-0.03063659742474556,-0.255807489156723,0.03372907266020775,0.06939554959535599,0.26052144169807434,0.003619197756052017,1.0,14,-0.1640516072511673,-0.28816112875938416,0.10735607892274857,0.14682267606258392,0.35700470209121704,0.008637896738946438,1.0,30,-0.08815104514360428,-0.6465510129928589,0.19156497716903687,0.16479501128196716,0.673716127872467,0.00526001350954175,1.0,58,-0.06959007680416107,-0.3370044231414795,0.11733397096395493,0.27243468165397644,0.3810964822769165,0.0032280380837619305,1.0,0.3087630718946457,-0.2719843089580536,0.673716127872467,-0.6465510129928589,0.3810964822769165,-0.3370044231414795,1.0
1790268698.78234,39.35181260108948,785,0,10,-0.04280853271484375,-0.20444336533546448,0.01650995761156082,0.028939595445990562,0.20940609276294708,0.003013273933902383,1.0,14,-0.1293509304523468,-0.27122607827186584,0.04179874062538147,0.07951129227876663,0.30539289116859436,0.001971512334421277,1.0,30,-0.12841084599494934,-0.4692744016647339,0.14142881333827972,0.2279919981956482,0.49701976776123047,0.004330826457589865,1.0,58,-0.0739867091178894,-0.2525824308395386,0.1142013669013977,0.217213973402977,0.29021143913269043,0.002875519683584571,1.0,0.2573994919657707,-0.23783472180366516,0.49701976776123047,-0.4692744016647339,0.29021143913269043,-0.2525824308395386,1.0
1790268698.8342817,39.403754234313965,786,0,10,0.05072326585650444,-0.14730072021484375,0.055305831134319305,0.04392397031188011,0.16240617632865906,0.0009185256203636527,1.0,14,-0.0629730224609375,-0.27318790555000305,0.06837999075651169,0.04778952896595001,0.2880260646343231,0.005440568085759878,1.0,30,-0.05215097963809967,-0.44506072998046875,0.12343190610408783,0.25182870030403137,0.459227055311203,0.004425449762493372,1.0,58,-0.02925662323832512,-0.2173600047826767,0.09114845842123032,0.2128172069787979,0.24756206572055817,0.0025143532548099756,1.0,0.2252161204814911,-0.2102443128824234,0.459227055311203,-0.44506072998046875,0.24756206572055817,-0.2173600047826767,1.0
1790268698.882215,39.4516875743866,787,0,10,0.01877593994140625,-0.03927459567785263,0.025340333580970764,0.0158932376652956,0.05164278298616409,0.0006447691121138632,1.0,14,-0.0528041310608387,-0.15908922255039215,0.05641398951411247,0.059978824108839035,0.17579986155033112,0.002864112611860037,1.0,30,-0.15847066044807434,-0.5011423826217651,0.288306325674057,0.4576791524887085,0.5702754259109497,0.008415601216256618,1.0,58,-0.06682218611240387,-0.18734556436538696,0.20831190049648285,0.34217092394828796,0.2627917230129242,0.003362183691933751,1.0,0.1137213222682476,-0.09918190911412239,0.5702754259109497,-0.5011423826217651,0.2627917230129242,-0.18734556436538696,1.0
1790268698.9342387,39.503711223602295,788,0,10,-0.05044860765337944,0.03583068773150444,0.03393242880702019,0.03772032633423805,0.0677923783659935,0.0018923155730590224,1.0,14,-0.1551535427570343,-0.12431662529706955,0.04488648101687431,0.10861789435148239,0.2144566923379898,0.005757589358836412,1.0,30,-0.2643600404262543,-0.31151479482650757,0.26127156615257263,0.3579171895980835,0.448697566986084,0.006718245800584555,1.0,58,-0.13474300503730774,-0.09388746321201324,0.1896168440580368,0.2646644711494446,0.22354866564273834,0.003161580068990588,1.0,0.14112453535199165,-0.044242968782782555,0.448697566986084,-0.31151479482650757,0.22354866564273834,-0.09388746321201324,1.0
1790268698.9821904,39.55166292190552,789,0,10,-0.45147401094436646,0.21420899033546448,0.08457393199205399,0.08764491975307465,0.5061524510383606,0.008540542796254158,1.0,14,-0.4003797173500061,-0.07765960693359375,0.11125023663043976,0.13884931802749634,0.42387595772743225,0.011404548771679401,1.0,30,-0.17816162109375,-0.197662353515625,0.24412235617637634,0.36819931864738464,0.4217330515384674,0.0064312187023460865,1.0,58,-0.2740660011768341,0.02127285674214363,0.26947250962257385,0.2703491151332855,0.374322772026062,0.003943387418985367,1.0,0.4650142043828964,0.06827469170093536,0.4217330515384674,-0.197662353515625,0.374322772026062,0.02127285674214363,1.0
1790268699.0342746,39.60374712944031,790,0,10,-0.7831466794013977,0.494924932718277,0.139651358127594,0.04383642598986626,0.9305465817451477,0.003975589759647846,1.0,14,-0.4503871500492096,0.07282692939043045,0.13473208248615265,0.08254755288362503,0.46143487095832825,0.011634685099124908,1.0,30,-0.403756707906723,-0.0932159423828125,0.24316194653511047,0.49174046516418457,0.5763834714889526,0.013865703716874123,1.0,58,-0.44069698452949524,0.19281505048274994,0.3837331533432007,0.30697593092918396,0.5593958497047424,0.0066453334875404835,1.0,0.695990726351738,0.2838759310543537,0.5763834714889526,-0.0932159423828125,0.5593958497047424,0.19281505048274994,1.0
1790268699.0859952,39.65546774864197,791,0,10,-0.8528000116348267,0.46933746337890625,0.1335275024175644,0.10166410356760025,0.9778410792350769,0.0032661613076925278,1.0,14,-0.5142277479171753,0.0817217156291008,0.10101072490215302,0.11835886538028717,0.5329984426498413,0.009124665521085262,1.0,30,-0.5643814206123352,-0.11488138884305954,0.24911676347255707,0.5809327960014343,0.7768323421478271,0.016117138788104057,1.0,58,-0.5097895860671997,0.16325509548187256,0.33387842774391174,0.35041099786758423,0.6238315105438232,0.00807862263172865,1.0,0.7554197609424591,0.2755295895040035,0.7768323421478271,-0.11488138884305954,0.6238315105438232,0.16325509548187256,1.0
1790268699.133992,39.70346450805664,792,0,10,-0.708142101764679,0.308767706155777,0.14219580590724945,0.03299330919981003,0.77485191822052,0.002297367434948683,1.0,14,-0.6692788004875183,0.0949118509888649,0.20168361067771912,0.11630265414714813,0.6884250044822693,0.007145504467189312,1.0,30,-0.6851770877838135,-0.3360178768634796,0.27924078702926636,0.5413283109664917,0.8848505616188049,0.014502341859042645,1.0,58,-0.5800031423568726,0.02775205485522747,0.3160988688468933,0.3580739498138428,0.6690551042556763,0.007857352495193481,1.0,0.7316384613513947,0.20183977857232094,0.8848505616188049,-0.3360178768634796,0.6690551042556763,0.02775205485522747,1.0
1790268699.186058,39.75553059577942,793,0,10,-0.725311279296875,0.15323638916015625,0.08889391273260117,0.034081462770700455,0.742621660232544,0.004409303888678551,1.0,14,-0.641754150390625,0.06793539971113205,0.20955073833465576,0.14709003269672394,0.670357882976532,0.020959090441465378,1.0,30,-1.1081089973449707,-0.4714197814464569,0.2999018728733063,0.5779182314872742,1.3042844533920288,0.02171643264591694,1.0,58,-0.7783955335617065,-0.09275317937135696,0.40978461503982544,0.38138243556022644,0.8502114415168762,0.01323792990297079,1.0,0.706489771604538,0.11058589443564415,1.3042844533920288,-0.4714197814464569,0.8502114415168762,-0.09275317937135696,1.0
1790268699.234411,39.80388355255127,794,0,10,-0.9067764282226562,0.17559966444969177,0.07305309921503067,0.03868894651532173,0.9248553514480591,0.0036463667638599873,1.0,14,-0.770416259765625,0.068603515625,0.33043763041496277,0.17288869619369507,0.8031386733055115,0.0141281858086586,1.0,30,-1.2302485704421997,-0.4507898986339569,0.2874508202075958,0.4636920392513275,1.3659108877182007,0.018521197140216827,1.0,58,-0.8706699013710022,-0.08212148398160934,0.4335784614086151,0.356383740901947,0.9337429404258728,0.0131386648863554,1.0,0.8639970123767853,0.12210159003734589,1.3659108877182007,-0.4507898986339569,0.9337429404258728,-0.08212148398160934,1.0
1790268699.2863972,39.85586977005005,795,1,10,-1.0436203479766846,0.17073364555835724,0.14581139385700226,0.02059795707464218,1.0585790872573853,0.006431487388908863,1.0,14,-0.7374137043952942,0.08835601806640625,0.2546222507953644,0.10316046327352524,0.7556243538856506,0.01481618918478489,1.0,30,-1.175146460533142,-0.4743815064430237,0.2790611982345581,0.4497367739677429,1.3219795227050781,0.024763641878962517,1.0,58,-0.928223192691803,-0.0696091502904892,0.435198038816452,0.36809104681015015,0.9931978583335876,0.014949323609471321,1.0,0.9071017205715179,0.12954483181238174,1.3219795227050781,-0.4743815064430237,0.9931978583335876,-0.0696091502904892,1.0
1790268699.3384192,39.90789175033569,796,0,10,-0.9856582880020142,0.268301397562027,0.0978541448712349,0.061530403792858124,1.0244048833847046,0.003522594692185521,1.0,14,-0.6645027995109558,-0.07745034247636795,0.1975599080324173,0.21591205894947052,0.7084361910820007,0.024327797815203667,1.0,30,-0.9851186275482178,-0.19732564687728882,0.24323338270187378,0.2878724932670593,1.0375453233718872,0.021948331966996193,1.0,58,-0.837124764919281,0.08416800945997238,0.39129316806793213,0.27492275834083557,0.886687695980072,0.014073415659368038,1.0,0.8664205372333527,0.09542552754282951,1.0375453233718872,-0.19732564687728882,0.886687695980072,0.08416800945997238,1.0
1790268699.3865669,39.95603942871094,797,0,10,-1.0430831909179688,0.3348190188407898,0.1016361266374588,0.03728198632597923,1.0964314937591553,0.005443514324724674,1.0,14,-0.67694091796875,0.0854644775390625,0.2741685211658478,0.13844962418079376,0.6985173225402832,0.009875317104160786,1.0,30,-0.944152295589447,-0.05642496794462204,0.1490049809217453,0.28469568490982056,0.9842583537101746,0.022209584712982178,1.0,58,-0.8170962929725647,0.1488267332315445,0.33579835295677185,0.25060784816741943,0.8714717626571655,0.012895945459604263,1.0,0.8974744081497192,0.21014174818992615,0.9842583537101746,-0.05642496794462204,0.8714717626571655,0.1488267332315445,1.0
1790268699.4383855,40.00785803794861,798,0,10,-0.8174072504043579,0.2208908051252365,0.07647097855806351,0.026632258668541908,0.8476754426956177,0.0041758171282708645,1.0,14,-0.5398319959640503,0.13832418620586395,0.2238675206899643,0.13018541038036346,0.5817505717277527,0.01982063241302967,1.0,30,-1.0560857057571411,-0.0817311629652977,0.19369395077228546,0.24374955892562866,1.08547842502594,0.01554932352155447,1.0,58,-0.8124058246612549,0.08583752810955048,0.37602418661117554,0.24126765131950378,0.86532062292099,0.011793644167482853,1.0,0.7147130072116852,0.17960749566555023,1.08547842502594,-0.0817311629652977,0.86532062292099,0.08583752810955048,1.0
1790268699.4864275,40.05590009689331,799,0,10,-0.7739486694335938,0.17466430366039276,0.09731456637382507,0.02638840116560459,0.7935464382171631,0.004292774945497513,1.0,14,-0.4724448025226593,-0.01697758212685585,0.22534629702568054,0.09045332670211792,0.4850577414035797,0.005397681146860123,1.0,30,-1.0590367317199707,-0.24060210585594177,0.2793235778808594,0.2877793610095978,1.11968195438385,0.02438708394765854,1.0,58,-0.8077458143234253,0.01361846923828125,0.4018844962120056,0.2707078456878662,0.8620383143424988,0.014860915020108223,1.0,0.6393020898103714,0.07884336076676846,1.11968195438385,-0.24060210585594177,0.8620383143424988,0.01361846923828125,1.0
1790268699.5384138,40.10788631439209,800,0,10,-0.7931991815567017,0.0014450072776526213,0.09342724829912186,0.04491797089576721,0.7945093512535095,0.0035829488188028336,1.0,14,-0.5146920084953308,0.1819392591714859,0.3097348213195801,0.28609126806259155,0.6599982976913452,0.008362668566405773,1.0,30,-1.1357895135879517,-0.5380076169967651,0.17802473902702332,0.29971200227737427,1.2832454442977905,0.01384266559034586,1.0,58,-0.8049314022064209,-0.1989913135766983,0.4038492739200592,0.3110020160675049,0.873197615146637,0.011259813793003559,1.0,0.7272538244724274,0.09169213322456926,1.2832454442977905,-0.5380076169967651,0.873197615146637,-0.1989913135766983,1.0
1790268699.5903726,40.15984511375427,801,0,10,-0.6322540044784546,-0.08187560737133026,0.06708974391222,0.026776602491736412,0.6380093097686768,0.002671213820576668,1.0,14,-0.4271087646484375,-0.15306417644023895,0.25206297636032104,0.18022511899471283,0.4985966086387634,0.017424140125513077,1.0,30,-1.076695203781128,-0.23856201767921448,0.28625813126564026,0.15019425749778748,1.1090413331985474,0.01650947518646717,1.0,58,-0.7313692569732666,-0.15940238535404205,0.46401622891426086,0.20978999137878418,0.7894062399864197,0.012132036499679089,1.0,0.5683029592037201,-0.1174698919057846,1.1090413331985474,-0.23856201767921448,0.7894062399864197,-0.15940238535404205,1.0
1790268699.6383033,40.207775831222534,802,0,10,-0.528424084186554,0.11949920654296875,0.1487331986427307,0.047680821269750595,0.5423498749732971,0.0051720840856432915,1.0,14,-0.2830309271812439,0.1403438001871109,0.2411421537399292,0.10608264803886414,0.3537154495716095,0.008880074135959148,1.0,30,-1.0360926389694214,0.5912744998931885,0.32631364464759827,0.47791051864624023,1.234923243522644,0.06322281807661057,1.0,58,-0.6032604575157166,0.24117305874824524,0.439579576253891,0.4149012267589569,0.716444194316864,0.024056367576122284,1.0,0.4480326622724533,0.12992150336503983,1.234923243522644,0.5912744998931885,0.716444194316864,0.24117305874824524,1.0
1790268699.6903512,40.2598237991333,803,0,10,-0.53411865234375,0.42514801025390625,0.18647503852844238,0.038033951073884964,0.6919616460800171,0.006928933318704367,1.0,14,-0.2396283894777298,0.41894641518592834,0.27846071124076843,0.1741289496421814,0.5187291502952576,0.012349768541753292,1.0,30,-0.8839035034179688,0.6038986444473267,0.147871732711792,0.11809684336185455,1.0750631093978882,0.009594010189175606,1.0,58,-0.5762715935707092,0.4087837338447571,0.35894596576690674,0.3123771548271179,0.7558078169822693,0.008848937228322029,1.0,0.6053453981876373,0.4220472127199173,1.0750631093978882,0.6038986444473267,0.7558078169822693,0.4087837338447571,1.0
1790268699.7380087,40.30748128890991,804,0,10,-0.4965499937534332,0.385244756937027,0.14263853430747986,0.029151108115911484,0.6336542367935181,0.004298761487007141,1.0,14,-0.1815207302570343,0.5616215467453003,0.22204913198947906,0.16991625726222992,0.6148108243942261,0.030017301440238953,1.0,30,-0.8099746704101562,0.2865300476551056,0.24407723546028137,0.38817235827445984,0.9492045640945435,0.026561357080936432,1.0,58,-0.5394513607025146,0.2483951896429062,0.3577350974082947,0.3350541591644287,0.6899394392967224,0.014485368505120277,1.0,0.6242325305938721,0.47343315184116364,0.9492045640945435,0.2865300476551056,0.6899394392967224,0.2483951896429062,1.0
1790268699.7900257,40.359498262405396,805,0,10,-0.1296035796403885,0.3962951600551605,0.21158884465694427,0.22495168447494507,0.4916836619377136,0.04496797174215317,1.0,14,-0.1904275119304657,0.46159252524375916,0.2795281410217285,0.21122930943965912,0.5406650900840759,0.025640523061156273,1.0,30,-0.9427251219749451,-0.2544494569301605,0.44170600175857544,0.49662595987319946,1.0782394409179688,0.048761047422885895,1.0,58,-0.5351633429527283,0.02641691081225872,0.4249575734138489,0.4174475371837616,0.6848423480987549,0.02634151466190815,1.0,0.5161743760108948,0.42894384264945984,1.0782394409179688,-0.2544494569301605,0.6848423480987549,0.02641691081225872,1.0
1790268699.8422043,40.41167688369751,806,0,10,-0.0048675537109375,0.3345626890659332,0.15046899020671844,0.234374538064003,0.37830281257629395,0.0842517763376236,1.0,14,-0.1151776984333992,0.29699817299842834,0.21144409477710724,0.08867752552032471,0.35889101028442383,0.012068009003996849,1.0,30,-0.8647537231445312,-0.5148483514785767,0.3689982295036316,0.5142256617546082,1.08146333694458,0.05856958404183388,1.0,58,-0.46971234679222107,-0.11820904910564423,0.43667593598365784,0.46162503957748413,0.6488381624221802,0.03121771849691868,1.0,0.3685969114303589,0.3157804310321808,1.08146333694458,-0.5148483514785767,0.6488381624221802,-0.11820904910564423,1.0
1790268699.8902943,40.45976686477661,807,0,10,-0.243907168507576,-0.05337066575884819,0.18752923607826233,0.04513857886195183,0.25449681282043457,0.003770138369873166,1.0,14,0.006280081812292337,0.20791080594062805,0.16257163882255554,0.12046721577644348,0.263725608587265,0.006845124065876007,1.0,30,-0.7338266968727112,-0.6928675174713135,0.4494580626487732,0.48595890402793884,1.0560616254806519,0.05473273620009422,1.0,58,-0.3638663589954376,-0.26690804958343506,0.3512006402015686,0.40720853209495544,0.5320972800254822,0.027429331094026566,1.0,0.2591112107038498,0.07727007009088993,1.0560616254806519,-0.6928675174713135,0.5320972800254822,-0.26690804958343506,1.0
1790268699.9422283,40.51170086860657,808,0,10,-0.09348602592945099,-0.19588012993335724,0.03293425962328911,0.08403489738702774,0.21858863532543182,0.002572540193796158,1.0,14,0.083740234375,0.0065362113527953625,0.14936240017414093,0.06902280449867249,0.14971332252025604,0.008143692277371883,1.0,30,-0.38266193866729736,-1.043949842453003,0.42954209446907043,0.40087890625,1.1790363788604736,0.05002725124359131,1.0,58,-0.16746573150157928,-0.43255800008773804,0.25751522183418274,0.4783068001270294,0.5527242422103882,0.02231619693338871,1.0,0.18415097892284393,-0.09467195929028094,1.1790363788604736,-1.043949842453003,0.5527242422103882,-0.43255800008773804,1.0
1790268699.9902985,40.5597710609436,809,0,10,-0.11296539008617401,-0.2580062747001648,0.06143273785710335,0.0719621405005455,0.2897726893424988,0.0020014317706227303,1.0,14,0.2204633504152298,0.1496342271566391,0.22213515639305115,0.3242685794830322,0.3529774248600006,0.017984112724661827,1.0,30,0.02494099922478199,-0.8744969964027405,0.2849912643432617,0.2037748098373413,0.9232769012451172,0.022713743150234222,1.0,58,-0.002415624214336276,-0.4363371729850769,0.2055380940437317,0.3605179190635681,0.49540525674819946,0.010530788451433182,1.0,0.3213750571012497,-0.05418602377176285,0.9232769012451172,-0.8744969964027405,0.49540525674819946,-0.4363371729850769,1.0
1790268700.0421972,40.61166977882385,810,1,10,-0.03160705417394638,-0.15608826279640198,0.03580230474472046,0.021632079035043716,0.1632266342639923,0.0005361316725611687,1.0,14,0.1185280904173851,-0.09489985555410385,0.059766583144664764,0.10767985135316849,0.17366263270378113,0.008705100044608116,1.0,30,-0.05338083952665329,-0.23933258652687073,0.14534886181354523,0.08813213557004929,0.2842266857624054,0.007569953799247742,1.0,58,-0.03465639427304268,-0.1472300887107849,0.13163580000400543,0.1194511204957962,0.20475147664546967,0.0041381786577403545,1.0,0.16844463348388672,-0.12549405917525291,0.2842266857624054,-0.23933258652687073,0.20475147664546967,-0.1472300887107849,1.0
1790268700.094298,40.6637704372406,811,0,10,-0.04656066745519638,-0.0714263916015625,0.025181377306580544,0.04344893619418144,0.09182779490947723,0.0012489963555708528,1.0,14,0.0688367560505867,0.01903316006064415,0.13610777258872986,0.05427217856049538,0.13978782296180725,0.005015078466385603,1.0,30,-0.08791707456111908,-0.0038233438972383738,0.08808540552854538,0.05438614636659622,0.11869671940803528,0.003399316919967532,1.0,58,-0.05246103182435036,-0.01711154729127884,0.0963376984000206,0.060463495552539825,0.10992369800806046,0.0016032480634748936,1.0,0.11580780893564224,-0.026196615770459175,0.11869671940803528,-0.0038233438972383738,0.10992369800806046,-0.01711154729127884,1.0
1790268700.142219,40.7116916179657,812,0,10,-0.02404480054974556,-0.0018402099376544356,0.030468812212347984,0.010546954348683357,0.031047886237502098,0.0010635836515575647,1.0,14,0.1519317626953125,0.0543910451233387,0.07201939821243286,0.06554678082466125,0.17147144675254822,0.010889449156820774,1.0,30,-0.06382802128791809,0.17506103217601776,0.12030111253261566,0.13622257113456726,0.22385747730731964,0.004417010582983494,1.0,58,-0.05175544321537018,0.08606772869825363,0.1169152706861496,0.11143583059310913,0.1474754363298416,0.0018807188607752323,1.0,0.10125966649502516,0.026275417592842132,0.22385747730731964,0.17506103217601776,0.1474754363298416,0.08606772869825363,1.0
1790268700.1943436,40.763816118240356,813,0,10,0.04499053955078125,0.0021835328079760075,0.13391394913196564,0.08557029068470001,0.14464861154556274,0.018195442855358124,1.0,14,0.1917027086019516,0.0544695183634758,0.14485064148902893,0.07336205244064331,0.216897651553154,0.008855764754116535,1.0,30,0.0027109782677143812,0.4261978268623352,0.2068629413843155,0.11802016198635101,0.46347692608833313,0.010331694036722183,1.0,58,-0.007103492505848408,0.2050456404685974,0.12323441356420517,0.20865385234355927,0.25264599919319153,0.004645646084100008,1.0,0.18077313154935837,0.028326525585725904,0.46347692608833313,0.4261978268623352,0.25264599919319153,0.2050456404685974,1.0
1790268700.2423944,40.811866998672485,814,0,10,-0.08152465522289276,-0.10034942626953125,0.13342882692813873,0.11391283571720123,0.18018150329589844,0.03699681907892227,1.0,14,0.2129124253988266,0.1142207533121109,0.12829214334487915,0.09805469214916229,0.2664409875869751,0.03169688954949379,1.0,30,0.25964608788490295,0.3433542847633362,0.12006593495607376,0.09484073519706726,0.444581538438797,0.006102249026298523,1.0,58,0.13176174461841583,0.15060675144195557,0.15547119081020355,0.17026115953922272,0.23757866024971008,0.004373770672827959,1.0,0.22331124544143677,0.0069356635212898254,0.444581538438797,0.3433542847633362,0.23757866024971008,0.15060675144195557,1.0
1790268700.2942982,40.863770723342896,815,0,10,-0.03616943210363388,-0.24598845839500427,0.26527634263038635,0.18787257373332977,0.33275312185287476,0.06391673535108566,1.0,14,0.4556121826171875,-0.0449698306620121,0.26041820645332336,0.2670024335384369,0.4851072132587433,0.02214975096285343,1.0,30,0.3884480893611908,0.20950622856616974,0.1282672882080078,0.10116378217935562,0.45239323377609253,0.005161331035196781,1.0,58,0.2604917287826538,0.08492805063724518,0.17078641057014465,0.16069461405277252,0.31353759765625,0.008485756814479828,1.0,0.408930167555809,-0.1454791445285082,0.45239323377609253,0.20950622856616974,0.31353759765625,0.08492805063724518,1.0
1790268700.345912,40.91538453102112,816,0,10,0.06330566108226776,-0.44099122285842896,0.3066655993461609,0.18391208350658417,0.539991021156311,0.05553168058395386,1.0,14,0.3758217990398407,-0.0045601981692016125,0.27115342020988464,0.3557206392288208,0.46596020460128784,0.020047541707754135,1.0,30,0.44112396240234375,-0.0009414672967977822,0.10714141279459,0.07575536519289017,0.44623422622680664,0.00336666707880795,1.0,58,0.35554924607276917,-0.0921659767627716,0.22742371261119843,0.1317366510629654,0.4060135781764984,0.00732043944299221,1.0,0.5029756128787994,-0.22277571051381528,0.44623422622680664,-0.0009414672967977822,0.4060135781764984,-0.0921659767627716,1.0
1790268700.3941116,40.963584184646606,817,0,10,0.348907470703125,-0.6352630853652954,0.20892100036144257,0.13044029474258423,0.7603363990783691,0.014674332924187183,1.0,14,0.4384220540523529,-0.3879808783531189,0.2976601719856262,0.28367435932159424,0.6449167132377625,0.038246989250183105,1.0,30,0.3968760073184967,-0.15447235107421875,0.14552798867225647,0.08034832030534744,0.427825003862381,0.0027916780672967434,1.0,58,0.38200274109840393,-0.21446846425533295,0.22195619344711304,0.1676706224679947,0.4563550651073456,0.004482482094317675,1.0,0.7026265561580658,-0.5116219818592072,0.427825003862381,-0.15447235107421875,0.4563550651073456,-0.21446846425533295,1.0
1790268700.4461644,41.015636920928955,818,0,10,0.2862686216831207,-0.3513076901435852,0.10003381222486496,0.03453902155160904,0.4613187313079834,0.004535113461315632,1.0,14,0.3029065728187561,-0.27073559165000916,0.16226676106452942,0.12748269736766815,0.42698583006858826,0.018724167719483376,1.0,30,0.4223063290119171,-0.32016855478286743,0.14134648442268372,0.06050251051783562,0.5342218279838562,0.0035847919061779976,1.0,58,0.3518866300582886,-0.26933905482292175,0.15636016428470612,0.12722410261631012,0.45011892914772034,0.0036398449447005987,1.0,0.4441522806882858,-0.3110216408967972,0.5342218279838562,-0.32016855478286743,0.45011892914772034,-0.26933905482292175,1.0
1790268700.4943328,41.06380534172058,819,0,10,0.342935174703598,-0.2778732180595398,0.029504377394914627,0.03620574250817299,0.4420045018196106,0.004833362065255642,1.0,14,0.1797267347574234,-0.15951646864414215,0.07773780822753906,0.06795566529035568,0.24838688969612122,0.009040839970111847,1.0,30,0.3236379027366638,-0.25609639286994934,0.06435126811265945,0.061401188373565674,0.41488733887672424,0.003358289133757353,1.0,58,0.2794547379016876,-0.20083105564117432,0.1528310328722,0.11365675926208496,0.35158771276474,0.002972095273435116,1.0,0.3451956957578659,-0.21869484335184097,0.41488733887672424,-0.25609639286994934,0.35158771276474,-0.20083105564117432,1.0
1790268700.5461798,41.115652322769165,820,0,10,0.15557098388671875,-0.16255950927734375,0.06983395665884018,0.03785305097699165,0.22917833924293518,0.0024270908907055855,1.0,14,0.1919969767332077,-0.1459197998046875,0.08128537982702255,0.07991146296262741,0.254520446062088,0.013661520555615425,1.0,30,0.3221547305583954,-0.2274988740682602,0.09007345139980316,0.048204146325588226,0.39582812786102295,0.0029780881013721228,1.0,58,0.22254180908203125,-0.15710803866386414,0.12719330191612244,0.09223346412181854,0.28222793340682983,0.001924689975567162,1.0,0.2418493926525116,-0.15423965454101562,0.39582812786102295,-0.2274988740682602,0.28222793340682983,-0.15710803866386414,1.0
1790268700.5982687,41.16774129867554,821,0,10,0.131236270070076,-0.12618866562843323,0.05347662791609764,0.023155665025115013,0.18413440883159637,0.0014766796957701445,1.0,14,0.1226414293050766,-0.14319173991680145,0.09763479977846146,0.037758324295282364,0.1995449960231781,0.008309464901685715,1.0,30,0.26620280742645264,-0.18054351210594177,0.06802787631750107,0.05498489364981651,0.3276607096195221,0.002466206904500723,1.0,58,0.1703793704509735,-0.1216614842414856,0.11316823214292526,0.07991231232881546,0.2236352562904358,0.00161511090118438,1.0,0.19183970242738724,-0.13469020277261734,0.3276607096195221,-0.18054351210594177,0.2236352562904358,-0.1216614842414856,1.0
1790268700.6463406,41.21581315994263,822,0,10,0.08576355129480362,-0.10455475002527237,0.037327587604522705,0.019880052655935287,0.1385197639465332,0.0015201560454443097,1.0,14,0.063232421875,-0.11844416707754135,0.06190256029367447,0.08642006665468216,0.14642129838466644,0.007899031974375248,1.0,30,0.24282938241958618,-0.16354064643383026,0.04118429124355316,0.022649191319942474,0.2940736711025238,0.0028282864950597286,1.0,58,0.14425738155841827,-0.10892197489738464,0.11427094042301178,0.06787392497062683,0.1971186101436615,0.00174997397698462,1.0,0.14247053116559982,-0.11149945855140686,0.2940736711025238,-0.16354064643383026,0.1971186101436615,-0.10892197489738464,1.0
1790268700.6983516,41.26782417297363,823,0,10,0.07371673732995987,-0.076019287109375,0.0281200110912323,0.011363135650753975,0.10758306086063385,0.0011932030320167542,1.0,14,0.0829751119017601,-0.14820316433906555,0.1051236242055893,0.0678609237074852,0.18349255621433258,0.005434059072285891,1.0,30,0.16787363588809967,-0.10891266167163849,0.05680456385016441,0.027332356199622154,0.20374752581119537,0.0013679637340828776,1.0,58,0.0996309444308281,-0.07253146916627884,0.0798797532916069,0.04761499539017677,0.13870030641555786,0.0009716075146570802,1.0,0.14553780853748322,-0.11211122572422028,0.20374752581119537,-0.10891266167163849,0.13870030641555786,-0.07253146916627884,1.0
1790268700.7462387,41.31571125984192,824,0,10,0.15978392958641052,-0.0545196533203125,0.03765981271862984,0.011981627903878689,0.1691238135099411,0.0014096027007326484,1.0,14,0.02058846689760685,-0.07126181572675705,0.03730566427111626,0.019617170095443726,0.08153931796550751,0.00368872401304543,1.0,30,0.137623593211174,-0.07777506858110428,0.03201718628406525,0.024543052539229393,0.15937404334545135,0.0010091348085552454,1.0,58,0.11761684715747833,-0.05513434484601021,0.0625031366944313,0.04256511107087135,0.13797308504581451,0.0009333196794614196,1.0,0.1253315657377243,-0.06289073452353477,0.15937404334545135,-0.07777506858110428,0.13797308504581451,-0.05513434484601021,1.0
1790268700.7981112,41.36758375167847,825,1,10,0.26055908203125,-0.04949035495519638,0.10784880071878433,0.018087338656187057,0.2664203941822052,0.0018733522156253457,1.0,14,0.1309923380613327,-0.0162015650421381,0.05161186680197716,0.05101880803704262,0.14341191947460175,0.003353864187374711,1.0,30,0.2657664120197296,-0.05284932628273964,0.06462960690259933,0.020897993817925453,0.27154940366744995,0.002333650831133127,1.0,58,0.23539839684963226,-0.04726949334144592,0.11256740242242813,0.04590300843119621,0.24652628600597382,0.002356675686314702,1.0,0.20491615682840347,-0.03284595999866724,0.27154940366744995,-0.05284932628273964,0.24652628600597382,-0.04726949334144592,1.0
1790268700.8502774,41.41974997520447,826,0,10,0.40220338106155396,0.05864715576171875,0.07465384155511856,0.026668131351470947,0.4074380397796631,0.0026874998584389687,1.0,14,0.3256247341632843,0.05061449483036995,0.08351591974496841,0.045741766691207886,0.33274951577186584,0.010675749741494656,1.0,30,0.5484329462051392,-0.00843658484518528,0.19105777144432068,0.08315815031528473,0.5552586913108826,0.006298075895756483,1.0,58,0.41566336154937744,0.02100648544728756,0.22056081891059875,0.0703217089176178,0.42507338523864746,0.004219789057970047,1.0,0.37009377777576447,0.05463082529604435,0.5552586913108826,-0.00843658484518528,0.42507338523864746,0.02100648544728756,1.0
1790268700.8983521,41.46782469749451,827,0,10,0.6623382568359375,0.31304627656936646,0.11679450422525406,0.07258551567792892,0.7358967065811157,0.003994082100689411,1.0,14,0.5702732801437378,0.21988677978515625,0.15639102458953857,0.15245935320854187,0.6238105893135071,0.02497943677008152,1.0,30,0.9209050536155701,0.3430236876010895,0.26025909185409546,0.1410077065229416,0.9881487488746643,0.005946866236627102,1.0,58,0.617035448551178,0.2559242248535156,0.34338778257369995,0.19139046967029572,0.6813896894454956,0.005076875910162926,1.0,0.6798536479473114,0.26646652817726135,0.9881487488746643,0.3430236876010895,0.6813896894454956,0.2559242248535156,1.0
1790268700.9499795,41.51945209503174,828,0,10,0.6241790652275085,0.36920469999313354,0.08180005848407745,0.03226510435342789,0.727529764175415,0.00617173919454217,1.0,14,0.813201904296875,0.25844138860702515,0.38908082246780396,0.18946625292301178,0.8691110610961914,0.023470351472496986,1.0,30,0.9757303595542908,0.5457600951194763,0.11603140085935593,0.12450581789016724,1.1228523254394531,0.008810089901089668,1.0,58,0.6917421817779541,0.3451405167579651,0.3234139382839203,0.22786477208137512,0.7855406999588013,0.006404773332178593,1.0,0.7983204126358032,0.31382304430007935,1.1228523254394531,0.5457600951194763,0.7855406999588013,0.3451405167579651,1.0
1790268700.997972,41.56744456291199,829,0,10,0.7865997552871704,0.22676849365234375,0.07374431937932968,0.018624018877744675,0.8189529180526733,0.0026765470393002033,1.0,14,0.4493800699710846,0.2166159451007843,0.11386226117610931,0.10693016648292542,0.5115159153938293,0.04023882374167442,1.0,30,1.0669621229171753,0.26177775859832764,0.08804778009653091,0.06482227891683578,1.1008790731430054,0.007206521462649107,1.0,58,0.7691981792449951,0.16802242398262024,0.3322806656360626,0.14642609655857086,0.8014667630195618,0.0062276930548250675,1.0,0.6652344167232513,0.22169221937656403,1.1008790731430054,0.26177775859832764,0.8014667630195618,0.16802242398262024,1.0
1790268701.0500011,41.619473695755005,830,0,10,0.8242446780204773,0.05809783935546875,0.16641704738140106,0.037359818816185,0.8276859521865845,0.00342118414118886,1.0,14,0.7625470757484436,-0.1666652113199234,0.1974981725215912,0.3367871940135956,0.8471726775169373,0.01824294589459896,1.0,30,1.0582631826400757,0.04599609225988388,0.20492596924304962,0.05969639867544174,1.0608237981796265,0.00698088901117444,1.0,58,0.868134081363678,-0.007426031865179539,0.3634811341762543,0.1265246868133545,0.8830832242965698,0.006177300587296486,1.0,0.8374293148517609,-0.054283685982227325,1.0608237981796265,0.04599609225988388,0.8830832242965698,-0.007426031865179539,1.0
1790268701.1022813,41.671753883361816,831,0,10,1.1578338146209717,-0.09266052395105362,0.10504453629255295,0.08032392710447311,1.164062738418579,0.007315474096685648,1.0,14,1.0520738363265991,-0.04031044989824295,0.33268311619758606,0.13252854347229004,1.066014051437378,0.029441218823194504,1.0,30,1.1735855340957642,-0.0418141670525074,0.14491626620292664,0.05528261512517929,1.175628662109375,0.006720098201185465,1.0,58,1.0118848085403442,-0.08545882254838943,0.3840857148170471,0.13896968960762024,1.029842734336853,0.007822966203093529,1.0,1.1150383949279785,-0.06648548692464828,1.175628662109375,-0.0418141670525074,1.029842734336853,-0.08545882254838943,1.0
1790268701.1502829,41.71975541114807,832,0,10,1.2081283330917358,-0.08638457953929901,0.16688694059848785,0.031273290514945984,1.2119357585906982,0.004935749806463718,1.0,14,0.8570556640625,-0.0264151431620121,0.13722547888755798,0.16389799118041992,0.8740271925926208,0.03491763025522232,1.0,30,1.3649042844772339,0.03113606758415699,0.13037873804569244,0.059811782091856,1.3666496276855469,0.004480909090489149,1.0,58,1.0779510736465454,-0.06579287350177765,0.4203294813632965,0.1506163775920868,1.0942636728286743,0.005843508522957563,1.0,1.0429814755916595,-0.056399861350655556,1.3666496276855469,0.03113606758415699,1.0942636728286743,-0.06579287350177765,1.0
1790268701.202202,41.77167463302612,833,0,10,0.9955642819404602,-0.08208160102367401,0.07730315625667572,0.026803553104400635,0.9991763830184937,0.0038085062988102436,1.0,14,0.7156524658203125,0.03353336825966835,0.14522536098957062,0.14053314924240112,0.7333955764770508,0.013012559153139591,1.0,30,1.2218073606491089,0.1427566558122635,0.23675812780857086,0.11630479991436005,1.2366845607757568,0.011572754941880703,1.0,58,0.9466055631637573,0.005311505403369665,0.4059930741786957,0.16340862214565277,0.964339554309845,0.007286746054887772,1.0,0.8662859797477722,-0.02427411638200283,1.2366845607757568,0.1427566558122635,0.964339554309845,0.005311505403369665,1.0
1790268701.2504156,41.8198881149292,834,0,10,0.8427841067314148,-0.248423770070076,0.0656806156039238,0.03582904487848282,0.8795238733291626,0.0023257352877408266,1.0,14,0.511138916015625,-0.09622519463300705,0.25639551877975464,0.15464556217193604,0.5653669834136963,0.01641184464097023,1.0,30,1.0356719493865967,0.5702794194221497,0.38253599405288696,0.2820172607898712,1.207699179649353,0.023316700011491776,1.0,58,0.7968326210975647,0.14839553833007812,0.414386510848999,0.36065560579299927,0.8681500554084778,0.014119968749582767,1.0,0.7224454283714294,-0.17232448235154152,1.207699179649353,0.5702794194221497,0.8681500554084778,0.14839553833007812,1.0
1790268701.3023658,41.871838331222534,835,0,10,0.4908798336982727,-0.09763793647289276,0.12028679996728897,0.022368576377630234,0.5017459392547607,0.0037118226755410433,1.0,14,0.3604736328125,-0.0162811279296875,0.17941969633102417,0.06669966876506805,0.37102991342544556,0.011494150385260582,1.0,30,0.6648935675621033,0.918743371963501,0.4302181899547577,0.296235591173172,1.2047728300094604,0.01772519387304783,1.0,58,0.577176034450531,0.287568598985672,0.3270277678966522,0.48646050691604614,0.748385488986969,0.01140341442078352,1.0,0.43638792634010315,-0.05695953220129013,1.2047728300094604,0.918743371963501,0.748385488986969,0.287568598985672,1.0
1790268701.354301,41.923773527145386,836,0,10,0.40396422147750854,-0.22171631455421448,0.07181589305400848,0.034101586788892746,0.46276503801345825,0.004280379507690668,1.0,14,0.154083251953125,-0.05217742919921875,0.12091571092605591,0.05440780892968178,0.17745201289653778,0.0045305779203772545,1.0,30,0.3633875548839569,-0.48031261563301086,0.37828922271728516,0.2939585745334625,0.6582640409469604,0.013682837598025799,1.0,58,0.36501339077949524,-0.29321998357772827,0.28029540181159973,0.2687508165836334,0.5070865750312805,0.009254406206309795,1.0,0.320108525454998,-0.1369468718767166,0.6582640409469604,-0.48031261563301086,0.5070865750312805,-0.29321998357772827,1.0
1790268701.40257,41.97204256057739,837,0,10,0.2734726071357727,-0.16402892768383026,0.0626327246427536,0.024005385115742683,0.3205273747444153,0.002309295814484358,1.0,14,0.0612204410135746,-0.07065582275390625,0.10475264489650726,0.0814276784658432,0.1342301219701767,0.0025127979461103678,1.0,30,0.28465473651885986,-0.1415964812040329,0.34256964921951294,0.06739401817321777,0.40668046474456787,0.011547715403139591,1.0,58,0.2785896956920624,-0.12863843142986298,0.22097055613994598,0.092391237616539,0.3327237367630005,0.006177590694278479,1.0,0.227378748357296,-0.11734237521886826,0.40668046474456787,-0.1415964812040329,0.3327237367630005,-0.12863843142986298,1.0
1790268701.45427,42.02374243736267,838,0,10,0.2279922515153885,-0.16638031601905823,0.05944957956671715,0.03621217980980873,0.28491872549057007,0.003410093020647764,1.0,14,0.0341404490172863,-0.08355385810136795,0.0773373618721962,0.03189476206898689,0.1070491224527359,0.002270627999678254,1.0,30,0.16385498642921448,-0.09154561161994934,0.24176102876663208,0.0742625817656517,0.28425589203834534,0.010252133011817932,1.0,58,0.20196585357189178,-0.11442907899618149,0.1472140997648239,0.10165639221668243,0.2611108422279358,0.005051109939813614,1.0,0.19598392397165298,-0.12496708706021309,0.28425589203834534,-0.09154561161994934,0.2611108422279358,-0.11442907899618149,1.0
1790268701.5023324,42.071805000305176,839,0,10,0.2871383726596832,-0.23877868056297302,0.07026783376932144,0.03260006383061409,0.3766363859176636,0.003328368067741394,1.0,14,0.0984627828001976,-0.12902286648750305,0.10587887465953827,0.05660006403923035,0.1754118651151657,0.003457606304436922,1.0,30,0.22294005751609802,-0.04467976838350296,0.2368226945400238,0.137983500957489,0.32151368260383606,0.010469203814864159,1.0,58,0.23637311160564423,-0.11368179321289062,0.18456166982650757,0.17848515510559082,0.31743937730789185,0.00604613171890378,1.0,0.27602412551641464,-0.18390077352523804,0.32151368260383606,-0.04467976838350296,0.31743937730789185,-0.11368179321289062,1.0
1790268701.5543544,42.12382698059082,840,1,10,0.3026123046875,-0.304586797952652,0.0873202309012413,0.025223717093467712,0.4341002404689789,0.004586320836097002,1.0,14,0.0901903435587883,-0.15612247586250305,0.10912905633449554,0.10390988737344742,0.19747331738471985,0.0035318396985530853,1.0,30,0.1699468046426773,-0.04036051407456398,0.15572139620780945,0.14086806774139404,0.2584407329559326,0.004927529022097588,1.0,58,0.22070154547691345,-0.1441653072834015,0.1537349820137024,0.1650928109884262,0.31628671288490295,0.004517784342169762,1.0,0.31578677892684937,-0.23035463690757751,0.2584407329559326,-0.04036051407456398,0.31628671288490295,-0.1441653072834015,1.0
1790268701.6064694,42.175941944122314,841,0,10,0.222259521484375,-0.350564569234848,0.0649750679731369,0.03521491959691048,0.42040595412254333,0.004145998973399401,1.0,14,0.0420597605407238,-0.21111297607421875,0.06791292130947113,0.051700763404369354,0.22449135780334473,0.005510364193469286,1.0,30,0.1875554472208023,-0.18538004159927368,0.10728681832551956,0.11784368753433228,0.2949896454811096,0.004446685314178467,1.0,58,0.214462012052536,-0.20670054852962494,0.12992528080940247,0.14652106165885925,0.32437393069267273,0.003635300323367119,1.0,0.32244865596294403,-0.2808387726545334,0.2949896454811096,-0.18538004159927368,0.32437393069267273,-0.20670054852962494,1.0
1790268701.6542447,42.223717212677,842,0,10,0.13544616103172302,-0.276803582906723,0.02436799742281437,0.030695244669914246,0.3088054656982422,0.0039969212375581264,1.0,14,0.0853729248046875,-0.29113879799842834,0.12436460703611374,0.1061774492263794,0.31783318519592285,0.00978813599795103,1.0,30,0.22181600332260132,-0.4036702513694763,0.17832538485527039,0.15478353202342987,0.48524293303489685,0.013666142709553242,1.0,58,0.1739438772201538,-0.26384130120277405,0.11849876493215561,0.15276764333248138,0.32799261808395386,0.00503973662853241,1.0,0.3133193254470825,-0.2839711904525757,0.48524293303489685,-0.4036702513694763,0.32799261808395386,-0.26384130120277405,1.0
1790268701.7061386,42.27561116218567,843,0,10,0.02769165113568306,-0.2152664214372635,0.05175250023603439,0.016697101294994354,0.22291573882102966,0.0015581195475533605,1.0,14,0.0022474017459899187,-0.1909898966550827,0.07769032567739487,0.08337174355983734,0.2035057246685028,0.005803981330245733,1.0,30,0.0181554164737463,-0.5481420159339905,0.2391180843114853,0.19796964526176453,0.5871219635009766,0.010291301645338535,1.0,58,0.05155971273779869,-0.28725117444992065,0.09900249540805817,0.2360539585351944,0.3114140033721924,0.004177078139036894,1.0,0.21321073174476624,-0.2031281590461731,0.5871219635009766,-0.5481420159339905,0.3114140033721924,-0.28725117444992065,1.0
1790268701.754372,42.32384443283081,844,0,10,-0.05446929857134819,-0.1298172026872635,0.04965190589427948,0.0138777494430542,0.1480860561132431,0.0022053581196814775,1.0,14,-0.0873391255736351,-0.10808344930410385,0.052917566150426865,0.08380511403083801,0.15543293952941895,0.0031356557738035917,1.0,30,-0.13460642099380493,-0.27543944120407104,0.10452013462781906,0.06284208595752716,0.31908661127090454,0.005250128917396069,1.0,58,-0.062041185796260834,-0.1564377099275589,0.0777435302734375,0.1111636832356453,0.17822620272636414,0.002197584602981806,1.0,0.15175949782133102,-0.11895032599568367,0.31908661127090454,-0.27543944120407104,0.17822620272636414,-0.1564377099275589,1.0
1790268701.8064237,42.37589621543884,845,0,10,-0.1279754638671875,-0.07456054538488388,0.08657395094633102,0.02567574568092823,0.16188621520996094,0.0014170038048177958,1.0,14,-0.21026611328125,-0.09447479248046875,0.05595117807388306,0.04700029641389847,0.23487567901611328,0.004745893646031618,1.0,30,-0.3049484193325043,-0.24294891953468323,0.14438916742801666,0.13196708261966705,0.401516854763031,0.0051489160396158695,1.0,58,-0.1785796582698822,-0.12833325564861298,0.15739116072654724,0.1293853223323822,0.23174892365932465,0.0032465343829244375,1.0,0.1983809471130371,-0.08451766893267632,0.401516854763031,-0.24294891953468323,0.23174892365932465,-0.12833325564861298,1.0
1790268701.8582358,42.42770838737488,846,0,10,-0.16812896728515625,-0.04543457180261612,0.07447648793458939,0.012438667006790638,0.17470969259738922,0.0013741077855229378,1.0,14,-0.1826716810464859,-0.05263737216591835,0.04372243955731392,0.03597472608089447,0.19328555464744568,0.007834064774215221,1.0,30,-0.5461934208869934,-0.2504684329032898,0.346212238073349,0.20164233446121216,0.6544612646102905,0.015885135158896446,1.0,58,-0.3530368208885193,-0.12806491553783417,0.2745611369609833,0.18339931964874268,0.39690613746643066,0.009539605118334293,1.0,0.18399762362241745,-0.049035971984267235,0.6544612646102905,-0.2504684329032898,0.39690613746643066,-0.12806491553783417,1.0
1790268701.9063692,42.475841760635376,847,0,10,-0.18590697646141052,0.008456421084702015,0.04076526314020157,0.023166395723819733,0.18777279555797577,0.001358838751912117,1.0,14,-0.1827109158039093,0.01323590986430645,0.10849989950656891,0.06673848628997803,0.20020700991153717,0.0035541930701583624,1.0,30,-0.3704213500022888,-0.04598947986960411,0.34040340781211853,0.17404402792453766,0.4799292981624603,0.015869101509451866,1.0,58,-0.30045241117477417,-0.004005300812423229,0.22872786223888397,0.1223626509308815,0.32594749331474304,0.008203458040952682,1.0,0.19398990273475647,0.010846165474504232,0.4799292981624603,-0.04598947986960411,0.32594749331474304,-0.004005300812423229,1.0
1790268701.9582171,42.527689695358276,848,0,10,-0.17975158989429474,-0.0299835205078125,0.057029660791158676,0.01977730169892311,0.18379561603069305,0.0015952227404341102,1.0,14,-0.1333225816488266,-0.0545850470662117,0.04764968156814575,0.07081793248653412,0.1605421006679535,0.00599584961310029,1.0,30,-0.20979970693588257,0.6295018792152405,0.552903413772583,0.5255934596061707,0.8171643614768982,0.05752731114625931,1.0,58,-0.23943960666656494,0.20947383344173431,0.21501539647579193,0.4221023619174957,0.3702741265296936,0.022132329642772675,1.0,0.17216885834932327,-0.0422842837870121,0.8171643614768982,0.6295018792152405,0.3702741265296936,0.20947383344173431,1.0
1790268702.0062997,42.575772285461426,849,0,10,-0.16436615586280823,-0.05940399318933487,0.0329938605427742,0.011784913949668407,0.1755005419254303,0.0013656551018357277,1.0,14,-0.2842625081539154,-0.11506979912519455,0.10330329835414886,0.053250715136528015,0.31386715173721313,0.008128589019179344,1.0,30,-0.1728413850069046,0.8167241215705872,0.6294857263565063,0.628189742565155,1.0609524250030518,0.10683011263608932,1.0,58,-0.1576175093650818,0.24492421746253967,0.35711804032325745,0.5112990736961365,0.4397801458835602,0.044075462967157364,1.0,0.24468384683132172,-0.08723689615726471,1.0609524250030518,0.8167241215705872,0.4397801458835602,0.24492421746253967,1.0
1790268702.0582747,42.62774729728699,850,0,10,-0.18397827446460724,-0.13279876112937927,0.04482784867286682,0.02701370045542717,0.22781682014465332,0.001244463142938912,1.0,14,-0.1655338853597641,-0.1577366441488266,0.05827842652797699,0.06782162934541702,0.2350393831729889,0.007062058430165052,1.0,28,0.3126978278160095,0.8522687554359436,1.0250405073165894,1.393128752708435,1.504078984260559,0.20811589062213898,0.9333333333333333,56,0.00720269326120615,0.2044229507446289,0.4315219819545746,0.8518567681312561,0.5932801961898804,0.053881652653217316,0.9655172413793104,0.2314281016588211,-0.14526770263910294,1.504078984260559,0.8522687554359436,0.5932801961898804,0.2044229507446289,0.974712643678161
1790268702.1102853,42.679757833480835,851,0,10,-0.09471587836742401,-0.13545989990234375,0.03092988021671772,0.02321409434080124,0.16756108403205872,0.0012861829018220305,1.0,14,-0.0860028937458992,-0.1865866482257843,0.05739720165729523,0.0981890857219696,0.21612557768821716,0.0029835200402885675,1.0,28,0.17959104478359222,0.15725326538085938,0.2771029472351074,0.30435845255851746,0.3260606825351715,0.06060151010751724,1.0,56,0.020068304613232613,-0.03484330698847771,0.10333803296089172,0.1690034717321396,0.16371284425258636,0.019425567239522934,1.0,0.19184333086013794,-0.16102327406406403,0.3260606825351715,0.15725326538085938,0.16371284425258636,-0.03484330698847771,1.0
1790268702.1583085,42.72778105735779,852,0,10,-0.04835052415728569,-0.17730560898780823,0.03196932002902031,0.03359228000044823,0.1866711527109146,0.0013619165401905775,1.0,14,-0.0672607421875,-0.17052677273750305,0.03211807459592819,0.08817868679761887,0.1872893124818802,0.0042635537683963776,1.0,28,0.22053146362304688,-0.046442847698926926,0.12921220064163208,0.14894574880599976,0.2707575857639313,0.01351071149110794,1.0,56,0.06870051473379135,-0.09403419494628906,0.12428400665521622,0.12391558289527893,0.18297293782234192,0.005367132369428873,1.0,0.1869802325963974,-0.17391619086265564,0.2707575857639313,-0.046442847698926926,0.18297293782234192,-0.09403419494628906,1.0
1790268702.2102504,42.779722929000854,853,0,10,-0.004382324405014515,-0.12184448540210724,0.02024124190211296,0.021698661148548126,0.12348823249340057,0.0019680627156049013,1.0,14,-0.0505545474588871,-0.1783665269613266,0.06137153133749962,0.05233257636427879,0.19467793405056,0.005350050516426563,1.0,28,0.3285805881023407,0.07728195190429688,0.22096839547157288,0.17212796211242676,0.3662847578525543,0.007340482901781797,1.0,56,0.11319132894277573,-0.02050168253481388,0.17908915877342224,0.12372702360153198,0.18337441980838776,0.0037020535673946142,1.0,0.15908308327198029,-0.15010550618171692,0.3662847578525543,0.07728195190429688,0.18337441980838776,-0.02050168253481388,1.0
1790268702.257977,42.827449560165405,854,0,10,-0.01853179931640625,-0.08294372260570526,0.03187005594372749,0.012262695468962193,0.08988510072231293,0.0006936258287169039,1.0,14,-0.0167214535176754,-0.06019919365644455,0.0469990037381649,0.02590632624924183,0.07812803238630295,0.0015002834843471646,1.0,28,0.13157980144023895,0.07494354248046875,0.07194070518016815,0.11638353019952774,0.17860105633735657,0.005080808885395527,1.0,56,0.04026903584599495,-0.007916723378002644,0.07698595523834229,0.0972500666975975,0.10481597483158112,0.002126398729160428,1.0,0.08400656655430794,-0.0715714581310749,0.17860105633735657,0.07494354248046875,0.10481597483158112,-0.007916723378002644,1.0
1790268702.3101473,42.87961983680725,855,1,10,-0.01051483117043972,-0.08725738525390625,0.015576974488794804,0.010866827331483364,0.0893453061580658,0.000722858589142561,1.0,14,-0.0665239617228508,-0.07430049031972885,0.030442766845226288,0.03528238460421562,0.10757481306791306,0.0020863027311861515,1.0,28,0.08724594116210938,0.07311411947011948,0.10522942990064621,0.1303107589483261,0.14327827095985413,0.002878813073039055,1.0,56,0.010951722972095013,-0.024866104125976562,0.04792953282594681,0.07963846623897552,0.08551112562417984,0.0013970043510198593,1.0,0.09846005961298943,-0.08077893778681755,0.14327827095985413,0.07311411947011948,0.08551112562417984,-0.024866104125976562,1.0
1790268702.362323,42.931795597076416,856,0,10,-0.08372650295495987,-0.11215515434741974,0.012641149573028088,0.010611536912620068,0.14017391204833984,0.0005315984599292278,1.0,14,-0.0957489013671875,-0.09291185438632965,0.03280537948012352,0.06925974786281586,0.15140387415885925,0.002552533056586981,1.0,28,0.032912664115428925,0.03452301025390625,0.06560507416725159,0.11631615459918976,0.11150435358285904,0.0028883889317512512,1.0,56,-0.01998356357216835,-0.04679407551884651,0.0615399144589901,0.09065411984920502,0.10319305956363678,0.0014423764077946544,1.0,0.14578889310359955,-0.1025335043668747,0.11150435358285904,0.03452301025390625,0.10319305956363678,-0.04679407551884651,1.0
1790268702.410301,42.97977352142334,857,0,10,-0.2763504087924957,-0.13956451416015625,0.07738873362541199,0.02544013410806656,0.31049472093582153,0.00164733303245157,1.0,14,-0.3174220621585846,-0.24288177490234375,0.11368893831968307,0.08584008365869522,0.4042363166809082,0.013838259503245354,1.0,28,-0.14690616726875305,-0.0260195042937994,0.08062256872653961,0.12768791615962982,0.18732622265815735,0.002682500286027789,1.0,56,-0.17664936184883118,-0.06920146942138672,0.12475934624671936,0.11423753947019577,0.21244414150714874,0.0018678682390600443,1.0,0.35736551880836487,-0.19122314453125,0.18732622265815735,-0.0260195042937994,0.21244414150714874,-0.06920146942138672,1.0
1790268702.4622242,43.031696796417236,858,0,10,-0.36055755615234375,-0.089141845703125,0.07476136833429337,0.014734686352312565,0.3715992569923401,0.0016759646823629737,1.0,14,-0.4341975748538971,-0.14355142414569855,0.11495879292488098,0.0744050145149231,0.4666152894496918,0.012788386084139347,1.0,28,-0.43763023614883423,0.01546587236225605,0.12431584298610687,0.18174172937870026,0.47198018431663513,0.0076717413030564785,1.0,56,-0.3404102325439453,-0.03708621487021446,0.1619815081357956,0.12729986011981964,0.3605588376522064,0.0042921011336147785,1.0,0.41910727322101593,-0.11634663492441177,0.47198018431663513,0.01546587236225605,0.3605588376522064,-0.03708621487021446,1.0
1790268702.5102503,43.07972288131714,859,0,10,-0.3579773008823395,-0.03468780592083931,0.04537898674607277,0.017851680517196655,0.3601311147212982,0.0024803008418530226,1.0,14,-0.3268149197101593,-0.15491922199726105,0.1210913434624672,0.07828914374113083,0.36424174904823303,0.015497769229114056,1.0,28,-0.32074084877967834,0.1306828111410141,0.07518590986728668,0.1894141584634781,0.37978118658065796,0.004046188201755285,1.0,56,-0.3045714199542999,0.04714993014931679,0.12042442709207535,0.15017907321453094,0.3342457115650177,0.0030262849759310484,1.0,0.3621864318847656,-0.09480351395905018,0.37978118658065796,0.1306828111410141,0.3342457115650177,0.04714993014931679,1.0
1790268702.5623376,43.13181018829346,860,0,10,-0.2785080075263977,-0.0014846802223473787,0.04988451302051544,0.013987124897539616,0.27884766459465027,0.0011867270804941654,1.0,14,-0.2756696343421936,0.11869703233242035,0.1425180286169052,0.22551313042640686,0.39070039987564087,0.008594626560807228,1.0,28,-0.2667503356933594,0.04264940693974495,0.06060400977730751,0.06714805215597153,0.2794596254825592,0.0022012158297002316,1.0,56,-0.25862476229667664,0.031876564025878906,0.08966981619596481,0.06369664520025253,0.26930052042007446,0.0023387062828987837,1.0,0.33477403223514557,0.058606176055036485,0.2794596254825592,0.04264940693974495,0.26930052042007446,0.031876564025878906,1.0
1790268702.6143074,43.18377995491028,861,0,10,-0.1937408447265625,-0.02386322058737278,0.03898376598954201,0.019955622032284737,0.19642777740955353,0.0011652868706732988,1.0,14,-0.2072623074054718,-0.02710505947470665,0.05574244633316994,0.0873609259724617,0.22852864861488342,0.002141272881999612,1.0,28,-0.2925017178058624,-0.053567614406347275,0.08962045609951019,0.05601741373538971,0.30261287093162537,0.002304241294041276,1.0,56,-0.21743938326835632,-0.040345873683691025,0.09814242273569107,0.057752225548028946,0.22756807506084442,0.002132123103365302,1.0,0.21247821301221848,-0.025484140031039715,0.30261287093162537,-0.053567614406347275,0.22756807506084442,-0.040345873683691025,1.0
1790268702.662377,43.231849670410156,862,0,10,-0.1291244477033615,-0.03444824367761612,0.03444262966513634,0.01765242964029312,0.13571515679359436,0.0006102124461904168,1.0,14,-0.1185847669839859,-0.013340541161596775,0.06890179961919785,0.030541706830263138,0.12419341504573822,0.0035838137846440077,1.0,28,-0.13602937757968903,-0.020449502393603325,0.030079349875450134,0.0454363115131855,0.14419671893119812,0.00100229203235358,1.0,56,-0.1230228990316391,-0.0233786441385746,0.04599369689822197,0.03953868895769119,0.1302879899740219,0.0009716461645439267,1.0,0.1299542859196663,-0.023894392419606447,0.14419671893119812,-0.020449502393603325,0.1302879899740219,-0.0233786441385746,1.0
1790268702.7143211,43.283793687820435,863,0,10,-0.11063385009765625,-0.03875579684972763,0.03412124887108803,0.008780513890087605,0.1175139918923378,0.0007243638974614441,1.0,14,-0.1019657701253891,-0.0474155955016613,0.01965148374438286,0.01623639091849327,0.11412431299686432,0.0030711444560438395,1.0,28,-0.13515962660312653,0.0598188117146492,0.04910130798816681,0.0943276658654213,0.16884319484233856,0.0019679574761539698,1.0,56,-0.10527773946523666,0.004376139026135206,0.05106537044048309,0.06311870366334915,0.1174134835600853,0.0012401265557855368,1.0,0.11581915244460106,-0.043085696175694466,0.16884319484233856,0.0598188117146492,0.1174134835600853,0.004376139026135206,1.0
1790268702.7624187,43.33189129829407,864,0,10,-0.09057922661304474,-0.00766754150390625,0.022985802963376045,0.009304426610469818,0.09127068519592285,0.0008261689217761159,1.0,14,-0.0484771728515625,0.01373944990336895,0.028609883040189743,0.07310541719198227,0.08878780901432037,0.002968611428514123,1.0,28,-0.15960420668125153,0.24877603352069855,0.10807046294212341,0.24889454245567322,0.31578710675239563,0.0061387899331748486,1.0,56,-0.10034588724374771,0.07072816789150238,0.08437206596136093,0.1671290099620819,0.1460285186767578,0.002618294209241867,1.0,0.09002924710512161,0.00303595419973135,0.31578710675239563,0.24877603352069855,0.1460285186767578,0.07072816789150238,1.0
1790268702.814373,43.38384556770325,865,0,10,-0.1646072417497635,0.02094726637005806,0.053927868604660034,0.02012997306883335,0.16649281978607178,0.0011340583441779017,1.0,14,-0.0924813374876976,-0.00525665283203125,0.0416683629155159,0.0556795634329319,0.11149588972330093,0.0030314368195831776,1.0,28,-0.18086351454257965,0.4098025858402252,0.19843241572380066,0.3396795392036438,0.5054152607917786,0.013587931171059608,1.0,56,-0.1412399858236313,0.1392498016357422,0.09934358298778534,0.26521050930023193,0.24051989614963531,0.004501759074628353,1.0,0.13899435475468636,0.007845306769013405,0.5054152607917786,0.4098025858402252,0.24051989614963531,0.1392498016357422,1.0
1790268702.8661718,43.43564438819885,866,0,10,-0.159840390086174,-0.019134521484375,0.03988693654537201,0.009884278289973736,0.16139571368694305,0.0018910819198936224,1.0,14,-0.1511143296957016,-0.0904955193400383,0.042307134717702866,0.04390864446759224,0.18031127750873566,0.0036333610769361258,1.0,28,-0.14708437025547028,0.20023401081562042,0.08512519299983978,0.19643820822238922,0.2625943720340729,0.0033845906145870686,1.0,56,-0.1426042765378952,0.07723549753427505,0.07512731105089188,0.13496096432209015,0.18565627932548523,0.001905085169710219,1.0,0.17085349559783936,-0.05481502041220665,0.2625943720340729,0.20023401081562042,0.18565627932548523,0.07723549753427505,1.0
1790268702.914057,43.483529567718506,867,0,10,-0.19364166259765625,0.01781768724322319,0.029586955904960632,0.01222959440201521,0.19495417177677155,0.0007671485655009747,1.0,14,-0.1739022433757782,-0.0134724210947752,0.09167380630970001,0.0714966282248497,0.1937568336725235,0.004635780584067106,1.0,28,-0.1470227986574173,0.12679998576641083,0.091294065117836,0.12307993322610855,0.21532653272151947,0.002995856339111924,1.0,56,-0.13155010342597961,0.0582711361348629,0.07341006398200989,0.08519008010625839,0.16449587047100067,0.0017849085852503777,1.0,0.19435550272464752,0.002172633074223995,0.21532653272151947,0.12679998576641083,0.16449587047100067,0.0582711361348629,1.0
1790268702.9660392,43.53551173210144,868,0,10,-0.095123291015625,0.03894958645105362,0.03094634786248207,0.008130636066198349,0.10411205142736435,0.0008773299632593989,1.0,14,-0.1384756863117218,-0.0069122314453125,0.04874381050467491,0.031915709376335144,0.14254941046237946,0.002974549774080515,1.0,28,-0.09286444634199142,0.0622972771525383,0.03808305040001869,0.0233763437718153,0.1143026128411293,0.0013040107442066073,1.0,56,-0.08998734503984451,0.034422602504491806,0.05599258467555046,0.0313948318362236,0.1028677299618721,0.0009094220004044473,1.0,0.1233307309448719,0.01601867750287056,0.1143026128411293,0.0622972771525383,0.1028677299618721,0.034422602504491806,1.0
1790268703.0144258,43.583898305892944,869,0,10,-0.05894622951745987,0.02269592322409153,0.017110805958509445,0.009019111283123493,0.0638325959444046,0.00044112117029726505,1.0,14,-0.033935546875,0.0023967197630554438,0.04586981236934662,0.04308689013123512,0.06430675834417343,0.0017925517167896032,1.0,28,-0.042118072509765625,-0.0222658421844244,0.03881751000881195,0.044336698949337006,0.07062756270170212,0.0008201668388210237,1.0,56,-0.03609248623251915,-0.004623549524694681,0.04150630906224251,0.03496916592121124,0.05728170648217201,0.000669653236400336,1.0,0.06406967714428902,0.012546321493573487,0.07062756270170212,-0.0222658421844244,0.05728170648217201,-0.004623549524694681,1.0
1790268703.0664122,43.6358847618103,870,1,10,-0.02170257642865181,-0.01523742638528347,0.008832269348204136,0.016440194100141525,0.030898336321115494,0.0004835174768231809,1.0,14,0.0017569406190887094,0.009554182179272175,0.029380885884165764,0.07294835150241852,0.06616842746734619,0.001568271778523922,1.0,28,0.0865522101521492,-0.1995631605386734,0.13333313167095184,0.2079026997089386,0.25127196311950684,0.004774270113557577,1.0,56,0.030827658250927925,-0.07830224931240082,0.1001322939991951,0.140241801738739,0.11625631153583527,0.0016373464604839683,1.0,0.04853338189423084,-0.0028416221030056477,0.25127196311950684,-0.1995631605386734,0.11625631153583527,-0.07830224931240082,1.0
1790268703.1183555,43.687828063964844,871,0,10,-0.01367340050637722,-0.03296203538775444,0.03647085279226303,0.011836116202175617,0.04636247828602791,0.0007898917538113892,1.0,14,0.0026005336549133062,-0.0529153011739254,0.03532467782497406,0.07737813889980316,0.08090246468782425,0.0028026739601045847,1.0,28,0.0715288445353508,-0.17975834012031555,0.09715306758880615,0.14416174590587616,0.21035073697566986,0.004349731840193272,1.0,56,0.050600867718458176,-0.07298142462968826,0.06991484016180038,0.09539902955293655,0.10290898382663727,0.0019339934224262834,1.0,0.06363247148692608,-0.04293866828083992,0.21035073697566986,-0.17975834012031555,0.10290898382663727,-0.07298142462968826,1.0
1790268703.1663415,43.73581409454346,872,0,10,-0.01561126671731472,-0.00405120849609375,0.01970580592751503,0.010510984808206558,0.02309529483318329,0.0004249725607223809,1.0,14,-0.006870814599096775,-0.0030310493893921375,0.03889979422092438,0.04312377795577049,0.051418788731098175,0.003657509107142687,1.0,28,0.052944183349609375,-0.107513427734375,0.07855936884880066,0.11244914680719376,0.14574919641017914,0.002373716328293085,1.0,56,0.04390498623251915,-0.049889564514160156,0.06566252559423447,0.07288298010826111,0.0829496905207634,0.0012830973137170076,1.0,0.03725704178214073,-0.0035411289427429438,0.14574919641017914,-0.107513427734375,0.0829496905207634,-0.049889564514160156,1.0
1790268703.2183535,43.78782606124878,873,0,10,-0.02361602708697319,0.06890563666820526,0.029765300452709198,0.012052316218614578,0.07767145335674286,0.000756366178393364,1.0,14,0.0412401482462883,0.03762926533818245,0.03223969787359238,0.04463789239525795,0.07370282709598541,0.002661848906427622,1.0,28,0.054049354046583176,0.02379281260073185,0.07141900807619095,0.0965084508061409,0.11721985042095184,0.0017497788649052382,1.0,56,0.03753335028886795,0.051866259425878525,0.06804677098989487,0.06268604844808578,0.09568456560373306,0.0014484665589407086,1.0,0.07568714022636414,0.053267451003193855,0.11721985042095184,0.02379281260073185,0.09568456560373306,0.051866259425878525,1.0
1790268703.2663968,43.83586931228638,874,0,10,0.04114990308880806,0.2807632386684418,0.030268995091319084,0.026211393997073174,0.2852497100830078,0.00410566246137023,1.0,14,0.1288408488035202,0.23879459500312805,0.04107451066374779,0.08791520446538925,0.2769926190376282,0.004693455994129181,1.0,28,0.09386280924081802,0.21583230793476105,0.09044309705495834,0.24640631675720215,0.2907528281211853,0.003948472440242767,1.0,56,0.06907109171152115,0.22214944660663605,0.08121632784605026,0.23291075229644775,0.2692051827907562,0.0025020588655024767,1.0,0.281121164560318,0.2597789168357849,0.2907528281211853,0.21583230793476105,0.2692051827907562,0.22214944660663605,1.0
1790268703.3183393,43.88781189918518,875,0,10,0.180378720164299,0.441009521484375,0.052749406546354294,0.0441734716296196,0.478024959564209,0.004438845440745354,1.0,14,0.3386012613773346,0.5429186224937439,0.15097478032112122,0.078621044754982,0.6563276052474976,0.007739902473986149,1.0,28,0.06995610147714615,0.32884708046913147,0.15975096821784973,0.33811742067337036,0.44587039947509766,0.008798659779131413,1.0,56,0.1093248650431633,0.3109877407550812,0.13102871179580688,0.2625758647918701,0.36629483103752136,0.004896921571344137,1.0,0.5671762824058533,0.49196407198905945,0.44587039947509766,0.32884708046913147,0.36629483103752136,0.3109877407550812,1.0
1790268703.3703644,43.93983697891235,876,0,10,0.354928582906723,0.3107650876045227,0.12481963634490967,0.027677297592163086,0.4773696959018707,0.003289661603048444,1.0,14,0.7462855577468872,0.4360874593257904,0.2293124943971634,0.11801369488239288,0.8809633255004883,0.02534194104373455,1.0,28,-0.0132538927718997,0.1551121324300766,0.3540414273738861,0.35137632489204407,0.4750049114227295,0.014403731562197208,1.0,56,0.16742025315761566,0.22185012698173523,0.3004767894744873,0.2441771924495697,0.4207099974155426,0.008629435673356056,1.0,0.6791665107011795,0.37342627346515656,0.4750049114227295,0.1551121324300766,0.4207099974155426,0.22185012698173523,1.0
1790268703.4184065,43.987879037857056,877,0,10,0.5597580075263977,0.2628036439418793,0.1655718833208084,0.029319847002625465,0.622200608253479,0.004236126318573952,1.0,14,0.81805419921875,0.46245357394218445,0.1574418842792511,0.20880934596061707,0.9625042080879211,0.01906461827456951,1.0,28,0.07157952338457108,0.021155765280127525,0.4965170621871948,0.4619802236557007,0.6219539046287537,0.02195577882230282,1.0,56,0.30678367614746094,0.10766478627920151,0.4133848547935486,0.3112805187702179,0.534915030002594,0.011121144518256187,1.0,0.7923524081707001,0.36262860894203186,0.6219539046287537,0.021155765280127525,0.534915030002594,0.10766478627920151,1.0
1790268703.4701724,44.039644956588745,878,0,10,0.512908935546875,0.09365997463464737,0.1282084584236145,0.02478850446641445,0.5227213501930237,0.002852549310773611,1.0,14,0.7803933024406433,0.1499873548746109,0.1444488763809204,0.1281929612159729,0.8030980825424194,0.03535929694771767,1.0,28,0.3682839572429657,-0.22091402113437653,0.2622920274734497,0.43725815415382385,0.5744516253471375,0.021988343447446823,1.0,56,0.3879372775554657,-0.04809161648154259,0.27011093497276306,0.3013198971748352,0.4736884534358978,0.008879921399056911,1.0,0.6629097163677216,0.12182366475462914,0.5744516253471375,-0.22091402113437653,0.4736884534358978,-0.04809161648154259,1.0
1790268703.518066,44.08753848075867,879,0,10,0.46243590116500854,-0.0020935058128088713,0.11619996279478073,0.024550745263695717,0.4632468819618225,0.0034347032196819782,1.0,14,0.4148276150226593,-0.0736846923828125,0.12501069903373718,0.18366160988807678,0.4528520405292511,0.019032642245292664,1.0,28,0.4974190890789032,-0.34693145751953125,0.2783006429672241,0.3949081599712372,0.6818035840988159,0.02367519959807396,1.0,56,0.4488307535648346,-0.1480451375246048,0.22784438729286194,0.2576572299003601,0.5093837976455688,0.009984530508518219,1.0,0.4580494612455368,-0.037889099097810686,0.6818035840988159,-0.34693145751953125,0.5093837976455688,-0.1480451375246048,1.0
1790268703.570119,44.139591455459595,880,0,10,0.37439268827438354,-0.05903015285730362,0.06466969847679138,0.018037943169474602,0.379707008600235,0.003735339269042015,1.0,14,0.4261125922203064,0.03722381591796875,0.05537665635347366,0.054919902235269547,0.431445837020874,0.014015219174325466,1.0,28,0.48444148898124695,-0.3106357157230377,0.17687590420246124,0.25838714838027954,0.6078497767448425,0.012180264107882977,1.0,56,0.3713357150554657,-0.15193721652030945,0.1605021208524704,0.17899350821971893,0.4261460304260254,0.005623844917863607,1.0,0.4055764228105545,-0.010903168469667435,0.6078497767448425,-0.3106357157230377,0.4261460304260254,-0.15193721652030945,1.0
1790268703.6222696,44.191742181777954,881,0,10,0.2865539491176605,0.013217163272202015,0.053365640342235565,0.014179937541484833,0.2871917188167572,0.0025696440134197474,1.0,14,0.2472207248210907,-0.05381229892373085,0.09624234586954117,0.14837993681430817,0.29057201743125916,0.006408661138266325,1.0,28,0.2506147027015686,-0.22063827514648438,0.24373094737529755,0.2125740349292755,0.42785122990608215,0.011228431947529316,1.0,56,0.25357165932655334,-0.07130418717861176,0.15169286727905273,0.1582498848438263,0.29833248257637024,0.00464204465970397,1.0,0.2888818681240082,-0.020297567825764418,0.42785122990608215,-0.22063827514648438,0.29833248257637024,-0.07130418717861176,1.0
1790268703.670302,44.23977446556091,882,0,10,0.198497012257576,0.08490447700023651,0.06390904635190964,0.025812989100813866,0.21949529647827148,0.0022224136628210545,1.0,14,0.2634647786617279,0.11501748114824295,0.05861512944102287,0.03829518333077431,0.28960591554641724,0.0052484264597296715,1.0,28,0.1148790642619133,-0.30783790349960327,0.22767265141010284,0.2881321609020233,0.4300318658351898,0.02117915265262127,1.0,56,0.14623315632343292,-0.06339427083730698,0.10029149055480957,0.21077363193035126,0.2197626382112503,0.009319784119725227,1.0,0.25455060601234436,0.09996097907423973,0.4300318658351898,-0.30783790349960327,0.2197626382112503,-0.06339427083730698,1.0
1790268703.7222877,44.291760206222534,883,0,10,0.1593582183122635,0.1484939604997635,0.07984103262424469,0.037032049149274826,0.22325167059898376,0.0016869287937879562,1.0,14,0.1667829304933548,0.0725141242146492,0.09666401147842407,0.15440768003463745,0.24014230072498322,0.007363456767052412,1.0,28,0.0010724748717620969,-0.3885252773761749,0.19722317159175873,0.23569536209106445,0.4538404941558838,0.018581166863441467,1.0,56,0.04588454216718674,-0.07510443776845932,0.12895789742469788,0.23537854850292206,0.2163456678390503,0.007989910431206226,1.0,0.2316969856619835,0.11050404235720634,0.4538404941558838,-0.3885252773761749,0.2163456678390503,-0.07510443776845932,1.0
1790268703.7700782,44.339550733566284,884,0,10,0.02228393591940403,0.12441559135913849,0.022463861852884293,0.0077847824431955814,0.12833307683467865,0.0014001710806041956,1.0,14,0.0465981625020504,0.13481685519218445,0.0443146750330925,0.061000943183898926,0.15006741881370544,0.0033748620189726353,1.0,28,-0.12895093858242035,-0.29659217596054077,0.09598291665315628,0.17058944702148438,0.3399154841899872,0.005799164529889822,1.0,56,-0.039145879447460175,-0.0556575246155262,0.09104684740304947,0.16484160721302032,0.15390504896640778,0.003258952172473073,1.0,0.13920024782419205,0.12961622327566147,0.3399154841899872,-0.29659217596054077,0.15390504896640778,-0.0556575246155262,1.0
1790268703.822303,44.391775608062744,885,1,10,-0.01116332970559597,0.11126708984375,0.05772043764591217,0.015457944013178349,0.12413136661052704,0.001885903300717473,1.0,14,0.0556575246155262,0.0474570132791996,0.04866517707705498,0.03534592688083649,0.08444695174694061,0.003141485620290041,1.0,28,-0.22143663465976715,-0.5079056620597839,0.24471308290958405,0.3762928545475006,0.6058320999145508,0.008646341972053051,1.0,56,-0.1086251363158226,-0.13535581529140472,0.1815692037343979,0.31533801555633545,0.26336684823036194,0.004045251291245222,1.0,0.10428915917873383,0.0793620515614748,0.6058320999145508,-0.5079056620597839,0.26336684823036194,-0.13535581529140472,1.0
1790268703.8743534,44.4438259601593,886,0,10,-0.01430664025247097,0.05990753322839737,0.022534072399139404,0.015047854743897915,0.06512414664030075,0.0009229279821738601,1.0,14,-0.0519234798848629,-0.010236467234790325,0.052861537784338,0.08992985635995865,0.10670924931764603,0.003196942852810025,1.0,28,-0.25351062417030334,-0.5967516303062439,0.16943344473838806,0.2688049376010895,0.6769800186157227,0.00824026856571436,1.0,56,-0.14371845126152039,-0.18451786041259766,0.15927846729755402,0.305297315120697,0.28636860847473145,0.00439149234443903,1.0,0.08591669797897339,0.024835532996803522,0.6769800186157227,-0.5967516303062439,0.28636860847473145,-0.18451786041259766,1.0
1790268703.9223583,44.491830825805664,887,0,10,0.11037445068359375,0.171305850148201,0.24192336201667786,0.11361738294363022,0.2694092094898224,0.017285749316215515,1.0,14,-0.1360517293214798,0.03175026923418045,0.19433516263961792,0.1402117758989334,0.16135945916175842,0.0027645567897707224,1.0,28,-0.16284725069999695,-0.4961607754230499,0.14708419144153595,0.2676222622394562,0.5493709444999695,0.009472786448895931,1.0,56,-0.09581538289785385,-0.17874349653720856,0.14984911680221558,0.2813749313354492,0.2636980712413788,0.004646708723157644,1.0,0.2153843343257904,0.10152805969119072,0.5493709444999695,-0.4961607754230499,0.2636980712413788,-0.17874349653720856,1.0
1790268703.9742413,44.54371380805969,888,0,10,0.8532012701034546,0.5917419195175171,0.8280810713768005,0.39579012989997864,1.1136791706085205,0.24423177540302277,1.0,14,-0.4242466390132904,0.1470467746257782,0.7236036658287048,0.4619676172733307,0.4851020276546478,0.041245609521865845,1.0,28,-0.2863349914550781,-0.40295901894569397,0.24851003289222717,0.2486620545387268,0.557934582233429,0.01566319726407528,1.0,56,-0.07531901448965073,-0.12049729377031326,0.35955676436424255,0.30479198694229126,0.3425906300544739,0.024299267679452896,1.0,0.7993905991315842,0.36939434707164764,0.557934582233429,-0.40295901894569397,0.3425906300544739,-0.12049729377031326,1.0
1790268704.0224192,44.59189176559448,889,0,10,0.094970703125,0.2831832766532898,0.19133903086185455,0.12554757297039032,0.3450682759284973,0.04558946192264557,1.0,14,-0.1957375705242157,0.08705247938632965,0.10427026450634003,0.11183234304189682,0.23295725882053375,0.014846554026007652,1.0,28,-0.5139536261558533,-0.24944742023944855,0.3057974874973297,0.21466083824634552,0.6265001893043518,0.011866755783557892,1.0,56,-0.2449864000082016,-0.05664907023310661,0.23834121227264404,0.23430971801280975,0.3367258608341217,0.006927106063812971,1.0,0.28901276737451553,0.18511787801980972,0.6265001893043518,-0.24944742023944855,0.3367258608341217,-0.05664907023310661,1.0
1790268704.0742872,44.64375972747803,890,0,10,-0.3361526429653168,0.18413391709327698,0.1575222909450531,0.041380129754543304,0.39683377742767334,0.002462659729644656,1.0,14,-0.2702832818031311,0.07388196885585785,0.13506272435188293,0.11912289261817932,0.3069306015968323,0.008961757645010948,1.0,28,-0.31927600502967834,-0.2524234354496002,0.1622442901134491,0.1463736742734909,0.43863245844841003,0.010555865243077278,1.0,56,-0.3058948516845703,-0.036189351230859756,0.18335092067718506,0.1873885840177536,0.35611942410469055,0.004619501996785402,1.0,0.3518821895122528,0.1290079429745674,0.43863245844841003,-0.2524234354496002,0.35611942410469055,-0.036189351230859756,1.0
1790268704.1263285,44.69580101966858,891,0,10,-0.4686828553676605,0.2798217833042145,0.11325078457593918,0.032316651195287704,0.5507671236991882,0.0028691603802144527,1.0,14,-0.3346971869468689,0.08574022352695465,0.12564659118652344,0.1542089283466339,0.36912065744400024,0.015805302187800407,1.0,28,-0.38675418496131897,-0.1950531005859375,0.22189593315124512,0.1409541219472885,0.45264387130737305,0.01623319461941719,1.0,56,-0.35309872031211853,0.015151159837841988,0.1692647933959961,0.1685476303100586,0.3894125819206238,0.008652172051370144,1.0,0.45994389057159424,0.18278100341558456,0.45264387130737305,-0.1950531005859375,0.3894125819206238,0.015151159837841988,1.0
1790268704.174207,44.74367952346802,892,0,10,-0.4168685972690582,0.19712677597999573,0.07524396479129791,0.0513017363846302,0.4644033908843994,0.003062125528231263,1.0,14,-0.2768729031085968,0.0448695607483387,0.04920356348156929,0.07313365489244461,0.29038265347480774,0.00717976363375783,1.0,28,-0.24167142808437347,-0.11496571451425552,0.14562740921974182,0.20757611095905304,0.33058831095695496,0.012145004235208035,1.0,56,-0.276001513004303,0.03580883517861366,0.18461306393146515,0.1584925800561905,0.31659719347953796,0.004682105500251055,1.0,0.3773930221796036,0.12099816836416721,0.33058831095695496,-0.11496571451425552,0.31659719347953796,0.03580883517861366,1.0
1790268704.2263389,44.79581141471863,893,0,10,-0.4021163880825043,0.187937930226326,0.12459205090999603,0.0685129314661026,0.45849910378456116,0.0029581754934042692,1.0,14,-0.1780221164226532,0.03939056396484375,0.07584656029939651,0.09631119668483734,0.21412166953086853,0.003204501699656248,1.0,28,-0.22397340834140778,-0.0373600535094738,0.07788503915071487,0.09888634830713272,0.24344660341739655,0.0032233346719294786,1.0,56,-0.2425708770751953,0.08073043823242188,0.12838789820671082,0.12274026870727539,0.2748816907405853,0.002742056269198656,1.0,0.33631038665771484,0.11366424709558487,0.24344660341739655,-0.0373600535094738,0.2748816907405853,0.08073043823242188,1.0
1790268704.2742858,44.84375834465027,894,0,10,-0.19402465224266052,0.163227841258049,0.07133233547210693,0.05341063812375069,0.2577323615550995,0.002678314922377467,1.0,14,-0.1915980726480484,0.1602260023355484,0.06409498304128647,0.06196942180395126,0.25729408860206604,0.005128774791955948,1.0,28,-0.21374021470546722,0.0758122056722641,0.0858292356133461,0.10405528545379639,0.24466456472873688,0.002351213013753295,1.0,56,-0.19437626004219055,0.1261269748210907,0.09592480957508087,0.09543469548225403,0.2464904934167862,0.0022014889400452375,1.0,0.25751322507858276,0.1617269217967987,0.24466456472873688,0.0758122056722641,0.2464904934167862,0.1261269748210907,1.0
1790268704.326217,44.895689487457275,895,0,10,-0.4036727845668793,0.3557113707065582,0.06748584657907486,0.039875250309705734,0.5391761660575867,0.004041136242449284,1.0,14,-0.2566855251789093,0.36303821206092834,0.1773068904876709,0.12267305701971054,0.4635966122150421,0.012918739579617977,1.0,28,-0.3876953125,0.31883731484413147,0.07392974197864532,0.13305553793907166,0.5111951231956482,0.00688099255785346,1.0,56,-0.3798239529132843,0.3404077887535095,0.15798206627368927,0.18105940520763397,0.5302804112434387,0.004736738745123148,1.0,0.5013863891363144,0.3593747913837433,0.5111951231956482,0.31883731484413147,0.5302804112434387,0.3404077887535095,1.0
1790268704.378066,44.94753861427307,896,0,10,-0.7771087884902954,0.9236190915107727,0.12270604819059372,0.07454771548509598,1.2096809148788452,0.004549688659608364,1.0,14,-0.5923134684562683,0.7357395887374878,0.3208972215652466,0.2747630774974823,0.9599481821060181,0.02247116155922413,1.0,28,-0.9301779866218567,0.9591418504714966,0.16378282010555267,0.08291514962911606,1.3423430919647217,0.008749972097575665,1.0,56,-0.7102783918380737,0.718038022518158,0.2742600440979004,0.3039274215698242,1.0334112644195557,0.0064075100235641,1.0,1.0848145484924316,0.8296793401241302,1.3423430919647217,0.9591418504714966,1.0334112644195557,0.718038022518158,1.0
1790268704.4263191,44.99579167366028,897,0,10,-0.9005523920059204,1.0819885730743408,0.1265919953584671,0.04060528054833412,1.411893367767334,0.004240106791257858,1.0,14,-0.5403725504875183,0.9249671101570129,0.18606999516487122,0.17060180008411407,1.079314947128296,0.03265177458524704,1.0,28,-0.7847666144371033,1.3659967184066772,0.15189902484416962,0.07776739448308945,1.582000732421875,0.007357502821832895,1.0,56,-0.7177238464355469,0.9877938032150269,0.31261563301086426,0.4430619180202484,1.2484558820724487,0.0054272073321044445,1.0,1.245604157447815,1.0034778416156769,1.582000732421875,1.3659967184066772,1.2484558820724487,0.9877938032150269,1.0
1790268704.4784384,45.047910928726196,898,0,10,-0.5356643795967102,1.3367691040039062,0.07761099934577942,0.06999412178993225,1.4414390325546265,0.005935081280767918,1.0,14,-0.2753448486328125,0.8121915459632874,0.24946579337120056,0.28685668110847473,0.8724342584609985,0.023905275389552116,1.0,28,-0.20848192274570465,1.4508378505706787,0.1617610603570938,0.16632506251335144,1.47328782081604,0.00542325247079134,1.0,56,-0.3684733211994171,1.0270434617996216,0.29328447580337524,0.5181760191917419,1.1447898149490356,0.004890472628176212,1.0,1.1569366455078125,1.0744803249835968,1.47328782081604,1.4508378505706787,1.1447898149490356,1.0270434617996216,1.0
1790268704.5263894,45.09586191177368,899,0,10,0.0061050415970385075,0.631878674030304,0.12373018264770508,0.15519869327545166,0.643900990486145,0.00862480141222477,1.0,14,0.1397639662027359,0.6831992268562317,0.15348520874977112,0.3259987533092499,0.7066980600357056,0.01957651786506176,1.0,28,0.29717200994491577,1.0188566446304321,0.1552307903766632,0.15598022937774658,1.0741016864776611,0.008102216757833958,1.0,56,0.06073134392499924,0.6744406819343567,0.20067790150642395,0.3676498532295227,0.710145115852356,0.007640839088708162,1.0,0.6752995252609253,0.6575389504432678,1.0741016864776611,1.0188566446304321,0.710145115852356,0.6744406819343567,1.0
1790268704.578287,45.147759437561035,900,1,10,0.160502627491951,0.22409972548484802,0.14320312440395355,0.026443343609571457,0.30146366357803345,0.004630020819604397,1.0,14,0.1649060994386673,0.3064335286617279,0.13043931126594543,0.11048327386379242,0.37134313583374023,0.010755268856883049,1.0,28,0.324036180973053,0.3935225307941437,0.1302027702331543,0.08939602226018906,0.5170356631278992,0.008223425596952438,1.0,56,0.1608952134847641,0.26414600014686584,0.17960935831069946,0.13190829753875732,0.33815643191337585,0.004125779028981924,1.0,0.33640339970588684,0.26526662707328796,0.5170356631278992,0.3935225307941437,0.33815643191337585,0.26414600014686584,1.0
1790268704.6304967,45.19996929168701,901,0,10,0.18193206191062927,0.09311523288488388,0.10183268040418625,0.02702302485704422,0.2112751305103302,0.001623932272195816,1.0,14,0.3087245523929596,0.18606676161289215,0.15254798531532288,0.11346469074487686,0.3779314458370209,0.01433052122592926,1.0,28,0.22788456082344055,0.2508659362792969,0.10391031950712204,0.07947638630867004,0.35544800758361816,0.006086567882448435,1.0,56,0.14558519423007965,0.14943940937519073,0.14154160022735596,0.11561325937509537,0.2446446269750595,0.002937873126938939,1.0,0.29460328817367554,0.13959099724888802,0.35544800758361816,0.2508659362792969,0.2446446269750595,0.14943940937519073,1.0
1790268704.6784425,45.24791502952576,902,0,10,0.04687652736902237,-0.01700439490377903,0.03741851821541786,0.05150723084807396,0.07403607666492462,0.0018639512127265334,1.0,14,0.0717119500041008,0.0642220601439476,0.060722339898347855,0.03373277187347412,0.11144574731588364,0.003856235882267356,1.0,28,0.07342366129159927,0.08577019721269608,0.08295981585979462,0.04299847036600113,0.13554023206233978,0.002779028145596385,1.0,56,0.04692486301064491,0.05843571200966835,0.09018678218126297,0.09051097184419632,0.13259005546569824,0.0020735301077365875,1.0,0.09274091199040413,0.023608832620084286,0.13554023206233978,0.08577019721269608,0.13259005546569824,0.05843571200966835,1.0
1790268704.7303293,45.29980182647705,903,0,10,-0.02148590050637722,-0.02538147009909153,0.03499998152256012,0.033101290464401245,0.040258605033159256,0.0010825402569025755,1.0,14,0.0176871158182621,0.03431810811161995,0.031371548771858215,0.02331177517771721,0.04919043555855751,0.002957955002784729,1.0,28,-0.052179064601659775,0.0611245296895504,0.06300338357686996,0.030686531215906143,0.09763262420892715,0.0015001501888036728,1.0,56,-0.06392832845449448,0.05683135986328125,0.0686718225479126,0.08025236427783966,0.10744038969278336,0.0012080037267878652,1.0,0.04472452029585838,0.00446831900626421,0.09763262420892715,0.0611245296895504,0.10744038969278336,0.05683135986328125,1.0
1790268704.7780716,45.34754419326782,904,0,10,-0.19984741508960724,-0.04996337741613388,0.10389924794435501,0.046270646154880524,0.20752298831939697,0.0037397812120616436,1.0,14,-0.1373182088136673,-0.020172119140625,0.05699336528778076,0.058840423822402954,0.15000562369823456,0.007086928468197584,1.0,28,-0.22264207899570465,0.0047705513425171375,0.09424950927495956,0.02826950140297413,0.22435975074768066,0.00226889387704432,1.0,56,-0.19499342143535614,0.012649809010326862,0.09721048921346664,0.07103772461414337,0.2097325325012207,0.002017824212089181,1.0,0.17876430600881577,-0.03506774827837944,0.22435975074768066,0.0047705513425171375,0.2097325325012207,0.012649809010326862,1.0
1790268704.8299952,45.3994677066803,905,0,10,-0.1943359375,-0.09197540581226349,0.11846549808979034,0.07277705520391464,0.22424861788749695,0.0049545541405677795,1.0,14,-0.4754159152507782,-0.30773597955703735,0.308573454618454,0.24804119765758514,0.6042452454566956,0.024404751136898994,1.0,28,-0.08213860541582108,-0.06880732625722885,0.03964075818657875,0.055183295160532,0.11567992717027664,0.0019355209078639746,1.0,56,-0.20811761915683746,-0.05473218485713005,0.22578202188014984,0.09758789092302322,0.23452530801296234,0.0025865952484309673,1.0,0.41424693167209625,-0.19985569268465042,0.11567992717027664,-0.06880732625722885,0.23452530801296234,-0.05473218485713005,1.0
1790268704.8820984,45.451570987701416,906,0,10,-0.9450408816337585,-0.477059930562973,0.22464781999588013,0.16617318987846375,1.065452218055725,0.04314083978533745,1.0,14,-0.7230987548828125,-0.9481146931648254,0.2992359697818756,0.3029428720474243,1.257548451423645,0.031371187418699265,1.0,28,-0.005131857935339212,-0.7993322014808655,0.21506242454051971,0.35398122668266296,0.8220399618148804,0.007821332663297653,1.0,56,-0.3153223395347595,-0.4616135060787201,0.41461268067359924,0.47198954224586487,0.715417742729187,0.008390280418097973,1.0,1.161500334739685,-0.7125873118638992,0.8220399618148804,-0.7993322014808655,0.715417742729187,-0.4616135060787201,1.0
1790268704.9303963,45.499868869781494,907,0,10,-0.9122955203056335,-0.6259261965751648,0.24307893216609955,0.2765483260154724,1.1184120178222656,0.06968741863965988,1.0,14,-0.9763053059577942,-1.1612417697906494,0.2511277198791504,0.2818410396575928,1.553646445274353,0.053280334919691086,1.0,28,-0.15284347534179688,-0.8115441203117371,0.16014817357063293,0.2718729078769684,0.8354201316833496,0.005145718809217215,1.0,56,-0.45054545998573303,-0.4669192135334015,0.48669150471687317,0.4628658890724182,0.7905880808830261,0.009372343309223652,1.0,1.3360292315483093,-0.8935839831829071,0.8354201316833496,-0.8115441203117371,0.7905880808830261,-0.4669192135334015,1.0
1790268704.9824185,45.55189108848572,908,0,10,-0.7702530026435852,-0.4058731198310852,0.18809637427330017,0.14464601874351501,0.8737084269523621,0.020048122853040695,1.0,14,-0.9054369330406189,-0.6963282823562622,0.16602280735969543,0.20973235368728638,1.1621400117874146,0.017348483204841614,1.0,28,-0.28954097628593445,-0.5607735514640808,0.15176863968372345,0.13464902341365814,0.6419132351875305,0.007443551439791918,1.0,56,-0.39909499883651733,-0.3113490641117096,0.2957461178302765,0.2827940881252289,0.5695856213569641,0.006196156144142151,1.0,1.0179242193698883,-0.5511007010936737,0.6419132351875305,-0.5607735514640808,0.5695856213569641,-0.3113490641117096,1.0
1790268705.0303605,45.5998330116272,909,0,10,-0.36292266845703125,-0.21878203749656677,0.07851602137088776,0.04394201561808586,0.42643290758132935,0.007107243873178959,1.0,14,-0.4358934760093689,-0.2462114542722702,0.1838904321193695,0.2144615799188614,0.5571580529212952,0.02342882566154003,1.0,28,-0.22485460340976715,-0.1308528333902359,0.0950765460729599,0.051873330026865005,0.2688085734844208,0.003601995762437582,1.0,56,-0.23585237562656403,-0.0963766947388649,0.1749572455883026,0.11507492512464523,0.27785438299179077,0.0028467338997870684,1.0,0.49179548025131226,-0.2324967458844185,0.2688085734844208,-0.1308528333902359,0.27785438299179077,-0.0963766947388649,1.0
1790268705.0824063,45.65187883377075,910,0,10,-0.1733245849609375,-0.17482757568359375,0.04913117736577988,0.030589831992983818,0.25104281306266785,0.002101088874042034,1.0,14,-0.1508680135011673,-0.1438424289226532,0.11133827269077301,0.12164182215929031,0.2512233257293701,0.00936310924589634,1.0,28,-0.30343517661094666,-0.03796931728720665,0.10604077577590942,0.07539483904838562,0.3156222999095917,0.004147033207118511,1.0,56,-0.17054666578769684,-0.06809943169355392,0.13576717674732208,0.07571424543857574,0.20230361819267273,0.002837748732417822,1.0,0.251133069396019,-0.15933500230312347,0.3156222999095917,-0.03796931728720665,0.20230361819267273,-0.06809943169355392,1.0
1790268705.1343875,45.70386004447937,911,0,10,-0.06250610202550888,-0.22088623046875,0.06550280004739761,0.04256202653050423,0.23798266053199768,0.005676488392055035,1.0,14,-0.013469151221215725,-0.08546774834394455,0.05098395794630051,0.08909593522548676,0.12020211666822433,0.003416928695514798,1.0,28,-0.13704626262187958,-0.12679781019687653,0.06510496139526367,0.06226213648915291,0.19943778216838837,0.0016939763445407152,1.0,56,-0.03758539631962776,-0.1381923109292984,0.09801177680492401,0.09062578529119492,0.17737838625907898,0.0021622010972350836,1.0,0.179092388600111,-0.15317698940634727,0.19943778216838837,-0.12679781019687653,0.17737838625907898,-0.1381923109292984,1.0
1790268705.1823654,45.751837968826294,912,0,10,0.11210785061120987,-0.3493148684501648,0.11572393774986267,0.03876684233546257,0.38008108735084534,0.007032903376966715,1.0,14,-0.0010790143860504031,-0.2193516343832016,0.08391530066728592,0.11273998767137527,0.24084711074829102,0.005112537182867527,1.0,28,-0.0407060906291008,-0.28821781277656555,0.05681684985756874,0.11449918150901794,0.2987375557422638,0.005091601051390171,1.0,56,0.058529991656541824,-0.2643241882324219,0.1132296472787857,0.15374711155891418,0.3052777647972107,0.0043935710564255714,1.0,0.3104640990495682,-0.2843332514166832,0.2987375557422638,-0.28821781277656555,0.3052777647972107,-0.2643241882324219,1.0
1790268705.234429,45.8039014339447,913,0,10,0.01762085035443306,-0.4226333498954773,0.08916956931352615,0.04286248981952667,0.43333253264427185,0.006517971865832806,1.0,14,0.0341295525431633,-0.26963478326797485,0.07191693037748337,0.13977164030075073,0.2778642177581787,0.009432424791157246,1.0,28,-0.1197967529296875,-0.4823564887046814,0.09251469373703003,0.12982149422168732,0.505206286907196,0.004961023572832346,1.0,56,0.04347855597734451,-0.3334898352622986,0.1653621643781662,0.1795671582221985,0.38813188672065735,0.0038535892963409424,1.0,0.3555983752012253,-0.3461340665817261,0.505206286907196,-0.4823564887046814,0.38813188672065735,-0.3334898352622986,1.0
1790268705.282465,45.85193753242493,914,0,10,0.04990539699792862,-0.3327163755893707,0.08412360399961472,0.030287474393844604,0.34566953778266907,0.003222355619072914,1.0,14,-0.0314832404255867,-0.20717403292655945,0.10656410455703735,0.13534840941429138,0.24295322597026825,0.007022146601229906,1.0,28,-0.12982723116874695,-0.2622593343257904,0.11097659170627594,0.07240711152553558,0.3104419410228729,0.002995910821482539,1.0,56,0.0058950698003172874,-0.21157319843769073,0.13979005813598633,0.13160651922225952,0.26363077759742737,0.0024987789802253246,1.0,0.29431138187646866,-0.2699452042579651,0.3104419410228729,-0.2622593343257904,0.26363077759742737,-0.21157319843769073,1.0
1790268705.3344052,45.90387773513794,915,1,10,0.04873504489660263,-0.5082947015762329,0.09984869509935379,0.049469973891973495,0.5204836130142212,0.01031411997973919,1.0,14,0.1123787984251976,-0.32881492376327515,0.1644260138273239,0.2898790240287781,0.4136604964733124,0.012973325327038765,1.0,28,-0.07032012939453125,-0.19862201809883118,0.14272305369377136,0.11641118675470352,0.2606457471847534,0.0033348319120705128,1.0,56,0.08265413343906403,-0.21989862620830536,0.17231722176074982,0.2057286947965622,0.31983035802841187,0.003649139543995261,1.0,0.4670720547437668,-0.41855481266975403,0.2606457471847534,-0.19862201809883118,0.31983035802841187,-0.21989862620830536,1.0
1790268705.3862062,45.95567870140076,916,0,10,0.21015778183937073,-0.3631881773471832,0.09779989719390869,0.059084270149469376,0.42480379343032837,0.0033134364057332277,1.0,14,-0.010997227393090725,-0.17393384873867035,0.11835432052612305,0.08853455632925034,0.2157042771577835,0.006919839419424534,1.0,28,0.12775257229804993,-0.06665583699941635,0.703361451625824,0.19484496116638184,0.6828622221946716,0.015553946606814861,1.0,56,0.2969276010990143,-0.1440242975950241,0.41522833704948425,0.22983507812023163,0.5123724341392517,0.009983383119106293,1.0,0.32025403529405594,-0.2685610130429268,0.6828622221946716,-0.06665583699941635,0.5123724341392517,-0.1440242975950241,1.0
1790268705.434025,46.00349760055542,917,0,10,0.32858580350875854,-0.1269485503435135,0.07331196963787079,0.02267763577401638,0.35390931367874146,0.002939391415566206,1.0,14,0.2070770263671875,0.08192116767168045,0.1349141001701355,0.19243483245372772,0.2667326331138611,0.017991458997130394,1.0,28,0.40351051092147827,0.5237508416175842,0.9333698153495789,0.3118319809436798,1.0742607116699219,0.03390214592218399,1.0,56,0.44857051968574524,0.15515708923339844,0.537939190864563,0.3182424306869507,0.6132607460021973,0.014137087389826775,1.0,0.31032097339630127,-0.02251369133591652,1.0742607116699219,0.5237508416175842,0.6132607460021973,0.15515708923339844,1.0
1790268705.486169,46.055641651153564,918,0,10,0.3585830628871918,0.04233245924115181,0.1321498453617096,0.02186267450451851,0.36138659715652466,0.004254604689776897,1.0,14,0.4044363796710968,0.1661725789308548,0.1664912849664688,0.11838195472955704,0.44955986738204956,0.00986713171005249,1.0,28,0.7822483777999878,0.8911792039871216,0.22095753252506256,0.2467445731163025,1.207762360572815,0.01325965765863657,1.0,56,0.5882843732833862,0.30782440304756165,0.2698986828327179,0.4161216616630554,0.7268627882003784,0.00822595413774252,1.0,0.4054732322692871,0.1042525190860033,1.207762360572815,0.8911792039871216,0.7268627882003784,0.30782440304756165,1.0
1790268705.5344546,46.10392713546753,919,0,10,0.6421920657157898,-0.10514678806066513,0.07228557020425797,0.03294254094362259,0.6513246893882751,0.002755864756181836,1.0,14,0.5221928358078003,-0.0569370798766613,0.11047486960887909,0.12798245251178741,0.5418409109115601,0.014615332707762718,1.0,28,0.6344152092933655,0.0957576185464859,0.17221315205097198,0.10523683577775955,0.6479786038398743,0.009373486042022705,1.0,56,0.5928366780281067,-0.05197470635175705,0.21441106498241425,0.15208496153354645,0.6199498176574707,0.005885080434381962,1.0,0.5965828001499176,-0.08104193396866322,0.6479786038398743,0.0957576185464859,0.6199498176574707,-0.05197470635175705,1.0
1790268705.5864427,46.15591526031494,920,0,10,0.8273849487304688,-0.6126159429550171,0.16394537687301636,0.057706549763679504,1.037424087524414,0.0059494748711586,1.0,14,0.52337646484375,-0.19480133056640625,0.22111022472381592,0.2340257316827774,0.5964941382408142,0.017584340646862984,1.0,28,0.4861820638179779,-0.26144298911094666,0.21089580655097961,0.08013375848531723,0.5579434633255005,0.00660508731380105,1.0,56,0.5525485277175903,-0.37297725677490234,0.27122533321380615,0.16725760698318481,0.6806412935256958,0.005186299327760935,1.0,0.8169591128826141,-0.40370863676071167,0.5579434633255005,-0.26144298911094666,0.6806412935256958,-0.37297725677490234,1.0
1790268705.6384873,46.2079598903656,921,0,10,0.15567931532859802,-1.0697219371795654,0.25279051065444946,0.12613965570926666,1.1094142198562622,0.024137359112501144,1.0,14,0.4149017333984375,-0.2790985107421875,0.3254857063293457,0.2510475814342499,0.5159100890159607,0.01700936071574688,1.0,28,0.22350965440273285,-0.34587642550468445,0.11125173419713974,0.1285247504711151,0.41764354705810547,0.006288256961852312,1.0,56,0.24828992784023285,-0.41841331124305725,0.191877081990242,0.26839369535446167,0.5100141763687134,0.006160880904644728,1.0,0.8126621544361115,-0.6744102239608765,0.41764354705810547,-0.34587642550468445,0.5100141763687134,-0.41841331124305725,1.0
1790268705.686438,46.25591063499451,922,0,10,-0.2061508148908615,-0.47823333740234375,0.19880913197994232,0.12929244339466095,0.5495402812957764,0.0064520263113081455,1.0,14,0.0405295230448246,-0.26889365911483765,0.08047209680080414,0.07702141255140305,0.28076228499412537,0.00836971215903759,1.0,28,-0.12836728990077972,-0.31158775091171265,0.08708054572343826,0.07945877313613892,0.3510204255580902,0.005119570065289736,1.0,56,-0.04859352111816406,-0.22061088681221008,0.13069038093090057,0.13767895102500916,0.2547990381717682,0.0034143775701522827,1.0,0.41515128314495087,-0.3735634982585907,0.3510204255580902,-0.31158775091171265,0.2547990381717682,-0.22061088681221008,1.0
1790268705.7384217,46.307894229888916,923,0,10,-0.174327090382576,-0.17156830430030823,0.11085128039121628,0.038809724152088165,0.26064589619636536,0.002123936079442501,1.0,14,-0.1358577162027359,-0.1272517591714859,0.045976728200912476,0.05301515385508537,0.1912342607975006,0.005214624106884003,1.0,28,-0.3053627014160156,-0.19870267808437347,0.06764033436775208,0.08883036673069,0.3763783574104309,0.0051181139424443245,1.0,56,-0.16352789103984833,-0.1235504150390625,0.14410050213336945,0.09435997903347015,0.21927239000797272,0.0027475894894450903,1.0,0.22594007849693298,-0.14941003173589706,0.3763783574104309,-0.19870267808437347,0.21927239000797272,-0.1235504150390625,1.0
1790268705.7864504,46.35592293739319,924,0,10,-0.14766845107078552,-0.04512634128332138,0.03683645650744438,0.03040844015777111,0.15756066143512726,0.001525333384051919,1.0,14,-0.1338718980550766,-0.0657479390501976,0.03863449767231941,0.04439414665102959,0.1539154201745987,0.007616543211042881,1.0,28,-0.4589015543460846,-0.1760668009519577,0.10743697732686996,0.17294317483901978,0.517972469329834,0.008460196666419506,1.0,56,-0.24533899128437042,-0.09118080139160156,0.1719968467950821,0.14096194505691528,0.2801901698112488,0.00547982519492507,1.0,0.15573804080486298,-0.05543714016675949,0.517972469329834,-0.1760668009519577,0.2801901698112488,-0.09118080139160156,1.0
1790268705.8384197,46.40789222717285,925,0,10,-0.13526764512062073,0.02718811109662056,0.04779534786939621,0.012999126687645912,0.13873867690563202,0.0017704025376588106,1.0,14,-0.1214272603392601,-0.011774335987865925,0.08075138926506042,0.07433386892080307,0.13546353578567505,0.0039389836601912975,1.0,28,-0.3339326083660126,-0.08866173774003983,0.16805104911327362,0.09318704903125763,0.35613688826560974,0.006354412995278835,1.0,56,-0.2265886515378952,-0.026092801243066788,0.1590249389410019,0.10076428204774857,0.2478731870651245,0.00339187472127378,1.0,0.13710110634565353,0.007706887554377317,0.35613688826560974,-0.08866173774003983,0.2478731870651245,-0.026092801243066788,1.0
1790268705.8903751,46.45984768867493,926,0,10,-0.09728088229894638,0.134715273976326,0.024840371683239937,0.012423951178789139,0.16791938245296478,0.0013241011183708906,1.0,14,-0.0926731675863266,0.0857086181640625,0.0737093836069107,0.05150158703327179,0.13247354328632355,0.005133218131959438,1.0,28,-0.1268637478351593,0.04411642998456955,0.1226433515548706,0.0567019097507,0.15695512294769287,0.0028344939928501844,1.0,56,-0.1359272003173828,0.06236594170331955,0.09990643709897995,0.07403279840946198,0.16632847487926483,0.001979056978598237,1.0,0.15019646286964417,0.11021194607019424,0.15695512294769287,0.04411642998456955,0.16632847487926483,0.06236594170331955,1.0
1790268705.9385176,46.50799012184143,927,0,10,-0.02453765831887722,0.246165469288826,0.04286161810159683,0.04167211428284645,0.2508462071418762,0.0052702054381370544,1.0,14,-0.0021950858645141125,0.09672655165195465,0.026336923241615295,0.025213267654180527,0.10029632598161697,0.0024433655198663473,1.0,28,0.10185132920742035,0.37395206093788147,0.29982641339302063,0.2437499314546585,0.4635929465293884,0.013271912932395935,1.0,56,-0.023881640285253525,0.2273120880126953,0.08847307413816452,0.21168996393680573,0.2539191246032715,0.005511450115591288,1.0,0.1755712665617466,0.17144601047039032,0.4635929465293884,0.37395206093788147,0.2539191246032715,0.2273120880126953,1.0
1790268705.9903505,46.55982303619385,928,0,10,-0.00284576416015625,0.1751708984375,0.03960465267300606,0.02227378450334072,0.1798018366098404,0.0016088202828541398,1.0,14,0.0375235415995121,0.1173836812376976,0.04314344748854637,0.06457997113466263,0.13421019911766052,0.0032493937760591507,1.0,28,0.41063743829727173,1.0927679538726807,0.3072059750556946,0.5580062866210938,1.2088595628738403,0.029939988628029823,1.0,56,0.1396702378988266,0.43044513463974,0.20879192650318146,0.554100751876831,0.48217418789863586,0.00897774938493967,1.0,0.15700601786375046,0.1462772898375988,1.2088595628738403,1.0927679538726807,0.48217418789863586,0.43044513463974,1.0
1790268706.038048,46.60752058029175,929,0,10,0.08143158257007599,0.18929442763328552,0.041653845459222794,0.026964161545038223,0.20981664955615997,0.0011271147523075342,1.0,14,0.00798688642680645,0.11201585829257965,0.03883828967809677,0.04004523158073425,0.11822257190942764,0.0030438974499702454,1.0,27,0.32914790511131287,1.391719102859497,0.6595025062561035,1.0511819124221802,1.5795347690582275,0.11054080724716187,0.9642857142857143,56,0.1518511027097702,0.5170985460281372,0.36462926864624023,0.7978867292404175,0.6057521104812622,0.03047480620443821,1.0,0.1640196107327938,0.1506551429629326,1.5795347690582275,1.391719102859497,0.6057521104812622,0.5170985460281372,0.9910714285714286
1790268706.0900912,46.65956377983093,930,1,10,0.07991180568933487,0.20570679008960724,0.03433956205844879,0.01772063598036766,0.22334857285022736,0.001473661744967103,1.0,14,0.069793701171875,0.1609758585691452,0.05678432807326317,0.11248794198036194,0.19131453335285187,0.005924020893871784,1.0,27,0.2690463662147522,0.6327955722808838,0.4846619963645935,0.5517920851707458,0.7828472256660461,0.08455370366573334,1.0,56,0.09706415235996246,0.2664332985877991,0.18303415179252625,0.349483847618103,0.32101207971572876,0.03202254697680473,1.0,0.2073315531015396,0.18334132432937622,0.7828472256660461,0.6327955722808838,0.32101207971572876,0.2664332985877991,1.0
1790268706.1423523,46.711824893951416,931,0,10,0.08966217190027237,0.12125396728515625,0.046625539660453796,0.027687298133969307,0.15513595938682556,0.002898006234318018,1.0,14,0.075347900390625,0.1729540079832077,0.06138516589999199,0.05738835409283638,0.2005477398633957,0.003793091746047139,1.0,27,0.16633492708206177,0.0758904367685318,0.15057532489299774,0.07511056214570999,0.19622328877449036,0.01114708837121725,1.0,56,0.10723549872636795,0.05446147918701172,0.062098100781440735,0.07008696347475052,0.13814087212085724,0.004815627355128527,1.0,0.17784184962511063,0.14710398763418198,0.19622328877449036,0.0758904367685318,0.13814087212085724,0.05446147918701172,1.0
1790268706.190432,46.759904623031616,932,0,10,0.19253692030906677,0.07162018120288849,0.09199699014425278,0.022742504253983498,0.20923444628715515,0.002945759566500783,1.0,14,0.1780722439289093,0.125274658203125,0.05286245793104172,0.05313809588551521,0.22210709750652313,0.005922306794673204,1.0,27,0.30597659945487976,0.04136205464601517,0.2025156021118164,0.08561385422945023,0.3191056549549103,0.004773861728608608,1.0,56,0.1921602040529251,0.021650860086083412,0.10098326206207275,0.07752161473035812,0.20822831988334656,0.0032693909015506506,1.0,0.21567077189683914,0.09844741970300674,0.3191056549549103,0.04136205464601517,0.20822831988334656,0.021650860086083412,1.0
1790268706.2425113,46.811983823776245,933,0,10,0.13788452744483948,-0.09277953952550888,0.05427374690771103,0.06242792680859566,0.1731645166873932,0.003048212733119726,1.0,14,0.1860613077878952,0.01588984951376915,0.09549745172262192,0.0840410441160202,0.20067448914051056,0.007263009436428547,1.0,27,0.27323517203330994,-0.15205270051956177,0.10388851165771484,0.1040646955370903,0.3297622501850128,0.005438590422272682,1.0,56,0.2418804168701172,-0.13786588609218597,0.11686572432518005,0.09135818481445312,0.28998106718063354,0.003820445155724883,1.0,0.18691950291395187,-0.038444845005869865,0.3297622501850128,-0.15205270051956177,0.28998106718063354,-0.13786588609218597,1.0
1790268706.2904713,46.859943866729736,934,0,10,0.35368651151657104,-0.23883056640625,0.03474334254860878,0.053339116275310516,0.42810970544815063,0.003403692739084363,1.0,14,0.2004416286945343,-0.17192840576171875,0.0719260573387146,0.07524926960468292,0.27533891797065735,0.016440583392977715,1.0,27,0.30842816829681396,-0.23781614005565643,0.09902768582105637,0.1049620509147644,0.3989720642566681,0.005606858991086483,1.0,56,0.26578792929649353,-0.21522848308086395,0.12841813266277313,0.12389487028121948,0.35843855142593384,0.003977959044277668,1.0,0.351724311709404,-0.20537948608398438,0.3989720642566681,-0.23781614005565643,0.35843855142593384,-0.21522848308086395,1.0
1790268706.3423593,46.911831855773926,935,0,10,0.445840448141098,-0.2537795901298523,0.03448660671710968,0.03722724691033363,0.5141710042953491,0.0030069705098867416,1.0,14,0.3330797553062439,-0.0749707892537117,0.13872070610523224,0.11284512281417847,0.3587624430656433,0.020513061434030533,1.0,27,0.5446410179138184,-0.26428279280662537,0.09093417972326279,0.11515568941831589,0.6167049407958984,0.004334437660872936,1.0,56,0.4588225185871124,-0.25946563482284546,0.16316111385822296,0.1147378534078598,0.5423763394355774,0.0035393494181334972,1.0,0.4364667236804962,-0.164375189691782,0.6167049407958984,-0.26428279280662537,0.5423763394355774,-0.25946563482284546,1.0
1790268706.3905,46.959972620010376,936,0,10,0.5631271600723267,-0.33933258056640625,0.05137931555509567,0.039483536034822464,0.6585946083068848,0.0040121665224432945,1.0,14,0.4417397677898407,-0.1610935777425766,0.12649472057819366,0.14237183332443237,0.491225928068161,0.015570001676678658,1.0,27,0.5788969993591309,-0.25075051188468933,0.11213915050029755,0.07929231226444244,0.6362271308898926,0.007339733652770519,1.0,56,0.50750732421875,-0.2707308232784271,0.21173909306526184,0.11124943941831589,0.593227744102478,0.005562557838857174,1.0,0.5749102681875229,-0.2502130791544914,0.6362271308898926,-0.25075051188468933,0.593227744102478,-0.2707308232784271,1.0
1790268706.442434,47.01190662384033,937,0,10,0.6421157717704773,-0.46502685546875,0.12545937299728394,0.03478113189339638,0.7983183264732361,0.0056712268851697445,1.0,14,0.4003121554851532,-0.5153285264968872,0.1767418533563614,0.29283207654953003,0.6989472508430481,0.013487539254128933,1.0,27,0.5229949951171875,-0.35608023405075073,0.09981971979141235,0.15402235090732574,0.6409996747970581,0.004966719076037407,1.0,56,0.4915378987789154,-0.36374419927597046,0.2131088823080063,0.15634138882160187,0.6250938773155212,0.004988609813153744,1.0,0.7486327886581421,-0.4901776909828186,0.6409996747970581,-0.35608023405075073,0.6250938773155212,-0.36374419927597046,1.0
1790268706.4944198,47.06389236450195,938,0,10,0.3171340823173523,-0.3541610836982727,0.03518319129943848,0.04451291263103485,0.4770891070365906,0.005991025827825069,1.0,14,0.21697998046875,-0.12546102702617645,0.030069436877965927,0.06866662204265594,0.2591416537761688,0.013401338830590248,1.0,27,0.2245279997587204,-0.2035912424325943,0.07468166947364807,0.12283946573734283,0.3135053217411041,0.0026985083241015673,1.0,56,0.22432109713554382,-0.22155626118183136,0.15600533783435822,0.15702854096889496,0.32843759655952454,0.0029162245336920023,1.0,0.3681153804063797,-0.23981105536222458,0.3135053217411041,-0.2035912424325943,0.32843759655952454,-0.22155626118183136,1.0
1790268706.542446,47.111918449401855,939,0,10,-0.0013305663596838713,-0.15434113144874573,0.05284259840846062,0.0417955182492733,0.16311469674110413,0.0016264083096757531,1.0,14,0.0473284050822258,-0.09541212022304535,0.02863527275621891,0.05714442953467369,0.11559933423995972,0.0023954655043780804,1.0,27,-0.03246335685253143,-0.039034243673086166,0.037514910101890564,0.057765666395425797,0.08168649673461914,0.0013145136181265116,1.0,56,-0.00481115048751235,-0.0628335103392601,0.058290667831897736,0.060478124767541885,0.09140388667583466,0.00137661665212363,1.0,0.13935701549053192,-0.12487662583589554,0.08168649673461914,-0.039034243673086166,0.09140388667583466,-0.0628335103392601,1.0
1790268706.594394,47.16386651992798,940,0,10,-0.115509033203125,-0.0094757080078125,0.09659910947084427,0.026594914495944977,0.12375177443027496,0.002364044077694416,1.0,14,-0.0351606085896492,0.04654039815068245,0.07684808224439621,0.10023375600576401,0.12278883159160614,0.005329289007931948,1.0,27,-0.2826114296913147,0.1524692177772522,0.10252159833908081,0.12828998267650604,0.3375202715396881,0.00563680799677968,1.0,56,-0.16247422993183136,0.04432528465986252,0.1388559192419052,0.10381777584552765,0.19533374905586243,0.0027174411807209253,1.0,0.12327030301094055,0.018532345071434975,0.3375202715396881,0.1524692177772522,0.19533374905586243,0.04432528465986252,1.0
1790268706.6422637,47.21173620223999,941,0,10,-0.05015411227941513,0.03791656345129013,0.02136746048927307,0.006073421332985163,0.0638369768857956,0.0010437335586175323,1.0,14,0.0181405209004879,0.06453923135995865,0.04407588765025139,0.047977883368730545,0.08285733312368393,0.0027516656555235386,1.0,27,-0.09585797041654587,0.0899522602558136,0.03300246223807335,0.045800451189279556,0.13963331282138824,0.0013503081863746047,1.0,56,-0.06881768256425858,0.05197974666953087,0.06391803920269012,0.0614306777715683,0.10739612579345703,0.000973891350440681,1.0,0.07334715500473976,0.05122789740562439,0.13963331282138824,0.0899522602558136,0.10739612579345703,0.05197974666953087,1.0
1790268706.6940837,47.263556241989136,942,0,10,0.2585037350654602,-0.06665344536304474,0.10578279942274094,0.03572345897555351,0.2679241895675659,0.0051713744178414345,1.0,14,0.1909048855304718,0.0439671091735363,0.09390459954738617,0.07904234528541565,0.20377445220947266,0.011060161516070366,1.0,27,0.0907084122300148,-0.06461701542139053,0.03210168704390526,0.042280301451683044,0.11671944707632065,0.0016594805056229234,1.0,56,0.12355940788984299,-0.0702449232339859,0.0969582349061966,0.053979210555553436,0.15586356818675995,0.0018971830140799284,1.0,0.2358493208885193,-0.011343168094754219,0.11671944707632065,-0.06461701542139053,0.15586356818675995,-0.0702449232339859,1.0
1790268706.746276,47.31574845314026,943,0,10,0.7292877435684204,-0.46261900663375854,0.1079823300242424,0.08516305685043335,0.8653675317764282,0.005507589317858219,1.0,14,0.4518454372882843,-0.36655861139297485,0.1807839721441269,0.31423649191856384,0.6210827231407166,0.01806817576289177,1.0,27,0.5544857382774353,-0.5185303688049316,0.13308505713939667,0.12417647987604141,0.7644078731536865,0.006246265489608049,1.0,56,0.5858246684074402,-0.45677104592323303,0.2819362282752991,0.21964503824710846,0.7650143504142761,0.004981431644409895,1.0,0.7432251274585724,-0.4145888090133667,0.7644078731536865,-0.5185303688049316,0.7650143504142761,-0.45677104592323303,1.0
1790268706.7945156,47.363988161087036,944,0,10,0.7534072995185852,-0.6668380498886108,0.18978509306907654,0.09719117730855942,1.010135531425476,0.006214572116732597,1.0,14,0.4650181233882904,-0.2812587320804596,0.17996171116828918,0.10542241483926773,0.5488198399543762,0.009330426342785358,1.0,27,0.49634015560150146,-0.6187224388122559,0.11675170809030533,0.09891673922538757,0.7955723404884338,0.005986158270388842,1.0,56,0.4714358150959015,-0.4829428493976593,0.26906222105026245,0.24733103811740875,0.6925225853919983,0.006082702428102493,1.0,0.7794776856899261,-0.4740483909845352,0.7955723404884338,-0.6187224388122559,0.6925225853919983,-0.4829428493976593,1.0
1790268706.8463898,47.41586232185364,945,1,10,0.22664642333984375,-0.2842056155204773,0.060046423226594925,0.0313459113240242,0.3674914240837097,0.0019635073840618134,1.0,14,0.2309199720621109,-0.1595110148191452,0.09934598207473755,0.1211739256978035,0.3049602806568146,0.00810612365603447,1.0,27,0.08393125236034393,-0.19575048983097076,0.054315075278282166,0.060357652604579926,0.21792413294315338,0.0029395893216133118,1.0,56,0.1630968302488327,-0.1996472179889679,0.10823876410722733,0.11040221154689789,0.27106553316116333,0.0037119563203305006,1.0,0.33622585237026215,-0.22185831516981125,0.21792413294315338,-0.19575048983097076,0.27106553316116333,-0.1996472179889679,1.0
1790268706.8943725,47.463845014572144,946,0,10,0.06017150729894638,-0.05561981350183487,0.03892012685537338,0.01459152065217495,0.08494177460670471,0.0012370452750474215,1.0,14,0.0772029310464859,-0.0047858101315796375,0.03595418855547905,0.05420776084065437,0.09076990932226181,0.0024729971773922443,1.0,27,-0.008351079188287258,-0.044081512838602066,0.04505687952041626,0.035959888249635696,0.05903282016515732,0.0010391247924417257,1.0,56,0.02895464189350605,-0.04938357323408127,0.05479096621274948,0.04982609674334526,0.07625337690114975,0.0013106372207403183,1.0,0.08785584196448326,-0.030202811816707253,0.05903282016515732,-0.044081512838602066,0.07625337690114975,-0.04938357323408127,1.0
1790268706.946431,47.51590347290039,947,0,10,-0.06427307426929474,0.04516296461224556,0.09442208707332611,0.018900251016020775,0.09619192779064178,0.0019349148496985435,1.0,14,-0.0334799624979496,0.0242156982421875,0.02874625101685524,0.029472604393959045,0.0473669096827507,0.0031294941436499357,1.0,27,-0.14360497891902924,0.027963144704699516,0.05913403257727623,0.05465622618794441,0.15472663938999176,0.0013432352570816875,1.0,56,-0.06952912360429764,0.030161721631884575,0.0678255558013916,0.05273410677909851,0.0906161442399025,0.0008199532167054713,1.0,0.07177941873669624,0.03468933142721653,0.15472663938999176,0.027963144704699516,0.0906161442399025,0.030161721631884575,1.0
1790268706.998317,47.56778955459595,948,0,10,-0.3728317320346832,0.11778106540441513,0.14394864439964294,0.020801430568099022,0.39315763115882874,0.0031065628863871098,1.0,14,-0.2507716715335846,0.0515899658203125,0.10896854847669601,0.07604894787073135,0.2638372480869293,0.004006719682365656,1.0,27,-0.5099905729293823,-0.055237382650375366,0.1410071700811386,0.17103420197963715,0.5362553596496582,0.005288377869874239,1.0,56,-0.35391154885292053,0.015335218980908394,0.2048635333776474,0.13026292622089386,0.3739367425441742,0.0034505303483456373,1.0,0.32849743962287903,0.08468551561236382,0.5362553596496582,-0.055237382650375366,0.3739367425441742,0.015335218980908394,1.0
1790268707.046433,47.61590552330017,949,0,10,-0.46287232637405396,-0.06709595024585724,0.10963970422744751,0.049963224679231644,0.4695283770561218,0.003724000882357359,1.0,14,-0.4127001166343689,-0.07672446221113205,0.18803133070468903,0.13775748014450073,0.43600982427597046,0.01401972770690918,1.0,27,-0.6193892955780029,-0.2673763632774353,0.1391320675611496,0.17617905139923096,0.6891406178474426,0.008066589944064617,1.0,56,-0.49424633383750916,-0.08112920820713043,0.21739457547664642,0.1934124082326889,0.5369852185249329,0.005190973170101643,1.0,0.45276910066604614,-0.07191020622849464,0.6891406178474426,-0.2673763632774353,0.5369852185249329,-0.08112920820713043,1.0
1790268707.098392,47.66786456108093,950,0,10,-0.4924163818359375,-0.121246337890625,0.07611057907342911,0.03214631602168083,0.5089936256408691,0.002093000104650855,1.0,14,-0.4829494059085846,-0.1664864718914032,0.1913118213415146,0.0848173275589943,0.5255365371704102,0.019485296681523323,1.0,27,-0.42287304997444153,-0.11929547041654587,0.0837298259139061,0.07272069901227951,0.44541776180267334,0.0026115465443581343,1.0,56,-0.37641552090644836,-0.09873171895742416,0.15363392233848572,0.12643049657344818,0.40679189562797546,0.0026790606789290905,1.0,0.5172650814056396,-0.1438664048910141,0.44541776180267334,-0.11929547041654587,0.40679189562797546,-0.09873171895742416,1.0
1790268707.1464126,47.715885162353516,951,0,10,-0.4645889401435852,-0.08472900092601776,0.03334251418709755,0.020629845559597015,0.4726089835166931,0.0016480725025758147,1.0,14,-0.3080269992351532,-0.088531494140625,0.0937429666519165,0.13708585500717163,0.3537045419216156,0.0350492037832737,1.0,27,-0.3478969931602478,-0.0858205184340477,0.06469041109085083,0.0355558805167675,0.35961610078811646,0.003216421464458108,1.0,56,-0.3278465270996094,-0.042858123779296875,0.12428693473339081,0.09871450811624527,0.3531172573566437,0.002626431407406926,1.0,0.41315676271915436,-0.08663024753332138,0.35961610078811646,-0.0858205184340477,0.3531172573566437,-0.042858123779296875,1.0
1790268707.1984947,47.767967224121094,952,0,10,-0.41295623779296875,0.10330657660961151,0.06464831531047821,0.031581878662109375,0.4267677366733551,0.0018254721071571112,1.0,14,-0.3387472927570343,-0.05730438232421875,0.08383253216743469,0.09708224982023239,0.3573368489742279,0.015875237062573433,1.0,27,-0.32018986344337463,0.0146467424929142,0.08237920701503754,0.09400131553411484,0.3325271010398865,0.0023139857221394777,1.0,56,-0.3387470245361328,0.07081767171621323,0.13698525726795197,0.08056578785181046,0.3559475243091583,0.0031562955118715763,1.0,0.3920522928237915,0.02300109714269638,0.3325271010398865,0.0146467424929142,0.3559475243091583,0.07081767171621323,1.0
1790268707.2502625,47.819735050201416,953,0,10,0.125346377491951,0.9587371945381165,0.6458601355552673,0.369817316532135,1.1574065685272217,0.09811869263648987,1.0,14,-0.6313651204109192,0.26567187905311584,0.734960675239563,0.3508663475513458,0.7061710953712463,0.043881386518478394,1.0,27,-0.22604934871196747,0.21603958308696747,0.09665468335151672,0.16295509040355682,0.3252479135990143,0.004313185345381498,1.0,56,-0.2759383022785187,0.3135690689086914,0.3483770191669464,0.28266817331314087,0.4936792552471161,0.012131020426750183,1.0,0.931788831949234,0.6122045367956161,0.3252479135990143,0.21603958308696747,0.4936792552471161,0.3135690689086914,1.0
1790268707.2980642,47.867536783218384,954,0,10,0.18514403700828552,1.4247115850448608,0.55906081199646,0.30604907870292664,1.537377119064331,0.07958035171031952,1.0,14,-0.5213645100593567,0.3294307291507721,0.4471575617790222,0.2716446816921234,0.6401406526565552,0.09483854472637177,1.0,27,-0.16868139803409576,0.6985880732536316,0.1364274024963379,0.26095131039619446,0.7331069707870483,0.010247176513075829,1.0,56,-0.20996829867362976,0.6345969438552856,0.2983233630657196,0.4077824056148529,0.7386298775672913,0.011584441177546978,1.0,1.0887588858604431,0.8770711570978165,0.7331069707870483,0.6985880732536316,0.7386298775672913,0.6345969438552856,1.0
1790268707.3499715,47.91944408416748,955,0,10,-0.310250848531723,1.263275146484375,0.14288724958896637,0.13269999623298645,1.3111753463745117,0.017541956156492233,1.0,14,-0.2919551432132721,0.7340469360351562,0.29597342014312744,0.2547002136707306,0.8265104293823242,0.024030135944485664,1.0,27,-0.04311399161815643,1.0102155208587646,0.13550657033920288,0.20329736173152924,1.0208574533462524,0.008786628022789955,1.0,56,-0.19195829331874847,0.8335552215576172,0.2761981189250946,0.422165185213089,0.9022933840751648,0.005921160336583853,1.0,1.068842887878418,0.9986610412597656,1.0208574533462524,1.0102155208587646,0.9022933840751648,0.8335552215576172,1.0
1790268707.3984299,47.967902421951294,956,0,10,-0.1977188140153885,1.2937850952148438,0.1591874212026596,0.07603417336940765,1.3172615766525269,0.004846750758588314,1.0,14,-0.1911599338054657,0.754059910774231,0.11099939048290253,0.42182493209838867,0.7872204780578613,0.027040407061576843,1.0,27,0.09508542716503143,1.1850138902664185,0.10783302038908005,0.1949753761291504,1.1945558786392212,0.007494321558624506,1.0,56,-0.09848376363515854,0.9154714941978455,0.2649509012699127,0.48142558336257935,0.9684382081031799,0.006323555950075388,1.0,1.052241027355194,1.0239225029945374,1.1945558786392212,1.1850138902664185,0.9684382081031799,0.9154714941978455,1.0
1790268707.4503813,48.019853830337524,957,0,10,-0.13301697373390198,1.1913726329803467,0.08546356856822968,0.058718275278806686,1.2015653848648071,0.004123288206756115,1.0,14,0.01138959638774395,0.815277099609375,0.1775212287902832,0.29207843542099,0.8304306268692017,0.020587382838129997,1.0,27,-0.015861794352531433,0.7783604264259338,0.13749046623706818,0.39675185084342957,0.7971791625022888,0.015970151871442795,1.0,56,-0.08082853257656097,0.7601689100265503,0.16762398183345795,0.47071802616119385,0.7957504391670227,0.008048794232308865,1.0,1.0159980058670044,1.0033248662948608,0.7971791625022888,0.7783604264259338,0.7957504391670227,0.7601689100265503,1.0
1790268707.5023406,48.071813106536865,958,0,10,-0.10742492973804474,1.0292510986328125,0.09141577780246735,0.10185718536376953,1.0390554666519165,0.0021503788884729147,1.0,14,-0.0338418148458004,0.759918212890625,0.15847845375537872,0.2909662425518036,0.7714524269104004,0.023429976776242256,1.0,27,0.002655029296875,0.5443007946014404,0.2032831609249115,0.4525742828845978,0.6172965168952942,0.021590864285826683,1.0,56,-0.11497334390878677,0.6257491707801819,0.2317841798067093,0.4411540627479553,0.69249027967453,0.010840321891009808,1.0,0.9052539467811584,0.8945846557617188,0.6172965168952942,0.5443007946014404,0.69249027967453,0.6257491707801819,1.0
1790268707.5503354,48.119807958602905,959,0,10,-0.01094665564596653,0.8086166381835938,0.09666243940591812,0.08925240486860275,0.8140320777893066,0.010911660268902779,1.0,14,-0.0011640276061370969,0.5484423041343689,0.07688409090042114,0.16863016784191132,0.5539433360099792,0.01723654381930828,1.0,27,-0.026478519663214684,0.21549931168556213,0.1799587607383728,0.38442954421043396,0.42217695713043213,0.017923539504408836,1.0,56,-0.07821627706289291,0.3940849304199219,0.16534006595611572,0.35593995451927185,0.48585954308509827,0.008297301828861237,1.0,0.6839877068996429,0.6785294711589813,0.42217695713043213,0.21549931168556213,0.48585954308509827,0.3940849304199219,1.0
1790268707.6023154,48.17178797721863,960,1,10,-0.08619842678308487,1.0129318237304688,0.07236506044864655,0.05896306782960892,1.0193055868148804,0.00757623091340065,1.0,14,0.0661424919962883,0.5418668389320374,0.10673560947179794,0.278192400932312,0.5541794300079346,0.021128719672560692,1.0,27,-0.07029667496681213,0.31945177912712097,0.20204029977321625,0.4509298503398895,0.49931830167770386,0.012642516754567623,1.0,56,-0.09909112006425858,0.4997446835041046,0.16721297800540924,0.4399009048938751,0.5742027163505554,0.0064866491593420506,1.0,0.7867425084114075,0.777399331331253,0.49931830167770386,0.31945177912712097,0.5742027163505554,0.4997446835041046,1.0
1790268707.6504529,48.21992540359497,961,0,10,-0.11725463718175888,0.5638488531112671,0.08178752660751343,0.08554910123348236,0.5830470323562622,0.006617306265980005,1.0,14,0.02523149736225605,0.25639232993125916,0.07880192995071411,0.10991103202104568,0.2687165439128876,0.013054018840193748,1.0,27,-0.0514984130859375,0.1020965576171875,0.2994358241558075,0.3989909589290619,0.44363632798194885,0.017773522064089775,1.0,56,-0.062186650931835175,0.30695778131484985,0.16093957424163818,0.32745838165283203,0.406147301197052,0.00732946814969182,1.0,0.4258817881345749,0.4101205915212631,0.44363632798194885,0.1020965576171875,0.406147301197052,0.30695778131484985,1.0
1790268707.7023275,48.27180004119873,962,0,10,-0.03712768480181694,0.326895147562027,0.06100831553339958,0.0780293419957161,0.33364003896713257,0.004780738148838282,1.0,14,-0.01888384111225605,0.21269552409648895,0.08057169616222382,0.1483246386051178,0.24447152018547058,0.006695992313325405,1.0,27,-0.17989207804203033,-0.24205751717090607,0.46844372153282166,0.41100263595581055,0.5399919748306274,0.03422403708100319,1.0,56,-0.0704629048705101,0.0491725392639637,0.13125230371952057,0.29539668560028076,0.2661879360675812,0.010804936289787292,1.0,0.2890557795763016,0.26979533582925797,0.5399919748306274,-0.24205751717090607,0.2661879360675812,0.0491725392639637,1.0
1790268707.754271,48.32374358177185,963,0,10,0.0009445190662518144,0.14963683485984802,0.021835003048181534,0.018918951973319054,0.15107950568199158,0.0011072108754888177,1.0,14,-0.01725332997739315,0.15272195637226105,0.03973759338259697,0.054655421525239944,0.15984106063842773,0.004608623217791319,1.0,27,-0.17470692098140717,-0.30084115266799927,0.2261522114276886,0.22481392323970795,0.40817248821258545,0.016289373859763145,1.0,56,-0.08033616095781326,-0.03847694396972656,0.12125495076179504,0.19387519359588623,0.18935619294643402,0.007170755881816149,1.0,0.15546028316020966,0.15117939561605453,0.40817248821258545,-0.30084115266799927,0.18935619294643402,-0.03847694396972656,1.0
1790268707.8023784,48.37185096740723,964,0,10,0.0008087158203125,0.07166290283203125,0.010573063977062702,0.006205572281032801,0.07241000980138779,0.0005195103585720062,1.0,14,-0.02861894853413105,0.09900883585214615,0.020174669101834297,0.041356269270181656,0.10495716333389282,0.0030018764082342386,1.0,27,-0.11791031807661057,-0.18773792684078217,0.11301463842391968,0.08825577050447464,0.24532169103622437,0.0038682192098349333,1.0,56,-0.06262506544589996,-0.041924066841602325,0.09379501640796661,0.12212993949651718,0.1346692144870758,0.001796597265638411,1.0,0.0886835865676403,0.0853358693420887,0.24532169103622437,-0.18773792684078217,0.1346692144870758,-0.041924066841602325,1.0
1790268707.854301,48.423773527145386,965,0,10,-0.00836944580078125,0.0501556396484375,0.019821282476186752,0.006104290019720793,0.05437863990664482,0.0005670202663168311,1.0,14,0.0041787284426391125,0.06643567979335785,0.031013868749141693,0.030216751620173454,0.07585924863815308,0.00306569947861135,1.0,27,-0.10628990083932877,-0.2212677001953125,0.15464480221271515,0.08065365999937057,0.2909364700317383,0.004272038582712412,1.0,56,-0.058455877006053925,-0.06553813070058823,0.10069122165441513,0.1202671080827713,0.13553884625434875,0.0022075639571994543,1.0,0.06511894427239895,0.058295659720897675,0.2909364700317383,-0.2212677001953125,0.13553884625434875,-0.06553813070058823,1.0
1790268707.902237,48.47170948982239,966,0,10,0.007527160458266735,-0.01699981652200222,0.02075348235666752,0.01578214019536972,0.028175458312034607,0.0007513827877119184,1.0,14,-0.01056562177836895,0.0485643669962883,0.02646634355187416,0.033544011414051056,0.0565304234623909,0.002756522735580802,1.0,27,-0.12770137190818787,-0.38596203923225403,0.13691434264183044,0.128615602850914,0.4345548748970032,0.0057412926107645035,1.0,56,-0.06810160726308823,-0.14139202237129211,0.1060042679309845,0.16974735260009766,0.1820230782032013,0.0023105028085410595,1.0,0.04235294088721275,0.01578227523714304,0.4345548748970032,-0.38596203923225403,0.1820230782032013,-0.14139202237129211,1.0
1790268707.9540794,48.52355194091797,967,0,10,-0.01594238355755806,0.01954803429543972,0.04593038186430931,0.04443175345659256,0.060299135744571686,0.003493358613923192,1.0,14,-0.0737326517701149,-0.01447296142578125,0.04237399250268936,0.04516284540295601,0.09309815615415573,0.0042140064761042595,1.0,27,-0.17286908626556396,-0.31040388345718384,0.09111229330301285,0.10606715083122253,0.36335086822509766,0.005102363880723715,1.0,56,-0.10482706129550934,-0.13413265347480774,0.09858204424381256,0.1547762155532837,0.18753936886787415,0.002794977743178606,1.0,0.07669864594936371,0.002537536434829235,0.36335086822509766,-0.31040388345718384,0.18753936886787415,-0.13413265347480774,1.0
1790268708.006125,48.575597524642944,968,0,10,-0.18409880995750427,-0.03762970119714737,0.1694323718547821,0.11840369552373886,0.23153039813041687,0.021407652646303177,1.0,14,-0.0878252312541008,0.047210693359375,0.04640064388513565,0.14410674571990967,0.15755082666873932,0.012095166370272636,1.0,27,-0.17484933137893677,-0.22816750407218933,0.07880382984876633,0.046966586261987686,0.29800209403038025,0.0022782194428145885,1.0,56,-0.13828659057617188,-0.11027717590332031,0.108388751745224,0.1136203184723854,0.19300296902656555,0.0036188792437314987,1.0,0.1945406123995781,0.004790496081113815,0.29800209403038025,-0.22816750407218933,0.19300296902656555,-0.11027717590332031,1.0
1790268708.054497,48.62396955490112,969,0,10,-0.3380889892578125,-0.26123809814453125,0.21061228215694427,0.07221180945634842,0.4377913475036621,0.006465496961027384,1.0,14,-0.1300223171710968,-0.2948935329914093,0.10534745454788208,0.1907469481229782,0.35826224088668823,0.011901755817234516,1.0,27,-0.2365434467792511,-0.4634128212928772,0.03937235102057457,0.11764976382255554,0.5239008665084839,0.004766037687659264,1.0,56,-0.18273980915546417,-0.24447032809257507,0.1325596421957016,0.20568211376667023,0.32177335023880005,0.003606387646868825,1.0,0.39802679419517517,-0.2780658155679703,0.5239008665084839,-0.4634128212928772,0.32177335023880005,-0.24447032809257507,1.0
1790268708.1064103,48.6758828163147,970,0,10,-0.25834959745407104,-0.5081710815429688,0.13255131244659424,0.08660701662302017,0.5772121548652649,0.012768937274813652,1.0,14,0.02544512040913105,-0.5562798380851746,0.21597735583782196,0.2894703447818756,0.5860128998756409,0.013142547570168972,1.0,27,-0.09848813712596893,-0.5449489951133728,0.06527867913246155,0.09946873784065247,0.558238685131073,0.008344084955751896,1.0,56,-0.10153170675039291,-0.32624244689941406,0.08917438983917236,0.2579256594181061,0.35674047470092773,0.004115738440304995,1.0,0.5816125273704529,-0.5322254598140717,0.558238685131073,-0.5449489951133728,0.35674047470092773,-0.32624244689941406,1.0
1790268708.1543818,48.723854303359985,971,0,10,-0.01874084398150444,-0.3249862790107727,0.03442733734846115,0.10299845784902573,0.3270813822746277,0.007805217988789082,1.0,14,-0.0661446675658226,-0.19181714951992035,0.04756323993206024,0.07157950103282928,0.21105115115642548,0.006558538414537907,1.0,27,-0.07617639750242233,-0.30454564094543457,0.05171685293316841,0.07830695807933807,0.3180822432041168,0.005515646189451218,1.0,56,-0.0380423404276371,-0.228347510099411,0.04504216089844704,0.1616537868976593,0.238139346241951,0.0034628137946128845,1.0,0.2690662667155266,-0.2584017142653465,0.3180822432041168,-0.30454564094543457,0.238139346241951,-0.228347510099411,1.0
1790268708.2064228,48.77589535713196,972,0,10,0.02277526818215847,-0.20272064208984375,0.05564968287944794,0.043465498834848404,0.21068868041038513,0.0018543967744335532,1.0,14,-0.008235386572778225,-0.05099160224199295,0.03328391909599304,0.056111473590135574,0.07005491107702255,0.002048117108643055,1.0,27,-0.0087449811398983,-0.19953013956546783,0.07522433251142502,0.03435761108994484,0.213325634598732,0.0021571714896708727,1.0,56,0.0073059624992311,-0.14153671264648438,0.06323187798261642,0.08577186614274979,0.1562664806842804,0.0012890225043520331,1.0,0.14037179574370384,-0.12685612216591835,0.213325634598732,-0.19953013956546783,0.1562664806842804,-0.14153671264648438,1.0
1790268708.2585506,48.828023195266724,973,0,10,0.04821014404296875,-0.15028992295265198,0.03687469661235809,0.048817142844200134,0.16643214225769043,0.0015792462509125471,1.0,14,-0.008420671336352825,-0.0358210988342762,0.07209013402462006,0.05791223421692848,0.08931627124547958,0.0034748888574540615,1.0,27,0.018099749460816383,-0.1042361781001091,0.04100838303565979,0.03132263571023941,0.11215847730636597,0.0012472993694245815,1.0,56,0.043510980904102325,-0.10488373786211014,0.06581941246986389,0.06873505562543869,0.12567578256130219,0.001072879764251411,1.0,0.127874206751585,-0.09305551089346409,0.11215847730636597,-0.1042361781001091,0.12567578256130219,-0.10488373786211014,1.0
1790268708.3063169,48.875789403915405,974,0,10,0.10322265326976776,-0.16354981064796448,0.03771420940756798,0.05138292908668518,0.19642069935798645,0.002569223754107952,1.0,14,0.0818132683634758,-0.01886858232319355,0.04654835909605026,0.04731707274913788,0.09829416126012802,0.0033578872680664062,1.0,27,0.026744700968265533,-0.08158931136131287,0.04353564605116844,0.02476806938648224,0.09427262842655182,0.0010377061553299427,1.0,56,0.0555899478495121,-0.0770002081990242,0.06673894077539444,0.07719822973012924,0.1166410967707634,0.0010830414248630404,1.0,0.14735743030905724,-0.09120919648557901,0.09427262842655182,-0.08158931136131287,0.1166410967707634,-0.0770002081990242,1.0
1790268708.3584535,48.9279260635376,975,1,10,0.22112885117530823,-0.17813721299171448,0.1545315384864807,0.06450945883989334,0.30212968587875366,0.002822132781147957,1.0,14,0.1422838419675827,-0.0307780671864748,0.04902774840593338,0.04149821400642395,0.149622842669487,0.0038661551661789417,1.0,27,0.08757075667381287,-0.07567059248685837,0.0380561426281929,0.028475230559706688,0.12131663411855698,0.0011346834944561124,1.0,56,0.12164633721113205,-0.08905519545078278,0.10455696284770966,0.08546966314315796,0.16375017166137695,0.0013514194870367646,1.0,0.22587626427412033,-0.10445764008909464,0.12131663411855698,-0.07567059248685837,0.16375017166137695,-0.08905519545078278,1.0
1790268708.4064462,48.975918769836426,976,0,10,0.2711746096611023,-0.169819638133049,0.15913750231266022,0.03596881777048111,0.3300745487213135,0.010638940148055553,1.0,14,0.1657191663980484,-0.010530744679272175,0.042723946273326874,0.07583635300397873,0.18117845058441162,0.006560945417732,1.0,27,0.09828129410743713,-0.05271346494555473,0.04244457557797432,0.03475271165370941,0.11590340733528137,0.0006270941230468452,1.0,56,0.1279648393392563,-0.06449753791093826,0.11460140347480774,0.06498919427394867,0.15360824763774872,0.0013872665585950017,1.0,0.25562649965286255,-0.09017519140616059,0.11590340733528137,-0.05271346494555473,0.15360824763774872,-0.06449753791093826,1.0
1790268708.4584486,49.027921199798584,977,0,10,-0.07455597072839737,-0.2785232663154602,0.22742503881454468,0.1308639794588089,0.34762924909591675,0.040049366652965546,1.0,14,0.2048666775226593,0.0072457450442016125,0.07492449879646301,0.0751914456486702,0.21544671058654785,0.04296576604247093,1.0,27,0.08923961222171783,-0.049544721841812134,0.041381027549505234,0.020468739792704582,0.10596117377281189,0.0007485308451578021,1.0,56,0.08385876566171646,-0.06666047126054764,0.09332205355167389,0.08313290774822235,0.13375744223594666,0.002744237659499049,1.0,0.2815379798412323,-0.1356387606356293,0.10596117377281189,-0.049544721841812134,0.13375744223594666,-0.06666047126054764,1.0
1790268708.510371,49.079843521118164,978,0,10,-0.20987853407859802,-0.44160157442092896,0.3009416460990906,0.17201906442642212,0.5411030054092407,0.05105075240135193,1.0,14,0.2115805447101593,-0.1119886115193367,0.2579611837863922,0.23895223438739777,0.2555815577507019,0.00995820201933384,1.0,27,0.004660147242248058,-0.12544871866703033,0.08219169080257416,0.08147608488798141,0.15906096994876862,0.001492096926085651,1.0,56,0.015405927784740925,-0.12297412008047104,0.12327989190816879,0.11956170946359634,0.16600993275642395,0.005592700093984604,1.0,0.3983422815799713,-0.27679509297013283,0.15906096994876862,-0.12544871866703033,0.16600993275642395,-0.12297412008047104,1.0
1790268708.55819,49.127662658691406,979,0,10,-0.29625242948532104,-0.33786773681640625,0.23619666695594788,0.14647895097732544,0.4752584397792816,0.03198428079485893,1.0,14,0.0530744269490242,-0.0656607523560524,0.17869479954242706,0.1957273632287979,0.12384903430938721,0.005579827819019556,1.0,27,-0.32087650895118713,-0.29333212971687317,0.30958637595176697,0.23522846400737762,0.45142096281051636,0.004005592316389084,1.0,56,-0.15642765164375305,-0.1740196794271469,0.2437831461429596,0.21195198595523834,0.28180626034736633,0.005012195557355881,1.0,0.2995537370443344,-0.20176424458622932,0.45142096281051636,-0.29333212971687317,0.28180626034736633,-0.1740196794271469,1.0
1790268708.6102462,49.17971873283386,980,0,10,-0.48647308349609375,-0.29935455322265625,0.273512601852417,0.12740932404994965,0.5865926742553711,0.014516182243824005,1.0,14,-0.0360260009765625,-0.0389338918030262,0.1134793609380722,0.1311352550983429,0.1233966201543808,0.005183960776776075,1.0,27,-0.24461138248443604,-0.04071666672825813,0.10466308891773224,0.03525657579302788,0.2521710991859436,0.004483910743147135,1.0,56,-0.23703601956367493,-0.04024424031376839,0.1803014576435089,0.09885096549987793,0.265236496925354,0.0045947423204779625,1.0,0.35499464720487595,-0.16914422251284122,0.2521710991859436,-0.04071666672825813,0.265236496925354,-0.04024424031376839,1.0
1790268708.6580915,49.227564096450806,981,0,10,-0.29032593965530396,-0.0024902343284338713,0.11524330824613571,0.05511531978845596,0.2958017885684967,0.009767730720341206,1.0,14,-0.2137167751789093,0.0070037841796875,0.0733153223991394,0.061315085738897324,0.2261224240064621,0.0087348073720932,1.0,27,-0.2714674174785614,0.10710257291793823,0.10848703235387802,0.06842051446437836,0.2962771952152252,0.0022738247644156218,1.0,56,-0.2801380157470703,0.1049063578248024,0.13753646612167358,0.07807885855436325,0.31005245447158813,0.0035701708402484655,1.0,0.2609621062874794,0.0022567749256268144,0.2962771952152252,0.10710257291793823,0.31005245447158813,0.1049063578248024,1.0
1790268708.7102811,49.27975368499756,982,0,10,-0.2748397886753082,0.00946197472512722,0.046667102724313736,0.03859495744109154,0.27762049436569214,0.003131414530798793,1.0,14,-0.2345036119222641,0.1510554701089859,0.07743081450462341,0.15737517178058624,0.307178795337677,0.005338083021342754,1.0,27,-0.27860233187675476,0.18368135392665863,0.07462556660175323,0.03887470066547394,0.3356144428253174,0.0028513711877167225,1.0,56,-0.2805393636226654,0.14792034029960632,0.11518760025501251,0.07418537884950638,0.32877954840660095,0.002530492842197418,1.0,0.29239964485168457,0.08025872241705656,0.3356144428253174,0.18368135392665863,0.32877954840660095,0.14792034029960632,1.0
1790268708.762327,49.33179950714111,983,0,10,-0.2869277894496918,-0.07673950493335724,0.06212536245584488,0.05765597149729729,0.3022926449775696,0.002786398632451892,1.0,14,-0.2334028035402298,-0.0319366455078125,0.031383637338876724,0.05619499087333679,0.2427767813205719,0.005045846104621887,1.0,27,-0.24160993099212646,0.207550048828125,0.08884654194116592,0.057671353220939636,0.3209240138530731,0.0025134810712188482,1.0,56,-0.2147936075925827,0.1213226318359375,0.09270447492599487,0.10015559196472168,0.2643352150917053,0.0022567755077034235,1.0,0.27253471314907074,-0.05433807522058487,0.3209240138530731,0.207550048828125,0.2643352150917053,0.1213226318359375,1.0
1790268708.8102255,49.379698038101196,984,0,10,-0.136555477976799,-0.04979705810546875,0.05152583867311478,0.024920126423239708,0.1459292620420456,0.001041532726958394,1.0,14,-0.1365378201007843,0.0115977693349123,0.052031926810741425,0.09190414845943451,0.16726097464561462,0.0038681302685290575,1.0,27,-0.0946011021733284,0.0927802175283432,0.027599873021245003,0.033347390592098236,0.13376536965370178,0.0012967534130439162,1.0,56,-0.10592269897460938,0.0580858513712883,0.045422498136758804,0.050438519567251205,0.13231505453586578,0.0012429364724084735,1.0,0.1565951183438301,-0.019099644385278225,0.13376536965370178,0.0927802175283432,0.13231505453586578,0.0580858513712883,1.0
1790268708.862474,49.43194651603699,985,0,10,-0.11984100192785263,-0.02036437951028347,0.02786194533109665,0.01626744493842125,0.12265648692846298,0.0008278749883174896,1.0,14,-0.0616956427693367,0.02120426669716835,0.026828162372112274,0.0661877691745758,0.09081504493951797,0.0030210637487471104,1.0,27,-0.06209592521190643,0.04054825380444527,0.026913363486528397,0.02380370907485485,0.07689987868070602,0.0009485870250500739,1.0,56,-0.06208119913935661,0.021031243726611137,0.032814450562000275,0.02599659562110901,0.07273869216442108,0.0006630252464674413,1.0,0.10673576593399048,0.00041994359344244003,0.07689987868070602,0.04054825380444527,0.07273869216442108,0.021031243726611137,1.0
1790268708.9104168,49.47988939285278,986,0,10,-0.11656951904296875,0.03416900709271431,0.07846992462873459,0.05336616560816765,0.1316906362771988,0.00249038846231997,1.0,14,-0.02104840986430645,0.01847076416015625,0.02906809188425541,0.023577220737934113,0.044248588383197784,0.001954729203134775,1.0,27,-0.044478803873062134,0.04777074605226517,0.023857347667217255,0.034948114305734634,0.071250319480896,0.0008668358786962926,1.0,56,-0.043715886771678925,0.0259410310536623,0.04266389459371567,0.03814886510372162,0.06032172963023186,0.0008639190346002579,1.0,0.08796961233019829,0.02631988562643528,0.071250319480896,0.04777074605226517,0.06032172963023186,0.0259410310536623,1.0
1790268708.962296,49.531768560409546,987,0,10,-0.02508697472512722,0.06481323391199112,0.04670041799545288,0.03609396517276764,0.079279825091362,0.0006372317438945174,1.0,14,0.0239432193338871,0.0777653306722641,0.04296927899122238,0.03832286596298218,0.09506083279848099,0.0027252163272351027,1.0,27,0.017500700429081917,0.0622117780148983,0.03671940416097641,0.044878989458084106,0.07791095972061157,0.0008331238641403615,1.0,56,0.0058471136726439,0.0363420769572258,0.033272989094257355,0.04243186488747597,0.054158490151166916,0.0006243689567781985,1.0,0.0871703289449215,0.07128928229212761,0.07791095972061157,0.0622117780148983,0.054158490151166916,0.0363420769572258,1.0
1790268709.0144594,49.5839319229126,988,0,10,0.03569488599896431,0.10001678764820099,0.038534972816705704,0.037664368748664856,0.11520751565694809,0.002199457958340645,1.0,14,0.0429665707051754,0.05345262959599495,0.0300009585916996,0.05700605735182762,0.08858145773410797,0.0025234785862267017,1.0,27,0.031432539224624634,0.05508705601096153,0.026500796899199486,0.025978779420256615,0.06924957036972046,0.000940626603551209,1.0,56,0.03134945407509804,0.03743716701865196,0.0440802127122879,0.055721864104270935,0.07817862927913666,0.0008022184483706951,1.0,0.10189448669552803,0.07673470862209797,0.06924957036972046,0.05508705601096153,0.07817862927913666,0.03743716701865196,1.0
1790268709.0623279,49.631800413131714,989,0,10,0.15900269150733948,0.03356170654296875,0.14698423445224762,0.04142192751169205,0.1704329401254654,0.0033198189921677113,1.0,14,0.0811309814453125,0.00250244140625,0.02360089309513569,0.04240727052092552,0.09162067621946335,0.0022034833673387766,1.0,27,0.050092343240976334,-0.03369705751538277,0.03406129404902458,0.028779733926057816,0.06868373602628708,0.0014600649010390043,1.0,56,0.09327670186758041,-0.020944595336914062,0.09494013339281082,0.05523744225502014,0.11345130950212479,0.0018212900031358004,1.0,0.13102680817246437,0.018032073974609375,0.06868373602628708,-0.03369705751538277,0.11345130950212479,-0.020944595336914062,1.0
1790268709.1143582,49.68383073806763,990,1,10,0.2546127438545227,-0.12966004014015198,0.08691704273223877,0.03264212980866432,0.2869639992713928,0.003794704098254442,1.0,14,0.1472429484128952,-0.04519544169306755,0.09867897629737854,0.05326244607567787,0.1710219383239746,0.0059868888929486275,1.0,27,0.1451331228017807,-0.2810821533203125,0.10237457603216171,0.11422532796859741,0.321778267621994,0.008478761650621891,1.0,56,0.2174115926027298,-0.20863641798496246,0.13656318187713623,0.1402016282081604,0.3273654282093048,0.005194898694753647,1.0,0.22899296879768372,-0.08742774091660976,0.321778267621994,-0.2810821533203125,0.3273654282093048,-0.20863641798496246,1.0
1790268709.162562,49.73203444480896,991,0,10,0.983306884765625,-0.3296981751918793,0.4162212610244751,0.18551424145698547,1.0640727281570435,0.04153858870267868,1.0,14,0.2567531168460846,-0.0947527214884758,0.2480124831199646,0.1680910438299179,0.38345450162887573,0.009069210849702358,1.0,27,0.18539711833000183,-0.3934071958065033,0.11527718603610992,0.14404237270355225,0.44103682041168213,0.006300428416579962,1.0,56,0.36293140053749084,-0.3823280334472656,0.3209081292152405,0.21663427352905273,0.5657777190208435,0.007345241494476795,1.0,0.7237636148929596,-0.21222544834017754,0.44103682041168213,-0.3934071958065033,0.5657777190208435,-0.3823280334472656,1.0
1790268709.2141588,49.783631324768066,992,0,10,1.380682349205017,0.02725982666015625,0.6567865014076233,0.29422909021377563,1.424143671989441,0.10118820518255234,1.0,14,-0.0332445427775383,-0.1255362331867218,0.8142709732055664,0.4019200801849365,0.7157066464424133,0.11337731778621674,1.0,27,0.42447125911712646,-0.0920461043715477,0.2746994197368622,0.16001424193382263,0.4547409117221832,0.008261972106993198,1.0,56,0.5517534613609314,-0.20979908108711243,0.4190942943096161,0.19958627223968506,0.6168232560157776,0.014747889712452888,1.0,1.0699251592159271,-0.049138203263282776,0.4547409117221832,-0.0920461043715477,0.6168232560157776,-0.20979908108711243,1.0
1790268709.2662055,49.83567810058594,993,0,10,0.6691299676895142,-0.07572326809167862,0.18884721398353577,0.060439106076955795,0.6777086853981018,0.004994870163500309,1.0,14,0.4945787787437439,-0.1981179416179657,0.19498275220394135,0.14356639981269836,0.5433734655380249,0.015337323769927025,1.0,27,0.9310082197189331,0.5323644280433655,0.3758832812309265,0.30925583839416504,1.0906399488449097,0.017627032473683357,1.0,56,0.7001868486404419,0.136962890625,0.3368852138519287,0.31924378871917725,0.7609635591506958,0.012410508468747139,1.0,0.6105410754680634,-0.13692060485482216,1.0906399488449097,0.5323644280433655,0.7609635591506958,0.136962890625,1.0
1790268709.314128,49.88360047340393,994,0,10,0.9775314331054688,0.07632751762866974,0.1353815495967865,0.1294478476047516,0.9876634478569031,0.00513240834698081,1.0,14,1.1795741319656372,0.0600237175822258,0.2766777575016022,0.18526147305965424,1.196975827217102,0.03671189025044441,1.0,27,1.080309271812439,0.6831523776054382,0.14950761198997498,0.14161095023155212,1.2900491952896118,0.010098499245941639,1.0,56,0.9561367034912109,0.2558353841304779,0.3627043664455414,0.343636691570282,1.038390874862671,0.009181910194456577,1.0,1.0923196375370026,0.06817561760544777,1.2900491952896118,0.6831523776054382,1.038390874862671,0.2558353841304779,1.0
1790268709.366326,49.93579864501953,995,0,10,1.0945342779159546,-0.16676636040210724,0.08489671349525452,0.04326264560222626,1.108350157737732,0.008015969768166542,1.0,14,1.0038931369781494,0.02732304111123085,0.17267835140228271,0.17081964015960693,1.0202027559280396,0.03800142556428909,1.0,27,0.7012600302696228,0.20924660563468933,0.17176000773906708,0.11712874472141266,0.7463294863700867,0.005036398768424988,1.0,56,0.7688246965408325,-0.014048167504370213,0.3470636010169983,0.2145288586616516,0.8031350374221802,0.004019076470285654,1.0,1.0642764568328857,-0.0697216596454382,0.7463294863700867,0.20924660563468933,0.8031350374221802,-0.014048167504370213,1.0
1790268709.41448,49.98395252227783,996,0,10,1.118627905845642,-0.19368743896484375,0.09174788743257523,0.06935662031173706,1.1376030445098877,0.006586833391338587,1.0,14,1.0878819227218628,0.002044677734375,0.22571402788162231,0.18285053968429565,1.1072064638137817,0.029719766229391098,1.0,27,0.8744111061096191,0.0033433702774345875,0.1271177977323532,0.0975746363401413,0.8794801235198975,0.0071955230087041855,1.0,56,0.8930688500404358,-0.11360277235507965,0.2839038074016571,0.15468813478946686,0.9148904085159302,0.005940998438745737,1.0,1.1224047541618347,-0.09582138061523438,0.8794801235198975,0.0033433702774345875,0.9148904085159302,-0.11360277235507965,1.0
1790268709.4664333,50.035905838012695,997,0,10,1.4318939447402954,-0.2663925290107727,0.15037637948989868,0.03205123543739319,1.4576082229614258,0.005702677182853222,1.0,14,1.0807713270187378,-0.30572620034217834,0.11176079511642456,0.2497740536928177,1.1476281881332397,0.02627664990723133,1.0,27,1.378570556640625,-0.21383383870124817,0.160419762134552,0.056199751794338226,1.3961793184280396,0.0060739582404494286,1.0,56,1.2022067308425903,-0.2652585208415985,0.4489111602306366,0.1456376165151596,1.2635107040405273,0.009316571988165379,1.0,1.3026182055473328,-0.2860593646764755,1.3961793184280396,-0.21383383870124817,1.2635107040405273,-0.2652585208415985,1.0
1790268709.5184152,50.08788776397705,998,0,10,1.6069122552871704,-0.5939224362373352,0.20027931034564972,0.06530117243528366,1.716798186302185,0.007819977588951588,1.0,14,0.911407470703125,-0.32960182428359985,0.22197581827640533,0.2510928213596344,0.9935373663902283,0.03556673973798752,1.0,27,1.358158826828003,-0.7118484973907471,0.10634025186300278,0.08460874110460281,1.5360325574874878,0.008522066287696362,1.0,56,1.199567198753357,-0.5817810893058777,0.43632107973098755,0.21719330549240112,1.356974720954895,0.007912596687674522,1.0,1.3551677763462067,-0.46176213026046753,1.5360325574874878,-0.7118484973907471,1.356974720954895,-0.5817810893058777,1.0
1790268709.5664203,50.13589286804199,999,0,10,1.048396348953247,-0.7640625238418579,0.14652204513549805,0.05247883126139641,1.3031436204910278,0.00628696521744132,1.0,14,0.8636561632156372,-0.41411590576171875,0.23989246785640717,0.22671785950660706,0.9842395186424255,0.02210196480154991,1.0,27,0.9942180514335632,-0.8747784495353699,0.13191606104373932,0.09015572816133499,1.325706958770752,0.00513088284060359,1.0,56,0.918639063835144,-0.6676085591316223,0.36653369665145874,0.27211058139801025,1.1612504720687866,0.007119697984308004,1.0,1.1436915695667267,-0.5890892148017883,1.325706958770752,-0.8747784495353699,1.1612504720687866,-0.6676085591316223,1.0
1790268709.6183743,50.18784689903259,1000,0,10,0.6494964361190796,-0.6843811273574829,0.11393151432275772,0.0541449598968029,0.9484777450561523,0.005392952356487513,1.0,14,0.5546831488609314,-0.36644527316093445,0.17848622798919678,0.11197535693645477,0.6770191192626953,0.01710113137960434,1.0,27,0.44094225764274597,-0.8683640956878662,0.1074027568101883,0.1290084421634674,0.9811472296714783,0.009456934407353401,1.0,56,0.45368465781211853,-0.6222836375236511,0.20076201856136322,0.28513553738594055,0.795279860496521,0.006595518905669451,1.0,0.8127484321594238,-0.5254132002592087,0.9811472296714783,-0.8683640956878662,0.795279860496521,-0.6222836375236511,1.0
1790268709.6664574,50.2359299659729,1001,0,10,0.22318267822265625,-0.5097976922988892,0.05017330124974251,0.0553431436419487,0.5583532452583313,0.006513501051813364,1.0,14,0.2835148274898529,-0.30701011419296265,0.18189162015914917,0.12120388448238373,0.4281115233898163,0.022104980424046516,1.0,27,-0.03145797178149223,-0.8051056861877441,0.10912847518920898,0.13277031481266022,0.8134014010429382,0.00623313570395112,1.0,56,0.11716543138027191,-0.49424853920936584,0.18040555715560913,0.27357107400894165,0.5444754958152771,0.00506767351180315,1.0,0.4932323843240738,-0.4084039032459259,0.8134014010429382,-0.8051056861877441,0.5444754958152771,-0.49424853920936584,1.0
1790268709.718502,50.28797459602356,1002,0,10,0.02268371544778347,-0.25867462158203125,0.05431973561644554,0.02272980660200119,0.2650238871574402,0.0009793031495064497,1.0,14,0.0675223246216774,-0.16958291828632355,0.1071997806429863,0.11210314929485321,0.23555396497249603,0.009713769890367985,1.0,27,-0.23184317350387573,-0.5086195468902588,0.14003804326057434,0.11664644628763199,0.5688539743423462,0.005587858613580465,1.0,56,-0.07895878702402115,-0.3046261966228485,0.17226870357990265,0.19399717450141907,0.3471665382385254,0.002716828603297472,1.0,0.2502889260649681,-0.2141287699341774,0.5688539743423462,-0.5086195468902588,0.3471665382385254,-0.3046261966228485,1.0
1790268709.7705705,50.34004306793213,1003,0,10,-0.04224853590130806,-0.20005646347999573,0.059658948332071304,0.03492354229092598,0.2130591869354248,0.0016705961897969246,1.0,14,0.0542319156229496,-0.0866873636841774,0.04373950511217117,0.035668231546878815,0.11266496032476425,0.004509813617914915,1.0,27,-0.22682133316993713,-0.26079419255256653,0.1338447779417038,0.08022765815258026,0.36222660541534424,0.004844034556299448,1.0,56,-0.11877168715000153,-0.18998636305332184,0.16108818352222443,0.11222006380558014,0.25662103295326233,0.003070209873840213,1.0,0.16286207363009453,-0.14337191358208656,0.36222660541534424,-0.26079419255256653,0.25662103295326233,-0.18998636305332184,1.0
1790268709.818477,50.38794946670532,1004,0,10,-0.5253143310546875,-0.592181384563446,0.47576776146888733,0.3054409623146057,0.8328498005867004,0.04619801789522171,1.0,14,0.2042018324136734,-0.16069793701171875,0.40001145005226135,0.262644499540329,0.28703930974006653,0.023609237745404243,1.0,27,-0.16633041203022003,-0.1682790070772171,0.09667139500379562,0.06316863745450974,0.2447555661201477,0.002386269858106971,1.0,56,-0.11997931450605392,-0.18421609699726105,0.2267688363790512,0.21413268148899078,0.2616574168205261,0.006441172678023577,1.0,0.5599445551633835,-0.3764396607875824,0.2447555661201477,-0.1682790070772171,0.2616574168205261,-0.18421609699726105,1.0
1790268709.870213,50.439685583114624,1005,1,10,-0.7178115844726562,-1.1869843006134033,0.7962976694107056,0.28374865651130676,1.51563560962677,0.11941041052341461,1.0,14,0.4436078667640686,-0.2495487779378891,0.755407989025116,0.4880698621273041,0.55246502161026,0.04811052232980728,1.0,27,-0.12633712589740753,-0.19885705411434174,0.061099857091903687,0.09066960215568542,0.24013946950435638,0.0020204423926770687,1.0,56,-0.10685376077890396,-0.25815650820732117,0.3575369715690613,0.2852054834365845,0.32789918780326843,0.011975392699241638,1.0,1.034050315618515,-0.7182665392756462,0.24013946950435638,-0.19885705411434174,0.32789918780326843,-0.25815650820732117,1.0
