timestamp,num_tracked_points,mean_u,mean_v,std_u,std_v,mean_speed,forward_backward_error,tracking_confidence
1779438877.6564052,66,-4.525890827178955,-1.0168626308441162,0.8023890852928162,0.7711474895477295,4.701687335968018,0.08737556636333466,0.9850746268656716
1779438877.735428,66,-1.2344154119491577,0.13202089071273804,0.31511425971984863,0.21716450154781342,1.2627407312393188,0.021682340651750565,1.0
1779438877.7532387,66,-1.3561251163482666,0.26307377219200134,0.40800079703330994,0.2199617624282837,1.4203314781188965,0.019470080733299255,1.0
1779438877.7687654,66,-1.3591468334197998,0.38002315163612366,0.5197615623474121,0.2807178497314453,1.4654326438903809,0.02644939161837101,1.0
1779438877.7852023,66,-1.2097879648208618,0.27926334738731384,0.5530663132667542,0.29696983098983765,1.3252111673355103,0.020366333425045013,1.0
1779438877.8031876,66,-0.6375524401664734,0.09099995344877243,0.3238077461719513,0.16797283291816711,0.6983242034912109,0.011832958087325096,1.0
1779438877.8307357,66,-0.3733938932418823,0.05388803035020828,0.3258151113986969,0.15972593426704407,0.45440900325775146,0.009242857806384563,1.0
1779438877.8468204,66,-0.09328021109104156,0.050003282725811005,0.2085726112127304,0.14689473807811737,0.22584089636802673,0.009461941197514534,1.0
1779438877.8727684,66,0.2183627486228943,0.05254317820072174,0.19498567283153534,0.1733640432357788,0.2819296717643738,0.013410978950560093,1.0
1779438877.904865,66,0.3865160048007965,0.03453318402171135,0.14979104697704315,0.08170613646507263,0.39819297194480896,0.006053720135241747,1.0
1779438877.9371254,66,0.5395531058311462,0.032065652310848236,0.15025362372398376,0.10488413274288177,0.5514618158340454,0.005842822603881359,1.0
1779438877.9682984,66,0.6414827108383179,0.06863495707511902,0.21899768710136414,0.11917781829833984,0.6568769812583923,0.006707438733428717,1.0
1779438878.0004938,66,0.6974822282791138,0.1996462345123291,0.201055645942688,0.1870400756597519,0.7459481358528137,0.005901510827243328,1.0
1779438878.0482433,66,0.8847025036811829,0.3784804046154022,0.3879301846027374,0.3738979697227478,1.02174711227417,0.019507940858602524,1.0
1779438878.078437,66,0.747307300567627,0.45208531618118286,0.2513301372528076,0.3053465485572815,0.907343864440918,0.008751128800213337,1.0
1779438878.1140196,66,0.62879478931427,0.45207884907722473,0.17097045481204987,0.21227850019931793,0.7964906096458435,0.006135906092822552,1.0
1779438878.1474538,66,0.55312579870224,0.46996793150901794,0.16566979885101318,0.23036758601665497,0.7472330331802368,0.006587388925254345,1.0
1779438878.1788025,66,0.515190601348877,0.5072428584098816,0.1812359094619751,0.26400062441825867,0.7538349032402039,0.011075934395194054,1.0
1779438878.2108374,66,0.3387448787689209,0.5563414692878723,0.19659735262393951,0.25171297788619995,0.6756020784378052,0.007649571634829044,1.0
1779438878.2407887,66,0.2155248522758484,0.848944902420044,0.21308007836341858,0.37821170687675476,0.8996667861938477,0.00831605028361082,1.0
1779438878.2726233,66,0.14077088236808777,1.3242055177688599,0.2824254631996155,0.4444035291671753,1.3597888946533203,0.018020521849393845,1.0
1779438878.307094,64,0.05758786201477051,1.9733216762542725,0.646396815776825,0.7071051597595215,2.046464681625366,0.06947740167379379,0.9696969696969697
1779438878.3384514,62,-0.14162199199199677,2.3433823585510254,0.8537660837173462,0.8169729113578796,2.458616256713867,0.1293802410364151,0.96875
1779438878.36951,62,-0.25229325890541077,2.5325002670288086,0.5097734332084656,0.7565300464630127,2.5972321033477783,0.0458887554705143,1.0
1779438878.4010751,60,-0.5518539547920227,2.3600733280181885,0.3622949719429016,0.687942385673523,2.4503750801086426,0.02814582921564579,0.967741935483871
1779438878.4503345,60,-0.7389475703239441,2.31707501411438,0.283332496881485,0.6309172511100769,2.4462897777557373,0.0330488458275795,1.0
1779438878.4796288,60,-0.6366482973098755,2.3513686656951904,0.2683069109916687,0.6262087821960449,2.4534425735473633,0.015360395424067974,1.0
1779438878.5138433,60,-0.5557578802108765,2.4486727714538574,0.2687534689903259,0.6649711728096008,2.5271825790405273,0.010501938872039318,1.0
1779438878.543493,60,-0.3512212038040161,2.706615447998047,0.30960339307785034,0.8118389844894409,2.751377820968628,0.015825461596250534,1.0
1779438878.575912,60,-0.2287907898426056,3.297865390777588,0.25562456250190735,1.0560284852981567,3.322922945022583,0.019127722829580307,1.0
1779438878.6062539,60,-0.138774111866951,3.684983730316162,0.20626676082611084,1.1971349716186523,3.701258659362793,0.020524537190794945,1.0
1779438878.640177,60,-0.14915771782398224,3.398301601409912,0.19235219061374664,1.140674114227295,3.414163827896118,0.021194733679294586,1.0
1779438878.6720073,60,-0.08967183530330658,2.8908815383911133,0.21085427701473236,0.8997109532356262,2.9046685695648193,0.018372245132923126,1.0
1779438878.7054715,60,-0.21225255727767944,2.4188475608825684,0.21123771369457245,0.8889094591140747,2.4393208026885986,0.011536614038050175,1.0
1779438878.7386577,60,-0.0742390975356102,2.5102698802948,0.3319561779499054,0.9368446469306946,2.539167881011963,0.015592754818499088,1.0
1779438878.7692313,60,-0.30040308833122253,2.0850255489349365,0.38981881737709045,0.6996799111366272,2.1399588584899902,0.016294103115797043,1.0
1779438878.8027306,60,-0.7121188044548035,1.3423899412155151,0.3466327488422394,0.516396164894104,1.5376583337783813,0.01091689895838499,1.0
1779438878.850839,60,-0.7793314456939697,0.417001336812973,0.2820916473865509,0.18376131355762482,0.9018468856811523,0.009492860175669193,1.0
1779438878.882541,60,-0.6992889642715454,-0.387862890958786,0.2921353578567505,0.2398625910282135,0.829032838344574,0.01101045124232769,1.0
1779438878.9145129,60,-0.5179499387741089,-1.2752941846847534,0.3393515944480896,0.5761314034461975,1.4109251499176025,0.015824725851416588,1.0
1779438878.9433594,60,-0.3611818850040436,-2.0150957107543945,0.35944148898124695,0.7047280669212341,2.083441972732544,0.015952831134200096,1.0
1779438878.974364,60,-0.12611566483974457,-2.3469085693359375,0.35711684823036194,0.8357707858085632,2.3840527534484863,0.01935317926108837,1.0
1779438879.008181,60,0.022795867174863815,-2.4086825847625732,0.3243134319782257,0.7774127721786499,2.4357101917266846,0.012012978084385395,1.0
1779438879.04026,60,0.0160064697265625,-2.655933141708374,0.313606858253479,0.9166405200958252,2.6819608211517334,0.01968679018318653,1.0
1779438879.0724237,59,0.11288374662399292,-2.5710933208465576,0.6181603670120239,1.0643913745880127,2.6535208225250244,0.05609545856714249,0.9833333333333333
1779438879.1059666,59,-0.13364294171333313,-3.0439541339874268,0.5468007326126099,1.1395297050476074,3.11116361618042,0.05853649228811264,1.0
1779438879.1389992,59,-0.1775013506412506,-3.258742332458496,0.4947684109210968,1.2491718530654907,3.3116390705108643,0.03645094856619835,1.0
1779438879.1670732,59,-0.1346895843744278,-3.703056812286377,0.5373430252075195,1.2678108215332031,3.759889602661133,0.033951323479413986,1.0
1779438879.199772,59,-0.04319944232702255,-3.646707534790039,0.44147413969039917,1.1252543926239014,3.6889960765838623,0.01959734968841076,1.0
1779438879.2470834,59,0.03810843825340271,-3.1410186290740967,0.407465398311615,0.9137717485427856,3.181480646133423,0.012936091981828213,1.0
1779438879.2837484,59,0.11643464863300323,-2.2153995037078857,0.3519475758075714,0.6032424569129944,2.253793239593506,0.010055230930447578,1.0
1779438879.3162916,59,0.12352842837572098,-0.6405158638954163,0.17109403014183044,0.16654758155345917,0.6738305687904358,0.005982315167784691,1.0
1779438879.3460495,59,0.028753764927387238,0.5186524391174316,0.10597105324268341,0.40111956000328064,0.5688926577568054,0.007857906632125378,1.0
1779438879.3789554,59,-0.05991428345441818,1.9932129383087158,0.28286826610565186,0.8079299926757812,2.0224769115448,0.018623927608132362,1.0
1779438879.4101462,59,-0.36831846833229065,2.700413703918457,0.42101478576660156,0.9239548444747925,2.7656869888305664,0.016270997002720833,1.0
1779438879.443352,59,-0.6770790219306946,2.988063335418701,0.5426456928253174,0.9486865997314453,3.113219738006592,0.016633611172437668,1.0
1779438879.4736412,59,-0.5285990834236145,3.1094582080841064,0.649931013584137,0.9766536355018616,3.243558883666992,0.021974273025989532,1.0
1779438879.5038736,58,-0.47859665751457214,3.2986578941345215,0.7635607719421387,1.2394441366195679,3.452327013015747,0.02997049316763878,0.9830508474576272
1779438879.5357947,58,-0.6093976497650146,2.903972864151001,0.7725613117218018,1.1784377098083496,3.0929646492004395,0.03226505219936371,1.0
1779438879.5680022,58,-0.9003824591636658,2.465904951095581,0.7009270787239075,0.8737457394599915,2.732198715209961,0.025007260963320732,1.0
1779438879.6019857,58,-1.007332682609558,2.2594411373138428,0.6646427512168884,0.8275513648986816,2.5624237060546875,0.012505155988037586,1.0
1779438879.6338735,58,-1.0197885036468506,2.128469228744507,0.5916635394096375,0.7305342555046082,2.4244048595428467,0.017788195982575417,1.0
1779438879.6786783,58,-0.900298535823822,1.8729348182678223,0.41045325994491577,0.5302681922912598,2.120110273361206,0.012669619172811508,1.0
1779438879.7140825,58,-0.8278195858001709,1.302491307258606,0.2446860373020172,0.41725942492485046,1.5565516948699951,0.008630890399217606,1.0
1779438879.7458396,58,-0.7468156218528748,0.5345874428749084,0.1873675435781479,0.11743935942649841,0.9301294088363647,0.007560406345874071,1.0
1779438879.7759864,58,-0.5774246454238892,-0.17481204867362976,0.2626972496509552,0.2414468675851822,0.659883439540863,0.011466198600828648,1.0
1779438879.8077874,58,-0.5129941701889038,-1.2378792762756348,0.32549604773521423,0.5983150601387024,1.3792694807052612,0.012394877150654793,1.0
1779438879.8420975,58,-0.30579087138175964,-2.154231071472168,0.47796836495399475,0.7374038100242615,2.2374913692474365,0.01225124392658472,1.0
1779438879.8741896,58,-0.024880770593881607,-2.916836738586426,0.62068110704422,1.0117356777191162,2.99465012550354,0.02409195713698864,1.0
1779438879.9074953,58,0.12328917533159256,-3.590575933456421,0.6461418867111206,1.230211853981018,3.670027256011963,0.020654911175370216,1.0
1779438879.9382854,58,0.25596749782562256,-4.3820977210998535,0.6113250255584717,1.5455679893493652,4.457871913909912,0.033626895397901535,1.0
1779438879.9673595,58,0.368774950504303,-4.789008617401123,0.5343316197395325,1.7272183895111084,4.858939170837402,0.036349035799503326,1.0
1779438880.0005941,58,0.44451168179512024,-4.656998157501221,0.423244446516037,1.6222786903381348,4.720605373382568,0.028201276436448097,1.0
1779438880.0338144,58,0.4998834431171417,-4.006780624389648,0.37359118461608887,1.3450117111206055,4.073421478271484,0.028929585590958595,1.0
1779438880.0846367,56,0.5627713799476624,-3.1502482891082764,0.35916513204574585,1.0576770305633545,3.228243589401245,0.014141837134957314,0.9655172413793104
1779438880.1120923,56,0.36764854192733765,-2.288665294647217,0.32642653584480286,0.7133041620254517,2.3469395637512207,0.013272457756102085,1.0
1779438880.1452045,56,0.23987552523612976,-1.409781575202942,0.30518531799316406,0.40734684467315674,1.4632314443588257,0.009312016889452934,1.0
1779438880.1796913,56,0.13266099989414215,-0.6597914099693298,0.2462688535451889,0.24663956463336945,0.71298748254776,0.007878022268414497,1.0
1779438880.209666,56,0.0208282470703125,-0.20968683063983917,0.1197458878159523,0.10298650711774826,0.23900015652179718,0.00321771833114326,1.0
1779438880.2417755,56,0.00266265869140625,-0.08354895561933517,0.1029805839061737,0.09868613630533218,0.1347285509109497,0.002181131159886718,1.0
1779438880.275156,56,-0.03980718180537224,0.04266902431845665,0.10074815899133682,0.10821174085140228,0.13164988160133362,0.0025199241936206818,1.0
1779438880.3078055,56,-0.07506097853183746,0.1685853749513626,0.15622015297412872,0.1718921959400177,0.26780223846435547,0.005466572940349579,1.0
1779438880.3373618,56,-0.06061853840947151,0.16626384854316711,0.07153604179620743,0.15296801924705505,0.20770514011383057,0.0022314810194075108,1.0
1779438880.3687975,56,0.03801590949296951,0.17338044941425323,0.11707048863172531,0.1417573094367981,0.22720596194267273,0.004663752857595682,1.0
1779438880.4011526,56,0.1637270748615265,0.21797426044940948,0.15138603746891022,0.1827087104320526,0.29893097281455994,0.004698760807514191,1.0
1779438880.434518,56,0.26819583773612976,0.2677680552005768,0.206299290060997,0.220600426197052,0.3979988694190979,0.005480138119310141,1.0
1779438880.481258,56,0.20561136305332184,0.21900613605976105,0.15842360258102417,0.18658040463924408,0.32505369186401367,0.006092025898396969,1.0
1779438880.512007,56,0.14282090961933136,0.17103467881679535,0.11304939538240433,0.11992619931697845,0.23859919607639313,0.0037961029447615147,1.0
1779438880.5439246,56,0.13970401883125305,0.16794750094413757,0.1015520840883255,0.09303280711174011,0.22787527740001678,0.0028348304331302643,1.0
1779438880.5758455,56,0.22732135653495789,0.2757372260093689,0.1755295693874359,0.18429136276245117,0.37065842747688293,0.008104107342660427,1.0
1779438880.6072931,56,0.15998676419258118,0.1678815633058548,0.0759316235780716,0.07583007216453552,0.23860099911689758,0.003069172380492091,1.0
1779438880.6418867,56,0.23156465590000153,0.15014947950839996,0.10483083128929138,0.07089212536811829,0.28110232949256897,0.0028233882039785385,1.0
1779438880.672868,56,0.33264705538749695,0.14809934794902802,0.17015111446380615,0.10607774555683136,0.37549248337745667,0.004493648651987314,1.0
1779438880.7037566,56,0.27969440817832947,0.07452474534511566,0.11785469949245453,0.1256995052099228,0.310615211725235,0.006248196121305227,1.0
1779438880.7366009,56,0.24949754774570465,-0.0226298738270998,0.15078967809677124,0.1428404599428177,0.2908037304878235,0.00586103368550539,1.0
1779438880.7679858,56,0.2459150105714798,-0.057471685111522675,0.16677436232566833,0.13046719133853912,0.2825446128845215,0.008338219486176968,1.0
1779438880.802582,56,0.1780831515789032,-0.0659681037068367,0.1458677053451538,0.12874992191791534,0.23119354248046875,0.00635615736246109,1.0
1779438880.831357,56,0.09820283949375153,-0.04633249714970589,0.1318223774433136,0.11540842056274414,0.1612057238817215,0.006964603904634714,1.0
1779438880.8798907,56,0.03538431599736214,-0.0053476607427001,0.12791325151920319,0.07988899201154709,0.12180954962968826,0.004626643843948841,1.0
1779438880.911739,56,0.0015277862548828125,0.006291525904089212,0.0777905285358429,0.06449894607067108,0.08662165701389313,0.002570645185187459,1.0
1779438880.9458601,56,-0.027130944654345512,0.04052625223994255,0.06621119379997253,0.04547226056456566,0.07565082609653473,0.0017761503113433719,1.0
1779438880.9761717,56,-0.021571023389697075,0.10964066535234451,0.10610117763280869,0.13722604513168335,0.13987261056900024,0.0038578424137085676,1.0
1779438881.008841,56,-0.014864785596728325,0.05555479973554611,0.04306076467037201,0.04603194817900658,0.07219960540533066,0.0014101307606324553,1.0
1779438881.0410624,56,-0.03422464802861214,0.03398432210087776,0.049043308943510056,0.051844898611307144,0.07062473148107529,0.0012402177089825273,1.0
1779438881.0702283,56,-0.028076171875,0.02306039072573185,0.0468275249004364,0.0405118465423584,0.0624646358191967,0.0026468560099601746,1.0
1779438881.1017601,56,-0.0153748644515872,0.011440821923315525,0.07113958150148392,0.07366367429494858,0.08187871426343918,0.001846509287133813,1.0
1779438881.1352527,56,0.038494110107421875,-0.0285186767578125,0.14537541568279266,0.11264745146036148,0.13523836433887482,0.005154815968126059,1.0
1779438881.1689885,56,0.11826978623867035,-0.00821685791015625,0.23929622769355774,0.16856133937835693,0.22767780721187592,0.008003339171409607,1.0
1779438881.1997545,56,0.13782718777656555,0.11944198608398438,0.1763986051082611,0.1304090917110443,0.24216130375862122,0.0058049289509654045,1.0
1779438881.2318861,56,0.10827500373125076,0.24997302889823914,0.14557583630084991,0.1581597477197647,0.3171544075012207,0.0036023904103785753,1.0
1779438881.2804213,56,0.024458477273583412,0.47493988275527954,0.14849048852920532,0.2114131897687912,0.5043396353721619,0.007532161194831133,1.0
1779438881.3117719,56,0.010484968312084675,0.688741147518158,0.1747787594795227,0.2683371603488922,0.7192997336387634,0.008408761583268642,1.0
1779438881.3476083,56,-0.05183083564043045,1.0730400085449219,0.17759224772453308,0.36136624217033386,1.0930770635604858,0.007721307221800089,1.0
1779438881.3779788,56,-0.04044559970498085,1.3970857858657837,0.22137974202632904,0.5024378299713135,1.4254770278930664,0.009207755327224731,1.0
1779438881.4097173,56,0.04449108615517616,1.7962619066238403,0.30002719163894653,0.5894675254821777,1.8332990407943726,0.008726905100047588,1.0
1779438881.442132,56,0.15720775723457336,2.3095204830169678,0.4182465374469757,0.7749925851821899,2.3646552562713623,0.012064599432051182,1.0
1779438881.4712994,56,0.24258831143379211,2.6996467113494873,0.46391087770462036,0.8708816766738892,2.7590370178222656,0.01865960657596588,1.0
1779438881.506192,56,0.27053043246269226,3.0409111976623535,0.6149141788482666,1.0252043008804321,3.117137908935547,0.047644298523664474,1.0
1779438881.5362697,56,0.17339542508125305,3.419095993041992,0.5287827253341675,1.1997668743133545,3.474165678024292,0.03525254875421524,1.0
1779438881.5684896,56,-0.08501271158456802,3.3772051334381104,0.4352685511112213,1.2285988330841064,3.420515775680542,0.014833523891866207,1.0
1779438881.600987,56,-0.0082010542973876,3.7788937091827393,0.48014792799949646,1.3399457931518555,3.8219714164733887,0.019364533945918083,1.0
1779438881.632668,56,-0.1624992936849594,3.704280138015747,0.3864939510822296,1.2837966680526733,3.7385478019714355,0.016888711601495743,1.0
1779438881.681416,56,-0.34609466791152954,3.3857598304748535,0.352685809135437,1.2194797992706299,3.4251346588134766,0.018527546897530556,1.0
1779438881.7138968,56,-0.3540695607662201,2.735503673553467,0.23842832446098328,0.9684262275695801,2.7723631858825684,0.013719980604946613,1.0
1779438881.744593,56,-0.4602421224117279,1.9246054887771606,0.2436213344335556,0.8254019021987915,2.0067334175109863,0.01355689950287342,1.0
1779438881.7780776,56,-0.4330986440181732,1.0863443613052368,0.41066861152648926,0.7679895758628845,1.3439217805862427,0.01759198121726513,1.0
1779438881.8087296,56,-0.32314273715019226,0.06251253187656403,0.6034976243972778,0.392419695854187,0.680206298828125,0.009586526080965996,1.0
1779438881.8392365,56,-0.26398196816444397,-0.9276618957519531,0.7667587399482727,0.5608620643615723,1.2905900478363037,0.011628462001681328,1.0
1779438881.8716211,56,-0.1610017567873001,-2.093322992324829,0.786838173866272,0.7302776575088501,2.281116247177124,0.016999559476971626,1.0
1779438881.906718,56,0.16368511319160461,-2.818713903427124,0.6993124485015869,0.8574531674385071,2.9329721927642822,0.014981436543166637,1.0
1779438881.93766,56,0.2792336642742157,-3.543241262435913,0.6335846185684204,1.1802644729614258,3.630317211151123,0.020547088235616684,1.0
1779438881.9699838,56,0.38870376348495483,-4.1116251945495605,0.6080062389373779,1.3745644092559814,4.197244167327881,0.022165456786751747,1.0
1779438881.9984353,56,0.5549798607826233,-4.5450053215026855,0.5520325899124146,1.5943129062652588,4.63761043548584,0.023335857316851616,1.0
1779438882.0315464,56,0.6819242835044861,-4.452268123626709,0.4656628966331482,1.508972406387329,4.5482282638549805,0.029210859909653664,1.0
1779438882.0789907,56,0.6636750102043152,-3.952604293823242,0.3982464075088501,1.3364262580871582,4.049595355987549,0.036963026970624924,1.0
1779438882.112927,56,0.6727474927902222,-3.229076385498047,0.28413113951683044,1.0774585008621216,3.3323135375976562,0.019680431112647057,1.0
1779438882.145893,56,0.5724124908447266,-2.3807032108306885,0.24619491398334503,0.8070826530456543,2.481008291244507,0.011828799732029438,1.0
1779438882.1760287,56,0.31407874822616577,-1.501198649406433,0.17698310315608978,0.47608909010887146,1.556427001953125,0.011181549169123173,1.0
1779438882.2130501,56,0.08802331984043121,-0.4665306508541107,0.09688291698694229,0.1949486881494522,0.48874321579933167,0.005773080978542566,1.0
1779438882.2400846,56,-0.0966687873005867,0.16748619079589844,0.100738525390625,0.16993217170238495,0.21764929592609406,0.00258747604675591,1.0
1779438882.2756407,56,-0.43776974081993103,1.1163842678070068,0.22191967070102692,0.45160913467407227,1.22867751121521,0.009025719948112965,1.0
1779438882.3055785,56,-0.6505590081214905,1.670603632926941,0.26830506324768066,0.5698721408843994,1.8238519430160522,0.010163473896682262,1.0
1779438882.3376522,56,-0.760997474193573,2.1456470489501953,0.360388845205307,0.7261149883270264,2.320253610610962,0.009739791043102741,1.0
1779438882.371647,56,-0.5833985209465027,2.5745556354522705,0.4531789720058441,0.8626397848129272,2.716374635696411,0.018226725980639458,1.0
1779438882.4020898,56,-0.470244824886322,2.707129955291748,0.6329518556594849,0.9066531658172607,2.8600656986236572,0.030449913814663887,1.0
1779438882.432684,56,-0.5571972727775574,2.8077361583709717,0.6481431126594543,0.9993818998336792,2.9801433086395264,0.027749964967370033,1.0
1779438882.4847982,56,-0.6499252319335938,2.9324233531951904,0.7666366696357727,0.90934818983078,3.1382992267608643,0.014733330346643925,1.0
1779438882.5117881,56,-0.7837300896644592,3.0801615715026855,0.7364253997802734,0.8718708753585815,3.2912046909332275,0.010161810554564,1.0
1779438882.5450745,56,-0.9476691484451294,3.577228307723999,0.7524629831314087,0.9814582467079163,3.8064024448394775,0.015654928982257843,1.0
1779438882.5750902,56,-1.1535742282867432,3.834554672241211,0.7648875713348389,0.9843640327453613,4.086320877075195,0.016421599313616753,1.0
1779438882.6061912,56,-1.1154416799545288,3.9469761848449707,0.7399382591247559,1.006710171699524,4.179182052612305,0.019421685487031937,1.0
1779438882.6423724,56,-0.9110845923423767,3.885718822479248,0.7540110945701599,0.9328369498252869,4.066075801849365,0.016751190647482872,1.0
1779438882.6749883,56,-0.7699775695800781,3.256126880645752,0.600310742855072,0.8089227080345154,3.402111053466797,0.011581229977309704,1.0
1779438882.7037728,56,-0.6541344523429871,2.3146326541900635,0.4499036371707916,0.5132968425750732,2.4439189434051514,0.011297370307147503,1.0
1779438882.7400703,56,-0.5298442840576172,0.9748055338859558,0.13213300704956055,0.21344532072544098,1.1160032749176025,0.009048870764672756,1.0
1779438882.7706792,56,-0.5201249718666077,-0.5112097859382629,0.36059248447418213,0.3368285000324249,0.8389345407485962,0.008816994726657867,1.0
1779438882.8032103,56,-0.4811055362224579,-2.2309718132019043,0.6760461926460266,0.7939152717590332,2.396122455596924,0.013129021041095257,1.0
1779438882.8337317,56,-0.12341254204511642,-3.311022996902466,0.7122311592102051,0.9713085293769836,3.4036600589752197,0.013172096572816372,1.0
1779438882.8829944,56,0.18649564683437347,-4.041306018829346,0.7200161814689636,1.0882201194763184,4.120738983154297,0.01490701548755169,1.0
1779438882.9146986,56,0.4109368920326233,-4.365408897399902,0.681166410446167,1.1923670768737793,4.454843997955322,0.021236447617411613,1.0
1779438882.9438627,56,0.6783798933029175,-4.393914222717285,0.7168115377426147,1.18329918384552,4.520242214202881,0.022881289944052696,1.0
1779438882.9786396,56,0.8280244469642639,-4.263351917266846,0.6777474284172058,1.177073359489441,4.414674282073975,0.02734227664768696,1.0
1779438883.009604,56,0.8027580976486206,-3.973759412765503,0.6494814157485962,1.1125843524932861,4.13025426864624,0.024025065824389458,1.0
1779438883.0419445,56,0.8082907795906067,-3.604066848754883,0.5052095651626587,1.025660753250122,3.7487199306488037,0.01684376411139965,1.0
1779438883.0708337,56,0.7564479112625122,-3.167736053466797,0.49754658341407776,0.9290861487388611,3.32071852684021,0.011939815245568752,1.0
1779438883.1042464,56,0.7096576690673828,-2.716691255569458,0.41424107551574707,0.7563433051109314,2.85579514503479,0.012397090904414654,1.0
1779438883.1381917,56,0.5258644819259644,-2.2029759883880615,0.3519270122051239,0.623722493648529,2.3050472736358643,0.010391316376626492,1.0
1779438883.1676123,56,0.3447968661785126,-1.8015310764312744,0.3495787978172302,0.5504599809646606,1.876928687095642,0.009284699335694313,1.0
1779438883.197077,56,0.23029981553554535,-1.324647307395935,0.2292843759059906,0.40121525526046753,1.3664305210113525,0.008415901102125645,1.0
1779438883.2319012,56,0.08102798461914062,-0.8046256303787231,0.15319415926933289,0.24726547300815582,0.8235520124435425,0.005407360848039389,1.0
1779438883.284091,56,-0.0340467169880867,-0.20506450533866882,0.07078759372234344,0.09235374629497528,0.2186579704284668,0.003089992329478264,1.0
1779438883.3146307,56,-0.08508491516113281,-0.029943466186523438,0.041747353971004486,0.05716051906347275,0.1057775542140007,0.0011664513731375337,1.0
1779438883.346723,56,-0.3031218349933624,0.23370006680488586,0.10891213268041611,0.11532595008611679,0.39709752798080444,0.005481194704771042,1.0
1779438883.3777516,56,-0.4830954372882843,0.5311816334724426,0.2473323494195938,0.22754542529582977,0.7641357779502869,0.009053297340869904,1.0
1779438883.4121165,56,-0.3854787051677704,0.4921133816242218,0.19517740607261658,0.18282325565814972,0.6642670631408691,0.007644925732165575,1.0
1779438883.4393332,56,-0.3014875054359436,0.4914313852787018,0.14451950788497925,0.18060441315174103,0.5963820219039917,0.005088802892714739,1.0
1779438883.4758677,56,-0.14429882168769836,0.40553992986679077,0.14553244411945343,0.13154220581054688,0.4516634941101074,0.003931113984435797,1.0
1779438883.5067623,56,-0.040665216743946075,0.24292400479316711,0.08066386729478836,0.12106174230575562,0.2607884407043457,0.0028053871355950832,1.0
1779438883.5348072,56,0.05283573642373085,0.1488557606935501,0.04762890934944153,0.0824340209364891,0.1645338088274002,0.0019952598959207535,1.0
1779438883.5689151,56,0.10691424459218979,0.07813099771738052,0.05100536718964577,0.04586879163980484,0.13781078159809113,0.001678234664723277,1.0
1779438883.5990558,56,0.1803504377603531,0.024279186502099037,0.0752670094370842,0.041108593344688416,0.18746495246887207,0.0017335409065708518,1.0
1779438883.6331213,56,0.1895533949136734,0.0031697410158813,0.05072856321930885,0.053507592529058456,0.1970771700143814,0.0023188856430351734,1.0
1779438883.6826942,56,0.21883419156074524,-0.018112728372216225,0.05810725316405296,0.0626193955540657,0.2283567637205124,0.002285267459228635,1.0
1779438883.713268,56,0.21912328898906708,0.016471590846776962,0.06267566978931427,0.0460202731192112,0.22446492314338684,0.0027268033009022474,1.0
1779438883.746382,56,0.20058496296405792,-0.024823052808642387,0.04755520448088646,0.04590155556797981,0.20749008655548096,0.002148751635104418,1.0
1779438883.7760732,56,0.13168907165527344,-0.04948180168867111,0.04853586107492447,0.042916905134916306,0.1462501436471939,0.0019267650786787271,1.0
1779438883.811133,56,0.08024460822343826,-0.033649444580078125,0.04734324291348457,0.026547417044639587,0.091743603348732,0.0012008516350761056,1.0
1779438883.842581,56,0.0201753880828619,-0.04092543572187424,0.032425686717033386,0.03226975351572037,0.05609118938446045,0.0011007023276761174,1.0
1779438883.8725107,56,-0.051212310791015625,-0.04256139323115349,0.02741103060543537,0.027622757479548454,0.07097388803958893,0.0008093175711110234,1.0
1779438883.9053802,56,-0.14532415568828583,-0.024173464626073837,0.056780360639095306,0.04735748842358589,0.15503348410129547,0.0016130312578752637,1.0
1779438883.9383662,56,-0.24930790066719055,0.022364208474755287,0.0715855285525322,0.043250128626823425,0.2540457844734192,0.0022591487504541874,1.0
1779438883.9590151,56,0.0,0.0,0.0,0.0,0.0,0.0,1.0
1779438883.999923,56,-0.5677498579025269,0.17594501376152039,0.13457487523555756,0.08767420053482056,0.601034939289093,0.0033602979965507984,1.0
1779438884.033938,56,-0.23244476318359375,0.09852518141269684,0.07643092423677444,0.04879280924797058,0.2580092251300812,0.0025261843111366034,1.0
1779438884.079286,56,-0.22236715257167816,0.13969966769218445,0.080488421022892,0.0923171192407608,0.2751328945159912,0.003329701954498887,1.0
1779438884.1122699,56,-0.09309577941894531,0.1833297163248062,0.24739938974380493,0.2388737052679062,0.2734641134738922,0.00939031969755888,1.0
1779438884.1439888,56,-0.0199911929666996,0.2088707536458969,0.4120030999183655,0.28344565629959106,0.3040041923522949,0.022678080946207047,1.0
1779438884.1765661,56,-0.04031508415937424,0.25906261801719666,0.19430240988731384,0.1655661165714264,0.30003732442855835,0.01999102719128132,1.0
1779438884.210832,56,-0.08926200866699219,0.3424186706542969,0.09394701570272446,0.14221493899822235,0.3684898018836975,0.006604794878512621,1.0
1779438884.2426162,56,-0.07055473327636719,0.3347996175289154,0.08906586468219757,0.13918077945709229,0.3545897901058197,0.003442839253693819,1.0
1779438884.2721682,56,-0.13118498027324677,0.35339027643203735,0.08429628610610962,0.12177805602550507,0.3863075077533722,0.0032255579717457294,1.0
1779438884.3069768,56,-0.1875743865966797,0.39917781949043274,0.09357398748397827,0.15241758525371552,0.44995376467704773,0.005429744720458984,1.0
1779438884.33648,56,-0.2525520324707031,0.38993480801582336,0.0979418158531189,0.14149145781993866,0.47118425369262695,0.004497953224927187,1.0
1779438884.368606,56,-0.33863750100135803,0.4933346211910248,0.15212894976139069,0.18673574924468994,0.611410915851593,0.005295648239552975,1.0
1779438884.4017208,56,-0.2789592742919922,0.5868982672691345,0.11143099516630173,0.2189859002828598,0.6607469916343689,0.005814611911773682,1.0
1779438884.4353073,56,-0.28114208579063416,0.700897216796875,0.1254337579011917,0.23873142898082733,0.7734341025352478,0.005961313843727112,1.0
1779438884.4845958,56,-0.3062831461429596,0.8680188059806824,0.17135855555534363,0.2558049261569977,0.9423158764839172,0.004987399559468031,1.0
1779438884.5152843,56,-0.33416202664375305,0.9903937578201294,0.18290360271930695,0.32640567421913147,1.0737115144729614,0.006102346815168858,1.0
1779438884.5443342,56,-0.4464043080806732,1.2768102884292603,0.26727765798568726,0.3630765974521637,1.3848836421966553,0.007274683099240065,1.0
1779438884.5748463,56,-0.5533332824707031,1.5235048532485962,0.30615878105163574,0.44452667236328125,1.665846586227417,0.008278712630271912,1.0
1779438884.6095474,56,-0.7127647399902344,1.8339358568191528,0.4941568076610565,0.4906753897666931,2.0313382148742676,0.010148708708584309,1.0
1779438884.6399806,56,-0.7510348558425903,2.180133104324341,0.5957887768745422,0.628474235534668,2.3985049724578857,0.010921166278421879,1.0
1779438884.676995,56,-0.8528935313224792,2.5087313652038574,0.6676707863807678,0.7135083079338074,2.750535726547241,0.015725189819931984,1.0
1779438884.7041724,56,-0.9153262376785278,2.9806113243103027,0.7465859055519104,0.9050426483154297,3.2328426837921143,0.02454744651913643,1.0
1779438884.7369394,56,-0.8472058176994324,3.3228297233581543,0.7284989356994629,0.9968764185905457,3.5342962741851807,0.01530858688056469,1.0
1779438884.7714317,56,-0.871672511100769,3.6244242191314697,0.7954773902893066,1.065687894821167,3.8345348834991455,0.020357290282845497,1.0
1779438884.8018994,56,-0.8888574242591858,4.006649971008301,0.8814208507537842,1.1753476858139038,4.2180495262146,0.01769687421619892,1.0
1779438884.833536,56,-0.8538001179695129,4.863600730895996,0.9051221609115601,1.3507814407348633,5.039792060852051,0.02446572668850422,1.0
1779438884.8840694,56,-0.9936071038246155,5.8666863441467285,0.9274318218231201,1.447435975074768,6.041220664978027,0.027969270944595337,1.0
1779438884.9135087,56,-1.1893435716629028,6.666145324707031,0.7312276363372803,1.3600345849990845,6.819522857666016,0.03574538230895996,1.0
1779438884.9438412,56,-1.1254212856292725,6.696468353271484,0.6374417543411255,1.3479973077774048,6.822364330291748,0.044239290058612823,1.0
1779438884.976397,56,-0.7038604021072388,6.137045860290527,0.5991165637969971,1.336524248123169,6.209297180175781,0.040547460317611694,1.0
1779438885.010447,55,-0.3119451403617859,5.438186168670654,0.5059930086135864,1.2215083837509155,5.474619388580322,0.03917611017823219,0.9821428571428571
1779438885.0426652,55,0.1258752942085266,4.461892604827881,0.5094247460365295,1.0942795276641846,4.498795032501221,0.0297266636043787,1.0
1779438885.0718458,55,0.44862115383148193,3.4066860675811768,0.41716867685317993,0.8709143996238708,3.4677670001983643,0.014019675552845001,1.0
1779438885.104648,55,0.8152715563774109,2.322715997695923,0.3715151250362396,0.7076413631439209,2.49507474899292,0.01425418071448803,1.0
1779438885.135478,55,0.9649081230163574,1.1152704954147339,0.25539734959602356,0.43631675839424133,1.5138962268829346,0.008424876257777214,1.0
1779438885.1700945,55,0.9674280285835266,-0.16612105071544647,0.27153095602989197,0.23203417658805847,1.0149471759796143,0.0057640220038592815,1.0
1779438885.2021668,55,1.0935683250427246,-1.5392941236495972,0.36820653080940247,0.44274792075157166,1.9155110120773315,0.013868621550500393,1.0
1779438885.2392316,55,1.0580161809921265,-2.7891805171966553,0.5357627272605896,0.6584729552268982,3.0218253135681152,0.016741544008255005,1.0
1779438885.2831109,55,0.9921078681945801,-4.131736755371094,0.7517101168632507,0.9526753425598145,4.309837818145752,0.021110523492097855,1.0
1779438885.3110964,55,0.92828369140625,-5.2497239112854,0.8584944009780884,1.2364641427993774,5.402118682861328,0.028923798352479935,1.0
1779438885.3430405,55,0.8453685641288757,-6.163120269775391,1.0450621843338013,1.374805212020874,6.316481113433838,0.02426014095544815,1.0
1779438885.3759375,55,0.9398520588874817,-6.745057582855225,1.0986219644546509,1.5344527959823608,6.907719135284424,0.03848361223936081,1.0
1779438885.4100864,55,0.8945445418357849,-6.91448974609375,1.1300010681152344,1.5676805973052979,7.076653957366943,0.052584029734134674,1.0
1779438885.4414935,55,1.1053588390350342,-6.516992568969727,1.0475420951843262,1.4966801404953003,6.70102596282959,0.031732749193906784,1.0
1779438885.475155,55,0.9848793745040894,-5.979717254638672,0.90934157371521,1.367491602897644,6.142131328582764,0.034477878361940384,1.0
1779438885.504772,55,0.915618360042572,-5.1831865310668945,0.7521147727966309,1.1797510385513306,5.328186511993408,0.03734433278441429,1.0
1779438885.5430186,55,0.7819916009902954,-4.217726230621338,0.6326776742935181,1.0069141387939453,4.345586776733398,0.020115483552217484,1.0
1779438885.5685048,55,0.6247977614402771,-3.370598077774048,0.46739938855171204,0.8660023212432861,3.4730019569396973,0.01252167671918869,1.0
1779438885.5986874,55,0.4375912845134735,-2.5668842792510986,0.33483588695526123,0.7490729093551636,2.639791965484619,0.009753989055752754,1.0
1779438885.6312406,55,0.26329872012138367,-1.9932825565338135,0.2758682668209076,0.6216403245925903,2.0391714572906494,0.00888643879443407,1.0
1779438885.6810787,55,0.05749345198273659,-1.5799696445465088,0.19196243584156036,0.49350205063819885,1.5989354848861694,0.00780245428904891,1.0
1779438885.7141647,55,-0.10455821454524994,-1.1206434965133667,0.13153168559074402,0.4268572926521301,1.1374255418777466,0.0058630965650081635,1.0
1779438885.7456303,55,-0.14222411811351776,-0.7950947284698486,0.1077837273478508,0.2950541079044342,0.8182250261306763,0.0039029044564813375,1.0
1779438885.7802775,55,-0.27108487486839294,-0.4792042076587677,0.06941526383161545,0.20240390300750732,0.5642162561416626,0.0050489697605371475,1.0
1779438885.8092709,55,-0.3058915436267853,-0.2600955069065094,0.08074051141738892,0.14051371812820435,0.4191877543926239,0.004729350563138723,1.0
1779438885.8407114,55,-0.3557206690311432,-0.03816667199134827,0.06872682273387909,0.10586249083280563,0.37227389216423035,0.0032868003472685814,1.0
1779438885.8771863,55,-0.3725333511829376,0.15924571454524994,0.11194796860218048,0.08941224217414856,0.4165366291999817,0.0026263706386089325,1.0
1779438885.9037962,55,-0.37698668241500854,0.4418196380138397,0.1360841542482376,0.1434420794248581,0.5942068696022034,0.0034132483415305614,1.0
1779438885.9369621,55,-0.27271729707717896,0.6855918169021606,0.1484130471944809,0.18335074186325073,0.755225658416748,0.00409040879458189,1.0
1779438885.9695013,55,-0.14622774720191956,0.6966511011123657,0.15062475204467773,0.21481317281723022,0.73125159740448,0.004380705766379833,1.0
1779438886.0038853,55,-0.09646717458963394,0.8205643892288208,0.34938549995422363,0.2792609930038452,0.8803079128265381,0.013533340767025948,1.0
1779438886.0331955,55,-0.014793534763157368,0.7446541786193848,0.27811622619628906,0.26010093092918396,0.794703483581543,0.005355786066502333,1.0
1779438886.0795834,55,0.07318115234375,0.7576993107795715,0.15015645325183868,0.2668684720993042,0.7756611108779907,0.004185515455901623,1.0
1779438886.1113024,55,0.11963806301355362,0.8026677966117859,0.12850797176361084,0.2740984857082367,0.822300374507904,0.006441199220716953,1.0
1779438886.143303,55,0.12135675549507141,0.9988913536071777,0.13986486196517944,0.3692677915096283,1.015612006187439,0.005132376682013273,1.0
1779438886.174799,55,0.04382740333676338,1.236914038658142,0.15722423791885376,0.4164273142814636,1.2521895170211792,0.006539123132824898,1.0
1779438886.215741,55,-0.12906937301158905,1.4949800968170166,0.17226743698120117,0.5813105702400208,1.5217437744140625,0.008768061175942421,1.0
1779438886.244437,55,-0.18985790014266968,1.8454539775848389,0.43673577904701233,0.7058318257331848,1.9035073518753052,0.020419850945472717,1.0
1779438886.2727776,54,-0.5579774379730225,1.9474297761917114,0.3429264426231384,0.6358143091201782,2.055067539215088,0.03435705974698067,0.9818181818181818
1779438886.3062615,54,-0.7970660328865051,1.9674187898635864,0.33962512016296387,0.5997514128684998,2.142712116241455,0.019214991480112076,1.0
1779438886.3347433,54,-0.7647897005081177,2.0889954566955566,0.3804204761981964,0.6310510039329529,2.2545461654663086,0.011961729265749454,1.0
1779438886.367093,54,-0.7515145540237427,2.2789103984832764,0.4512804448604584,0.6389108896255493,2.43621563911438,0.012053396552801132,1.0
1779438886.400367,54,-0.7552561163902283,2.454385995864868,0.5109120607376099,0.7045168876647949,2.618407964706421,0.012992252595722675,1.0
1779438886.4312522,54,-0.6447346806526184,3.0301573276519775,0.5579484701156616,0.8628764152526855,3.155052423477173,0.015039478428661823,1.0
1779438886.4838414,54,-0.5884108543395996,3.546659469604492,0.693884015083313,1.0207363367080688,3.670645236968994,0.016723481938242912,1.0
1779438886.5131602,54,-0.6392782926559448,4.004871368408203,0.6343114972114563,1.1768876314163208,4.112293720245361,0.028584495186805725,1.0
1779438886.54687,54,-0.8398236632347107,3.7469961643218994,0.5072417855262756,1.0244522094726562,3.870626211166382,0.02589753083884716,1.0
1779438886.5745459,54,-0.901559591293335,2.9452595710754395,0.3525886833667755,0.6499397158622742,3.09645414352417,0.012884358875453472,1.0
1779438886.6075737,54,-0.5993878245353699,2.0957212448120117,0.23526205122470856,0.49465906620025635,2.1921274662017822,0.014284400269389153,1.0
1779438886.6399317,54,-0.21529360115528107,1.187600016593933,0.22342371940612793,0.3652706444263458,1.227662444114685,0.006588844582438469,1.0
1779438886.6724348,54,0.05631256103515625,0.23618796467781067,0.1005287617444992,0.15559066832065582,0.27057814598083496,0.0034278989769518375,1.0
1779438886.7070117,54,0.2538892924785614,-0.47249576449394226,0.14387744665145874,0.2316432148218155,0.5490191578865051,0.006886046379804611,1.0
1779438886.7373626,54,0.6043381690979004,-1.8889203071594238,0.24613404273986816,0.4751351475715637,1.9930037260055542,0.010582072660326958,1.0
1779438886.7689104,54,0.65118408203125,-2.776669502258301,0.3858823776245117,0.7005122900009155,2.874981641769409,0.01483973115682602,1.0
1779438886.7998805,54,0.8120125532150269,-3.4939379692077637,0.49645090103149414,0.8860395550727844,3.6185238361358643,0.01865469664335251,1.0
1779438886.8362973,54,0.8784869313240051,-3.965977907180786,0.6267388463020325,0.9600356221199036,4.108508110046387,0.020255498588085175,1.0
1779438886.8839939,54,0.7923815846443176,-4.198732852935791,0.663792610168457,1.0740647315979004,4.331389427185059,0.024871278554201126,1.0
1779438886.913508,54,0.7824198603630066,-4.36311674118042,0.6552347540855408,1.0670157670974731,4.487345218658447,0.016645733267068863,1.0
1779438886.944273,54,0.7165634632110596,-4.548855304718018,0.650187075138092,1.148308277130127,4.664470672607422,0.02040364407002926,1.0
1779438886.977362,54,0.6220943331718445,-4.748810768127441,0.6879315376281738,1.1644989252090454,4.853060722351074,0.01937600038945675,1.0
1779438887.0091028,54,0.6892552971839905,-4.702083587646484,0.7136006355285645,1.2751729488372803,4.827676773071289,0.02801581285893917,1.0
1779438887.042498,54,0.6434868574142456,-4.506900310516357,0.6627525687217712,1.1808727979660034,4.621599197387695,0.02697770483791828,1.0
1779438887.0708275,54,0.5121324062347412,-4.089698314666748,0.6099410653114319,1.2192697525024414,4.190545558929443,0.022635186091065407,1.0
1779438887.1049066,54,0.38710981607437134,-3.548553943634033,0.5340883731842041,1.0625789165496826,3.632445812225342,0.016772734001278877,1.0
1779438887.1403544,54,0.21808454394340515,-2.995007038116455,0.5064067244529724,0.9666522741317749,3.065481185913086,0.016665278002619743,1.0
1779438887.1674404,54,0.1140950545668602,-2.3849000930786133,0.3731550872325897,0.7831620573997498,2.428097724914551,0.007523524109274149,1.0
1779438887.1996877,54,-0.08039262890815735,-1.8452814817428589,0.3045814037322998,0.6462838649749756,1.8788238763809204,0.007608197163790464,1.0
1779438887.2319963,54,-0.26435258984565735,-1.3603719472885132,0.20897437632083893,0.572464644908905,1.405535101890564,0.006791278254240751,1.0
1779438887.2818875,54,-0.2856210768222809,-0.8953854441642761,0.15282607078552246,0.3897671103477478,0.9553179144859314,0.005102348979562521,1.0
1779438887.311805,54,-0.2799939811229706,-0.5884888172149658,0.09612742811441422,0.27444419264793396,0.6735208034515381,0.005579058080911636,1.0
1779438887.3437994,54,-0.2668708562850952,-0.3843657970428467,0.14817626774311066,0.2697370648384094,0.5134623646736145,0.0063711958937346935,1.0
1779438887.3793995,54,-0.16652029752731323,-0.32684722542762756,0.18720312416553497,0.23988893628120422,0.4213468134403229,0.004706909880042076,1.0
1779438887.406232,54,-0.12426871061325073,-0.1850314736366272,0.16493269801139832,0.14714984595775604,0.28146857023239136,0.003793855430558324,1.0
1779438887.4397762,54,-0.08363455533981323,-0.06842323392629623,0.13486139476299286,0.11956083029508591,0.17713935673236847,0.0025714796502143145,1.0
1779438887.4759288,54,-0.08670157194137573,-0.024107756093144417,0.11852993816137314,0.05894952639937401,0.12812647223472595,0.0019162212265655398,1.0
1779438887.5038173,54,-0.06891066581010818,0.051810089498758316,0.08584190160036087,0.06776749342679977,0.11302770674228668,0.0019983071833848953,1.0
1779438887.535487,54,-0.015466195531189442,0.14121076464653015,0.08757978677749634,0.0713341012597084,0.16924723982810974,0.0019551313016563654,1.0
1779438887.5685787,54,0.09739939123392105,0.2550678849220276,0.1302231401205063,0.13071121275424957,0.2920520603656769,0.0040329135954380035,1.0
1779438887.6025717,54,0.22211739420890808,0.23124383389949799,0.140641987323761,0.1147293969988823,0.3347451686859131,0.002369345398619771,1.0
1779438887.6326487,54,0.48744794726371765,0.22647066414356232,0.39320141077041626,0.12917965650558472,0.5619707703590393,0.006465157028287649,1.0
1779438887.6798437,54,0.5447037220001221,0.21698591113090515,0.19895784556865692,0.1526748538017273,0.5990614295005798,0.00416305148974061,1.0
1779438887.7140718,54,0.62801194190979,0.2232072651386261,0.2077946960926056,0.15856407582759857,0.682066798210144,0.004249219316989183,1.0
1779438887.741902,54,0.6085657477378845,0.18813522160053253,0.23055128753185272,0.13724879920482635,0.6498967409133911,0.004522640258073807,1.0
1779438887.775751,54,0.5317812561988831,0.1139458566904068,0.17684818804264069,0.1176612451672554,0.5592444539070129,0.005215397570282221,1.0
1779438887.8063815,54,0.45343977212905884,0.07972067594528198,0.18036708235740662,0.09597788006067276,0.4722956120967865,0.003831428475677967,1.0
1779438887.8391328,54,0.4374288022518158,0.07549681514501572,0.1676761955022812,0.10460031777620316,0.4588674008846283,0.003961875103414059,1.0
1779438887.8709164,54,0.31032872200012207,0.07423315942287445,0.12312401086091995,0.10591559112071991,0.33234772086143494,0.003136866260319948,1.0
1779438887.903402,54,0.25882694125175476,0.014742250554263592,0.13386061787605286,0.06053244695067406,0.26935333013534546,0.0025598197244107723,1.0
1779438887.9410596,54,0.38740116357803345,-0.0038921216037124395,0.17410393059253693,0.07983255386352539,0.39848610758781433,0.004177223891019821,1.0
1779438887.9672403,54,0.46160295605659485,-0.04475883021950722,0.1826924979686737,0.07569460570812225,0.4711734652519226,0.0042051333002746105,1.0
1779438887.9992075,54,0.4803944230079651,-0.12828205525875092,0.17664045095443726,0.09983449429273605,0.5077121257781982,0.0068216146901249886,1.0
1779438888.0326571,54,0.50419020652771,-0.14057809114456177,0.17186710238456726,0.08204879611730576,0.5292863249778748,0.005833887495100498,1.0
1779438888.0799398,54,0.5419379472732544,-0.2572917342185974,0.1755741983652115,0.1260996013879776,0.6072766780853271,0.005810046102851629,1.0
1779438888.1116645,54,0.45010319352149963,-0.2375505268573761,0.13290199637413025,0.11347217857837677,0.5231478214263916,0.005414221435785294,1.0
1779438888.1432128,54,0.41739144921302795,-0.15922829508781433,0.16156934201717377,0.09119055420160294,0.455422967672348,0.0061877137050032616,1.0
1779438888.1777055,54,0.3085024654865265,-0.08072605729103088,0.09909098595380783,0.061942655593156815,0.3248595893383026,0.003124128794297576,1.0
1779438888.2059212,54,0.19917665421962738,-0.0021876583341509104,0.0789499506354332,0.05351540818810463,0.20677949488162994,0.0026307108346372843,1.0
1779438888.2398772,54,0.1272159218788147,0.003590336535125971,0.052620504051446915,0.03919417783617973,0.13388076424598694,0.0018491827649995685,1.0
1779438888.272404,54,0.12291943281888962,-0.0022755374666303396,0.049157094210386276,0.04647274687886238,0.13196294009685516,0.0018613152205944061,1.0
1779438888.305428,54,0.1592542827129364,0.0231026541441679,0.06866656243801117,0.045461371541023254,0.16655750572681427,0.0023196625988930464,1.0
1779438888.337597,54,0.20514029264450073,0.030449196696281433,0.07142477482557297,0.04774796590209007,0.21273504197597504,0.0020807464607059956,1.0
1779438888.3709135,54,0.18043744564056396,0.034859269857406616,0.0679454356431961,0.04935331270098686,0.1903100311756134,0.0017414503963664174,1.0
1779438888.4029696,54,0.14970596134662628,0.0509355328977108,0.06281885504722595,0.04408290237188339,0.16415606439113617,0.0022759358398616314,1.0
1779438888.4398036,54,0.11496452242136002,0.05157499015331268,0.062043704092502594,0.06058918312191963,0.13980816304683685,0.0014562294818460941,1.0
1779438888.4789462,54,0.07963816076517105,0.08840321004390717,0.04449357092380524,0.046288829296827316,0.12561842799186707,0.0017383646918460727,1.0
1779438888.5148382,54,0.05807353928685188,0.08211489021778107,0.04478437080979347,0.037724509835243225,0.10881136357784271,0.0009344376740045846,1.0
1779438888.5461454,54,0.04737543314695358,0.0463222935795784,0.0296977199614048,0.034232668578624725,0.07360034435987473,0.0009934530826285481,1.0
1779438888.5761256,54,0.04209758713841438,3.560383993317373e-05,0.03554667532444,0.027520418167114258,0.051505476236343384,0.0006688547437079251,1.0
1779438888.6108475,54,0.030421221628785133,-0.02863311767578125,0.034388259053230286,0.026453053578734398,0.052240725606679916,0.0009884870378300548,1.0
1779438888.6404114,54,-0.01691436767578125,-0.04772666469216347,0.03877513110637665,0.04385509714484215,0.0677904263138771,0.0010676237288862467,1.0
1779438888.6737676,54,-0.06080429628491402,-0.05168180167675018,0.05908142402768135,0.051620449870824814,0.09251797944307327,0.0012227341067045927,1.0
1779438888.7039394,54,-0.14576241374015808,-0.052878767251968384,0.08928588777780533,0.0645475760102272,0.16728097200393677,0.001626773620955646,1.0
1779438888.7350085,54,-0.15086053311824799,-0.07033029943704605,0.07271213829517365,0.0672493502497673,0.175442636013031,0.0020289227832108736,1.0
1779438888.7694163,54,-0.11175819486379623,-0.03122626431286335,0.049851857125759125,0.0599992536008358,0.12891124188899994,0.0017710066167637706,1.0
1779438888.801237,54,-0.0999738872051239,-0.021454421803355217,0.041667159646749496,0.04988335445523262,0.11340395361185074,0.0015177205204963684,1.0
1779438888.8314345,54,-0.07402575761079788,-0.0009053547983057797,0.0408112108707428,0.03915994241833687,0.08192195743322372,0.0014426179695874453,1.0
1779438888.8840256,54,-0.05163263529539108,-0.0019065008964389563,0.028208835050463676,0.023899398744106293,0.05717356875538826,0.0011335143353790045,1.0
1779438888.912183,54,-0.05521760135889053,0.0036476983223110437,0.031886253505945206,0.034874603152275085,0.06601741909980774,0.0012891836231574416,1.0
1779438888.9450622,54,-0.058951202780008316,0.023326167836785316,0.03903460130095482,0.0321187898516655,0.07298227399587631,0.0013324645115062594,1.0
1779438888.977752,54,-0.07067051529884338,0.030461911112070084,0.03706616535782814,0.03583088144659996,0.08325356245040894,0.0013153024483472109,1.0
1779438889.0100799,54,-0.09101274609565735,0.07036251574754715,0.044083841145038605,0.05667071044445038,0.12339507043361664,0.0015905136242508888,1.0
1779438889.0433962,54,-0.09590346366167068,0.10875023901462555,0.05341695621609688,0.046740684658288956,0.15176555514335632,0.0032378246542066336,1.0
1779438889.0751252,54,-0.12753210961818695,0.23594807088375092,0.065855011343956,0.10204695910215378,0.28046682476997375,0.0036127029452472925,1.0
1779438889.1059117,54,-0.134918212890625,0.43394216895103455,0.10184469819068909,0.1456271857023239,0.4697679579257965,0.006781111005693674,1.0
1779438889.137657,54,-0.16250412166118622,0.5841383934020996,0.10099935531616211,0.19131428003311157,0.6188824772834778,0.006011923309415579,1.0
1779438889.1685042,54,-0.22182013094425201,0.71462082862854,0.1417677253484726,0.2004576176404953,0.7647518515586853,0.006737438030540943,1.0
1779438889.2003188,54,-0.2575225830078125,1.027727723121643,0.16093730926513672,0.31087931990623474,1.0798380374908447,0.006764994002878666,1.0
1779438889.2314513,54,-0.37923458218574524,1.5202065706253052,0.2323707640171051,0.40184956789016724,1.5972425937652588,0.010421334765851498,1.0
1779438889.2820776,54,-0.6001397371292114,2.1516778469085693,0.3748019337654114,0.5324270129203796,2.284860610961914,0.010752992704510689,1.0
1779438889.3133607,54,-0.850202202796936,2.6596806049346924,0.5279354453086853,0.6390266418457031,2.859912157058716,0.009004333056509495,1.0
1779438889.3459435,54,-0.8061320185661316,3.0208256244659424,0.6297533512115479,0.7466157674789429,3.2147369384765625,0.013586177490651608,1.0
1779438889.3780618,54,-0.7366753816604614,3.07934308052063,0.60727459192276,0.8167303204536438,3.2514750957489014,0.033595964312553406,1.0
1779438889.4083307,54,-0.7992141246795654,2.98945951461792,0.5986341238021851,0.7573828101158142,3.169440269470215,0.039827656000852585,1.0
1779438889.4450579,54,-0.6833493113517761,3.063934564590454,0.5570330619812012,0.854793131351471,3.2108781337738037,0.01433912105858326,1.0
1779438889.477788,54,-0.5536044239997864,3.453792095184326,0.6154690384864807,1.0120939016342163,3.5740365982055664,0.018726227805018425,1.0
1779438889.5026984,54,-0.44054582715034485,3.962223529815674,0.7213948369026184,1.2828609943389893,4.080704689025879,0.018383605405688286,1.0
1779438889.537781,54,-0.42147260904312134,4.6627278327941895,0.7071340680122375,1.4218336343765259,4.7511467933654785,0.018643571063876152,1.0
1779438889.5692234,54,-0.6800364851951599,5.105003833770752,0.7027478218078613,1.4018316268920898,5.206334590911865,0.025529667735099792,1.0
1779438889.6007957,54,-0.9076054692268372,5.315674781799316,0.6529486179351807,1.2946555614471436,5.437938213348389,0.024978911504149437,1.0
1779438889.6329694,54,-1.0816398859024048,4.911590576171875,0.6281735897064209,1.100838541984558,5.070302486419678,0.024626651778817177,1.0
1779438889.6661043,54,-0.9687652587890625,4.297712326049805,0.47566697001457214,0.9792844653129578,4.42887020111084,0.027265820652246475,1.0
1779438889.7124677,54,-0.7201645374298096,3.591953992843628,0.41886675357818604,0.8433048129081726,3.6847217082977295,0.01646803505718708,1.0
1779438889.743612,54,-0.4602220356464386,2.6197967529296875,0.3060641586780548,0.635641872882843,2.6760332584381104,0.016161387786269188,1.0
1779438889.7768333,54,-0.09759379923343658,1.9670681953430176,0.21394160389900208,0.5314238667488098,1.9829778671264648,0.010732768103480339,1.0
1779438889.81014,54,0.20918415486812592,1.371071457862854,0.16550983488559723,0.4616038501262665,1.3983945846557617,0.009961693547666073,1.0
1779438889.8417819,54,0.4165462851524353,1.0707287788391113,0.19848071038722992,0.42225560545921326,1.166146993637085,0.007622960023581982,1.0
1779438889.8713734,54,0.43274179100990295,0.5481245517730713,0.1638983190059662,0.25483259558677673,0.7297850847244263,0.007131225895136595,1.0
1779438889.906005,54,0.2679056227207184,-0.14169254899024963,0.17964451014995575,0.1354523003101349,0.33054280281066895,0.005174750462174416,1.0
1779438889.955352,54,0.4132066071033478,-1.2982736825942993,0.3288239538669586,0.34556761384010315,1.404086947441101,0.009023066610097885,1.0
1779438889.985727,54,0.38360029458999634,-2.359504222869873,0.4942784309387207,0.5348957777023315,2.447556734085083,0.01155838742852211,1.0
1779438890.017994,54,0.5390698313713074,-3.26452374458313,0.6293668746948242,0.7101660370826721,3.3731119632720947,0.013552194461226463,1.0
1779438890.049531,54,0.7176991105079651,-3.711585760116577,0.6989671587944031,0.8324490189552307,3.8492777347564697,0.01547081395983696,1.0
1779438890.08655,54,0.8944075107574463,-3.767409086227417,0.6788293123245239,0.8777819871902466,3.931480646133423,0.017073262482881546,1.0
1779438890.1046944,54,0.0,0.0,0.0,0.0,0.0,0.0,1.0
1779438890.132551,54,0.9407975673675537,-3.772282361984253,0.6092926263809204,0.9658017754554749,3.9382684230804443,0.022833406925201416,1.0
1779438890.164165,54,1.0079693794250488,-3.659264087677002,0.5846542716026306,0.9191048741340637,3.84464430809021,0.024602007120847702,1.0
1779438890.1909266,54,0.924953043460846,-3.6949315071105957,0.5705470442771912,0.9858753681182861,3.8631105422973633,0.02912883833050728,1.0
1779438890.2214286,54,0.8128501176834106,-3.842822313308716,0.5819523930549622,0.9870681762695312,3.977705478668213,0.04108522832393646,1.0
1779438890.2583017,54,0.7903069257736206,-3.857131004333496,0.5204654335975647,1.069578766822815,3.9862544536590576,0.018183963373303413,1.0
1779438890.288344,54,0.7281638383865356,-3.9460020065307617,0.5429616570472717,1.1060117483139038,4.061079978942871,0.018847130239009857,1.0
1779438890.3366508,54,0.7998123168945312,-3.8941726684570312,0.5246642231941223,1.0958819389343262,4.025620460510254,0.015196157619357109,1.0
1779438890.3673332,54,0.8245742321014404,-3.625828504562378,0.5034903287887573,1.0327783823013306,3.7639691829681396,0.01579679735004902,1.0
1779438890.402504,54,0.7968851923942566,-3.382200241088867,0.43924301862716675,1.00392746925354,3.5127108097076416,0.017157210037112236,1.0
1779438890.4342082,54,0.6952220797538757,-2.936002731323242,0.3971995711326599,0.8333566784858704,3.053720235824585,0.012701990082859993,1.0
1779438890.4662645,54,0.5184605717658997,-2.3596842288970947,0.32204872369766235,0.7032616138458252,2.443912982940674,0.013697566464543343,1.0
1779438890.5156205,54,0.3192952573299408,-1.696567416191101,0.32961320877075195,0.5286827683448792,1.7623052597045898,0.009324586018919945,1.0
1779438890.5449903,54,0.08376821130514145,-1.0758463144302368,0.22934021055698395,0.3473711907863617,1.1121126413345337,0.007515573874115944,1.0
1779438890.5775645,54,0.05952312424778938,-0.4343193769454956,0.1301020085811615,0.15489938855171204,0.45764559507369995,0.004328214097768068,1.0
1779438890.6092765,54,0.05397824943065643,-0.21560697257518768,0.0764370933175087,0.06299338489770889,0.2368856519460678,0.0036856268998235464,1.0
1779438890.6335177,54,0.0,0.0,0.0,0.0,0.0,0.0,1.0
1779438890.6500006,54,0.08581599593162537,-0.23783111572265625,0.06361699104309082,0.08564849942922592,0.2607719898223877,0.003981304354965687,1.0
1779438890.7226987,54,0.0386623814702034,-0.5399978160858154,0.36203405261039734,0.17448946833610535,0.6277961134910583,0.008306113071739674,1.0
1779438890.7530084,54,-0.003935637418180704,-0.2627854645252228,0.06419064104557037,0.10176053643226624,0.27139636874198914,0.0041838958859443665,1.0
1779438890.7828977,54,-0.011883488856256008,-0.0681084543466568,0.037335291504859924,0.057084355503320694,0.07940191775560379,0.0016107942210510373,1.0
1779438890.8168166,54,-0.03382590785622597,0.04159574210643768,0.03857971727848053,0.03530658036470413,0.06687584519386292,0.0023756329901516438,1.0
1779438890.8398924,54,0.0,0.0,0.0,0.0,0.0,0.0,1.0
1779438890.863306,54,-0.17937299609184265,0.44312652945518494,0.11098962277173996,0.1943005621433258,0.49913138151168823,0.004557408858090639,1.0
1779438890.8939447,54,-0.1571367084980011,0.8891708850860596,0.1746356040239334,0.32157549262046814,0.9292818903923035,0.007000402081757784,1.0
1779438890.927395,54,-0.14520800113677979,1.1401166915893555,0.19256223738193512,0.3715667426586151,1.171671986579895,0.007327686995267868,1.0
1779438890.9606762,54,-0.1507415771484375,1.2343684434890747,0.19274389743804932,0.3706616461277008,1.265073537826538,0.007875765673816204,1.0
1779438890.995056,54,-0.21334217488765717,1.4048585891723633,0.21102458238601685,0.40663644671440125,1.4431259632110596,0.006891641300171614,1.0
1779438891.0294113,54,-0.3088698089122772,1.4456982612609863,0.19334857165813446,0.4400630295276642,1.497549295425415,0.0075659495778381824,1.0
1779438891.0767148,54,-0.40288373827934265,1.5297907590866089,0.14562338590621948,0.4429498314857483,1.5931487083435059,0.007440033368766308,1.0
1779438891.1038249,54,-0.4350362718105316,1.5314180850982666,0.16500262916088104,0.4341646134853363,1.6051087379455566,0.008139931596815586,1.0
1779438891.1412652,54,-0.379311740398407,1.6332114934921265,0.3334731161594391,0.588362455368042,1.7115907669067383,0.028387781232595444,1.0
1779438891.1683962,54,-0.25879189372062683,1.7617665529251099,0.5275959968566895,0.8174543380737305,1.8493767976760864,0.04412089288234711,1.0
1779438891.1988797,54,-0.3626287877559662,1.7651692628860474,0.181526780128479,0.5307403802871704,1.8166635036468506,0.01354891061782837,1.0
1779438891.247567,54,-0.2776689827442169,1.8144892454147339,0.2288776934146881,0.5256288647651672,1.8593913316726685,0.010941573418676853,1.0
1779438891.2867615,54,-0.07506193965673447,2.0550732612609863,0.33140796422958374,0.5820689797401428,2.0912392139434814,0.010469629429280758,1.0
1779438891.3127027,54,0.23054532706737518,2.333988666534424,0.5034692287445068,0.6453931331634521,2.4027299880981445,0.011198533698916435,1.0
1779438891.3462744,54,0.37184765934944153,2.3685457706451416,0.47370439767837524,0.6274095177650452,2.4428157806396484,0.011068574152886868,1.0
1779438891.3696423,54,0.0,0.0,0.0,0.0,0.0,0.0,1.0
1779438891.3867645,54,0.44919782876968384,2.390127182006836,0.4264851212501526,0.656918466091156,2.466200351715088,0.013451374135911465,1.0
1779438891.4268637,54,0.4529184401035309,2.4457836151123047,0.3726483881473541,0.6200952529907227,2.511962890625,0.010157410055398941,1.0
1779438891.4563637,54,0.4714985489845276,2.5040111541748047,0.369876503944397,0.641293466091156,2.5740537643432617,0.010934577323496342,1.0
1779438891.5228143,54,0.7813178300857544,4.9492011070251465,0.6476049423217773,1.253754734992981,5.054148197174072,0.022352421656250954,1.0
1779438891.5562184,54,0.34013819694519043,2.3628671169281006,0.32060661911964417,0.5934228301048279,2.4083175659179688,0.011200462467968464,1.0
1779438891.5807028,54,0.0,0.0,0.0,0.0,0.0,0.0,1.0
1779438891.6019773,54,0.28568097949028015,2.113835096359253,0.3495417535305023,0.5379256010055542,2.1608827114105225,0.011830441653728485,1.0
1779438891.6297226,54,0.14265725016593933,1.6671552658081055,0.23964202404022217,0.4245671331882477,1.6907480955123901,0.00812134426087141,1.0
1779438891.6629481,54,-0.02762942761182785,1.1662789583206177,0.19243751466274261,0.32300931215286255,1.1847219467163086,0.008500912226736546,1.0
1779438891.6955266,54,-0.092010498046875,0.6772232055664062,0.1219250038266182,0.17112870514392853,0.693203330039978,0.008680020458996296,1.0
1779438891.7326756,54,-0.05309973657131195,0.07793708890676498,0.1169477179646492,0.09725223481655121,0.15109051764011383,0.010900490917265415,1.0
1779438891.7628312,54,-0.045821014791727066,-0.37434104084968567,0.1249585822224617,0.2724292576313019,0.40206313133239746,0.009384199045598507,1.0
1779438891.811328,54,-0.12282505631446838,-1.5341607332229614,0.33589112758636475,0.4415571987628937,1.5791224241256714,0.01519413199275732,1.0
1779438891.8447995,54,-0.0168143380433321,-2.1142375469207764,0.3501579761505127,0.5632133483886719,2.1445610523223877,0.029526736587285995,1.0
1779438891.8744395,54,0.07017912715673447,-2.686149835586548,0.40804535150527954,0.7173370718955994,2.722593307495117,0.015474745072424412,1.0
1779438891.9063382,54,0.17430849373340607,-3.2103734016418457,0.49761995673179626,0.8611331582069397,3.260328769683838,0.013654225505888462,1.0
1779438891.9372249,54,0.3172132670879364,-3.5415852069854736,0.46035680174827576,0.9179518818855286,3.5924129486083984,0.013343516737222672,1.0
1779438891.9697723,54,0.38203543424606323,-3.8204712867736816,0.5012153387069702,0.9907023906707764,3.883009910583496,0.015198971144855022,1.0
1779438892.0033202,54,0.45275115966796875,-3.9051010608673096,0.49664533138275146,1.0135234594345093,3.9712085723876953,0.019188405945897102,1.0
1779438892.0354574,54,0.6032528281211853,-4.024642467498779,0.3851407468318939,1.02517831325531,4.101356506347656,0.01614801585674286,1.0
1779438892.0662117,54,0.7931258678436279,-4.082108497619629,0.4476355314254761,1.0294818878173828,4.191772937774658,0.01759178377687931,1.0
1779438892.1012077,54,0.764779806137085,-4.298111438751221,0.43972885608673096,1.104224681854248,4.401949882507324,0.021518616005778313,1.0
1779438892.1287918,54,0.6856234669685364,-4.392946243286133,0.4998002052307129,1.168902039527893,4.486618518829346,0.031232396140694618,1.0
1779438892.1740112,52,0.6516148447990417,-4.256189346313477,0.470397412776947,1.1897082328796387,4.347294330596924,0.021607300266623497,0.9629629629629629
1779438892.2087436,52,0.5793307423591614,-3.767272472381592,0.5035185813903809,1.100258708000183,3.8595774173736572,0.0164550319314003,1.0
1779438892.2390866,52,0.333425372838974,-3.107802391052246,0.4383202791213989,0.9540331363677979,3.169288158416748,0.012513847090303898,1.0
1779438892.2742584,52,0.11821775883436203,-2.3760716915130615,0.360416054725647,0.7471736073493958,2.4160194396972656,0.010060704313218594,1.0
1779438892.3035362,52,-0.1517360359430313,-1.6477323770523071,0.3732450604438782,0.5509257316589355,1.7018063068389893,0.00868771318346262,1.0
1779438892.3343246,52,-0.3544390797615051,-0.9707621335983276,0.2828839421272278,0.371171236038208,1.0627506971359253,0.006461404729634523,1.0
1779438892.370493,52,-0.41196557879447937,-0.3452802896499634,0.22676043212413788,0.17863138020038605,0.5477744340896606,0.005221683066338301,1.0
1779438892.4029725,52,-0.4464627802371979,0.010988675989210606,0.16004706919193268,0.07332132011651993,0.4552953839302063,0.003958729095757008,1.0
1779438892.4394445,52,-0.5051724314689636,0.31643998622894287,0.16656842827796936,0.1278025358915329,0.6070476770401001,0.004052616190165281,1.0
1779438892.4648192,52,-0.4935264587402344,0.5014190673828125,0.1639316976070404,0.1552945077419281,0.7180637121200562,0.005045338533818722,1.0
1779438892.4954548,52,-0.44643285870552063,0.4701165556907654,0.14232277870178223,0.1598747968673706,0.6664083003997803,0.004672256764024496,1.0
1779438892.5323277,52,-0.371683269739151,0.35659027099609375,0.10841833055019379,0.11387855559587479,0.5274816751480103,0.005237848497927189,1.0
1779438892.5796382,52,-0.3194993734359741,0.2854347229003906,0.0843392089009285,0.09574641287326813,0.4357045590877533,0.0033739469945430756,1.0
1779438892.6091557,52,-0.22021953761577606,0.24378643929958344,0.06804554909467697,0.10347747802734375,0.3414514362812042,0.0032156656961888075,1.0
1779438892.6417484,52,-0.14627662301063538,0.24254754185676575,0.08120889216661453,0.08972451090812683,0.29603278636932373,0.004643823020160198,1.0
1779438892.672651,52,-0.14070452749729156,0.33250662684440613,0.0742691233754158,0.13911594450473785,0.36962053179740906,0.003983744420111179,1.0
1779438892.7035935,52,-0.07660557329654694,0.30065008997917175,0.08420786261558533,0.12624655663967133,0.3203393518924713,0.003578883595764637,1.0
1779438892.736148,52,0.009281158447265625,0.3011946976184845,0.04610276594758034,0.14107409119606018,0.30773407220840454,0.0035503695253282785,1.0
1779438892.768653,52,0.05299670994281769,0.22681954503059387,0.07093989104032516,0.13391773402690887,0.25188177824020386,0.003941861912608147,1.0
1779438892.7999434,52,0.12425965815782547,0.14565101265907288,0.07113324105739594,0.08468115329742432,0.20453430712223053,0.003425700357183814,1.0
1779438892.8335097,52,0.2572482228279114,0.10418114066123962,0.08034151047468185,0.0828138068318367,0.2869773209095001,0.002820831723511219,1.0
1779438892.865932,52,0.280955970287323,0.020262790843844414,0.10302276164293289,0.08058982342481613,0.2933204770088196,0.002633817261084914,1.0
1779438892.8976543,52,0.26814034581184387,-0.03431965783238411,0.0983852669596672,0.06091247871518135,0.27876731753349304,0.0021016867831349373,1.0
1779438892.9287534,52,0.2049892097711563,-0.010706388391554356,0.06269543617963791,0.06702625006437302,0.2163822054862976,0.0022002176847308874,1.0
1779438892.9772816,52,0.08754759281873703,-0.0038061875384300947,0.06110081821680069,0.03488973528146744,0.09854213148355484,0.001997734420001507,1.0
1779438893.0102546,52,0.015160193666815758,0.009704003110527992,0.03847619891166687,0.03046484664082527,0.0413333922624588,0.0009284039260819554,1.0
1779438893.0397422,52,-0.017236562445759773,0.019198784604668617,0.03589349240064621,0.032315194606781006,0.04934260621666908,0.0009646185208112001,1.0
1779438893.0739195,52,-0.047346554696559906,0.08900774270296097,0.1512235850095749,0.16314734518527985,0.17458708584308624,0.0049150181002914906,1.0
1779438893.107022,52,-0.16228103637695312,0.10301971435546875,0.06016713008284569,0.06685031950473785,0.1988658905029297,0.0020380786154419184,1.0
1779438893.1363726,52,-0.13392199575901031,0.07191731035709381,0.06106055900454521,0.04219867289066315,0.15931075811386108,0.001886921003460884,1.0
1779438893.167856,52,-0.13276290893554688,0.08431625366210938,0.050126902759075165,0.0348358154296875,0.15899333357810974,0.0018695256439968944,1.0
1779438893.1995978,52,-0.09158090502023697,0.06759937107563019,0.04485946521162987,0.03907370567321777,0.11769505590200424,0.001569099840708077,1.0
1779438893.2363648,52,-0.040777940303087234,0.031007913872599602,0.041655924171209335,0.02877500094473362,0.0595262236893177,0.0011506191221997142,1.0
1779438893.2659192,52,-0.0135955810546875,0.031063079833984375,0.029409879818558693,0.025827748700976372,0.04295177757740021,0.0012449794448912144,1.0
1779438893.2971473,52,0.01220204308629036,0.02032734826207161,0.022058820351958275,0.0334886834025383,0.03500858694314957,0.0008691726252436638,1.0
1779438893.3295457,52,0.05478668212890625,0.015576875768601894,0.03693018853664398,0.028685735538601875,0.06431056559085846,0.000977461808361113,1.0
1779438893.3783934,52,0.09482574462890625,0.006492321379482746,0.04810236766934395,0.031085304915905,0.10115273296833038,0.0010352717945352197,1.0
1779438893.4106662,52,0.078277587890625,-0.015152564272284508,0.03405831754207611,0.03586249053478241,0.08736567944288254,0.0015515030827373266,1.0
1779438893.442198,52,0.06795883178710938,-0.036790408194065094,0.03828580677509308,0.02521391771733761,0.08197867125272751,0.0011315044248476624,1.0
1779438893.4768436,52,0.05436031520366669,-0.029618483036756516,0.029008129611611366,0.021390371024608612,0.06654857099056244,0.0012129812967032194,1.0
1779438893.506186,52,0.03753574192523956,-0.059086140245199203,0.02811521477997303,0.021206669509410858,0.07399427890777588,0.0010389590170234442,1.0
1779438893.5410419,52,0.006091484799981117,-0.05568929761648178,0.034961190074682236,0.052027758210897446,0.06671346724033356,0.0011197655694559216,1.0
1779438893.5692515,52,-0.004070281982421875,-0.06150729954242706,0.05103052780032158,0.07305760681629181,0.0705440416932106,0.0015132242115214467,1.0
1779438893.6019187,52,-0.024529971182346344,-0.0021828871686011553,0.034025609493255615,0.043230943381786346,0.041579026728868484,0.0011227685026824474,1.0
1779438893.63439,52,-0.07078611105680466,0.08766409009695053,0.10426260530948639,0.1341124176979065,0.18129707872867584,0.003546463791280985,1.0
1779438893.6645412,52,-0.18325629830360413,0.22911453247070312,0.10280005633831024,0.1624423712491989,0.3267689347267151,0.00428671482950449,1.0
1779438893.6971505,52,-0.22253212332725525,0.39645707607269287,0.09197389334440231,0.16574235260486603,0.47106772661209106,0.004966294392943382,1.0
1779438893.7271824,52,-0.22558975219726562,0.5370762348175049,0.1369176208972931,0.21060647070407867,0.6041535139083862,0.005102447234094143,1.0
1779438893.7746077,52,-0.21873416006565094,0.654216468334198,0.11707030981779099,0.214712992310524,0.705394446849823,0.004866237286478281,1.0
1779438893.8099337,52,-0.35035440325737,0.7814225554466248,0.1722530722618103,0.2702111005783081,0.878516435623169,0.005836642347276211,1.0
1779438893.8430629,52,-0.4484845697879791,0.9955673217773438,0.2098730504512787,0.33658158779144287,1.1229146718978882,0.006072860676795244,1.0
1779438893.87324,52,-0.5522660613059998,1.1520943641662598,0.20847342908382416,0.34829646348953247,1.301277756690979,0.0063638389110565186,1.0
1779438893.9061656,52,-0.6797846555709839,1.2972382307052612,0.25205159187316895,0.3844357132911682,1.4896725416183472,0.008642657659947872,1.0
1779438893.9401083,52,-0.6637760996818542,1.4682908058166504,0.39016881585121155,0.47968050837516785,1.6635451316833496,0.021353118121623993,1.0
1779438893.9688616,52,-0.6235783100128174,1.497039556503296,0.5723256468772888,0.5081210136413574,1.716584324836731,0.05745069310069084,1.0
1779438894.0075054,52,-0.6704820394515991,1.842520833015442,0.37846824526786804,0.7393338680267334,2.0086922645568848,0.023320337757468224,1.0
1779438894.034351,52,-0.6230002045631409,1.9008536338806152,0.37868767976760864,0.6165208220481873,2.0486531257629395,0.009305556304752827,1.0
1779438894.0668843,52,-0.5898150205612183,2.3530819416046143,0.42030104994773865,0.795750617980957,2.4839253425598145,0.012408273294568062,1.0
1779438894.0973644,52,-0.5534814596176147,3.1637370586395264,0.55586838722229,1.0899466276168823,3.2858502864837646,0.0143823754042387,1.0
1779438894.1292074,52,-0.9136120676994324,3.6815571784973145,0.5744000673294067,1.2322133779525757,3.8534417152404785,0.017696015536785126,1.0
1779438894.1777537,52,-1.1511274576187134,4.275749683380127,0.5780946612358093,1.399193525314331,4.48123025894165,0.020734058693051338,1.0
1779438894.2121906,52,-1.2488150596618652,4.6090474128723145,0.671148419380188,1.3890964984893799,4.824110507965088,0.023951807990670204,1.0
1779438894.2396772,52,-1.1000134944915771,4.695577144622803,0.7228395938873291,1.3747047185897827,4.879913806915283,0.02808353118598461,1.0
1779438894.2718852,52,-0.8463777303695679,4.636146068572998,0.7445330023765564,1.3405264616012573,4.777204513549805,0.02943171188235283,1.0
1779438894.3059175,52,-0.7348374724388123,4.340783596038818,0.7225368618965149,1.1979466676712036,4.465099811553955,0.020163340494036674,1.0
1779438894.3381772,52,-0.5327441692352295,4.319179058074951,0.7931786775588989,1.252316951751709,4.428242206573486,0.02167903259396553,1.0
1779438894.3714962,52,-0.35484579205513,3.982600688934326,0.7116343975067139,1.1601558923721313,4.0665364265441895,0.026356488466262817,1.0
1779438894.407567,52,-0.28353559970855713,3.7108304500579834,0.6324359178543091,1.1096546649932861,3.7792227268218994,0.022290872409939766,1.0
1779438894.4386687,52,-0.34882500767707825,3.476353883743286,0.5729058980941772,1.0718204975128174,3.541666269302368,0.01546204648911953,1.0
1779438894.4647372,52,-0.731120765209198,2.8948097229003906,0.42779478430747986,0.8747313022613525,3.0073351860046387,0.017517808824777603,1.0
1779438894.4975457,52,-1.1228106021881104,1.7762451171875,0.34932225942611694,0.5000351071357727,2.1161482334136963,0.009652333334088326,1.0
1779438894.5311115,52,-0.8980709910392761,0.6513809561729431,0.2793503403663635,0.23710550367832184,1.1361052989959717,0.00826774351298809,1.0
1779438894.5767395,52,-0.3431995213031769,-0.1979508101940155,0.18957014381885529,0.12466094642877579,0.42006275057792664,0.003726076800376177,1.0
1779438894.610866,52,-0.1390448361635208,-1.0204676389694214,0.14646750688552856,0.33668211102485657,1.0419203042984009,0.007315238006412983,1.0
1779438894.6405444,52,0.21286803483963013,-1.7119762897491455,0.17175649106502533,0.4078250527381897,1.7348734140396118,0.006285456474870443,1.0
1779438894.674926,52,0.411009281873703,-2.26635479927063,0.2384817749261856,0.5563397407531738,2.3168632984161377,0.011434940621256828,1.0
1779438894.7055254,52,0.468870609998703,-2.8172895908355713,0.342151939868927,0.7516029477119446,2.877239465713501,0.01503842044621706,1.0
1779438894.739697,52,0.43613991141319275,-3.333055257797241,0.45870137214660645,0.8719693422317505,3.3949637413024902,0.016995709389448166,1.0
1779438894.7668412,52,0.49402502179145813,-3.610452175140381,0.4991098940372467,0.9711284041404724,3.6831717491149902,0.023213978856801987,1.0
1779438894.8074427,52,0.6943292021751404,-3.7697737216949463,0.6591095924377441,1.0285369157791138,3.8867380619049072,0.027049195021390915,1.0
1779438894.8381796,52,0.7235163450241089,-3.6344833374023438,0.5981879830360413,0.9718368649482727,3.754711627960205,0.02477153018116951,1.0
1779438894.8644996,52,0.5828731060028076,-3.6226491928100586,0.5906902551651001,0.9946823716163635,3.7196497917175293,0.028485020622611046,1.0
1779438894.8976421,52,0.47833341360092163,-3.5665931701660156,0.5880019068717957,0.9845134019851685,3.6548914909362793,0.025653617456555367,1.0
1779438894.9300265,52,0.4214562773704529,-3.4625649452209473,0.5934083461761475,0.998181164264679,3.5472652912139893,0.01565985381603241,1.0
1779438894.9791327,52,0.469052255153656,-3.440152168273926,0.5794221758842468,1.0201137065887451,3.5307581424713135,0.014957893639802933,1.0
1779438895.0087833,52,0.45852190256118774,-3.396252155303955,0.5670529007911682,0.9716904759407043,3.482849359512329,0.013184020295739174,1.0
1779438895.0418804,52,0.5753161907196045,-3.2817280292510986,0.49765124917030334,0.9915525317192078,3.378528594970703,0.01662076637148857,1.0
1779438895.0754848,52,0.7720251679420471,-3.1930222511291504,0.5415667295455933,1.048836588859558,3.340005397796631,0.019876807928085327,1.0
1779438895.109895,52,0.817710280418396,-2.97379732131958,0.35373350977897644,1.0365980863571167,3.121206045150757,0.017815370112657547,1.0
1779438895.1356156,52,0.9830732941627502,-2.6797730922698975,0.37182682752609253,0.9108422994613647,2.8827269077301025,0.014201573096215725,1.0
1779438895.1675558,52,1.0345896482467651,-2.3949296474456787,0.32926976680755615,0.7913188338279724,2.627917766571045,0.013185098767280579,1.0
1779438895.2002368,52,1.0107243061065674,-2.1317341327667236,0.3391196131706238,0.6920069456100464,2.378321647644043,0.015994304791092873,1.0
1779438895.2337224,52,0.8930543661117554,-1.8456083536148071,0.32243382930755615,0.5768724083900452,2.07612681388855,0.011934793554246426,1.0
1779438895.2694876,52,0.8067770600318909,-1.673750400543213,0.35770100355148315,0.5204863548278809,1.8907771110534668,0.01057661697268486,1.0
1779438895.2956054,52,0.6630997061729431,-1.3884752988815308,0.33980703353881836,0.4284352660179138,1.5839661359786987,0.010493738576769829,1.0
1779438895.328914,52,0.5747357606887817,-1.2436156272888184,0.32934731245040894,0.38351327180862427,1.4148313999176025,0.008299127221107483,1.0
1779438895.3801181,52,0.4943158030509949,-0.9841235280036926,0.2823435664176941,0.328269898891449,1.1481207609176636,0.005958422087132931,1.0
1779438895.410655,52,0.40102827548980713,-0.7768146991729736,0.19785545766353607,0.25414779782295227,0.904236376285553,0.005080644506961107,1.0
1779438895.440602,52,0.3467119634151459,-0.500676691532135,0.1648007035255432,0.17847228050231934,0.627750039100647,0.005269500892609358,1.0
1779438895.4728239,52,0.19153007864952087,-0.24969834089279175,0.13669267296791077,0.10839533805847168,0.33722883462905884,0.00391003442928195,1.0
1779438895.5069644,52,0.10027430951595306,-0.16278252005577087,0.10834837704896927,0.08769415318965912,0.21686393022537231,0.002809224184602499,1.0
1779438895.5398347,52,0.018685268238186836,-0.05805206298828125,0.06381241977214813,0.05516192689538002,0.08939406275749207,0.0025456452276557684,1.0
1779438895.5695622,52,-0.051405392587184906,-0.04171576723456383,0.06052931770682335,0.05194287747144699,0.08830050379037857,0.001299636554904282,1.0
1779438895.6072617,52,-0.10762552171945572,0.022395793348550797,0.06282748281955719,0.03944898024201393,0.11712033301591873,0.0014634619001299143,1.0
1779438895.6330707,52,-0.1703881472349167,0.08943998068571091,0.0564754344522953,0.06831330060958862,0.20103222131729126,0.00194943742826581,1.0
1779438895.6648974,52,-0.20925316214561462,0.13066717982292175,0.05850733444094658,0.062361933290958405,0.2529236972332001,0.0024441939312964678,1.0
1779438895.697976,52,-0.2988604009151459,0.1798676699399948,0.11033901572227478,0.07590281218290329,0.3577592968940735,0.0033341373782604933,1.0
1779438895.7286148,52,-0.43314069509506226,0.2707546055316925,0.21849730610847473,0.10138142108917236,0.5273430347442627,0.007139019202440977,1.0
1779438895.7770703,52,-0.42384690046310425,0.4024273753166199,0.13800913095474243,0.14097395539283752,0.5951656103134155,0.0038549848832190037,1.0
1779438895.8068693,52,-0.3429521322250366,0.5129887461662292,0.16117043793201447,0.1621980369091034,0.6326007843017578,0.006056435871869326,1.0
1779438895.8377905,52,-0.2394048273563385,0.6293076872825623,0.15476638078689575,0.1926615983247757,0.6968861818313599,0.004299880936741829,1.0
1779438895.871363,52,-0.15602992475032806,0.6911964416503906,0.14585480093955994,0.24842217564582825,0.7318422794342041,0.0073231542482972145,1.0
1779438895.9041214,52,-0.10683529078960419,0.7177035808563232,0.1450936645269394,0.2406647801399231,0.7470827698707581,0.005418827291578054,1.0
1779438895.9362342,52,-0.07015668600797653,0.7467806935310364,0.1375553011894226,0.25947099924087524,0.7678840160369873,0.005444090347737074,1.0
1779438895.9678328,52,-0.07190763205289841,0.7538642883300781,0.12583249807357788,0.23560884594917297,0.7738429307937622,0.004789640195667744,1.0
1779438895.9984834,52,-0.10115432739257812,0.7239808440208435,0.12025567889213562,0.214163139462471,0.7438147068023682,0.005628969985991716,1.0
1779438896.0332115,52,-0.025123009458184242,0.7779588103294373,0.26128360629081726,0.3435126543045044,0.8106836080551147,0.015898095443844795,1.0
1779438896.0664725,52,0.0028214086778461933,0.8140420317649841,0.3536922037601471,0.3443228304386139,0.8811655640602112,0.05104859545826912,1.0
1779438896.1000974,52,-0.04267795383930206,1.0070443153381348,0.1751563996076584,0.41479918360710144,1.0267666578292847,0.02599518746137619,1.0
1779438896.1296668,52,-0.06897706538438797,1.2167739868164062,0.20126482844352722,0.47512954473495483,1.2419707775115967,0.008829423226416111,1.0
1779438896.1772664,52,-0.05710279196500778,1.3726063966751099,0.2445339858531952,0.446498304605484,1.4001641273498535,0.006341717205941677,1.0
1779438896.208711,52,0.03575427830219269,1.8346718549728394,0.3305533230304718,0.6900944113731384,1.8745023012161255,0.009286472573876381,1.0
1779438896.240968,52,0.138612300157547,2.704111337661743,0.46097928285598755,1.087051272392273,2.761227607727051,0.011347568593919277,1.0
1779438896.272252,52,0.17209918797016144,3.334056854248047,0.593418300151825,1.2110148668289185,3.4074628353118896,0.01902027055621147,1.0
1779438896.3074498,52,-0.05458597093820572,3.3515357971191406,0.5605615973472595,1.1827157735824585,3.417667865753174,0.028475932776927948,1.0
1779438896.3369868,52,-0.04940297082066536,3.321427583694458,0.548900842666626,1.0245718955993652,3.379969358444214,0.011265664361417294,1.0
1779438896.3747756,52,-0.06032004579901695,3.0695788860321045,0.5325692892074585,0.9169697761535645,3.1256182193756104,0.012027050368487835,1.0
1779438896.4008062,52,0.07898037135601044,2.9888088703155518,0.5601353049278259,0.9438819289207458,3.050760507583618,0.010230988264083862,1.0
1779438896.4354193,52,0.06064576283097267,2.7066290378570557,0.4886082708835602,0.8303731679916382,2.7573018074035645,0.00856785662472248,1.0
1779438896.465721,52,-0.06853367388248444,2.3775153160095215,0.3286305069923401,0.7033315300941467,2.407012462615967,0.009329397231340408,1.0
1779438896.4997468,52,0.031233273446559906,2.270552158355713,0.4126526713371277,0.6696738600730896,2.3121085166931152,0.009062591940164566,1.0
1779438896.5277028,52,0.11774591356515884,2.369218111038208,0.36119088530540466,0.6885728240013123,2.403581380844116,0.010252107866108418,1.0
1779438896.5788183,52,0.15728847682476044,2.069288730621338,0.3116532564163208,0.5451765060424805,2.099247932434082,0.008160477504134178,1.0
1779438896.610192,52,0.069967120885849,1.346588373184204,0.2079116553068161,0.38811835646629333,1.3655222654342651,0.006852236110717058,1.0
1779438896.6429935,52,0.04675380885601044,0.08619514107704163,0.08469986170530319,0.07140474766492844,0.11446288973093033,0.00243492447771132,1.0
1779438896.6734347,52,0.23521950840950012,-0.9177821278572083,0.3077222406864166,0.30462008714675903,1.0042145252227783,0.0070331646129488945,1.0
1779438896.703572,52,0.4206616282463074,-2.163837432861328,0.44122758507728577,0.5471161603927612,2.2542903423309326,0.008656506426632404,1.0
1779438896.734715,52,0.6127961874008179,-2.7420270442962646,0.5183590054512024,0.801336407661438,2.8660922050476074,0.012667929753661156,1.0
1779438896.7682323,52,0.618000328540802,-3.193535327911377,0.6028940677642822,0.9219479560852051,3.317725658416748,0.014269565232098103,1.0
1779438896.8008974,52,0.6795548796653748,-3.437598943710327,0.6935387849807739,1.0319558382034302,3.586970806121826,0.019497809931635857,1.0
1779438896.8390954,52,0.6029733419418335,-3.679105520248413,0.6434474587440491,1.142736792564392,3.804615020751953,0.023526081815361977,1.0
1779438896.8657777,52,0.5717799663543701,-4.0096235275268555,0.6141857504844666,1.3375685214996338,4.126166820526123,0.024212103337049484,1.0
1779438896.8987226,52,0.6309330463409424,-4.74968147277832,0.5931069850921631,1.6158567667007446,4.860036849975586,0.04036357253789902,1.0
1779438896.9306653,51,0.8927019834518433,-5.048468112945557,0.4985899329185486,1.7604252099990845,5.177529335021973,0.022462325170636177,0.9807692307692307
1779438896.9787467,51,1.0666543245315552,-4.765692234039307,0.44254085421562195,1.6296916007995605,4.93326473236084,0.021404048427939415,1.0
1779438897.009112,51,1.0011614561080933,-4.304070472717285,0.46951448917388916,1.39298415184021,4.460193157196045,0.018013689666986465,1.0
1779438897.0412664,51,0.815481424331665,-3.625419855117798,0.48964428901672363,1.149389624595642,3.7640154361724854,0.02357524074614048,1.0
1779438897.0728407,51,0.5608864426612854,-2.847667694091797,0.4986179769039154,0.8917616009712219,2.956563949584961,0.010053836740553379,1.0
1779438897.1045535,51,0.3511936068534851,-2.1680710315704346,0.40243014693260193,0.7150852084159851,2.248885154724121,0.010574004612863064,1.0
1779438897.1382313,51,0.15034306049346924,-1.4504663944244385,0.3397194445133209,0.48971912264823914,1.5048627853393555,0.006010420620441437,1.0
1779438897.1706655,51,0.01838594302535057,-0.8340579867362976,0.1798122227191925,0.2906714975833893,0.8571341037750244,0.00565196480602026,1.0
1779438897.1991007,51,-0.14059986174106598,-0.29974275827407837,0.1191030964255333,0.14540131390094757,0.3434771001338959,0.004776406101882458,1.0
1779438897.2325203,51,-0.19492115080356598,-0.05407744646072388,0.1313013881444931,0.08145876973867416,0.2145334631204605,0.002786155790090561,1.0
1779438897.262775,51,-0.3857155740261078,0.12640021741390228,0.17319445312023163,0.09228580445051193,0.41858014464378357,0.00325350952334702,1.0
1779438897.2965872,51,-0.4560786187648773,0.2867066562175751,0.1452195793390274,0.12129086256027222,0.5499406456947327,0.004185981582850218,1.0
1779438897.3310156,51,-0.39193427562713623,0.29688456654548645,0.16570958495140076,0.11743859201669693,0.5083283185958862,0.0033810141030699015,1.0
1779438897.379879,51,-0.3363408148288727,0.25802522897720337,0.08356578648090363,0.10837497562170029,0.43640807271003723,0.0043783048167824745,1.0
1779438897.40986,51,-0.2806611955165863,0.22389939427375793,0.13291293382644653,0.15184806287288666,0.3948163688182831,0.0041981046088039875,1.0
1779438897.4434285,51,-0.21770881116390228,0.27243369817733765,0.08408017456531525,0.1348894238471985,0.369971364736557,0.003494057571515441,1.0
1779438897.473521,51,-0.19510306417942047,0.37279316782951355,0.12306327372789383,0.21562166512012482,0.4552280604839325,0.005240236409008503,1.0
1779438897.5060818,51,-0.17184148728847504,0.44624656438827515,0.1341334730386734,0.2134069800376892,0.5126933455467224,0.006556375417858362,1.0
1779438897.535687,51,-0.12204218655824661,0.4393552839756012,0.09921770542860031,0.17856234312057495,0.4698725938796997,0.006281476933509111,1.0
1779438897.5712352,51,-0.02467675320804119,0.34564536809921265,0.12031713873147964,0.24554796516895294,0.36760902404785156,0.008099731057882309,1.0
1779438897.6013587,51,0.01783243753015995,0.29690253734588623,0.08749838173389435,0.10526436567306519,0.3094525933265686,0.004399750381708145,1.0
1779438897.6353345,51,0.10027807205915451,0.2592408359050751,0.07682064920663834,0.1258128583431244,0.286762535572052,0.005026760045439005,1.0
1779438897.6624913,51,0.15790005028247833,0.2188720703125,0.08568217605352402,0.09123067557811737,0.2750397026538849,0.0039001391269266605,1.0
1779438897.6964688,51,0.1628429889678955,0.14050891995429993,0.0791323259472847,0.09126196056604385,0.22629106044769287,0.0048546455800533295,1.0
1779438897.7313836,51,0.14313581585884094,0.145094633102417,0.09741873294115067,0.16747437417507172,0.24784192442893982,0.004734708461910486,1.0
1779438897.777021,51,0.0807139053940773,0.08543934673070908,0.10014809668064117,0.15016146004199982,0.1882345974445343,0.004903868772089481,1.0
1779438897.8089795,51,-0.0030134611297398806,0.10250375419855118,0.10304661095142365,0.14879432320594788,0.182009756565094,0.005185527727007866,1.0
1779438897.842652,51,-0.017957501113414764,0.06068180873990059,0.11361607909202576,0.15243375301361084,0.16529105603694916,0.007962917909026146,1.0
1779438897.874794,51,-0.10261266678571701,0.04544157162308693,0.12324030697345734,0.1236870139837265,0.18332964181900024,0.00586347421631217,1.0
1779438897.9028718,51,-0.1438942700624466,0.07347705215215683,0.13829055428504944,0.11601603031158447,0.2167070358991623,0.004321548156440258,1.0
1779438897.9362843,51,-0.1883963793516159,0.047880884259939194,0.1461953967809677,0.1569909304380417,0.2563464641571045,0.0044841826893389225,1.0
1779438897.9679058,51,-0.1967034488916397,-0.0018678553169593215,0.12332233786582947,0.11304118484258652,0.23195502161979675,0.003926184959709644,1.0
1779438897.9992507,51,-0.18098270893096924,0.025787653401494026,0.09785778820514679,0.1014266386628151,0.21063245832920074,0.0031682748813182116,1.0
1779438898.0324218,51,-0.18086452782154083,0.009652230888605118,0.09432949125766754,0.053701914846897125,0.18978457152843475,0.0032218764536082745,1.0
1779438898.066046,51,-0.1625291407108307,-0.01174627523869276,0.09154711663722992,0.07904485613107681,0.17868255078792572,0.0037179940845817327,1.0
1779438898.099522,51,-0.11517154425382614,-0.0022627885919064283,0.057273019105196,0.05691758543252945,0.12847258150577545,0.0022639117669314146,1.0
1779438898.1308432,51,-0.09155572950839996,0.02018917351961136,0.0787184089422226,0.061092060059309006,0.11297878623008728,0.0029442026279866695,1.0
1779438898.1791756,51,-0.05767403542995453,-0.009084365330636501,0.04669109731912613,0.03706387057900429,0.06941867619752884,0.0022562125232070684,1.0
1779438898.2082536,51,-0.03744746372103691,-0.006744384765625,0.051265276968479156,0.044520098716020584,0.06407815217971802,0.0024221003986895084,1.0
1779438898.2411754,51,-0.033685121685266495,-0.019324807450175285,0.05187042057514191,0.046559855341911316,0.06649113446474075,0.0018030431820079684,1.0
1779438898.2712064,51,-0.025642843917012215,-0.007704491727054119,0.03803674504160881,0.02795395255088806,0.0455801896750927,0.001187618006952107,1.0
1779438898.306451,51,-0.041622985154390335,0.02385128289461136,0.037260521203279495,0.022566091269254684,0.05673976615071297,0.0010499692289158702,1.0
1779438898.3383179,51,-0.0926005020737648,0.06840754300355911,0.051975708454847336,0.03278537467122078,0.12026984244585037,0.0012244140962138772,1.0
1779438898.368969,51,-0.16803067922592163,0.14762908220291138,0.07846387475728989,0.05793113633990288,0.22935865819454193,0.0026470550801604986,1.0
1779438898.4081337,51,-0.17321628332138062,0.20670214295387268,0.05550946667790413,0.07334385067224503,0.27588364481925964,0.0032875093165785074,1.0
1779438898.432398,51,-0.19740743935108185,0.26574647426605225,0.08543862402439117,0.11276727169752121,0.34088560938835144,0.004489622078835964,1.0
1779438898.465671,51,-0.18690431118011475,0.29667243361473083,0.0767989307641983,0.10304100066423416,0.3595636487007141,0.003935839980840683,1.0
1779438898.4971197,51,-0.18103386461734772,0.3730645179748535,0.0793185755610466,0.13092710077762604,0.42339131236076355,0.004229456186294556,1.0
1779438898.5355132,51,-0.21638548374176025,0.48985230922698975,0.13838091492652893,0.19577641785144806,0.5546962022781372,0.003984297160059214,1.0
1779438898.5765738,51,-0.18498678505420685,0.5616577863693237,0.205306276679039,0.22616097331047058,0.6228038668632507,0.019834278151392937,1.0
1779438898.609084,51,-0.27845704555511475,0.8208827376365662,0.24553132057189941,0.29529425501823425,0.8980088829994202,0.03876885771751404,1.0
1779438898.6383739,51,-0.4607744514942169,1.038792371749878,0.20645342767238617,0.3659561574459076,1.1511305570602417,0.02060309797525406,1.0
1779438898.6731758,51,-0.6180988550186157,1.3904176950454712,0.22696442902088165,0.44337230920791626,1.5313571691513062,0.0071038417518138885,1.0
1779438898.7077916,51,-0.7470852732658386,1.6168529987335205,0.25286880135536194,0.5465710163116455,1.792471170425415,0.008533740416169167,1.0
1779438898.7356684,51,-0.8138457536697388,1.88273286819458,0.3302344083786011,0.5941335558891296,2.0658249855041504,0.00882832333445549,1.0
1779438898.7678883,51,-0.7682949900627136,2.0151402950286865,0.30024001002311707,0.643703043460846,2.1723246574401855,0.010951142758131027,1.0
1779438898.80042,51,-0.7446597218513489,2.293992042541504,0.33006107807159424,0.7621080875396729,2.4333794116973877,0.011201593093574047,1.0
1779438898.8318844,51,-0.7347591519355774,2.563107967376709,0.401466965675354,0.9204370379447937,2.698167085647583,0.011865280568599701,1.0
1779438898.863718,51,-0.8454149961471558,2.930952787399292,0.4694461524486542,0.9550160765647888,3.079033136367798,0.016123300418257713,1.0
1779438898.8963542,51,-1.0811420679092407,3.2566611766815186,0.5088170766830444,1.0660617351531982,3.4597909450531006,0.013315126299858093,1.0
1779438898.9268463,51,-1.191737174987793,3.632260799407959,0.48374083638191223,1.2417083978652954,3.8514153957366943,0.01762055791914463,1.0
1779438898.9597292,51,-1.132932424545288,3.8600144386291504,0.5026684403419495,1.2330572605133057,4.052376747131348,0.016701126471161842,1.0
1779438899.0069513,51,-0.8758368492126465,3.9198408126831055,0.47219085693359375,1.251001000404358,4.04669713973999,0.014152660965919495,1.0
1779438899.0405803,51,-0.4600617587566376,4.3194050788879395,0.5457501411437988,1.47903573513031,4.394851207733154,0.026503179222345352,1.0
1779438899.0702484,51,-0.18116341531276703,4.52691650390625,0.6170796751976013,1.4384078979492188,4.582098960876465,0.019534284248948097,1.0
1779438899.10717,51,0.013431025668978691,4.591180801391602,0.6265987753868103,1.494508147239685,4.645498752593994,0.01643606647849083,1.0
1779438899.1358924,51,0.09508439898490906,4.597972869873047,0.6704474687576294,1.4167133569717407,4.654123783111572,0.028237642720341682,1.0
1779438899.1671755,51,-0.04401322826743126,3.7620298862457275,0.502220630645752,1.1428124904632568,3.804262161254883,0.020108627155423164,1.0
1779438899.200654,51,0.04389295354485512,3.061138868331909,0.4420485496520996,0.9374240636825562,3.0973384380340576,0.017332205548882484,1.0
1779438899.2324612,51,0.17285335063934326,2.1729609966278076,0.3462233245372772,0.6865262985229492,2.2103545665740967,0.011752348393201828,1.0
1779438899.2639756,51,0.24536073207855225,1.5219203233718872,0.18056467175483704,0.4718094766139984,1.554315447807312,0.010903513990342617,1.0
1779438899.2952118,51,0.33942848443984985,0.7374946475028992,0.14571386575698853,0.2562335133552551,0.8225924968719482,0.007082480471581221,1.0
1779438899.327219,51,0.4123481214046478,0.17770744860172272,0.15723221004009247,0.08937425911426544,0.46064892411231995,0.0057191490195691586,1.0
1779438899.3601277,51,0.5925140380859375,-0.381298303604126,0.190162792801857,0.22857719659805298,0.722259521484375,0.006591285113245249,1.0
1779438899.408212,51,0.662766695022583,-1.2034565210342407,0.24416068196296692,0.4043877422809601,1.3945577144622803,0.009905342012643814,1.0
1779438899.4415472,51,0.5921624898910522,-1.759246826171875,0.3171248435974121,0.5406540036201477,1.8810529708862305,0.01502585131675005,1.0
1779438899.472927,51,0.5778757929801941,-2.3949949741363525,0.3421333134174347,0.6925607919692993,2.4890198707580566,0.012832815758883953,1.0
1779438899.5037408,51,0.6439460515975952,-2.8741588592529297,0.46969476342201233,0.8949419260025024,2.9841787815093994,0.01923525519669056,1.0
1779438899.536299,51,0.507150411605835,-3.403618097305298,0.5047900676727295,1.0342869758605957,3.4821979999542236,0.020053250715136528,1.0
1779438899.569185,51,0.557560920715332,-3.670182704925537,0.5151970982551575,1.0772241353988647,3.7464935779571533,0.022455738857388496,1.0
1779438899.6001456,51,0.5710335373878479,-3.7548348903656006,0.5816388726234436,1.1402864456176758,3.8465635776519775,0.02913125604391098,1.0
1779438899.6326017,51,0.42698341608047485,-3.873579740524292,0.46125027537345886,1.1138665676116943,3.9276154041290283,0.02200126089155674,1.0
1779438899.6628597,51,0.31306278705596924,-3.8257150650024414,0.4440038204193115,1.1380975246429443,3.870056390762329,0.029672909528017044,1.0
1779438899.6962137,51,0.2247302532196045,-3.8955183029174805,0.40520572662353516,1.1682075262069702,3.933002233505249,0.01724214106798172,1.0
1779438899.7323077,51,0.05092545971274376,-3.8873019218444824,0.4109048545360565,1.176023006439209,3.9169418811798096,0.023276591673493385,1.0
1779438899.7603242,51,0.05761479213833809,-3.632697820663452,0.35429632663726807,1.2290416955947876,3.663717269897461,0.01151893101632595,1.0
1779438899.8118267,51,0.10093838721513748,-3.358135461807251,0.3252491354942322,1.1542620658874512,3.3860085010528564,0.013588996604084969,1.0
1779438899.83968,51,0.017754049971699715,-3.105994462966919,0.33021461963653564,1.0507053136825562,3.133819341659546,0.01225909311324358,1.0
1779438899.8723922,51,0.01547660119831562,-2.724271774291992,0.27538204193115234,0.9810643792152405,2.747666597366333,0.010215869173407555,1.0
1779438899.9092915,51,-0.027048448100686073,-2.4127581119537354,0.2908862829208374,0.8896910548210144,2.4377079010009766,0.008142925798892975,1.0
1779438899.937707,51,0.012194165959954262,-2.174906015396118,0.3660860061645508,0.8240962624549866,2.210089921951294,0.01145913079380989,1.0
1779438899.9718063,51,-0.04304085671901703,-1.917579174041748,0.19116047024726868,0.7376859784126282,1.9331598281860352,0.006634827703237534,1.0
1779438900.0002298,51,0.04167235270142555,-1.6414713859558105,0.17834323644638062,0.6080394387245178,1.6577564477920532,0.007654394954442978,1.0
1779438900.0364044,51,-0.00995172280818224,-1.4823366403579712,0.15508779883384705,0.5698420405387878,1.4964267015457153,0.006459956523030996,1.0
1779438900.0635629,51,0.05518176406621933,-1.2201999425888062,0.13799728453159332,0.45849525928497314,1.2347354888916016,0.005549236200749874,1.0
1779438900.0941517,51,0.04314228147268295,-0.8980210423469543,0.10100572556257248,0.32532358169555664,0.9073194861412048,0.004426851402968168,1.0
1779438900.1278405,51,0.0030732995364814997,-0.5998295545578003,0.08791250735521317,0.23472310602664948,0.6078911423683167,0.0037513156421482563,1.0
1779438900.1609006,51,-0.03245304897427559,-0.2661644518375397,0.07352571189403534,0.14306414127349854,0.27728113532066345,0.004251708276569843,1.0
1779438900.2077932,51,-0.02544328197836876,-0.08803334087133408,0.04759956896305084,0.05330931767821312,0.10446842014789581,0.0016960639040917158,1.0
1779438900.2405212,51,-0.041056014597415924,-0.01068324688822031,0.03181487321853638,0.022988472133874893,0.05041131004691124,0.0012462587328627706,1.0
1779438900.271141,51,-0.04199248552322388,0.06428557634353638,0.03350401669740677,0.03567718341946602,0.0831429734826088,0.0011211271630600095,1.0
1779438900.3089638,51,-0.030383240431547165,0.21086299419403076,0.0669187679886818,0.13070011138916016,0.22546043992042542,0.0025940644554793835,1.0
1779438900.33451,51,0.03206111118197441,0.3225540518760681,0.0675688087940216,0.16886791586875916,0.3320421278476715,0.003790992544963956,1.0
1779438900.3659954,51,0.08316638320684433,0.37420564889907837,0.08594156801700592,0.17202647030353546,0.39013805985450745,0.003928972873836756,1.0
1779438900.3991203,51,0.028766408562660217,0.502690315246582,0.07456125319004059,0.188821941614151,0.5105828642845154,0.003321631345897913,1.0
1779438900.4362035,51,0.01389985904097557,0.6596643924713135,0.11870945990085602,0.26096823811531067,0.6743574142456055,0.007237430661916733,1.0
1779438900.4631727,51,0.03869898244738579,0.8403619527816772,0.337509423494339,0.34668636322021484,0.8869478106498718,0.02253185771405697,1.0
1779438900.4979277,51,-0.10134947299957275,1.0529626607894897,0.3315487504005432,0.41426506638526917,1.1111059188842773,0.05835969001054764,1.0
1779438900.5313065,51,-0.17201173305511475,1.3594138622283936,0.20091010630130768,0.5257581472396851,1.3949886560440063,0.015843218192458153,1.0
1779438900.5579584,51,-0.17749442160129547,1.6389178037643433,0.3021085858345032,0.6628426313400269,1.691329002380371,0.009171737357974052,1.0
1779438900.6077788,51,-0.05322086066007614,1.909541130065918,0.4603531062602997,0.7366381287574768,1.9843404293060303,0.006737301126122475,1.0
1779438900.640333,51,-0.023773493245244026,2.083099603652954,0.6197825074195862,0.7714586853981018,2.200423002243042,0.009854604490101337,1.0
1779438900.671387,51,-0.1293460577726364,2.248236894607544,0.6232884526252747,0.8040293455123901,2.373673439025879,0.009481741115450859,1.0
1779438900.7045655,51,-0.1801961213350296,2.419848680496216,0.6024898886680603,0.8534465432167053,2.536346435546875,0.008024873211979866,1.0
1779438900.738492,51,-0.34966352581977844,2.4905970096588135,0.6016284823417664,0.828778862953186,2.60868239402771,0.01215488463640213,1.0
1779438900.7672443,51,-0.43147486448287964,2.457237720489502,0.493297815322876,0.8527725338935852,2.568035840988159,0.0083687212318182,1.0
1779438900.7991319,51,-0.3887712061405182,2.711885452270508,0.5040172338485718,0.9750100374221802,2.8111746311187744,0.012633437290787697,1.0
1779438900.8307211,51,-0.2976941764354706,2.904000759124756,0.5003359913825989,0.9820467829704285,2.9793195724487305,0.012182136066257954,1.0
1779438900.8625093,51,-0.2511189877986908,3.002349853515625,0.4734953045845032,0.9067347645759583,3.0566413402557373,0.012980587780475616,1.0
1779438900.8957806,51,-0.07837782055139542,3.21051025390625,0.5123595595359802,1.0033986568450928,3.2634809017181396,0.012279869057238102,1.0
1779438900.9286485,51,0.07948064059019089,3.4839982986450195,0.5759342312812805,1.052266240119934,3.536419153213501,0.0138517115265131,1.0
1779438900.959789,51,0.06741273403167725,3.5285279750823975,0.5550748705863953,1.0452486276626587,3.577500343322754,0.01551973819732666,1.0
1779438901.0073676,51,0.08916428685188293,3.531343460083008,0.6014072895050049,1.1055065393447876,3.590139150619507,0.019905943423509598,1.0
1779438901.0392878,51,0.1204923763871193,3.318222999572754,0.5608569979667664,1.0128593444824219,3.372932195663452,0.016157785430550575,1.0
1779438901.072493,51,0.09867290407419205,2.83534574508667,0.5010524988174438,0.845862627029419,2.885309934616089,0.012531745247542858,1.0
1779438901.1044126,51,-0.13271735608577728,2.0520827770233154,0.39617085456848145,0.5481522679328918,2.0947368144989014,0.010009629651904106,1.0
1779438901.1377084,51,-0.27609431743621826,1.1678954362869263,0.24359409511089325,0.2815972864627838,1.2186594009399414,0.008484396152198315,1.0
1779438901.1686625,51,-0.2912851870059967,0.18208880722522736,0.10970131307840347,0.06943577527999878,0.3543907701969147,0.003585580037906766,1.0
1779438901.200416,51,-0.418201208114624,-0.4961302578449249,0.3001181483268738,0.2658664286136627,0.7054378986358643,0.007821555249392986,1.0
1779438901.2322145,51,-0.3810637295246124,-1.5201011896133423,0.4139062166213989,0.5899693965911865,1.6344457864761353,0.00963699072599411,1.0
1779438901.2634182,51,-0.16332200169563293,-2.170112371444702,0.4953291714191437,0.7465749382972717,2.2477710247039795,0.012976467609405518,1.0
1779438901.2962282,51,0.00965582113713026,-2.735635280609131,0.5296654105186462,0.8321501612663269,2.8003060817718506,0.01373317651450634,1.0
1779438901.329164,51,0.1925377994775772,-3.102851152420044,0.5685428977012634,0.9810535311698914,3.16839599609375,0.01812807284295559,1.0
1779438901.359863,51,0.35337531566619873,-3.4377758502960205,0.5475730895996094,1.0363484621047974,3.510366678237915,0.01746990717947483,1.0
1779438901.4091654,51,0.6039838790893555,-3.72113037109375,0.5686707496643066,1.123052716255188,3.819585084915161,0.018771398812532425,1.0
1779438901.4396834,51,0.717278003692627,-3.9378154277801514,0.5057989358901978,1.1646080017089844,4.038033485412598,0.022030439227819443,1.0
1779438901.470095,51,0.6516397595405579,-3.92246675491333,0.4669713079929352,1.196773886680603,4.013835906982422,0.025315431877970695,1.0
1779438901.5020776,51,0.5215480923652649,-3.840993881225586,0.4811968505382538,1.2134058475494385,3.9212896823883057,0.025567684322595596,1.0
1779438901.536243,51,0.31895387172698975,-3.7794482707977295,0.5330155491828918,1.2636809349060059,3.852226495742798,0.018018512055277824,1.0
1779438901.5696826,51,0.1393307000398636,-3.656217336654663,0.578300416469574,1.1743277311325073,3.716789960861206,0.012325679883360863,1.0
1779438901.5995405,51,0.010460049845278263,-3.4453797340393066,0.5681470632553101,1.182733178138733,3.503977060317993,0.013764998875558376,1.0
1779438901.6321719,51,0.029723821207880974,-3.116770029067993,0.5182248950004578,1.0872819423675537,3.1702051162719727,0.009946173056960106,1.0
1779438901.6642392,51,0.0013876522425562143,-2.8384904861450195,0.47379228472709656,1.0479044914245605,2.8857290744781494,0.008616987615823746,1.0
1779438901.6952906,51,0.02487870678305626,-2.504178524017334,0.42649033665657043,0.9190694689750671,2.547236442565918,0.009570243768393993,1.0
1779438901.727279,51,-0.025206921622157097,-2.075399160385132,0.3372558057308197,0.7755841016769409,2.106804609298706,0.009292304515838623,1.0
1779438901.7592251,51,0.007928586564958096,-1.622603178024292,0.25908327102661133,0.5972669124603271,1.6478475332260132,0.006819762289524078,1.0
1779438901.8079562,51,0.04741264879703522,-1.066274881362915,0.12432039529085159,0.38012000918388367,1.078052282333374,0.004649983253329992,1.0
1779438901.838502,51,0.07247445732355118,-0.7109536528587341,0.10554264485836029,0.296071320772171,0.7255703806877136,0.004781488329172134,1.0
1779438901.87117,51,0.06444504857063293,-0.41131383180618286,0.08091110736131668,0.15352080762386322,0.42400839924812317,0.0043340991251170635,1.0
1779438901.9029374,51,0.027280321344733238,-0.15625718235969543,0.05505761504173279,0.07140828669071198,0.1680058240890503,0.003626031568273902,1.0
1779438901.936303,51,0.04355307295918465,-0.061227235943078995,0.05578623712062836,0.05152829736471176,0.0930691808462143,0.0014553247019648552,1.0
1779438901.9682665,51,0.05367383733391762,0.043253280222415924,0.049055054783821106,0.06029979884624481,0.08562637865543365,0.001545908977277577,1.0
1779438902.0003352,51,0.10923437774181366,0.2362784594297409,0.09808586537837982,0.1547272950410843,0.27053049206733704,0.0024246072862297297,1.0
1779438902.0306892,51,0.07173186540603638,0.330075740814209,0.07714014500379562,0.16233858466148376,0.3461545705795288,0.003536149160936475,1.0
1779438902.0633793,51,0.09472387284040451,0.29140159487724304,0.08603104948997498,0.1347603052854538,0.31986531615257263,0.004950507078319788,1.0
1779438902.0949647,51,0.04038851708173752,0.19431768357753754,0.06702772527933121,0.09240187704563141,0.2116984874010086,0.0032168684992939234,1.0
1779438902.1273408,51,0.09112010151147842,0.22655561566352844,0.06417609751224518,0.1168387234210968,0.2526428699493408,0.0029529009480029345,1.0
1779438902.159354,51,0.15098631381988525,0.2580105662345886,0.09757406264543533,0.12103711813688278,0.312301903963089,0.0039020224940031767,1.0
1779438902.2084577,51,0.1585020124912262,0.24167707562446594,0.0773417130112648,0.1341632604598999,0.297457218170166,0.0032069513108581305,1.0
1779438902.239095,51,0.20733852684497833,0.2037009447813034,0.08723077923059464,0.09624219685792923,0.2980327308177948,0.0033392575569450855,1.0
1779438902.2716155,51,0.2767690122127533,0.21729712188243866,0.1255115568637848,0.10727139562368393,0.36150577664375305,0.003664252581074834,1.0
1779438902.3036277,51,0.26099708676338196,0.19361218810081482,0.1188850924372673,0.11156866699457169,0.3365371525287628,0.0037897666916251183,1.0
1779438902.335692,51,0.2013881951570511,0.17582403123378754,0.09368904680013657,0.08873514086008072,0.273404061794281,0.0030792385805398226,1.0
1779438902.3683414,51,0.15137706696987152,0.12198803573846817,0.08331027626991272,0.07800038158893585,0.20550388097763062,0.0024229618720710278,1.0
1779438902.4003446,51,0.08026063442230225,0.08119231462478638,0.0594632588326931,0.06160305440425873,0.12981663644313812,0.00212301779538393,1.0
1779438902.4304008,51,-0.0024183683563023806,0.07542150467634201,0.15445920825004578,0.04753308370709419,0.13569454848766327,0.004660448059439659,1.0
1779438902.4639983,51,0.008414175361394882,0.0694568082690239,0.03256358951330185,0.05283667892217636,0.08485933393239975,0.0015127842780202627,1.0
1779438902.4963918,51,-0.03129757195711136,0.0842171460390091,0.033761944621801376,0.05724458396434784,0.10230043530464172,0.0012667665723711252,1.0
1779438902.5261002,51,-0.07617995142936707,0.05114058032631874,0.04661300405859947,0.04328120872378349,0.09918338060379028,0.0010948379058390856,1.0
1779438902.5592809,51,-0.10957306623458862,0.05157111585140228,0.04081373289227486,0.02754604071378708,0.12399738281965256,0.0011741241905838251,1.0
1779438902.6079237,51,-0.13313622772693634,0.0639660432934761,0.05234063044190407,0.043483659625053406,0.156071275472641,0.001511851092800498,1.0
1779438902.6399922,51,-0.1477559357881546,0.11692750453948975,0.0613560825586319,0.05269058048725128,0.1926395744085312,0.0019021786283701658,1.0
1779438902.6705267,51,-0.10275477916002274,0.08335158228874207,0.044779300689697266,0.04274531453847885,0.13623838126659393,0.0014283877098932862,1.0
1779438902.702694,51,-0.0723356381058693,0.08364419639110565,0.04695498198270798,0.038067273795604706,0.11438026279211044,0.001584862475283444,1.0
1779438902.7347903,51,-0.020891975611448288,0.05553361400961876,0.04834255576133728,0.03864115849137306,0.07608538866043091,0.0014299078611657023,1.0
1779438902.7680485,51,-0.0002839331573341042,0.04425048828125,0.04793538525700569,0.020720813423395157,0.05815061554312706,0.001062780967913568,1.0
1779438902.8001595,51,0.016542620956897736,0.038228053599596024,0.021105268970131874,0.02439100667834282,0.049536000937223434,0.0008524272125214338,1.0
1779438902.832816,51,0.051362279802560806,0.0339152030646801,0.0388435423374176,0.021941618993878365,0.06792883574962616,0.0011609598295763135,1.0
1779438902.8649492,51,0.11448729038238525,-0.0003015854745171964,0.06076313182711601,0.05865737050771713,0.12734723091125488,0.0014264837373048067,1.0
1779438902.9120698,51,0.14964145421981812,-0.010322420857846737,0.06166212260723114,0.044477429240942,0.15562818944454193,0.0016515256138518453,1.0
1779438902.9437306,51,0.19563861191272736,-0.08606825023889542,0.06357543915510178,0.06058443710207939,0.21955114603042603,0.00192767393309623,1.0
1779438902.9757953,51,0.2885068953037262,-0.19103136658668518,0.06551831215620041,0.07627447694540024,0.3497837781906128,0.003065897850319743,1.0
1779438903.008348,51,0.44632136821746826,-0.38725608587265015,0.13928739726543427,0.16897228360176086,0.6047198176383972,0.004059512633830309,1.0
1779438903.0260947,51,0.0,0.0,0.0,0.0,0.0,0.0,1.0
1779438903.0475662,51,0.5769802927970886,-0.4828290641307831,0.15184269845485687,0.17539817094802856,0.7626381516456604,0.005116089712828398,1.0
1779438903.1204593,51,1.1042815446853638,-0.6381970643997192,0.3245941400527954,0.32641804218292236,1.3020426034927368,0.006564883515238762,1.0
1779438903.1517851,51,0.4504038393497467,0.009519688785076141,0.14520439505577087,0.10317695885896683,0.46319183707237244,0.0033755172044038773,1.0
1779438903.1819823,51,0.4317333698272705,0.21695813536643982,0.1665942668914795,0.11497344076633453,0.49802225828170776,0.004949446301907301,1.0
1779438903.2165017,51,0.46902137994766235,0.4187331795692444,0.1628095805644989,0.15047407150268555,0.6383277773857117,0.005038048606365919,1.0
1779438903.2398763,51,0.0,0.0,0.0,0.0,0.0,0.0,1.0
1779438903.2663398,51,0.41343480348587036,0.4517923891544342,0.18304647505283356,0.16891847550868988,0.6256425380706787,0.006828207056969404,1.0
1779438903.2955077,51,0.34504130482673645,0.5536534786224365,0.16359327733516693,0.1642383188009262,0.6664032340049744,0.007891262881457806,1.0
1779438903.3256829,51,0.3280959725379944,0.5222395062446594,0.1399766504764557,0.1529359221458435,0.6252997517585754,0.006482945289462805,1.0
1779438903.358715,51,0.3528795540332794,0.4188471734523773,0.18580175936222076,0.15426984429359436,0.5629604458808899,0.008257926441729069,1.0
1779438903.3923666,51,0.40814536809921265,0.3692091405391693,0.21447858214378357,0.14792680740356445,0.5719587206840515,0.013105658814311028,1.0
1779438903.427587,51,0.4617210924625397,0.37065184116363525,0.22865691781044006,0.1415470838546753,0.612809956073761,0.008466757833957672,1.0
1779438903.4718459,51,0.32843106985092163,0.3357998728752136,0.1982109695672989,0.13422329723834991,0.4904102385044098,0.006056565325707197,1.0
1779438903.504043,51,0.17473527789115906,0.2756311893463135,0.16629742085933685,0.11751887202262878,0.3503429889678955,0.004543781746178865,1.0
1779438903.5364764,51,0.03747408837080002,0.2609432339668274,0.16415099799633026,0.0849725753068924,0.28826576471328735,0.008515817113220692,1.0
1779438903.567505,51,-0.056883569806814194,0.22567419707775116,0.19163942337036133,0.08516406267881393,0.2664026618003845,0.005445904564112425,1.0
1779438903.5996523,51,-0.1209055557847023,0.188185453414917,0.15542061626911163,0.08676942437887192,0.256006121635437,0.0034523499198257923,1.0
1779438903.6482291,51,-0.14459796249866486,0.0963948592543602,0.13318610191345215,0.0794568732380867,0.20738673210144043,0.0033900104463100433,1.0
1779438903.679308,51,-0.1669742316007614,0.02394792065024376,0.12307171523571014,0.06858520954847336,0.19792911410331726,0.0031672674231231213,1.0
1779438903.7129018,51,-0.3225148618221283,-0.039418838918209076,0.2206466943025589,0.0798015296459198,0.34701308608055115,0.00775093724951148,1.0
1779438903.7454293,51,-0.39396247267723083,-0.06465358287096024,0.13143126666545868,0.08736681938171387,0.41705840826034546,0.0039337933994829655,1.0
1779438903.770197,51,0.0,0.0,0.0,0.0,0.0,0.0,1.0
1779438903.7873268,51,-0.5320395827293396,-0.06687597930431366,0.13563793897628784,0.09784340858459473,0.551113486289978,0.004580754321068525,1.0
1779438903.8241546,51,-0.5075219869613647,-0.08841690421104431,0.15001346170902252,0.10101251304149628,0.528976559638977,0.004590073600411415,1.0
1779438903.8564086,51,-0.5401380658149719,-0.14634375274181366,0.15341047942638397,0.1349770873785019,0.5770930647850037,0.00475763063877821,1.0
1779438903.9205682,51,-1.262216329574585,-0.46955662965774536,0.2649955451488495,0.30864670872688293,1.3769042491912842,0.008920812048017979,1.0
1779438903.951924,51,-0.7234123349189758,-0.22867809236049652,0.17261922359466553,0.17599156498908997,0.7752553820610046,0.0043273987248539925,1.0
1779438903.9766605,51,0.0,0.0,0.0,0.0,0.0,0.0,1.0
1779438903.993762,51,-0.8070963025093079,-0.14921629428863525,0.16313713788986206,0.1392807960510254,0.8328638076782227,0.003909633494913578,1.0
1779438904.0321305,51,-0.8874709010124207,-0.11332643032073975,0.1952393352985382,0.14949850738048553,0.9072932004928589,0.005476549733430147,1.0
1779438904.064297,51,-0.8798699378967285,0.06001551076769829,0.2205415666103363,0.12687189877033234,0.8927804827690125,0.005641300231218338,1.0
1779438904.0955405,51,-0.7364376187324524,0.15862677991390228,0.14930808544158936,0.08410695195198059,0.7586526870727539,0.004885774105787277,1.0
1779438904.128829,51,-0.5233525037765503,0.2061896175146103,0.10255974531173706,0.0780445858836174,0.5668385028839111,0.004077826160937548,1.0
1779438904.1607516,51,-0.28902092576026917,0.29999467730522156,0.10484308749437332,0.12330514937639236,0.42548489570617676,0.0036344118416309357,1.0
1779438904.2074325,51,-0.10357725620269775,0.35937321186065674,0.07966375350952148,0.1904829442501068,0.39093637466430664,0.0034894701093435287,1.0
1779438904.2394133,51,0.05171652510762215,0.41934382915496826,0.09450098872184753,0.19280560314655304,0.43451789021492004,0.004080030135810375,1.0
1779438904.274347,51,0.15061591565608978,0.266754150390625,0.08492251485586166,0.11609622836112976,0.312808632850647,0.003944712691009045,1.0
1779438904.3036473,51,0.1679409295320511,0.20134960114955902,0.1403498500585556,0.09389785677194595,0.2901415526866913,0.004451518412679434,1.0
