timestamp,elapsed_sec,frame_idx,face_detected,left_eye_points,left_eye_mean_u,left_eye_mean_v,left_eye_std_u,left_eye_std_v,left_eye_speed,left_eye_fb_error,left_eye_confidence,right_eye_points,right_eye_mean_u,right_eye_mean_v,right_eye_std_u,right_eye_std_v,right_eye_speed,right_eye_fb_error,right_eye_confidence,mouth_points,mouth_mean_u,mouth_mean_v,mouth_std_u,mouth_std_v,mouth_speed,mouth_fb_error,mouth_confidence,head_points,head_mean_u,head_mean_v,head_std_u,head_std_v,head_speed,head_fb_error,head_confidence,eye_mean_speed,eye_mean_v,mouth_speed,mouth_mean_v,head_speed,head_mean_v,overall_tracking_confidence
1790268458.117308,0.0004968643188476562,1,0,27,-0.9391202330589294,-0.46676239371299744,0.28741729259490967,0.08270811289548874,1.059543251991272,0.019726190716028214,1.0,29,-1.0262819528579712,-0.5257200002670288,0.359035462141037,0.17498798668384552,1.168056845664978,0.03046136535704136,1.0,33,-1.344466209411621,-0.6857489347457886,0.1558118462562561,0.06945177912712097,1.511060357093811,0.012520423159003258,1.0,80,-0.8962198495864868,-0.4296876788139343,0.5144929885864258,0.2921825051307678,1.014011025428772,0.011427300050854683,1.0,1.113800048828125,-0.4962411969900131,1.511060357093811,-0.6857489347457886,1.014011025428772,-0.4296876788139343,1.0
1790268458.1280084,0.011197328567504883,2,0,27,-1.0373461246490479,-0.3375295102596283,0.23130936920642853,0.09403553605079651,1.0964860916137695,0.007772926706820726,1.0,29,-0.9261106252670288,-0.39036402106285095,0.309321790933609,0.2273973822593689,1.034754753112793,0.01925954408943653,1.0,33,-1.2663453817367554,-0.4750162661075592,0.1824665516614914,0.10023289918899536,1.3560643196105957,0.010422399267554283,1.0,80,-0.9108217358589172,-0.2825847566127777,0.49775493144989014,0.24319922924041748,0.9796573519706726,0.008824977092444897,1.0,1.0656204223632812,-0.3639467656612396,1.3560643196105957,-0.4750162661075592,0.9796573519706726,-0.2825847566127777,1.0
1790268458.1409934,0.02418231964111328,3,0,27,-1.020037055015564,-0.0981767475605011,0.2586931586265564,0.08312968164682388,1.0293525457382202,0.010817782953381538,1.0,29,-0.8693910837173462,-0.1112428829073906,0.34051474928855896,0.1125028058886528,0.8879520297050476,0.02609347738325596,1.0,33,-1.271436333656311,-0.0467580147087574,0.28833645582199097,0.0801863744854927,1.2748888731002808,0.007912409491837025,1.0,80,-0.9475030899047852,-0.06041736528277397,0.5064936876296997,0.18123522400856018,0.9828974008560181,0.01029932964593172,1.0,0.9586522877216339,-0.10470981523394585,1.2748888731002808,-0.0467580147087574,0.9828974008560181,-0.06041736528277397,1.0
1790268458.1563292,0.039518117904663086,4,0,27,-1.1090986728668213,0.4128265380859375,0.32478731870651245,0.15055866539478302,1.1940072774887085,0.028060508891940117,1.0,29,-0.7284114360809326,0.35838791728019714,0.39879435300827026,0.26596468687057495,0.8310115337371826,0.02194034308195114,1.0,33,-1.1779359579086304,0.5914011001586914,0.15056557953357697,0.13572219014167786,1.3214017152786255,0.00942668505012989,1.0,80,-0.8657997250556946,0.3961683213710785,0.43382683396339417,0.31718865036964417,0.9921163320541382,0.009976858273148537,1.0,1.0125094056129456,0.3856072276830673,1.3214017152786255,0.5914011001586914,0.9921163320541382,0.3961683213710785,1.0
1790268458.1710725,0.05426144599914551,5,0,24,-4.3113627433776855,-0.5607045292854309,1.3847466707229614,2.1275930404663086,4.775317668914795,0.36125409603118896,0.8888888888888888,24,-2.9063289165496826,-0.15915744006633759,1.2095437049865723,1.4708986282348633,3.2896432876586914,0.25743135809898376,0.8275862068965517,33,-2.805776834487915,0.6051108837127686,0.8600733876228333,0.3161226212978363,2.890036106109619,0.0549045205116272,1.0,77,-2.470717430114746,0.10339256376028061,1.2897964715957642,1.5325075387954712,2.7974140644073486,0.07214982807636261,0.9625,4.032480478286743,-0.35993098467588425,2.890036106109619,0.6051108837127686,2.7974140644073486,0.10339256376028061,0.9197437739463601
1790268458.1999993,0.08318829536437988,6,0,24,-0.013270695693790913,-0.3127371370792389,0.11435818672180176,0.09804686158895493,0.33239755034446716,0.004968798719346523,1.0,24,-0.06138865277171135,-0.22865994274616241,0.15804170072078705,0.12959985435009003,0.28108903765678406,0.006380166858434677,1.0,33,-0.09074771404266357,-0.3030548095703125,0.05938834324479103,0.08725159615278244,0.32232198119163513,0.003448581788688898,1.0,77,-0.03271345794200897,-0.22061216831207275,0.07944232225418091,0.1715717613697052,0.23536375164985657,0.0020755964796990156,1.0,0.3067432940006256,-0.27069853991270065,0.32232198119163513,-0.3030548095703125,0.23536375164985657,-0.22061216831207275,1.0
1790268458.2519321,0.13512110710144043,7,0,24,0.09704907983541489,-0.37731805443763733,0.08810921013355255,0.0872395783662796,0.39698922634124756,0.005718905478715897,1.0,24,0.010599772445857525,-0.19955825805664062,0.09225832670927048,0.1128278598189354,0.22161076962947845,0.00789030734449625,1.0,33,0.08820828795433044,-0.4376576840877533,0.17222528159618378,0.12090495973825455,0.47014644742012024,0.00686599500477314,1.0,77,0.03577234968543053,-0.28013214468955994,0.09183965623378754,0.19937291741371155,0.2993784546852112,0.002805909840390086,1.0,0.309299997985363,-0.288438156247139,0.47014644742012024,-0.4376576840877533,0.2993784546852112,-0.28013214468955994,1.0
1790268458.2995486,0.1827375888824463,8,0,24,0.10841242223978043,-0.5113646388053894,0.12796160578727722,0.08945239335298538,0.5364218354225159,0.008292690850794315,1.0,24,0.018197378143668175,-0.2631359100341797,0.14106148481369019,0.16069039702415466,0.30297917127609253,0.008200214244425297,1.0,33,-0.01532259862869978,-0.49587225914001465,0.11644144356250763,0.11278754472732544,0.5089185237884521,0.008869990706443787,1.0,77,0.05076797306537628,-0.3673291802406311,0.1290670484304428,0.21751028299331665,0.3981429934501648,0.0042027756571769714,1.0,0.4197005033493042,-0.38725027441978455,0.5089185237884521,-0.49587225914001465,0.3981429934501648,-0.3673291802406311,1.0
1790268458.3516386,0.23482751846313477,9,0,24,0.05139477923512459,-0.4581991732120514,0.06056888401508331,0.033782605081796646,0.4648277461528778,0.006183304358273745,1.0,24,0.053358715027570724,-0.260815292596817,0.11018746346235275,0.15048612654209137,0.3055613040924072,0.004769259598106146,1.0,33,-0.11755278706550598,-0.570669949054718,0.09095495939254761,0.13032837212085724,0.5892919898033142,0.009209899231791496,1.0,77,0.025606626644730568,-0.3656420111656189,0.11858449131250381,0.23227769136428833,0.4045506715774536,0.0034857294522225857,1.0,0.3851945251226425,-0.3595072329044342,0.5892919898033142,-0.570669949054718,0.4045506715774536,-0.3656420111656189,1.0
1790268458.3999538,0.2831428050994873,10,0,24,0.12436040490865707,-0.41375985741615295,0.07391542941331863,0.06891974061727524,0.43865182995796204,0.004323500674217939,1.0,24,0.0409901924431324,-0.2635078430175781,0.07841996103525162,0.11509525775909424,0.2797054946422577,0.005236288066953421,1.0,33,-0.08106856048107147,-0.4324992895126343,0.099498450756073,0.09755583107471466,0.4489198327064514,0.0061452919617295265,1.0,77,0.03033011220395565,-0.3168332874774933,0.11435258388519287,0.19420351088047028,0.3505399525165558,0.0033495051320642233,1.0,0.35917866230010986,-0.33863385021686554,0.4489198327064514,-0.4324992895126343,0.3505399525165558,-0.3168332874774933,1.0
1790268458.4519298,0.33511877059936523,11,0,24,0.4422626495361328,-0.034745533019304276,0.47572991251945496,0.3036247789859772,0.5790048241615295,0.04539640247821808,1.0,24,-0.09859848022460938,-0.10855484008789062,0.3946910500526428,0.2650052309036255,0.37546858191490173,0.03242981806397438,1.0,33,-0.010387999005615711,-0.37737298011779785,0.09498164802789688,0.09344010055065155,0.38922086358070374,0.007736904080957174,1.0,77,0.08043482154607773,-0.18835389614105225,0.18826253712177277,0.24385441839694977,0.31892159581184387,0.007012299261987209,1.0,0.47723670303821564,-0.07165018655359745,0.38922086358070374,-0.37737298011779785,0.31892159581184387,-0.18835389614105225,1.0
1790268458.5039272,0.3871161937713623,12,0,24,0.2590872347354889,0.04988352581858635,0.24124710261821747,0.3323047161102295,0.42189857363700867,0.024234578013420105,1.0,24,-0.0297826137393713,-0.0954233780503273,0.16257748007774353,0.23489417135715485,0.2530990540981293,0.018167316913604736,1.0,33,-0.1216684952378273,-0.30064207315444946,0.08919046819210052,0.07521603256464005,0.33570390939712524,0.004512016195803881,1.0,77,0.02004152722656727,-0.15259383618831635,0.11207453161478043,0.2565463185310364,0.2714037597179413,0.004562173504382372,1.0,0.33749881386756897,-0.022769926115870476,0.33570390939712524,-0.30064207315444946,0.2714037597179413,-0.15259383618831635,1.0
1790268458.5518336,0.43502259254455566,13,0,24,-0.0281194057315588,-0.19177818298339844,0.06720076501369476,0.05665791407227516,0.20289623737335205,0.0031131571158766747,1.0,24,-0.10603078454732895,-0.1753285676240921,0.10639496892690659,0.10151351243257523,0.22279512882232666,0.004921926651149988,1.0,33,-0.14399950206279755,-0.3979182243347168,0.106697216629982,0.0777772068977356,0.4358111321926117,0.007707525510340929,1.0,77,-0.05383498966693878,-0.2356981486082077,0.12018874287605286,0.14299902319908142,0.26275262236595154,0.002756998408585787,1.0,0.21284568309783936,-0.18355337530374527,0.4358111321926117,-0.3979182243347168,0.26275262236595154,-0.2356981486082077,1.0
1790268458.6039636,0.4871525764465332,14,0,24,-0.04891204833984375,-0.2429993897676468,0.10030536353588104,0.05518672242760658,0.2670677602291107,0.004003699403256178,1.0,24,-0.051448822021484375,-0.21521694958209991,0.08937707543373108,0.11166831851005554,0.2387295961380005,0.005853850394487381,1.0,33,-0.10023775696754456,-0.3584035336971283,0.08696269243955612,0.0745915025472641,0.38118305802345276,0.006720838136970997,1.0,77,-0.050727151334285736,-0.2165016084909439,0.0995955765247345,0.1400376260280609,0.2428886890411377,0.0030690620187669992,1.0,0.2528986781835556,-0.22910816967487335,0.38118305802345276,-0.3584035336971283,0.2428886890411377,-0.2165016084909439,1.0
1790268458.6520853,0.5352742671966553,15,1,24,-0.0068759918212890625,-0.15730030834674835,0.04170464351773262,0.048736508935689926,0.16178084909915924,0.0024759918451309204,1.0,24,-0.050240833312273026,-0.12328656762838364,0.06921668350696564,0.06274791806936264,0.14799334108829498,0.004530202131718397,1.0,33,-0.0450795479118824,-0.17111852765083313,0.05023445934057236,0.03266173228621483,0.18329612910747528,0.002194349654018879,1.0,77,-0.0229644775390625,-0.12967592477798462,0.06825049966573715,0.07343006879091263,0.14674672484397888,0.0016288672341033816,1.0,0.1548870950937271,-0.140293437987566,0.18329612910747528,-0.17111852765083313,0.14674672484397888,-0.12967592477798462,1.0
1790268458.7039676,0.5871565341949463,16,0,24,-0.008810043334960938,-0.08214187622070312,0.03429432585835457,0.0334915891289711,0.08871322870254517,0.0016491132555529475,1.0,24,-0.044525146484375,-0.048539478331804276,0.0629463866353035,0.04234367236495018,0.08694809675216675,0.0018290240550413728,1.0,33,-0.04164308309555054,-0.12261269241571426,0.02651328593492508,0.028864944353699684,0.13234826922416687,0.0013157898792997003,1.0,77,-0.016021331772208214,-0.08762072026729584,0.0352785624563694,0.048185307532548904,0.09696324169635773,0.0009041504235938191,1.0,0.08783066272735596,-0.0653406772762537,0.13234826922416687,-0.12261269241571426,0.09696324169635773,-0.08762072026729584,1.0
1790268458.7560318,0.6392207145690918,17,0,24,-0.043610889464616776,-0.06234423443675041,0.037259191274642944,0.03134576976299286,0.08260505646467209,0.001610328326933086,1.0,24,-0.016516366973519325,-0.057343799620866776,0.09319666773080826,0.04477451741695404,0.10527943819761276,0.0021040220744907856,1.0,33,-0.11248131841421127,-0.11333858966827393,0.05473288148641586,0.04726705700159073,0.16582129895687103,0.0019454366993159056,1.0,77,-0.05953305587172508,-0.07304105162620544,0.05813174694776535,0.056751422584056854,0.105470672249794,0.0014761092606931925,1.0,0.09394224733114243,-0.059844017028808594,0.16582129895687103,-0.11333858966827393,0.105470672249794,-0.07304105162620544,1.0
1790268458.804057,0.6872458457946777,18,0,24,-0.061247508972883224,-0.013476054184138775,0.05276337265968323,0.025202274322509766,0.06916608661413193,0.0009148746612481773,1.0,24,-0.060624439269304276,-0.01071929931640625,0.04464191943407059,0.02828013338148594,0.07098302245140076,0.0020241946913301945,1.0,33,-0.09808303415775299,-0.03802813962101936,0.04295453429222107,0.029510170221328735,0.1109859049320221,0.0015881836879998446,1.0,77,-0.07350099086761475,-0.032203178852796555,0.05132708325982094,0.035035133361816406,0.0893113911151886,0.0010304322931915522,1.0,0.07007455453276634,-0.012097676750272512,0.1109859049320221,-0.03802813962101936,0.0893113911151886,-0.032203178852796555,1.0
1790268458.8559399,0.739128828048706,19,0,24,-0.042530059814453125,4.069010537932627e-05,0.02214669995009899,0.022375481203198433,0.04746810719370842,0.0011560784187167883,1.0,24,-0.06505584716796875,-0.0100555419921875,0.060903165489435196,0.039887070655822754,0.08211872726678848,0.001590694417245686,1.0,33,-0.04006773233413696,-0.006568677723407745,0.05223992466926575,0.014896377921104431,0.0584181509912014,0.0007525728433392942,1.0,77,-0.04489551857113838,-0.012571061961352825,0.036913078278303146,0.026238396763801575,0.0572507306933403,0.0008001752430573106,1.0,0.06479341723024845,-0.005007425943404087,0.0584181509912014,-0.006568677723407745,0.0572507306933403,-0.012571061961352825,1.0
1790268458.9038632,0.7870521545410156,20,0,24,-0.0308863315731287,0.022645950317382812,0.029299071058630943,0.022780731320381165,0.04999838396906853,0.0010194269707426429,1.0,24,-0.030694326385855675,0.0233942661434412,0.041004206985235214,0.04052431881427765,0.06043596938252449,0.002147159306332469,1.0,33,-0.006212176755070686,0.02818760648369789,0.04034838080406189,0.018330518156290054,0.04907146841287613,0.0009241497609764338,1.0,77,-0.02993794158101082,0.012538166716694832,0.030582722276449203,0.030617155134677887,0.049513183534145355,0.0008840513764880598,1.0,0.05521717667579651,0.023020108230412006,0.04907146841287613,0.02818760648369789,0.049513183534145355,0.012538166716694832,1.0
1790268458.9559374,0.8391263484954834,21,0,24,-0.0046710968017578125,0.03948720172047615,0.023578524589538574,0.015690499916672707,0.04665559530258179,0.000701394397765398,1.0,24,-0.0192591343075037,0.03295962139964104,0.03921838849782944,0.03588166460394859,0.05752776190638542,0.0012745587155222893,1.0,33,0.009341615252196789,0.07780779898166656,0.03499169647693634,0.030295563861727715,0.08735602349042892,0.0008284723735414445,1.0,77,-0.014625252224504948,0.03874444216489792,0.029010921716690063,0.048679471015930176,0.06214434280991554,0.0006415528478100896,1.0,0.052091678604483604,0.036223411560058594,0.08735602349042892,0.07780779898166656,0.06214434280991554,0.03874444216489792,1.0
1790268459.0080829,0.8912718296051025,22,0,24,-0.0019817352294921875,0.08898226171731949,0.04221387580037117,0.02987925335764885,0.09994745254516602,0.0014080870896577835,1.0,24,0.025081634521484375,0.07226308435201645,0.050631698220968246,0.043766576796770096,0.09391466528177261,0.0018032441148534417,1.0,33,0.06038226559758186,0.15641137957572937,0.04995427653193474,0.045760057866573334,0.17239733040332794,0.0022659592796117067,1.0,77,0.012729000300168991,0.08439774811267853,0.03315713629126549,0.07130926847457886,0.09454526007175446,0.0009691820596344769,1.0,0.09693105891346931,0.08062267303466797,0.17239733040332794,0.15641137957572937,0.09454526007175446,0.08439774811267853,1.0
1790268459.0560598,0.93924880027771,23,0,24,0.003757476806640625,0.10453605651855469,0.039159443229436874,0.03260605037212372,0.11110838502645493,0.0011345772072672844,1.0,24,0.04648081585764885,0.12383779138326645,0.07544354349374771,0.05476093292236328,0.14801937341690063,0.002917468547821045,1.0,33,0.04645191505551338,0.15759970247745514,0.037965092808008194,0.05115595832467079,0.16834282875061035,0.004797810222953558,1.0,77,0.021353386342525482,0.09147445857524872,0.03518170490860939,0.07455987483263016,0.10146335512399673,0.0013222177512943745,1.0,0.12956387922167778,0.11418692395091057,0.16834282875061035,0.15759970247745514,0.10146335512399673,0.09147445857524872,1.0
1790268459.1080933,0.9912822246551514,24,0,24,0.04238573834300041,0.08121490478515625,0.02247944474220276,0.015803685411810875,0.09328196197748184,0.0009814916411414742,1.0,24,0.04487864300608635,0.07958793640136719,0.03179779648780823,0.033408232033252716,0.09869164228439331,0.001859201118350029,1.0,33,0.04561406746506691,0.09542939066886902,0.03140160068869591,0.02920222282409668,0.11021912842988968,0.0011977020185440779,1.0,77,0.03157558664679527,0.05659405514597893,0.026572611182928085,0.04682464525103569,0.07243654131889343,0.0008271700353361666,1.0,0.09598680213093758,0.08040142059326172,0.11021912842988968,0.09542939066886902,0.07243654131889343,0.05659405514597893,1.0
1790268459.1560268,1.0392158031463623,25,0,24,0.029568353667855263,0.033535003662109375,0.019908081740140915,0.020922554656863213,0.0513530932366848,0.000710013962816447,1.0,24,0.061443328857421875,0.04212379455566406,0.054576147347688675,0.03473561257123947,0.09366870671510696,0.0018312920583412051,1.0,33,0.03934317082166672,0.04814240336418152,0.03244485333561897,0.017904188483953476,0.06810551136732101,0.001035603927448392,1.0,77,0.03933676332235336,0.03238489851355553,0.020459402352571487,0.027948159724473953,0.057141099125146866,0.0007874598377384245,1.0,0.07251089997589588,0.03782939910888672,0.06810551136732101,0.04814240336418152,0.057141099125146866,0.03238489851355553,1.0
1790268459.208057,1.0912458896636963,26,0,24,0.04908943176269531,0.015232722274959087,0.0161441657692194,0.016200939193367958,0.053887248039245605,0.0008709358517080545,1.0,24,0.0558726005256176,0.036510467529296875,0.061108026653528214,0.047334909439086914,0.09438765048980713,0.002616816433146596,1.0,33,0.04506567865610123,0.0243377685546875,0.04699365794658661,0.02546778880059719,0.06302104890346527,0.0010782706085592508,1.0,77,0.03535005822777748,0.01155962236225605,0.02807742729783058,0.030618133023381233,0.050584226846694946,0.0008412008173763752,1.0,0.07413744926452637,0.02587159490212798,0.06302104890346527,0.0243377685546875,0.050584226846694946,0.01155962236225605,1.0
1790268459.2600808,1.1432697772979736,27,0,24,0.03017425537109375,0.01029841136187315,0.03558914363384247,0.025461852550506592,0.04495196416974068,0.0009008562192320824,1.0,24,0.04413096234202385,0.015882492065429688,0.05072817951440811,0.04149787873029709,0.07021596282720566,0.0013782266760244966,1.0,33,0.01743062399327755,0.012698548845946789,0.030183598399162292,0.024041635915637016,0.037377744913101196,0.00042580912122502923,1.0,77,0.024299126118421555,0.005642383359372616,0.024711716920137405,0.023096533492207527,0.03721316158771515,0.0005905528669245541,1.0,0.05758396349847317,0.013090451713651419,0.037377744913101196,0.012698548845946789,0.03721316158771515,0.005642383359372616,1.0
1790268459.308068,1.1912569999694824,28,0,24,-0.0014025369891896844,0.000690460205078125,0.025350000709295273,0.010743125341832638,0.024275392293930054,0.0008457840303890407,1.0,24,0.03744252398610115,0.018364587798714638,0.05316827446222305,0.03222952038049698,0.060908909887075424,0.0013010408729314804,1.0,33,-0.018093686550855637,0.009176542982459068,0.024155650287866592,0.020570849999785423,0.0313321091234684,0.0006574352737516165,1.0,77,0.004800375550985336,0.0024651861749589443,0.030473390594124794,0.020200274884700775,0.03135020658373833,0.00062850012909621,1.0,0.04259215109050274,0.009527524001896381,0.0313321091234684,0.009176542982459068,0.03135020658373833,0.0024651861749589443,1.0
1790268459.3600128,1.243201732635498,29,0,24,-0.021335601806640625,0.0019677479285746813,0.04243370145559311,0.030591949820518494,0.04276895523071289,0.0012863879092037678,1.0,24,-0.0116335554048419,0.035719554871320724,0.05860457941889763,0.04553678631782532,0.06994769722223282,0.0022311611101031303,1.0,33,-0.0860137939453125,-0.014278065413236618,0.07522226870059967,0.03825341537594795,0.09541682153940201,0.0013298125704750419,1.0,77,-0.036243390291929245,-0.005849466659128666,0.06395220756530762,0.03380042687058449,0.06200094521045685,0.0007873703143559396,1.0,0.056358326226472855,0.018843651399947703,0.09541682153940201,-0.014278065413236618,0.06200094521045685,-0.005849466659128666,1.0
1790268459.4080665,1.2912554740905762,30,1,24,-0.053253173828125,-0.021106719970703125,0.041927676647901535,0.01760876178741455,0.06104079261422157,0.000866871268954128,1.0,24,-0.0386098213493824,0.028972625732421875,0.05098931863903999,0.03961949795484543,0.06609693914651871,0.002967577427625656,1.0,33,-0.11623590439558029,-0.02688552439212799,0.04740641266107559,0.03256717696785927,0.12412679195404053,0.0011252124095335603,1.0,77,-0.06511440873146057,-0.015449028462171555,0.06573399156332016,0.041894346475601196,0.08587341010570526,0.0007906534592621028,1.0,0.06356886588037014,0.003932952880859375,0.12412679195404053,-0.02688552439212799,0.08587341010570526,-0.015449028462171555,1.0
1790268459.4600642,1.3432531356811523,31,0,24,-0.07933298498392105,0.0020383198279887438,0.05124165862798691,0.016695328056812286,0.08134683221578598,0.0007415974396280944,1.0,24,-0.037911731749773026,0.020112356171011925,0.0432472862303257,0.03373848274350166,0.058422792702913284,0.0014339638873934746,1.0,33,-0.16491976380348206,-0.0057400790974497795,0.0468568354845047,0.030705668032169342,0.16823969781398773,0.0011576581746339798,1.0,77,-0.09292899817228317,-0.00690846610814333,0.07982973754405975,0.031229931861162186,0.10198456048965454,0.0007207647431641817,1.0,0.06988481245934963,0.011075337999500334,0.16823969781398773,-0.0057400790974497795,0.10198456048965454,-0.00690846610814333,1.0
1790268459.5081036,1.3912925720214844,32,0,24,-0.06159273907542229,0.009218215942382812,0.030648287385702133,0.015788758173584938,0.06505139172077179,0.0010942191584035754,1.0,24,-0.03070577047765255,0.019735971465706825,0.056468572467565536,0.043055593967437744,0.0669398158788681,0.002454872475937009,1.0,33,-0.13188448548316956,0.01719619333744049,0.05405653268098831,0.026830649003386497,0.13692450523376465,0.002279093721881509,1.0,77,-0.08234435319900513,0.010916771367192268,0.06671474128961563,0.03733723238110542,0.0965658500790596,0.0008887099102139473,1.0,0.06599560379981995,0.014477093704044819,0.13692450523376465,0.01719619333744049,0.0965658500790596,0.010916771367192268,1.0
1790268459.559877,1.443065881729126,33,0,24,-0.05051739886403084,0.013702392578125,0.02461949922144413,0.01694449596107006,0.05564498528838158,0.0010103589156642556,1.0,24,-0.04006703570485115,0.07751210778951645,0.07351534813642502,0.056000255048274994,0.1096000000834465,0.0030645551159977913,1.0,33,-0.14552538096904755,0.04734432324767113,0.04180104285478592,0.05058341100811958,0.15913058817386627,0.0018532915273681283,1.0,77,-0.07966712862253189,0.044727079570293427,0.07543620467185974,0.06249202415347099,0.11508302390575409,0.0010878522880375385,1.0,0.08262249268591404,0.045607250183820724,0.15913058817386627,0.04734432324767113,0.11508302390575409,0.044727079570293427,1.0
1790268459.61186,1.495048999786377,34,0,24,-0.07048860937356949,0.0365142822265625,0.04775170609354973,0.023548223078250885,0.08411649614572525,0.0012197507312521338,1.0,24,-0.021518707275390625,0.16259638965129852,0.08614911139011383,0.09791824221611023,0.18281064927577972,0.003918218892067671,1.0,33,-0.20531116425991058,0.09275170415639877,0.07352055609226227,0.04794899374246597,0.23170490562915802,0.0023721104953438044,1.0,77,-0.10527653247117996,0.11794845759868622,0.1386435478925705,0.1165969967842102,0.20233871042728424,0.0020446355920284986,1.0,0.1334635727107525,0.09955533593893051,0.23170490562915802,0.09275170415639877,0.20233871042728424,0.11794845759868622,1.0
1790268459.6600833,1.5432722568511963,35,0,24,-0.13198025524616241,0.1807740479707718,0.09906747937202454,0.08953672647476196,0.23423266410827637,0.004166221711784601,1.0,24,0.00038019815110601485,0.268170028924942,0.08450904488563538,0.09162461757659912,0.28171098232269287,0.007502914872020483,1.0,33,-0.25468769669532776,0.24208346009254456,0.12077639997005463,0.14679597318172455,0.36769261956214905,0.011293305084109306,1.0,77,-0.13811859488487244,0.21001186966896057,0.14240220189094543,0.15644346177577972,0.27988970279693604,0.00405540969222784,1.0,0.2579718232154846,0.2244720384478569,0.36769261956214905,0.24208346009254456,0.27988970279693604,0.21001186966896057,1.0
1790268459.7121465,1.5953354835510254,36,0,24,-0.16429837048053741,0.2911720275878906,0.06496155261993408,0.0650092139840126,0.3388667106628418,0.003917224705219269,1.0,24,0.0046564736403524876,0.24973106384277344,0.07962730526924133,0.08491256088018417,0.26181355118751526,0.007113419473171234,1.0,33,-0.23730745911598206,0.4056456685066223,0.2678103446960449,0.20569822192192078,0.49528583884239197,0.010460774414241314,1.0,77,-0.08557941019535065,0.24229252338409424,0.11533888429403305,0.16407886147499084,0.27834707498550415,0.003997280728071928,1.0,0.30034013092517853,0.27045154571533203,0.49528583884239197,0.4056456685066223,0.27834707498550415,0.24229252338409424,1.0
1790268459.7601418,1.6433308124542236,37,0,24,-0.09935315698385239,0.22684097290039062,0.045935824513435364,0.036324162036180496,0.2515430450439453,0.004744757432490587,1.0,24,0.02823384664952755,0.2454935759305954,0.09111401438713074,0.06385120749473572,0.2622157633304596,0.0037838108837604523,1.0,33,-0.08940309286117554,0.1658727526664734,0.08894980698823929,0.08705829828977585,0.21051867306232452,0.004150222055613995,1.0,77,-0.08347746729850769,0.1570620834827423,0.07994221895933151,0.08865304291248322,0.19457581639289856,0.00248944410122931,1.0,0.25687940418720245,0.236167274415493,0.21051867306232452,0.1658727526664734,0.19457581639289856,0.1570620834827423,1.0
1790268459.8119817,1.6951706409454346,38,0,24,-0.2319011688232422,0.13664372265338898,0.07254696637392044,0.04601416364312172,0.27311795949935913,0.0017778552137315273,1.0,24,-0.0926513671875,0.11997413635253906,0.08123011142015457,0.06248810142278671,0.16683949530124664,0.004738593939691782,1.0,33,-0.25994178652763367,-0.02339079976081848,0.16620659828186035,0.08650203049182892,0.28455331921577454,0.007501191459596157,1.0,77,-0.2124078869819641,0.0584346242249012,0.13353271782398224,0.07521835714578629,0.23792524635791779,0.0030317252967506647,1.0,0.2199787274003029,0.12830892950296402,0.28455331921577454,-0.02339079976081848,0.23792524635791779,0.0584346242249012,1.0
1790268459.8639152,1.7471041679382324,39,0,24,-0.3781166076660156,0.020493825897574425,0.14375682175159454,0.03937389701604843,0.38155612349510193,0.002959268866106868,1.0,24,-0.31691107153892517,0.05742581561207771,0.10936279594898224,0.08317657560110092,0.3325360417366028,0.005206210073083639,1.0,33,-0.6830832958221436,-0.44269445538520813,0.3224101662635803,0.2147863358259201,0.8612540364265442,0.021252725273370743,1.0,77,-0.4215046167373657,-0.11933562159538269,0.2824920117855072,0.22616925835609436,0.47540897130966187,0.006952780298888683,1.0,0.35704608261585236,0.03895982075482607,0.8612540364265442,-0.44269445538520813,0.47540897130966187,-0.11933562159538269,1.0
1790268459.912026,1.7952148914337158,40,0,24,-0.4121284484863281,-0.09782663732767105,0.10256563872098923,0.07078173756599426,0.4291628301143646,0.0036058134865015745,1.0,24,-0.43427276611328125,-0.08901723474264145,0.16535474359989166,0.08053833991289139,0.4541703760623932,0.007957386784255505,1.0,33,-0.5855005383491516,-0.34057340025901794,0.1368056833744049,0.0804680660367012,0.6826457381248474,0.011629280634224415,1.0,77,-0.3896526098251343,-0.1532125174999237,0.1896367073059082,0.15089213848114014,0.43197205662727356,0.0050850012339651585,1.0,0.4416666030883789,-0.09342193603515625,0.6826457381248474,-0.34057340025901794,0.43197205662727356,-0.1532125174999237,1.0
1790268459.9639454,1.8471343517303467,41,0,24,-0.38150468468666077,-0.2124277800321579,0.1155547946691513,0.08443538099527359,0.44218477606773376,0.0050516496412456036,1.0,24,-0.33976617455482483,-0.23997370898723602,0.15971630811691284,0.14660482108592987,0.4394749104976654,0.013348043896257877,1.0,33,-0.2862761616706848,-0.4823257029056549,0.25347480177879333,0.15025630593299866,0.6197667121887207,0.010568873956799507,1.0,77,-0.3000214695930481,-0.24847452342510223,0.15152737498283386,0.18557927012443542,0.4089805483818054,0.004509277176111937,1.0,0.4408298432826996,-0.22620074450969696,0.6197667121887207,-0.4823257029056549,0.4089805483818054,-0.24847452342510223,1.0
1790268460.011986,1.8951749801635742,42,0,24,-0.3193308413028717,-0.1440703123807907,0.055774614214897156,0.03610844165086746,0.35161009430885315,0.004232322797179222,1.0,24,-0.38996633887290955,-0.22497113049030304,0.12289836257696152,0.05908026546239853,0.45953449606895447,0.009097468107938766,1.0,33,-0.24325700104236603,-0.2539506256580353,0.06807567924261093,0.07607853412628174,0.35767877101898193,0.0050086067058146,1.0,77,-0.27974969148635864,-0.16440314054489136,0.10851407796144485,0.12144601345062256,0.3410642147064209,0.0033270595595240593,1.0,0.4055722951889038,-0.18452072143554688,0.35767877101898193,-0.2539506256580353,0.3410642147064209,-0.16440314054489136,1.0
1790268460.0638955,1.9470844268798828,43,0,24,-0.3084602355957031,0.06951713562011719,0.20687302947044373,0.23144808411598206,0.43172740936279297,0.01884368248283863,1.0,24,-0.6689249873161316,-0.048614501953125,0.2701968252658844,0.28033578395843506,0.7222245335578918,0.042079146951436996,1.0,33,-0.5114158987998962,-0.2839105725288391,0.10501701384782791,0.08636365085840225,0.5949068665504456,0.005413532722741365,1.0,77,-0.4433135986328125,-0.1087472066283226,0.1526222825050354,0.2200223207473755,0.5124607086181641,0.007789990399032831,1.0,0.5769759714603424,0.010451316833496094,0.5949068665504456,-0.2839105725288391,0.5124607086181641,-0.1087472066283226,1.0
1790268460.1159987,1.999187707901001,44,0,24,-0.7363675236701965,0.03406460955739021,0.36412501335144043,0.17859598994255066,0.7846220135688782,0.028146855533123016,1.0,24,-0.9726613163948059,-0.16579563915729523,0.33849766850471497,0.3368018865585327,1.0401053428649902,0.05190320685505867,1.0,33,-0.7996613383293152,-0.29093146324157715,0.19212190806865692,0.07560160756111145,0.8560378551483154,0.006803612224757671,1.0,77,-0.7585136294364929,-0.11411295086145401,0.3050132989883423,0.22805967926979065,0.8059282898902893,0.01332971639931202,1.0,0.9123636782169342,-0.06586551479995251,0.8560378551483154,-0.29093146324157715,0.8059282898902893,-0.11411295086145401,1.0
1790268460.1638472,2.0470361709594727,45,1,24,-1.5217431783676147,-0.22970454394817352,0.42070260643959045,0.28507891297340393,1.555655598640442,0.03583463653922081,1.0,24,-1.015790343284607,-0.3558921813964844,0.2622702419757843,0.39085569977760315,1.148100733757019,0.050289396196603775,1.0,33,-1.1891465187072754,-0.20448441803455353,0.151129350066185,0.11330047994852066,1.2119032144546509,0.0068270317278802395,1.0,77,-1.0485562086105347,-0.1829703152179718,0.45330843329429626,0.27803167700767517,1.095306634902954,0.01147031132131815,1.0,1.3518781661987305,-0.29279836267232895,1.2119032144546509,-0.20448441803455353,1.095306634902954,-0.1829703152179718,1.0
1790268460.2157853,2.0989742279052734,46,0,24,-1.2911313772201538,-0.23191578686237335,0.32320791482925415,0.30642473697662354,1.3395973443984985,0.026850750669836998,1.0,24,-0.9534683227539062,-0.35375532507896423,0.1959051638841629,0.3488664925098419,1.077036738395691,0.023052968084812164,1.0,33,-0.9238207340240479,-0.14316488802433014,0.11637400835752487,0.07952693849802017,0.9389390349388123,0.005743736866861582,1.0,77,-0.8703930377960205,-0.11768410354852676,0.3290416896343231,0.2806975245475769,0.9186359643936157,0.00956077128648758,1.0,1.2083170413970947,-0.2928355559706688,0.9389390349388123,-0.14316488802433014,0.9186359643936157,-0.11768410354852676,1.0
1790268460.2639549,2.147143840789795,47,0,24,-0.918045699596405,-0.14077122509479523,0.18626390397548676,0.1768667846918106,0.944229781627655,0.013606991618871689,1.0,24,-0.7722600102424622,-0.16291172802448273,0.12662826478481293,0.21402865648269653,0.8173790574073792,0.019826501607894897,1.0,33,-0.7260039448738098,-0.14746786653995514,0.13050858676433563,0.07998068630695343,0.7470865249633789,0.004345832392573357,1.0,77,-0.7278632521629333,-0.10458274930715561,0.13708746433258057,0.17178893089294434,0.7550750970840454,0.006454853340983391,1.0,0.8808044195175171,-0.15184147655963898,0.7470865249633789,-0.14746786653995514,0.7550750970840454,-0.10458274930715561,1.0
1790268460.3159652,2.1991541385650635,48,0,24,-1.01348876953125,0.09365908056497574,0.14823399484157562,0.07568629086017609,1.0202763080596924,0.006370022892951965,1.0,24,-0.9733695983886719,-0.057211559265851974,0.16234083473682404,0.10036058723926544,0.9808046221733093,0.011690936051309109,1.0,33,-0.9442614912986755,-0.06988294422626495,0.16073375940322876,0.09657566994428635,0.9526199102401733,0.005243699997663498,1.0,77,-0.9368504285812378,0.009828443638980389,0.18966536223888397,0.1548193246126175,0.9506731033325195,0.006213502027094364,1.0,1.0005404651165009,0.018223760649561882,0.9526199102401733,-0.06988294422626495,0.9506731033325195,0.009828443638980389,1.0
1790268460.3680868,2.2512757778167725,49,0,24,-1.5185928344726562,0.22238604724407196,0.17519120872020721,0.055128611624240875,1.5358072519302368,0.008028795942664146,1.0,24,-1.284441590309143,0.07328733056783676,0.15728919208049774,0.14931043982505798,1.2956527471542358,0.02572489343583584,1.0,33,-1.5231328010559082,-0.020013058558106422,0.12645037472248077,0.07835399359464645,1.525212049484253,0.0048054903745651245,1.0,77,-1.262357473373413,0.08978826552629471,0.35919103026390076,0.17516425251960754,1.2805767059326172,0.007941165938973427,1.0,1.4157299995422363,0.14783668890595436,1.525212049484253,-0.020013058558106422,1.2805767059326172,0.08978826552629471,1.0
1790268460.4160752,2.2992641925811768,50,0,24,-1.4739837646484375,0.27175775170326233,0.1482996940612793,0.06815205514431,1.500825047492981,0.00942829716950655,1.0,24,-1.5093587636947632,0.017737707123160362,0.24442070722579956,0.1281355768442154,1.5151715278625488,0.016374967992305756,1.0,33,-1.5267102718353271,0.07319548726081848,0.13850508630275726,0.09639226645231247,1.5313684940338135,0.004950410686433315,1.0,77,-1.2946622371673584,0.13054409623146057,0.38491082191467285,0.19139616191387177,1.3173258304595947,0.008134766481816769,1.0,1.507998287677765,0.14474772941321135,1.5313684940338135,0.07319548726081848,1.3173258304595947,0.13054409623146057,1.0
1790268460.4679916,2.3511805534362793,51,0,24,-1.1760953664779663,0.11830266565084457,0.13789904117584229,0.04229826107621193,1.1829584836959839,0.007589367683976889,1.0,24,-1.1669107675552368,-0.054320018738508224,0.15046340227127075,0.12215325236320496,1.1757382154464722,0.016502266749739647,1.0,33,-1.1735622882843018,-0.04736975580453873,0.16359363496303558,0.04304410517215729,1.1756056547164917,0.004833861719816923,1.0,77,-0.9695377349853516,0.014352179132401943,0.3195880055427551,0.1218140721321106,0.9798160791397095,0.0063768187537789345,1.0,1.179348349571228,0.031991323456168175,1.1756056547164917,-0.04736975580453873,0.9798160791397095,0.014352179132401943,1.0
1790268460.5160303,2.399219274520874,52,0,24,-0.5278193354606628,0.08102607727050781,0.07621699571609497,0.06408199667930603,0.537542998790741,0.002932903589680791,1.0,24,-0.6644744873046875,-0.030562719330191612,0.14375697076320648,0.09633059799671173,0.6721882224082947,0.015030515380203724,1.0,33,-0.31438329815864563,-0.049048684537410736,0.09934000670909882,0.05404837056994438,0.3236871659755707,0.0031270787585526705,1.0,77,-0.40170782804489136,-0.005333243869245052,0.13834337890148163,0.12977956235408783,0.42001238465309143,0.0035245849285274744,1.0,0.6048656105995178,0.0252316789701581,0.3236871659755707,-0.049048684537410736,0.42001238465309143,-0.005333243869245052,1.0
1790268460.5680628,2.451251745223999,53,0,24,-0.07797304540872574,0.029064178466796875,0.07034268975257874,0.03296397253870964,0.09211518615484238,0.0021657412871718407,1.0,24,-0.15484619140625,-0.102569580078125,0.10939514636993408,0.0605245977640152,0.20057666301727295,0.004994898568838835,1.0,33,0.03995213285088539,-0.09281828999519348,0.05937900021672249,0.0780072808265686,0.11896143108606339,0.0018820461118593812,1.0,77,-0.06965914368629456,-0.03617561608552933,0.14022193849086761,0.16275654733181,0.15956979990005493,0.003824312472715974,1.0,0.14634592458605766,-0.03675270080566406,0.11896143108606339,-0.09281828999519348,0.15956979990005493,-0.03617561608552933,1.0
1790268460.6201081,2.5032970905303955,54,0,24,0.33874639868736267,-0.06552950292825699,0.26231709122657776,0.08922630548477173,0.3536306917667389,0.004123089835047722,1.0,24,0.054279327392578125,-0.30104002356529236,0.16115745902061462,0.13118503987789154,0.3383117616176605,0.010908909142017365,1.0,33,1.0203001499176025,-0.5541728734970093,0.23692142963409424,0.20189471542835236,1.176201581954956,0.014500761404633522,1.0,77,0.48312634229660034,-0.2827497124671936,0.5344433188438416,0.3453758955001831,0.729948878288269,0.00834209006279707,1.0,0.3459712266921997,-0.18328476324677467,1.176201581954956,-0.5541728734970093,0.729948878288269,-0.2827497124671936,1.0
1790268460.6680386,2.551227569580078,55,0,24,0.6989917755126953,-0.28327688574790955,0.2595115303993225,0.16962943971157074,0.7603564262390137,0.010663669556379318,1.0,24,0.5222053527832031,-0.724761962890625,0.38180357217788696,0.22159531712532043,0.9369695782661438,0.030141426250338554,1.0,33,1.4194904565811157,-0.8914526700973511,0.15800833702087402,0.22961238026618958,1.6839663982391357,0.012930970638990402,1.0,77,0.7397879362106323,-0.4863314926624298,0.612989604473114,0.4711292088031769,1.0600448846817017,0.011453150771558285,1.0,0.8486630022525787,-0.5040194243192673,1.6839663982391357,-0.8914526700973511,1.0600448846817017,-0.4863314926624298,1.0
1790268460.7201161,2.6033051013946533,56,0,24,0.5991846919059753,-0.2184956818819046,0.17890788614749908,0.11126859486103058,0.6429340243339539,0.006400505546480417,1.0,24,0.2834676206111908,-0.45134735107421875,0.241018608212471,0.2072167694568634,0.5579800009727478,0.014499850571155548,1.0,33,0.911307156085968,-0.4659881591796875,0.1509300172328949,0.1259610950946808,1.0298198461532593,0.005843934137374163,1.0,77,0.5379915833473206,-0.2849249839782715,0.43621185421943665,0.3265974819660187,0.7432156205177307,0.00955432653427124,1.0,0.6004570126533508,-0.3349215164780617,1.0298198461532593,-0.4659881591796875,0.7432156205177307,-0.2849249839782715,1.0
1790268460.7680933,2.65128231048584,57,0,24,0.25891366600990295,-0.13278579711914062,0.11865422874689102,0.054795488715171814,0.3083559274673462,0.005289608612656593,1.0,24,0.28520330786705017,-0.19612948596477509,0.1332315057516098,0.1328372359275818,0.35362184047698975,0.013187968172132969,1.0,33,0.3734019994735718,-0.030804257839918137,0.09774487465620041,0.05628693848848343,0.3790179193019867,0.004434484988451004,1.0,77,0.22520604729652405,-0.06857398897409439,0.1733696013689041,0.13912731409072876,0.2941485643386841,0.0030740161892026663,1.0,0.33098888397216797,-0.16445764154195786,0.3790179193019867,-0.030804257839918137,0.2941485643386841,-0.06857398897409439,1.0
1790268460.8198206,2.703009605407715,58,0,24,0.027439117431640625,-0.057702381163835526,0.09413639456033707,0.05431315675377846,0.11902116984128952,0.004708014894276857,1.0,24,0.10073471069335938,-0.015399932861328125,0.07386499643325806,0.06449685245752335,0.1270938515663147,0.0028270811308175325,1.0,33,0.08406251668930054,0.07646502554416656,0.07045245170593262,0.024666210636496544,0.12610523402690887,0.0021241270005702972,1.0,77,0.006890829652547836,0.0070109181106090546,0.13345815241336823,0.07485172897577286,0.1176287904381752,0.0026023329701274633,1.0,0.12305751070380211,-0.036551157012581825,0.12610523402690887,0.07646502554416656,0.1176287904381752,0.0070109181106090546,1.0
1790268460.8717613,2.7549502849578857,59,0,24,-0.43269285559654236,-0.06639925390481949,0.28327685594558716,0.12523633241653442,0.45860782265663147,0.011531904339790344,1.0,24,-0.09181594848632812,0.03271293640136719,0.10441044718027115,0.07092022150754929,0.14240838587284088,0.0073924195021390915,1.0,33,-0.409454345703125,0.24691541492938995,0.17614036798477173,0.08429165184497833,0.4832695722579956,0.00556393014267087,1.0,77,-0.45179906487464905,0.15895971655845642,0.2416207492351532,0.20933470129966736,0.526676595211029,0.00510340416803956,1.0,0.3005081042647362,-0.01684315875172615,0.4832695722579956,0.24691541492938995,0.526676595211029,0.15895971655845642,1.0
1790268460.9197774,2.802966356277466,60,1,24,-1.1288496255874634,0.20347468554973602,0.37167561054229736,0.0964708924293518,1.1508426666259766,0.010700126178562641,1.0,24,-0.6855176091194153,0.17043621838092804,0.374642014503479,0.19719257950782776,0.7214622497558594,0.018435360863804817,1.0,33,-1.2325254678726196,0.4406890869140625,0.25479447841644287,0.09566926211118698,1.311813235282898,0.008454115130007267,1.0,77,-0.9972100257873535,0.3247627019882202,0.42069387435913086,0.21544910967350006,1.0939637422561646,0.009249044582247734,1.0,0.936152458190918,0.18695545196533203,1.311813235282898,0.4406890869140625,1.0939637422561646,0.3247627019882202,1.0
1790268460.9719753,2.8551642894744873,61,0,24,-1.0377559661865234,0.2874717712402344,0.16947750747203827,0.08472412079572678,1.0780141353607178,0.013246937654912472,1.0,24,-0.7941246032714844,0.10129865258932114,0.3304148316383362,0.18044622242450714,0.8270973563194275,0.01832854561507702,1.0,33,-1.0860536098480225,0.39448270201683044,0.12379423528909683,0.08285127580165863,1.1581761837005615,0.00806470774114132,1.0,77,-0.8245916962623596,0.23285645246505737,0.43858015537261963,0.22278034687042236,0.904534101486206,0.007072760723531246,1.0,0.9525557458400726,0.19438521191477776,1.1581761837005615,0.39448270201683044,0.904534101486206,0.23285645246505737,1.0
1790268461.0200756,2.9032645225524902,62,0,24,-0.3423239290714264,0.20964686572551727,0.13812851905822754,0.06714528799057007,0.4096914827823639,0.006538952235132456,1.0,24,-0.23149998486042023,0.07830810546875,0.12186817079782486,0.06808451563119888,0.25437113642692566,0.0048149507492780685,1.0,33,-0.28276756405830383,0.33267444372177124,0.13421447575092316,0.09849601984024048,0.44239068031311035,0.0085718659684062,1.0,77,-0.1848243623971939,0.21318510174751282,0.15227803587913513,0.1546088010072708,0.3156973123550415,0.0048265764489769936,1.0,0.3320313096046448,0.14397748559713364,0.44239068031311035,0.33267444372177124,0.3156973123550415,0.21318510174751282,1.0
1790268461.0720468,2.955235719680786,63,0,24,-0.11025682836771011,0.16485023498535156,0.06449577212333679,0.03172972425818443,0.20542801916599274,0.003444232977926731,1.0,24,-0.06400426477193832,0.08544985204935074,0.07871286571025848,0.056742433458566666,0.1305852085351944,0.002676917240023613,1.0,33,-0.12279487401247025,0.2561441957950592,0.08137838542461395,0.08686845004558563,0.28878310322761536,0.006507085170596838,1.0,77,-0.08542682230472565,0.16688458621501923,0.08015724271535873,0.14556486904621124,0.22092022001743317,0.0023439114447683096,1.0,0.16800661385059357,0.12515004351735115,0.28878310322761536,0.2561441957950592,0.22092022001743317,0.16688458621501923,1.0
1790268461.1240127,3.007201671600342,64,0,24,-0.314410537481308,0.09834098815917969,0.08025087416172028,0.02901052124798298,0.33094096183776855,0.0023830393329262733,1.0,24,-0.114776611328125,0.06737073510885239,0.07283321768045425,0.05845542624592781,0.14795134961605072,0.002337093697860837,1.0,33,-0.344573974609375,0.22379419207572937,0.12196195125579834,0.08211085945367813,0.4153045415878296,0.004363594111055136,1.0,77,-0.2991997003555298,0.13466158509254456,0.1805017739534378,0.16747184097766876,0.37928149104118347,0.003820688696578145,1.0,0.23944615572690964,0.08285586163401604,0.4153045415878296,0.22379419207572937,0.37928149104118347,0.13466158509254456,1.0
1790268461.1721146,3.0553035736083984,65,0,24,-0.7573859095573425,-0.009855270385742188,0.1972390115261078,0.07927277684211731,0.761803150177002,0.004867181647568941,1.0,24,-0.4291114807128906,0.09481430053710938,0.24248898029327393,0.08093593269586563,0.458910197019577,0.0050718896090984344,1.0,33,-1.0082675218582153,0.1853887438774109,0.2368035465478897,0.1080581545829773,1.0318742990493774,0.004796508699655533,1.0,77,-0.7254515886306763,0.09315312653779984,0.37418150901794434,0.18044885993003845,0.7789718508720398,0.0046319859102368355,1.0,0.6103566735982895,0.042479515075683594,1.0318742990493774,0.1853887438774109,0.7789718508720398,0.09315312653779984,1.0
1790268461.224074,3.1072628498077393,66,0,24,-0.9068253636360168,-0.10073217004537582,0.12406603991985321,0.08084605634212494,0.9165382981300354,0.004501590970903635,1.0,24,-0.6885897517204285,0.08536911010742188,0.23899303376674652,0.11329788714647293,0.7087814211845398,0.013667103834450245,1.0,33,-1.1068915128707886,0.12688839435577393,0.13968653976917267,0.07219767570495605,1.117241621017456,0.010267152450978756,1.0,77,-0.8230551481246948,0.017745178192853928,0.35425645112991333,0.19003762304782867,0.8612974882125854,0.004225998651236296,1.0,0.8126598596572876,-0.0076815299689769745,1.117241621017456,0.12688839435577393,0.8612974882125854,0.017745178192853928,1.0
1790268461.272361,3.155550003051758,67,0,24,-0.7025769352912903,-0.08491197973489761,0.08018810302019119,0.05760630965232849,0.7096176147460938,0.0028487134259194136,1.0,24,-0.5379549860954285,0.00033696493483148515,0.10236279666423798,0.1724269837141037,0.5666440725326538,0.01359511911869049,1.0,33,-0.7169272899627686,0.05704891309142113,0.16856390237808228,0.046203307807445526,0.7207326292991638,0.0029534425120800734,1.0,77,-0.6194501519203186,0.01195793692022562,0.2403140366077423,0.137118861079216,0.6430408954620361,0.003408348886296153,1.0,0.6381308436393738,-0.042287507400033064,0.7207326292991638,0.05704891309142113,0.6430408954620361,0.01195793692022562,1.0
1790268461.3241262,3.20731520652771,68,0,24,-0.5697014927864075,-0.1047770157456398,0.09418115764856339,0.031135937198996544,0.5803574919700623,0.002928928704932332,1.0,24,-0.4180107116699219,-0.07432492822408676,0.1351577490568161,0.08240529894828796,0.43239888548851013,0.0104572968557477,1.0,33,-0.47108691930770874,-0.0059994785115122795,0.08891554921865463,0.06693103164434433,0.47557225823402405,0.0030192453414201736,1.0,77,-0.5278647541999817,-0.026133550330996513,0.18106798827648163,0.15726767480373383,0.5569855570793152,0.003820516401901841,1.0,0.5063781887292862,-0.08955097198486328,0.47557225823402405,-0.0059994785115122795,0.5569855570793152,-0.026133550330996513,1.0
1790268461.376075,3.2592639923095703,69,0,24,-0.5448525547981262,-0.12199529260396957,0.0880543664097786,0.058273643255233765,0.5614550709724426,0.0024231737479567528,1.0,24,-0.3714942932128906,-0.16799862682819366,0.06154514104127884,0.06732159107923508,0.4122467041015625,0.006486948113888502,1.0,33,-0.29554423689842224,0.033362649381160736,0.07491862028837204,0.05554403364658356,0.3017241060733795,0.0018690600991249084,1.0,77,-0.4438422918319702,-0.019630134105682373,0.18055401742458344,0.13130614161491394,0.4652971923351288,0.004013947676867247,1.0,0.48685088753700256,-0.14499695971608162,0.3017241060733795,0.033362649381160736,0.4652971923351288,-0.019630134105682373,1.0
1790268461.4241168,3.3073058128356934,70,0,24,-0.5732415318489075,0.0036303203087300062,0.11192488670349121,0.041304249316453934,0.5749759674072266,0.0022803342435508966,1.0,24,-0.32379913330078125,-0.04188473895192146,0.07694240659475327,0.06985517591238022,0.3329937756061554,0.00817988533526659,1.0,33,-0.4052322804927826,0.18172292411327362,0.10165689140558243,0.07291565090417862,0.44567951560020447,0.003831700421869755,1.0,77,-0.5070456266403198,0.10727939009666443,0.19503264129161835,0.1312267780303955,0.5383131504058838,0.003943641670048237,1.0,0.453984871506691,-0.01912720932159573,0.44567951560020447,0.18172292411327362,0.5383131504058838,0.10727939009666443,1.0
1790268461.4758003,3.3589892387390137,71,0,24,-0.5737412571907043,0.10890261083841324,0.11500510573387146,0.0713006854057312,0.5874564051628113,0.0030230889096856117,1.0,24,-0.37640127539634705,0.07607650756835938,0.07367395609617233,0.08962410688400269,0.3934740126132965,0.008364805020391941,1.0,33,-0.5555119514465332,0.4160817563533783,0.13534921407699585,0.11310036480426788,0.6975131630897522,0.011761982925236225,1.0,77,-0.5472643971443176,0.2422877699136734,0.18009519577026367,0.20356428623199463,0.6270415782928467,0.004902102518826723,1.0,0.4904652088880539,0.0924895592033863,0.6975131630897522,0.4160817563533783,0.6270415782928467,0.2422877699136734,1.0
1790268461.523847,3.407036066055298,72,0,24,-0.6779212951660156,0.3897972106933594,0.14886651933193207,0.14190934598445892,0.7958666682243347,0.006160843651741743,1.0,24,-0.48541513085365295,0.2781333923339844,0.17480605840682983,0.14961494505405426,0.5656164288520813,0.010302009992301464,1.0,33,-0.6586484313011169,0.7244248986244202,0.14865641295909882,0.15296728909015656,0.9813433289527893,0.006608917843550444,1.0,77,-0.5787369608879089,0.43991267681121826,0.19621548056602478,0.2765510678291321,0.7638989686965942,0.005988636519759893,1.0,0.680741548538208,0.3339653015136719,0.9813433289527893,0.7244248986244202,0.7638989686965942,0.43991267681121826,1.0
1790268461.57603,3.459218978881836,73,0,24,-0.1648896485567093,1.1720937490463257,0.45054560899734497,0.5996237397193909,1.2985323667526245,0.06618794053792953,1.0,24,-0.7267532348632812,0.8128764033317566,0.4658890962600708,0.7045918703079224,1.1287473440170288,0.07802044600248337,1.0,33,-0.4825938940048218,0.8957338929176331,0.094975546002388,0.1410548835992813,1.0208563804626465,0.007642972748726606,1.0,77,-0.45151451230049133,0.7128192782402039,0.2220587432384491,0.5611096024513245,0.9064359068870544,0.012706400826573372,1.0,1.2136398553848267,0.9924850761890411,1.0208563804626465,0.8957338929176331,0.9064359068870544,0.7128192782402039,1.0
1790268461.6282136,3.5114026069641113,74,0,24,-0.5479030609130859,0.8990008234977722,0.1855296939611435,0.24904291331768036,1.073102593421936,0.023928916081786156,1.0,24,-0.3825111389160156,0.615250289440155,0.15155434608459473,0.28801020979881287,0.7422751784324646,0.02315513603389263,1.0,33,-0.4596765637397766,1.0316221714019775,0.12544994056224823,0.11636842042207718,1.133500576019287,0.007835570722818375,1.0,77,-0.4018322825431824,0.7083686590194702,0.21873508393764496,0.39050835371017456,0.8489953279495239,0.008073083125054836,1.0,0.9076888859272003,0.7571255564689636,1.133500576019287,1.0316221714019775,0.8489953279495239,0.7083686590194702,1.0
1790268461.6760287,3.559217691421509,75,1,24,-0.3147493898868561,0.5128707885742188,0.10263745486736298,0.07021907716989517,0.6113654971122742,0.00918786320835352,1.0,24,-0.21123504638671875,0.4241218566894531,0.12696686387062073,0.11808274686336517,0.48489248752593994,0.013914541341364384,1.0,33,-0.20823808014392853,0.6342648863792419,0.10456674546003342,0.08910026401281357,0.6756774187088013,0.007932579144835472,1.0,77,-0.23850755393505096,0.42779937386512756,0.12704899907112122,0.23184314370155334,0.5183672308921814,0.004368491005152464,1.0,0.5481289923191071,0.46849632263183594,0.6756774187088013,0.6342648863792419,0.5183672308921814,0.42779937386512756,1.0
1790268461.728094,3.61128306388855,76,0,24,-0.18063099682331085,0.3183867037296295,0.0544900968670845,0.040995802730321884,0.3681659698486328,0.0035619803238660097,1.0,24,-0.16422398388385773,0.33650779724121094,0.09411562979221344,0.07547002285718918,0.3823671340942383,0.011060100048780441,1.0,33,-0.20402850210666656,0.4560736417770386,0.053605519235134125,0.05740518122911453,0.5017666220664978,0.005999104585498571,1.0,77,-0.1758914291858673,0.288771390914917,0.08855672180652618,0.15672548115253448,0.35421398282051086,0.003853066824376583,1.0,0.37526655197143555,0.3274472504854202,0.5017666220664978,0.4560736417770386,0.35421398282051086,0.288771390914917,1.0
1790268461.776012,3.65920090675354,77,0,24,-0.18082046508789062,0.24477703869342804,0.05689333379268646,0.05416958034038544,0.30846598744392395,0.0027761664241552353,1.0,24,-0.1428782194852829,0.2689870297908783,0.08803065121173859,0.06735337525606155,0.3148656189441681,0.0055548264645040035,1.0,33,-0.18320441246032715,0.3608412444591522,0.06083725765347481,0.07738186419010162,0.406827837228775,0.006127011962234974,1.0,77,-0.17877593636512756,0.23383282124996185,0.0834956169128418,0.1306067407131195,0.30571532249450684,0.003567013656720519,1.0,0.311665803194046,0.25688203424215317,0.406827837228775,0.3608412444591522,0.30571532249450684,0.23383282124996185,1.0
1790268461.8280773,3.711266279220581,78,0,24,-0.29037728905677795,0.3052387237548828,0.07132413238286972,0.049143578857183456,0.424985408782959,0.0037699516396969557,1.0,24,-0.17865116894245148,0.28086599707603455,0.08774177730083466,0.08202662318944931,0.3407609760761261,0.004717694129794836,1.0,33,-0.20667196810245514,0.292662650346756,0.08619896322488785,0.06517912447452545,0.3630651533603668,0.004299466032534838,1.0,77,-0.21953552961349487,0.2256394475698471,0.10997921973466873,0.11658014357089996,0.33139798045158386,0.0026386079844087362,1.0,0.38287319242954254,0.2930523604154587,0.3630651533603668,0.292662650346756,0.33139798045158386,0.2256394475698471,1.0
1790268461.8802567,3.7634456157684326,79,0,24,-0.3515828549861908,0.24217987060546875,0.09267958253622055,0.04644975811243057,0.4300292730331421,0.00236220913939178,1.0,24,-0.2554969787597656,0.23873646557331085,0.08450189232826233,0.07566478848457336,0.3533188998699188,0.005476944148540497,1.0,33,-0.4202612638473511,0.2966364026069641,0.0882599726319313,0.061489127576351166,0.5164361596107483,0.004365705419331789,1.0,77,-0.33407849073410034,0.1928374022245407,0.15905913710594177,0.14767390489578247,0.40204980969429016,0.0035212605725973845,1.0,0.39167408645153046,0.2404581680893898,0.5164361596107483,0.2966364026069641,0.40204980969429016,0.1928374022245407,1.0
1790268461.9281592,3.8113481998443604,80,0,24,-0.3954334259033203,0.206787109375,0.08684991300106049,0.03257227689027786,0.4503439962863922,0.002269616350531578,1.0,24,-0.37458673119544983,0.20763587951660156,0.08990497142076492,0.06374917179346085,0.43347564339637756,0.006372366100549698,1.0,33,-0.42596668004989624,0.17432843148708344,0.12355048209428787,0.04671350494027138,0.46376949548721313,0.002477118279784918,1.0,77,-0.34253010153770447,0.12582872807979584,0.18809661269187927,0.09434086829423904,0.3788818120956421,0.003158301580697298,1.0,0.4419098198413849,0.20721149444580078,0.46376949548721313,0.17432843148708344,0.3788818120956421,0.12582872807979584,1.0
1790268461.980074,3.863262891769409,81,0,24,-0.34470176696777344,0.1783854216337204,0.08473163843154907,0.04931120574474335,0.3899100720882416,0.0023524302523583174,1.0,24,-0.39237213134765625,0.1707579344511032,0.10920750349760056,0.051970530301332474,0.43042173981666565,0.005448652431368828,1.0,33,-0.5013478398323059,0.1785888671875,0.08398275822401047,0.06744404882192612,0.5372869372367859,0.003158090403303504,1.0,77,-0.34206897020339966,0.11316235363483429,0.19577306509017944,0.11106541752815247,0.3753666281700134,0.0024327225983142853,1.0,0.4101659059524536,0.1745716780424118,0.5372869372367859,0.1785888671875,0.3753666281700134,0.11316235363483429,1.0
1790268462.028185,3.9113738536834717,82,0,24,-0.39295196533203125,0.18577194213867188,0.07731838524341583,0.023530984297394753,0.43585896492004395,0.0031653831247240305,1.0,24,-0.36764398217201233,0.2234649658203125,0.06931422650814056,0.07876169681549072,0.43710026144981384,0.0055592856369912624,1.0,33,-0.5305448770523071,0.18453840911388397,0.07924318313598633,0.08843551576137543,0.5660398006439209,0.0028692346531897783,1.0,77,-0.36152687668800354,0.13232164084911346,0.1797092854976654,0.1036623939871788,0.3974563181400299,0.002514421474188566,1.0,0.4364796131849289,0.2046184539794922,0.5660398006439209,0.18453840911388397,0.3974563181400299,0.13232164084911346,1.0
1790268462.0797822,3.9629712104797363,83,0,24,-0.41238656640052795,0.2843290865421295,0.10292977839708328,0.04081143066287041,0.5027596950531006,0.0032698307186365128,1.0,24,-0.41041436791419983,0.23582713305950165,0.110892653465271,0.07984722405672073,0.480162650346756,0.006715543568134308,1.0,33,-0.4733331799507141,0.26199015974998474,0.11965678632259369,0.061939775943756104,0.5436378717422485,0.004211525432765484,1.0,77,-0.3344855308532715,0.18306365609169006,0.16494062542915344,0.11954470723867416,0.39049088954925537,0.0035055307671427727,1.0,0.4914611726999283,0.2600781098008156,0.5436378717422485,0.26199015974998474,0.39049088954925537,0.18306365609169006,1.0
1790268462.131843,4.015032052993774,84,0,24,-0.2781423032283783,0.20447349548339844,0.05950252339243889,0.03267384693026543,0.34708836674690247,0.0033132999669760466,1.0,24,-0.30533599853515625,0.24205653369426727,0.0879063829779625,0.061148401349782944,0.3924105167388916,0.008554025553166866,1.0,33,-0.2929030954837799,0.19132903218269348,0.08534052968025208,0.06010913848876953,0.35120904445648193,0.0036924039013683796,1.0,77,-0.24358715116977692,0.153656005859375,0.09969266504049301,0.0842190682888031,0.2945781946182251,0.002431981498375535,1.0,0.36974944174289703,0.22326501458883286,0.35120904445648193,0.19132903218269348,0.2945781946182251,0.153656005859375,1.0
1790268462.179754,4.062942981719971,85,0,24,-0.1824696809053421,0.13974635303020477,0.04436274617910385,0.03308400511741638,0.23165278136730194,0.002055167919024825,1.0,24,-0.21987152099609375,0.141845703125,0.07737302035093307,0.05128553882241249,0.2641116976737976,0.007089573424309492,1.0,33,-0.23006322979927063,0.08294908702373505,0.04680173844099045,0.03831976652145386,0.24721677601337433,0.0022881568875163794,1.0,77,-0.1892525851726532,0.07072508335113525,0.07756016403436661,0.06979813426733017,0.21276843547821045,0.002365646418184042,1.0,0.24788223952054977,0.1407960280776024,0.24721677601337433,0.08294908702373505,0.21276843547821045,0.07072508335113525,1.0
1790268462.2320168,4.115205764770508,86,0,24,-0.18599891662597656,0.07406298071146011,0.028547652065753937,0.03337294980883598,0.20260806381702423,0.0013318606652319431,1.0,24,-0.23350906372070312,0.06689453125,0.09754059463739395,0.08141489326953888,0.25580084323883057,0.007262965198606253,1.0,33,-0.2630522847175598,0.022372622042894363,0.06283090263605118,0.038473811000585556,0.2661525011062622,0.0019479066831991076,1.0,77,-0.20323656499385834,0.020608283579349518,0.0777040645480156,0.05349702760577202,0.21263132989406586,0.0016148287104442716,1.0,0.2292044535279274,0.07047875598073006,0.2661525011062622,0.022372622042894363,0.21263132989406586,0.020608283579349518,1.0
1790268462.2801294,4.163318395614624,87,0,24,-0.320648193359375,0.08048883825540543,0.0696871280670166,0.023848757147789,0.33186841011047363,0.0015693664317950606,1.0,24,-0.2932319641113281,0.10222498327493668,0.0910872295498848,0.06369379162788391,0.3189838230609894,0.004517225082963705,1.0,33,-0.3392532765865326,0.0390828438103199,0.04365126043558121,0.0256387647241354,0.3423369526863098,0.001656302367337048,1.0,77,-0.2922753691673279,0.036685895174741745,0.10304892063140869,0.05563480779528618,0.30090054869651794,0.002663922728970647,1.0,0.3254261165857315,0.09135691076517105,0.3423369526863098,0.0390828438103199,0.30090054869651794,0.036685895174741745,1.0
1790268462.3320928,4.21528172492981,88,0,24,-0.28463873267173767,0.09012667089700699,0.052211083471775055,0.02719682641327381,0.2991422712802887,0.00214526173658669,1.0,24,-0.28371939063072205,0.07999610900878906,0.07989086210727692,0.10352231562137604,0.3078139126300812,0.006938116624951363,1.0,33,-0.34643879532814026,0.043662793934345245,0.0628010630607605,0.026376953348517418,0.3499673008918762,0.001629417180083692,1.0,77,-0.28934985399246216,0.05208280310034752,0.12871266901493073,0.058196354657411575,0.300598680973053,0.0018481854349374771,1.0,0.30347809195518494,0.08506138995289803,0.3499673008918762,0.043662793934345245,0.300598680973053,0.05208280310034752,1.0
1790268462.3840144,4.267203330993652,89,0,24,-0.2865988314151764,0.08870760351419449,0.08759823441505432,0.030209625139832497,0.30127719044685364,0.0017351554706692696,1.0,24,-0.2541313171386719,0.05343945696949959,0.0402555949985981,0.07226284593343735,0.2697923481464386,0.007068701088428497,1.0,33,-0.2551630139350891,0.04253549128770828,0.062011025846004486,0.028084656223654747,0.26018673181533813,0.0015995559515431523,1.0,77,-0.1979588121175766,0.041368164122104645,0.08877433091402054,0.06285876035690308,0.2119012027978897,0.0014900420792400837,1.0,0.2855347692966461,0.07107353024184704,0.26018673181533813,0.04253549128770828,0.2119012027978897,0.041368164122104645,1.0
1790268462.431995,4.315183877944946,90,1,24,-0.08872095495462418,0.022727331146597862,0.03973876312375069,0.03394727036356926,0.09567800164222717,0.0008808989077806473,1.0,24,-0.12828700244426727,0.010342280380427837,0.08386246114969254,0.06819113343954086,0.14987732470035553,0.0022785619366914034,1.0,33,-0.13592806458473206,-0.005296649411320686,0.045421019196510315,0.026978496462106705,0.13924680650234222,0.0018398930551484227,1.0,77,-0.07616078108549118,0.0052626971155405045,0.05119992792606354,0.027610918506979942,0.08212751895189285,0.0010322961024940014,1.0,0.12277766317129135,0.01653480576351285,0.13924680650234222,-0.005296649411320686,0.08212751895189285,0.0052626971155405045,1.0
1790268462.484072,4.367260932922363,91,0,24,-0.020444869995117188,-0.008897781372070312,0.06800751388072968,0.04797758534550667,0.07194913923740387,0.0019036749145016074,1.0,24,-0.02225748635828495,0.013805389404296875,0.032973553985357285,0.034988969564437866,0.04624184966087341,0.0014442388201132417,1.0,33,-0.04715381935238838,0.002149177249521017,0.03453955426812172,0.02030469849705696,0.05320235714316368,0.0009094623383134604,1.0,77,0.0005837972857989371,-0.003503180108964443,0.04336336627602577,0.05190497264266014,0.049343209713697433,0.0009748576558195055,1.0,0.05909549444913864,0.0024538040161132812,0.05320235714316368,0.002149177249521017,0.049343209713697433,-0.003503180108964443,1.0
1790268462.532102,4.41529107093811,92,0,24,0.08325322717428207,-0.010952631942927837,0.11350422352552414,0.05126829445362091,0.11356532573699951,0.0015135779976844788,1.0,24,0.054589588195085526,0.0394846610724926,0.07179605960845947,0.05637017637491226,0.1013311967253685,0.0031011977698653936,1.0,33,0.023044008761644363,0.026048602536320686,0.01907072775065899,0.021755460649728775,0.04229426756501198,0.0007974745240062475,1.0,77,0.0903538316488266,0.008315049111843109,0.09305524080991745,0.06624495983123779,0.10726270824670792,0.002388707362115383,1.0,0.107448261231184,0.014266014564782381,0.04229426756501198,0.026048602536320686,0.10726270824670792,0.008315049111843109,1.0
1790268462.5840101,4.467199087142944,93,0,24,0.10344632714986801,0.008274714462459087,0.0591706708073616,0.031230026856064796,0.11043307930231094,0.0016791016096249223,1.0,24,0.10228347778320312,0.05591583251953125,0.10327258706092834,0.06438818573951721,0.14620409905910492,0.005180976819247007,1.0,33,0.08072500675916672,0.036002419888973236,0.06729907542467117,0.030119026079773903,0.0995364710688591,0.0011834516189992428,1.0,77,0.14044605195522308,0.0300619937479496,0.09825113415718079,0.10021278262138367,0.16506369411945343,0.0022345208562910557,1.0,0.12831858918070793,0.03209527349099517,0.0995364710688591,0.036002419888973236,0.16506369411945343,0.0300619937479496,1.0
1790268462.6360335,4.5192224979400635,94,0,24,0.10349655151367188,-0.01605733297765255,0.06139172241091728,0.021798744797706604,0.10673292726278305,0.0016818242147564888,1.0,24,0.0373586006462574,-0.00420824671164155,0.031734418123960495,0.048768479377031326,0.05808596685528755,0.0031290759798139334,1.0,33,0.07579780369997025,-0.034271240234375,0.03711142763495445,0.0211435966193676,0.08530972898006439,0.0010236661182716489,1.0,77,0.13697576522827148,-0.03348571062088013,0.1018776074051857,0.042146019637584686,0.14675593376159668,0.0018160995095968246,1.0,0.0824094470590353,-0.01013278984464705,0.08530972898006439,-0.034271240234375,0.14675593376159668,-0.03348571062088013,1.0
1790268462.6840286,4.567217588424683,95,0,24,0.06581179052591324,-0.033445995301008224,0.048201873898506165,0.029792122542858124,0.08999966830015182,0.0010732206283137202,1.0,24,-0.01057561207562685,-0.07038053125143051,0.04696067050099373,0.0370868444442749,0.08797872066497803,0.0037913869600743055,1.0,33,0.05031192675232887,-0.1253921091556549,0.038283657282590866,0.045529499650001526,0.13943162560462952,0.0016316593391820788,1.0,77,0.09850618243217468,-0.07471673935651779,0.08266705274581909,0.07209519296884537,0.149903804063797,0.0026152196805924177,1.0,0.08898919448256493,-0.05191326327621937,0.13943162560462952,-0.1253921091556549,0.149903804063797,-0.07471673935651779,1.0
1790268462.735892,4.619081020355225,96,0,24,0.6938387751579285,0.5794417262077332,0.7947720885276794,0.8508599400520325,0.9631059765815735,0.11897104233503342,1.0,23,-0.11478457599878311,0.09080306440591812,0.4740261733531952,0.6023058891296387,0.4155411124229431,0.11081161350011826,0.9583333333333334,33,0.062096334993839264,-0.18204474449157715,0.06594161689281464,0.08597328513860703,0.20176678895950317,0.00225358665920794,1.0,77,0.24016878008842468,0.07446368038654327,0.4935387670993805,0.5656733512878418,0.3866609036922455,0.032562170177698135,1.0,0.6893235445022583,0.33512239530682564,0.20176678895950317,-0.18204474449157715,0.3866609036922455,0.07446368038654327,0.9895833333333334
1790268462.7838206,4.667009592056274,97,0,24,0.14006614685058594,0.00579516077414155,0.1560588926076889,0.06608470529317856,0.16851334273815155,0.009953819215297699,1.0,23,-0.07993482798337936,-0.13273553550243378,0.06924042850732803,0.06612206250429153,0.17252039909362793,0.0046453652903437614,1.0,33,0.13664661347866058,-0.07003044337034225,0.13490162789821625,0.05473973602056503,0.17682182788848877,0.001977259526029229,1.0,77,0.13757601380348206,-0.030485672876238823,0.16085852682590485,0.09136716276407242,0.19355061650276184,0.004718074109405279,1.0,0.17051687091588974,-0.06347018736414611,0.17682182788848877,-0.07003044337034225,0.19355061650276184,-0.030485672876238823,1.0
1790268462.8356984,4.7188873291015625,98,0,24,-0.25467491149902344,-0.41380247473716736,0.4178069233894348,0.5467454195022583,0.5661916732788086,0.062135737389326096,1.0,23,0.07745361328125,-0.28791674971580505,0.2876526713371277,0.41548073291778564,0.32830601930618286,0.07514392584562302,1.0,33,0.2953338623046875,0.004003813955932856,0.17645660042762756,0.07640308886766434,0.3044884204864502,0.0019247186137363315,1.0,77,0.11848311126232147,-0.1304243952035904,0.3458651602268219,0.38638442754745483,0.371828556060791,0.01667923666536808,1.0,0.4472488462924957,-0.3508596122264862,0.3044884204864502,0.004003813955932856,0.371828556060791,-0.1304243952035904,1.0
1790268462.8877642,4.770953178405762,99,0,24,-0.18389511108398438,-0.3558807373046875,0.3890002965927124,0.37794116139411926,0.5058140754699707,0.044787924736738205,1.0,23,0.15742425620555878,-0.2712302803993225,0.24411959946155548,0.3964950442314148,0.3344622850418091,0.05149102210998535,1.0,33,0.34551170468330383,-0.017687248066067696,0.10743742436170578,0.05770348384976387,0.3519132137298584,0.002201537834480405,1.0,77,0.20220808684825897,-0.09543024748563766,0.2479453831911087,0.254954069852829,0.34029632806777954,0.010883529670536518,1.0,0.4201381802558899,-0.313555508852005,0.3519132137298584,-0.017687248066067696,0.34029632806777954,-0.09543024748563766,1.0
1790268462.9361105,4.8192994594573975,100,0,24,0.11449050903320312,-0.24120967090129852,0.18137188255786896,0.23028816282749176,0.3480719029903412,0.018750237300992012,1.0,23,0.1792323887348175,-0.24342013895511627,0.15406978130340576,0.22144609689712524,0.32737109065055847,0.024905573576688766,1.0,33,0.3358010947704315,-0.08569705486297607,0.06943196803331375,0.048460133373737335,0.350504070520401,0.0024591765832155943,1.0,77,0.26405155658721924,-0.10925689339637756,0.1435672789812088,0.1615004539489746,0.32823291420936584,0.00457522040233016,1.0,0.33772149682044983,-0.2423149049282074,0.350504070520401,-0.08569705486297607,0.32823291420936584,-0.10925689339637756,1.0
1790268462.9879444,4.871133327484131,101,0,24,0.1298402100801468,-0.12014452368021011,0.08083206415176392,0.09075579047203064,0.20297925174236298,0.005584329832345247,1.0,23,0.14386384189128876,-0.08790919929742813,0.0623803436756134,0.12183923274278641,0.19193972647190094,0.005638233385980129,1.0,33,0.238341823220253,-0.01760771870613098,0.041932057589292526,0.02025602012872696,0.23995520174503326,0.0015208516269922256,1.0,77,0.1889071762561798,-0.04378638416528702,0.07879973202943802,0.06913825869560242,0.20697371661663055,0.0015255216276273131,1.0,0.19745948910713196,-0.10402686148881912,0.23995520174503326,-0.01760771870613098,0.20697371661663055,-0.04378638416528702,1.0
1790268463.036209,4.919398069381714,102,0,24,0.10979524999856949,-0.09419822692871094,0.09860443323850632,0.04581942409276962,0.17124955356121063,0.002554998965933919,1.0,23,0.12992659211158752,-0.06095222756266594,0.06039827689528465,0.04635363444685936,0.14927920699119568,0.0040988014079630375,1.0,33,0.15952832996845245,-0.039832375943660736,0.03454280644655228,0.025280125439167023,0.16604460775852203,0.001152117969468236,1.0,77,0.12396438419818878,-0.05924433097243309,0.06329432874917984,0.04272797331213951,0.14851535856723785,0.0020578873809427023,1.0,0.16026438027620316,-0.07757522724568844,0.16604460775852203,-0.039832375943660736,0.14851535856723785,-0.05924433097243309,1.0
1790268463.0880697,4.971258640289307,103,0,24,0.06642532348632812,-0.18238131701946259,0.11849849671125412,0.12290657311677933,0.23410578072071075,0.006106819491833448,1.0,23,0.12268862873315811,-0.145818293094635,0.11757497489452362,0.14931043982505798,0.20108579099178314,0.006580352317541838,1.0,33,0.15112628042697906,-0.10709774494171143,0.049748022109270096,0.02603771537542343,0.18795865774154663,0.001806126907467842,1.0,77,0.13425534963607788,-0.10773557424545288,0.07011185586452484,0.10076949000358582,0.18377545475959778,0.0023837287444621325,1.0,0.21759578585624695,-0.1640998050570488,0.18795865774154663,-0.10709774494171143,0.18377545475959778,-0.10773557424545288,1.0
1790268463.140183,5.023371934890747,104,0,24,0.12111219018697739,-0.27098146080970764,0.15602734684944153,0.16650930047035217,0.34645238518714905,0.005800225306302309,1.0,23,0.17754198610782623,-0.15535305440425873,0.09748794138431549,0.13425754010677338,0.2519386410713196,0.004632489290088415,1.0,33,0.2560073435306549,-0.22020697593688965,0.04694392532110214,0.06246889382600784,0.3403632938861847,0.0031613288447260857,1.0,77,0.19495481252670288,-0.17258641123771667,0.11451229453086853,0.1418825089931488,0.2807175815105438,0.002751419320702553,1.0,0.2991955131292343,-0.21316725760698318,0.3403632938861847,-0.22020697593688965,0.2807175815105438,-0.17258641123771667,1.0
1790268463.1881418,5.071330785751343,105,1,24,0.2940330505371094,-0.20050811767578125,0.06515548378229141,0.04284963384270668,0.35814860463142395,0.0022054610308259726,1.0,23,0.18623684346675873,-0.10065626353025436,0.10968029499053955,0.07634016871452332,0.22079642117023468,0.005338919814676046,1.0,33,0.36943238973617554,-0.22727040946483612,0.07448305934667587,0.04690426588058472,0.4374012053012848,0.004557001870125532,1.0,77,0.2581908106803894,-0.14147572219371796,0.14899131655693054,0.09867504984140396,0.3086925148963928,0.0028322783764451742,1.0,0.2894725129008293,-0.1505821906030178,0.4374012053012848,-0.22727040946483612,0.3086925148963928,-0.14147572219371796,1.0
1790268463.240093,5.123281955718994,106,0,24,0.33867835998535156,-0.15947723388671875,0.11956031620502472,0.04954110458493233,0.3766420781612396,0.0029364724177867174,1.0,23,0.22683185338974,-0.12314838171005249,0.10245900601148605,0.05405942723155022,0.2639467120170593,0.004736595321446657,1.0,33,0.42669445276260376,-0.19894501566886902,0.0812062919139862,0.04682108759880066,0.47308966517448425,0.003211622592061758,1.0,77,0.29488223791122437,-0.12498057633638382,0.18284767866134644,0.10320699214935303,0.34155362844467163,0.0026836686301976442,1.0,0.3202943950891495,-0.14131280779838562,0.47308966517448425,-0.19894501566886902,0.34155362844467163,-0.12498057633638382,1.0
1790268463.2883294,5.171518325805664,107,0,24,0.34021058678627014,-0.15056483447551727,0.07857795804738998,0.04007836803793907,0.372906893491745,0.0025315897073596716,1.0,23,0.24576999247074127,-0.09957487881183624,0.1019054427742958,0.05439545586705208,0.2693939805030823,0.006187634076923132,1.0,33,0.4618178904056549,-0.14299196004867554,0.11023534089326859,0.08549537509679794,0.48928341269493103,0.003734314814209938,1.0,77,0.30073171854019165,-0.10609931498765945,0.19907386600971222,0.1036326065659523,0.34233760833740234,0.0031567695550620556,1.0,0.32115043699741364,-0.12506985664367676,0.48928341269493103,-0.14299196004867554,0.34233760833740234,-0.10609931498765945,1.0
1790268463.3397815,5.222970485687256,108,0,24,0.2574259340763092,-0.10752423852682114,0.07191512733697891,0.04744970053434372,0.2821810245513916,0.0024857271928340197,1.0,23,0.2742919921875,-0.0870334804058075,0.08553263545036316,0.09049580991268158,0.29990464448928833,0.006264420226216316,1.0,33,0.34015771746635437,-0.1625158190727234,0.07998306304216385,0.058842286467552185,0.38010260462760925,0.002932782517746091,1.0,77,0.22742155194282532,-0.12465479224920273,0.144565612077713,0.10388319194316864,0.2825927734375,0.002148197265341878,1.0,0.29104283452033997,-0.09727885946631432,0.38010260462760925,-0.1625158190727234,0.2825927734375,-0.12465479224920273,1.0
1790268463.3916857,5.274874687194824,109,0,24,0.2824166715145111,-0.24469058215618134,0.036864109337329865,0.05804187059402466,0.3761344850063324,0.00314159132540226,1.0,23,0.22969387471675873,-0.25927403569221497,0.06015368923544884,0.07000841945409775,0.3531420826911926,0.006860827095806599,1.0,33,0.3606572151184082,-0.40532660484313965,0.1858358532190323,0.14245373010635376,0.5476154088973999,0.003910060040652752,1.0,77,0.25606030225753784,-0.27158206701278687,0.13206501305103302,0.14903301000595093,0.39051517844200134,0.004417466465383768,1.0,0.3646382838487625,-0.25198230892419815,0.5476154088973999,-0.40532660484313965,0.39051517844200134,-0.27158206701278687,1.0
1790268463.439918,5.323107004165649,110,0,24,0.5927321314811707,-0.756575882434845,0.09836626797914505,0.12023670226335526,0.9683341383934021,0.0065185935236513615,1.0,23,0.43372777104377747,-0.5977073311805725,0.15186919271945953,0.1729288399219513,0.749515175819397,0.017828507348895073,1.0,33,0.5972960591316223,-0.8574228286743164,0.13067029416561127,0.10939265787601471,1.0473074913024902,0.007765802554786205,1.0,77,0.4621550440788269,-0.6052234172821045,0.18726104497909546,0.3016011714935303,0.7881007194519043,0.004914600867778063,1.0,0.8589246571063995,-0.6771416068077087,1.0473074913024902,-0.8574228286743164,0.7881007194519043,-0.6052234172821045,1.0
1790268463.4920757,5.375264644622803,111,0,24,0.8449732661247253,-0.9333992004394531,0.10491203516721725,0.10219448059797287,1.261229395866394,0.012644884176552296,1.0,23,0.67133629322052,-0.8566808104515076,0.20908930897712708,0.21848078072071075,1.1005029678344727,0.029513085260987282,1.0,33,0.6600512862205505,-1.2737274169921875,0.10526473075151443,0.0915820300579071,1.437573790550232,0.00959706585854292,1.0,77,0.6762574315071106,-0.8846649527549744,0.2515382766723633,0.402678519487381,1.1532224416732788,0.00733929080888629,1.0,1.1808661818504333,-0.8950400054454803,1.437573790550232,-1.2737274169921875,1.1532224416732788,-0.8846649527549744,1.0
1790268463.540066,5.42325496673584,112,0,24,1.3388181924819946,-0.9131107330322266,0.5178552269935608,0.35107874870300293,1.6727495193481445,0.08332633227109909,1.0,23,0.5024852156639099,-0.89879310131073,0.3768700361251831,0.47682127356529236,1.169538974761963,0.09171327203512192,1.0,33,0.7117757797241211,-1.5374852418899536,0.11710852384567261,0.08337938040494919,1.6964223384857178,0.006079047918319702,1.0,77,0.8097710609436035,-0.974600076675415,0.3207235336303711,0.5500745177268982,1.3433254957199097,0.01834173873066902,1.0,1.4211442470550537,-0.9059519171714783,1.6964223384857178,-1.5374852418899536,1.3433254957199097,-0.974600076675415,1.0
1790268463.5920706,5.47525954246521,113,0,24,1.585389494895935,-0.8517208099365234,0.7691110372543335,0.5619275569915771,1.9385627508163452,0.20659519731998444,1.0,22,0.36016845703125,-0.733313798904419,0.880506157875061,0.7724200487136841,1.223954200744629,0.21385164558887482,0.9565217391304348,33,0.5468398332595825,-1.5499897003173828,0.10810809582471848,0.15284380316734314,1.6458810567855835,0.005630610976368189,1.0,76,0.7710044980049133,-1.022080898284912,0.47975364327430725,0.5399324893951416,1.3714638948440552,0.04827001690864563,0.987012987012987,1.581258475780487,-0.7925173044204712,1.6458810567855835,-1.5499897003173828,1.3714638948440552,-1.022080898284912,0.9858836815358554
1790268463.6440487,5.5272376537323,114,0,24,0.2537148892879486,-1.2287425994873047,0.17332518100738525,0.23313608765602112,1.2728891372680664,0.01418286468833685,1.0,22,0.08953580260276794,-1.0517529249191284,0.1709948182106018,0.32413485646247864,1.0697988271713257,0.041863732039928436,1.0,33,0.12643294036388397,-1.7314633131027222,0.16470198333263397,0.10014735907316208,1.7438884973526,0.008586936630308628,1.0,76,0.2889430522918701,-1.1196688413619995,0.26311418414115906,0.6143710613250732,1.219212532043457,0.008822489529848099,1.0,1.171343982219696,-1.1402477622032166,1.7438884973526,-1.7314633131027222,1.219212532043457,-1.1196688413619995,1.0
1790268463.692007,5.575196027755737,115,0,24,-0.20555241405963898,-1.2606722116470337,0.19206483662128448,0.5956598520278931,1.2844520807266235,0.03377829119563103,1.0,22,-0.20982222259044647,-1.1658352613449097,0.27139073610305786,0.3610856235027313,1.2152618169784546,0.07375773042440414,1.0,33,-0.14747942984104156,-1.6850109100341797,0.13132789731025696,0.1120719462633133,1.6961430311203003,0.009304339066147804,1.0,76,-0.056386444717645645,-1.0849971771240234,0.23589611053466797,0.6639601588249207,1.1201673746109009,0.012675347737967968,1.0,1.249856948852539,-1.2132537364959717,1.6961430311203003,-1.6850109100341797,1.1201673746109009,-1.0849971771240234,1.0
1790268463.744032,5.627220869064331,116,0,24,-0.7652714848518372,-1.0743999481201172,0.5805672407150269,0.39063674211502075,1.36143159866333,0.05813819169998169,1.0,22,-0.7030181884765625,-1.1863688230514526,0.3198327124118805,0.4548701345920563,1.4511594772338867,0.04574444517493248,1.0,33,-0.43058130145072937,-1.406208872795105,0.13129594922065735,0.12270890921354294,1.4763977527618408,0.007370686158537865,1.0,76,-0.39113155007362366,-0.8949941396713257,0.4604329466819763,0.5633978247642517,1.037564992904663,0.018482545390725136,1.0,1.4062955379486084,-1.130384385585785,1.4763977527618408,-1.406208872795105,1.037564992904663,-0.8949941396713257,1.0
1790268463.7919905,5.675179481506348,117,0,24,-1.0901241302490234,-0.9936885833740234,0.410505086183548,0.30614566802978516,1.4899457693099976,0.028006454929709435,1.0,22,-1.1529568433761597,-1.1903831958770752,0.2206149399280548,0.3058793842792511,1.6841617822647095,0.043811388313770294,1.0,33,-0.7978742122650146,-1.4673405885696411,0.1888837218284607,0.16662411391735077,1.677045226097107,0.007179994601756334,1.0,76,-0.6680924296379089,-0.9415385723114014,0.4560950994491577,0.5632154941558838,1.2164697647094727,0.018459198996424675,1.0,1.5870537757873535,-1.0920358896255493,1.677045226097107,-1.4673405885696411,1.2164697647094727,-0.9415385723114014,1.0
1790268463.8441548,5.727343797683716,118,0,24,-1.0138353109359741,-1.0820846557617188,0.24526014924049377,0.21518398821353912,1.5001945495605469,0.022393682971596718,1.0,22,-1.3637667894363403,-1.355228066444397,0.1763017624616623,0.3030463457107544,1.9431533813476562,0.029576385393738747,1.0,33,-0.9335854053497314,-1.6424227952957153,0.19450229406356812,0.08438413590192795,1.8965002298355103,0.01000762265175581,1.0,76,-0.7020289897918701,-1.029205560684204,0.41684865951538086,0.6112580895423889,1.2975172996520996,0.01310748141258955,1.0,1.7216739654541016,-1.2186563611030579,1.8965002298355103,-1.6424227952957153,1.2975172996520996,-1.029205560684204,1.0
1790268463.8961139,5.7793028354644775,119,0,24,-0.6277649998664856,-1.2756963968276978,0.18744869530200958,0.15807895362377167,1.4301117658615112,0.01445248257368803,1.0,22,-1.1040843725204468,-1.2135460376739502,0.12570063769817352,0.187465101480484,1.6467444896697998,0.017981672659516335,1.0,33,-0.9570955038070679,-1.829178810119629,0.19581076502799988,0.11706024408340454,2.0697896480560303,0.007602456957101822,1.0,76,-0.5498199462890625,-1.128788948059082,0.38744863867759705,0.6589304804801941,1.294389247894287,0.011741165071725845,1.0,1.5384281277656555,-1.244621217250824,2.0697896480560303,-1.829178810119629,1.294389247894287,-1.128788948059082,1.0
1790268463.9441645,5.827353477478027,120,1,24,-0.31930413842201233,-1.1713956594467163,0.1864204853773117,0.1420181542634964,1.2298671007156372,0.010626301169395447,1.0,22,-0.6626878380775452,-0.9657564759254456,0.1573394238948822,0.32220494747161865,1.2129764556884766,0.030982738360762596,1.0,33,-0.6442612409591675,-1.755719780921936,0.16645547747612,0.13996800780296326,1.8781684637069702,0.008487410843372345,1.0,76,-0.3177536427974701,-1.0734816789627075,0.3446098268032074,0.6375055313110352,1.1693416833877563,0.011183994822204113,1.0,1.2214217782020569,-1.068576067686081,1.8781684637069702,-1.755719780921936,1.1693416833877563,-1.0734816789627075,1.0
1790268463.9957993,5.878988265991211,121,0,24,0.11175791174173355,-1.3322938680648804,0.1263815462589264,0.09935712814331055,1.3427797555923462,0.008427034132182598,1.0,22,-0.3083787262439728,-0.7179787158966064,0.11239882558584213,0.20805391669273376,0.7978540658950806,0.02011539414525032,1.0,33,-0.37763097882270813,-1.749467372894287,0.18998731672763824,0.12645640969276428,1.7982373237609863,0.010229387320578098,1.0,76,-0.04611768200993538,-1.151227593421936,0.31133946776390076,0.6183755993843079,1.2112642526626587,0.01082043256610632,1.0,1.0703169107437134,-1.0251362919807434,1.7982373237609863,-1.749467372894287,1.2112642526626587,-1.151227593421936,1.0
1790268464.0437806,5.926969528198242,122,0,24,0.34913063049316406,-1.1949806213378906,0.12898485362529755,0.0920458659529686,1.2514872550964355,0.012087014503777027,1.0,22,-0.06540610641241074,-0.659996747970581,0.19621244072914124,0.24529582262039185,0.70778489112854,0.011933998204767704,1.0,33,-0.06446468830108643,-1.7174525260925293,0.23113393783569336,0.16348785161972046,1.7339285612106323,0.00913466140627861,1.0,76,0.15091745555400848,-1.140478491783142,0.30993011593818665,0.6048482656478882,1.224960446357727,0.01165737584233284,1.0,0.9796360731124878,-0.9274886846542358,1.7339285612106323,-1.7174525260925293,1.224960446357727,-1.140478491783142,1.0
1790268464.095971,5.9791600704193115,123,0,24,0.39214324951171875,-1.047006607055664,0.09587051719427109,0.06421472877264023,1.120956301689148,0.00882563367486,1.0,22,-0.015358665026724339,-0.7087811827659607,0.16385146975517273,0.2141312211751938,0.7353212833404541,0.016858087852597237,1.0,33,-0.01150790136307478,-1.642198085784912,0.20146355032920837,0.15236985683441162,1.6549009084701538,0.011534527875483036,1.0,76,0.1576409637928009,-1.0508230924606323,0.29006776213645935,0.5626717805862427,1.131523847579956,0.01332265604287386,1.0,0.928138792514801,-0.8778938949108124,1.6549009084701538,-1.642198085784912,1.131523847579956,-1.0508230924606323,1.0
1790268464.148104,6.031292915344238,124,0,24,0.14231936633586884,-0.6657282710075378,0.04306522756814957,0.09167130291461945,0.6820433735847473,0.00559210916981101,1.0,22,-0.13737903535366058,-0.6231807470321655,0.2239668220281601,0.11053955554962158,0.6729931235313416,0.01573817804455757,1.0,33,-0.12733367085456848,-1.44582200050354,0.18570616841316223,0.2661881446838379,1.4639370441436768,0.016907189041376114,1.0,76,0.03511609509587288,-0.906806230545044,0.22056123614311218,0.4975508749485016,0.949734628200531,0.012037545442581177,1.0,0.6775182485580444,-0.6444545090198517,1.4639370441436768,-1.44582200050354,0.949734628200531,-0.906806230545044,1.0
1790268464.196054,6.079242944717407,125,0,24,-0.0093015031889081,-0.4400959014892578,0.06802674382925034,0.07361175119876862,0.4452023506164551,0.005609416868537664,1.0,22,-0.3761041760444641,-0.5408408641815186,0.16420048475265503,0.13165730237960815,0.6841208934783936,0.022832302376627922,1.0,33,-0.3867284655570984,-1.4321820735931396,0.15701429545879364,0.3762529492378235,1.4953715801239014,0.022775400429964066,1.0,76,-0.1547217071056366,-0.8613879680633545,0.24396701157093048,0.6215210556983948,0.9079029560089111,0.012867137789726257,1.0,0.5646616220474243,-0.4904683828353882,1.4953715801239014,-1.4321820735931396,0.9079029560089111,-0.8613879680633545,1.0
1790268464.2481763,6.1313652992248535,126,0,24,-0.05681292340159416,-0.5028813481330872,0.0802491083741188,0.07101960480213165,0.5125537514686584,0.0029874767642468214,1.0,22,-0.3300420641899109,-0.7224884033203125,0.17509110271930695,0.1033446341753006,0.8108470439910889,0.020194966346025467,1.0,33,0.010808308608829975,-0.8362250924110413,0.1550237387418747,0.15405811369419098,0.850298285484314,0.006919225212186575,1.0,76,0.04871248081326485,-0.5864428281784058,0.2116422951221466,0.26983559131622314,0.6416330337524414,0.00801277905702591,1.0,0.6617003977298737,-0.6126848757266998,0.850298285484314,-0.8362250924110413,0.6416330337524414,-0.5864428281784058,1.0
1790268464.296182,6.179370880126953,127,0,24,0.5405604243278503,-0.5809351801872253,0.17810098826885223,0.08885812759399414,0.8028543591499329,0.008614971302449703,1.0,22,0.08172884583473206,-0.3284870386123657,0.14664864540100098,0.12196514755487442,0.3666764497756958,0.008971878327429295,1.0,33,0.5202965140342712,-0.6554644107818604,0.17559556663036346,0.1719859391450882,0.8577758073806763,0.006917051505297422,1.0,76,0.49482786655426025,-0.5645565390586853,0.2668604254722595,0.2768506705760956,0.7892630100250244,0.005620353389531374,1.0,0.5847654044628143,-0.45471110939979553,0.8577758073806763,-0.6554644107818604,0.7892630100250244,-0.5645565390586853,1.0
1790268464.3480542,6.231243133544922,128,0,24,1.1758995056152344,-0.9249496459960938,0.1486586183309555,0.10578624159097672,1.4993438720703125,0.018022116273641586,1.0,22,0.6842429637908936,-0.6070514917373657,0.30399012565612793,0.1623183637857437,0.9228044152259827,0.019834337756037712,1.0,33,1.2229896783828735,-1.1925368309020996,0.203905388712883,0.11173956841230392,1.713057041168213,0.00942599680274725,1.0,76,1.0183061361312866,-0.8516462445259094,0.43621692061424255,0.39128226041793823,1.3564733266830444,0.008236207999289036,1.0,1.2110741436481476,-0.7660005688667297,1.713057041168213,-1.1925368309020996,1.3564733266830444,-0.8516462445259094,1.0
1790268464.4001787,6.28336763381958,129,0,24,1.3990116119384766,-0.8453089594841003,0.09139876067638397,0.050799887627363205,1.6357864141464233,0.013675257563591003,1.0,22,1.0194119215011597,-0.5790620446205139,0.23347683250904083,0.1696845442056656,1.1863164901733398,0.01814366690814495,1.0,33,1.2254269123077393,-1.0735903978347778,0.18984714150428772,0.12155047059059143,1.6335740089416504,0.006639477796852589,1.0,76,1.105707049369812,-0.7886468172073364,0.4624275863170624,0.3763774037361145,1.391682744026184,0.009598350152373314,1.0,1.4110514521598816,-0.7121855020523071,1.6335740089416504,-1.0735903978347778,1.391682744026184,-0.7886468172073364,1.0
1790268464.4481456,6.331334590911865,130,0,24,1.1669145822525024,-0.5710239410400391,0.08295975625514984,0.052117589861154556,1.3002572059631348,0.008983547799289227,1.0,22,0.7657720446586609,-0.36211395263671875,0.22105413675308228,0.1463267207145691,0.8557054400444031,0.014247644692659378,1.0,33,0.9164641499519348,-0.8210065364837646,0.17387251555919647,0.10476183891296387,1.2328901290893555,0.007213748525828123,1.0,76,0.8550688028335571,-0.5511335134506226,0.3941260874271393,0.31494301557540894,1.0689018964767456,0.011177110485732555,1.0,1.077981323003769,-0.4665689468383789,1.2328901290893555,-0.8210065364837646,1.0689018964767456,-0.5511335134506226,1.0
1790268464.500114,6.383302927017212,131,0,24,1.0227724313735962,0.057521820068359375,0.38306209444999695,0.3924071192741394,1.101974606513977,0.0469030924141407,1.0,22,0.28327110409736633,0.028035251423716545,0.2657511234283447,0.3192234933376312,0.45678451657295227,0.04435626044869423,1.0,33,0.32337212562561035,-0.3104913830757141,0.13645684719085693,0.10663945227861404,0.45316746830940247,0.005816512741148472,1.0,76,0.529644787311554,-0.18739759922027588,0.3350907862186432,0.37381526827812195,0.6766553521156311,0.01057060994207859,1.0,0.7793795615434647,0.04277853574603796,0.45316746830940247,-0.3104913830757141,0.6766553521156311,-0.18739759922027588,1.0
1790268464.548112,6.43130087852478,132,0,24,0.49422645568847656,0.023762384429574013,0.13021163642406464,0.16596883535385132,0.5218800902366638,0.010974439792335033,1.0,22,0.3053699731826782,0.09212355315685272,0.13411548733711243,0.1697850525379181,0.358155757188797,0.014479655772447586,1.0,33,0.14889618754386902,-0.1520533710718155,0.06837733089923859,0.04692079499363899,0.2189379334449768,0.0019462601048871875,1.0,76,0.2514013946056366,-0.06904170662164688,0.1841348260641098,0.17274796962738037,0.31959831714630127,0.005804190877825022,1.0,0.4400179237127304,0.05794296879321337,0.2189379334449768,-0.1520533710718155,0.31959831714630127,-0.06904170662164688,1.0
1790268464.5998425,6.483031511306763,133,0,24,0.1751117706298828,-0.06065813824534416,0.07363847643136978,0.04603799805045128,0.19061271846294403,0.0027482248842716217,1.0,22,0.18493790924549103,-0.019951559603214264,0.07429199665784836,0.06318845599889755,0.19794626533985138,0.004611958749592304,1.0,33,0.09435110539197922,-0.11326968669891357,0.05414606258273125,0.025736836716532707,0.15457047522068024,0.0017372161382809281,1.0,76,0.15270332992076874,-0.058050256222486496,0.10095217823982239,0.1064535602927208,0.20137663185596466,0.00362979038618505,1.0,0.1942794919013977,-0.04030484892427921,0.15457047522068024,-0.11326968669891357,0.20137663185596466,-0.058050256222486496,1.0
1790268464.6517954,6.534984350204468,134,0,24,0.14775466918945312,-0.02364349365234375,0.07113475352525711,0.02945611998438835,0.1520787626504898,0.0021066591143608093,1.0,22,0.12161116302013397,0.014909917488694191,0.047911759465932846,0.025772124528884888,0.12595248222351074,0.0019224878633394837,1.0,33,0.06404761224985123,-0.08138991892337799,0.03440212085843086,0.024471497163176537,0.10757460445165634,0.0012368863681331277,1.0,76,0.09798130393028259,-0.02853252924978733,0.06343937665224075,0.09709598124027252,0.1372472643852234,0.0016667229356244206,1.0,0.13901562243700027,-0.0043667880818247795,0.10757460445165634,-0.08138991892337799,0.1372472643852234,-0.02853252924978733,1.0
1790268464.6999972,6.583186149597168,135,1,24,0.20074908435344696,-0.04585838317871094,0.04791992902755737,0.030901644378900528,0.20818090438842773,0.0019450545078143477,1.0,22,0.14287497103214264,-0.00490708788856864,0.05179782584309578,0.028761504217982292,0.14592190086841583,0.00391102209687233,1.0,33,0.12219515442848206,-0.07481707632541656,0.04915120452642441,0.03991866111755371,0.14737054705619812,0.0014952628407627344,1.0,76,0.12885284423828125,-0.018813183531165123,0.07144229114055634,0.0858931913971901,0.15561066567897797,0.0015053130919113755,1.0,0.17705140262842178,-0.02538273553363979,0.14737054705619812,-0.07481707632541656,0.15561066567897797,-0.018813183531165123,1.0
1790268464.7521982,6.635387182235718,136,0,24,0.22491709887981415,-0.0054232277907431126,0.07312508672475815,0.03847566619515419,0.22798113524913788,0.001423917361535132,1.0,22,0.23060192167758942,-0.0025877519510686398,0.07065345346927643,0.0772794634103775,0.2401173710823059,0.006278186570852995,1.0,33,0.17447222769260406,-0.013233531266450882,0.05135712772607803,0.023659825325012207,0.17635242640972137,0.0014152880758047104,1.0,76,0.14844010770320892,0.005805567838251591,0.09102129191160202,0.07841837406158447,0.16518032550811768,0.002074431860819459,1.0,0.2340492531657219,-0.004005489870905876,0.17635242640972137,-0.013233531266450882,0.16518032550811768,0.005805567838251591,1.0
1790268464.800136,6.6833250522613525,137,0,24,0.20864613354206085,0.0091336565092206,0.08065678924322128,0.02623159810900688,0.21202848851680756,0.001436064369045198,1.0,22,0.3205608129501343,0.0753583014011383,0.05071719363331795,0.11907479912042618,0.3504725694656372,0.0056457375176250935,1.0,33,0.26914793252944946,0.08445092290639877,0.06653916090726852,0.05037213861942291,0.28723183274269104,0.002962691942229867,1.0,76,0.18111519515514374,0.062136199325323105,0.11431358009576797,0.07595270127058029,0.2071533501148224,0.0026132387574762106,1.0,0.2812505289912224,0.04224597895517945,0.28723183274269104,0.08445092290639877,0.2071533501148224,0.062136199325323105,1.0
1790268464.8520834,6.735272407531738,138,0,24,0.12983767688274384,0.055296581238508224,0.043080542236566544,0.03541944921016693,0.14575384557247162,0.001412264653481543,1.0,22,0.2796728014945984,0.13119159638881683,0.07412601262331009,0.0359119214117527,0.31193697452545166,0.005759694147855043,1.0,33,0.3116418123245239,0.20208878815174103,0.09642726182937622,0.0598880909383297,0.3759344816207886,0.004056117031723261,1.0,76,0.15263065695762634,0.13040030002593994,0.12607602775096893,0.10257375240325928,0.21496812999248505,0.002077004173770547,1.0,0.22884541004896164,0.09324408881366253,0.3759344816207886,0.20208878815174103,0.21496812999248505,0.13040030002593994,1.0
1790268464.904029,6.787217855453491,139,0,24,0.10224024206399918,0.12811534106731415,0.04571083188056946,0.050202205777168274,0.17347586154937744,0.0015614326111972332,1.0,22,0.19605740904808044,0.1877191662788391,0.11252585053443909,0.0833505168557167,0.29344767332077026,0.0067492458038032055,1.0,33,0.19225287437438965,0.42260465025901794,0.08289831876754761,0.08441448211669922,0.47207027673721313,0.006186481565237045,1.0,76,0.10132437944412231,0.23955745995044708,0.10835234075784683,0.1544100046157837,0.27338671684265137,0.0030861468985676765,1.0,0.23346176743507385,0.15791725367307663,0.47207027673721313,0.42260465025901794,0.27338671684265137,0.23955745995044708,1.0
1790268464.952099,6.835288047790527,140,0,24,0.007998148910701275,0.20541954040527344,0.10259810090065002,0.057232815772295,0.228077694773674,0.003406332805752754,1.0,22,0.14647188782691956,0.2339678704738617,0.07117125391960144,0.08634509891271591,0.2812860310077667,0.004931183531880379,1.0,33,0.01984243653714657,0.43197399377822876,0.07451102882623672,0.06746908277273178,0.4387577772140503,0.008504096418619156,1.0,76,-0.012113671749830246,0.2663162648677826,0.08975843340158463,0.15274369716644287,0.2838706970214844,0.0029033850878477097,1.0,0.25468186289072037,0.21969370543956757,0.4387577772140503,0.43197399377822876,0.2838706970214844,0.2663162648677826,1.0
1790268465.004018,6.88720703125,141,0,24,-0.021813074126839638,0.2567647397518158,0.09446680545806885,0.059006769210100174,0.27685651183128357,0.0026352256536483765,1.0,22,0.056359030306339264,0.15150867402553558,0.0637260377407074,0.0707617849111557,0.17528706789016724,0.004661409184336662,1.0,33,0.027988780289888382,0.34798547625541687,0.04626188799738884,0.0524490587413311,0.3518393635749817,0.006558028981089592,1.0,76,-0.04759718105196953,0.25659701228141785,0.0973157212138176,0.12019700556993484,0.2801268696784973,0.0031147573608905077,1.0,0.2260717898607254,0.2041367068886757,0.3518393635749817,0.34798547625541687,0.2801268696784973,0.25659701228141785,1.0
1790268465.0521505,6.935339450836182,142,0,24,0.00140380859375,0.15421104431152344,0.033246271312236786,0.019104789942502975,0.15749220550060272,0.0013641839614138007,1.0,22,0.07704717665910721,0.1389624923467636,0.043502721935510635,0.038808323442935944,0.16515907645225525,0.002772295381873846,1.0,33,0.11211187392473221,0.2472279816865921,0.07152105867862701,0.060885731130838394,0.2816134989261627,0.0040801288560032845,1.0,76,0.019769366830587387,0.14045153558254242,0.07977832853794098,0.07806093990802765,0.1608867049217224,0.002093149581924081,1.0,0.16132564097642899,0.14658676832914352,0.2816134989261627,0.2472279816865921,0.1608867049217224,0.14045153558254242,1.0
1790268465.1041017,6.987290620803833,143,0,24,0.07025527954101562,0.11645952612161636,0.0679914653301239,0.02177700586616993,0.14835770428180695,0.0011738865869119763,1.0,22,0.13187338411808014,0.16457852721214294,0.05320076271891594,0.045104529708623886,0.213515505194664,0.0038506907876580954,1.0,33,0.12428329885005951,0.2561294138431549,0.06420662254095078,0.05582507327198982,0.2902657985687256,0.004401801154017448,1.0,76,0.042438507080078125,0.1511964350938797,0.08753304928541183,0.10546956211328506,0.18151547014713287,0.0017848724965006113,1.0,0.18093660473823547,0.14051902666687965,0.2902657985687256,0.2561294138431549,0.18151547014713287,0.1511964350938797,1.0
1790268465.1561456,7.039334535598755,144,0,24,0.06018384173512459,0.20649273693561554,0.055857446044683456,0.03970025107264519,0.22145378589630127,0.002339076017960906,1.0,22,0.19259227812290192,0.2811751067638397,0.06569509208202362,0.06955386698246002,0.34753379225730896,0.004942235071212053,1.0,33,0.10196061432361603,0.512327253818512,0.1215747520327568,0.1014619693160057,0.5352612137794495,0.009052559733390808,1.0,76,0.05234547704458237,0.2616744935512543,0.10793019086122513,0.2030409574508667,0.2866643965244293,0.002756573958322406,1.0,0.2844937890768051,0.24383392184972763,0.5352612137794495,0.512327253818512,0.2866643965244293,0.2616744935512543,1.0
1790268465.2041328,7.087321758270264,145,0,24,-0.0177281703799963,0.3425445556640625,0.034963808953762054,0.05619034171104431,0.34522390365600586,0.0024509457871317863,1.0,22,0.078094482421875,0.2972412109375,0.06871245056390762,0.09568709135055542,0.31423047184944153,0.009382358752191067,1.0,33,0.027438076213002205,0.4196014404296875,0.09292759001255035,0.09416323155164719,0.4308101236820221,0.008904616348445415,1.0,76,-0.024965787306427956,0.2823335826396942,0.07187850773334503,0.1548340916633606,0.2943546772003174,0.0032492266036570072,1.0,0.3297271877527237,0.31989288330078125,0.4308101236820221,0.4196014404296875,0.2943546772003174,0.2823335826396942,1.0
1790268465.25573,7.138918876647949,146,0,24,-0.04465675354003906,0.25619378685951233,0.0391324907541275,0.04003625735640526,0.2632957994937897,0.002598501741886139,1.0,22,0.009192726574838161,0.19975973665714264,0.06675980240106583,0.04348228499293327,0.2110729217529297,0.0031112483702600002,1.0,33,0.0024834834039211273,0.3126465678215027,0.056544505059719086,0.07422464340925217,0.31794530153274536,0.004689815454185009,1.0,76,-0.024836691096425056,0.20323963463306427,0.05400443449616432,0.11914542317390442,0.21439959108829498,0.0021756310015916824,1.0,0.23718436062335968,0.22797676175832748,0.31794530153274536,0.3126465678215027,0.21439959108829498,0.20323963463306427,1.0
1790268465.3036752,7.186864137649536,147,0,24,-0.027882257476449013,0.12374623864889145,0.028351465240120888,0.036705419421195984,0.12907469272613525,0.0015675444155931473,1.0,22,0.032879915088415146,0.10564284026622772,0.04148443788290024,0.046909965574741364,0.11726223677396774,0.0037997665349394083,1.0,33,0.02276703715324402,0.09419527649879456,0.042283717542886734,0.025901589542627335,0.10635769367218018,0.0013940928038209677,1.0,76,-0.008574034087359905,0.07465623319149017,0.033966921269893646,0.04902675375342369,0.08500786870718002,0.0011266698129475117,1.0,0.1231684647500515,0.11469453945755959,0.10635769367218018,0.09419527649879456,0.08500786870718002,0.07465623319149017,1.0
1790268465.356249,7.239438056945801,148,0,24,0.00586255406960845,0.059139251708984375,0.01614062860608101,0.0273467805236578,0.061521124094724655,0.0010091753210872412,1.0,22,0.014684503898024559,0.07894342392683029,0.03670986369252205,0.024116456508636475,0.08860597759485245,0.0027507564518600702,1.0,33,0.03525381535291672,0.03845677152276039,0.024013901129364967,0.021134324371814728,0.05742420628666878,0.0006778904935345054,1.0,76,0.01188418734818697,0.03893531113862991,0.021356362849473953,0.03127575293183327,0.04644019156694412,0.0005969505873508751,1.0,0.07506355084478855,0.06904133781790733,0.05742420628666878,0.03845677152276039,0.04644019156694412,0.03893531113862991,1.0
1790268465.4080994,7.291288375854492,149,0,24,0.011109034530818462,0.042268116027116776,0.025206828489899635,0.022988712415099144,0.048454951494932175,0.0008138995617628098,1.0,22,0.022483132779598236,0.034512605518102646,0.02619118057191372,0.029532108455896378,0.04903114214539528,0.0019599716179072857,1.0,33,-0.004041729494929314,0.02867588773369789,0.020504740998148918,0.02156752534210682,0.03664784878492355,0.0008124185842461884,1.0,76,0.004087347537279129,0.02997518889605999,0.017455967143177986,0.02755817584693432,0.036922767758369446,0.0007009258843027055,1.0,0.04874304682016373,0.03839036077260971,0.03664784878492355,0.02867588773369789,0.036922767758369446,0.02997518889605999,1.0
1790268465.4561157,7.339304685592651,150,1,24,-0.00824737548828125,0.0127499895170331,0.024641722440719604,0.022288134321570396,0.03360665217041969,0.0009031410445459187,1.0,22,-0.0167388916015625,0.01902008056640625,0.033156659454107285,0.026604022830724716,0.0438062883913517,0.002880808897316456,1.0,33,0.00020853678870480508,-0.0070139565505087376,0.018783999606966972,0.012555665336549282,0.021026013419032097,0.0007645132136531174,1.0,76,0.0029867072589695454,0.00141776236705482,0.02518833428621292,0.020931554958224297,0.02864081971347332,0.0007457176689058542,1.0,0.038706470280885696,0.015885035041719675,0.021026013419032097,-0.0070139565505087376,0.02864081971347332,0.00141776236705482,1.0
1790268465.508125,7.3913140296936035,151,0,24,0.027725854888558388,-0.024469375610351562,0.03176117688417435,0.023672519251704216,0.04643620178103447,0.0013022060738876462,1.0,22,0.01951044239103794,-0.04949604347348213,0.04400692880153656,0.036952316761016846,0.06813089549541473,0.0017553773941472173,1.0,33,0.029450850561261177,-0.05598773434758186,0.027032533660531044,0.014394623227417469,0.06613048166036606,0.0006469471263699234,1.0,76,0.03808533400297165,-0.02843676134943962,0.02994888834655285,0.032075993716716766,0.05962062627077103,0.0008856022031977773,1.0,0.0572835486382246,-0.03698270954191685,0.06613048166036606,-0.05598773434758186,0.05962062627077103,-0.02843676134943962,1.0
1790268465.5560927,7.439281702041626,152,0,24,0.197601318359375,-0.24257595837116241,0.17736117541790009,0.2095240354537964,0.3322240710258484,0.01402953639626503,1.0,22,0.10294411331415176,-0.14887791872024536,0.15638597309589386,0.18168629705905914,0.19348472356796265,0.011239462532103062,1.0,33,0.09724102914333344,-0.11599037796258926,0.042056385427713394,0.04578828811645508,0.1541791409254074,0.0015501946909353137,1.0,76,0.1583850234746933,-0.12776656448841095,0.12622995674610138,0.16475795209407806,0.2268761396408081,0.0030930389184504747,1.0,0.2628543972969055,-0.1957269385457039,0.1541791409254074,-0.11599037796258926,0.2268761396408081,-0.12776656448841095,1.0
1790268465.6080964,7.49128532409668,153,0,24,0.05556488037109375,-0.1930338591337204,0.10736493766307831,0.14354509115219116,0.23890037834644318,0.007333913818001747,1.0,22,0.17237992584705353,-0.10691902786493301,0.08165038377046585,0.1265551894903183,0.22726735472679138,0.006972972769290209,1.0,33,0.09908965229988098,-0.07116976380348206,0.03549889847636223,0.02333368919789791,0.12375997751951218,0.00108667416498065,1.0,76,0.10720282793045044,-0.07720345258712769,0.046415042132139206,0.10465013980865479,0.15367288887500763,0.0020322829950600863,1.0,0.23308386653661728,-0.1499764434993267,0.12375997751951218,-0.07116976380348206,0.15367288887500763,-0.07720345258712769,1.0
1790268465.6601424,7.5433313846588135,154,0,24,0.043493907898664474,-0.039694469422101974,0.048096030950546265,0.04222651943564415,0.08211865276098251,0.0015980754978954792,1.0,22,0.10544516891241074,0.010267778299748898,0.043314285576343536,0.05379479005932808,0.11991896480321884,0.004068415146321058,1.0,33,0.09911924600601196,0.010796287097036839,0.033108629286289215,0.02297949232161045,0.10222533345222473,0.0008927803719416261,1.0,76,0.0828576311469078,0.0008895271457731724,0.0471888929605484,0.0615420788526535,0.09991060197353363,0.0013419875176623464,1.0,0.10101880878210068,-0.014713345561176538,0.10222533345222473,0.010796287097036839,0.09991060197353363,0.0008895271457731724,1.0
1790268465.7081773,7.591366291046143,155,0,24,0.04359690472483635,0.04415130615234375,0.044382814317941666,0.025645319372415543,0.07413303107023239,0.001283291494473815,1.0,22,0.07926247268915176,0.06551707535982132,0.028610223904252052,0.0408465676009655,0.1096508800983429,0.0038412907160818577,1.0,33,0.09962786734104156,0.09600413590669632,0.03168801963329315,0.032874539494514465,0.1406281739473343,0.0011315667070448399,1.0,76,0.07269327342510223,0.05321040749549866,0.0392334945499897,0.0535079650580883,0.10190807282924652,0.0012282069073989987,1.0,0.09189195558428764,0.054834190756082535,0.1406281739473343,0.09600413590669632,0.10190807282924652,0.05321040749549866,1.0
1790268465.7601032,7.643292188644409,156,0,24,0.1551005095243454,0.045866649597883224,0.05136563628911972,0.03260044753551483,0.16688549518585205,0.0015383698046207428,1.0,22,0.2215576171875,0.06997403502464294,0.059384461492300034,0.06533454358577728,0.2425859570503235,0.0030028594192117453,1.0,33,0.2770857512950897,0.12986616790294647,0.09641513228416443,0.03573109209537506,0.30948638916015625,0.0025002306792885065,1.0,76,0.20148006081581116,0.08026343584060669,0.10039008408784866,0.07878948748111725,0.22710594534873962,0.002580166095867753,1.0,0.20473572611808777,0.057920342311263084,0.30948638916015625,0.12986616790294647,0.22710594534873962,0.08026343584060669,1.0
1790268465.8083112,7.691500186920166,157,0,24,0.3576927185058594,0.0333709716796875,0.12384048849344254,0.040249645709991455,0.3623650074005127,0.002281104912981391,1.0,22,0.38363924622535706,0.01724798046052456,0.1168774887919426,0.07427239418029785,0.3916115462779999,0.005524381995201111,1.0,33,0.5028349161148071,0.03795323148369789,0.06353047490119934,0.041183244436979294,0.5058301687240601,0.0022980638314038515,1.0,76,0.3474094867706299,0.024317089468240738,0.178251251578331,0.10841627418994904,0.37030529975891113,0.0024606967344880104,1.0,0.3769882768392563,0.02530947607010603,0.5058301687240601,0.03795323148369789,0.37030529975891113,0.024317089468240738,1.0
1790268465.8600333,7.743222236633301,158,0,24,0.4035797119140625,-0.0145263671875,0.11085662990808487,0.04218323528766632,0.4062885046005249,0.003848387161269784,1.0,22,0.32522860169410706,-0.006129871588200331,0.0913466140627861,0.19544728100299835,0.36169198155403137,0.007737887091934681,1.0,33,0.3795050382614136,0.012240785174071789,0.08404175937175751,0.034023866057395935,0.3813243508338928,0.002891079755499959,1.0,76,0.3296249806880951,-0.0029253708198666573,0.1585780680179596,0.06313316524028778,0.3371272385120392,0.0037786485627293587,1.0,0.38399024307727814,-0.010328119387850165,0.3813243508338928,0.012240785174071789,0.3371272385120392,-0.0029253708198666573,1.0
1790268465.9120436,7.795232534408569,159,0,24,0.2457459717988968,0.014716465957462788,0.08115960657596588,0.027266278862953186,0.24788565933704376,0.001885506440885365,1.0,22,0.24852266907691956,0.09381311386823654,0.0564260296523571,0.0539168156683445,0.2725895047187805,0.003803974250331521,1.0,33,0.243988037109375,0.04211009666323662,0.08918902277946472,0.02871113456785679,0.24915628135204315,0.0015820052940398455,1.0,76,0.16532154381275177,0.01936199702322483,0.09078454226255417,0.06918454170227051,0.181099995970726,0.0017496774671599269,1.0,0.26023758202791214,0.054264789912849665,0.24915628135204315,0.04211009666323662,0.181099995970726,0.01936199702322483,1.0
1790268465.9599674,7.843156337738037,160,0,24,0.06683921813964844,-0.03217251971364021,0.06947362422943115,0.05831070616841316,0.11164531856775284,0.0031957642640918493,1.0,22,0.20140908658504486,0.030288003385066986,0.07688356190919876,0.10937179625034332,0.22823888063430786,0.007911033928394318,1.0,33,0.11346527934074402,0.08500948548316956,0.05179006606340408,0.02117706462740898,0.14834006130695343,0.001340321614407003,1.0,76,0.09621128439903259,0.03415970876812935,0.05508769303560257,0.05843502655625343,0.11766818910837173,0.0017558359540998936,1.0,0.16994209960103035,-0.0009422581642866135,0.14834006130695343,0.08500948548316956,0.11766818910837173,0.03415970876812935,1.0
1790268466.0121274,7.8953163623809814,161,0,24,0.041510265320539474,-0.042613983154296875,0.09566483646631241,0.06593054533004761,0.12542912364006042,0.0028607596177607775,1.0,22,0.16657327115535736,0.06173497810959816,0.04533669352531433,0.0628238171339035,0.19060252606868744,0.0031892822589725256,1.0,33,0.12625353038311005,0.06559059768915176,0.028219809755682945,0.02224774658679962,0.14370518922805786,0.0012253859313204885,1.0,76,0.08447124809026718,0.022696545347571373,0.058435242623090744,0.05500226095318794,0.10938400775194168,0.0009014623938128352,1.0,0.15801582485437393,0.009560497477650642,0.14370518922805786,0.06559059768915176,0.10938400775194168,0.022696545347571373,1.0
1790268466.0602872,7.94347620010376,162,0,24,0.1065266951918602,-0.007385889533907175,0.0652841329574585,0.04036128893494606,0.1191740557551384,0.0019010016694664955,1.0,22,0.163818359375,0.02102869190275669,0.039986174553632736,0.04635323956608772,0.17138920724391937,0.002397907432168722,1.0,33,0.17328250408172607,0.04269039258360863,0.032972488552331924,0.022547466680407524,0.1801731139421463,0.0011972547508776188,1.0,76,0.12435511499643326,0.012370561249554157,0.06651954352855682,0.04832165315747261,0.13707105815410614,0.0014454303309321404,1.0,0.14528163149952888,0.006821401184424758,0.1801731139421463,0.04269039258360863,0.13707105815410614,0.012370561249554157,1.0
1790268466.1121209,7.995309829711914,163,0,24,0.1201527938246727,0.020329156890511513,0.06081424281001091,0.030811630189418793,0.12482249736785889,0.001981948735192418,1.0,22,0.1841333508491516,0.0637463629245758,0.03866847604513168,0.036049503833055496,0.19893398880958557,0.005070412997156382,1.0,33,0.1713964343070984,0.09959966689348221,0.04205087944865227,0.025325892493128777,0.20170746743679047,0.0019306158646941185,1.0,76,0.11414597928524017,0.04815834388136864,0.07400104403495789,0.05946839973330498,0.13691501319408417,0.0015096471179276705,1.0,0.16187824308872223,0.04203775990754366,0.20170746743679047,0.09959966689348221,0.13691501319408417,0.04815834388136864,1.0
1790268466.1640081,8.047197103500366,164,0,24,0.09358914941549301,0.07532501220703125,0.05170493572950363,0.020507486537098885,0.12276207655668259,0.001289559411816299,1.0,22,0.13433422148227692,0.10776173323392868,0.06064993515610695,0.04426885396242142,0.1793220043182373,0.0029326342046260834,1.0,33,0.08194801956415176,0.26494160294532776,0.049868546426296234,0.09314128756523132,0.2826542556285858,0.004614737816154957,1.0,76,0.06725853681564331,0.12351106107234955,0.05314461514353752,0.11328013241291046,0.15247060358524323,0.0017177780391648412,1.0,0.15104204043745995,0.09154337272047997,0.2826542556285858,0.26494160294532776,0.15247060358524323,0.12351106107234955,1.0
1790268466.2120872,8.095276117324829,165,1,24,0.026150384917855263,0.12385114282369614,0.03344114497303963,0.020157426595687866,0.13021521270275116,0.0013124992838129401,1.0,22,0.050188932567834854,0.13496676087379456,0.027142971754074097,0.04109877720475197,0.1467539221048355,0.002674438990652561,1.0,33,0.02798924222588539,0.226776123046875,0.046954914927482605,0.04552026093006134,0.23293709754943848,0.0038940170779824257,1.0,76,0.017210308462381363,0.12554499506950378,0.04170713573694229,0.09843888133764267,0.13796135783195496,0.0019870141986757517,1.0,0.13848456740379333,0.12940895184874535,0.23293709754943848,0.226776123046875,0.13796135783195496,0.12554499506950378,1.0
1790268466.2640777,8.147266626358032,166,0,24,0.030839284881949425,0.07282384485006332,0.052679210901260376,0.026261165738105774,0.08745095878839493,0.0010129037545993924,1.0,22,0.06449057906866074,0.09581340104341507,0.038704197853803635,0.027134699746966362,0.12050273269414902,0.001717549515888095,1.0,33,0.037650369107723236,0.1121673583984375,0.033291686326265335,0.026083411648869514,0.12403074651956558,0.0013741570292040706,1.0,76,0.015535053797066212,0.07121066004037857,0.028218794614076614,0.048150427639484406,0.08166239410638809,0.0008047388400882483,1.0,0.10397684574127197,0.0843186229467392,0.12403074651956558,0.1121673583984375,0.08166239410638809,0.07121066004037857,1.0
1790268466.3121576,8.195346593856812,167,0,24,0.0054766335524618626,0.04124514386057854,0.02598118968307972,0.017309125512838364,0.04883900284767151,0.00090861163334921,1.0,22,0.08456559479236603,0.046677328646183014,0.03381500393152237,0.03684854879975319,0.10310111194849014,0.0018822564743459225,1.0,33,0.08880984783172607,0.06937523931264877,0.03718716278672218,0.027518151327967644,0.11758532375097275,0.0012215860188007355,1.0,76,0.0346749946475029,0.046998072415590286,0.03827779367566109,0.03195735812187195,0.06621772050857544,0.00089655676856637,1.0,0.07597005739808083,0.043961236253380775,0.11758532375097275,0.06937523931264877,0.06621772050857544,0.046998072415590286,1.0
1790268466.3640192,8.24720811843872,168,0,24,0.04001045227050781,0.04732004925608635,0.01873445324599743,0.016314871609210968,0.06402663141489029,0.0009986161021515727,1.0,22,0.06575983017683029,0.039635397493839264,0.04036640375852585,0.028100712224841118,0.08477327972650528,0.0018317870562896132,1.0,33,0.07748320698738098,0.0566914863884449,0.022705091163516045,0.01699208840727806,0.09800337255001068,0.0007017456227913499,1.0,76,0.03572142869234085,0.04040667787194252,0.04168880730867386,0.02904643677175045,0.06592713296413422,0.0008147627231664956,1.0,0.07439995557069778,0.04347772337496281,0.09800337255001068,0.0566914863884449,0.06592713296413422,0.04040667787194252,1.0
1790268466.4160573,8.299246311187744,169,0,24,-0.0001068115234375,0.07257524877786636,0.02313866652548313,0.013277973048388958,0.07565762847661972,0.0008056180668063462,1.0,22,0.04224603995680809,0.061743997037410736,0.035314783453941345,0.02449052967131138,0.07948290556669235,0.00238338322378695,1.0,33,0.0034609707072377205,0.08720721304416656,0.029125982895493507,0.029790233820676804,0.09248068183660507,0.0006558349705301225,1.0,76,-0.01381723489612341,0.0729089006781578,0.03279939293861389,0.030968692153692245,0.08041708171367645,0.0007073970627970994,1.0,0.07757026702165604,0.06715962290763855,0.09248068183660507,0.08720721304416656,0.08041708171367645,0.0729089006781578,1.0
1790268466.4641426,8.347331523895264,170,0,24,-0.09277153015136719,0.12067731469869614,0.06255762279033661,0.031006095930933952,0.1563851237297058,0.001892638043500483,1.0,22,-0.0029740766622126102,0.07901902496814728,0.032585322856903076,0.04229946807026863,0.08814963698387146,0.002889462048187852,1.0,33,-0.08772231638431549,0.12294144928455353,0.036820605397224426,0.032000310719013214,0.15247568488121033,0.0015991630498319864,1.0,76,-0.08532875776290894,0.09715692698955536,0.05356884002685547,0.061413928866386414,0.1354874074459076,0.0012757903896272182,1.0,0.12226738035678864,0.09984816983342171,0.15247568488121033,0.12294144928455353,0.1354874074459076,0.09715692698955536,1.0
1790268466.5159473,8.399136304855347,171,0,24,-0.17914073169231415,0.11601575464010239,0.09330613911151886,0.02070542238652706,0.22462798655033112,0.00205187383107841,1.0,22,-0.09887001663446426,0.07303688675165176,0.058128222823143005,0.033321790397167206,0.12825676798820496,0.003263524966314435,1.0,33,-0.07430845499038696,0.08122022449970245,0.02651391737163067,0.02428418956696987,0.11235170066356659,0.0007150711608119309,1.0,76,-0.10879777371883392,0.08243852108716965,0.06753247231245041,0.04850848391652107,0.1425035446882248,0.0007775677368044853,1.0,0.17644237726926804,0.09452632069587708,0.11235170066356659,0.08122022449970245,0.1425035446882248,0.08243852108716965,1.0
1790268466.5639336,8.447122573852539,172,0,24,-0.07821973413228989,0.07026481628417969,0.03909116983413696,0.015773247927427292,0.10785893350839615,0.0016116175102069974,1.0,22,-0.062218405306339264,0.03443284332752228,0.04257846623659134,0.02843833528459072,0.08496369421482086,0.0037749065086245537,1.0,33,-0.06562897562980652,0.062151823192834854,0.024502089247107506,0.01239704992622137,0.09173252433538437,0.0009801749838516116,1.0,76,-0.07286634296178818,0.036311399191617966,0.04006481170654297,0.05045158416032791,0.09542391449213028,0.000833646219689399,1.0,0.0964113138616085,0.05234882980585098,0.09173252433538437,0.062151823192834854,0.09542391449213028,0.036311399191617966,1.0
1790268466.6159155,8.499104499816895,173,0,24,-0.05336570739746094,0.03920428082346916,0.018980542197823524,0.012808062136173248,0.06699175387620926,0.0013103625969961286,1.0,22,-0.05122514069080353,0.01033782958984375,0.030613122507929802,0.0317644327878952,0.0625034049153328,0.0018723364919424057,1.0,33,-0.021297108381986618,0.03775394335389137,0.0290989987552166,0.02262961119413376,0.05073144659399986,0.0008091838099062443,1.0,76,-0.04274207726120949,0.030080493539571762,0.02851109206676483,0.02601311355829239,0.05972020700573921,0.0007852039416320622,1.0,0.06474757939577103,0.024771055206656456,0.05073144659399986,0.03775394335389137,0.05972020700573921,0.030080493539571762,1.0
1790268466.6682343,8.55142331123352,174,0,24,-0.018309274688363075,0.018180212005972862,0.025198573246598244,0.019016241654753685,0.03510367125272751,0.0010148510336875916,1.0,22,-0.028084494173526764,0.0007282603764906526,0.02960418537259102,0.01734486036002636,0.0367807000875473,0.0019774376414716244,1.0,33,-0.01960846781730652,0.03808501362800598,0.015661148354411125,0.01312317792326212,0.04463103041052818,0.0005660289898514748,1.0,76,-0.02063550427556038,0.022042224183678627,0.017450163140892982,0.020418589934706688,0.03662247583270073,0.0005842156242579222,1.0,0.035942185670137405,0.009454236191231757,0.04463103041052818,0.03808501362800598,0.03662247583270073,0.022042224183678627,1.0
1790268466.716097,8.599286079406738,175,0,24,-0.0015087127685546875,0.018599191680550575,0.012297463603317738,0.017442090436816216,0.02625681459903717,0.0006228973506949842,1.0,22,-0.005634654778987169,0.029155384749174118,0.018389884382486343,0.023161746561527252,0.03967270255088806,0.002962434897199273,1.0,33,-0.03042648732662201,0.05695134773850441,0.020234856754541397,0.018968671560287476,0.06672588735818863,0.0009827172616496682,1.0,76,-0.018840188160538673,0.034574709832668304,0.018375657498836517,0.02103399857878685,0.04386325925588608,0.0005295784794725478,1.0,0.032964758574962616,0.023877288214862347,0.06672588735818863,0.05695134773850441,0.04386325925588608,0.034574709832668304,1.0
1790268466.7682073,8.65139627456665,176,0,24,-0.0240198764950037,0.04390271380543709,0.023609088733792305,0.01034651417285204,0.05434286966919899,0.0006928468937985599,1.0,22,-0.029743541032075882,0.06994906067848206,0.018644265830516815,0.025081520900130272,0.07886712998151779,0.0018877554684877396,1.0,33,-0.042778246104717255,0.06668645888566971,0.02802347205579281,0.0231205765157938,0.08166595548391342,0.0008865814306773245,1.0,76,-0.03967084363102913,0.04884177818894386,0.022826552391052246,0.02304046042263508,0.06536804139614105,0.0005400898517109454,1.0,0.06660499982535839,0.05692588724195957,0.08166595548391342,0.06668645888566971,0.06536804139614105,0.04884177818894386,1.0
1790268466.816098,8.699286937713623,177,0,24,-0.08134714514017105,0.08500925451517105,0.04075716435909271,0.020106272771954536,0.11969289928674698,0.0011273158015683293,1.0,22,-0.047497835010290146,0.024128306657075882,0.023396048694849014,0.03772483393549919,0.06641070544719696,0.0033530702348798513,1.0,33,-0.04250636324286461,0.08482083678245544,0.01861388422548771,0.025710126385092735,0.09646361321210861,0.0011965662706643343,1.0,76,-0.052258141338825226,0.06467106193304062,0.037022560834884644,0.03547964245080948,0.08890726417303085,0.0009085593046620488,1.0,0.09305180236697197,0.054568780586123466,0.09646361321210861,0.08482083678245544,0.08890726417303085,0.06467106193304062,1.0
1790268466.8681092,8.751298189163208,178,0,24,0.010863621719181538,0.054368335753679276,0.030918560922145844,0.012704110704362392,0.06322189420461655,0.0010489533888176084,1.0,22,-0.0036954013630747795,0.015728343278169632,0.02775537595152855,0.025062309578061104,0.036166492849588394,0.0012856300454586744,1.0,33,0.028843272477388382,0.038820672780275345,0.01874857395887375,0.019447432830929756,0.05296795815229416,0.0007649800973013043,1.0,76,0.012478276155889034,0.029207028448581696,0.027398502454161644,0.02929552085697651,0.046408385038375854,0.000659184530377388,1.0,0.04969419352710247,0.035048339515924454,0.05296795815229416,0.038820672780275345,0.046408385038375854,0.029207028448581696,1.0
1790268466.920115,8.803303956985474,179,0,24,0.12204106897115707,0.00869623851031065,0.07729355245828629,0.02846435084939003,0.1274263858795166,0.0014535728842020035,1.0,22,0.05552257224917412,0.011977455578744411,0.060602445155382156,0.032764967530965805,0.07650422304868698,0.0019400808960199356,1.0,33,0.1428167223930359,0.030160153284668922,0.06841075420379639,0.039546214044094086,0.14937259256839752,0.001659592380747199,1.0,76,0.10008400678634644,0.014872701838612556,0.07921535521745682,0.03630710765719414,0.10984177142381668,0.001193150645121932,1.0,0.10196530446410179,0.01033684704452753,0.14937259256839752,0.030160153284668922,0.10984177142381668,0.014872701838612556,1.0
1790268466.9682937,8.851482629776001,180,1,24,0.12741851806640625,0.04262860491871834,0.03890393301844597,0.02647344581782818,0.13703835010528564,0.001001634867861867,1.0,22,0.09814175963401794,0.04838423430919647,0.04233459010720253,0.03225013613700867,0.11654341220855713,0.003067949553951621,1.0,33,0.12363087385892868,0.06893365830183029,0.04588029533624649,0.019013937562704086,0.1448115110397339,0.001168446964584291,1.0,76,0.11243097484111786,0.050013791769742966,0.05501936748623848,0.037159278988838196,0.12872235476970673,0.0012327056610956788,1.0,0.1267908811569214,0.045506419613957405,0.1448115110397339,0.06893365830183029,0.12872235476970673,0.050013791769742966,1.0
1790268467.0203001,8.903489112854004,181,0,24,0.011547088623046875,0.07887586206197739,0.017024647444486618,0.01953200064599514,0.08163435012102127,0.0012767481384798884,1.0,22,0.031223643571138382,0.09739477187395096,0.03337862715125084,0.020592255517840385,0.10706332325935364,0.002736409194767475,1.0,33,-0.060858987271785736,0.19909483194351196,0.08294284343719482,0.07250814139842987,0.215846985578537,0.006205410230904818,1.0,76,0.000720977783203125,0.12041664123535156,0.04605710133910179,0.09293112903833389,0.12895531952381134,0.0017381946090608835,1.0,0.09434883669018745,0.08813531696796417,0.215846985578537,0.19909483194351196,0.12895531952381134,0.12041664123535156,1.0
1790268467.0682302,8.951419115066528,182,0,24,-0.22792816162109375,0.18960507214069366,0.11628607660531998,0.06520362198352814,0.3035942614078522,0.00259352196007967,1.0,22,-0.16689786314964294,0.11185247451066971,0.0643320232629776,0.04007565230131149,0.20380988717079163,0.007710175588726997,1.0,33,-0.34503358602523804,0.5543693900108337,0.18923324346542358,0.17022614181041718,0.6624571681022644,0.0069377729669213295,1.0,76,-0.17995934188365936,0.2724376618862152,0.1791418492794037,0.21511061489582062,0.34780988097190857,0.0036816962528973818,1.0,0.2537020742893219,0.1507287733256817,0.6624571681022644,0.5543693900108337,0.34780988097190857,0.2724376618862152,1.0
1790268467.1201725,9.003361463546753,183,0,24,-0.20925457775592804,0.061529796570539474,0.09762705117464066,0.024609887972474098,0.22347378730773926,0.002416911069303751,1.0,22,-0.17785921692848206,0.041747353971004486,0.07005894929170609,0.0921880453824997,0.19271963834762573,0.0056252977810800076,1.0,33,-0.12403546273708344,0.05242457613348961,0.07980075478553772,0.061269611120224,0.14450782537460327,0.0024870107881724834,1.0,76,-0.14573067426681519,0.05440591648221016,0.12474235147237778,0.06698054075241089,0.177500918507576,0.00188285147305578,1.0,0.2080967128276825,0.05163857527077198,0.14450782537460327,0.05242457613348961,0.177500918507576,0.05440591648221016,1.0
1790268467.171901,9.055089950561523,184,0,24,-0.15090179443359375,-0.0024547576904296875,0.04138478264212608,0.02592867985367775,0.15306591987609863,0.0019391514360904694,1.0,22,-0.1744787096977234,-0.048573579639196396,0.05064316466450691,0.047415073961019516,0.18854421377182007,0.003529162146151066,1.0,33,-0.10669869929552078,-0.01590890623629093,0.048586685210466385,0.03934595733880997,0.11743857711553574,0.0013736375840380788,1.0,76,-0.10569542646408081,0.0028510845731943846,0.0633338913321495,0.06651481240987778,0.12517553567886353,0.0013248116010800004,1.0,0.17080506682395935,-0.02551416866481304,0.11743857711553574,-0.01590890623629093,0.12517553567886353,0.0028510845731943846,1.0
1790268467.2198558,9.103044748306274,185,0,24,-0.1204579696059227,0.0347900390625,0.027581511065363884,0.011787709780037403,0.1264554262161255,0.0012595340376719832,1.0,22,-0.1218414306640625,-0.005296880379319191,0.05302829295396805,0.03102799318730831,0.12774550914764404,0.003629051148891449,1.0,33,-0.08764740824699402,0.028943611308932304,0.041615311056375504,0.04471784085035324,0.09867914766073227,0.000828076503239572,1.0,76,-0.10421492159366608,0.047016244381666183,0.045473817735910416,0.04937055706977844,0.12113404273986816,0.0012055527186021209,1.0,0.12710046768188477,0.014746579341590405,0.09867914766073227,0.028943611308932304,0.12113404273986816,0.047016244381666183,1.0
1790268467.2722495,9.155438423156738,186,0,24,-0.20043055713176727,0.09945742040872574,0.042061228305101395,0.024886228144168854,0.22455190122127533,0.0016022812342271209,1.0,22,-0.15781472623348236,0.0807238519191742,0.027444154024124146,0.032635483890771866,0.17902658879756927,0.0065836552530527115,1.0,33,-0.13007192313671112,0.10933754593133926,0.04257853329181671,0.035658497363328934,0.17098887264728546,0.0011034285416826606,1.0,76,-0.14992402493953705,0.105571448802948,0.06258536875247955,0.045065369457006454,0.1868864893913269,0.0013026732485741377,1.0,0.2017892450094223,0.09009063616394997,0.17098887264728546,0.10933754593133926,0.1868864893913269,0.105571448802948,1.0
1790268467.3203173,9.203506231307983,187,0,24,-0.16128475964069366,0.13088734447956085,0.0593135729432106,0.03854222595691681,0.2103722244501114,0.002339785685762763,1.0,22,-0.10050409287214279,0.10415510833263397,0.03880643844604492,0.02379673905670643,0.1478651612997055,0.003433363977819681,1.0,33,-0.1577707976102829,0.1699112355709076,0.0372706800699234,0.03650083392858505,0.233619824051857,0.0018504603067412972,1.0,76,-0.1318405568599701,0.1220538467168808,0.0562586635351181,0.07666795700788498,0.18729490041732788,0.0015712541062384844,1.0,0.17911869287490845,0.11752122640609741,0.233619824051857,0.1699112355709076,0.18729490041732788,0.1220538467168808,1.0
1790268467.372111,9.255300045013428,188,0,24,0.0130767822265625,0.14867527782917023,0.10740989446640015,0.06971016526222229,0.1789885312318802,0.005368210840970278,1.0,22,-0.136016845703125,0.1266326904296875,0.05986505374312401,0.12382519990205765,0.19681969285011292,0.012732156552374363,1.0,33,-0.05389589071273804,0.08673881739377975,0.028326760977506638,0.019579514861106873,0.10426349192857742,0.0008519433904439211,1.0,76,-0.05485333874821663,0.0784149169921875,0.050384681671857834,0.047457389533519745,0.10791037976741791,0.0013887409586459398,1.0,0.18790411204099655,0.13765398412942886,0.10426349192857742,0.08673881739377975,0.10791037976741791,0.0784149169921875,1.0
1790268467.4240875,9.307276487350464,189,0,24,0.6547145843505859,0.7201258540153503,0.8054322600364685,0.6641552448272705,1.0580430030822754,0.19790887832641602,1.0,22,-0.2675462067127228,0.3534053564071655,0.7041390538215637,0.7303184866905212,0.4978916347026825,0.15024526417255402,1.0,33,-0.04607506841421127,0.05970948934555054,0.02788379415869713,0.01919918693602085,0.07810317724943161,0.0007119260262697935,1.0,76,0.052440039813518524,0.17570094764232635,0.3615168333053589,0.4329546093940735,0.2529517114162445,0.03276460990309715,1.0,0.7779673188924789,0.5367656052112579,0.07810317724943161,0.05970948934555054,0.2529517114162445,0.17570094764232635,1.0
1790268467.4721384,9.355327367782593,190,0,24,0.05166689679026604,0.30267587304115295,0.22793126106262207,0.3074743449687958,0.37501415610313416,0.046740058809518814,1.0,22,-0.19911609590053558,0.17400360107421875,0.2661638855934143,0.2757505178451538,0.285069078207016,0.03423279523849487,1.0,33,-0.08022701740264893,0.1016642227768898,0.03920629248023033,0.019840428605675697,0.13289083540439606,0.0011484819697216153,1.0,76,-0.06959975510835648,0.1375698298215866,0.12256424129009247,0.18197029829025269,0.19139765202999115,0.012970058247447014,1.0,0.3300416171550751,0.23833973705768585,0.13289083540439606,0.1016642227768898,0.19139765202999115,0.1375698298215866,1.0
1790268467.5240877,9.407276630401611,191,0,24,-0.21365101635456085,0.05475680157542229,0.09297870844602585,0.15942953526973724,0.26967790722846985,0.00688021769747138,1.0,22,-0.09363763779401779,0.07661299407482147,0.13060249388217926,0.1004633978009224,0.18719501793384552,0.018959473818540573,1.0,33,-0.18499571084976196,0.149077907204628,0.04388855770230293,0.03323270380496979,0.23894377052783966,0.0012405280722305179,1.0,76,-0.16619129478931427,0.07050945609807968,0.09494281560182571,0.11072959750890732,0.20699802041053772,0.0028290406335145235,1.0,0.22843646258115768,0.06568489782512188,0.23894377052783966,0.149077907204628,0.20699802041053772,0.07050945609807968,1.0
1790268467.572097,9.455286026000977,192,0,24,-0.3970254361629486,-0.2257283478975296,0.3742959499359131,0.41677725315093994,0.529013454914093,0.053033024072647095,1.0,22,-0.03351939842104912,-0.05843907967209816,0.28217190504074097,0.2769453823566437,0.22902430593967438,0.039940617978572845,1.0,33,-0.08184074610471725,0.09016695618629456,0.034909602254629135,0.02939176931977272,0.12528251111507416,0.001094826846383512,1.0,76,-0.14993727207183838,-0.03538503125309944,0.25228646397590637,0.28001078963279724,0.21159175038337708,0.010359061881899834,1.0,0.3790188804268837,-0.14208371378481388,0.12528251111507416,0.09016695618629456,0.21159175038337708,-0.03538503125309944,1.0
1790268467.6240609,9.50724983215332,193,0,24,-0.32932981848716736,-0.29988160729408264,0.3761606812477112,0.3605031967163086,0.48416170477867126,0.043096672743558884,1.0,22,0.05570845305919647,-0.1475580334663391,0.2513352632522583,0.33831724524497986,0.21104946732521057,0.04454252868890762,1.0,33,0.0014879631344228983,0.030437584966421127,0.01884506456553936,0.018787069246172905,0.03575582057237625,0.0009197094477713108,1.0,76,-0.06094440817832947,-0.04811397194862366,0.17864663898944855,0.2318650633096695,0.11670714616775513,0.006878059823065996,1.0,0.3476055860519409,-0.22371982038021088,0.03575582057237625,0.030437584966421127,0.11670714616775513,-0.04811397194862366,1.0
1790268467.6761103,9.559299230575562,194,0,24,-0.06132189556956291,-0.1968962401151657,0.11837130784988403,0.20963449776172638,0.24292083084583282,0.0189060065895319,1.0,22,0.06059403717517853,-0.057856474071741104,0.07423394173383713,0.1649756133556366,0.12344179302453995,0.014209162443876266,1.0,33,0.0570882149040699,0.0503031425178051,0.03212795779109001,0.02146930620074272,0.08094538748264313,0.001348499907180667,1.0,76,0.02707752399146557,-0.01600717194378376,0.05057956650853157,0.1414002925157547,0.09073267132043839,0.0022641143295913935,1.0,0.18318131193518639,-0.1273763570934534,0.08094538748264313,0.0503031425178051,0.09073267132043839,-0.01600717194378376,1.0
1790268467.7240853,9.607274293899536,195,1,24,-0.021402359008789062,0.024955114349722862,0.061545778065919876,0.049080438911914825,0.07163417339324951,0.0030005648732185364,1.0,22,0.07404535263776779,0.034220609813928604,0.034231580793857574,0.06248273327946663,0.1031208336353302,0.003006265964359045,1.0,33,0.10081250965595245,0.1946563720703125,0.05522959679365158,0.046291500329971313,0.22512143850326538,0.0026113190688192844,1.0,76,0.059352271258831024,0.09814874827861786,0.06100137531757355,0.07962392270565033,0.12444837391376495,0.001445677480660379,1.0,0.08737750351428986,0.029587862081825733,0.22512143850326538,0.1946563720703125,0.12444837391376495,0.09814874827861786,1.0
1790268467.776195,9.65938401222229,196,0,24,-0.022831598296761513,0.0307744350284338,0.05931379273533821,0.04251731187105179,0.07479701191186905,0.0018078144639730453,1.0,22,0.040749289095401764,0.08571555465459824,0.027335060760378838,0.050796475261449814,0.10276417434215546,0.002930993679910898,1.0,33,0.044242165982723236,0.17755819857120514,0.0314052514731884,0.04453251510858536,0.18643133342266083,0.0021368530578911304,1.0,76,0.01684289239346981,0.10650122910737991,0.040021754801273346,0.08280909061431885,0.11702044308185577,0.001139871310442686,1.0,0.08878059312701225,0.05824499484151602,0.18643133342266083,0.17755819857120514,0.11702044308185577,0.10650122910737991,1.0
1790268467.823958,9.707146883010864,197,0,24,-0.0068677267991006374,0.03726959228515625,0.040573809295892715,0.036221347749233246,0.061794381588697433,0.0011445756535977125,1.0,22,0.029707474634051323,0.07007668167352676,0.03815578669309616,0.058891210705041885,0.095415860414505,0.0031421170569956303,1.0,33,0.06779572367668152,0.09845201671123505,0.031354401260614395,0.021176712587475777,0.12292426824569702,0.0012883059680461884,1.0,76,0.03567645326256752,0.05887182056903839,0.034578800201416016,0.03906163573265076,0.07658020406961441,0.0010618270607665181,1.0,0.07860512100160122,0.05367313697934151,0.12292426824569702,0.09845201671123505,0.07658020406961441,0.05887182056903839,1.0
1790268467.8759806,9.759169578552246,198,0,24,0.058269500732421875,-0.0070317587815225124,0.04301324859261513,0.04538152739405632,0.08106910437345505,0.0018942998722195625,1.0,22,0.08684609085321426,0.030122237280011177,0.04216408729553223,0.05808209627866745,0.10928972065448761,0.00305177248083055,1.0,33,0.07279644906520844,0.05557574704289436,0.027160778641700745,0.015906916931271553,0.09438645839691162,0.000988464686088264,1.0,76,0.06052659824490547,0.035003259778022766,0.030192779377102852,0.03758147358894348,0.07882685959339142,0.0008774717571213841,1.0,0.09517941251397133,0.011545239249244332,0.09438645839691162,0.05557574704289436,0.07882685959339142,0.035003259778022766,1.0
1790268467.9281878,9.811376810073853,199,0,24,0.04041099548339844,0.0067812600173056126,0.03588000312447548,0.029464278370141983,0.05310457572340965,0.0015713743632659316,1.0,22,0.07306046783924103,0.045535001903772354,0.03282685577869415,0.04263819754123688,0.09823048114776611,0.0019642787519842386,1.0,33,0.10230833292007446,0.10062477737665176,0.032363925129175186,0.022803841158747673,0.1463049203157425,0.002165108686313033,1.0,76,0.06844992190599442,0.041316282004117966,0.03733561560511589,0.045714523643255234,0.087948277592659,0.001072206418029964,1.0,0.07566752843558788,0.026158130960538983,0.1463049203157425,0.10062477737665176,0.087948277592659,0.041316282004117966,1.0
1790268467.9762018,9.85939073562622,200,0,24,0.004112879280000925,0.07406298071146011,0.029025206342339516,0.03376433253288269,0.07940279692411423,0.0014389576390385628,1.0,22,0.05978809669613838,0.07122247666120529,0.0508100725710392,0.07268878817558289,0.11761301010847092,0.002406671643257141,1.0,33,0.06711786240339279,0.3368127942085266,0.07984575629234314,0.11081957817077637,0.3529161512851715,0.006461658980697393,1.0,76,0.04467974230647087,0.1397271454334259,0.04617840424180031,0.13226798176765442,0.1515905261039734,0.002151412656530738,1.0,0.09850790351629257,0.0726427286863327,0.3529161512851715,0.3368127942085266,0.1515905261039734,0.1397271454334259,1.0
1790268468.028185,9.911373853683472,201,0,24,-0.046543121337890625,0.17232005298137665,0.06716667860746384,0.03763728216290474,0.19024460017681122,0.002702755155041814,1.0,22,0.038109518587589264,0.13209880888462067,0.034285735338926315,0.05389837175607681,0.14103375375270844,0.0023653937969356775,1.0,33,0.029660774394869804,0.4148665964603424,0.06606367230415344,0.0725175216794014,0.4211481809616089,0.006420900113880634,1.0,76,0.005459433887153864,0.21561944484710693,0.05375830456614494,0.16060537099838257,0.22396861016750336,0.0027454339433461428,1.0,0.16563917696475983,0.15220943093299866,0.4211481809616089,0.4148665964603424,0.22396861016750336,0.21561944484710693,1.0
1790268468.0761478,9.959336757659912,202,0,24,-0.04773266986012459,0.12245623022317886,0.02906837873160839,0.037312205880880356,0.13353019952774048,0.0013285117456689477,1.0,22,-0.0005770596326328814,0.11476828902959824,0.04078429192304611,0.046464692801237106,0.12423612922430038,0.0017537501407787204,1.0,33,0.03401368856430054,0.18544745445251465,0.03210292011499405,0.05227252468466759,0.19153954088687897,0.0036718137562274933,1.0,76,0.006885327864438295,0.11267521232366562,0.03323773294687271,0.07882416248321533,0.11824954301118851,0.001779442187398672,1.0,0.12888316437602043,0.11861225962638855,0.19153954088687897,0.18544745445251465,0.11824954301118851,0.11267521232366562,1.0
1790268468.1282904,10.011479377746582,203,0,24,0.0149599714204669,0.07294908910989761,0.02608560025691986,0.03165093809366226,0.07731391489505768,0.0013374383561313152,1.0,22,0.025577891618013382,0.06653248518705368,0.03736687824130058,0.02910458669066429,0.07963291555643082,0.0023701416794210672,1.0,33,0.05799311026930809,0.08810008317232132,0.03257076069712639,0.02503375895321369,0.11056285351514816,0.0012667328119277954,1.0,76,0.021290026605129242,0.06086801365017891,0.03288717567920685,0.03927351534366608,0.07052725553512573,0.0008020502864383161,1.0,0.07847341522574425,0.06974078714847565,0.11056285351514816,0.08810008317232132,0.07052725553512573,0.06086801365017891,1.0
1790268468.1801836,10.063372611999512,204,0,24,-0.01103337574750185,0.06242179870605469,0.021693166345357895,0.015974996611475945,0.06598608940839767,0.0006761965923942626,1.0,22,0.044869162142276764,0.09128224104642868,0.02932516299188137,0.02323063835501671,0.10531428456306458,0.0024240268394351006,1.0,33,0.02646937593817711,0.0993804931640625,0.028433077037334442,0.019020825624465942,0.10703466832637787,0.0008552480139769614,1.0,76,0.010305103845894337,0.06296418607234955,0.019593311473727226,0.039834268391132355,0.06818491220474243,0.0007205975125543773,1.0,0.08565018698573112,0.07685201987624168,0.10703466832637787,0.0993804931640625,0.06818491220474243,0.06296418607234955,1.0
1790268468.2282157,10.111404657363892,205,0,24,0.007895787246525288,0.10297521203756332,0.02877298928797245,0.018864411860704422,0.10713391751050949,0.0006232905434444547,1.0,22,0.006337946280837059,0.15105785429477692,0.04619518294930458,0.031667035073041916,0.15775756537914276,0.0019612328615039587,1.0,33,-0.06023106351494789,0.2370249480009079,0.06435980647802353,0.06845014542341232,0.24946914613246918,0.002376267919316888,1.0,76,-0.025007950142025948,0.13817566633224487,0.03704792261123657,0.09922874718904495,0.14706827700138092,0.0010631224140524864,1.0,0.13244574144482613,0.12701653316617012,0.24946914613246918,0.2370249480009079,0.14706827700138092,0.13817566633224487,1.0
1790268468.280137,10.163326025009155,206,0,24,-0.12172380834817886,0.21454238891601562,0.05512671917676926,0.062383782118558884,0.24876070022583008,0.00214279443025589,1.0,22,-0.020378805696964264,0.16370807588100433,0.030896475538611412,0.06560324132442474,0.1684296727180481,0.0043203020468354225,1.0,33,-0.09532766789197922,0.3294317126274109,0.04409245774149895,0.0718749389052391,0.34464454650878906,0.0030458082910627127,1.0,76,-0.06793895363807678,0.18470092117786407,0.05485786497592926,0.13965044915676117,0.20289213955402374,0.001573757384903729,1.0,0.2085951864719391,0.18912523239850998,0.34464454650878906,0.3294317126274109,0.20289213955402374,0.18470092117786407,1.0
1790268468.328267,10.211456060409546,207,0,24,-0.05903371050953865,0.17830467224121094,0.041881754994392395,0.04151081293821335,0.19140379130840302,0.0027101507876068354,1.0,22,0.00848388671875,0.1680048108100891,0.06160324066877365,0.05698332190513611,0.1773897111415863,0.0026190346106886864,1.0,33,0.004130507819354534,0.20205503702163696,0.08310943096876144,0.042758334428071976,0.21662776172161102,0.0033958815038204193,1.0,76,-0.025481775403022766,0.13032440841197968,0.04839125648140907,0.10177962481975555,0.15009672939777374,0.001687008305452764,1.0,0.18439675122499466,0.17315474152565002,0.21662776172161102,0.20205503702163696,0.15009672939777374,0.13032440841197968,1.0
1790268468.3802202,10.26340913772583,208,0,24,0.010427474975585938,0.09786415100097656,0.030323555693030357,0.027118220925331116,0.10193848609924316,0.0010025815572589636,1.0,22,0.027080189436674118,0.12346232682466507,0.045988623052835464,0.057960133999586105,0.13544961810112,0.002708918647840619,1.0,33,0.007860125973820686,0.11479325592517853,0.03326643630862236,0.01829221099615097,0.11955343186855316,0.0012836813693866134,1.0,76,0.00802090298384428,0.06314769387245178,0.029504133388400078,0.05880269780755043,0.08182842284440994,0.0009301989339292049,1.0,0.11869405210018158,0.11066323891282082,0.11955343186855316,0.11479325592517853,0.08182842284440994,0.06314769387245178,1.0
1790268468.4319649,10.31515383720398,209,0,24,0.03413836285471916,0.061896007508039474,0.021985357627272606,0.02665114402770996,0.0726366713643074,0.0011135160457342863,1.0,22,0.0239105224609375,0.0857953131198883,0.03577306866645813,0.035271842032670975,0.09916189312934875,0.0025529044214636087,1.0,33,0.03169897943735123,0.10724154114723206,0.020850319415330887,0.025291405618190765,0.11393669247627258,0.0010399501770734787,1.0,76,0.025868667289614677,0.05367851257324219,0.030200593173503876,0.050535086542367935,0.07130969315767288,0.0007854918949306011,1.0,0.08589928224682808,0.07384566031396389,0.11393669247627258,0.10724154114723206,0.07130969315767288,0.05367851257324219,1.0
1790268468.4799254,10.363114356994629,210,1,24,0.038387298583984375,0.05998039245605469,0.021553033962845802,0.029388759285211563,0.07400118559598923,0.0010361882159486413,1.0,22,0.06774625182151794,0.08562677353620529,0.04028180614113808,0.0380992591381073,0.11791665107011795,0.002011960605159402,1.0,33,0.029431430622935295,0.08044156432151794,0.01715691387653351,0.018325893208384514,0.0876520499587059,0.0008578216657042503,1.0,76,0.03442081809043884,0.05005023255944252,0.024523848667740822,0.037522073835134506,0.06669312715530396,0.0007220825063996017,1.0,0.09595891833305359,0.07280358299612999,0.0876520499587059,0.08044156432151794,0.06669312715530396,0.05005023255944252,1.0
1790268468.5322223,10.415411233901978,211,0,24,0.042853038758039474,0.0217870082706213,0.01421480905264616,0.030352996662259102,0.05425463616847992,0.0012316260254010558,1.0,22,0.05619673430919647,0.04641862213611603,0.029218442738056183,0.026772644370794296,0.0787656381726265,0.0014304057694971561,1.0,33,0.03313099220395088,0.03529311716556549,0.018086960539221764,0.014147575944662094,0.051438961178064346,0.0007709948695264757,1.0,76,0.034913916140794754,0.016226517036557198,0.02425946481525898,0.02992764487862587,0.04797609895467758,0.000974132854025811,1.0,0.06651013717055321,0.034102815203368664,0.051438961178064346,0.03529311716556549,0.04797609895467758,0.016226517036557198,1.0
1790268468.5801828,10.463371753692627,212,0,24,0.11316617578268051,-0.0528055839240551,0.0434732586145401,0.030039092525839806,0.12700502574443817,0.0013322687009349465,1.0,22,0.06971185654401779,-0.0036940141580998898,0.027836838737130165,0.01779746450483799,0.07345392554998398,0.001915302942506969,1.0,33,0.04608061909675598,-0.02709498628973961,0.032048385590314865,0.02324286662042141,0.05895427241921425,0.0010912911966443062,1.0,76,0.06023949012160301,-0.025708450004458427,0.03937205672264099,0.03554188087582588,0.07293397188186646,0.0006550890975631773,1.0,0.10022947564721107,-0.028249799041077495,0.05895427241921425,-0.02709498628973961,0.07293397188186646,-0.025708450004458427,1.0
1790268468.6320875,10.515276432037354,213,0,24,0.11076291650533676,-0.09157053381204605,0.04469076544046402,0.0266393031924963,0.14539478719234467,0.0013403818011283875,1.0,22,0.10508866608142853,0.005129033699631691,0.05531054735183716,0.03337475657463074,0.1116701140999794,0.0022394759580492973,1.0,33,0.05388941988348961,-0.046761251986026764,0.03051331453025341,0.030667724087834358,0.07670197635889053,0.0008225605706684291,1.0,76,0.07434885203838348,-0.05617031455039978,0.05025626718997955,0.049686506390571594,0.103030726313591,0.0008935432997532189,1.0,0.12853245064616203,-0.04322075005620718,0.07670197635889053,-0.046761251986026764,0.103030726313591,-0.05617031455039978,1.0
1790268468.6802638,10.56345272064209,214,0,24,0.04952939227223396,-0.03129259869456291,0.021487129852175713,0.02145327813923359,0.06245213747024536,0.0008310003322549164,1.0,22,0.03522144630551338,0.01877593994140625,0.04123179242014885,0.0327763631939888,0.06243101507425308,0.0011772257275879383,1.0,33,0.02408807910978794,-0.0016581217059865594,0.013641894795000553,0.028443941846489906,0.03642044961452484,0.0007788599468767643,1.0,76,0.0331866629421711,-0.02184165082871914,0.029291465878486633,0.03376730531454086,0.05077982321381569,0.0007254591328091919,1.0,0.06244157627224922,-0.006258329376578331,0.03642044961452484,-0.0016581217059865594,0.05077982321381569,-0.02184165082871914,1.0
1790268468.7321463,10.61533522605896,215,0,24,-0.0026391346473246813,0.0070966086350381374,0.03004307858645916,0.0161039587110281,0.03193318843841553,0.001596046262420714,1.0,22,0.014893964864313602,0.05003010109066963,0.02593858540058136,0.021647952497005463,0.058816444128751755,0.0011962952557951212,1.0,33,-0.04194733500480652,0.050345681607723236,0.016620131209492683,0.0184568352997303,0.06834466755390167,0.0006191087886691093,1.0,76,-0.018617931753396988,0.01810866966843605,0.03253776580095291,0.03405894339084625,0.048254843801259995,0.0006311617908068001,1.0,0.04537481628358364,0.028563354862853885,0.06834466755390167,0.050345681607723236,0.048254843801259995,0.01810866966843605,1.0
1790268468.7841458,10.667334794998169,216,0,24,-0.08316866308450699,0.022727331146597862,0.05812307074666023,0.025197003036737442,0.09079993516206741,0.0011983379954472184,1.0,22,-0.03471235930919647,0.04789525642991066,0.02859415113925934,0.027423590421676636,0.06453003734350204,0.002580489031970501,1.0,33,-0.10868187993764877,0.04035764932632446,0.03908102214336395,0.021267451345920563,0.11897288262844086,0.001587444799952209,1.0,76,-0.0726037248969078,0.019226375967264175,0.054229721426963806,0.035917866975069046,0.08507249504327774,0.0009075685520656407,1.0,0.07766498625278473,0.03531129378825426,0.11897288262844086,0.04035764932632446,0.08507249504327774,0.019226375967264175,1.0
1790268468.8321223,10.715311288833618,217,0,24,-0.08036931604146957,-0.02390289306640625,0.040967464447021484,0.02023892104625702,0.08689907938241959,0.000992941320873797,1.0,22,-0.06580699235200882,0.0034131137654185295,0.03223063796758652,0.017466796562075615,0.06879501789808273,0.0021786876022815704,1.0,33,-0.10188987106084824,-0.02912856638431549,0.044379767030477524,0.03475159779191017,0.10888781398534775,0.0016043485375121236,1.0,76,-0.06960336863994598,-0.018595043569803238,0.043234433978796005,0.029744533821940422,0.07756149023771286,0.0010596405481919646,1.0,0.07784704864025116,-0.01024488965049386,0.10888781398534775,-0.02912856638431549,0.07756149023771286,-0.018595043569803238,1.0
1790268468.8842208,10.767409801483154,218,0,24,-0.04153378680348396,-0.05307197570800781,0.03979862108826637,0.01347784511744976,0.07774291187524796,0.0008081036503426731,1.0,22,-0.059455178678035736,-0.023793308064341545,0.023097027093172073,0.02894919365644455,0.07160499691963196,0.002663213759660721,1.0,33,-0.06527340412139893,-0.05702394247055054,0.01345805823802948,0.021861763671040535,0.08818811178207397,0.0005727451643906534,1.0,76,-0.046223290264606476,-0.04207048937678337,0.024041829630732536,0.026256930083036423,0.06595570594072342,0.0006055255071260035,1.0,0.07467395439743996,-0.03843264188617468,0.08818811178207397,-0.05702394247055054,0.06595570594072342,-0.04207048937678337,1.0
1790268468.9321826,10.8153715133667,219,0,24,-0.021718978881835938,-0.029743194580078125,0.012189934030175209,0.01439591869711876,0.03975066542625427,0.000724489800632,1.0,22,-0.036450471729040146,-0.010201194323599339,0.030924426391720772,0.02949165366590023,0.050870347768068314,0.001322349300608039,1.0,33,-0.04236024618148804,-0.029690366238355637,0.02252611517906189,0.019135799258947372,0.05332270264625549,0.0006157511379569769,1.0,76,-0.027889251708984375,-0.0233160313218832,0.01862466335296631,0.024187469854950905,0.042330075055360794,0.00048083820729516447,1.0,0.04531050659716129,-0.019972194451838732,0.05332270264625549,-0.029690366238355637,0.042330075055360794,-0.0233160313218832,1.0
1790268468.9841652,10.867354154586792,220,0,24,-0.0076796212233603,0.0018939971923828125,0.012193499132990837,0.012980618514120579,0.0166392233222723,0.0005712868296541274,1.0,22,0.0071688564494252205,0.013615000993013382,0.03230276331305504,0.022646896541118622,0.034164104610681534,0.0017650012159720063,1.0,33,-0.01964268460869789,0.04583324119448662,0.017678210511803627,0.017653513699769974,0.052652060985565186,0.0006557843298651278,1.0,76,-0.011697468347847462,0.021526236087083817,0.01499488577246666,0.0237850621342659,0.03164083510637283,0.0004977235221303999,1.0,0.025401663966476917,0.007754499092698097,0.052652060985565186,0.04583324119448662,0.03164083510637283,0.021526236087083817,1.0
1790268469.035983,10.919172048568726,221,0,24,0.023420969024300575,0.024886449798941612,0.013792493380606174,0.014543226920068264,0.03830152377486229,0.0005985161405988038,1.0,22,0.029624246060848236,0.039581991732120514,0.023197172209620476,0.02186271920800209,0.05529322475194931,0.002511700615286827,1.0,33,0.06530021876096725,0.09387808293104172,0.04862804338335991,0.03817963972687721,0.11911235004663467,0.0015331989852711558,1.0,76,0.03523716330528259,0.03419855982065201,0.034253112971782684,0.050457973033189774,0.06261245161294937,0.0009207605035044253,1.0,0.0467973742634058,0.03223422076553106,0.11911235004663467,0.09387808293104172,0.06261245161294937,0.03419855982065201,1.0
1790268469.0841246,10.967313528060913,222,0,24,0.19032414257526398,-0.00813166331499815,0.08761259913444519,0.021068019792437553,0.19150596857070923,0.002047034678980708,1.0,22,0.12471285462379456,0.03739790618419647,0.03469083085656166,0.028474921360611916,0.13455571234226227,0.002733674831688404,1.0,33,0.16440929472446442,0.09709907323122025,0.06861184537410736,0.03848668560385704,0.19617070257663727,0.0028902930207550526,1.0,76,0.1514388620853424,0.0379556342959404,0.09020537883043289,0.05984180420637131,0.16802480816841125,0.002301030093804002,1.0,0.16303084045648575,0.014633121434599161,0.19617070257663727,0.09709907323122025,0.16802480816841125,0.0379556342959404,1.0
1790268469.1360605,11.019249439239502,223,0,24,0.3212718963623047,-0.06258583068847656,0.09702283889055252,0.037979114800691605,0.32875773310661316,0.0022720908746123314,1.0,22,0.31071195006370544,-0.01676732860505581,0.1491999328136444,0.08835684508085251,0.3201444745063782,0.005331002175807953,1.0,33,0.2818039357662201,0.026495730504393578,0.09668442606925964,0.03008269891142845,0.2852669358253479,0.0024559751618653536,1.0,76,0.2788429260253906,-0.009981255978345871,0.11883193254470825,0.10781552642583847,0.297333300113678,0.0026996154338121414,1.0,0.32445110380649567,-0.039676579646766186,0.2852669358253479,0.026495730504393578,0.297333300113678,-0.009981255978345871,1.0
1790268469.1841254,11.067314386367798,224,0,24,0.30410638451576233,-0.07366053014993668,0.0894840881228447,0.019610987976193428,0.31369855999946594,0.002165336161851883,1.0,22,0.3092235326766968,0.027022622525691986,0.07383103668689728,0.038360029458999634,0.3130161464214325,0.013779767788946629,1.0,33,0.27268704771995544,-0.009834983386099339,0.07698503881692886,0.034750405699014664,0.2752258777618408,0.002107871463522315,1.0,76,0.2709690034389496,-0.04301593080163002,0.1279413402080536,0.0683416873216629,0.2836363911628723,0.0025305007584393024,1.0,0.3133573532104492,-0.023318953812122345,0.2752258777618408,-0.009834983386099339,0.2836363911628723,-0.04301593080163002,1.0
1790268469.2361825,11.11937141418457,225,1,24,0.24555905163288116,-0.04093487933278084,0.04138639569282532,0.03127460554242134,0.2509031593799591,0.0012857819674536586,1.0,22,0.27941617369651794,0.042615022510290146,0.07519549131393433,0.04475526511669159,0.28578346967697144,0.009477772749960423,1.0,33,0.2287542223930359,0.006664854008704424,0.03783790022134781,0.02601618878543377,0.23073281347751617,0.0013069648994132876,1.0,76,0.20296518504619598,-0.009024971164762974,0.08613020926713943,0.05847471207380295,0.2127644121646881,0.0017332520801573992,1.0,0.26834331452846527,0.0008400715887546539,0.23073281347751617,0.006664854008704424,0.2127644121646881,-0.009024971164762974,1.0
1790268469.288265,11.171453952789307,226,0,24,0.1515706330537796,-0.03593381121754646,0.05933832749724388,0.021403510123491287,0.1573091298341751,0.001272127265110612,1.0,22,0.17609335482120514,0.017106490209698677,0.05539096146821976,0.030401093885302544,0.1804652065038681,0.0017349743284285069,1.0,33,0.14459967613220215,0.02327936328947544,0.033258624374866486,0.024932801723480225,0.14902691543102264,0.0008874259074218571,1.0,76,0.1253393143415451,-0.004555350635200739,0.04995816946029663,0.03912696987390518,0.13186119496822357,0.0012093528639525175,1.0,0.1688871681690216,-0.009413660503923893,0.14902691543102264,0.02327936328947544,0.13186119496822357,-0.004555350635200739,1.0
1790268469.3361857,11.219374656677246,227,0,24,0.07677523046731949,-0.016269048675894737,0.03350616618990898,0.012550551444292068,0.08041384816169739,0.0008026193827390671,1.0,22,0.10634405165910721,0.016283901408314705,0.03550505265593529,0.026637770235538483,0.11134485900402069,0.0018935366533696651,1.0,33,0.08572480082511902,0.014851887710392475,0.03142225369811058,0.020125824958086014,0.08957718312740326,0.0009970656828954816,1.0,76,0.07237745821475983,-0.007585726212710142,0.029164288192987442,0.025286156684160233,0.07766897231340408,0.00068772112717852,1.0,0.09587935358285904,7.426366209983826e-06,0.08957718312740326,0.014851887710392475,0.07766897231340408,-0.007585726212710142,1.0
1790268469.38828,11.271468877792358,228,0,24,0.08588727563619614,-0.04180463030934334,0.03655525669455528,0.016496969386935234,0.09831360727548599,0.001019696588627994,1.0,22,0.08838584274053574,-0.019317626953125,0.03749174252152443,0.04467546567320824,0.10126535594463348,0.0017282498301938176,1.0,33,0.07435145229101181,-0.03104654885828495,0.02755633555352688,0.014055884443223476,0.08273980766534805,0.000832204706966877,1.0,76,0.06664938479661942,-0.034058522433042526,0.030441932380199432,0.026090051978826523,0.07924479246139526,0.0007763183675706387,1.0,0.09978948161005974,-0.03056112863123417,0.08273980766534805,-0.03104654885828495,0.07924479246139526,-0.034058522433042526,1.0
1790268469.4362295,11.31941843032837,229,0,24,0.09678903967142105,-0.07497850805521011,0.03164095804095268,0.018834030255675316,0.12452062964439392,0.0008342174696736038,1.0,22,0.08304526656866074,-0.018984707072377205,0.03128543868660927,0.024124832823872566,0.08858507126569748,0.001760772312991321,1.0,33,0.05410211905837059,-0.0566660575568676,0.021413350477814674,0.022416196763515472,0.08139774948358536,0.0006807932513765991,1.0,76,0.05717729404568672,-0.053582340478897095,0.03162156045436859,0.03438941761851311,0.08375474065542221,0.0008665658533573151,1.0,0.1065528504550457,-0.04698160756379366,0.08139774948358536,-0.0566660575568676,0.08375474065542221,-0.053582340478897095,1.0
1790268469.4882648,11.371453762054443,230,0,24,0.04085477069020271,-0.04522768780589104,0.02415144443511963,0.01890513114631176,0.06223340705037117,0.0009591497364453971,1.0,22,0.008931940421462059,-0.0015681873774155974,0.03908419609069824,0.03179250285029411,0.04313935339450836,0.0021394581999629736,1.0,33,0.01584787108004093,-0.02542021870613098,0.020573707297444344,0.012763435952365398,0.03619905188679695,0.0004984711413271725,1.0,76,0.02786877192556858,-0.021841049194335938,0.02252235822379589,0.023434920236468315,0.04290921613574028,0.0006298351800069213,1.0,0.052686380222439766,-0.023397937591653317,0.03619905188679695,-0.02542021870613098,0.04290921613574028,-0.021841049194335938,1.0
1790268469.540226,11.423414945602417,231,0,24,-0.009693781845271587,0.008495966903865337,0.028686601668596268,0.012242211028933525,0.029901346191763878,0.001123623107559979,1.0,22,-0.009975086897611618,0.022240377962589264,0.02016175165772438,0.022906458005309105,0.03311261162161827,0.0012054397957399487,1.0,33,-0.03692765533924103,0.01687113381922245,0.015915600582957268,0.016386287286877632,0.04420431703329086,0.0006638105260208249,1.0,76,-0.02004723809659481,0.007322110701352358,0.021708674728870392,0.017108768224716187,0.030698515474796295,0.0005605722544714808,1.0,0.031506978906691074,0.0153681724332273,0.04420431703329086,0.01687113381922245,0.030698515474796295,0.007322110701352358,1.0
1790268469.5883193,11.471508264541626,232,0,24,-0.05895423889160156,0.02187601663172245,0.0553649440407753,0.018812935799360275,0.07480406761169434,0.0015316399512812495,1.0,22,-0.049145784229040146,0.018122585490345955,0.03368246555328369,0.02412925846874714,0.05745672062039375,0.001443794695660472,1.0,33,-0.06815037876367569,0.004694158211350441,0.020916972309350967,0.013077573850750923,0.07019698619842529,0.000696083006914705,1.0,76,-0.043112706393003464,0.010918968357145786,0.04312490299344063,0.017730634659528732,0.05190945789217949,0.0006961452309042215,1.0,0.06613039411604404,0.019999301061034203,0.07019698619842529,0.004694158211350441,0.05190945789217949,0.010918968357145786,1.0
1790268469.6399932,11.523182153701782,233,0,24,-0.022008895874023438,-0.023448944091796875,0.020392421633005142,0.01031394675374031,0.03585604578256607,0.0007878930191509426,1.0,22,-0.025265781208872795,-0.033295370638370514,0.028130611404776573,0.031934842467308044,0.057384561747312546,0.0038943930994719267,1.0,33,-0.03604310750961304,-0.04876893758773804,0.02774076536297798,0.016481388360261917,0.06599356979131699,0.0006005485192872584,1.0,76,-0.022568752989172935,-0.02757333405315876,0.025021692737936974,0.023654859513044357,0.0411372072994709,0.0005360089708119631,1.0,0.04662030376493931,-0.028372157365083694,0.06599356979131699,-0.04876893758773804,0.0411372072994709,-0.02757333405315876,1.0
1790268469.6879454,11.571134328842163,234,0,24,0.022977828979492188,-0.07827695459127426,0.018841668963432312,0.015531699173152447,0.08386945724487305,0.0011854604817926884,1.0,22,0.020982222631573677,-0.038047097623348236,0.03068564087152481,0.04267723113298416,0.06291823834180832,0.0028704418800771236,1.0,33,-0.022724498063325882,-0.0962168350815773,0.034481294453144073,0.02192411571741104,0.1041499525308609,0.0018221641657873988,1.0,76,0.007663927506655455,-0.06395189464092255,0.026580041274428368,0.042844366282224655,0.07245144993066788,0.0009021882433444262,1.0,0.07339384779334068,-0.05816202610731125,0.1041499525308609,-0.0962168350815773,0.07245144993066788,-0.06395189464092255,1.0
1790268469.7398028,11.622991800308228,235,0,24,0.045411426573991776,-0.06427892297506332,0.04183061048388481,0.01533106155693531,0.08439885824918747,0.0008613026584498584,1.0,22,0.008726640604436398,-0.04192213714122772,0.02774680033326149,0.02540474943816662,0.049801625311374664,0.0014675612328574061,1.0,33,-0.0044759116135537624,-0.06922126561403275,0.01936197653412819,0.011123166419565678,0.0719633549451828,0.0008795008179731667,1.0,76,0.009413870051503181,-0.04415732994675636,0.02191893756389618,0.03330954536795616,0.05458630993962288,0.0006122303893789649,1.0,0.06710024178028107,-0.05310053005814552,0.0719633549451828,-0.06922126561403275,0.05458630993962288,-0.04415732994675636,1.0
1790268469.7922068,11.675395727157593,236,0,24,-0.0014355977764353156,-0.014184951782226562,0.03503533825278282,0.013888402841985226,0.03437689319252968,0.0007998403161764145,1.0,22,0.00509504834190011,-0.00651689013466239,0.020857352763414383,0.020270556211471558,0.02520856261253357,0.0010144934058189392,1.0,33,-0.03374781832098961,-0.01732889749109745,0.018046969547867775,0.01449436042457819,0.0419289655983448,0.0006666862173005939,1.0,76,-0.00378156965598464,-0.0071878936141729355,0.028985433280467987,0.019015619531273842,0.031007464975118637,0.0007035912130959332,1.0,0.029792727902531624,-0.010350920958444476,0.0419289655983448,-0.01732889749109745,0.031007464975118637,-0.0071878936141729355,1.0
1790268469.8403018,11.723490715026855,237,0,24,-0.0011138916015625,-0.00014495849609375,0.018842892721295357,0.01691809669137001,0.01971622370183468,0.0008026242721825838,1.0,22,-0.012852061539888382,0.0017818104242905974,0.035775624215602875,0.027345450595021248,0.042181286960840225,0.002718544565141201,1.0,33,-0.007869374006986618,0.0026041667442768812,0.015289097093045712,0.012282547540962696,0.017752399668097496,0.0007973062456585467,1.0,76,-0.0006428768974728882,0.0030125065241008997,0.021889980882406235,0.01702406257390976,0.02344207465648651,0.0006873036618344486,1.0,0.030948755331337452,0.0008184259640984237,0.017752399668097496,0.0026041667442768812,0.02344207465648651,0.0030125065241008997,1.0
1790268469.8922567,11.775445699691772,238,0,24,0.01551055908203125,-0.011013667099177837,0.016988055780529976,0.014814957976341248,0.027108460664749146,0.0011756968451663852,1.0,22,0.009909889660775661,-0.017330516129732132,0.022943412885069847,0.0193791426718235,0.03311130777001381,0.0011708225356414914,1.0,33,0.012503883801400661,-0.006396669428795576,0.018659964203834534,0.013870797120034695,0.022724442183971405,0.000665838539134711,1.0,76,0.018165186047554016,-0.00710276560857892,0.016377249732613564,0.016510749235749245,0.026778146624565125,0.0005505630979314446,1.0,0.030109884217381477,-0.014172091614454985,0.022724442183971405,-0.006396669428795576,0.026778146624565125,-0.00710276560857892,1.0
1790268469.9403253,11.823514223098755,239,0,24,0.08839797973632812,-0.0579477958381176,0.03647296875715256,0.020687447860836983,0.1080261766910553,0.0014777096221223474,1.0,22,0.06261651962995529,-0.036948464810848236,0.017594408243894577,0.024149861186742783,0.07553160190582275,0.0024214033037424088,1.0,33,0.06866639852523804,-0.04174666106700897,0.01704779639840126,0.010189536958932877,0.08089841157197952,0.0007294762181118131,1.0,76,0.06853384524583817,-0.035626061260700226,0.03343616798520088,0.025992171838879585,0.08119868487119675,0.0006942466134205461,1.0,0.09177888929843903,-0.04744813032448292,0.08089841157197952,-0.04174666106700897,0.08119868487119675,-0.035626061260700226,1.0
1790268469.9921556,11.875344514846802,240,1,24,0.07203737646341324,-0.038677215576171875,0.036480262875556946,0.016935380175709724,0.08507779985666275,0.0009612105786800385,1.0,22,0.04810680076479912,-0.0033368198201060295,0.026033220812678337,0.02695385552942753,0.05559399351477623,0.0016037452733144164,1.0,33,0.05336923152208328,-0.008126923814415932,0.0232582688331604,0.013055820018053055,0.055554550141096115,0.0006424987222999334,1.0,76,0.05510571226477623,-0.009036917239427567,0.02959888055920601,0.03900127112865448,0.0659264549612999,0.0007178564555943012,1.0,0.07033589668571949,-0.021007017698138952,0.055554550141096115,-0.008126923814415932,0.0659264549612999,-0.009036917239427567,1.0
1790268470.0443041,11.92749309539795,241,0,24,0.0103085832670331,0.037998199462890625,0.027913067489862442,0.014832787215709686,0.046694815158843994,0.0007177043589763343,1.0,22,0.05760608986020088,0.02581995166838169,0.039846085011959076,0.01793098822236061,0.06768273562192917,0.0015213043661788106,1.0,33,0.018633754923939705,0.051023077219724655,0.015276961959898472,0.018189944326877594,0.057304561138153076,0.0007861929479986429,1.0,76,0.022236673161387444,0.0321127250790596,0.01815793104469776,0.02155834622681141,0.04407637193799019,0.0006569665856659412,1.0,0.05718877539038658,0.03190907556563616,0.057304561138153076,0.051023077219724655,0.04407637193799019,0.0321127250790596,1.0
1790268470.0921586,11.975347518920898,242,0,24,-0.06482187658548355,0.07626978307962418,0.05018043890595436,0.03036150336265564,0.10398785024881363,0.001603979035280645,1.0,22,-0.017671065405011177,0.05255335196852684,0.030925245955586433,0.04281160607933998,0.06484446674585342,0.0015217405743896961,1.0,33,-0.025520555675029755,0.08013083785772324,0.033651672303676605,0.026137517765164375,0.08847492188215256,0.0008573063532821834,1.0,76,-0.035736083984375,0.05565793812274933,0.04799183830618858,0.04371241107583046,0.07680575549602509,0.0008904506685212255,1.0,0.08441615849733353,0.06441156752407551,0.08847492188215256,0.08013083785772324,0.07680575549602509,0.05565793812274933,1.0
1790268470.144133,12.027322053909302,243,0,24,-0.030096689239144325,0.03715769574046135,0.01764066144824028,0.016547707840800285,0.050671905279159546,0.0008325384114868939,1.0,22,-0.03476923331618309,0.005796259269118309,0.02820146270096302,0.02728254348039627,0.046762753278017044,0.0016768262721598148,1.0,33,-0.010145245119929314,0.036812521517276764,0.019232647493481636,0.015934361144900322,0.042708296328783035,0.0005189141957089305,1.0,76,-0.013682716526091099,0.02769189141690731,0.022024918347597122,0.031201209872961044,0.04397429898381233,0.0005835430347360671,1.0,0.048717329278588295,0.02147697750478983,0.042708296328783035,0.036812521517276764,0.04397429898381233,0.02769189141690731,1.0
1790268470.1922317,12.075420618057251,244,0,24,0.0085233049467206,-0.0199610386043787,0.018226129934191704,0.010015065781772137,0.02798330783843994,0.0008180772420018911,1.0,22,0.0030226274393498898,-0.02194421924650669,0.030084839090704918,0.01989251933991909,0.03544258326292038,0.0022070864215493202,1.0,33,0.024176858365535736,-0.011691931635141373,0.022718235850334167,0.010753962211310863,0.03201289102435112,0.000635703734587878,1.0,76,0.00837988592684269,-0.013612144626677036,0.01649903506040573,0.014650486409664154,0.024459876120090485,0.0005995758110657334,1.0,0.03171294555068016,-0.020952628925442696,0.03201289102435112,-0.011691931635141373,0.024459876120090485,-0.013612144626677036,1.0
1790268470.2441561,12.127345085144043,245,0,24,0.011128743179142475,-0.0073299407958984375,0.011073359288275242,0.008760879747569561,0.017851373180747032,0.000637134478893131,1.0,22,0.010855934582650661,-0.0018907026387751102,0.019722865894436836,0.01426656823605299,0.02273343876004219,0.0014290388207882643,1.0,33,0.01236008107662201,0.007335315924137831,0.015463334508240223,0.014488639310002327,0.022499850019812584,0.0003869500942528248,1.0,76,0.011972326785326004,0.011155479587614536,0.01523108221590519,0.016395755112171173,0.023745672777295113,0.0004700727295130491,1.0,0.02029240597039461,-0.004610321717336774,0.022499850019812584,0.007335315924137831,0.023745672777295113,0.011155479587614536,1.0
1790268470.2960975,12.179286479949951,246,0,24,-0.04635174944996834,0.0514577217400074,0.020200293511152267,0.01476442813873291,0.07051923125982285,0.0012846780009567738,1.0,22,-0.04487193748354912,0.03170637786388397,0.027055656537413597,0.01361844502389431,0.05806025490164757,0.001638511661440134,1.0,33,-0.04260392487049103,0.0603129081428051,0.019471170380711555,0.011847593821585178,0.07536844909191132,0.0007281938451342285,1.0,76,-0.03421080857515335,0.03881002590060234,0.021102778613567352,0.028024902567267418,0.05733410269021988,0.0007255193777382374,1.0,0.0642897430807352,0.041582049801945686,0.07536844909191132,0.0603129081428051,0.05733410269021988,0.03881002590060234,1.0
1790268470.3436825,12.226871490478516,247,0,24,-0.12151273339986801,0.07313346862792969,0.05314261093735695,0.01652107574045658,0.14449124038219452,0.001996459439396858,1.0,22,-0.06808610260486603,0.03088170848786831,0.02551637776196003,0.017813021317124367,0.07680214196443558,0.002482062904164195,1.0,33,-0.07218008488416672,0.06905480474233627,0.029955625534057617,0.02466880902647972,0.10253360122442245,0.000769691658206284,1.0,76,-0.07840508222579956,0.049051787704229355,0.05623195320367813,0.037353381514549255,0.09780841320753098,0.0007875933079048991,1.0,0.11064669117331505,0.052007588557899,0.10253360122442245,0.06905480474233627,0.09780841320753098,0.049051787704229355,1.0
1790268470.3957815,12.27897047996521,248,0,24,-0.0280583705753088,0.00422350550070405,0.023421157151460648,0.016416702419519424,0.03461463376879692,0.0007951452280394733,1.0,22,-0.04419916495680809,-0.022232748568058014,0.01931171864271164,0.015271558426320553,0.05333537235856056,0.001220834907144308,1.0,33,-0.032055940479040146,-0.018843216821551323,0.020676888525485992,0.013649819418787956,0.04131193459033966,0.0006805092561990023,1.0,76,-0.024580102413892746,-0.008614790625870228,0.02348139137029648,0.027541909366846085,0.03840002790093422,0.0006443709135055542,1.0,0.04397500306367874,-0.009004621533676982,0.04131193459033966,-0.018843216821551323,0.03840002790093422,-0.008614790625870228,1.0
1790268470.444083,12.327271938323975,249,0,24,0.30651092529296875,0.164581298828125,0.3385993242263794,0.19300886988639832,0.3856407403945923,0.0424189455807209,1.0,22,-0.04798473045229912,0.0817156732082367,0.15453919768333435,0.3248055577278137,0.2247612625360489,0.05966442450881004,1.0,33,0.015276359394192696,-0.061943285167217255,0.021597620099782944,0.025599073618650436,0.06577394157648087,0.0008869818411767483,1.0,76,0.0507977120578289,-0.0075226835906505585,0.10241679102182388,0.10679467767477036,0.08948083966970444,0.00511098513379693,1.0,0.3052010014653206,0.12314848601818085,0.06577394157648087,-0.061943285167217255,0.08948083966970444,-0.0075226835906505585,1.0
1790268470.4961574,12.379346370697021,250,0,24,0.9835560917854309,0.6971480250358582,0.9919071793556213,1.1066787242889404,1.3313499689102173,0.2631519138813019,1.0,22,-0.10312444716691971,0.3014068603515625,0.7713556289672852,0.7970529794692993,0.4428873360157013,0.14360471069812775,1.0,33,0.01514920312911272,-0.034385912120342255,0.02139943838119507,0.011657528579235077,0.0428631529211998,0.0007826574728824198,1.0,76,0.1968570500612259,0.1438446044921875,0.5365652441978455,0.6654090881347656,0.29881200194358826,0.062149010598659515,1.0,0.8871186524629593,0.4992774426937103,0.0428631529211998,-0.034385912120342255,0.29881200194358826,0.1438446044921875,1.0
1790268470.5481997,12.43138861656189,251,0,24,0.018337249755859375,0.1285584717988968,0.12361472845077515,0.1835249960422516,0.16454589366912842,0.006877178326249123,1.0,22,-0.03932051360607147,0.03907984122633934,0.06011419743299484,0.08412747085094452,0.09467515349388123,0.005906924605369568,1.0,33,-0.0028723515570163727,0.018567634746432304,0.013940215110778809,0.008872886188328266,0.022280707955360413,0.000593611563090235,1.0,76,0.006529356352984905,0.0533406101167202,0.06673086434602737,0.14000315964221954,0.06838247925043106,0.0025579824578016996,1.0,0.12961052358150482,0.08381915651261806,0.022280707955360413,0.018567634746432304,0.06838247925043106,0.0533406101167202,1.0
1790268470.5961874,12.479376316070557,252,0,24,-0.07583808898925781,0.01280975341796875,0.07877091318368912,0.10264953970909119,0.11381251364946365,0.00973263569176197,1.0,22,-0.00494246045127511,0.0024989733938127756,0.05506260693073273,0.03911849856376648,0.05034954845905304,0.002566519659012556,1.0,33,0.01136502344161272,0.03673992678523064,0.01556338556110859,0.012528094463050365,0.04150671139359474,0.0006291773752309382,1.0,76,-0.012418646365404129,0.006171778775751591,0.05999276041984558,0.0663902536034584,0.056656498461961746,0.0032330211251974106,1.0,0.08208103105425835,0.007654363405890763,0.04150671139359474,0.03673992678523064,0.056656498461961746,0.006171778775751591,1.0
1790268470.6482937,12.531482696533203,253,0,24,-0.04809506610035896,-0.19363339245319366,0.14582687616348267,0.38782399892807007,0.28016331791877747,0.017537539824843407,1.0,22,0.08344199508428574,-0.04515700042247772,0.2093743532896042,0.20430372655391693,0.16839562356472015,0.04110713303089142,1.0,33,0.03627384081482887,-0.003842902835458517,0.01392319519072771,0.014364628121256828,0.03897157683968544,0.0007636754889972508,1.0,76,0.00674679409712553,-0.06887476146221161,0.08459744602441788,0.246412992477417,0.11583790928125381,0.005705076269805431,1.0,0.2242794707417488,-0.1193951964378357,0.03897157683968544,-0.003842902835458517,0.11583790928125381,-0.06887476146221161,1.0
1790268470.6961708,12.579359769821167,254,0,24,-0.22906430065631866,-0.26906585693359375,0.36900806427001953,0.3344373106956482,0.4153749942779541,0.042109131813049316,1.0,22,0.10481123626232147,-0.07738980650901794,0.2240178883075714,0.206033855676651,0.1559472233057022,0.022320762276649475,1.0,33,0.04510590434074402,-0.01814824901521206,0.0191072728484869,0.00831573735922575,0.04946772754192352,0.0007801976171322167,1.0,76,-0.03585975989699364,-0.07979613542556763,0.2403305619955063,0.2171708345413208,0.13742174208164215,0.00908022839576006,1.0,0.28566110879182816,-0.17322783172130585,0.04946772754192352,-0.01814824901521206,0.13742174208164215,-0.07979613542556763,1.0
1790268470.7483785,12.631567478179932,255,1,24,-0.3517475128173828,-0.27122750878334045,0.4108165204524994,0.29583093523979187,0.4729936122894287,0.057130444794893265,1.0,22,0.06441151350736618,-0.1412055343389511,0.18160505592823029,0.3337266147136688,0.20229287445545197,0.04814953729510307,1.0,33,-0.013919251970946789,0.005700775887817144,0.025916000828146935,0.013780922628939152,0.026636620983481407,0.0005288750398904085,1.0,76,-0.06289472430944443,-0.05663149058818817,0.23486703634262085,0.1955835223197937,0.1150013655424118,0.012562653049826622,1.0,0.33764324337244034,-0.20621652156114578,0.026636620983481407,0.005700775887817144,0.1150013655424118,-0.05663149058818817,1.0
1790268470.800154,12.683342933654785,256,0,24,-0.2167644500732422,-0.17552311718463898,0.18554921448230743,0.18709614872932434,0.30233749747276306,0.017831552773714066,1.0,22,-0.050091829150915146,-0.1056109368801117,0.07385093718767166,0.21360792219638824,0.14727841317653656,0.014217409305274487,1.0,33,-0.008900035172700882,0.01222182810306549,0.01809515431523323,0.009808412753045559,0.02292812429368496,0.0007198361563496292,1.0,76,-0.03659318760037422,-0.027911337092518806,0.09410830587148666,0.12448277324438095,0.06961637735366821,0.003321776632219553,1.0,0.2248079553246498,-0.14056702703237534,0.02292812429368496,0.01222182810306549,0.06961637735366821,-0.027911337092518806,1.0
1790268470.8482566,12.731445550918579,257,0,24,-0.08442942053079605,-0.10036531835794449,0.1035831868648529,0.09318170696496964,0.1507633775472641,0.003319377079606056,1.0,22,0.00660844286903739,-0.06406610459089279,0.03397209569811821,0.1323169469833374,0.08411616832017899,0.006567399483174086,1.0,33,-0.016627918928861618,0.006641272455453873,0.01741715893149376,0.009487194009125233,0.021865839138627052,0.0005801902734674513,1.0,76,-0.016151227056980133,-0.014727241359651089,0.042791422456502914,0.06203140318393707,0.04199019446969032,0.0010071754222735763,1.0,0.11743977293372154,-0.08221571147441864,0.021865839138627052,0.006641272455453873,0.04199019446969032,-0.014727241359651089,1.0
1790268470.900316,12.783504962921143,258,0,24,-0.06394386291503906,-0.12389945983886719,0.08658023923635483,0.0856863409280777,0.15148545801639557,0.0036189572419971228,1.0,22,0.014444524422287941,-0.05524028465151787,0.03806748241186142,0.060311801731586456,0.0707569420337677,0.00305441627278924,1.0,33,0.02141362987458706,-0.024472786113619804,0.017917314544320107,0.010654598474502563,0.03583092242479324,0.0007419124012812972,1.0,76,0.0031515422742813826,-0.028158288449048996,0.028852952644228935,0.059568941593170166,0.04524388536810875,0.001009274390526116,1.0,0.11112120002508163,-0.08956987224519253,0.03583092242479324,-0.024472786113619804,0.04524388536810875,-0.028158288449048996,1.0
1790268470.9480684,12.831257343292236,259,0,24,-0.043941497802734375,-0.0418904609978199,0.04935969039797783,0.04127386957406998,0.07305232435464859,0.001996626378968358,1.0,22,0.0009640780626796186,-0.025613265112042427,0.02674579806625843,0.04148348048329353,0.050531066954135895,0.0018709617434069514,1.0,33,0.0033444492146372795,0.01640920899808407,0.018407316878437996,0.016451576724648476,0.026516640558838844,0.0005385199328884482,1.0,76,-0.005097640212625265,0.0026445891708135605,0.029245061799883842,0.032902542501688004,0.029410164803266525,0.0007368726073764265,1.0,0.06179169565439224,-0.033751863054931164,0.026516640558838844,0.01640920899808407,0.029410164803266525,0.0026445891708135605,1.0
1790268471.0000553,12.883244276046753,260,0,24,-0.07052421569824219,0.017383575439453125,0.042815081775188446,0.034605178982019424,0.08469289541244507,0.0017478371737524867,1.0,22,-0.0248260498046875,0.017655111849308014,0.021670712158083916,0.03911654278635979,0.050887178629636765,0.0016217301599681377,1.0,33,-0.03387127444148064,0.09246641397476196,0.024242054671049118,0.026131125167012215,0.10129038244485855,0.0008107179892249405,1.0,76,-0.034167639911174774,0.04414990171790123,0.024545764550566673,0.043192218989133835,0.06573737412691116,0.0007950651925057173,1.0,0.06779003702104092,0.01751934364438057,0.10129038244485855,0.09246641397476196,0.06573737412691116,0.04414990171790123,1.0
1790268471.0521243,12.93531322479248,261,0,24,-0.13877169787883759,0.05066172406077385,0.08496873080730438,0.03813276067376137,0.15488910675048828,0.002715250477194786,1.0,22,-0.04338628426194191,0.04017777740955353,0.032842833548784256,0.039521362632513046,0.07555311173200607,0.0017169204074889421,1.0,33,-0.07651542872190475,0.15156693756580353,0.04735828563570976,0.05179997906088829,0.1721137911081314,0.0021504154428839684,1.0,76,-0.07397400587797165,0.080536387860775,0.058503158390522,0.06911394745111465,0.11993831396102905,0.0013933703303337097,1.0,0.11522110924124718,0.04541975073516369,0.1721137911081314,0.15156693756580353,0.11993831396102905,0.080536387860775,1.0
1790268471.1002634,12.983452320098877,262,0,24,-0.07464218139648438,-0.010388056747615337,0.037987034767866135,0.030982377007603645,0.08236623555421829,0.0011207518400624394,1.0,22,-0.03708024322986603,0.005581249017268419,0.02975001558661461,0.03851921483874321,0.05654245615005493,0.0021186384838074446,1.0,33,0.0030022822320461273,0.10138540714979172,0.030320193618535995,0.03822287544608116,0.10591468960046768,0.0012793766800314188,1.0,76,-0.022189291194081306,0.03755439072847366,0.03294749930500984,0.05328927934169769,0.06528875231742859,0.0009863622253760695,1.0,0.06945434585213661,-0.002403403865173459,0.10591468960046768,0.10138540714979172,0.06528875231742859,0.03755439072847366,1.0
1790268471.1521282,13.035317182540894,263,0,24,-0.012232462875545025,-0.03582763671875,0.0245199017226696,0.030801288783550262,0.04795315861701965,0.001058621215634048,1.0,22,-0.02132623828947544,-0.0098876953125,0.026925986632704735,0.03464309126138687,0.04018760100007057,0.0016670904587954283,1.0,33,0.04978388175368309,0.14644275605678558,0.063756562769413,0.06097719445824623,0.16593894362449646,0.0023999642580747604,1.0,76,0.021160928532481194,0.044579457491636276,0.046085551381111145,0.0850306823849678,0.07836057245731354,0.0011998647823929787,1.0,0.04407037980854511,-0.022857666015625,0.16593894362449646,0.14644275605678558,0.07836057245731354,0.044579457491636276,1.0
1790268471.2002485,13.083437442779541,264,0,24,-0.0021254222374409437,0.0162073764950037,0.02730477601289749,0.026158172637224197,0.034254804253578186,0.0011589437490329146,1.0,22,0.019794810563325882,0.03416789695620537,0.02445061318576336,0.0332648865878582,0.05324441194534302,0.0021944118198007345,1.0,33,0.015099727548658848,0.28882575035095215,0.08928995579481125,0.11590074747800827,0.302997887134552,0.004966631066054106,1.0,76,0.01411156915128231,0.09534203261137009,0.0520685575902462,0.12590982019901276,0.10810312628746033,0.001917282585054636,1.0,0.0437496080994606,0.025187636725604534,0.302997887134552,0.28882575035095215,0.10810312628746033,0.09534203261137009,1.0
1790268471.2521737,13.13536262512207,265,0,24,-0.03386624529957771,0.0931193009018898,0.0461714044213295,0.023271361365914345,0.10534459352493286,0.0014969534240663052,1.0,22,-0.018561623990535736,0.09007471054792404,0.026949875056743622,0.04469417408108711,0.09493333846330643,0.002449160208925605,1.0,33,0.029156308621168137,0.43927186727523804,0.08100622892379761,0.09258608520030975,0.4473559260368347,0.007318306714296341,1.0,76,0.003792210714891553,0.19927768409252167,0.06285172700881958,0.19297315180301666,0.20841968059539795,0.002698013326153159,1.0,0.10013896599411964,0.09159700572490692,0.4473559260368347,0.43927186727523804,0.20841968059539795,0.19927768409252167,1.0
1790268471.304124,13.187313079833984,266,0,24,-0.05542055889964104,0.14075787365436554,0.04274697229266167,0.03127444535493851,0.1551070213317871,0.0023401291109621525,1.0,22,0.03912908211350441,0.09556441009044647,0.05577560514211655,0.040377870202064514,0.11364617943763733,0.0029787837993353605,1.0,33,0.024417299777269363,0.25120869278907776,0.06239169090986252,0.056669510900974274,0.25958025455474854,0.0052924975752830505,1.0,76,0.006070789415389299,0.13392308354377747,0.04450269788503647,0.10333453118801117,0.14586754143238068,0.002125584753230214,1.0,0.13437660038471222,0.118161141872406,0.25958025455474854,0.25120869278907776,0.14586754143238068,0.13392308354377747,1.0
1790268471.3522787,13.235467672348022,267,0,24,0.030983606353402138,0.06139183044433594,0.020383495837450027,0.016339031979441643,0.07166463881731033,0.0014321046182885766,1.0,22,0.022258412092924118,0.09065385162830353,0.03759540617465973,0.028632747009396553,0.1011774018406868,0.0022459200117737055,1.0,33,0.10222925990819931,0.12438687682151794,0.041137441992759705,0.02838149107992649,0.16393741965293884,0.0018575330032035708,1.0,76,0.05225352197885513,0.06285295635461807,0.041044313460588455,0.0490679033100605,0.08778224885463715,0.0010982562089338899,1.0,0.08642102032899857,0.07602284103631973,0.16393741965293884,0.12438687682151794,0.08778224885463715,0.06285295635461807,1.0
1790268471.4041886,13.28737759590149,268,0,24,0.12443860620260239,0.009905497543513775,0.06782345473766327,0.030957987532019615,0.12949788570404053,0.002168507082387805,1.0,22,0.07329351454973221,0.025600086897611618,0.03468779847025871,0.022891001775860786,0.08500553667545319,0.0019127364503219724,1.0,33,0.16472139954566956,0.05134397745132446,0.05657120421528816,0.03533141314983368,0.17692458629608154,0.0018505655461922288,1.0,76,0.11223903298377991,0.01759689673781395,0.07368942350149155,0.039610855281353,0.11992758512496948,0.0010156701318919659,1.0,0.10725171118974686,0.017752792220562696,0.17692458629608154,0.05134397745132446,0.11992758512496948,0.01759689673781395,1.0
1790268471.4522316,13.335420608520508,269,0,24,0.15943081676959991,-0.0011965433368459344,0.04449506476521492,0.027105631306767464,0.161945179104805,0.001337390742264688,1.0,22,0.13848461210727692,0.023129550740122795,0.05012517794966698,0.05212002620100975,0.15020336210727692,0.005247468128800392,1.0,33,0.15978264808654785,0.09010545909404755,0.05265302583575249,0.0325678251683712,0.1879725158214569,0.001120861154049635,1.0,76,0.13089892268180847,0.02943269908428192,0.067875437438488,0.05140106379985809,0.1436309814453125,0.0013381978496909142,1.0,0.15607427060604095,0.01096650370163843,0.1879725158214569,0.09010545909404755,0.1436309814453125,0.02943269908428192,1.0
1790268471.5041418,13.387330770492554,270,1,24,0.07577387243509293,0.0086822509765625,0.024456586688756943,0.015045953914523125,0.07761652022600174,0.0007685693562962115,1.0,22,0.09148337692022324,0.023426402360200882,0.03743116930127144,0.033681660890579224,0.10151050239801407,0.001948900637216866,1.0,33,0.183655247092247,0.2739548981189728,0.1136607825756073,0.1037743091583252,0.3453429639339447,0.0067559196613729,1.0,76,0.11376872658729553,0.08894870430231094,0.07287793606519699,0.12550088763237,0.16617301106452942,0.002263451926410198,1.0,0.0895635113120079,0.01605432666838169,0.3453429639339447,0.2739548981189728,0.16617301106452942,0.08894870430231094,1.0
1790268471.5560484,13.439237356185913,271,0,24,0.06012662127614021,0.01638031005859375,0.030002275481820107,0.016330325976014137,0.06940141320228577,0.0009417797555215657,1.0,22,0.058615945279598236,0.03198103606700897,0.030684756115078926,0.024587737396359444,0.07584348320960999,0.0016658768290653825,1.0,33,0.10841138660907745,0.5695587992668152,0.3158734142780304,0.2012837827205658,0.6592416763305664,0.020197393372654915,1.0,76,0.1192721351981163,0.1787402480840683,0.14011362195014954,0.258160799741745,0.2611519694328308,0.0048997909761965275,1.0,0.07262244820594788,0.02418067306280136,0.6592416763305664,0.5695587992668152,0.2611519694328308,0.1787402480840683,1.0
1790268471.6040678,13.4872567653656,272,0,24,0.10709381103515625,-0.0065155029296875,0.028819208964705467,0.014615857042372227,0.10833223909139633,0.001589271822012961,1.0,22,0.08074674010276794,-0.0003058693546336144,0.029119929298758507,0.026409415528178215,0.0848722755908966,0.0023699356243014336,1.0,33,0.2036493420600891,0.5897203087806702,0.2946752905845642,0.33665457367897034,0.7109596729278564,0.037517182528972626,1.0,76,0.12812864780426025,0.17575685679912567,0.1775953769683838,0.29996082186698914,0.2897372841835022,0.007781912572681904,1.0,0.09660225734114647,-0.003410686142160557,0.7109596729278564,0.5897203087806702,0.2897372841835022,0.17575685679912567,1.0
1790268471.6559176,13.539106607437134,273,0,24,0.19362132251262665,-0.030955633148550987,0.06091025471687317,0.027995901182293892,0.1974657028913498,0.001519161625765264,1.0,22,0.10356972366571426,-0.0018719759536907077,0.0409071184694767,0.047481417655944824,0.11387442797422409,0.002235274063423276,1.0,33,0.21035628020763397,0.5543314814567566,0.3195216655731201,0.5531935691833496,0.6993114352226257,0.05435224995017052,1.0,76,0.15545453131198883,0.13873492181301117,0.17457863688468933,0.3367489278316498,0.3028303384780884,0.016143813729286194,1.0,0.15567006543278694,-0.016413804551120847,0.6993114352226257,0.5543314814567566,0.3028303384780884,0.13873492181301117,1.0
1790268471.7040825,13.587271451950073,274,0,24,0.14497248828411102,-0.017346063628792763,0.029692357406020164,0.019567565992474556,0.14717862010002136,0.0009314264752902091,1.0,22,0.12152793258428574,-0.002539894776418805,0.05552184209227562,0.024577012285590172,0.12428033351898193,0.0015410338528454304,1.0,33,0.20638853311538696,0.13179895281791687,0.09909353405237198,0.17763277888298035,0.28929710388183594,0.010234830901026726,1.0,76,0.14151261746883392,0.039635609835386276,0.07107877731323242,0.11917097121477127,0.17687290906906128,0.003963446710258722,1.0,0.13572947680950165,-0.009942979202605784,0.28929710388183594,0.13179895281791687,0.17687290906906128,0.039635609835386276,1.0
1790268471.7562568,13.639445781707764,275,0,24,0.15515963733196259,0.007959365844726562,0.034863244742155075,0.02558017522096634,0.1574661135673523,0.0011948588071390986,1.0,22,0.13842080533504486,0.048565950244665146,0.047340959310531616,0.032232675701379776,0.15204964578151703,0.0035141429398208857,1.0,33,0.15060286223888397,0.05009645223617554,0.090003602206707,0.08970490097999573,0.182989239692688,0.009294186718761921,1.0,76,0.12413486838340759,0.02127908356487751,0.07326515763998032,0.0637514665722847,0.14231283962726593,0.0031918422318995,1.0,0.15475787967443466,0.028262658044695854,0.182989239692688,0.05009645223617554,0.14231283962726593,0.02127908356487751,1.0
1790268471.8082845,13.691473484039307,276,0,24,0.12937037646770477,0.00401624059304595,0.026064135134220123,0.011159073561429977,0.12990261614322662,0.0012420801213011146,1.0,22,0.1113128662109375,0.019541652873158455,0.04123258963227272,0.026809802278876305,0.11639232933521271,0.002012423239648342,1.0,33,0.08440098911523819,0.007871223613619804,0.032201480120420456,0.040442224591970444,0.09305065870285034,0.0011273337295278907,1.0,76,0.094940185546875,0.0003182260552421212,0.046853046864271164,0.027485540136694908,0.09994441270828247,0.0010603166883811355,1.0,0.12314747273921967,0.011778946733102202,0.09305065870285034,0.007871223613619804,0.09994441270828247,0.0003182260552421212,1.0
1790268471.856231,13.739419937133789,277,0,24,0.17151577770709991,-0.0025475819129496813,0.03627034276723862,0.018187640234827995,0.17252273857593536,0.0013647228479385376,1.0,22,0.13277921080589294,0.012769525870680809,0.04043213650584221,0.030779771506786346,0.13759367167949677,0.0025387839414179325,1.0,33,0.11231393367052078,-0.048734258860349655,0.053019434213638306,0.06184473633766174,0.1356462985277176,0.0019929346162825823,1.0,76,0.12314605712890625,-0.015435670502483845,0.05542265623807907,0.05015457794070244,0.13432049751281738,0.001459538354538381,1.0,0.15505820512771606,0.005110971978865564,0.1356462985277176,-0.048734258860349655,0.13432049751281738,-0.015435670502483845,1.0
1790268471.9082522,13.791441202163696,278,0,24,0.19763629138469696,0.017650604248046875,0.05260544642806053,0.02447960339486599,0.19992107152938843,0.0015042716404423118,1.0,22,0.13144753873348236,0.03438013419508934,0.046131737530231476,0.05066506564617157,0.14693377912044525,0.002859624568372965,1.0,33,0.02688691020011902,-0.4891505241394043,0.4375045597553253,0.5200105905532837,0.6583595275878906,0.06022554263472557,1.0,76,0.1513613611459732,-0.15158261358737946,0.1680091917514801,0.3257409930229187,0.2937656342983246,0.0155143141746521,1.0,0.17342742532491684,0.026015369221568108,0.6583595275878906,-0.4891505241394043,0.2937656342983246,-0.15158261358737946,1.0
1790268471.956252,13.839441061019897,279,0,24,0.22372882068157196,0.029557546600699425,0.03966616094112396,0.016866037622094154,0.2263544797897339,0.002342335181310773,1.0,22,0.29477623105049133,0.07521195709705353,0.06525682657957077,0.04904919117689133,0.30783385038375854,0.007596089970320463,1.0,33,0.09264674037694931,-0.2840923070907593,0.314689964056015,0.3036072254180908,0.4563968777656555,0.021691977977752686,1.0,76,0.15699446201324463,-0.08194030076265335,0.14883831143379211,0.20272403955459595,0.2562948167324066,0.006240997463464737,1.0,0.2670941650867462,0.052384751848876476,0.4563968777656555,-0.2840923070907593,0.2562948167324066,-0.08194030076265335,1.0
1790268472.0083737,13.891562700271606,280,0,24,0.25561651587486267,0.04364776611328125,0.0741099864244461,0.03483026102185249,0.26354387402534485,0.0022934230510145426,1.0,22,0.23225125670433044,0.0886077880859375,0.0791398212313652,0.05110196769237518,0.25493329763412476,0.007899750955402851,1.0,33,0.14158953726291656,-0.12642183899879456,0.13141591846942902,0.11412735283374786,0.23572847247123718,0.007409179583191872,1.0,76,0.15299928188323975,-0.03126927465200424,0.12321352958679199,0.09296499192714691,0.19530773162841797,0.0025765220634639263,1.0,0.2592385858297348,0.06612777709960938,0.23572847247123718,-0.12642183899879456,0.19530773162841797,-0.03126927465200424,1.0
1790268472.0602083,13.943397283554077,281,0,24,0.15252812206745148,0.044030506163835526,0.048910580575466156,0.016526129096746445,0.16012154519557953,0.0015369919128715992,1.0,22,0.15914224088191986,0.09724703431129456,0.03489520773291588,0.055711038410663605,0.19194750487804413,0.0035078064538538456,1.0,33,0.1456557810306549,-0.31947973370552063,0.22359170019626617,0.2816713750362396,0.40673232078552246,0.03210046887397766,1.0,76,0.10893891751766205,-0.08190576732158661,0.13207218050956726,0.18349093198776245,0.19751106202602386,0.006524943746626377,1.0,0.17603452503681183,0.07063877023756504,0.40673232078552246,-0.31947973370552063,0.19751106202602386,-0.08190576732158661,1.0
1790268472.10832,13.991508960723877,282,0,24,0.0927225723862648,0.02880096435546875,0.03381706401705742,0.010206775739789009,0.09848640114068985,0.0009162090136669576,1.0,22,0.10320628434419632,0.10671164840459824,0.0435728095471859,0.03930021822452545,0.15373733639717102,0.002689436310902238,1.0,33,-0.0008965694578364491,-0.5683223605155945,0.23529152572155,0.310807466506958,0.6133655309677124,0.024056339636445045,1.0,76,0.03148651123046875,-0.18627217411994934,0.15830212831497192,0.2923349142074585,0.2531544864177704,0.005638431757688522,1.0,0.12611186876893044,0.06775630638003349,0.6133655309677124,-0.5683223605155945,0.2531544864177704,-0.18627217411994934,1.0
1790268472.1602454,14.043434381484985,283,0,24,0.06756146997213364,0.029079437255859375,0.0310688279569149,0.013955937698483467,0.07476163655519485,0.0009269596193917096,1.0,22,0.09553250670433044,0.06286343932151794,0.04456988722085953,0.043790023773908615,0.12254668027162552,0.002579251304268837,1.0,33,0.003588127437978983,-0.3881882131099701,0.17238935828208923,0.15938317775726318,0.42989805340766907,0.007915827445685863,1.0,76,0.012004651129245758,-0.13265067338943481,0.1011764258146286,0.19790427386760712,0.18639631569385529,0.003462294116616249,1.0,0.09865415841341019,0.04597143828868866,0.42989805340766907,-0.3881882131099701,0.18639631569385529,-0.13265067338943481,1.0
1790268472.2079725,14.091161489486694,284,0,24,0.06496111303567886,0.03245735168457031,0.037099581211805344,0.013207456097006798,0.07717479020357132,0.0014356080209836364,1.0,22,0.07691539078950882,0.05629175528883934,0.0360495001077652,0.03234967589378357,0.10236398875713348,0.0024964141193777323,1.0,33,-0.04198108986020088,-0.18121106922626495,0.11835014075040817,0.07712118327617645,0.21683752536773682,0.004395464435219765,1.0,76,-0.004731027875095606,-0.05469352379441261,0.08772945404052734,0.09924905002117157,0.11344172060489655,0.0016843178309500217,1.0,0.0897693894803524,0.044374553486704826,0.21683752536773682,-0.18121106922626495,0.11344172060489655,-0.05469352379441261,1.0
1790268472.2600937,14.143282651901245,285,1,24,0.0056088767014443874,0.08045005798339844,0.016115102916955948,0.02571125701069832,0.08249995857477188,0.0007819239399395883,1.0,22,0.026572488248348236,0.06280448287725449,0.031849998980760574,0.025993529707193375,0.0739394873380661,0.0019534353632479906,1.0,33,-0.039452292025089264,-0.05574220418930054,0.07795076072216034,0.05440625920891762,0.10229915380477905,0.0016573441680520773,1.0,76,-0.021733535453677177,0.005032388959079981,0.0524028018116951,0.06193975731730461,0.07361861318349838,0.0010791672393679619,1.0,0.07821972295641899,0.07162727043032646,0.10229915380477905,-0.05574220418930054,0.07361861318349838,0.005032388959079981,1.0
1790268472.312248,14.195436954498291,286,0,24,-0.0428110770881176,0.14385159313678741,0.046960972249507904,0.04650851711630821,0.1551860123872757,0.0025769525673240423,1.0,22,0.004511052742600441,0.15959444642066956,0.038031622767448425,0.06776107847690582,0.1657603234052658,0.004120130557566881,1.0,33,-0.019971443340182304,0.061703767627477646,0.07141168415546417,0.08644776791334152,0.09188401699066162,0.0020812125876545906,1.0,76,-0.040678124874830246,0.08101724088191986,0.06400375068187714,0.1015850082039833,0.11392468214035034,0.0015998226590454578,1.0,0.16047316789627075,0.15172301977872849,0.09188401699066162,0.061703767627477646,0.11392468214035034,0.08101724088191986,1.0
1790268472.360172,14.243360996246338,287,0,24,-0.028862634673714638,0.22848129272460938,0.02966930717229843,0.04955537989735603,0.23236243426799774,0.0029331606347113848,1.0,22,0.009454900398850441,0.16590604186058044,0.05916639789938927,0.06860627233982086,0.17695818841457367,0.003225043648853898,1.0,33,-0.048973314464092255,0.138946533203125,0.06094544380903244,0.05648623779416084,0.1593717485666275,0.0020419044885784388,1.0,76,-0.04516621679067612,0.12156114727258682,0.042912792414426804,0.10121969133615494,0.14235945045948029,0.0012366309529170394,1.0,0.2046603113412857,0.1971936672925949,0.1593717485666275,0.138946533203125,0.14235945045948029,0.12156114727258682,1.0
1790268472.4121654,14.29535436630249,288,0,24,-0.06551805883646011,0.17533493041992188,0.03409081697463989,0.04166139289736748,0.18945826590061188,0.0020803899969905615,1.0,22,-0.0298004150390625,0.13404221832752228,0.029163094237446785,0.04931646212935448,0.14208516478538513,0.004076310433447361,1.0,33,-0.06669247150421143,0.10009164363145828,0.03774765506386757,0.04078749194741249,0.12468200922012329,0.0014793460723012686,1.0,76,-0.06146862730383873,0.09379708021879196,0.0411752425134182,0.07580317556858063,0.12252039462327957,0.0012643394293263555,1.0,0.1657717153429985,0.15468857437372208,0.12468200922012329,0.10009164363145828,0.12252039462327957,0.09379708021879196,1.0
1790268472.460245,14.343433856964111,289,0,24,-0.020586013793945312,0.09104982763528824,0.03930630534887314,0.024910401552915573,0.10038527101278305,0.0008885564748197794,1.0,22,-0.013892433606088161,0.11259737610816956,0.03570418432354927,0.03456953540444374,0.12009128928184509,0.0023022217210382223,1.0,33,-0.019952023401856422,0.039253003895282745,0.046331390738487244,0.022807128727436066,0.061875119805336,0.000703694939147681,1.0,76,-0.035154443234205246,0.036151986569166183,0.03286942094564438,0.04494461044669151,0.06655292958021164,0.0007840111502446234,1.0,0.11023828014731407,0.1018236018717289,0.061875119805336,0.039253003895282745,0.06655292958021164,0.036151986569166183,1.0
1790268472.5121546,14.395343542098999,290,0,24,-0.019707361236214638,0.07082239538431168,0.0234996285289526,0.014453579671680927,0.07685541361570358,0.0010942668886855245,1.0,22,-0.012519142590463161,0.10110335052013397,0.02974976785480976,0.03133620694279671,0.10692726820707321,0.0015783262206241488,1.0,33,-0.04727774113416672,0.006581162102520466,0.047938521951436996,0.014164128340780735,0.05736510828137398,0.0010279458947479725,1.0,76,-0.04270673915743828,0.021388204768300056,0.03960264474153519,0.04250447452068329,0.06595542281866074,0.0009897310519590974,1.0,0.0918913409113884,0.08596287295222282,0.05736510828137398,0.006581162102520466,0.06595542281866074,0.021388204768300056,1.0
1790268472.564157,14.447345972061157,291,0,24,-0.03192138671875,0.06804593652486801,0.03012828156352043,0.02198002114892006,0.08123290538787842,0.0011113696964457631,1.0,22,-0.022051723673939705,0.07076749205589294,0.021058890968561172,0.030638689175248146,0.07933375239372253,0.0031664788257330656,1.0,33,-0.06767319142818451,-0.006085020024329424,0.13646554946899414,0.03505320101976395,0.13114094734191895,0.0021580460015684366,1.0,76,-0.06372090429067612,0.012601249851286411,0.0813145712018013,0.052959542721509933,0.09801504760980606,0.001091201207600534,1.0,0.08028332889080048,0.06940671429038048,0.13114094734191895,-0.006085020024329424,0.09801504760980606,0.012601249851286411,1.0
1790268472.612304,14.495492935180664,292,0,24,-0.05703163146972656,0.07333628088235855,0.01653873361647129,0.009170705452561378,0.09370723366737366,0.000772146915551275,1.0,22,-0.009718461893498898,0.06502047181129456,0.028209198266267776,0.027996521443128586,0.0731096938252449,0.0017697128932923079,1.0,33,-0.07236550003290176,-0.028850670903921127,0.13806232810020447,0.0385025292634964,0.14583256840705872,0.0017808486009016633,1.0,76,-0.07099553197622299,0.010809647850692272,0.07327896356582642,0.05012735724449158,0.0983574315905571,0.0011045627761632204,1.0,0.08340846374630928,0.06917837634682655,0.14583256840705872,-0.028850670903921127,0.0983574315905571,0.010809647850692272,1.0
1790268472.6641533,14.547342300415039,293,0,24,-0.0513763427734375,0.05797259137034416,0.03156140819191933,0.021700628101825714,0.08219535648822784,0.00098885886836797,1.0,22,-0.04203934967517853,0.07006211578845978,0.039904821664094925,0.03246370702981949,0.08795439451932907,0.0016934092855080962,1.0,33,-0.07612286508083344,-0.018221767619252205,0.09269469231367111,0.03467905893921852,0.11342985183000565,0.001492985524237156,1.0,76,-0.06288568675518036,0.012090783566236496,0.04818336293101311,0.035195477306842804,0.0795452818274498,0.0009675557375885546,1.0,0.08507487550377846,0.06401735357940197,0.11342985183000565,-0.018221767619252205,0.0795452818274498,0.012090783566236496,1.0
1790268472.7121964,14.595385313034058,294,0,24,-0.04407818987965584,0.048542022705078125,0.019886063411831856,0.019245898351073265,0.06801358610391617,0.0009451629593968391,1.0,22,-0.029750477522611618,0.033722616732120514,0.018330201506614685,0.028731776401400566,0.05310516431927681,0.0015756967477500439,1.0,33,-0.08428353816270828,-0.012459032237529755,0.062816321849823,0.028934014961123466,0.09442403167486191,0.001309327781200409,1.0,76,-0.058963172137737274,0.011603104881942272,0.038899220526218414,0.030161622911691666,0.06963469833135605,0.0008010814199224114,1.0,0.06055937521159649,0.04113231971859932,0.09442403167486191,-0.012459032237529755,0.06963469833135605,0.011603104881942272,1.0
1790268472.7641523,14.647341251373291,295,0,24,-0.03879101946949959,0.04228655621409416,0.01934639923274517,0.011636638082563877,0.059335291385650635,0.000785633223131299,1.0,22,-0.030474575236439705,0.04892869293689728,0.036910660564899445,0.04145599156618118,0.07401204854249954,0.0018491243245080113,1.0,33,-0.03910226374864578,0.01327560842037201,0.030023012310266495,0.02144814282655716,0.05022478476166725,0.0009437445551156998,1.0,76,-0.036830298602581024,0.022864893078804016,0.023335957899689674,0.02033977210521698,0.04947209730744362,0.0006349925533868372,1.0,0.06667366996407509,0.04560762457549572,0.05022478476166725,0.01327560842037201,0.04947209730744362,0.022864893078804016,1.0
1790268472.8160481,14.69923710823059,296,0,24,-0.013883590698242188,0.07357915490865707,0.015617920085787773,0.010536763817071915,0.0766833946108818,0.0007501339423470199,1.0,22,-0.024296153336763382,0.06699787825345993,0.025324717164039612,0.022711770609021187,0.07393290102481842,0.0015749222366139293,1.0,33,-0.016964999958872795,0.03779047355055809,0.02486548200249672,0.018273988738656044,0.04685741662979126,0.0012049161596223712,1.0,76,-0.018845809623599052,0.0453907810151577,0.020352978259325027,0.02845625765621662,0.05591757595539093,0.0008588241180405021,1.0,0.07530814781785011,0.0702885165810585,0.04685741662979126,0.03779047355055809,0.05591757595539093,0.0453907810151577,1.0
1790268472.8641264,14.747315406799316,297,0,24,-0.0039113364182412624,0.08048566430807114,0.02244470827281475,0.02076641283929348,0.08325754851102829,0.0008517421665601432,1.0,22,0.00694136181846261,0.07546789199113846,0.03927535563707352,0.04054318368434906,0.08854574710130692,0.001370303682051599,1.0,33,0.010132760740816593,0.08243954181671143,0.028139101341366768,0.02212061546742916,0.08786745369434357,0.0011474171187728643,1.0,76,-0.007424002978950739,0.06510784476995468,0.021954668685793877,0.04031258076429367,0.07028068602085114,0.0007169515010900795,1.0,0.0859016478061676,0.0779767781496048,0.08786745369434357,0.08243954181671143,0.07028068602085114,0.06510784476995468,1.0
1790268472.915975,14.799164056777954,298,0,24,0.032103221863508224,0.09472910314798355,0.026567723602056503,0.01856471784412861,0.10281938314437866,0.001030994695611298,1.0,22,0.04676680266857147,0.08557059615850449,0.03978969529271126,0.034570302814245224,0.10563404113054276,0.002453049411997199,1.0,33,0.025760535150766373,0.08677719533443451,0.03114880435168743,0.025593964383006096,0.09691610932350159,0.0009063979960046709,1.0,76,0.024671655148267746,0.06188211962580681,0.022901369258761406,0.04193826764822006,0.0719238743185997,0.0006843151641078293,1.0,0.10422671213746071,0.09014984965324402,0.09691610932350159,0.08677719533443451,0.0719238743185997,0.06188211962580681,1.0
1790268472.9642255,14.847414493560791,299,0,24,0.07099787145853043,0.07555261999368668,0.032675884664058685,0.026506580412387848,0.10822580009698868,0.0007574783521704376,1.0,22,0.06499550491571426,0.06853554397821426,0.048618510365486145,0.035562921315431595,0.10139937698841095,0.0017974561778828502,1.0,33,0.09496376663446426,0.04476512596011162,0.049532096832990646,0.02330050989985466,0.11207417398691177,0.001339311827905476,1.0,76,0.06279272586107254,0.038195960223674774,0.03778579458594322,0.030807122588157654,0.07820531725883484,0.0006325409049168229,1.0,0.10481258854269981,0.07204408198595047,0.11207417398691177,0.04476512596011162,0.07820531725883484,0.038195960223674774,1.0
1790268473.0162203,14.899409294128418,300,1,24,0.10557683557271957,0.010663986206054688,0.03763816878199577,0.02648027241230011,0.11145605891942978,0.0016506188549101353,1.0,22,0.10145013779401779,0.034739408642053604,0.030011679977178574,0.02709464356303215,0.11123959720134735,0.004123981576412916,1.0,33,0.07613580673933029,0.025545062497258186,0.04559992253780365,0.019827397540211678,0.08231165260076523,0.0008465687860734761,1.0,76,0.07779954373836517,0.016746019944548607,0.05201922729611397,0.030036764219403267,0.08481846004724503,0.0008170538931153715,1.0,0.11134782806038857,0.022701697424054146,0.08231165260076523,0.025545062497258186,0.08481846004724503,0.016746019944548607,1.0
1790268473.0683134,14.951502323150635,301,0,24,0.08597119897603989,0.011934916488826275,0.02524309605360031,0.015379813499748707,0.08839509636163712,0.0006824456504546106,1.0,22,0.08322420716285706,0.028210032731294632,0.033767908811569214,0.026471387594938278,0.09348896145820618,0.0021664404775947332,1.0,33,0.06397593766450882,-0.0007749615469947457,0.028701040893793106,0.01808175817131996,0.06672673672437668,0.0007163113332353532,1.0,76,0.05583110451698303,0.0047797150909900665,0.03299819305539131,0.024988757446408272,0.06309699267148972,0.0006628087139688432,1.0,0.09094202890992165,0.020072474610060453,0.06672673672437668,-0.0007749615469947457,0.06309699267148972,0.0047797150909900665,1.0
1790268473.1162815,14.999470472335815,302,0,24,0.0444539375603199,0.01170221995562315,0.016414862126111984,0.011363946832716465,0.04758418723940849,0.0006949804374016821,1.0,22,0.05482621490955353,0.017877059057354927,0.028841592371463776,0.029894163832068443,0.06748739629983902,0.001953627448529005,1.0,33,0.03897140920162201,-0.002685546875,0.023785926401615143,0.011696619912981987,0.04083938151597977,0.0008998740231618285,1.0,76,0.03378858044743538,-0.007620159070938826,0.023181486874818802,0.0221025999635458,0.04244115576148033,0.000584807712584734,1.0,0.057535791769623756,0.014789639506489038,0.04083938151597977,-0.002685546875,0.04244115576148033,-0.007620159070938826,1.0
1790268473.1684463,15.051635265350342,303,0,24,0.023344039916992188,0.011859893798828125,0.01685354858636856,0.013177655637264252,0.030748113989830017,0.0008042731788009405,1.0,22,0.031069668009877205,-0.0005437677609734237,0.017702825367450714,0.017890170216560364,0.035898905247449875,0.002148811938241124,1.0,33,0.014669245108962059,-0.0061770351603627205,0.01466953195631504,0.012943239882588387,0.0218662079423666,0.0006678332574665546,1.0,76,0.017352856695652008,-0.0065916962921619415,0.017880307510495186,0.014843177050352097,0.0260515995323658,0.0006692872848361731,1.0,0.033323509618639946,0.005658063018927351,0.0218662079423666,-0.0061770351603627205,0.0260515995323658,-0.0065916962921619415,1.0
1790268473.216448,15.099637031555176,304,0,24,0.00795110035687685,0.0038827259559184313,0.01764773018658161,0.014028492383658886,0.01919776201248169,0.0009010315989144146,1.0,22,-0.016791604459285736,0.0038632480427622795,0.0251487847417593,0.02941310778260231,0.03812524303793907,0.0018840213306248188,1.0,33,0.005611072760075331,-0.011156024411320686,0.017507441341876984,0.010646007023751736,0.02099490538239479,0.0006109018577262759,1.0,76,-0.001346186618320644,-0.005932657513767481,0.016994981095194817,0.016726402565836906,0.020554494112730026,0.0006473755347542465,1.0,0.02866150252521038,0.0038729869993403554,0.02099490538239479,-0.011156024411320686,0.020554494112730026,-0.005932657513767481,1.0
1790268473.2682748,15.151463747024536,305,0,24,-0.0083071393892169,0.00885009765625,0.020674511790275574,0.015318813733756542,0.02413620799779892,0.0008464388083666563,1.0,22,-0.03629927337169647,-0.004468744620680809,0.01801527850329876,0.021175291389226913,0.04295891150832176,0.001280154217965901,1.0,33,-0.01654515042901039,-0.003693551756441593,0.026696879416704178,0.010898517444729805,0.030675426125526428,0.0006209735875017941,1.0,76,-0.019486477598547935,-0.001596249989233911,0.020254530012607574,0.015077939257025719,0.029194286093115807,0.0004788189544342458,1.0,0.03354755975306034,0.0021906765177845955,0.030675426125526428,-0.003693551756441593,0.029194286093115807,-0.001596249989233911,1.0
1790268473.3203115,15.203500509262085,306,0,24,-0.03450266644358635,0.00027147927903570235,0.026293538510799408,0.012077383697032928,0.04347769543528557,0.000988821848295629,1.0,22,-0.0065030185505747795,-0.005052739754319191,0.02835722453892231,0.0332353413105011,0.04014114663004875,0.0015369257889688015,1.0,33,-0.03121902048587799,-0.004217437002807856,0.02017710916697979,0.014954781159758568,0.03600055351853371,0.0005617609713226557,1.0,76,-0.03531727194786072,-0.00012227108527440578,0.01603703387081623,0.01967933215200901,0.04090161621570587,0.0005860502133145928,1.0,0.04180942103266716,-0.0023906302376417443,0.03600055351853371,-0.004217437002807856,0.04090161621570587,-0.00012227108527440578,1.0
1790268473.3682485,15.251437425613403,307,0,24,-0.050993602722883224,0.010137557983398438,0.01670483499765396,0.012663169763982296,0.053532958030700684,0.0009772266494110227,1.0,22,-0.04865889251232147,0.0023699672892689705,0.034335292875766754,0.027612127363681793,0.05598962679505348,0.0018349002348259091,1.0,33,-0.04290124028921127,0.0076876552775502205,0.02148759551346302,0.011300723999738693,0.045732613652944565,0.0006529816891998053,1.0,76,-0.04124229773879051,0.005871923174709082,0.01912268064916134,0.017773667350411415,0.045738350600004196,0.0005724545917473733,1.0,0.05476129241287708,0.006253762636333704,0.045732613652944565,0.0076876552775502205,0.045738350600004196,0.005871923174709082,1.0
1790268473.4199579,15.303146839141846,308,0,24,-0.07125663757324219,0.028688430786132812,0.03655780106782913,0.013739903457462788,0.07797010987997055,0.0010461864294484258,1.0,22,-0.054999612271785736,0.017628062516450882,0.02782135084271431,0.01618289388716221,0.059538546949625015,0.0020187627524137497,1.0,33,-0.04223262891173363,0.015178795903921127,0.01835714280605316,0.010370117612183094,0.04659932479262352,0.0006191268330439925,1.0,76,-0.05084148049354553,0.01429989468306303,0.03196541592478752,0.01877688243985176,0.0557800829410553,0.0007044739904813468,1.0,0.06875432841479778,0.023158246651291847,0.04659932479262352,0.015178795903921127,0.0557800829410553,0.01429989468306303,1.0
1790268473.468073,15.351261854171753,309,0,24,-0.05006853863596916,0.01385370921343565,0.02597295120358467,0.010164525359869003,0.05378927290439606,0.0009955331915989518,1.0,22,-0.038821134716272354,0.009930003434419632,0.020607933402061462,0.02597676031291485,0.04566597566008568,0.002016272861510515,1.0,33,-0.03226771578192711,0.025020714849233627,0.019170833751559258,0.019634466618299484,0.04640493541955948,0.0006355458754114807,1.0,76,-0.040560271590948105,0.014728044159710407,0.019679052755236626,0.018488401547074318,0.047146592289209366,0.0005809895810671151,1.0,0.04972762428224087,0.011891856323927641,0.04640493541955948,0.025020714849233627,0.047146592289209366,0.014728044159710407,1.0
1790268473.5200577,15.403246641159058,310,0,24,-0.018355051055550575,0.014425277709960938,0.016151608899235725,0.009576596319675446,0.0285028163343668,0.0013169177109375596,1.0,22,-0.03674454987049103,0.002831198973581195,0.030088916420936584,0.01800672709941864,0.045175693929195404,0.0018301623640581965,1.0,33,-0.009850242175161839,0.02633759379386902,0.02666660211980343,0.012584948912262917,0.03811616450548172,0.000769841717556119,1.0,76,-0.021628128364682198,0.014344064518809319,0.018266446888446808,0.015243005938827991,0.03167042136192322,0.0007100420189090073,1.0,0.0368392551317811,0.008628238341771066,0.03811616450548172,0.02633759379386902,0.03167042136192322,0.014344064518809319,1.0
1790268473.5720387,15.455227613449097,311,0,24,-0.024492263793945312,-0.0049082436598837376,0.015852052718400955,0.0171028021723032,0.031496312469244,0.000798419991042465,1.0,22,0.00025523791555315256,-0.01806848682463169,0.025066683068871498,0.030484599992632866,0.037676822394132614,0.001927356468513608,1.0,33,0.013899832032620907,0.008535673841834068,0.023884348571300507,0.01492089033126831,0.028560977429151535,0.0006880774744786322,1.0,76,-0.00347137451171875,-0.0008787857950665057,0.019718589261174202,0.015171353705227375,0.021259846165776253,0.0006425062892958522,1.0,0.03458656743168831,-0.011488365242257714,0.028560977429151535,0.008535673841834068,0.021259846165776253,-0.0008787857950665057,1.0
1790268473.6198714,15.503060340881348,312,0,24,0.017245611175894737,-0.0083071393892169,0.020385239273309708,0.0118722477927804,0.02738012559711933,0.0008126070606522262,1.0,22,0.027859775349497795,0.0022777209524065256,0.03867523372173309,0.019863927736878395,0.041710495948791504,0.0017075962387025356,1.0,33,0.0028506191447377205,0.016386551782488823,0.015323508530855179,0.012860498391091824,0.02361718751490116,0.0006144137005321681,1.0,76,0.005939483642578125,0.009907170198857784,0.014485467225313187,0.015806710347533226,0.020710142329335213,0.0004695188836194575,1.0,0.03454531077295542,-0.003014709218405187,0.02361718751490116,0.016386551782488823,0.020710142329335213,0.009907170198857784,1.0
1790268473.672034,15.555222988128662,313,0,24,0.0137723283842206,0.023784637451171875,0.017126010730862617,0.012714295648038387,0.03247463330626488,0.0007543016108684242,1.0,22,0.013947919942438602,0.01403323095291853,0.037951987236738205,0.030656684190034866,0.04979370906949043,0.0013696440728381276,1.0,33,0.03299412503838539,0.033805154263973236,0.01932811364531517,0.015402331948280334,0.051069438457489014,0.0005483276909217238,1.0,76,0.019804904237389565,0.020297503098845482,0.01664735935628414,0.017263472080230713,0.03272319585084915,0.0006274059996940196,1.0,0.041134171187877655,0.018908934202045202,0.051069438457489014,0.033805154263973236,0.03272319585084915,0.020297503098845482,1.0
1790268473.7203207,15.603509664535522,314,0,24,0.4839649200439453,0.3448282778263092,0.5422848463058472,0.269717276096344,0.6168097853660583,0.0913519635796547,1.0,22,0.0185089111328125,0.1768902838230133,0.0942828431725502,0.34215036034584045,0.21969817578792572,0.11101169139146805,1.0,33,0.05487430468201637,0.07247092574834824,0.024511201307177544,0.019423475489020348,0.09227311611175537,0.0008834254695102572,1.0,76,0.09237008541822433,0.09216589480638504,0.20384620130062103,0.16498486697673798,0.13619370758533478,0.012928646057844162,1.0,0.41825398057699203,0.26085928082466125,0.09227311611175537,0.07247092574834824,0.13619370758533478,0.09216589480638504,1.0
1790268473.7722929,15.655481815338135,315,1,24,0.7583897709846497,0.5244235992431641,0.7890531420707703,0.5069419145584106,0.9734531044960022,0.19627530872821808,1.0,22,-0.09584322571754456,0.26839587092399597,0.48841556906700134,0.4401569366455078,0.3690092861652374,0.12322261184453964,1.0,33,0.0928853377699852,0.2785903513431549,0.08655264228582382,0.12132051587104797,0.3060358166694641,0.0074501074850559235,1.0,76,0.177268385887146,0.22733326256275177,0.4257982671260834,0.36001870036125183,0.3072056770324707,0.0672723576426506,1.0,0.6712311953306198,0.39640973508358,0.3060358166694641,0.2785903513431549,0.3072056770324707,0.22733326256275177,1.0
1790268473.8242671,15.707456111907959,316,0,24,0.0030949909705668688,0.0427500419318676,0.03508610278367996,0.04113725945353508,0.05574759840965271,0.001411663950420916,1.0,22,0.0016091086436063051,0.0498199462890625,0.02737671323120594,0.032133519649505615,0.05841580778360367,0.001983414636924863,1.0,33,0.07467928528785706,0.24037078022956848,0.07083360105752945,0.07373970746994019,0.26250845193862915,0.004670134279876947,1.0,76,0.028781088069081306,0.1041964516043663,0.05368979647755623,0.1041017696261406,0.1176871731877327,0.0018360605463385582,1.0,0.05708170309662819,0.04628499411046505,0.26250845193862915,0.24037078022956848,0.1176871731877327,0.1041964516043663,1.0
1790268473.872228,15.755416870117188,317,0,24,-0.10063870996236801,-0.08374404907226562,0.10869929194450378,0.2748572528362274,0.19677235186100006,0.020199311897158623,1.0,22,0.048926614224910736,-0.004392450675368309,0.13182346522808075,0.13549351692199707,0.11609599739313126,0.026349417865276337,1.0,33,0.010237260721623898,0.111724853515625,0.032054439187049866,0.027805030345916748,0.11724118888378143,0.0010191220790147781,1.0,76,-0.02198309637606144,0.008795286528766155,0.07960180938243866,0.20605161786079407,0.12021273374557495,0.007232223637402058,1.0,0.15643417462706566,-0.04406824987381697,0.11724118888378143,0.111724853515625,0.12021273374557495,0.008795286528766155,1.0
1790268473.9240086,15.807197570800781,318,0,24,-0.25738462805747986,-0.1826426237821579,0.2968142628669739,0.309634804725647,0.35387101769447327,0.040001120418310165,1.0,22,0.08230313658714294,-0.03714127838611603,0.25418075919151306,0.17817990481853485,0.1385475993156433,0.03628382831811905,1.0,33,-0.007595640141516924,0.0725555419921875,0.019434617832303047,0.016425177454948425,0.07549966871738434,0.0006977402954362333,1.0,76,-0.07867792993783951,-0.016091998666524887,0.21903963387012482,0.208871528506279,0.1408662050962448,0.012670931406319141,1.0,0.2462093085050583,-0.10989195108413696,0.07549966871738434,0.0725555419921875,0.1408662050962448,-0.016091998666524887,1.0
1790268473.972094,15.85528302192688,319,0,24,-0.3584931790828705,-0.24172210693359375,0.42269131541252136,0.3074384927749634,0.46621811389923096,0.0645778700709343,1.0,22,0.01228055078536272,-0.12524275481700897,0.22438468039035797,0.3372681736946106,0.203032985329628,0.0355793833732605,1.0,33,-0.017850933596491814,0.03516179695725441,0.021296031773090363,0.01621358096599579,0.044348180294036865,0.0008494909852743149,1.0,76,-0.10131856054067612,-0.03969845175743103,0.2626035213470459,0.21195313334465027,0.14024484157562256,0.010941815562546253,1.0,0.3346255496144295,-0.18348243087530136,0.044348180294036865,0.03516179695725441,0.14024484157562256,-0.03969845175743103,1.0
1790268474.0241494,15.907338380813599,320,0,24,-0.29369863867759705,-0.2291431427001953,0.2922116816043854,0.2411954700946808,0.4013446867465973,0.03478509932756424,1.0,22,-0.008345170877873898,-0.11442219465970993,0.12660066783428192,0.22890350222587585,0.14865325391292572,0.029551826417446136,1.0,33,-0.04196074604988098,0.02293858304619789,0.023432772606611252,0.011392895132303238,0.051273077726364136,0.000776921515353024,1.0,76,-0.06272567063570023,-0.028623580932617188,0.1191873624920845,0.1624799519777298,0.0991431251168251,0.005201035179197788,1.0,0.2749989703297615,-0.17178266867995262,0.051273077726364136,0.02293858304619789,0.0991431251168251,-0.028623580932617188,1.0
1790268474.076185,15.959373950958252,321,0,24,-0.14153988659381866,-0.10653623193502426,0.12393475323915482,0.1067066341638565,0.19385112822055817,0.008031358942389488,1.0,22,-0.0038923784159123898,-0.053260110318660736,0.04639527201652527,0.11933545023202896,0.08156023174524307,0.011488870717585087,1.0,33,-0.029811512678861618,0.024630459025502205,0.016386637464165688,0.010908023454248905,0.041249215602874756,0.0007298829150386155,1.0,76,-0.03534778952598572,-0.00490590138360858,0.05482136830687523,0.06813467293977737,0.05668962746858597,0.0015014573000371456,1.0,0.13770567998290062,-0.0798981711268425,0.041249215602874756,0.024630459025502205,0.05668962746858597,-0.00490590138360858,1.0
1790268474.123865,16.0070538520813,322,0,24,-0.03715069964528084,-0.02733866311609745,0.06166350468993187,0.04024394601583481,0.06874950230121613,0.0018013272201642394,1.0,22,0.01031494140625,0.0015827525639906526,0.04862747713923454,0.0674506425857544,0.0634067952632904,0.002391197718679905,1.0,33,-0.0004591508477460593,0.036587800830602646,0.026334313675761223,0.017632214352488518,0.04354492947459221,0.0007755302940495312,1.0,76,-0.002349853515625,0.016841787844896317,0.028512071818113327,0.03271349146962166,0.03771728649735451,0.0007148541626520455,1.0,0.06607814878225327,-0.012877955276053399,0.04354492947459221,0.036587800830602646,0.03771728649735451,0.016841787844896317,1.0
1790268474.1759667,16.059155702590942,323,0,24,-0.030321121215820312,-0.02626800537109375,0.05268685147166252,0.03786139562726021,0.061255645006895065,0.001688654418103397,1.0,22,0.05736749991774559,-0.0068359375,0.05301564559340477,0.03789502754807472,0.07210030406713486,0.0022488178219646215,1.0,33,0.03903059661388397,0.042381055653095245,0.024416612461209297,0.01852816715836525,0.0623595267534256,0.0006513542612083256,1.0,76,0.021126797422766685,0.020900225266814232,0.028202438727021217,0.033361006528139114,0.04540551081299782,0.000756573979742825,1.0,0.06667797453701496,-0.016551971435546875,0.0623595267534256,0.042381055653095245,0.04540551081299782,0.020900225266814232,1.0
1790268474.2240145,16.107203483581543,324,0,24,0.035449981689453125,0.007976531982421875,0.04072076082229614,0.027118733152747154,0.05093701556324959,0.0011338129406794906,1.0,22,0.020409323275089264,0.0048418911173939705,0.02485470473766327,0.041361160576343536,0.04569593444466591,0.0020173569209873676,1.0,33,0.07730934768915176,0.030780676752328873,0.01689247228205204,0.020546503365039825,0.08636250346899033,0.0008393272873945534,1.0,76,0.04969245567917824,0.01922878436744213,0.03453739359974861,0.023037554696202278,0.060344964265823364,0.0007493116427212954,1.0,0.04831647500395775,0.006409211549907923,0.08636250346899033,0.030780676752328873,0.060344964265823364,0.01922878436744213,1.0
1790268474.2763238,16.159512758255005,325,0,24,0.05846468731760979,-0.012712478637695312,0.036860622465610504,0.019705457612872124,0.06313421577215195,0.0012139460304751992,1.0,22,0.051535867154598236,0.0028658779338002205,0.019657785072922707,0.03576810285449028,0.06381736695766449,0.001573021407239139,1.0,33,0.08774173259735107,0.026827262714505196,0.027288729324936867,0.017192209139466286,0.0943383127450943,0.000847662624437362,1.0,76,0.05994756519794464,0.01619589887559414,0.04200766608119011,0.022789081558585167,0.06793951988220215,0.0008339398773387074,1.0,0.06347579136490822,-0.004923300351947546,0.0943383127450943,0.026827262714505196,0.06793951988220215,0.01619589887559414,1.0
1790268474.3282907,16.211479663848877,326,0,24,0.011307398788630962,-0.012667973525822163,0.026877539232373238,0.02008049562573433,0.03589119389653206,0.0009291769820265472,1.0,22,0.044329557567834854,0.017788279801607132,0.028273116797208786,0.02566566877067089,0.05575384944677353,0.002207334153354168,1.0,33,0.0468699149787426,0.024555090814828873,0.023873671889305115,0.012842565774917603,0.05541558191180229,0.0005701020709238946,1.0,76,0.04202330857515335,0.02027541771531105,0.02590027078986168,0.02976546436548233,0.05283736437559128,0.0005728246760554612,1.0,0.045822521671652794,0.0025601531378924847,0.05541558191180229,0.024555090814828873,0.05283736437559128,0.02027541771531105,1.0
1790268474.3762789,16.259467840194702,327,0,24,0.008031845092773438,0.06122652813792229,0.020249931141734123,0.022716518491506577,0.06491091847419739,0.0012913517421111465,1.0,22,0.03312128409743309,0.05404871329665184,0.030208416283130646,0.024482019245624542,0.072871133685112,0.0022043061908334494,1.0,33,0.03825979679822922,0.09167943149805069,0.02840668521821499,0.0217827670276165,0.10279912501573563,0.0011634106049314141,1.0,76,0.02410748042166233,0.06592880934476852,0.03053520992398262,0.050035879015922546,0.073947012424469,0.0007615723297931254,1.0,0.0688910260796547,0.057637620717287064,0.10279912501573563,0.09167943149805069,0.073947012424469,0.06592880934476852,1.0
1790268474.4282851,16.311474084854126,328,0,24,-0.025885263457894325,0.3113212585449219,0.05421018600463867,0.08216588199138641,0.31664547324180603,0.005458110943436623,1.0,22,0.06234325096011162,0.2293340563774109,0.03672819957137108,0.11422080546617508,0.24342060089111328,0.006025576964020729,1.0,33,0.06064212694764137,0.6774865388870239,0.12834526598453522,0.16355733573436737,0.6919471621513367,0.009089484810829163,1.0,76,0.03408893942832947,0.34409433603286743,0.08146815001964569,0.2774848937988281,0.3551431894302368,0.003224755637347698,1.0,0.28003303706645966,0.2703276574611664,0.6919471621513367,0.6774865388870239,0.3551431894302368,0.34409433603286743,1.0
1790268474.4761627,16.359351634979248,329,0,24,-0.14746730029582977,0.7573311924934387,0.0911756381392479,0.13013926148414612,0.7759779095649719,0.00859160628169775,1.0,22,0.10767156630754471,0.48709800839424133,0.07162092626094818,0.21367819607257843,0.5026805996894836,0.011592364870011806,1.0,33,0.13908663392066956,0.8600903153419495,0.12305069714784622,0.1071707084774971,0.8801397681236267,0.005567787680774927,1.0,76,0.010993354953825474,0.5881871581077576,0.15185438096523285,0.3404242694377899,0.6100204586982727,0.003687988268211484,1.0,0.6393292546272278,0.62221460044384,0.8801397681236267,0.8600903153419495,0.6100204586982727,0.5881871581077576,1.0
1790268474.5282223,16.41141128540039,330,1,24,-0.07062403112649918,0.4729646146297455,0.07458750903606415,0.09788382053375244,0.48330482840538025,0.005710915196686983,1.0,22,-0.028779463842511177,0.3929346203804016,0.08243606984615326,0.11917787790298462,0.4015040099620819,0.008297976106405258,1.0,33,0.04838423430919647,0.5691741108894348,0.07759615033864975,0.0894872173666954,0.5766125321388245,0.004438096657395363,1.0,76,-0.015618775971233845,0.3831661641597748,0.09744472801685333,0.2157663255929947,0.398832768201828,0.003035450354218483,1.0,0.4424044191837311,0.43294961750507355,0.5766125321388245,0.5691741108894348,0.398832768201828,0.3831661641597748,1.0
1790268474.5802562,16.46344518661499,331,0,24,-0.0464986152946949,0.23153050243854523,0.04450676590204239,0.030204258859157562,0.2399802953004837,0.003323715878650546,1.0,22,0.07924305647611618,0.23029465973377228,0.09049826115369797,0.05604984238743782,0.2567991614341736,0.00527030136436224,1.0,33,0.027758048847317696,0.2908491790294647,0.04351282864809036,0.0690605416893959,0.2962174713611603,0.005233452655375004,1.0,76,-0.015825772657990456,0.19525015354156494,0.056733980774879456,0.0962686836719513,0.20696565508842468,0.001910471823066473,1.0,0.24838972836732864,0.23091258108615875,0.2962174713611603,0.2908491790294647,0.20696565508842468,0.19525015354156494,1.0
1790268474.6283164,16.511505365371704,332,0,24,-0.007233301643282175,0.10275141149759293,0.05208597704768181,0.037941932678222656,0.11282042413949966,0.0011743091745302081,1.0,22,0.037900056689977646,0.1664373278617859,0.040338415652513504,0.05191797763109207,0.17430204153060913,0.0033858309034258127,1.0,33,0.021373402327299118,0.11664003133773804,0.04855926334857941,0.03155503422021866,0.1274397224187851,0.0017812643200159073,1.0,76,-0.011150962673127651,0.10040343552827835,0.042656902223825455,0.04703040421009064,0.1100882738828659,0.0010009082034230232,1.0,0.1435612328350544,0.1345943696796894,0.1274397224187851,0.11664003133773804,0.1100882738828659,0.10040343552827835,1.0
1790268474.6802316,16.56342053413391,333,0,24,-0.039582569152116776,0.07320404052734375,0.03313649073243141,0.017677899450063705,0.08792384713888168,0.0011682371841743588,1.0,22,0.011514836922287941,0.09675390273332596,0.02764858864247799,0.02035115659236908,0.10141419619321823,0.0018438443075865507,1.0,33,-0.025521481409668922,0.08053311705589294,0.032500009983778,0.018218664452433586,0.09058281779289246,0.0010200866963714361,1.0,76,-0.03506048023700714,0.06711578369140625,0.040829360485076904,0.038967158645391464,0.08787917345762253,0.0010365076595917344,1.0,0.09466902166604996,0.08497897163033485,0.09058281779289246,0.08053311705589294,0.08787917345762253,0.06711578369140625,1.0
1790268474.7282197,16.611408710479736,334,0,24,-0.11238797754049301,0.06551805883646011,0.04473111778497696,0.017710363492369652,0.1319483071565628,0.0017374040326103568,1.0,22,-0.08035971969366074,0.077880859375,0.027859563007950783,0.029694722965359688,0.11504947394132614,0.0030808791052550077,1.0,33,-0.09658767282962799,0.05468842387199402,0.0590134859085083,0.02646808698773384,0.11969586461782455,0.001226671040058136,1.0,76,-0.09932126849889755,0.04970851540565491,0.06071333587169647,0.033703938126564026,0.1194847896695137,0.001188079477287829,1.0,0.12349889054894447,0.07169945910573006,0.11969586461782455,0.05468842387199402,0.1194847896695137,0.04970851540565491,1.0
1790268474.7800403,16.66322922706604,335,0,24,-0.1981913298368454,0.03177325055003166,0.0765751376748085,0.02675711177289486,0.20486609637737274,0.0014130957424640656,1.0,22,-0.1107635498046875,0.08119548112154007,0.039800528436899185,0.07389842718839645,0.14652468264102936,0.0037782439030706882,1.0,33,-0.20424489676952362,0.03583642095327377,0.062569260597229,0.023848023265600204,0.20885801315307617,0.0019237399101257324,1.0,76,-0.16777218878269196,0.02765715681016445,0.08733005821704865,0.03645491600036621,0.17778871953487396,0.0013836220605298877,1.0,0.17569538950920105,0.056484365835785866,0.20885801315307617,0.03583642095327377,0.17778871953487396,0.02765715681016445,1.0
1790268474.831989,16.7151780128479,336,0,24,-0.15366490185260773,0.00714429235085845,0.03596823662519455,0.029768725857138634,0.15722320973873138,0.001384640927426517,1.0,22,-0.1516210436820984,-0.0007601651013828814,0.02880048006772995,0.041937004774808884,0.15763145685195923,0.003051173174753785,1.0,33,-0.19021005928516388,-0.009288441389799118,0.039830561727285385,0.019052134826779366,0.19138486683368683,0.0011256214929744601,1.0,76,-0.14738483726978302,0.0021685550455003977,0.06802218407392502,0.03944910690188408,0.15477968752384186,0.0012254195753484964,1.0,0.1574273332953453,0.0031920636247377843,0.19138486683368683,-0.009288441389799118,0.15477968752384186,0.0021685550455003977,1.0
1790268474.8801775,16.76336646080017,337,0,24,-0.1484406739473343,0.001773834228515625,0.05832068994641304,0.029781371355056763,0.15238066017627716,0.0009384059812873602,1.0,22,-0.14251431822776794,-0.020023692399263382,0.04253232106566429,0.03324521705508232,0.14810018241405487,0.0026796453166753054,1.0,33,-0.1238505020737648,-0.002342917723581195,0.03536920249462128,0.022465281188488007,0.1260860562324524,0.0009093290427699685,1.0,76,-0.09954311698675156,0.0049896240234375,0.06034999340772629,0.03823653236031532,0.110112763941288,0.0009397808462381363,1.0,0.15024042129516602,-0.009124929085373878,0.1260860562324524,-0.002342917723581195,0.110112763941288,0.0049896240234375,1.0
1790268474.9322333,16.815422296524048,338,0,24,-0.07319322973489761,-0.009796778671443462,0.029694223776459694,0.015970589593052864,0.07594558596611023,0.0011468244483694434,1.0,22,-0.09202437102794647,-0.015167236328125,0.04521503672003746,0.028404416516423225,0.09870937466621399,0.0024850014597177505,1.0,33,-0.06552540510892868,0.0007851340342313051,0.02457362785935402,0.017865821719169617,0.06840262562036514,0.0005883611738681793,1.0,76,-0.0535665825009346,-0.008138957433402538,0.037933412939310074,0.018971331417560577,0.06033424288034439,0.0006854433449916542,1.0,0.08732748031616211,-0.012482007499784231,0.06840262562036514,0.0007851340342313051,0.06033424288034439,-0.008138957433402538,1.0
1790268474.9802718,16.863460779190063,339,0,24,-0.0418497733771801,-0.04510815814137459,0.030580293387174606,0.025874970480799675,0.06957605481147766,0.0009108130470849574,1.0,22,-0.023426402360200882,-0.02211206592619419,0.025482574477791786,0.025890236720442772,0.045203421264886856,0.002513136714696884,1.0,33,-0.04041683301329613,-0.040128301829099655,0.023186897858977318,0.013587113469839096,0.061746034771203995,0.0008901044493541121,1.0,76,-0.020613418892025948,-0.027378283441066742,0.024859584867954254,0.03182854503393173,0.047017503529787064,0.000628911831881851,1.0,0.05738973803818226,-0.03361011203378439,0.061746034771203995,-0.040128301829099655,0.047017503529787064,-0.027378283441066742,1.0
1790268475.0322566,16.915445566177368,340,0,24,0.018935522064566612,-0.08062616735696793,0.04300953820347786,0.022694526240229607,0.09056264162063599,0.0011705950601026416,1.0,22,-0.009389704093337059,-0.04182087257504463,0.03193045035004616,0.025355132296681404,0.05544089153409004,0.0022268930915743113,1.0,33,-0.017869891598820686,-0.05782757326960564,0.017316006124019623,0.019345177337527275,0.06326363235712051,0.000945144856814295,1.0,76,0.010030043311417103,-0.04519432410597801,0.03236659988760948,0.03578650578856468,0.05870436504483223,0.0006242276285775006,1.0,0.07300176657736301,-0.06122351996600628,0.06326363235712051,-0.05782757326960564,0.05870436504483223,-0.04519432410597801,1.0
1790268475.084382,16.967571020126343,341,0,24,0.0020923614501953125,-0.05424181744456291,0.025980433449149132,0.026892095804214478,0.06352206319570541,0.0009602985810488462,1.0,22,-0.0041656494140625,-0.027954794466495514,0.03802040219306946,0.03906426578760147,0.057739075273275375,0.0015754852211102843,1.0,33,0.0003361557610332966,-0.07281725108623505,0.021793462336063385,0.02348165214061737,0.0763048380613327,0.0011950685875490308,1.0,76,0.010561290197074413,-0.06028948351740837,0.02185320295393467,0.03299717977643013,0.06701479852199554,0.0007142301183193922,1.0,0.060630569234490395,-0.04109830595552921,0.0763048380613327,-0.07281725108623505,0.06701479852199554,-0.06028948351740837,1.0
1790268475.1322036,17.015392541885376,342,0,24,0.08546129614114761,-0.14679844677448273,0.046090446412563324,0.04588202014565468,0.17376983165740967,0.0021629317197948694,1.0,22,0.020188765600323677,-0.08751609176397324,0.060595475137233734,0.040977802127599716,0.10498810559511185,0.0019062295323237777,1.0,33,0.006355516612529755,-0.17969442903995514,0.04476771503686905,0.06044556200504303,0.18522000312805176,0.001874302513897419,1.0,76,0.04146375134587288,-0.11836523562669754,0.04831072315573692,0.07734362035989761,0.13877832889556885,0.0013870882103219628,1.0,0.13937896862626076,-0.11715726926922798,0.18522000312805176,-0.17969442903995514,0.13877832889556885,-0.11836523562669754,1.0
1790268475.1842973,17.06748628616333,343,0,24,0.14674758911132812,-0.1831563264131546,0.06172521039843559,0.03328099101781845,0.23996126651763916,0.002633839612826705,1.0,22,0.07394132018089294,-0.10499711334705353,0.06587308645248413,0.030845368281006813,0.13953004777431488,0.0037535650189965963,1.0,33,0.07668697834014893,-0.21172910928726196,0.0366947278380394,0.05186248570680618,0.22705748677253723,0.0024531458038836718,1.0,76,0.10844582319259644,-0.15924091637134552,0.05711721256375313,0.0839192271232605,0.20240318775177002,0.001710904878564179,1.0,0.18974565714597702,-0.14407671988010406,0.22705748677253723,-0.21172910928726196,0.20240318775177002,-0.15924091637134552,1.0
1790268475.232231,17.11541986465454,344,0,24,0.22105152904987335,-0.21704864501953125,0.04913562163710594,0.042568594217300415,0.3114803731441498,0.00195351243019104,1.0,22,0.13619579374790192,-0.10741355270147324,0.062052927911281586,0.04459652677178383,0.17778848111629486,0.0028789250645786524,1.0,33,0.12088844925165176,-0.16590465605258942,0.04427875205874443,0.040808819234371185,0.20808148384094238,0.0014898005174472928,1.0,76,0.13893990218639374,-0.13155636191368103,0.08164021372795105,0.08373049646615982,0.20372694730758667,0.0014828960411250591,1.0,0.24463442713022232,-0.16223109886050224,0.20808148384094238,-0.16590465605258942,0.20372694730758667,-0.13155636191368103,1.0
1790268475.28422,17.16740894317627,345,1,24,0.054790496826171875,-0.06415048986673355,0.023189442232251167,0.022939439862966537,0.08568167686462402,0.0007761456072330475,1.0,22,0.06357782334089279,-0.032189108431339264,0.035007208585739136,0.02759195864200592,0.07620120793581009,0.002245167037472129,1.0,33,0.0539652518928051,-0.04921005666255951,0.023297086358070374,0.02071600966155529,0.07667215168476105,0.0008441921090707183,1.0,76,0.053811926394701004,-0.03914080187678337,0.030482802540063858,0.03193945810198784,0.07281458377838135,0.0006371494382619858,1.0,0.08094144240021706,-0.04816979914903641,0.07667215168476105,-0.04921005666255951,0.07281458377838135,-0.03914080187678337,1.0
1790268475.3361654,17.219354391098022,346,0,24,-0.0047213234938681126,0.009893417358398438,0.0386669896543026,0.012972506694495678,0.03379217907786369,0.0009508424554951489,1.0,22,0.018970835953950882,-0.003304221434518695,0.025817962363362312,0.018354687839746475,0.0319342315196991,0.0021388933528214693,1.0,33,-0.002144553465768695,-0.0011212897952646017,0.015568428672850132,0.016396084800362587,0.01998402737081051,0.0010412315605208278,1.0,76,0.010790975764393806,0.0013602407416328788,0.019615596160292625,0.016395583748817444,0.024941498413681984,0.0006762031116522849,1.0,0.032863205298781395,0.0032945979619398713,0.01998402737081051,-0.0011212897952646017,0.024941498413681984,0.0013602407416328788,1.0
1790268475.3841686,17.26735758781433,347,0,24,-0.030714035034179688,0.011023839004337788,0.031407952308654785,0.01651100441813469,0.04355117678642273,0.0015936075942590833,1.0,22,-0.00494246045127511,-0.014316905289888382,0.03591959550976753,0.021318767219781876,0.03737938776612282,0.0016806875355541706,1.0,33,-0.0058413418009877205,-0.00015212550351861864,0.022940991446375847,0.01618582010269165,0.025167152285575867,0.0005509253824129701,1.0,76,-0.012015292420983315,0.004666880704462528,0.029030844569206238,0.020045727491378784,0.0303710475564003,0.0005882244440726936,1.0,0.040465282276272774,-0.0016465331427752972,0.025167152285575867,-0.00015212550351861864,0.0303710475564003,0.004666880704462528,1.0
1790268475.4361162,17.319305181503296,348,0,24,-0.00891240406781435,-0.018235525116324425,0.016024725511670113,0.015078564174473286,0.02698453702032566,0.000589996634516865,1.0,22,-0.029026377946138382,-0.03907914459705353,0.04064127057790756,0.020511899143457413,0.05918070301413536,0.0014511854387819767,1.0,33,-0.01725676655769348,-0.030833851546049118,0.018554802983999252,0.010214591398835182,0.038460537791252136,0.0009355745278298855,1.0,76,-0.009496789425611496,-0.019723089411854744,0.02203569933772087,0.018137652426958084,0.03212396427989006,0.0005622321623377502,1.0,0.04308262001723051,-0.028657334856688976,0.038460537791252136,-0.030833851546049118,0.03212396427989006,-0.019723089411854744,1.0
1790268475.483983,17.36717200279236,349,0,24,-0.025484085083007812,-0.05320421978831291,0.024020608514547348,0.010576297529041767,0.06226417422294617,0.0011445245472714305,1.0,22,0.012956098653376102,-0.047391023486852646,0.03944842144846916,0.03646668791770935,0.06581907719373703,0.0017160166753455997,1.0,33,-0.004005201160907745,-0.07892446964979172,0.022063514217734337,0.019554084166884422,0.081966832280159,0.0006551028345711529,1.0,76,0.0025018390733748674,-0.048372671008110046,0.024091457948088646,0.028782689943909645,0.05507510527968407,0.0005421984242275357,1.0,0.0640416257083416,-0.05029762163758278,0.081966832280159,-0.07892446964979172,0.05507510527968407,-0.048372671008110046,1.0
1790268475.5363433,17.419532299041748,350,0,24,0.023286184296011925,-0.07228723913431168,0.014366861432790756,0.011377660557627678,0.07725513726472855,0.00100625678896904,1.0,22,-0.0070065585896372795,-0.07572520524263382,0.02218005433678627,0.02497905306518078,0.07938186079263687,0.0022459460888057947,1.0,33,-0.005512584466487169,-0.07638688385486603,0.017447762191295624,0.02043773978948593,0.0784592553973198,0.0010347889037802815,1.0,76,0.011921130120754242,-0.05588280409574509,0.02148447185754776,0.03409171849489212,0.06429052352905273,0.0006778923561796546,1.0,0.07831849902868271,-0.07400622218847275,0.0784592553973198,-0.07638688385486603,0.06429052352905273,-0.05588280409574509,1.0
1790268475.5884516,17.471640586853027,351,0,24,0.04420280456542969,-0.07715670019388199,0.018426403403282166,0.01153530366718769,0.09055066108703613,0.0014777452452108264,1.0,22,0.03961320221424103,-0.04525202140212059,0.022467300295829773,0.027781421318650246,0.0666734054684639,0.0018702020170167089,1.0,33,0.011944395489990711,-0.07685713469982147,0.016404014080762863,0.015235889703035355,0.07949604839086533,0.0006825948366895318,1.0,76,0.02359912358224392,-0.05360483005642891,0.0194131750613451,0.034099869430065155,0.06573575735092163,0.0006520678289234638,1.0,0.07861203327775002,-0.06120436079800129,0.07949604839086533,-0.07685713469982147,0.06573575735092163,-0.05360483005642891,1.0
1790268475.636392,17.519581079483032,352,0,24,0.03266143798828125,-0.0646870955824852,0.014849493280053139,0.01729860156774521,0.07363032549619675,0.0010931555880233645,1.0,22,0.012492787092924118,-0.046572599560022354,0.03243835270404816,0.03222862258553505,0.059747979044914246,0.0025375934783369303,1.0,33,0.022396665066480637,-0.055999755859375,0.01817283034324646,0.015273700468242168,0.06357850879430771,0.0005749554256908596,1.0,76,0.02578173205256462,-0.042985111474990845,0.018920473754405975,0.0302270520478487,0.05800355225801468,0.0005777633632533252,1.0,0.0666891522705555,-0.05562984757125378,0.06357850879430771,-0.055999755859375,0.05800355225801468,-0.042985111474990845,1.0
1790268475.6881144,17.571303367614746,353,0,24,0.031136831268668175,-0.03496043011546135,0.02446434274315834,0.012591452337801456,0.05096941068768501,0.0010189193999394774,1.0,22,0.00970736425369978,-0.028817610815167427,0.02467641420662403,0.023287739604711533,0.040855854749679565,0.0017885114066302776,1.0,33,0.007863825187087059,-0.04102117195725441,0.015935197472572327,0.012396405450999737,0.044710878282785416,0.0005750753916800022,1.0,76,0.01343496236950159,-0.03405822068452835,0.015215319581329823,0.017305226996541023,0.040268171578645706,0.0006048918003216386,1.0,0.04591263271868229,-0.03188902046531439,0.044710878282785416,-0.04102117195725441,0.040268171578645706,-0.03405822068452835,1.0
1790268475.7362485,17.61943745613098,354,0,24,0.017944971099495888,-0.043834686279296875,0.014085885137319565,0.014035607688128948,0.049936726689338684,0.0005944379954598844,1.0,22,0.018558848649263382,-0.025965603068470955,0.031872592866420746,0.02175326645374298,0.044703517109155655,0.0021100181620568037,1.0,33,0.02965245023369789,-0.0370381660759449,0.023388342931866646,0.012771034613251686,0.051209717988967896,0.0006571482517756522,1.0,76,0.016648543998599052,-0.027703234925866127,0.017558656632900238,0.019934888929128647,0.03794018179178238,0.0005792194860987365,1.0,0.04732012189924717,-0.034900144673883915,0.051209717988967896,-0.0370381660759449,0.03794018179178238,-0.027703234925866127,1.0
1790268475.7882137,17.6714026927948,355,0,24,-0.0032297770958393812,-0.012982686050236225,0.026308992877602577,0.015065471641719341,0.028947582468390465,0.0007525913533754647,1.0,22,-0.008983265608549118,-0.026060624048113823,0.03962000459432602,0.024128954857587814,0.048840105533599854,0.0021824014838784933,1.0,33,0.02143952250480652,-0.03230840340256691,0.01681704819202423,0.01145721971988678,0.04070077836513519,0.0006030976073816419,1.0,76,0.01825854741036892,-0.023377569392323494,0.017581574618816376,0.019709952175617218,0.03570330888032913,0.0005129792261868715,1.0,0.03889384400099516,-0.019521655049175024,0.04070077836513519,-0.03230840340256691,0.03570330888032913,-0.023377569392323494,1.0
1790268475.8402433,17.723432302474976,356,0,24,0.04232025146484375,-0.041909534484148026,0.01671181246638298,0.00977308675646782,0.061080705374479294,0.0006114143179729581,1.0,22,0.04613703116774559,-0.01519775390625,0.026224005967378616,0.0174189992249012,0.05299429967999458,0.0014831696171313524,1.0,33,0.02511504292488098,-0.05344830080866814,0.017370887100696564,0.014963014982640743,0.06076627969741821,0.0008449388551525772,1.0,76,0.037004370242357254,-0.03440073877573013,0.01751384325325489,0.026503179222345352,0.05621999129652977,0.0005639746086671948,1.0,0.05703750252723694,-0.028553644195199013,0.06076627969741821,-0.05344830080866814,0.05621999129652977,-0.03440073877573013,1.0
1790268475.88822,17.771409034729004,357,0,24,0.06929079443216324,-0.04714648053050041,0.03377554565668106,0.016998453065752983,0.08543483167886734,0.0009228335693478584,1.0,22,0.022214023396372795,-0.02251989208161831,0.04814492166042328,0.027726348489522934,0.05849260464310646,0.001943868468515575,1.0,33,0.053072381764650345,-0.03973388671875,0.016869384795427322,0.019281627610325813,0.06809069216251373,0.0005713208811357617,1.0,76,0.048997778445482254,-0.03351382166147232,0.025534095242619514,0.0265006422996521,0.06344977766275406,0.0006948642549104989,1.0,0.0719637181609869,-0.03483318630605936,0.06809069216251373,-0.03973388671875,0.06344977766275406,-0.03351382166147232,1.0
1790268475.9402096,17.82339859008789,358,0,24,0.07272657006978989,-0.0283788051456213,0.02460472658276558,0.019024722278118134,0.08031831681728363,0.0006976936128921807,1.0,22,0.06430747359991074,-0.01899927295744419,0.03591525927186012,0.021145205944776535,0.06901900470256805,0.0016176981152966619,1.0,33,0.04954390227794647,-0.024681322276592255,0.016720810905098915,0.01597539708018303,0.05838118866086006,0.0006132444250397384,1.0,76,0.049742650240659714,-0.015655517578125,0.022460995241999626,0.02238793484866619,0.05681933835148811,0.0005679193418473005,1.0,0.07466866075992584,-0.023689039051532745,0.05838118866086006,-0.024681322276592255,0.05681933835148811,-0.015655517578125,1.0
1790268475.9882236,17.87141251564026,359,0,24,0.04211171343922615,-0.008108139038085938,0.024420909583568573,0.01710355468094349,0.04866572842001915,0.0008140176651068032,1.0,22,0.0242462158203125,0.012487238273024559,0.029431145638227463,0.02728913724422455,0.044215649366378784,0.0011546696769073606,1.0,33,0.05539125204086304,0.004192467778921127,0.01602058671414852,0.010266976431012154,0.05665174499154091,0.00043750175973400474,1.0,76,0.045762110501527786,-0.0038610759656876326,0.023438405245542526,0.019956376403570175,0.05053052306175232,0.0005545688327401876,1.0,0.04644068889319897,0.0021895496174693108,0.05665174499154091,0.004192467778921127,0.05053052306175232,-0.0038610759656876326,1.0
1790268476.0400665,17.923255443572998,360,1,24,0.0377299003303051,-0.003192901611328125,0.013487348333001137,0.008545364253222942,0.039280105382204056,0.0008152675000019372,1.0,22,0.04618280753493309,0.012483076192438602,0.03580651432275772,0.0267670676112175,0.05815928056836128,0.001867674640379846,1.0,33,0.06205795705318451,0.025921909138560295,0.02374696359038353,0.016389697790145874,0.07033316045999527,0.0008438898948952556,1.0,76,0.040237829089164734,0.007164503447711468,0.024112077429890633,0.02111029252409935,0.04634099081158638,0.0005692974082194269,1.0,0.04871969297528267,0.004645087290555239,0.07033316045999527,0.025921909138560295,0.04634099081158638,0.007164503447711468,1.0
1790268476.0919218,17.97511076927185,361,0,24,0.05582237243652344,-0.0063184103928506374,0.012006735429167747,0.011239409446716309,0.05737951397895813,0.0008421015809290111,1.0,22,0.03148304298520088,0.0028429897502064705,0.0333222970366478,0.022677317261695862,0.04844510555267334,0.002073799492791295,1.0,33,0.03366967290639877,0.02066548727452755,0.02451084926724434,0.016545262187719345,0.04694489762187004,0.00044928654097020626,1.0,76,0.03798053041100502,0.003614626359194517,0.022665701806545258,0.022615177556872368,0.04583960026502609,0.0005930600455030799,1.0,0.052912309765815735,-0.0017377103213220835,0.04694489762187004,0.02066548727452755,0.04583960026502609,0.003614626359194517,1.0
1790268476.140341,18.02353000640869,362,0,24,0.04353777691721916,-0.026645660400390625,0.018384268507361412,0.009168588556349277,0.052592139691114426,0.00080594647442922,1.0,22,0.05602888762950897,-0.0004341819148976356,0.04092632234096527,0.028175385668873787,0.06414885818958282,0.0029170147608965635,1.0,33,0.02400716207921505,-0.004962805658578873,0.019673239439725876,0.013199019245803356,0.03117586299777031,0.0006632071454077959,1.0,76,0.029006756842136383,-0.010617205873131752,0.018523462116718292,0.017211468890309334,0.03691888973116875,0.0006059434381313622,1.0,0.058370498940348625,-0.01353992115764413,0.03117586299777031,-0.004962805658578873,0.03691888973116875,-0.010617205873131752,1.0
1790268476.1919062,18.075095176696777,363,0,24,0.0315755195915699,-0.02451324462890625,0.012722432613372803,0.008656867779791355,0.041169289499521255,0.0005945567972958088,1.0,22,0.012010053731501102,-0.007838856428861618,0.02886824496090412,0.02705734595656395,0.03937547653913498,0.0015910402871668339,1.0,33,0.02310134470462799,-0.014150446280837059,0.014747919514775276,0.012977607548236847,0.030553001910448074,0.0005800761864520609,1.0,76,0.02629370428621769,-0.013775775209069252,0.014844623394310474,0.014308791607618332,0.03314404562115669,0.0005309922271408141,1.0,0.04027238301932812,-0.016176050528883934,0.030553001910448074,-0.014150446280837059,0.03314404562115669,-0.013775775209069252,1.0
1790268476.240316,18.123504877090454,364,0,24,0.0213623046875,-0.0133819580078125,0.015188274905085564,0.00842519011348486,0.027733823284506798,0.0007331037777476013,1.0,22,0.025834517553448677,-0.025613265112042427,0.02632557600736618,0.02945990115404129,0.048748765140771866,0.002353416522964835,1.0,33,0.014703461900353432,-0.0056429775431752205,0.014632610604166985,0.007809142582118511,0.020700177177786827,0.000571626762393862,1.0,76,0.020803552120923996,-0.0032249249052256346,0.013157015666365623,0.015218399465084076,0.026969827711582184,0.0006629464332945645,1.0,0.03824129421263933,-0.019497611559927464,0.020700177177786827,-0.0056429775431752205,0.026969827711582184,-0.0032249249052256346,1.0
1790268476.292369,18.175557851791382,365,0,24,0.0066134133376181126,0.0067850747145712376,0.01825067587196827,0.012304423376917839,0.020426219329237938,0.0008107498288154602,1.0,22,0.03139287605881691,0.0010480013443157077,0.02266049012541771,0.023608947172760963,0.04127075895667076,0.0019554358441382647,1.0,33,0.024608265608549118,0.002336906734853983,0.011146456003189087,0.01109672524034977,0.027832170948386192,0.0005246260552667081,1.0,76,0.01641142927110195,0.00231542089022696,0.013228798285126686,0.014699611812829971,0.02282940410077572,0.000649912457447499,1.0,0.03084848914295435,0.003916538029443473,0.027832170948386192,0.002336906734853983,0.02282940410077572,0.00231542089022696,1.0
1790268476.34415,18.227339029312134,366,0,24,0.0005276997690089047,-0.0014667510986328125,0.013993385247886181,0.015501024201512337,0.0179305300116539,0.0008161527221091092,1.0,22,0.013859141618013382,-0.006414240226149559,0.022478530183434486,0.03370334580540657,0.03375091776251793,0.001954450970515609,1.0,33,-0.013293641619384289,0.013767126947641373,0.015036175027489662,0.010912483558058739,0.022287271916866302,0.0005375269101932645,1.0,76,-0.0013853374402970076,0.0106045575812459,0.014407454989850521,0.017116675153374672,0.020097477361559868,0.0005606717895716429,1.0,0.025840723887085915,-0.003940495662391186,0.022287271916866302,0.013767126947641373,0.020097477361559868,0.0106045575812459,1.0
1790268476.3921638,18.275352716445923,367,0,24,-0.0014737447490915656,-0.0050245919264853,0.019480997696518898,0.010589967481791973,0.019938671961426735,0.0007346859201788902,1.0,22,-0.031481657177209854,0.016165994107723236,0.0344381108880043,0.030007585883140564,0.04859016090631485,0.0014060436515137553,1.0,33,-0.0047177402302622795,0.006552494131028652,0.01319563016295433,0.007298123557120562,0.015389696694910526,0.0003823161532636732,1.0,76,-0.004833823535591364,0.0016630071913823485,0.01306966133415699,0.011743755079805851,0.01614406146109104,0.0005238475860096514,1.0,0.03426441643387079,0.005570701090618968,0.015389696694910526,0.006552494131028652,0.01614406146109104,0.0016630071913823485,1.0
1790268476.444266,18.327455043792725,368,0,24,-0.023918787017464638,0.0042851767502725124,0.02009756863117218,0.011756833642721176,0.027977434918284416,0.0007641577976755798,1.0,22,-0.014830156229436398,-0.013719731941819191,0.019458727911114693,0.030041342601180077,0.038191910833120346,0.002586627844721079,1.0,33,-0.020301125943660736,-0.024345628917217255,0.01584886573255062,0.009441360831260681,0.03464166074991226,0.0005719964974559844,1.0,76,-0.014100125059485435,-0.006881312467157841,0.014775381423532963,0.01763138175010681,0.02457962930202484,0.0006956578581593931,1.0,0.03308467287570238,-0.004717277595773339,0.03464166074991226,-0.024345628917217255,0.02457962930202484,-0.006881312467157841,1.0
1790268476.49226,18.37544894218445,369,0,24,-0.023960113525390625,-0.0223236083984375,0.022450556978583336,0.011545713990926743,0.03798041120171547,0.000852779543492943,1.0,22,-0.037712790071964264,-0.03500713035464287,0.03169235587120056,0.01719006337225437,0.05636513605713844,0.0016445990186184645,1.0,33,-0.03640885651111603,-0.034665655344724655,0.017811782658100128,0.013059682212769985,0.052825573831796646,0.0004992844187654555,1.0,76,-0.020830053836107254,-0.019898565486073494,0.01948043704032898,0.019337313249707222,0.03489680215716362,0.0006075557903386652,1.0,0.047172773629426956,-0.028665369376540184,0.052825573831796646,-0.034665655344724655,0.03489680215716362,-0.019898565486073494,1.0
1790268476.544261,18.427449941635132,370,0,24,-0.014305750839412212,-0.0014057159423828125,0.02450183965265751,0.016760844737291336,0.029332026839256287,0.0008106647874228656,1.0,22,-0.009235728532075882,-0.027623264119029045,0.04263408109545708,0.0327453687787056,0.05122418329119682,0.0026459305081516504,1.0,33,-0.02636117674410343,-0.0444844551384449,0.02264074794948101,0.01634472794830799,0.05686963349580765,0.0006779460236430168,1.0,76,-0.015414790250360966,-0.02050931751728058,0.022267058491706848,0.024202559143304825,0.0348774716258049,0.0006332324701361358,1.0,0.040278105065226555,-0.014514490030705929,0.05686963349580765,-0.0444844551384449,0.0348774716258049,-0.02050931751728058,1.0
1790268476.5962343,18.47942328453064,371,0,24,0.12027359008789062,0.3188203275203705,0.45896193385124207,0.3631286323070526,0.49766814708709717,0.10044624656438828,1.0,22,-0.2772577404975891,0.14034132659435272,0.5772714018821716,0.40542957186698914,0.3515402376651764,0.12072165310382843,1.0,33,-0.04372706636786461,-0.0618184395134449,0.019469020888209343,0.014206795953214169,0.0781325250864029,0.0006039814907126129,1.0,76,-0.041083287447690964,0.046901099383831024,0.17473141849040985,0.25808092951774597,0.13811075687408447,0.025524595752358437,1.0,0.4246041923761368,0.2295808270573616,0.0781325250864029,-0.0618184395134449,0.13811075687408447,0.046901099383831024,1.0
1790268476.644152,18.52734088897705,372,0,24,0.23276011645793915,0.23233413696289062,0.26250967383384705,0.25502926111221313,0.3738739490509033,0.03925420716404915,1.0,22,-0.1630498766899109,0.10425012558698654,0.40057700872421265,0.2793232798576355,0.29275262355804443,0.03534061089158058,1.0,33,-0.03387867286801338,-0.04018055275082588,0.029032869264483452,0.015310963615775108,0.05784198269248009,0.0005379383219406009,1.0,76,0.01918310858309269,0.034708425402641296,0.10416342318058014,0.18354345858097076,0.09981443732976913,0.009112726897001266,1.0,0.3333132863044739,0.16829213127493858,0.05784198269248009,-0.04018055275082588,0.09981443732976913,0.034708425402641296,1.0
1790268476.6960747,18.57926368713379,373,0,24,0.039572399109601974,-0.012151718139648438,0.02638787031173706,0.030123308300971985,0.0514223575592041,0.0010287895565852523,1.0,22,-0.004627574700862169,-0.0607757568359375,0.04591721296310425,0.045364927500486374,0.07915803790092468,0.0025081015191972256,1.0,33,0.01728312112390995,-0.05031701177358627,0.015420706011354923,0.01925622671842575,0.05507499724626541,0.0007389042293652892,1.0,76,0.014309330843389034,-0.0315287746489048,0.01765771023929119,0.023092834278941154,0.04134741425514221,0.0008121093851514161,1.0,0.06529019773006439,-0.03646373748779297,0.05507499724626541,-0.05031701177358627,0.04134741425514221,-0.0315287746489048,1.0
1790268476.7437842,18.626973152160645,374,0,24,0.07730865478515625,-0.052827198058366776,0.02663406915962696,0.02527366764843464,0.09581755846738815,0.000998500268906355,1.0,22,0.008905583992600441,-0.06612742692232132,0.02143472619354725,0.029374506324529648,0.07170292735099792,0.0018903670134022832,1.0,33,0.03304637596011162,-0.08414528518915176,0.034110888838768005,0.03070967271924019,0.09374939650297165,0.0009622671059332788,1.0,76,0.04802844300866127,-0.056566741317510605,0.03313524276018143,0.048117589205503464,0.08307132124900818,0.0009089909144677222,1.0,0.08376024290919304,-0.05947731249034405,0.09374939650297165,-0.08414528518915176,0.08307132124900818,-0.056566741317510605,1.0
1790268476.7962453,18.679434299468994,375,1,24,0.023344039916992188,-0.05539004132151604,0.024796318262815475,0.017813904210925102,0.0650373175740242,0.0008066925220191479,1.0,22,0.04831348732113838,-0.035748567432165146,0.03181755915284157,0.03414519503712654,0.068438820540905,0.0018557742005214095,1.0,33,0.013622399419546127,-0.0696309432387352,0.02587091736495495,0.015131068415939808,0.0749407485127449,0.000860889907926321,1.0,76,0.02502521686255932,-0.04674660414457321,0.022994905710220337,0.029954852536320686,0.06030958518385887,0.0008053102646954358,1.0,0.0667380690574646,-0.04556930437684059,0.0749407485127449,-0.0696309432387352,0.06030958518385887,-0.04674660414457321,1.0
1790268476.8483312,18.731520175933838,376,0,24,-0.007871627807617188,-0.04121208190917969,0.025022070854902267,0.02129940874874592,0.04958869889378548,0.0016292099608108401,1.0,22,-0.0175628662109375,-0.025858791545033455,0.028833333402872086,0.028254397213459015,0.04706269130110741,0.0022304446902126074,1.0,33,-0.040824197232723236,-0.04100221395492554,0.018041299656033516,0.017148330807685852,0.06127879023551941,0.0005642199539579451,1.0,76,-0.019229687750339508,-0.022206958383321762,0.02071673609316349,0.028904465958476067,0.04070891812443733,0.0005446664290502667,1.0,0.04832569509744644,-0.03353543672710657,0.06127879023551941,-0.04100221395492554,0.04070891812443733,-0.022206958383321762,1.0
1790268476.8963552,18.77954411506653,377,0,24,-0.10791905969381332,-0.0029449462890625,0.04402151331305504,0.014818709343671799,0.10915470868349075,0.0014599665300920606,1.0,22,-0.10229075700044632,-0.05118976905941963,0.03246007859706879,0.030393941327929497,0.11858901381492615,0.002584445523098111,1.0,33,-0.12080752849578857,-0.027980919927358627,0.042382657527923584,0.021253881976008415,0.12638871371746063,0.0015046356711536646,1.0,76,-0.09517689794301987,-0.005910472013056278,0.0591307207942009,0.025939861312508583,0.10013719648122787,0.00104886619374156,1.0,0.11387186124920845,-0.027067357674241066,0.12638871371746063,-0.027980919927358627,0.10013719648122787,-0.005910472013056278,1.0
1790268476.9482741,18.831463098526,378,0,24,-0.14475758373737335,0.0165837612003088,0.04848851263523102,0.02100994437932968,0.14702872931957245,0.00138550263363868,1.0,22,-0.15184853971004486,-0.023339705541729927,0.05169463902711868,0.04564172029495239,0.16020523011684418,0.002906383713707328,1.0,33,-0.15271875262260437,-0.031521882861852646,0.03954782709479332,0.01763071119785309,0.15692126750946045,0.001141890650615096,1.0,76,-0.1310788244009018,-0.012628053314983845,0.07569250464439392,0.036111343652009964,0.13821470737457275,0.0009775144280865788,1.0,0.1536169797182083,-0.0033779721707105637,0.15692126750946045,-0.031521882861852646,0.13821470737457275,-0.012628053314983845,1.0
1790268476.996275,18.87946391105652,379,0,24,-0.06764539331197739,-0.014621734619140625,0.022480903193354607,0.02493939734995365,0.07432014495134354,0.0010295682586729527,1.0,22,-0.08208951354026794,-0.06282459944486618,0.04456039145588875,0.032437898218631744,0.1092003881931305,0.0028442407492548227,1.0,33,-0.0467936210334301,-0.05348251760005951,0.021345848217606544,0.014081789180636406,0.07302442938089371,0.0008990443893708289,1.0,76,-0.04643109068274498,-0.028263293206691742,0.030589330941438675,0.03556292504072189,0.06444147974252701,0.0008802482625469565,1.0,0.09176026657223701,-0.0387231670320034,0.07302442938089371,-0.05348251760005951,0.06444147974252701,-0.028263293206691742,1.0
1790268477.0482228,18.931411743164062,380,0,24,-0.0024439494591206312,-0.07000478357076645,0.02080407366156578,0.018092062324285507,0.07346507906913757,0.000854881654959172,1.0,22,-0.026607166975736618,-0.07191883772611618,0.04027237743139267,0.04293394833803177,0.08981599658727646,0.002808543387800455,1.0,33,0.01590520702302456,-0.07542974501848221,0.02201440930366516,0.022284189239144325,0.0790998637676239,0.0011800715001299977,1.0,76,-0.0005173934041522443,-0.04705459251999855,0.015821442008018494,0.037103500217199326,0.05299655348062515,0.0007513715536333621,1.0,0.08164053782820702,-0.07096181064844131,0.0790998637676239,-0.07542974501848221,0.05299655348062515,-0.04705459251999855,1.0
1790268477.1002429,18.983431816101074,381,0,24,0.0511627197265625,-0.05673281475901604,0.06571370363235474,0.028493013232946396,0.08442194014787674,0.0022432974074035883,1.0,22,-0.009360573254525661,-0.04022563621401787,0.030111614614725113,0.03735936060547829,0.0569365955889225,0.0025242797564715147,1.0,33,0.0266571044921875,-0.07688071578741074,0.031825147569179535,0.022500868886709213,0.08606500178575516,0.0008450093446299434,1.0,76,0.036351654678583145,-0.04681045189499855,0.05242278054356575,0.04478484392166138,0.07057007402181625,0.0012073757825419307,1.0,0.07067926786839962,-0.04847922548651695,0.08606500178575516,-0.07688071578741074,0.07057007402181625,-0.04681045189499855,1.0
1790268477.148427,19.03161597251892,382,0,24,0.20153744518756866,0.03892262652516365,0.27605143189430237,0.13270527124404907,0.23709465563297272,0.03080693446099758,1.0,22,-0.058031950145959854,0.030976034700870514,0.16194313764572144,0.19871650636196136,0.14070573449134827,0.015615240670740604,1.0,33,-0.0038299560546875,-0.05729860067367554,0.019364692270755768,0.016219347715377808,0.06137798726558685,0.0007683963631279767,1.0,76,0.06141722947359085,-0.014637093991041183,0.19862668216228485,0.08378783613443375,0.09984540939331055,0.008483059704303741,1.0,0.1889001950621605,0.03494933061301708,0.06137798726558685,-0.05729860067367554,0.09984540939331055,-0.014637093991041183,1.0
1790268477.2002542,19.08344316482544,383,0,24,-0.0235875453799963,-0.06612078100442886,0.031698040664196014,0.022618362680077553,0.07516618818044662,0.0013074622256681323,1.0,22,-0.0015022971201688051,-0.04018193855881691,0.034964218735694885,0.03305615484714508,0.05615583807229996,0.002452189801260829,1.0,33,-0.022611675783991814,-0.08536043763160706,0.022044885903596878,0.01855558529496193,0.09088172018527985,0.0007997220964170992,1.0,76,-0.007888592779636383,-0.051568884402513504,0.018537612631917,0.036677613854408264,0.0570710189640522,0.000802154652774334,1.0,0.06566101312637329,-0.05315135978162289,0.09088172018527985,-0.08536043763160706,0.0570710189640522,-0.051568884402513504,1.0
1790268477.2482235,19.131412506103516,384,0,24,-0.45653343200683594,-0.3788992464542389,0.5111764073371887,0.3648378551006317,0.6302704811096191,0.09003794193267822,1.0,22,0.07145274430513382,-0.2563379406929016,0.4302944839000702,0.420009583234787,0.3321179449558258,0.060082610696554184,1.0,33,-0.01225234568119049,-0.10402656346559525,0.018614543601870537,0.023148564621806145,0.10652010142803192,0.0008454692433588207,1.0,76,-0.09334644675254822,-0.13973276317119598,0.3016209900379181,0.25632327795028687,0.18990841507911682,0.013464810326695442,1.0,0.4811942130327225,-0.31761859357357025,0.10652010142803192,-0.10402656346559525,0.18990841507911682,-0.13973276317119598,1.0
1790268477.300118,19.18330693244934,385,0,24,-0.43385443091392517,-0.4368985593318939,0.47600993514060974,0.2844875156879425,0.6573479771614075,0.048280149698257446,1.0,22,0.099090576171875,-0.25838330388069153,0.3347328007221222,0.3296217620372772,0.33067619800567627,0.04906436428427696,1.0,33,-0.008335459977388382,-0.12102346867322922,0.02118241786956787,0.02034066803753376,0.12300533056259155,0.0013578071957454085,1.0,76,-0.054627466946840286,-0.13878069818019867,0.19396169483661652,0.20527254045009613,0.16605351865291595,0.007469749543815851,1.0,0.49401208758354187,-0.3476409316062927,0.12300533056259155,-0.12102346867322922,0.16605351865291595,-0.13878069818019867,1.0
1790268477.35193,19.235118865966797,386,0,24,-0.11567433923482895,-0.20754115283489227,0.1574012190103531,0.09861475974321365,0.2616787254810333,0.009515994228422642,1.0,22,0.04527698829770088,-0.12481412291526794,0.10001830756664276,0.10739167034626007,0.15003648400306702,0.007298585958778858,1.0,33,0.018873272463679314,-0.11061049997806549,0.016556380316615105,0.028719516471028328,0.11331407725811005,0.000984863843768835,1.0,76,0.00411726301535964,-0.09383663535118103,0.07063104212284088,0.08135469257831573,0.11046697944402695,0.0015794414794072509,1.0,0.20585760474205017,-0.1661776378750801,0.11331407725811005,-0.11061049997806549,0.11046697944402695,-0.09383663535118103,1.0
1790268477.3999872,19.28317618370056,387,0,24,0.036477405577898026,-0.08782196044921875,0.04865357279777527,0.024964589625597,0.10094503313302994,0.001326674479059875,1.0,22,0.021980978548526764,-0.059046659618616104,0.028510475531220436,0.032741889357566833,0.06956838816404343,0.002875413978472352,1.0,33,0.02554783597588539,-0.08218938857316971,0.02162916772067547,0.014788562431931496,0.08830812573432922,0.0008632995886728168,1.0,76,0.041294701397418976,-0.055989015847444534,0.031785495579242706,0.034355249255895615,0.08021090924739838,0.0006707548745907843,1.0,0.08525671064853668,-0.07343431003391743,0.08830812573432922,-0.08218938857316971,0.08021090924739838,-0.055989015847444534,1.0
1790268477.4522586,19.335447549819946,388,0,24,0.03561719134449959,-0.08676401525735855,0.038309138268232346,0.018215304240584373,0.09947986155748367,0.0008740823832340539,1.0,22,0.06993380188941956,-0.05940801277756691,0.02673991024494171,0.023677365854382515,0.09658300876617432,0.0022485661320388317,1.0,33,0.06367538869380951,-0.06252774596214294,0.01781476102769375,0.022673124447464943,0.09106241911649704,0.0007543181418441236,1.0,76,0.054352808743715286,-0.05832933261990547,0.031177185475826263,0.030543692409992218,0.08479684591293335,0.0007784414920024574,1.0,0.098031435161829,-0.07308601401746273,0.09106241911649704,-0.06252774596214294,0.08479684591293335,-0.05832933261990547,1.0
1790268477.5004075,19.383596420288086,389,0,24,0.025477727875113487,-0.036228179931640625,0.020244143903255463,0.015861406922340393,0.046531226485967636,0.0007525457185693085,1.0,22,0.03727583587169647,-0.02884882129728794,0.04001789912581444,0.031062178313732147,0.0633193776011467,0.0038034245371818542,1.0,33,0.05260675773024559,-0.03217153996229172,0.02277437224984169,0.015530060976743698,0.06392569094896317,0.0007164474809542298,1.0,76,0.04540513828396797,-0.030840221792459488,0.026676056906580925,0.01900959573686123,0.058639343827962875,0.0006554652354680002,1.0,0.05492530204355717,-0.03253850061446428,0.06392569094896317,-0.03217153996229172,0.058639343827962875,-0.030840221792459488,1.0
1790268477.5522819,19.435470819473267,390,1,24,0.052514392882585526,-0.0271326694637537,0.026627663522958755,0.013731935061514378,0.06274417042732239,0.0011036467039957643,1.0,22,0.06424227356910706,-0.02838897705078125,0.020351432263851166,0.02036972902715206,0.07359480857849121,0.002208918798714876,1.0,33,0.07858414947986603,-0.02879842184484005,0.023762807250022888,0.014009149745106697,0.08527463674545288,0.0005211749230511487,1.0,76,0.05155583471059799,-0.014947991818189621,0.026255683973431587,0.024446049705147743,0.06054878979921341,0.000757935456931591,1.0,0.0681694895029068,-0.027760823257267475,0.08527463674545288,-0.02879842184484005,0.06054878979921341,-0.014947991818189621,1.0
1790268477.6003382,19.483527183532715,391,0,24,0.5735416412353516,0.004261016845703125,0.5893042683601379,0.13062255084514618,0.5919095873832703,0.06268252432346344,1.0,22,0.20625720918178558,-0.036555204540491104,0.48590490221977234,0.10810242593288422,0.2407006174325943,0.08832624554634094,1.0,33,0.05982508882880211,-0.009070656262338161,0.025387078523635864,0.012295250780880451,0.06172503903508186,0.0009127839002758265,1.0,76,0.17061133682727814,-0.023921163752675056,0.40450769662857056,0.058780960738658905,0.17734208703041077,0.010054071433842182,1.0,0.4163051024079323,-0.01614709384739399,0.06172503903508186,-0.009070656262338161,0.17734208703041077,-0.023921163752675056,1.0
1790268477.6522346,19.535423517227173,392,0,24,0.0802052840590477,-0.013134002685546875,0.07699734717607498,0.03915608301758766,0.08846258372068405,0.0072340029291808605,1.0,22,0.10969404876232147,-0.0136260986328125,0.1319621205329895,0.047174591571092606,0.11945294588804245,0.00393705116584897,1.0,33,0.04610234871506691,0.004444006830453873,0.02298944629728794,0.013437856920063496,0.04907279834151268,0.0007993928156793118,1.0,76,0.045596472918987274,0.002551129087805748,0.05000295117497444,0.02842491678893566,0.05371173471212387,0.0027305670082569122,1.0,0.10395776480436325,-0.013380050659179688,0.04907279834151268,0.004444006830453873,0.05371173471212387,0.002551129087805748,1.0
1790268477.7044227,19.58761167526245,393,0,24,-0.0060068764723837376,0.005706151481717825,0.03515022620558739,0.019076567143201828,0.03562748432159424,0.0010528365382924676,1.0,22,0.03031366504728794,0.0018359097884967923,0.03359413519501686,0.029968084767460823,0.047414958477020264,0.0015913642710074782,1.0,33,-0.005048809573054314,0.023280750960111618,0.01471326220780611,0.014673330821096897,0.027568180114030838,0.0005312450230121613,1.0,76,0.0007398505113087595,0.010450463742017746,0.021731607615947723,0.019713450223207474,0.026376958936452866,0.0005629230872727931,1.0,0.04152122139930725,0.0037710306351073086,0.027568180114030838,0.023280750960111618,0.026376958936452866,0.010450463742017746,1.0
1790268477.7522874,19.6354763507843,394,0,24,-0.03377469256520271,0.021896997466683388,0.044960860162973404,0.01975664310157299,0.050505805760622025,0.0017018974758684635,1.0,22,-0.04990040138363838,0.010477239266037941,0.10304360091686249,0.04877062886953354,0.0825943574309349,0.0020377004984766245,1.0,33,0.014313668943941593,0.004003813955932856,0.025233617052435875,0.017611630260944366,0.028720224276185036,0.0006341764819808304,1.0,76,-0.005513843614608049,0.005007994826883078,0.034875594079494476,0.01801982894539833,0.02872844971716404,0.0008317324100062251,1.0,0.06655008159577847,0.016187118366360664,0.028720224276185036,0.004003813955932856,0.02872844971716404,0.005007994826883078,1.0
1790268477.8041735,19.68736243247986,395,0,24,0.0036589305382221937,-0.021640142425894737,0.021223541349172592,0.011701514944434166,0.03085649199783802,0.0005777644109912217,1.0,22,0.03070068359375,-0.02349090576171875,0.02237498015165329,0.013259811326861382,0.043199777603149414,0.0013983993558213115,1.0,33,0.030387647449970245,-0.01749720796942711,0.01667032390832901,0.013449651189148426,0.038445282727479935,0.0006407378823496401,1.0,76,0.02479894459247589,-0.012142783962190151,0.018029486760497093,0.0157256331294775,0.034361034631729126,0.0006450904184021056,1.0,0.03702813480049372,-0.022565524093806744,0.038445282727479935,-0.01749720796942711,0.034361034631729126,-0.012142783962190151,1.0
1790268477.852338,19.73552703857422,396,0,24,0.12078666687011719,-0.049070995301008224,0.06144579127430916,0.02025958150625229,0.13209766149520874,0.0020362637005746365,1.0,22,0.07261380553245544,-0.018463134765625,0.03991112858057022,0.03307414427399635,0.08253985643386841,0.0017151818610727787,1.0,33,0.07281170785427094,-0.03987029194831848,0.02077440544962883,0.010957283899188042,0.08436855673789978,0.0009322786936536431,1.0,76,0.07919090986251831,-0.03410078212618828,0.04799049720168114,0.02970433421432972,0.09104093909263611,0.001089725992642343,1.0,0.10731875896453857,-0.03376706503331661,0.08436855673789978,-0.03987029194831848,0.09104093909263611,-0.03410078212618828,1.0
1790268477.9041293,19.787318229675293,397,0,24,0.12372080236673355,-0.049434661865234375,0.044425949454307556,0.018106020987033844,0.13494114577770233,0.0013043986400589347,1.0,22,0.11199534684419632,-0.04210454598069191,0.04674169421195984,0.03292094171047211,0.12242099642753601,0.0024529907386749983,1.0,33,0.11877395212650299,-0.047106195241212845,0.03547006472945213,0.02023291029036045,0.12890183925628662,0.0009349536267109215,1.0,76,0.11776311695575714,-0.03612297400832176,0.0519612617790699,0.03658460080623627,0.1298677772283554,0.0009935126872733235,1.0,0.12868107110261917,-0.04576960392296314,0.12890183925628662,-0.047106195241212845,0.1298677772283554,-0.03612297400832176,1.0
1790268477.9560037,19.839192628860474,398,0,24,0.12227121740579605,-0.06869697570800781,0.031303878873586655,0.01796085573732853,0.14121174812316895,0.0012136168079450727,1.0,22,0.07812777161598206,0.004508278798311949,0.034351516515016556,0.03270537033677101,0.08526084572076797,0.001673595979809761,1.0,33,0.09794061630964279,-0.046023283153772354,0.02223261632025242,0.01963803358376026,0.10931325703859329,0.0007464672671630979,1.0,76,0.09632692486047745,-0.04006395861506462,0.047885406762361526,0.03777771070599556,0.11154236644506454,0.0010923038935288787,1.0,0.11323629692196846,-0.03209434845484793,0.10931325703859329,-0.046023283153772354,0.11154236644506454,-0.04006395861506462,1.0
1790268478.0040038,19.887192726135254,399,0,24,0.06108411028981209,-0.044142406433820724,0.0240522101521492,0.015832599252462387,0.07669561356306076,0.000864039349835366,1.0,22,0.07053305953741074,-0.03430591896176338,0.037473056465387344,0.026644274592399597,0.08611737936735153,0.002580618718639016,1.0,33,0.09136084467172623,-0.04240093752741814,0.026017528027296066,0.012589496560394764,0.10116291791200638,0.0006665062974207103,1.0,76,0.05964238941669464,-0.031857240945100784,0.032828439027071,0.019911784678697586,0.0708964616060257,0.0006475005648098886,1.0,0.08140649646520615,-0.03922416269779205,0.10116291791200638,-0.04240093752741814,0.0708964616060257,-0.031857240945100784,1.0
1790268478.0563354,19.93952441215515,400,0,24,0.029603958129882812,-0.03866513445973396,0.03242046758532524,0.014074072241783142,0.05509067699313164,0.0009635494207032025,1.0,22,0.03494124114513397,-0.0354156494140625,0.024065455421805382,0.020292356610298157,0.05422043800354004,0.0022652377374470234,1.0,33,0.07512086629867554,-0.03294002637267113,0.019719870761036873,0.013299869373440742,0.08353718370199203,0.0005486877053044736,1.0,76,0.041287072002887726,-0.030078286305069923,0.027474295347929,0.019834259524941444,0.05739575996994972,0.0005641610478051007,1.0,0.05465555749833584,-0.03704039193689823,0.08353718370199203,-0.03294002637267113,0.05739575996994972,-0.030078286305069923,1.0
1790268478.1043048,19.987493753433228,401,0,24,0.01650492288172245,-0.011202494613826275,0.022126834839582443,0.015331769362092018,0.02862550877034664,0.0007752387900836766,1.0,22,-0.007898503914475441,-0.0152587890625,0.03300752490758896,0.030499674379825592,0.04184193164110184,0.0017096068477258086,1.0,33,0.03695354983210564,-0.019844286143779755,0.017497779801487923,0.017804838716983795,0.04612665995955467,0.0007719004643149674,1.0,76,0.020688509568572044,-0.022642135620117188,0.024389352649450302,0.022750774398446083,0.04064519703388214,0.0006596444291062653,1.0,0.03523372020572424,-0.013230641838163137,0.04612665995955467,-0.019844286143779755,0.04064519703388214,-0.022642135620117188,1.0
1790268478.1563435,20.03953242301941,402,0,24,-0.026634851470589638,-0.018987655639648438,0.014549595303833485,0.012966549955308437,0.03618664667010307,0.000750743318349123,1.0,22,-0.035708341747522354,-0.07096238434314728,0.03465648740530014,0.024870311841368675,0.0876842737197876,0.0015445546014234424,1.0,33,0.0015785910654813051,-0.03423147648572922,0.025307461619377136,0.01647929660975933,0.04292229562997818,0.0004890670534223318,1.0,76,-0.013220335356891155,-0.020528191700577736,0.030794132500886917,0.03590809181332588,0.046500012278556824,0.0005829465226270258,1.0,0.061935460194945335,-0.04497501999139786,0.04292229562997818,-0.03423147648572922,0.046500012278556824,-0.020528191700577736,1.0
1790268478.208283,20.091471910476685,403,0,24,-0.05957221984863281,-0.0019448598613962531,0.038054242730140686,0.011834096163511276,0.06327911466360092,0.0012808572500944138,1.0,22,-0.06289950013160706,-0.030193675309419632,0.03727195784449577,0.034320294857025146,0.07972931116819382,0.0012287934077903628,1.0,33,-0.019406868144869804,-0.024980025365948677,0.02693108096718788,0.01578385941684246,0.03978027030825615,0.0006808651378378272,1.0,76,-0.042745087295770645,-0.016275305300951004,0.0446581207215786,0.0486573725938797,0.06236080825328827,0.0008574702660553157,1.0,0.07150421291589737,-0.016069267585407943,0.03978027030825615,-0.024980025365948677,0.06236080825328827,-0.016275305300951004,1.0
1790268478.256357,20.139545917510986,404,0,24,-0.07669512182474136,-0.000972747802734375,0.03735710680484772,0.018954625353217125,0.08231716603040695,0.0011039552045986056,1.0,22,-0.06237654387950897,-0.04927825927734375,0.036080535501241684,0.01613606885075569,0.08578932285308838,0.003269009292125702,1.0,33,-0.039858732372522354,0.004897146485745907,0.025141138583421707,0.02340853214263916,0.04882558807730675,0.0008482897537760437,1.0,76,-0.04983259364962578,0.0006512089748866856,0.03987741097807884,0.030090413987636566,0.05976809933781624,0.0006457965355366468,1.0,0.08405324444174767,-0.025125503540039062,0.04882558807730675,0.004897146485745907,0.05976809933781624,0.0006512089748866856,1.0
1790268478.3081932,20.19138216972351,405,1,24,-0.06663131713867188,0.03979428485035896,0.033250514417886734,0.014441548846662045,0.079806849360466,0.0009641718934290111,1.0,22,-0.06443648040294647,0.020781083032488823,0.03215321898460388,0.04609152302145958,0.0778164193034172,0.0026504003908485174,1.0,33,-0.022931186482310295,0.04858722165226936,0.03561381995677948,0.02164752408862114,0.06450269371271133,0.000768281752243638,1.0,76,-0.0435556098818779,0.03900658339262009,0.03851179778575897,0.03389410674571991,0.07121675461530685,0.0006470843218266964,1.0,0.0788116343319416,0.030287683941423893,0.06450269371271133,0.04858722165226936,0.07121675461530685,0.03900658339262009,1.0
1790268478.3561628,20.239351749420166,406,0,24,-0.07186698913574219,0.05952199175953865,0.030298292636871338,0.022227277979254723,0.09663037210702896,0.0013795774430036545,1.0,22,-0.029585404321551323,0.022942282259464264,0.03069222904741764,0.018487034365534782,0.04823844134807587,0.0016179535305127501,1.0,33,-0.010858247056603432,0.1582280993461609,0.04269341379404068,0.05456306412816048,0.16470812261104584,0.0035348134115338326,1.0,76,-0.03737098351120949,0.07798706740140915,0.04982146620750427,0.06773140281438828,0.10442479699850082,0.0012595296138897538,1.0,0.07243440672755241,0.04123213700950146,0.16470812261104584,0.1582280993461609,0.10442479699850082,0.07798706740140915,1.0
1790268478.4083083,20.291497230529785,407,0,24,-0.04542732238769531,0.0737406387925148,0.03423674404621124,0.012823347002267838,0.0907852053642273,0.0007334083202295005,1.0,22,-0.032509543001651764,0.031134171411395073,0.01949170045554638,0.04137084260582924,0.06108589097857475,0.0015874229138717055,1.0,33,0.007541541010141373,0.139923095703125,0.05408843234181404,0.03890325129032135,0.15013858675956726,0.0018561768811196089,1.0,76,-0.01075262762606144,0.07752057164907455,0.047604095190763474,0.05943458527326584,0.0938374400138855,0.000993245979771018,1.0,0.07593554817140102,0.05243740510195494,0.15013858675956726,0.139923095703125,0.0938374400138855,0.07752057164907455,1.0
1790268478.4601734,20.34336233139038,408,0,24,-0.00157928466796875,0.07123247534036636,0.02293376624584198,0.014175704680383205,0.07525935024023056,0.0007175312493927777,1.0,22,-0.017504604533314705,0.030776284635066986,0.03359255939722061,0.02967953495681286,0.04796663299202919,0.001282474142499268,1.0,33,0.01959829591214657,0.05264143645763397,0.041337497532367706,0.016394929960370064,0.06920327246189117,0.0007148944423533976,1.0,76,0.021144866943359375,0.04439594969153404,0.03940853103995323,0.03420904278755188,0.0658501535654068,0.0006899947184138,1.0,0.061612991616129875,0.051004379987716675,0.06920327246189117,0.05264143645763397,0.0658501535654068,0.04439594969153404,1.0
1790268478.5083025,20.391491413116455,409,0,24,0.11054420471191406,-2.86102294921875e-05,0.09728969633579254,0.03174515813589096,0.12191104888916016,0.0028460146859288216,1.0,22,0.01118191797286272,0.002251364989206195,0.02413790673017502,0.03126062452793121,0.036745257675647736,0.0016718667466193438,1.0,33,0.04252300783991814,-0.030302567407488823,0.04039374738931656,0.023304251953959465,0.05936220660805702,0.0006539026508107781,1.0,76,0.10867249220609665,-0.026529211550951004,0.11029136925935745,0.0774414911866188,0.13465526700019836,0.0017203972674906254,1.0,0.07932815328240395,0.0011113773798570037,0.05936220660805702,-0.030302567407488823,0.13465526700019836,-0.026529211550951004,1.0
1790268478.5601184,20.443307399749756,410,0,24,0.27249908447265625,-0.03429222106933594,0.14931181073188782,0.03801915794610977,0.27879488468170166,0.004281950648874044,1.0,22,0.03961736336350441,-0.07223164290189743,0.057437725365161896,0.061120305210351944,0.10685190558433533,0.004429748747497797,1.0,33,0.10954053699970245,-0.2875047028064728,0.09448549896478653,0.09713904559612274,0.31496185064315796,0.005553894210606813,1.0,76,0.21224473416805267,-0.20571880042552948,0.15179668366909027,0.17208001017570496,0.34110185503959656,0.0037985353264957666,1.0,0.1928233951330185,-0.053261931985616684,0.31496185064315796,-0.2875047028064728,0.34110185503959656,-0.20571880042552948,1.0
1790268478.6082711,20.49146008491516,411,0,24,1.447806715965271,0.27603593468666077,1.1763359308242798,0.4923703968524933,1.5343914031982422,0.22503475844860077,1.0,19,-0.13840846717357635,-0.018770718947052956,0.5738166570663452,0.6395725011825562,0.49689459800720215,0.10705520957708359,0.8636363636363636,33,0.09875857830047607,-0.6657525300979614,0.07888644933700562,0.11679334938526154,0.6769158244132996,0.005980186630040407,1.0,76,0.3960675597190857,-0.2912178039550781,0.47659072279930115,0.4038858711719513,0.6535147428512573,0.04875389114022255,1.0,1.0156430006027222,0.1286326078698039,0.6769158244132996,-0.6657525300979614,0.6535147428512573,-0.2912178039550781,0.9659090909090909
1790268478.6599987,20.543187618255615,412,0,24,0.6985028386116028,0.003459930419921875,0.45475977659225464,0.23775528371334076,0.7447606921195984,0.07794417440891266,1.0,19,-0.01629638671875,-0.21740160882472992,0.19263820350170135,0.23163831233978271,0.32168659567832947,0.03658820688724518,1.0,33,0.03110249899327755,-0.6356797814369202,0.08312883228063583,0.07254921644926071,0.6414146423339844,0.0066801682114601135,1.0,76,0.26843804121017456,-0.34169840812683105,0.34240734577178955,0.3214888572692871,0.5708043575286865,0.02825022116303444,1.0,0.5332236438989639,-0.10697083920240402,0.6414146423339844,-0.6356797814369202,0.5708043575286865,-0.34169840812683105,1.0
1790268478.7123036,20.595492601394653,413,0,24,0.10500971227884293,-0.4553813934326172,0.1631307601928711,0.11593754589557648,0.5018413662910461,0.01377519965171814,1.0,19,0.09154631197452545,-0.34681057929992676,0.1253957897424698,0.14142194390296936,0.37650907039642334,0.013634261675179005,1.0,33,0.028547344729304314,-0.6790137887001038,0.11091678589582443,0.09964002668857574,0.6878695487976074,0.004360552877187729,1.0,76,0.14420680701732635,-0.43760621547698975,0.16411375999450684,0.2232264131307602,0.5042700171470642,0.006445240695029497,1.0,0.43917521834373474,-0.401095986366272,0.6878695487976074,-0.6790137887001038,0.5042700171470642,-0.43760621547698975,1.0
1790268478.7603524,20.64354133605957,414,0,24,0.07164827734231949,-0.58967524766922,0.26755180954933167,0.25941193103790283,0.6428897976875305,0.027771368622779846,1.0,19,0.12433022260665894,-0.33402693271636963,0.208714559674263,0.24718914926052094,0.37406662106513977,0.01635853201150894,1.0,33,0.06134171783924103,-0.6178949475288391,0.11573433130979538,0.06469359248876572,0.6309763789176941,0.007150666322559118,1.0,76,0.12751168012619019,-0.4479735493659973,0.19660614430904388,0.277304083108902,0.5165731310844421,0.011443940922617912,1.0,0.5084782093763351,-0.4618510901927948,0.6309763789176941,-0.6178949475288391,0.5165731310844421,-0.4479735493659973,1.0
1790268478.8124871,20.69567608833313,415,0,24,-0.1656341552734375,-0.6548201441764832,0.4912031292915344,0.32215937972068787,0.8047625422477722,0.07117459923028946,1.0,19,0.09548789262771606,-0.34213176369667053,0.19810882210731506,0.30155953764915466,0.37853068113327026,0.015803424641489983,1.0,33,0.11931494623422623,-0.610008955001831,0.08953676372766495,0.08066388219594955,0.6270297765731812,0.008430932648479939,1.0,76,0.11482660472393036,-0.4764625132083893,0.30099475383758545,0.2896200120449066,0.565637469291687,0.013750062324106693,1.0,0.5916466116905212,-0.49847595393657684,0.6270297765731812,-0.610008955001831,0.565637469291687,-0.4764625132083893,1.0
1790268478.860329,20.743517875671387,416,0,24,-0.0112215681001544,-0.6719468235969543,0.304214209318161,0.26209044456481934,0.7355859875679016,0.034932270646095276,1.0,19,0.16722187399864197,-0.3682122528553009,0.11380397528409958,0.24655605852603912,0.41181525588035583,0.01230150181800127,1.0,33,0.07971006631851196,-0.7219215035438538,0.14114733040332794,0.12411367893218994,0.7383538484573364,0.014237165451049805,1.0,76,0.15928971767425537,-0.4669378101825714,0.16648337244987488,0.2985497713088989,0.5388177633285522,0.009883237071335316,1.0,0.5737006217241287,-0.5200795382261276,0.7383538484573364,-0.7219215035438538,0.5388177633285522,-0.4669378101825714,1.0
1790268478.9122112,20.795400142669678,417,0,24,0.2499338835477829,-0.6306177973747253,0.2307858020067215,0.15445522964000702,0.7194679379463196,0.013010437600314617,1.0,19,0.259796142578125,-0.29185566306114197,0.0807027667760849,0.15188851952552795,0.3968799412250519,0.008551127277314663,1.0,33,0.09729327261447906,-0.787405788898468,0.21475453674793243,0.15979476273059845,0.819854736328125,0.010722718201577663,1.0,76,0.23884260654449463,-0.4706681966781616,0.17354713380336761,0.3206161856651306,0.5784404873847961,0.007368303369730711,1.0,0.5581739395856857,-0.46123673021793365,0.819854736328125,-0.787405788898468,0.5784404873847961,-0.4706681966781616,1.0
1790268478.9643233,20.847512245178223,418,0,24,0.4200051724910736,-0.44099363684654236,0.11949201673269272,0.10394575446844101,0.6242250800132751,0.009133163839578629,1.0,19,0.24552516639232635,-0.18664228916168213,0.07644941657781601,0.09916643798351288,0.31407737731933594,0.005991173908114433,1.0,33,0.08916681259870529,-0.775114119052887,0.2750360071659088,0.25565046072006226,0.8260959982872009,0.03244222700595856,1.0,76,0.2723974883556366,-0.4255926311016083,0.22300495207309723,0.3092474937438965,0.5663393139839172,0.011646557599306107,1.0,0.46915122866630554,-0.31381796300411224,0.8260959982872009,-0.775114119052887,0.5663393139839172,-0.4255926311016083,1.0
1790268479.0122726,20.895461559295654,419,0,24,0.3036918640136719,-0.1776752471923828,0.1057829037308693,0.036801066249608994,0.3552314341068268,0.0036521675065159798,1.0,19,0.2625250518321991,-0.10355015844106674,0.06282561272382736,0.048446543514728546,0.2851589620113373,0.007453110534697771,1.0,33,0.13619208335876465,-0.40368977189064026,0.15330587327480316,0.13660284876823425,0.45353108644485474,0.00931521225720644,1.0,76,0.24648746848106384,-0.24807970225811005,0.19019295275211334,0.18646489083766937,0.3972645103931427,0.004928224720060825,1.0,0.32019519805908203,-0.14061270281672478,0.45353108644485474,-0.40368977189064026,0.3972645103931427,-0.24807970225811005,1.0
1790268479.0643046,20.94749355316162,420,1,24,0.443652480840683,-0.14322979748249054,0.0849873423576355,0.0431712307035923,0.46734634041786194,0.0038360320031642914,1.0,19,0.24922902882099152,-0.06635726243257523,0.1205809935927391,0.05430247634649277,0.2665499746799469,0.0022403555922210217,1.0,33,0.3729003071784973,-0.4521840512752533,0.14511387050151825,0.1360500305891037,0.6005163192749023,0.012454681098461151,1.0,76,0.36257433891296387,-0.2259807586669922,0.17986194789409637,0.1979081928730011,0.45930489897727966,0.005836454685777426,1.0,0.3669481575489044,-0.10479352995753288,0.6005163192749023,-0.4521840512752533,0.45930489897727966,-0.2259807586669922,1.0
1790268479.1123142,20.995503187179565,421,0,24,0.5385456085205078,-0.24140484631061554,0.0718129500746727,0.04579189047217369,0.5922760367393494,0.004299620166420937,1.0,19,0.31480488181114197,-0.14313386380672455,0.14908209443092346,0.08017155528068542,0.3541901111602783,0.005024866666644812,1.0,33,0.5817117691040039,-0.6639399528503418,0.15291666984558105,0.19058583676815033,0.8896769881248474,0.007796592079102993,1.0,76,0.4702218770980835,-0.34318020939826965,0.22327713668346405,0.27774953842163086,0.6128750443458557,0.005085939075797796,1.0,0.47323307394981384,-0.19226935505867004,0.8896769881248474,-0.6639399528503418,0.6128750443458557,-0.34318020939826965,1.0
1790268479.164291,21.04747986793518,422,0,24,0.8729972839355469,-0.5467700958251953,0.14736467599868774,0.08788761496543884,1.0328537225723267,0.00486224377527833,1.0,19,0.5535696148872375,-0.38788723945617676,0.27754342555999756,0.1607438325881958,0.6906899809837341,0.01070826593786478,1.0,33,0.9329288601875305,-0.9104438424110413,0.1478169858455658,0.14125271141529083,1.3080084323883057,0.006287944968789816,1.0,76,0.6930371522903442,-0.5122965574264526,0.3512749969959259,0.3923221826553345,0.8933149576187134,0.005488906987011433,1.0,0.8617718517780304,-0.46732866764068604,1.3080084323883057,-0.9104438424110413,0.8933149576187134,-0.5122965574264526,1.0
1790268479.2160761,21.099265098571777,423,0,24,1.0915336608886719,-0.44946417212486267,0.16789326071739197,0.09902799129486084,1.1825227737426758,0.008107714354991913,1.0,19,0.7869455218315125,-0.524869441986084,0.32206058502197266,0.15308208763599396,0.9771907925605774,0.02768501453101635,1.0,33,1.4852373600006104,-0.9173107743263245,0.20194755494594574,0.12593458592891693,1.7503759860992432,0.013067713007330894,1.0,76,1.0035943984985352,-0.5013548135757446,0.6029103398323059,0.39308813214302063,1.1907676458358765,0.00968990195542574,1.0,1.0798567831516266,-0.4871668070554733,1.7503759860992432,-0.9173107743263245,1.1907676458358765,-0.5013548135757446,1.0
1790268479.2639728,21.147161722183228,424,0,24,1.16396963596344,-0.37167611718177795,0.17764374613761902,0.0739707201719284,1.2229138612747192,0.005881831049919128,1.0,19,0.7074488401412964,-0.45703044533729553,0.32697921991348267,0.1806255578994751,0.8768835663795471,0.015877675265073776,1.0,33,1.531101107597351,-0.8036711812019348,0.13184988498687744,0.1603815108537674,1.7367757558822632,0.0062406230717897415,1.0,76,1.0075762271881104,-0.42930302023887634,0.5774550437927246,0.3424237072467804,1.1560357809066772,0.007256024982780218,1.0,1.0498987138271332,-0.41435328125953674,1.7367757558822632,-0.8036711812019348,1.1560357809066772,-0.42930302023887634,1.0
1790268479.3163023,21.199491262435913,425,0,24,0.6641731262207031,-0.2124004364013672,0.08123183995485306,0.04382040724158287,0.6988635063171387,0.004509633872658014,1.0,19,0.3875250518321991,-0.24728071689605713,0.14790575206279755,0.082845538854599,0.4753442108631134,0.008895697072148323,1.0,33,0.7281262874603271,-0.5895833969116211,0.09880003333091736,0.10989739745855331,0.9414360523223877,0.0057023921981453896,1.0,76,0.5916139483451843,-0.31582018733024597,0.2592034339904785,0.24770228564739227,0.6991058588027954,0.005238054785877466,1.0,0.587103858590126,-0.22984057664871216,0.9414360523223877,-0.5895833969116211,0.6991058588027954,-0.31582018733024597,1.0
1790268479.3642862,21.247475147247314,426,0,24,0.4552033841609955,-0.2075246125459671,0.14092452824115753,0.04492241144180298,0.5055585503578186,0.005919417832046747,1.0,19,0.23732878267765045,-0.16789326071739197,0.12275505065917969,0.04466172680258751,0.3016820251941681,0.004771699663251638,1.0,33,0.18769605457782745,-0.4508472681045532,0.10894570499658585,0.09812171012163162,0.4978318214416504,0.007933405227959156,1.0,76,0.3284843862056732,-0.27497220039367676,0.23934900760650635,0.20570364594459534,0.4829144775867462,0.005520610138773918,1.0,0.40362028777599335,-0.18770893663167953,0.4978318214416504,-0.4508472681045532,0.4829144775867462,-0.27497220039367676,1.0
1790268479.4163826,21.29957151412964,427,0,24,0.48201432824134827,-0.25239816308021545,0.15600749850273132,0.07567664980888367,0.5469743609428406,0.0055083781480789185,1.0,19,0.159210205078125,-0.11953093111515045,0.09465974569320679,0.10623576492071152,0.22376827895641327,0.0048899478279054165,1.0,33,0.17097611725330353,-0.6113526225090027,0.10213698446750641,0.12108022719621658,0.6408218145370483,0.009168436750769615,1.0,76,0.3655100464820862,-0.30464714765548706,0.2782299816608429,0.2915133833885193,0.5731801390647888,0.007426583673804998,1.0,0.3853713199496269,-0.18596454709768295,0.6408218145370483,-0.6113526225090027,0.5731801390647888,-0.30464714765548706,1.0
1790268479.468535,21.35172390937805,428,0,24,0.48699823021888733,-0.2543398439884186,0.1514274775981903,0.06121416017413139,0.5516310334205627,0.003908463288098574,1.0,19,0.15216225385665894,-0.010435405187308788,0.09008747339248657,0.16595298051834106,0.2053646594285965,0.005248065572232008,1.0,33,0.030498620122671127,-0.6005734801292419,0.11904024332761765,0.18320250511169434,0.6126601696014404,0.006164222024381161,1.0,76,0.32372063398361206,-0.33268436789512634,0.33360105752944946,0.30461105704307556,0.5890183448791504,0.00844789668917656,1.0,0.3784978464245796,-0.13238762458786368,0.6126601696014404,-0.6005734801292419,0.5890183448791504,-0.33268436789512634,1.0
1790268479.5162363,21.399425268173218,429,0,24,0.4332103729248047,-0.22198359668254852,0.20917150378227234,0.05099155753850937,0.49331632256507874,0.005554478615522385,1.0,19,0.082000732421875,-0.02700885944068432,0.06094539165496826,0.11813371628522873,0.13910463452339172,0.003155326470732689,1.0,33,-0.14544446766376495,-0.6808286905288696,0.15715980529785156,0.15204773843288422,0.7151044607162476,0.009407988749444485,1.0,76,0.25464609265327454,-0.322305291891098,0.4017947316169739,0.3211001455783844,0.5959111452102661,0.010256572626531124,1.0,0.31621047854423523,-0.12449622806161642,0.7151044607162476,-0.6808286905288696,0.5959111452102661,-0.322305291891098,1.0
1790268479.5681562,21.451345205307007,430,0,24,0.39373651146888733,-0.1947021484375,0.16621974110603333,0.07609649747610092,0.4429328441619873,0.007186730857938528,1.0,19,0.05566245689988136,-0.05995820835232735,0.07443229109048843,0.06759081780910492,0.1129787340760231,0.003960475325584412,1.0,33,0.05620135739445686,-0.5781739950180054,0.1709991842508316,0.16402354836463928,0.6028395891189575,0.009349974803626537,1.0,76,0.31149712204933167,-0.33369264006614685,0.32635244727134705,0.2906615138053894,0.5525627732276917,0.006706549320369959,1.0,0.2779557891190052,-0.12733017839491367,0.6028395891189575,-0.5781739950180054,0.5525627732276917,-0.33369264006614685,1.0
1790268479.616286,21.49947500228882,431,0,24,0.43706512451171875,-0.1192830428481102,0.15071521699428558,0.06453463435173035,0.45892858505249023,0.0029972305055707693,1.0,19,0.057956092059612274,-0.0648627057671547,0.08035213500261307,0.05741548165678978,0.11160621792078018,0.002376115880906582,1.0,33,0.2949537932872772,-0.5553191304206848,0.1893956959247589,0.09628872573375702,0.6518521308898926,0.006540349218994379,1.0,76,0.3736042082309723,-0.2778243124485016,0.2686300277709961,0.29928672313690186,0.5549288988113403,0.004689302295446396,1.0,0.2852674014866352,-0.09207287430763245,0.6518521308898926,-0.5553191304206848,0.5549288988113403,-0.2778243124485016,1.0
1790268479.6682417,21.551430702209473,432,0,24,0.40991973876953125,-0.06072807312011719,0.07604096829891205,0.01933944784104824,0.41515013575553894,0.001995560247451067,1.0,19,0.024875039234757423,-0.07269287109375,0.17052790522575378,0.08254693448543549,0.17532089352607727,0.0035599786788225174,1.0,33,0.2852898836135864,-0.3907623291015625,0.15406635403633118,0.09797976166009903,0.49906423687934875,0.006349268369376659,1.0,76,0.29030609130859375,-0.1571495682001114,0.2723410129547119,0.24316564202308655,0.45445120334625244,0.005067458841949701,1.0,0.2952355146408081,-0.0667104721069336,0.49906423687934875,-0.3907623291015625,0.45445120334625244,-0.1571495682001114,1.0
1790268479.7202697,21.603458642959595,433,0,24,0.3777497708797455,0.11273256689310074,0.11563332378864288,0.05429719388484955,0.39878520369529724,0.005644075572490692,1.0,19,-0.0855279192328453,0.04013463109731674,0.2609458267688751,0.07114443182945251,0.21445204317569733,0.003942378796637058,1.0,33,0.22272515296936035,-0.1908721923828125,0.12917794287204742,0.07362430542707443,0.3086515963077545,0.0030785261187702417,1.0,76,0.17546804249286652,-0.017230184748768806,0.2775200307369232,0.22714875638484955,0.3556217849254608,0.005095830652862787,1.0,0.3066186234354973,0.07643359899520874,0.3086515963077545,-0.1908721923828125,0.3556217849254608,-0.017230184748768806,1.0
1790268479.7683008,21.651489734649658,434,0,24,0.7742366790771484,0.7099990844726562,0.47192826867103577,0.41680774092674255,1.0867594480514526,0.05927375331521034,1.0,19,-0.07766884565353394,0.2617283761501312,0.32019999623298645,0.3131656050682068,0.43049100041389465,0.033311791718006134,1.0,33,0.24344982206821442,-0.06506671011447906,0.18238337337970734,0.06266245990991592,0.26818886399269104,0.0022208017762750387,1.0,76,0.22741258144378662,0.16986675560474396,0.34597331285476685,0.39187750220298767,0.4455120265483856,0.01755880005657673,1.0,0.7586252242326736,0.48586373031139374,0.26818886399269104,-0.06506671011447906,0.4455120265483856,0.16986675560474396,1.0
1790268479.8200579,21.70324683189392,435,1,24,0.2220001220703125,0.20954830944538116,0.08132647722959518,0.03551119193434715,0.30918002128601074,0.0035236056428402662,1.0,19,-0.07074135541915894,0.26297077536582947,0.14802099764347076,0.10000930726528168,0.3142359256744385,0.01001032255589962,1.0,33,0.1273854523897171,-0.0022509025875478983,0.059641290456056595,0.041383661329746246,0.13722075521945953,0.001587837701663375,1.0,76,0.07127681374549866,0.09711696952581406,0.17672063410282135,0.17672951519489288,0.22704513370990753,0.0037147237453609705,1.0,0.3117079734802246,0.23625954240560532,0.13722075521945953,-0.0022509025875478983,0.22704513370990753,0.09711696952581406,1.0
1790268479.8681848,21.751373767852783,436,0,24,0.12776120007038116,0.12253888696432114,0.06275725364685059,0.03416441008448601,0.17962850630283356,0.001992167206481099,1.0,19,-0.10326185077428818,0.19879792630672455,0.15960228443145752,0.05284038558602333,0.269229531288147,0.00487397238612175,1.0,33,0.06068466603755951,-0.02951512113213539,0.0483984537422657,0.04205267131328583,0.08547309041023254,0.0009370392072014511,1.0,76,0.042448949068784714,0.03646168112754822,0.11964675039052963,0.1364797204732895,0.15870463848114014,0.0027718176133930683,1.0,0.22442901879549026,0.16066840663552284,0.08547309041023254,-0.02951512113213539,0.15870463848114014,0.03646168112754822,1.0
1790268479.9200337,21.80322265625,437,0,24,0.1006317138671875,0.12298965454101562,0.05132479593157768,0.013465364463627338,0.16311180591583252,0.0014852151507511735,1.0,19,-0.031924597918987274,0.2264380156993866,0.05130348727107048,0.080227330327034,0.2382097691297531,0.005176333244889975,1.0,33,0.043189309537410736,-0.01650538668036461,0.06227336451411247,0.035068634897470474,0.07776438444852829,0.0008589593344368041,1.0,76,0.06354141235351562,0.04415833204984665,0.10412028431892395,0.11817102879285812,0.14216727018356323,0.0012746789725497365,1.0,0.20066078752279282,0.1747138351202011,0.07776438444852829,-0.01650538668036461,0.14216727018356323,0.04415833204984665,1.0
1790268479.9723208,21.855509757995605,438,0,24,0.2122669219970703,0.23972447216510773,0.07226181030273438,0.0512247271835804,0.32850828766822815,0.0027860465925186872,1.0,19,0.0626044049859047,0.28021240234375,0.11722216755151749,0.11087492108345032,0.30561089515686035,0.0044233365915715694,1.0,33,0.04720653221011162,0.07095198333263397,0.04834946617484093,0.05501880124211311,0.10283258557319641,0.0013142317766323686,1.0,76,0.08348987251520157,0.10061173886060715,0.09683571010828018,0.1171073317527771,0.16818976402282715,0.0019889480900019407,1.0,0.31705959141254425,0.25996843725442886,0.10283258557319641,0.07095198333263397,0.16818976402282715,0.10061173886060715,1.0
1790268480.0203621,21.90355110168457,439,0,24,0.33024153113365173,0.33087730407714844,0.04057213291525841,0.03939981013536453,0.4689529836177826,0.005424030125141144,1.0,19,0.11748143285512924,0.4643658995628357,0.12072764337062836,0.13681751489639282,0.4913095235824585,0.007598456460982561,1.0,33,0.15793956816196442,0.34236469864845276,0.1389407515525818,0.12100422382354736,0.4053356647491455,0.008889463730156422,1.0,76,0.19232118129730225,0.23694951832294464,0.14077745378017426,0.18476659059524536,0.3379547595977783,0.003582179546356201,1.0,0.48013125360012054,0.39762160181999207,0.4053356647491455,0.34236469864845276,0.3379547595977783,0.23694951832294464,1.0
1790268480.072336,21.955524921417236,440,0,24,0.4092693328857422,0.3317781984806061,0.04921215772628784,0.04854894056916237,0.5289022326469421,0.005036528222262859,1.0,19,0.1987866908311844,0.52849942445755,0.15865007042884827,0.14829593896865845,0.5821015238761902,0.010861235670745373,1.0,33,0.3540746569633484,0.3159078061580658,0.1139683872461319,0.11276645213365555,0.48879027366638184,0.006018688902258873,1.0,76,0.2769574522972107,0.24103908240795135,0.16839087009429932,0.1856338232755661,0.39526423811912537,0.004537468776106834,1.0,0.5555018782615662,0.43013881146907806,0.48879027366638184,0.3159078061580658,0.39526423811912537,0.24103908240795135,1.0
1790268480.120231,22.003419876098633,441,0,24,0.4607321321964264,0.3309173583984375,0.051123522222042084,0.042826395481824875,0.5687078833580017,0.003970074001699686,1.0,19,0.38864457607269287,0.36167827248573303,0.12076134234666824,0.07823207974433899,0.5380565524101257,0.012877732515335083,1.0,33,0.41715216636657715,0.4380534887313843,0.12113075703382492,0.13383913040161133,0.6206024289131165,0.005895676556974649,1.0,76,0.34004250168800354,0.2738114297389984,0.17091232538223267,0.17476293444633484,0.45375993847846985,0.00471406290307641,1.0,0.5533822178840637,0.34629781544208527,0.6206024289131165,0.4380534887313843,0.45375993847846985,0.2738114297389984,1.0
1790268480.172158,22.055346965789795,442,0,24,0.4624532163143158,0.3287830352783203,0.054927606135606766,0.04275570064783096,0.5696382522583008,0.003888337640091777,1.0,19,0.374237060546875,0.34508875012397766,0.08754123747348785,0.1220594272017479,0.5202030539512634,0.009710506536066532,1.0,33,0.4816145598888397,0.23641088604927063,0.10698561370372772,0.05929163843393326,0.5417155027389526,0.004722979851067066,1.0,76,0.39853227138519287,0.19876600801944733,0.16740119457244873,0.1274004429578781,0.458563894033432,0.0050599114038050175,1.0,0.5449206531047821,0.336935892701149,0.5417155027389526,0.23641088604927063,0.458563894033432,0.19876600801944733,1.0
1790268480.2241716,22.10736060142517,443,0,24,0.5869216918945312,0.23726971447467804,0.07545210421085358,0.05101613327860832,0.6345716118812561,0.004599429666996002,1.0,19,0.5604794025421143,0.20304469764232635,0.16509124636650085,0.07005143910646439,0.6041029691696167,0.009352222084999084,1.0,33,0.7105324268341064,0.24148744344711304,0.06522449851036072,0.04947046563029289,0.7521650791168213,0.0055304523557424545,1.0,76,0.517749011516571,0.18794842064380646,0.20512151718139648,0.11734405905008316,0.5594207644462585,0.004984613507986069,1.0,0.6193372905254364,0.2201572060585022,0.7521650791168213,0.24148744344711304,0.5594207644462585,0.18794842064380646,1.0
1790268480.2722626,22.15545153617859,444,0,24,0.6543681025505066,0.19313876330852509,0.1305936723947525,0.04220299422740936,0.6841311454772949,0.004297319799661636,1.0,19,0.6206424236297607,0.12290151417255402,0.10313177108764648,0.1918111890554428,0.6632789373397827,0.010813580825924873,1.0,33,0.7389494180679321,0.18294595181941986,0.10304465889930725,0.05512350797653198,0.7637035250663757,0.006464844569563866,1.0,76,0.5864747762680054,0.14732320606708527,0.20340093970298767,0.11528421938419342,0.614223301410675,0.006494347471743822,1.0,0.6737050414085388,0.15802013874053955,0.7637035250663757,0.18294595181941986,0.614223301410675,0.14732320606708527,1.0
1790268480.3242047,22.207393646240234,445,0,24,0.6203225255012512,0.21761322021484375,0.09884273260831833,0.041926171630620956,0.6584529876708984,0.004318549297749996,1.0,19,0.6423131227493286,0.20466935634613037,0.12395075708627701,0.08660490065813065,0.6801135540008545,0.014991170726716518,1.0,33,0.82867431640625,0.25777411460876465,0.132750004529953,0.06189412251114845,0.8711794018745422,0.0041298093274235725,1.0,76,0.5883084535598755,0.1385239064693451,0.24942034482955933,0.14285650849342346,0.6203768253326416,0.005455336067825556,1.0,0.6692832708358765,0.21114128828048706,0.8711794018745422,0.25777411460876465,0.6203768253326416,0.1385239064693451,1.0
1790268480.3723276,22.255516529083252,446,0,24,0.6164271235466003,0.23586146533489227,0.04932580888271332,0.027843385934829712,0.6605788469314575,0.004314629826694727,1.0,19,0.48657548427581787,0.1398058384656906,0.09278949350118637,0.09397752583026886,0.5131307244300842,0.010754766874015331,1.0,33,0.6512784361839294,0.27104371786117554,0.10719966143369675,0.053343407809734344,0.7077603936195374,0.00490321172401309,1.0,76,0.5100736021995544,0.1689712107181549,0.2040003538131714,0.1220826506614685,0.5462908148765564,0.004641473758965731,1.0,0.5868547856807709,0.18783365190029144,0.7077603936195374,0.27104371786117554,0.5462908148765564,0.1689712107181549,1.0
1790268480.424328,22.307517051696777,447,0,24,0.43941497802734375,0.12514495849609375,0.045394156128168106,0.025492917746305466,0.4578874111175537,0.002449388848617673,1.0,19,0.48676982522010803,0.08923178911209106,0.05403943732380867,0.037776533514261246,0.49667850136756897,0.007980232127010822,1.0,33,0.4794473350048065,0.12573888897895813,0.07135244458913803,0.04687259718775749,0.49797746539115906,0.003691704012453556,1.0,76,0.4030948579311371,0.08758565038442612,0.14416110515594482,0.10156749933958054,0.42518675327301025,0.0039241984486579895,1.0,0.47728295624256134,0.10718837380409241,0.49797746539115906,0.12573888897895813,0.42518675327301025,0.08758565038442612,1.0
1790268480.4760573,22.359246253967285,448,0,24,0.3672924041748047,0.037326812744140625,0.042623162269592285,0.02927597425878048,0.3701125681400299,0.0027865704614669085,1.0,19,0.3729938566684723,-0.027001632377505302,0.059551872313022614,0.03665677085518837,0.3756698668003082,0.006371290422976017,1.0,33,0.5158941149711609,-0.014116691425442696,0.1086575984954834,0.04938004910945892,0.5183623433113098,0.004323761910200119,1.0,76,0.405550092458725,0.0023127105087041855,0.1532938927412033,0.08842294663190842,0.41697585582733154,0.0046653421595692635,1.0,0.37289121747016907,0.005162590183317661,0.5183623433113098,-0.014116691425442696,0.41697585582733154,0.0023127105087041855,1.0
1790268480.523976,22.407165050506592,449,0,24,0.5002219080924988,-0.0439656563103199,0.09172689914703369,0.05090435966849327,0.5047757625579834,0.004069909919053316,1.0,19,0.49029541015625,-0.12026415020227432,0.09386230260133743,0.0762283056974411,0.5083293318748474,0.004941974766552448,1.0,33,0.6268726587295532,-0.07138616591691971,0.10387967526912689,0.08006253838539124,0.6358303427696228,0.004304020199924707,1.0,76,0.489554762840271,-0.03978247568011284,0.19884870946407318,0.1396213322877884,0.5125174522399902,0.005857521202415228,1.0,0.5065525472164154,-0.08211490325629711,0.6358303427696228,-0.07138616591691971,0.5125174522399902,-0.03978247568011284,1.0
1790268480.5760746,22.459263563156128,450,1,24,0.41318321228027344,-0.06719271093606949,0.05806560814380646,0.047393739223480225,0.4208880364894867,0.0023103372659534216,1.0,19,0.4354424774646759,-0.20577360689640045,0.14098159968852997,0.05974741280078888,0.48467496037483215,0.0070053269155323505,1.0,33,0.45597562193870544,-0.17594309151172638,0.13265018165111542,0.06580699980258942,0.49195030331611633,0.0035022173542529345,1.0,76,0.382354736328125,-0.11200754344463348,0.1427157074213028,0.10951884835958481,0.4121977388858795,0.0035773531999439,1.0,0.4527814984321594,-0.13648315891623497,0.49195030331611633,-0.17594309151172638,0.4121977388858795,-0.11200754344463348,1.0
1790268480.624274,22.507462978363037,451,0,24,0.2594451904296875,-0.12350845336914062,0.06543614715337753,0.026867222040891647,0.2890211343765259,0.0024597267620265484,1.0,19,0.27146029472351074,-0.0707268938422203,0.06725730746984482,0.13071756064891815,0.3077448904514313,0.00356511608697474,1.0,33,0.19504384696483612,-0.1283971667289734,0.10420513898134232,0.04601067304611206,0.23788398504257202,0.002102665137499571,1.0,76,0.20428065955638885,-0.07607469707727432,0.10204038769006729,0.08873628824949265,0.23766107857227325,0.003456943202763796,1.0,0.2983830124139786,-0.09711767360568047,0.23788398504257202,-0.1283971667289734,0.23766107857227325,-0.07607469707727432,1.0
1790268480.6762884,22.55947732925415,452,0,24,0.045135498046875,-0.1318613737821579,0.09128951281309128,0.03795209154486656,0.16246573626995087,0.002639231039211154,1.0,19,0.0981268659234047,-0.11548333615064621,0.044209595769643784,0.08950413763523102,0.17369943857192993,0.00369849125854671,1.0,33,0.029228441417217255,-0.15660418570041656,0.04521634057164192,0.04708414897322655,0.16468781232833862,0.0024998653680086136,1.0,76,0.10586728900671005,-0.07334357500076294,0.14325718581676483,0.10374971479177475,0.19070900976657867,0.002570173004642129,1.0,0.1680825874209404,-0.12367235496640205,0.16468781232833862,-0.15660418570041656,0.19070900976657867,-0.07334357500076294,1.0
1790268480.7282376,22.61142659187317,453,0,24,0.03389422222971916,-0.2953948974609375,0.10870431363582611,0.09166617691516876,0.3202976584434509,0.004941476043313742,1.0,19,0.007139507215470076,-0.3064856231212616,0.1927104890346527,0.28388741612434387,0.44567006826400757,0.010414805263280869,1.0,33,-0.08294308185577393,-0.6477975845336914,0.16642898321151733,0.129295215010643,0.6748244166374207,0.007491229567676783,1.0,76,0.06584950536489487,-0.30564218759536743,0.2180815488100052,0.29385003447532654,0.4292532205581665,0.006146064959466457,1.0,0.38298386335372925,-0.30094026029109955,0.6748244166374207,-0.6477975845336914,0.4292532205581665,-0.30564218759536743,1.0
1790268480.7762809,22.659469842910767,454,0,24,0.29821205139160156,-0.6594632267951965,0.12884806096553802,0.10492228716611862,0.740007221698761,0.009066557511687279,1.0,19,0.1117987409234047,-0.5926890969276428,0.15812145173549652,0.34934720396995544,0.6987010836601257,0.013968309387564659,1.0,33,0.05654999613761902,-1.0648281574249268,0.07289084792137146,0.11388015002012253,1.0687544345855713,0.008689047768712044,1.0,76,0.25401586294174194,-0.5630928874015808,0.24148890376091003,0.474104642868042,0.7591065168380737,0.005942768882960081,1.0,0.7193541526794434,-0.6260761618614197,1.0687544345855713,-1.0648281574249268,0.7591065168380737,-0.5630928874015808,1.0
1790268480.8283467,22.711535692214966,455,0,24,0.420153945684433,-0.6004708409309387,0.14436349272727966,0.06676118820905685,0.744631290435791,0.00678682466968894,1.0,19,0.3360065519809723,-0.49719560146331787,0.12645277380943298,0.20041245222091675,0.6347957253456116,0.006134088151156902,1.0,33,0.29222291707992554,-0.8116441369056702,0.09894584864377975,0.1286066323518753,0.8667272329330444,0.007579884026199579,1.0,76,0.368513822555542,-0.49369722604751587,0.16481642425060272,0.3390922248363495,0.6795145869255066,0.005285345017910004,1.0,0.6897135078907013,-0.5488332211971283,0.8667272329330444,-0.8116441369056702,0.6795145869255066,-0.49369722604751587,1.0
1790268480.876332,22.759521007537842,456,0,24,1.0681260824203491,-0.1473051756620407,0.43348342180252075,0.2875700891017914,1.132544994354248,0.05098958685994148,1.0,19,0.36311259865760803,-0.18331347405910492,0.22647251188755035,0.30922266840934753,0.5358176827430725,0.03531331196427345,1.0,33,0.3659478425979614,-0.6656743884086609,0.08114495128393173,0.08011625707149506,0.7622767090797424,0.0051692998968064785,1.0,76,0.4894571900367737,-0.2942813038825989,0.3387909233570099,0.3829968571662903,0.696028470993042,0.012689074501395226,1.0,0.8341813385486603,-0.16530932486057281,0.7622767090797424,-0.6656743884086609,0.696028470993042,-0.2942813038825989,1.0
1790268480.9284532,22.811642169952393,457,0,24,1.0900688171386719,-0.08415349572896957,0.6598766446113586,0.5306392312049866,1.2165361642837524,0.1343594640493393,1.0,19,0.1404981166124344,-0.15979325771331787,0.2684594690799713,0.30447885394096375,0.37376031279563904,0.02609287202358246,1.0,33,0.5055657625198364,-0.6604235172271729,0.14144529402256012,0.08860654383897781,0.8365239500999451,0.005394569132477045,1.0,76,0.4995880126953125,-0.25045084953308105,0.5303550362586975,0.4512368142604828,0.6831681132316589,0.030214011669158936,1.0,0.7951482385396957,-0.12197337672114372,0.8365239500999451,-0.6604235172271729,0.6831681132316589,-0.25045084953308105,1.0
1790268480.980431,22.863620042800903,458,0,24,0.14188067615032196,-0.5396499633789062,0.11124299466609955,0.2097979485988617,0.5703355669975281,0.014026760123670101,1.0,19,0.38397538661956787,-0.5061838030815125,0.23719076812267303,0.2550729811191559,0.6411558985710144,0.018958719447255135,1.0,33,0.3975335359573364,-0.655731201171875,0.10749901086091995,0.1301172524690628,0.7704141736030579,0.006299165077507496,1.0,76,0.19751156866550446,-0.39249399304389954,0.2243017703294754,0.34300291538238525,0.48641711473464966,0.006748497486114502,1.0,0.6057457327842712,-0.5229168832302094,0.7704141736030579,-0.655731201171875,0.48641711473464966,-0.39249399304389954,1.0
1790268481.0284903,22.9116792678833,459,0,24,-0.3506685793399811,-0.8023039698600769,0.5090950727462769,0.39481624960899353,0.9450570940971375,0.10346529632806778,1.0,19,0.24401213228702545,-0.7066899538040161,0.3110562264919281,0.2915100157260895,0.7662298679351807,0.028499888256192207,1.0,33,0.37254101037979126,-0.6080997586250305,0.09685607999563217,0.11956176906824112,0.7151384353637695,0.006485773250460625,1.0,76,0.03671726584434509,-0.4470362365245819,0.40007007122039795,0.4257518947124481,0.553901731967926,0.01881875842809677,1.0,0.8556434810161591,-0.7544969618320465,0.7151384353637695,-0.6080997586250305,0.553901731967926,-0.4470362365245819,1.0
1790268481.0803187,22.963507652282715,460,0,24,-0.2790679931640625,-0.7777042388916016,0.32491159439086914,0.30440935492515564,0.8582258820533752,0.04007740318775177,1.0,19,0.1888475865125656,-0.7065421938896179,0.1683596521615982,0.3106212913990021,0.7371952533721924,0.028733400627970695,1.0,33,0.2729792594909668,-0.3779435455799103,0.08554943650960922,0.08381316065788269,0.46829503774642944,0.005836889147758484,1.0,76,0.06849710643291473,-0.3378887176513672,0.24163950979709625,0.3085140287876129,0.4167921543121338,0.011041498742997646,1.0,0.7977105677127838,-0.7421232163906097,0.46829503774642944,-0.3779435455799103,0.4167921543121338,-0.3378887176513672,1.0
1790268481.128021,23.011209964752197,461,0,24,0.03363863751292229,-0.45884132385253906,0.14842282235622406,0.21201732754707336,0.48176825046539307,0.01303152460604906,1.0,19,0.35997411608695984,-0.3986278474330902,0.10975777357816696,0.17872492969036102,0.5449571013450623,0.016534315422177315,1.0,33,0.33455774188041687,-0.12272181361913681,0.13740390539169312,0.06198688596487045,0.3594909608364105,0.00500124879181385,1.0,76,0.1862957626581192,-0.1938064992427826,0.17671291530132294,0.20512814819812775,0.3270590901374817,0.0050581274554133415,1.0,0.5133626759052277,-0.42873458564281464,0.3594909608364105,-0.12272181361913681,0.3270590901374817,-0.1938064992427826,1.0
1790268481.1803,23.063488960266113,462,0,24,0.22812843322753906,-0.11946550756692886,0.11661042273044586,0.031798750162124634,0.2640816867351532,0.003259124234318733,1.0,19,0.49471884965896606,-0.24571308493614197,0.1179203912615776,0.23492871224880219,0.5845634341239929,0.012869696132838726,1.0,33,0.73516845703125,0.12686757743358612,0.12016996741294861,0.09756053239107132,0.7530519962310791,0.005718704778701067,1.0,76,0.39222073554992676,-0.02238323725759983,0.29948657751083374,0.2116059958934784,0.4493534564971924,0.004160523880273104,1.0,0.42432256042957306,-0.18258929625153542,0.7530519962310791,0.12686757743358612,0.4493534564971924,-0.02238323725759983,1.0
1790268481.2320812,23.115270137786865,463,0,24,0.3634529113769531,0.018213272094726562,0.1132923886179924,0.036756981164216995,0.36521437764167786,0.0039565470069646835,1.0,19,0.6299229860305786,0.07189780473709106,0.1131805032491684,0.17788201570510864,0.6595495343208313,0.013739634305238724,1.0,33,0.7524617314338684,0.7240965962409973,0.20260867476463318,0.14278188347816467,1.0533684492111206,0.010675156489014626,1.0,76,0.4200553894042969,0.2215600311756134,0.2885507345199585,0.36467811465263367,0.5433828234672546,0.005501941312104464,1.0,0.5123819559812546,0.045055538415908813,1.0533684492111206,0.7240965962409973,0.5433828234672546,0.2215600311756134,1.0
1790268481.2805142,23.163703203201294,464,0,24,0.34024491906166077,0.27219709753990173,0.09594490379095078,0.08609706908464432,0.43979594111442566,0.005812022369354963,1.0,19,0.6559223532676697,0.4088488221168518,0.27753591537475586,0.18295487761497498,0.7910383939743042,0.024031220003962517,1.0,33,0.34764793515205383,0.9429108500480652,0.14858590066432953,0.10950221866369247,1.0167796611785889,0.007044926751405001,1.0,76,0.2941731810569763,0.41426387429237366,0.17587295174598694,0.40695348381996155,0.5611670613288879,0.004917721729725599,1.0,0.6154171675443649,0.34052295982837677,1.0167796611785889,0.9429108500480652,0.5611670613288879,0.41426387429237366,1.0
1790268481.332402,23.215590953826904,465,1,24,0.2026500701904297,0.6390698552131653,0.0751156359910965,0.13708899915218353,0.6763841509819031,0.010623037815093994,1.0,19,0.34181615710258484,0.5657051205635071,0.1619967222213745,0.27593421936035156,0.7086007595062256,0.015499988570809364,1.0,33,0.3373676538467407,1.0625420808792114,0.09575710445642471,0.1088806539773941,1.1195930242538452,0.006103294901549816,1.0,76,0.21438679099082947,0.5542470216751099,0.1310734897851944,0.4496898651123047,0.6396825313568115,0.005200366023927927,1.0,0.6924924552440643,0.6023874878883362,1.1195930242538452,1.0625420808792114,0.6396825313568115,0.5542470216751099,1.0
1790268481.3804767,23.263665676116943,466,0,24,0.12071800231933594,0.5989837646484375,0.12389910966157913,0.06236223131418228,0.6225967407226562,0.008520604111254215,1.0,19,0.27460038661956787,0.46572956442832947,0.08970072865486145,0.05756966024637222,0.5464574694633484,0.012883346527814865,1.0,33,0.1840917468070984,0.7748968005180359,0.12452246993780136,0.11332043260335922,0.806505024433136,0.008632647804915905,1.0,76,0.17554715275764465,0.46545320749282837,0.13036991655826569,0.3093661665916443,0.5384174585342407,0.005566829815506935,1.0,0.5845271050930023,0.5323566645383835,0.806505024433136,0.7748968005180359,0.5384174585342407,0.46545320749282837,1.0
1790268481.4324486,23.315637588500977,467,0,24,0.13686053454875946,0.288909912109375,0.08752214908599854,0.05538501217961311,0.33030515909194946,0.005655033513903618,1.0,19,0.2387213408946991,0.26871609687805176,0.11114289611577988,0.1559235006570816,0.4014807343482971,0.007132196333259344,1.0,33,0.20196256041526794,0.2621103823184967,0.08958415687084198,0.05695641413331032,0.33713510632514954,0.005256323143839836,1.0,76,0.20708946883678436,0.21587049961090088,0.11670585721731186,0.12026796489953995,0.321454793214798,0.004436744377017021,1.0,0.3658929467201233,0.2788130044937134,0.33713510632514954,0.2621103823184967,0.321454793214798,0.21587049961090088,1.0
1790268481.484331,23.367519855499268,468,0,24,0.2849763333797455,0.08903058618307114,0.1259678602218628,0.04442267864942551,0.3077917993068695,0.0034371481742709875,1.0,19,0.25718608498573303,0.11171682178974152,0.13770797848701477,0.09460710734128952,0.2862193286418915,0.004289157688617706,1.0,33,0.15587222576141357,0.039879076182842255,0.052760884165763855,0.0318850576877594,0.16428926587104797,0.0015326164430007339,1.0,76,0.2719688415527344,0.04495500400662422,0.16040220856666565,0.07110092788934708,0.2876434624195099,0.003335812361910939,1.0,0.2970055639743805,0.10037370398640633,0.16428926587104797,0.039879076182842255,0.2876434624195099,0.04495500400662422,1.0
1790268481.5323188,23.415507793426514,469,0,24,0.4316387176513672,-0.08083788305521011,0.12746036052703857,0.06610383093357086,0.4421216547489166,0.005812375340610743,1.0,19,0.42556923627853394,-0.0901007428765297,0.12181586027145386,0.05906428024172783,0.4375714361667633,0.005022736731916666,1.0,33,0.2906082570552826,-0.1184488907456398,0.0855124443769455,0.06118914484977722,0.31593626737594604,0.0023293918929994106,1.0,76,0.410727858543396,-0.12554660439491272,0.16241121292114258,0.0949171632528305,0.43815746903419495,0.0047528683207929134,1.0,0.43984654545783997,-0.0854693129658699,0.31593626737594604,-0.1184488907456398,0.43815746903419495,-0.12554660439491272,1.0
1790268481.5841632,23.467352151870728,470,0,24,0.5681133270263672,-0.23665745556354523,0.07501333951950073,0.05767601728439331,0.6177225112915039,0.005635904613882303,1.0,19,0.44026264548301697,-0.08618726581335068,0.13272003829479218,0.10549511760473251,0.45915597677230835,0.004834613762795925,1.0,33,0.3615773618221283,-0.303526908159256,0.1102525070309639,0.08711148798465729,0.4754006564617157,0.004204427357763052,1.0,76,0.47263577580451965,-0.2299034744501114,0.20715168118476868,0.1828729659318924,0.5580625534057617,0.004919273778796196,1.0,0.5384392440319061,-0.16142236068844795,0.4754006564617157,-0.303526908159256,0.5580625534057617,-0.2299034744501114,1.0
1790268481.6322854,23.515474319458008,471,0,24,0.5180251002311707,-0.23736126720905304,0.11616184562444687,0.05658658221364021,0.5710437893867493,0.008447175845503807,1.0,19,0.42392128705978394,-0.008034956641495228,0.10484191030263901,0.14961974322795868,0.443328857421875,0.004539324901998043,1.0,33,0.16809961199760437,-0.19400440156459808,0.060098666697740555,0.05811537802219391,0.2606969475746155,0.002521716058254242,1.0,76,0.3653813302516937,-0.16760243475437164,0.2331874817609787,0.15433354675769806,0.431916743516922,0.004159361124038696,1.0,0.5071863234043121,-0.12269811192527413,0.2606969475746155,-0.19400440156459808,0.431916743516922,-0.16760243475437164,1.0
1790268481.6842577,23.5674467086792,472,0,24,0.3607839047908783,-0.18950717151165009,0.05348547175526619,0.02755720354616642,0.4086422026157379,0.0030711989384144545,1.0,19,0.37609702348709106,-0.032127782702445984,0.07450354099273682,0.08317859470844269,0.38531655073165894,0.004496471956372261,1.0,33,0.2053019255399704,-0.14151324331760406,0.0779096856713295,0.0508592464029789,0.2535914480686188,0.0015153361018747091,1.0,76,0.29808565974235535,-0.10628700256347656,0.14062027633190155,0.10920657217502594,0.3358478248119354,0.0030128750950098038,1.0,0.3969793766736984,-0.11081747710704803,0.2535914480686188,-0.14151324331760406,0.3358478248119354,-0.10628700256347656,1.0
1790268481.7362792,23.619468212127686,473,0,24,0.14289729297161102,-0.08574676513671875,0.05292598530650139,0.025645166635513306,0.16780813038349152,0.0020285730715841055,1.0,19,0.2278924286365509,0.0687079206109047,0.05182591453194618,0.12750443816184998,0.2586105763912201,0.004807389806956053,1.0,33,0.07309283316135406,-0.04828296974301338,0.037871312350034714,0.028389865532517433,0.09225667268037796,0.0009620617493055761,1.0,76,0.1272841989994049,-0.035773929208517075,0.08808185905218124,0.07664668560028076,0.14901001751422882,0.0019357763230800629,1.0,0.2132093533873558,-0.008519422262907028,0.09225667268037796,-0.04828296974301338,0.14901001751422882,-0.035773929208517075,1.0
1790268481.7840216,23.667210578918457,474,0,24,0.060838062316179276,-0.0266876220703125,0.04193992540240288,0.015680795535445213,0.07021179795265198,0.0005853574839420617,1.0,19,0.12671862542629242,0.012175710871815681,0.045200005173683167,0.03473139926791191,0.13248705863952637,0.0029125199653208256,1.0,33,0.012796575203537941,-0.009713837876915932,0.02905457466840744,0.03502211719751358,0.03992486000061035,0.001022412208840251,1.0,76,0.045297522097826004,-0.005550785921514034,0.052119530737400055,0.052421148866415024,0.06810969859361649,0.0012515662238001823,1.0,0.10134942829608917,-0.007255955599248409,0.03992486000061035,-0.009713837876915932,0.06810969859361649,-0.005550785921514034,1.0
1790268481.8360224,23.71921133995056,475,0,24,-0.0056934356689453125,-0.024128595367074013,0.027813268825411797,0.022545775398612022,0.039507292211055756,0.0006955206044949591,1.0,19,0.07052451372146606,0.023759540170431137,0.05621287226676941,0.020595144480466843,0.08592519164085388,0.0015674909809604287,1.0,33,-0.09755082428455353,0.07183791697025299,0.04083487391471863,0.02497226931154728,0.12423909455537796,0.0009182245121337473,1.0,76,-0.02392015978693962,0.02014089934527874,0.07034999132156372,0.06430725008249283,0.08578582108020782,0.0009686318226158619,1.0,0.06271624192595482,-0.00018452759832143784,0.12423909455537796,0.07183791697025299,0.08578582108020782,0.02014089934527874,1.0
1790268481.8842309,23.767419815063477,476,0,24,-0.12309646606445312,0.0360463447868824,0.0721198171377182,0.02085680514574051,0.12945155799388885,0.0020441405940800905,1.0,19,0.00788638461381197,0.07470301538705826,0.038404110819101334,0.02649969421327114,0.0840749442577362,0.0020750269759446383,1.0,33,-0.2127223163843155,0.17757532000541687,0.07994423806667328,0.07228215783834457,0.28051209449768066,0.0027533601969480515,1.0,76,-0.12730206549167633,0.08651623129844666,0.109211765229702,0.1113428846001625,0.18461665511131287,0.0019313930533826351,1.0,0.10676325112581253,0.05537468008697033,0.28051209449768066,0.17757532000541687,0.18461665511131287,0.08651623129844666,1.0
1790268481.9363203,23.819509267807007,477,0,24,-0.19044430553913116,0.057608287781476974,0.07819530367851257,0.050385765731334686,0.2050304412841797,0.002153201727196574,1.0,19,-0.028079384937882423,0.07431431859731674,0.06144294515252113,0.025430528447031975,0.09507668763399124,0.0018986340146511793,1.0,33,-0.2671416401863098,0.2836261987686157,0.08441019803285599,0.07580016553401947,0.39273548126220703,0.004330322612076998,1.0,76,-0.20038945972919464,0.12298112362623215,0.11750999093055725,0.1566324681043625,0.26726457476615906,0.002807117300108075,1.0,0.15005356445908546,0.06596130318939686,0.39273548126220703,0.2836261987686157,0.26726457476615906,0.12298112362623215,1.0
1790268481.988321,23.87151002883911,478,0,24,-0.24566714465618134,0.06279945373535156,0.052688583731651306,0.014884380623698235,0.2539861500263214,0.003078894689679146,1.0,19,-0.09326653927564621,0.09454184770584106,0.07461415976285934,0.04458096995949745,0.13823886215686798,0.0020813439041376114,1.0,33,-0.23847314715385437,0.25276923179626465,0.07442808151245117,0.05444801598787308,0.35259726643562317,0.0034031772520393133,1.0,76,-0.21462048590183258,0.12229578197002411,0.11812682449817657,0.14027611911296844,0.2743402421474457,0.003045432735234499,1.0,0.1961125060915947,0.07867065072059631,0.35259726643562317,0.25276923179626465,0.2743402421474457,0.12229578197002411,1.0
1790268482.0362864,23.919475317001343,479,0,24,-0.32714715600013733,0.06527137756347656,0.06120873615145683,0.032489631325006485,0.3353947699069977,0.001959386048838496,1.0,19,-0.12782849371433258,0.07531175762414932,0.07474511861801147,0.045838695019483566,0.1527910679578781,0.0015516321873292327,1.0,33,-0.3537486791610718,0.30955180525779724,0.10264099389314651,0.06866666674613953,0.47190964221954346,0.0037901708856225014,1.0,76,-0.2852690815925598,0.15732012689113617,0.1519864946603775,0.16263170540332794,0.3514516353607178,0.00331072392873466,1.0,0.2440929189324379,0.07029156759381294,0.47190964221954346,0.30955180525779724,0.3514516353607178,0.15732012689113617,1.0
1790268482.0883703,23.971559286117554,480,1,24,-0.3427391052246094,0.10418065637350082,0.041000984609127045,0.020779777318239212,0.3587816059589386,0.0021349480375647545,1.0,19,-0.15456511080265045,0.10895176976919174,0.10357949137687683,0.043494902551174164,0.19332213699817657,0.001894578104838729,1.0,33,-0.2871741056442261,0.3131353259086609,0.0796784833073616,0.06936510652303696,0.4294082522392273,0.004803508520126343,1.0,76,-0.2558736205101013,0.1786714792251587,0.12917542457580566,0.1539250761270523,0.33677807450294495,0.003921905532479286,1.0,0.2760518714785576,0.10656621307134628,0.4294082522392273,0.3131353259086609,0.33677807450294495,0.1786714792251587,1.0
1790268482.136444,24.019633054733276,481,0,24,-0.37220826745033264,0.14918963611125946,0.05601823329925537,0.057614341378211975,0.40406569838523865,0.00441622594371438,1.0,19,-0.18975830078125,0.13924367725849152,0.11702331155538559,0.06676320731639862,0.2384803742170334,0.003637144807726145,1.0,33,-0.3981730043888092,0.4289079010486603,0.08309223502874374,0.06673043221235275,0.5872602462768555,0.00635564886033535,1.0,76,-0.29350098967552185,0.21624755859375,0.15091149508953094,0.1861727088689804,0.3896312713623047,0.003845566650852561,1.0,0.321273036301136,0.1442166566848755,0.5872602462768555,0.4289079010486603,0.3896312713623047,0.21624755859375,1.0
1790268482.1882732,24.071462154388428,482,0,24,-0.39467430114746094,0.2276337891817093,0.04689326137304306,0.034328144043684006,0.45627307891845703,0.003686770098283887,1.0,19,-0.15831716358661652,0.16417492926120758,0.05812130868434906,0.06567502021789551,0.23120446503162384,0.0026776182930916548,1.0,33,-0.3453013002872467,0.42524951696395874,0.11009440571069717,0.06601099669933319,0.5538250803947449,0.004941048100590706,1.0,76,-0.3014877736568451,0.2275179773569107,0.15242353081703186,0.183427095413208,0.4046615958213806,0.0030536504928022623,1.0,0.34373877197504044,0.19590435922145844,0.5538250803947449,0.42524951696395874,0.4046615958213806,0.2275179773569107,1.0
1790268482.2403238,24.123512744903564,483,0,24,-0.44568124413490295,0.23374111950397491,0.05432417616248131,0.040582288056612015,0.5042888522148132,0.0034610226284712553,1.0,19,-0.24643266201019287,0.1971106231212616,0.16455477476119995,0.08255323022603989,0.3212328255176544,0.004573172889649868,1.0,33,-0.350768119096756,0.427672415971756,0.09517069905996323,0.06964906305074692,0.5595425367355347,0.005446752067655325,1.0,76,-0.31862860918045044,0.23594214022159576,0.15816128253936768,0.19868691265583038,0.42419853806495667,0.004019943997263908,1.0,0.4127608388662338,0.21542587131261826,0.5595425367355347,0.427672415971756,0.42419853806495667,0.23594214022159576,1.0
1790268482.2883723,24.171561241149902,484,0,24,-0.37890878319740295,0.20951907336711884,0.05045250058174133,0.03648248687386513,0.4344261586666107,0.0027283327654004097,1.0,19,-0.20262065529823303,0.14088840782642365,0.05471162497997284,0.0566098727285862,0.24982327222824097,0.0020497299265116453,1.0,33,-0.313445121049881,0.32421180605888367,0.07704296708106995,0.07076378911733627,0.4523013234138489,0.006865980569273233,1.0,76,-0.2750996947288513,0.1899208277463913,0.12822118401527405,0.1511877328157425,0.35870805382728577,0.003418887034058571,1.0,0.34212471544742584,0.17520374059677124,0.4523013234138489,0.32421180605888367,0.35870805382728577,0.1899208277463913,1.0
1790268482.3403249,24.22351384162903,485,0,24,-0.2906208038330078,0.13625653088092804,0.043373849242925644,0.03425396978855133,0.32295987010002136,0.0025253277271986008,1.0,19,-0.16985923051834106,0.08441884815692902,0.04960968717932701,0.07836779206991196,0.2052777260541916,0.0015182854840531945,1.0,33,-0.2676100432872772,0.25638002157211304,0.059470128268003464,0.056137681007385254,0.3723301887512207,0.003347026649862528,1.0,76,-0.2207980901002884,0.12033141404390335,0.10577501356601715,0.13018859922885895,0.2758364975452423,0.002630986738950014,1.0,0.2641187980771065,0.11033768951892853,0.3723301887512207,0.25638002157211304,0.2758364975452423,0.12033141404390335,1.0
1790268482.3882594,24.271448373794556,486,0,24,-0.20155207812786102,0.07103856652975082,0.032909415662288666,0.046988122165203094,0.21841277182102203,0.0016476195305585861,1.0,19,-0.16327707469463348,0.07311208546161652,0.045588839799165726,0.01980871707201004,0.17980121076107025,0.002176879905164242,1.0,33,-0.17697976529598236,0.11371681839227676,0.06829380989074707,0.03007005713880062,0.21365098655223846,0.0017961574485525489,1.0,76,-0.1576138585805893,0.06374740600585938,0.08046706765890121,0.07341775298118591,0.1869923174381256,0.0016593191539868712,1.0,0.19910699129104614,0.07207532599568367,0.21365098655223846,0.11371681839227676,0.1869923174381256,0.06374740600585938,1.0
1790268482.4400342,24.323223114013672,487,0,24,-0.16184425354003906,0.0145479841157794,0.05003912374377251,0.024905357509851456,0.16429609060287476,0.0018386483425274491,1.0,19,-0.13523945212364197,0.026588037610054016,0.06417707353830338,0.02822931669652462,0.14092180132865906,0.002527558943256736,1.0,33,-0.15829098224639893,0.05017413571476936,0.05737050995230675,0.033079423010349274,0.16893798112869263,0.0012328143930062652,1.0,76,-0.12746590375900269,0.008345854468643665,0.07084790617227554,0.04339895397424698,0.13702954351902008,0.0013639249373227358,1.0,0.1526089459657669,0.020568010862916708,0.16893798112869263,0.05017413571476936,0.13702954351902008,0.008345854468643665,1.0
1790268482.492204,24.37539291381836,488,0,24,-0.12469545751810074,-0.006636937614530325,0.03753046691417694,0.01925608702003956,0.126746267080307,0.0013890877598896623,1.0,19,-0.130218505859375,0.013663041405379772,0.06424853205680847,0.02184246852993965,0.13412630558013916,0.0014076591469347477,1.0,33,-0.13585686683654785,0.014124089851975441,0.03187551349401474,0.0221728403121233,0.13858532905578613,0.0008533083600923419,1.0,76,-0.09856174141168594,0.0004263426235411316,0.05504770576953888,0.031220193952322006,0.10697183012962341,0.00108527101110667,1.0,0.13043628633022308,0.0035130518954247236,0.13858532905578613,0.014124089851975441,0.10697183012962341,0.0004263426235411316,1.0
1790268482.5404105,24.42359948158264,489,0,24,-0.12553532421588898,-0.0032107036095112562,0.02383500337600708,0.01604035124182701,0.12652862071990967,0.0009185653179883957,1.0,19,-0.08703292161226273,-0.02912822552025318,0.045481424778699875,0.017202451825141907,0.09429685771465302,0.0012880926951766014,1.0,33,-0.15174680948257446,0.012909860350191593,0.059491727501153946,0.01725367084145546,0.1532469242811203,0.0009350435575470328,1.0,76,-0.10755137354135513,-0.0016319877468049526,0.06562540680170059,0.0288846455514431,0.11367172002792358,0.0008098722901195288,1.0,0.11041273921728134,-0.01616946456488222,0.1532469242811203,0.012909860350191593,0.11367172002792358,-0.0016319877468049526,1.0
1790268482.592368,24.47555685043335,490,0,24,-0.1615314483642578,0.0141843156889081,0.04107675328850746,0.015550092794001102,0.16292989253997803,0.0014350773999467492,1.0,19,-0.1041131243109703,0.012716192752122879,0.04368871450424194,0.031108226627111435,0.11128410696983337,0.0013693473301827908,1.0,33,-0.13034750521183014,0.021668868139386177,0.02918558195233345,0.019283195957541466,0.13333527743816376,0.000855945167131722,1.0,76,-0.11183708906173706,0.013874555937945843,0.0608612485229969,0.03367753326892853,0.11940805613994598,0.0009039789438247681,1.0,0.1371069997549057,0.01345025422051549,0.13333527743816376,0.021668868139386177,0.11940805613994598,0.013874555937945843,1.0
1790268482.64039,24.523578882217407,491,0,24,-0.15478070080280304,0.04143015667796135,0.04494141414761543,0.021755369380116463,0.16206181049346924,0.0016717439284548163,1.0,19,-0.10162514448165894,0.028410259634256363,0.06264680624008179,0.02258479595184326,0.11196035891771317,0.0021570499520748854,1.0,33,-0.12465089559555054,0.028740160167217255,0.028396913781762123,0.02146664820611477,0.1298626959323883,0.0006866097101010382,1.0,76,-0.10524509102106094,0.02784648723900318,0.06061224639415741,0.029454898089170456,0.11500289291143417,0.000829299446195364,1.0,0.1370110847055912,0.034920208156108856,0.1298626959323883,0.028740160167217255,0.11500289291143417,0.02784648723900318,1.0
1790268482.6923983,24.575587272644043,492,0,24,-0.07864507287740707,0.024107614532113075,0.03276127576828003,0.017438450828194618,0.08356934040784836,0.000774482439737767,1.0,19,-0.0766424909234047,0.00897939596325159,0.03372903913259506,0.019022207707166672,0.08011613041162491,0.0014992281794548035,1.0,33,-0.09754296392202377,0.02775619924068451,0.026719463989138603,0.011029438115656376,0.10229330509901047,0.0006960823084227741,1.0,76,-0.06465108692646027,0.027966750785708427,0.045756373554468155,0.027075400575995445,0.07941140234470367,0.0008120848215185106,1.0,0.08184273540973663,0.016543505247682333,0.10229330509901047,0.02775619924068451,0.07941140234470367,0.027966750785708427,1.0
1790268482.7443647,24.627553701400757,493,0,24,-0.06956926733255386,0.019417444244027138,0.02440696582198143,0.012729592621326447,0.07286284118890762,0.001205048174597323,1.0,19,-0.08247938007116318,0.005110088270157576,0.04743482545018196,0.02082887478172779,0.08814072608947754,0.0015388678293675184,1.0,33,-0.06445635855197906,0.015034993179142475,0.016841348260641098,0.010625113733112812,0.06694288551807404,0.0005830131703987718,1.0,76,-0.04900159314274788,0.01860949955880642,0.03620924800634384,0.025275656953454018,0.06110402196645737,0.0006521359900943935,1.0,0.08050178363919258,0.012263766257092357,0.06694288551807404,0.015034993179142475,0.06110402196645737,0.01860949955880642,1.0
1790268482.792342,24.675530910491943,494,0,24,-0.04315185546875,0.0024261474609375,0.021538851782679558,0.010938270948827267,0.04530651494860649,0.001319038332439959,1.0,19,-0.016405606642365456,0.01161675713956356,0.022760260850191116,0.020786775276064873,0.03312135115265846,0.0018093067919835448,1.0,33,-0.019431374967098236,0.011028868146240711,0.02245611883699894,0.015229308046400547,0.028788814321160316,0.0008286854717880487,1.0,76,-0.01078033447265625,0.017521405592560768,0.024189498275518417,0.023116985335946083,0.03346776217222214,0.0006967580993659794,1.0,0.03921393305063248,0.00702145230025053,0.028788814321160316,0.011028868146240711,0.03346776217222214,0.017521405592560768,1.0
1790268482.8442683,24.727457284927368,495,1,24,0.023335138335824013,0.024944305419921875,0.020810507237911224,0.017695412039756775,0.040294185280799866,0.0013793777907267213,1.0,19,0.03157123923301697,0.008314433507621288,0.040817566215991974,0.02871875837445259,0.050694696605205536,0.0009768294403329492,1.0,33,0.0579274483025074,0.030399207025766373,0.02487676776945591,0.00924044568091631,0.0681116059422493,0.00072018604259938,1.0,76,0.03680279478430748,0.01369998324662447,0.024324197322130203,0.027891647070646286,0.04820498451590538,0.0007390154642052948,1.0,0.0454944409430027,0.01662936946377158,0.0681116059422493,0.030399207025766373,0.04820498451590538,0.01369998324662447,1.0
1790268482.8922975,24.7754864692688,496,0,24,0.17134220898151398,0.04605929180979729,0.08366838097572327,0.015625612810254097,0.18012785911560059,0.0028253579512238503,1.0,19,0.1054558977484703,0.05186542868614197,0.0456179715692997,0.05332481861114502,0.1326415091753006,0.002646208507940173,1.0,33,0.22013254463672638,0.10818620026111603,0.10423464328050613,0.04790529981255531,0.25167301297187805,0.0027894373051822186,1.0,76,0.161399245262146,0.061206113547086716,0.10018959641456604,0.06906908005475998,0.18177621066570282,0.0018514565890654922,1.0,0.1563846841454506,0.04896236024796963,0.25167301297187805,0.10818620026111603,0.18177621066570282,0.061206113547086716,1.0
1790268482.944141,24.827329874038696,497,0,24,0.2418397217988968,0.06849416345357895,0.09621606022119522,0.02993575669825077,0.25440844893455505,0.004078056197613478,1.0,19,0.26593178510665894,0.09611109644174576,0.08531347662210464,0.10226726531982422,0.30144304037094116,0.005784759763628244,1.0,33,0.28856635093688965,0.15241588652133942,0.07096292823553085,0.027459239587187767,0.32966282963752747,0.002804946154356003,1.0,76,0.21853457391262054,0.063892662525177,0.10347838699817657,0.08154134452342987,0.2382502257823944,0.002525119576603174,1.0,0.2779257446527481,0.08230262994766235,0.32966282963752747,0.15241588652133942,0.2382502257823944,0.063892662525177,1.0
1790268482.9960763,24.879265308380127,498,0,24,0.24959690868854523,0.06237475201487541,0.06463322788476944,0.034515634179115295,0.259650856256485,0.0031812256202101707,1.0,19,0.22927534580230713,0.057452552020549774,0.05802968144416809,0.041756290942430496,0.24050137400627136,0.0023958971723914146,1.0,33,0.24728301167488098,0.10983877629041672,0.049522608518600464,0.03616548702120781,0.27262574434280396,0.0019741191063076258,1.0,76,0.21248747408390045,0.053634241223335266,0.09264056384563446,0.066620834171772,0.22807759046554565,0.0016660339897498488,1.0,0.2500761151313782,0.05991365201771259,0.27262574434280396,0.10983877629041672,0.22807759046554565,0.053634241223335266,1.0
1790268483.0440674,24.9272563457489,499,0,24,0.1715208739042282,0.03209877014160156,0.044459134340286255,0.01644357666373253,0.1757066249847412,0.0012001028517261147,1.0,19,0.15492649376392365,0.07776842266321182,0.05994647741317749,0.07067180424928665,0.1928616166114807,0.0023552209604531527,1.0,33,0.20309863984584808,0.08206130564212799,0.040880702435970306,0.018115632236003876,0.22000034153461456,0.0013209268217906356,1.0,76,0.1630355417728424,0.026426013559103012,0.06909557431936264,0.05549352616071701,0.17393794655799866,0.001399814267642796,1.0,0.18428412079811096,0.05493359640240669,0.22000034153461456,0.08206130564212799,0.17393794655799866,0.026426013559103012,1.0
1790268483.096198,24.979387044906616,500,0,24,0.11882273107767105,0.023519515991210938,0.02997734770178795,0.012869496829807758,0.12181822210550308,0.0010256654350087047,1.0,19,0.18499755859375,0.04748374596238136,0.04134950786828995,0.024617165327072144,0.19246886670589447,0.0014005291741341352,1.0,33,0.15165433287620544,0.06583104282617569,0.033250223845243454,0.019841952249407768,0.16668164730072021,0.0013669164618477225,1.0,76,0.1257968693971634,0.028897134587168694,0.0499325729906559,0.037464458495378494,0.13438257575035095,0.0011330746347084641,1.0,0.15714354440569878,0.03550163097679615,0.16668164730072021,0.06583104282617569,0.13438257575035095,0.028897134587168694,1.0
1790268483.144397,25.027585983276367,501,0,24,0.1350129395723343,0.0096041364595294,0.03289433568716049,0.011017845012247562,0.13608573377132416,0.0010731234215199947,1.0,19,0.1029486432671547,0.030147351324558258,0.04515276104211807,0.027358032763004303,0.11081380397081375,0.0020205446053296328,1.0,33,0.09977305680513382,0.009272719733417034,0.02886394038796425,0.016442392021417618,0.10149119794368744,0.0007386492798104882,1.0,76,0.0946725532412529,0.0007115414482541382,0.03895457461476326,0.024169033393263817,0.09918384253978729,0.0008760979981161654,1.0,0.12344976887106895,0.01987574389204383,0.10149119794368744,0.009272719733417034,0.09918384253978729,0.0007115414482541382,1.0
1790268483.1965055,25.079694509506226,502,0,24,0.07915624231100082,0.008661906234920025,0.025206470862030983,0.015691274777054787,0.0812947228550911,0.0011324998922646046,1.0,19,0.08278936892747879,0.006529155652970076,0.02972152642905712,0.030338874086737633,0.08763112872838974,0.0012885137693956494,1.0,33,0.0680948868393898,-0.010284423828125,0.032113488763570786,0.01434864941984415,0.07035940140485764,0.0007639086688868701,1.0,76,0.07310124486684799,-0.010239450260996819,0.03073718585073948,0.025235751643776894,0.07813075929880142,0.0008707231609150767,1.0,0.08446292579174042,0.00759553094394505,0.07035940140485764,-0.010284423828125,0.07813075929880142,-0.010239450260996819,1.0
1790268483.2483387,25.13152766227722,503,0,24,0.08168220520019531,-0.023478826507925987,0.03396337479352951,0.01765643060207367,0.08621685951948166,0.0012225949903950095,1.0,19,0.07120393216609955,0.0012913753744214773,0.05314403772354126,0.02347228303551674,0.08162444829940796,0.0013836550060659647,1.0,33,0.06787294149398804,-0.03621789067983627,0.022591102868318558,0.01724633201956749,0.07821444422006607,0.0006514965207315981,1.0,76,0.06865892559289932,-0.020007586106657982,0.030203040689229965,0.024668991565704346,0.07660190016031265,0.0007520701619796455,1.0,0.08392065390944481,-0.011093725566752255,0.07821444422006607,-0.03621789067983627,0.07660190016031265,-0.020007586106657982,1.0
1790268483.2962773,25.179466247558594,504,0,24,0.059342700988054276,-0.0061937966383993626,0.018634270876646042,0.010420752689242363,0.06055484339594841,0.0009762098197825253,1.0,19,0.060773346573114395,-0.019691869616508484,0.02685588411986828,0.03207378834486008,0.07125858217477798,0.0008470404427498579,1.0,33,0.045549798756837845,-0.031047936528921127,0.019305137917399406,0.009852048009634018,0.056781720370054245,0.0005702936905436218,1.0,76,0.05203387513756752,-0.010766983032226562,0.02588149718940258,0.024107800796628,0.05962349846959114,0.0007122688111849129,1.0,0.0659067127853632,-0.012942833127453923,0.056781720370054245,-0.031047936528921127,0.05962349846959114,-0.010766983032226562,1.0
1790268483.3483553,25.231544256210327,505,0,24,0.03667259216308594,-0.0043048858642578125,0.012338930740952492,0.01675417646765709,0.04019659757614136,0.0010395287536084652,1.0,19,0.020038805902004242,-0.0006962826591916382,0.023605430498719215,0.02268814854323864,0.03248877450823784,0.0011485604336485267,1.0,33,0.025699038058519363,-0.013619625009596348,0.017336420714855194,0.009802843444049358,0.03135038912296295,0.00036061054561287165,1.0,76,0.02991626225411892,-0.0023327877279371023,0.018145279958844185,0.01988622546195984,0.0357731394469738,0.0006593181169591844,1.0,0.0363426860421896,-0.0025005842617247254,0.03135038912296295,-0.013619625009596348,0.0357731394469738,-0.0023327877279371023,1.0
1790268483.3963456,25.279534578323364,506,0,24,0.008892059326171875,0.018484115600585938,0.01740102656185627,0.01396323461085558,0.027646467089653015,0.0011394699104130268,1.0,19,0.012793290428817272,0.006957204546779394,0.018922310322523117,0.03019893914461136,0.03340524062514305,0.0011552482610568404,1.0,33,0.005466345697641373,0.003016616450622678,0.014469385147094727,0.013571900315582752,0.019144635647535324,0.0004132913891226053,1.0,76,0.013393000699579716,0.006032743025571108,0.017378995195031166,0.019809016957879066,0.026407718658447266,0.0006084482301957905,1.0,0.030525853857398033,0.012720660073682666,0.019144635647535324,0.003016616450622678,0.026407718658447266,0.006032743025571108,1.0
1790268483.4483254,25.331514358520508,507,0,24,0.016836801543831825,0.012523651123046875,0.015153578482568264,0.009381423704326153,0.025299834087491035,0.001027750433422625,1.0,19,0.01389352884143591,0.010466726496815681,0.022024007514119148,0.019696416333317757,0.031974323093891144,0.000720169919077307,1.0,33,-0.004861080087721348,0.011152788065373898,0.015542314387857914,0.012782490812242031,0.01981285586953163,0.0005707839736714959,1.0,76,0.004922565538436174,0.013861003331840038,0.018439870327711105,0.015077128075063229,0.024521760642528534,0.0005416431231424212,1.0,0.02863707859069109,0.011495188809931278,0.01981285586953163,0.011152788065373898,0.024521760642528534,0.013861003331840038,1.0
1790268483.5003457,25.3835346698761,508,0,24,-0.008428573608398438,0.02463277243077755,0.022492829710245132,0.007727198768407106,0.0324723944067955,0.0008257473236881196,1.0,19,-0.010274786502122879,0.006018387619405985,0.015185306780040264,0.01085082720965147,0.01910322904586792,0.0013180606765672565,1.0,33,-0.021385423839092255,0.009255149401724339,0.020456787198781967,0.01366719976067543,0.031037019565701485,0.0006889547221362591,1.0,76,-0.01319403387606144,0.017260702326893806,0.019146591424942017,0.01664823479950428,0.030739985406398773,0.0006203083321452141,1.0,0.02578781172633171,0.015325580025091767,0.031037019565701485,0.009255149401724339,0.030739985406398773,0.017260702326893806,1.0
1790268483.5483336,25.431522607803345,509,0,24,-0.019036611542105675,0.031209945678710938,0.012548988685011864,0.011600896716117859,0.03872636705636978,0.0008603122550994158,1.0,19,-0.031208239495754242,0.029578760266304016,0.028135379776358604,0.0244955625385046,0.051274970173835754,0.0012623354559764266,1.0,33,-0.03605235740542412,0.03963817283511162,0.01713748089969158,0.015531494282186031,0.05577697232365608,0.0007690932252444327,1.0,76,-0.020854949951171875,0.026212289929389954,0.02317889779806137,0.021712306886911392,0.04033278301358223,0.0005847035790793598,1.0,0.04500066861510277,0.030394352972507477,0.05577697232365608,0.03963817283511162,0.04033278301358223,0.026212289929389954,1.0
1790268483.6002924,25.483481407165527,510,1,24,-0.06876754760742188,0.0812479630112648,0.02547190897166729,0.011980070732533932,0.10809338837862015,0.0012289622100070119,1.0,19,-0.03288188576698303,0.03847704455256462,0.035315703600645065,0.02176770754158497,0.06214241683483124,0.0016477813478559256,1.0,33,-0.06093296781182289,0.07524987310171127,0.02527919039130211,0.020273074507713318,0.09856725484132767,0.0009648575214669108,1.0,76,-0.05671089515089989,0.05744251608848572,0.03641895204782486,0.0389375239610672,0.08658916503190994,0.0008835174958221614,1.0,0.08511790260672569,0.05986250378191471,0.09856725484132767,0.07524987310171127,0.08658916503190994,0.05744251608848572,1.0
1790268483.6480045,25.531193494796753,511,0,24,-0.049607593566179276,0.08491197973489761,0.013364848680794239,0.02541673369705677,0.10040462017059326,0.0009486904018558562,1.0,19,-0.047371312975883484,0.041617944836616516,0.03152012825012207,0.028956744819879532,0.07128977030515671,0.001202331273816526,1.0,33,-0.06045624613761902,0.09487730264663696,0.030722899362444878,0.018093595281243324,0.11489234864711761,0.0006838764529675245,1.0,76,-0.05037066712975502,0.06921256333589554,0.032935623079538345,0.04219610244035721,0.09202465415000916,0.0006520117749460042,1.0,0.08584719523787498,0.06326496228575706,0.11489234864711761,0.09487730264663696,0.09202465415000916,0.06921256333589554,1.0
1790268483.7002578,25.583446741104126,512,0,24,-0.08548736572265625,0.08688036352396011,0.03164272755384445,0.021046949550509453,0.1250588744878769,0.0008816837216727436,1.0,19,-0.03518516197800636,0.037707678973674774,0.015389705076813698,0.026578862220048904,0.05771373584866524,0.001299556577578187,1.0,33,-0.04150390625,0.07525449991226196,0.018040327355265617,0.013887721113860607,0.08751042932271957,0.0008117654942907393,1.0,76,-0.04868678003549576,0.05733690783381462,0.02312484383583069,0.034099288284778595,0.0788944810628891,0.0007142709218896925,1.0,0.09138630516827106,0.062294021248817444,0.08751042932271957,0.07525449991226196,0.0788944810628891,0.05733690783381462,1.0
1790268483.7525012,25.635690212249756,513,0,24,-0.056367237120866776,0.056832630187273026,0.01921355351805687,0.010185384191572666,0.08123277872800827,0.0008658850565552711,1.0,19,-0.05409160256385803,0.05795850232243538,0.02201440930366516,0.015236901119351387,0.08152533322572708,0.0009035851689986885,1.0,33,-0.03783208504319191,0.06747066974639893,0.018597310408949852,0.012524532154202461,0.07874610275030136,0.0007436173618771136,1.0,76,-0.04286414757370949,0.05351949855685234,0.023725559934973717,0.026606936007738113,0.0735088512301445,0.0006283327820710838,1.0,0.08137905597686768,0.0573955662548542,0.07874610275030136,0.06747066974639893,0.0735088512301445,0.05351949855685234,1.0
1790268483.8004882,25.683677196502686,514,0,24,-0.031171798706054688,0.04648526385426521,0.017527565360069275,0.009849555790424347,0.05860602855682373,0.0005978523404337466,1.0,19,-0.02379889227449894,0.026813708245754242,0.026886560022830963,0.021398745477199554,0.047700393944978714,0.0014401278458535671,1.0,33,-0.04294424504041672,0.05365406349301338,0.016488321125507355,0.01619820110499859,0.06991242617368698,0.0006805745069868863,1.0,76,-0.03718004748225212,0.04071446508169174,0.01570766605436802,0.02580246888101101,0.05856085941195488,0.0006984100909903646,1.0,0.05315321125090122,0.03664948605000973,0.06991242617368698,0.05365406349301338,0.05856085941195488,0.04071446508169174,1.0
1790268483.8523293,25.735518217086792,515,0,24,-0.041276294738054276,0.06013425067067146,0.02161499112844467,0.010943630710244179,0.07450412958860397,0.0006221160292625427,1.0,19,-0.03426642343401909,0.03873323276638985,0.02994193509221077,0.01843428425490856,0.05737079307436943,0.0009667106787674129,1.0,33,-0.024601329118013382,0.09863188862800598,0.019844263792037964,0.016750218346714973,0.10355278849601746,0.0008581081056036055,1.0,76,-0.02986064739525318,0.06807417422533035,0.023443404585123062,0.03511804714798927,0.07881738990545273,0.000773870968259871,1.0,0.0659374613314867,0.049433741718530655,0.10355278849601746,0.09863188862800598,0.07881738990545273,0.06807417422533035,1.0
1790268483.9003685,25.783557415008545,516,0,24,-0.01461664866656065,0.1261800080537796,0.03447350487112999,0.02558804675936699,0.13201630115509033,0.0018971954705193639,1.0,19,-0.06031718850135803,0.07168900221586227,0.015185078606009483,0.027145512402057648,0.09703560173511505,0.0014303505886346102,1.0,33,-0.03432903811335564,0.16987009346485138,0.03838230296969414,0.035238128155469894,0.17719586193561554,0.002314356854185462,1.0,76,-0.01863660290837288,0.12355142086744308,0.03907696157693863,0.07316022366285324,0.13233312964439392,0.001657739863730967,1.0,0.11452595144510269,0.09893450513482094,0.17719586193561554,0.16987009346485138,0.13233312964439392,0.12355142086744308,1.0
1790268483.9522753,25.835464239120483,517,0,24,-0.039358776062726974,0.14113552868366241,0.03973086178302765,0.02422472834587097,0.15025214850902557,0.0018012864748016,1.0,19,-0.04087749123573303,0.10031288862228394,0.04079309478402138,0.022060401737689972,0.11634267121553421,0.001401489251293242,1.0,33,0.035540495067834854,0.33132055401802063,0.11995774507522583,0.06721886992454529,0.35195255279541016,0.004584996495395899,1.0,76,-0.001624257885850966,0.18460354208946228,0.08176077157258987,0.1290973275899887,0.19989489018917084,0.0018118310254067183,1.0,0.1332974098622799,0.12072420865297318,0.35195255279541016,0.33132055401802063,0.19989489018917084,0.18460354208946228,1.0
1790268484.0042934,25.887482404708862,518,0,24,-0.030264535918831825,0.20491790771484375,0.05786200612783432,0.05661143735051155,0.21342621743679047,0.0030284468084573746,1.0,19,-0.05619892477989197,0.11197702586650848,0.029979774728417397,0.04779413342475891,0.13276103138923645,0.0015358179807662964,1.0,33,0.06454652547836304,0.2563689351081848,0.0339897982776165,0.06831979006528854,0.2665322721004486,0.0025031527038663626,1.0,76,-0.0023225483018904924,0.1659151315689087,0.06041914224624634,0.09328018128871918,0.17941933870315552,0.0018282727105543017,1.0,0.17309362441301346,0.15844746679067612,0.2665322721004486,0.2563689351081848,0.17941933870315552,0.1659151315689087,1.0
1790268484.0524116,25.935600519180298,519,0,24,-0.0039431252516806126,0.13573074340820312,0.040408656001091,0.018962934613227844,0.1420779973268509,0.0016701117856428027,1.0,19,-0.03459087014198303,0.07212026417255402,0.03748401254415512,0.034220922738313675,0.09372087568044662,0.0018169928807765245,1.0,33,0.0468292236328125,0.12596917152404785,0.026422953233122826,0.05028712376952171,0.13833798468112946,0.0012838435359299183,1.0,76,0.004497728776186705,0.1039036214351654,0.05503475293517113,0.06773578375577927,0.12534569203853607,0.0009471334051340818,1.0,0.11789943650364876,0.10392550379037857,0.13833798468112946,0.12596917152404785,0.12534569203853607,0.1039036214351654,1.0
1790268484.104239,25.987427949905396,520,0,24,-0.020538965240120888,0.1079203262925148,0.019189653918147087,0.028985703364014626,0.11131161451339722,0.0008809117716737092,1.0,19,-0.034881591796875,0.057548120617866516,0.04610563442111015,0.04036087542772293,0.08691719174385071,0.0013188212178647518,1.0,33,0.05936732515692711,0.08659686148166656,0.03297785669565201,0.027890903875231743,0.10788564383983612,0.0012134455610066652,1.0,76,-0.0036335994955152273,0.08206949383020401,0.06538210064172745,0.0647655576467514,0.10877841711044312,0.0011895218631252646,1.0,0.09911440312862396,0.08273422345519066,0.10788564383983612,0.08659686148166656,0.10877841711044312,0.08206949383020401,1.0
1790268484.1523602,26.03554916381836,521,0,24,-0.00818634033203125,0.10232671350240707,0.022180840373039246,0.02220454066991806,0.10485228151082993,0.0014524169964715838,1.0,19,-0.03791407495737076,0.04993318393826485,0.040539778769016266,0.06205173209309578,0.09336545318365097,0.0011578693520277739,1.0,33,0.06012610346078873,0.07310069352388382,0.028880616649985313,0.020822342485189438,0.09779345244169235,0.0006916300626471639,1.0,76,0.002814041916280985,0.07256126403808594,0.055681098252534866,0.04771747440099716,0.09451065212488174,0.0010300239082425833,1.0,0.09910886734724045,0.07612994872033596,0.09779345244169235,0.07310069352388382,0.09451065212488174,0.07256126403808594,1.0
1790268484.2043853,26.087574243545532,522,0,24,-0.0019092559814453125,0.08936882019042969,0.015111085027456284,0.024189984425902367,0.09043514728546143,0.0005994671955704689,1.0,19,-0.035927221179008484,0.03499241918325424,0.05381183326244354,0.05504453554749489,0.07993137836456299,0.0012479746947064996,1.0,33,0.07364261150360107,0.06645803898572922,0.03397446125745773,0.02203034982085228,0.10163097828626633,0.0008266742806881666,1.0,76,0.0008914344944059849,0.057243045419454575,0.08174528926610947,0.058409254997968674,0.09935097396373749,0.0009424898307770491,1.0,0.08518326282501221,0.062180619686841965,0.10163097828626633,0.06645803898572922,0.09935097396373749,0.057243045419454575,1.0
1790268484.256236,26.139425039291382,523,0,24,-0.026394525542855263,0.0858255997300148,0.02487882599234581,0.021568240597844124,0.0925714373588562,0.0009200600325129926,1.0,19,-0.10654649883508682,0.0280303955078125,0.10519775748252869,0.06821558624505997,0.13136906921863556,0.001997418235987425,1.0,33,0.03614391013979912,0.049105558544397354,0.026701224967837334,0.01986067183315754,0.06554453074932098,0.0008441612008027732,1.0,76,-0.04004970192909241,0.0631965845823288,0.10034751147031784,0.06193980947136879,0.10321550071239471,0.0016623861156404018,1.0,0.11197025328874588,0.05692799761891365,0.06554453074932098,0.049105558544397354,0.10321550071239471,0.0631965845823288,1.0
1790268484.3041065,26.18729543685913,524,0,24,-0.1762714385986328,0.09015146642923355,0.1010194942355156,0.0451023243367672,0.20080770552158356,0.0029276302084326744,1.0,19,-0.19424277544021606,0.06010517477989197,0.12671154737472534,0.0631597712635994,0.20490875840187073,0.0027943123131990433,1.0,33,-0.029884107410907745,0.03667658194899559,0.023925555869936943,0.024385061115026474,0.05066727474331856,0.0007398994639515877,1.0,76,-0.15021193027496338,0.08490582555532455,0.14004391431808472,0.10286896675825119,0.18766988813877106,0.0024164740461856127,1.0,0.20285823196172714,0.07512832060456276,0.05066727474331856,0.03667658194899559,0.18766988813877106,0.08490582555532455,1.0
1790268484.356138,26.23932695388794,525,1,24,-0.3887055814266205,0.22508494555950165,0.09094975888729095,0.04348783940076828,0.4500170648097992,0.0037214329931885004,1.0,19,-0.3979058563709259,0.07600241899490356,0.15619699656963348,0.05614463612437248,0.4098392128944397,0.0054340180940926075,1.0,33,-0.20451539754867554,0.09814314544200897,0.10122683644294739,0.05506287142634392,0.23106516897678375,0.0016450921539217234,1.0,76,-0.3411712646484375,0.14489254355430603,0.15987932682037354,0.12639842927455902,0.3857463002204895,0.003410839242860675,1.0,0.42992813885211945,0.1505436822772026,0.23106516897678375,0.09814314544200897,0.3857463002204895,0.14489254355430603,1.0
1790268484.4043546,26.287543535232544,526,0,24,-0.6677112579345703,0.37154069542884827,0.07737048715353012,0.06022310256958008,0.765734851360321,0.005993172526359558,1.0,19,-0.6004381775856018,0.08843833208084106,0.12624245882034302,0.10147387534379959,0.6136740446090698,0.008222290314733982,1.0,33,-0.4582200348377228,0.24827852845191956,0.09273333847522736,0.08202064037322998,0.5266224145889282,0.002681771293282509,1.0,76,-0.5327955484390259,0.25578629970550537,0.2140834629535675,0.17106299102306366,0.611889660358429,0.004552127793431282,1.0,0.6897044479846954,0.22998951375484467,0.5266224145889282,0.24827852845191956,0.611889660358429,0.25578629970550537,1.0
1790268484.4563928,26.339581727981567,527,0,24,-0.7194868922233582,0.3905658721923828,0.13115419447422028,0.04122167080640793,0.8206390738487244,0.004219725262373686,1.0,19,-0.6321828961372375,0.14143452048301697,0.12666277587413788,0.0949251726269722,0.6532381176948547,0.009123899042606354,1.0,33,-0.5644022822380066,0.29265663027763367,0.12222873419523239,0.07735952734947205,0.6387864351272583,0.004322067368775606,1.0,76,-0.5555697083473206,0.25230368971824646,0.20764786005020142,0.16299176216125488,0.6261677742004395,0.0055399504490196705,1.0,0.7369385957717896,0.2660001963376999,0.6387864351272583,0.29265663027763367,0.6261677742004395,0.25230368971824646,1.0
1790268484.5084805,26.391669511795044,528,0,24,-0.5499267578125,0.2986602783203125,0.06312401592731476,0.051866449415683746,0.6266819834709167,0.0060587078332901,1.0,19,-0.5683208107948303,0.12939052283763885,0.07122359424829483,0.05410648509860039,0.5850871801376343,0.006452162284404039,1.0,33,-0.40245380997657776,0.22500979900360107,0.07910682260990143,0.06656089425086975,0.465518057346344,0.005221124272793531,1.0,76,-0.4487284719944,0.1968889683485031,0.1571633219718933,0.13635781407356262,0.5076084136962891,0.00455319881439209,1.0,0.6058845818042755,0.21402540057897568,0.465518057346344,0.22500979900360107,0.5076084136962891,0.1968889683485031,1.0
1790268484.55641,26.43959903717041,529,0,24,-0.45468583703041077,0.22681427001953125,0.061690762639045715,0.04004696384072304,0.5098596215248108,0.0030886998865753412,1.0,19,-0.4991840422153473,0.0979943498969078,0.08220446109771729,0.06712035834789276,0.5128926038742065,0.005807296838611364,1.0,33,-0.3961981534957886,0.1910252422094345,0.06625860184431076,0.05154634267091751,0.44211769104003906,0.0037421395536512136,1.0,76,-0.40528127551078796,0.17304670810699463,0.13406741619110107,0.10884606093168259,0.45056527853012085,0.0029574863146990538,1.0,0.5113761126995087,0.16240430995821953,0.44211769104003906,0.1910252422094345,0.45056527853012085,0.17304670810699463,1.0
1790268484.6082928,26.49148178100586,530,0,24,-0.28912481665611267,0.11938349157571793,0.06537003070116043,0.03222249075770378,0.31349268555641174,0.002328073838725686,1.0,19,-0.34280073642730713,0.05614351108670235,0.056497082114219666,0.06373657286167145,0.35295605659484863,0.0030210709664970636,1.0,33,-0.16975125670433044,0.08457808196544647,0.03758903220295906,0.02035500481724739,0.19065909087657928,0.0011655597481876612,1.0,76,-0.24259145557880402,0.07932743430137634,0.11599637567996979,0.07851479202508926,0.2648959457874298,0.0025094791781157255,1.0,0.3332243710756302,0.08776350133121014,0.19065909087657928,0.08457808196544647,0.2648959457874298,0.07932743430137634,1.0
1790268484.6563532,26.539542198181152,531,0,24,-0.10482215881347656,0.05269622802734375,0.05828103795647621,0.03425823897123337,0.1227283850312233,0.00220610573887825,1.0,19,-0.20245683193206787,-0.015204179100692272,0.10173428803682327,0.13764724135398865,0.22614531219005585,0.005397852510213852,1.0,33,-0.0324045829474926,0.028363315388560295,0.04095335304737091,0.022462012246251106,0.047107942402362823,0.0011708532692864537,1.0,76,-0.11824537813663483,0.04134630039334297,0.11816201359033585,0.06008559837937355,0.13474364578723907,0.00255993171595037,1.0,0.17443684861063957,0.01874602446332574,0.047107942402362823,0.028363315388560295,0.13474364578723907,0.04134630039334297,1.0
1790268484.7083628,26.591551780700684,532,0,24,-0.017620086669921875,0.03327624127268791,0.023237742483615875,0.02911110781133175,0.041129887104034424,0.0012429488124325871,1.0,19,-0.10574661940336227,-0.011786210350692272,0.04976887255907059,0.04235037788748741,0.11206227540969849,0.0023248926736414433,1.0,33,0.03061421774327755,0.004615552723407745,0.022315390408039093,0.023923708125948906,0.041360147297382355,0.0010992055758833885,1.0,76,-0.0483691580593586,0.008989233523607254,0.1064530462026596,0.0686475932598114,0.0982314869761467,0.0020019731018692255,1.0,0.07659608125686646,0.01074501546099782,0.041360147297382355,0.004615552723407745,0.0982314869761467,0.008989233523607254,1.0
1790268484.7603543,26.643543243408203,533,0,24,-0.0072301230393350124,0.0330912284553051,0.041767265647649765,0.02211758866906166,0.054492175579071045,0.0011382118100300431,1.0,19,-0.05139320716261864,-0.03880872204899788,0.0700572282075882,0.10327471792697906,0.09644170850515366,0.0016162082320079207,1.0,33,0.12926599383354187,0.028013287112116814,0.05607706680893898,0.04363465681672096,0.1401078850030899,0.002013175981119275,1.0,76,0.012137162499129772,0.018863879144191742,0.11286887526512146,0.05745058134198189,0.11265216022729874,0.0017329297261312604,1.0,0.07546694204211235,-0.0028587467968463898,0.1401078850030899,0.028013287112116814,0.11265216022729874,0.018863879144191742,1.0
1790268484.8083324,26.691521406173706,534,0,24,0.03037261962890625,0.07135009765625,0.049933742731809616,0.012911609373986721,0.0908336266875267,0.0010402045445516706,1.0,19,-0.04356946423649788,0.03783135488629341,0.036659419536590576,0.020459137856960297,0.06542671471834183,0.001087264739908278,1.0,33,0.13205556571483612,0.06304145604372025,0.048045966774225235,0.029709460213780403,0.14859357476234436,0.0010174070484936237,1.0,76,0.021773288026452065,0.0377948172390461,0.11470172554254532,0.07189878076314926,0.12413173913955688,0.0015415698289871216,1.0,0.07813017070293427,0.054590726271271706,0.14859357476234436,0.06304145604372025,0.12413173913955688,0.0377948172390461,1.0
1790268484.8603086,26.743497610092163,535,0,24,-0.015806198120117188,0.11773109436035156,0.036393117159605026,0.02550489641726017,0.12314281612634659,0.0016476194141432643,1.0,19,-0.06457840651273727,0.036618683487176895,0.08721178770065308,0.1114717349410057,0.13535858690738678,0.003161267377436161,1.0,33,0.1014862060546875,0.10827913880348206,0.028836850076913834,0.03836037218570709,0.1515667885541916,0.0013209222815930843,1.0,76,-0.016780251637101173,0.08837529271841049,0.11996369808912277,0.06631433218717575,0.14725665748119354,0.0014807037077844143,1.0,0.12925070151686668,0.07717488892376423,0.1515667885541916,0.10827913880348206,0.14725665748119354,0.08837529271841049,1.0
1790268484.908266,26.791455030441284,536,0,24,-0.12860362231731415,0.22107823193073273,0.07191292196512222,0.05510913208127022,0.26346567273139954,0.002960965735837817,1.0,19,-0.1483282744884491,0.07501381635665894,0.1139889508485794,0.03508621081709862,0.1805238574743271,0.002390295499935746,1.0,33,0.004701556637883186,0.11057119816541672,0.03808979690074921,0.04175688326358795,0.11713115870952606,0.001357142929919064,1.0,76,-0.09607917070388794,0.11634746193885803,0.1020718589425087,0.10012881457805634,0.18099267780780792,0.001654866267926991,1.0,0.2219947651028633,0.14804602414369583,0.11713115870952606,0.11057119816541672,0.18099267780780792,0.11634746193885803,1.0
1790268484.9600313,26.843220233917236,537,0,24,-0.09700075536966324,0.28862571716308594,0.16229762136936188,0.10988996177911758,0.34941229224205017,0.007887941785156727,1.0,19,-0.27000024914741516,0.11200754344463348,0.0999809131026268,0.13562823832035065,0.30880874395370483,0.008910750038921833,1.0,33,-0.10435393452644348,0.10954192280769348,0.029014624655246735,0.027027085423469543,0.15225723385810852,0.0012089424999430776,1.0,76,-0.16099387407302856,0.12304406613111496,0.10934334248304367,0.1318580061197281,0.23471985757350922,0.0029839747585356236,1.0,0.3291105180978775,0.2003166303038597,0.15225723385810852,0.10954192280769348,0.23471985757350922,0.12304406613111496,1.0
1790268485.0119927,26.89518165588379,538,0,24,0.45761045813560486,0.668135941028595,0.8164098858833313,0.3952903747558594,0.9980973601341248,0.18130020797252655,1.0,19,-0.6697805523872375,0.28241047263145447,0.7081363797187805,0.5987213850021362,0.7932358384132385,0.1095789447426796,1.0,33,-0.1933538317680359,0.06311219930648804,0.0869976133108139,0.05067030340433121,0.209802508354187,0.0016536540351808071,1.0,76,-0.1327831894159317,0.2057013213634491,0.4404531717300415,0.34709620475769043,0.414060115814209,0.04662187024950981,1.0,0.8956665992736816,0.4752732068300247,0.209802508354187,0.06311219930648804,0.414060115814209,0.2057013213634491,1.0
1790268485.0603564,26.9435453414917,539,0,24,-0.1614958494901657,0.2894948422908783,0.2410736382007599,0.14401748776435852,0.4179273545742035,0.044922132045030594,1.0,19,-0.47468647360801697,-0.025310315191745758,0.18703444302082062,0.1965077668428421,0.49546757340431213,0.016536090523004532,1.0,33,-0.3682195544242859,0.005153309088200331,0.09047015011310577,0.04756273329257965,0.3709064722061157,0.002087251516059041,1.0,76,-0.27933260798454285,0.0780428871512413,0.20920859277248383,0.17132288217544556,0.3616369664669037,0.015878861770033836,1.0,0.4566974639892578,0.13209226354956627,0.3709064722061157,0.005153309088200331,0.3616369664669037,0.0780428871512413,1.0
1790268485.1122458,26.995434761047363,540,1,24,-0.5199978947639465,0.12072435766458511,0.05740366876125336,0.09049104154109955,0.541691243648529,0.006213771179318428,1.0,19,-0.5167204141616821,-0.025821886956691742,0.11424475163221359,0.10940612107515335,0.5304375886917114,0.006693045608699322,1.0,33,-0.5693483948707581,-0.00752119580283761,0.11279813945293427,0.044918663799762726,0.571060299873352,0.003166541690006852,1.0,76,-0.45455512404441833,0.07886224240064621,0.20891053974628448,0.12324982136487961,0.4819532334804535,0.0037492308765649796,1.0,0.5360644161701202,0.047451235353946686,0.571060299873352,-0.00752119580283761,0.4819532334804535,0.07886224240064621,1.0
1790268485.1603758,27.043564796447754,541,0,24,-0.8936888575553894,0.1518351286649704,0.15575017035007477,0.18658307194709778,0.9277423024177551,0.01414721179753542,1.0,19,-0.6465405821800232,-0.025763260200619698,0.1484442949295044,0.11165708303451538,0.6618640422821045,0.01196895819157362,1.0,33,-0.6528001427650452,0.04902787506580353,0.11186777800321579,0.0728444904088974,0.6588200926780701,0.004424955230206251,1.0,76,-0.5999974608421326,0.09168905764818192,0.2949386239051819,0.16950184106826782,0.6338602304458618,0.006015063729137182,1.0,0.7948031723499298,0.06303593423217535,0.6588200926780701,0.04902787506580353,0.6338602304458618,0.09168905764818192,1.0
1790268485.2123497,27.09553861618042,542,0,24,-1.2003669738769531,0.08799425512552261,0.39342546463012695,0.2236408144235611,1.2269514799118042,0.05513276532292366,1.0,19,-0.6741589903831482,-0.0057935211807489395,0.19654282927513123,0.22690805792808533,0.7304518818855286,0.02441856823861599,1.0,33,-0.7086362242698669,0.10311057418584824,0.12492529302835464,0.06898065656423569,0.7194117903709412,0.0035017041955143213,1.0,76,-0.7195719480514526,0.1107049211859703,0.43909701704978943,0.1936475783586502,0.7607187628746033,0.015835369005799294,1.0,0.9787016808986664,0.04110036697238684,0.7194117903709412,0.10311057418584824,0.7607187628746033,0.1107049211859703,1.0
1790268485.2642307,27.147419691085815,543,0,24,-1.1021989583969116,-0.11967023462057114,0.3821597695350647,0.25972428917884827,1.131773829460144,0.05190662667155266,1.0,19,-0.7737667560577393,-0.1659698486328125,0.2433510273694992,0.28173112869262695,0.85013347864151,0.03186645358800888,1.0,33,-0.7369408011436462,0.05109983682632446,0.14489899575710297,0.05200064182281494,0.7402616739273071,0.004145706072449684,1.0,76,-0.6507144570350647,0.023934615775942802,0.39053717255592346,0.2253224104642868,0.6886579394340515,0.012878501787781715,1.0,0.990953654050827,-0.14282004162669182,0.7402616739273071,0.05109983682632446,0.6886579394340515,0.023934615775942802,1.0
1790268485.3123064,27.19549536705017,544,0,24,-0.7538782954216003,-0.1123809814453125,0.20106162130832672,0.15637290477752686,0.7783649563789368,0.016142213717103004,1.0,19,-0.5927332639694214,-0.15118969976902008,0.15221327543258667,0.16226398944854736,0.6296783089637756,0.013344847597181797,1.0,33,-0.6209740042686462,-0.02537444233894348,0.11937004327774048,0.06283078342676163,0.6249051094055176,0.0036504727322608232,1.0,76,-0.4832914173603058,0.00522372592240572,0.22346512973308563,0.14551903307437897,0.5064471960067749,0.006695771124213934,1.0,0.7040216326713562,-0.1317853406071663,0.6249051094055176,-0.02537444233894348,0.5064471960067749,0.00522372592240572,1.0
1790268485.3642704,27.247459411621094,545,0,24,-0.6430377960205078,-0.08643341064453125,0.1995934695005417,0.1205248236656189,0.6586266160011292,0.008984415791928768,1.0,19,-0.4670763611793518,-0.0996117815375328,0.11444391310214996,0.12087084352970123,0.49321556091308594,0.009675518609583378,1.0,33,-0.6061877608299255,-0.05316254496574402,0.0812695249915123,0.030973238870501518,0.6095997095108032,0.0024262897204607725,1.0,76,-0.43768933415412903,-0.0342019721865654,0.24826064705848694,0.10182063281536102,0.4539131820201874,0.0049524325877428055,1.0,0.5759210884571075,-0.09302259609103203,0.6095997095108032,-0.05316254496574402,0.4539131820201874,-0.0342019721865654,1.0
1790268485.412326,27.295515060424805,546,0,24,-0.5401515960693359,-0.03936195373535156,0.12421923130750656,0.07824332267045975,0.5493729114532471,0.004115201998502016,1.0,19,-0.4111585021018982,-0.059699609875679016,0.13941489160060883,0.12361510843038559,0.43704676628112793,0.007094706408679485,1.0,33,-0.45066139101982117,-0.03842810541391373,0.08786798268556595,0.029231660068035126,0.45327621698379517,0.0034588011913001537,1.0,76,-0.3498079478740692,0.007175244856625795,0.1918068379163742,0.0772540420293808,0.362715482711792,0.0039372630417346954,1.0,0.4932098388671875,-0.04953078180551529,0.45327621698379517,-0.03842810541391373,0.362715482711792,0.007175244856625795,1.0
1790268485.4644282,27.347617149353027,547,0,24,-0.43629708886146545,-0.0264612827450037,0.06687255948781967,0.05662589520215988,0.4410288333892822,0.002428649924695492,1.0,19,-0.39174771308898926,-0.041729576885700226,0.13006608188152313,0.08879014849662781,0.40719255805015564,0.005192048382014036,1.0,33,-0.4116321802139282,-0.02963303029537201,0.080324187874794,0.03740783408284187,0.41426700353622437,0.0028952553402632475,1.0,76,-0.30970484018325806,0.0003527591179590672,0.1603659689426422,0.0644100233912468,0.31838297843933105,0.0028440586756914854,1.0,0.42411069571971893,-0.03409542981535196,0.41426700353622437,-0.02963303029537201,0.31838297843933105,0.0003527591179590672,1.0
1790268485.516424,27.39961290359497,548,0,24,-0.3748696744441986,-0.086029052734375,0.08426070958375931,0.08166501671075821,0.391725093126297,0.003719950793311,1.0,19,-0.28169170022010803,-0.10085657984018326,0.08486898988485336,0.07323366403579712,0.3094274401664734,0.004628631751984358,1.0,33,-0.3532460629940033,-0.05578428506851196,0.06618648767471313,0.022600295022130013,0.35833510756492615,0.002108836779370904,1.0,76,-0.2560597360134125,-0.03450433909893036,0.135722815990448,0.07234195619821548,0.2688795328140259,0.0024305798579007387,1.0,0.3505762666463852,-0.09344281628727913,0.35833510756492615,-0.05578428506851196,0.2688795328140259,-0.03450433909893036,1.0
1790268485.5640864,27.447275400161743,549,0,24,-0.35569190979003906,-0.03687350079417229,0.08992984890937805,0.03888563811779022,0.36063265800476074,0.002950248308479786,1.0,19,-0.3199864327907562,-0.11214888840913773,0.11789046972990036,0.0809960588812828,0.3495972454547882,0.0049802400171756744,1.0,33,-0.3269551694393158,-0.06711046397686005,0.06469181925058365,0.02020241878926754,0.3350149393081665,0.0015240354696288705,1.0,76,-0.23409633338451385,-0.026202352717518806,0.13932250440120697,0.057708628475666046,0.24832504987716675,0.001995894592255354,1.0,0.3551149517297745,-0.074511194601655,0.3350149393081665,-0.06711046397686005,0.24832504987716675,-0.026202352717518806,1.0
1790268485.6163561,27.499545097351074,550,0,24,-0.3016751706600189,-0.036698658019304276,0.09263143688440323,0.02986837364733219,0.3062199652194977,0.002374674892053008,1.0,19,-0.21206022799015045,-0.0776238664984703,0.07194231450557709,0.0784110575914383,0.2406756728887558,0.005294296890497208,1.0,33,-0.32927218079566956,-0.04961556941270828,0.052562762051820755,0.03059379942715168,0.3347283899784088,0.001066078431904316,1.0,76,-0.22959177196025848,-0.02162090130150318,0.1367579996585846,0.059468381106853485,0.24135999381542206,0.0013519106432795525,1.0,0.27344781905412674,-0.05716126225888729,0.3347283899784088,-0.04961556941270828,0.24135999381542206,-0.02162090130150318,1.0
1790268485.6644,27.54758906364441,551,0,24,-0.20150184631347656,0.014280319213867188,0.042661264538764954,0.023638667538762093,0.20340003073215485,0.001111402059905231,1.0,19,-0.18851029872894287,-0.07097023725509644,0.08690018206834793,0.035183001309633255,0.20639725029468536,0.00322302570566535,1.0,33,-0.2963811755180359,-0.03625303506851196,0.050204355269670486,0.027609074488282204,0.3001347780227661,0.0019643374253064394,1.0,76,-0.18426312506198883,-0.0038751300889998674,0.132607564330101,0.04926491528749466,0.20407719910144806,0.0019237768137827516,1.0,0.2048986405134201,-0.028344959020614624,0.3001347780227661,-0.03625303506851196,0.20407719910144806,-0.0038751300889998674,1.0
1790268485.716337,27.599525928497314,552,0,24,-0.20616023242473602,-0.0402679443359375,0.061022140085697174,0.021718217059969902,0.21271435916423798,0.0016550921136513352,1.0,19,-0.13499049842357635,-0.10127900540828705,0.10772930830717087,0.05750128999352455,0.18762435019016266,0.003468702081590891,1.0,33,-0.15790627896785736,-0.0780385360121727,0.05413094907999039,0.01984528824687004,0.17804312705993652,0.0017945851432159543,1.0,76,-0.1071401908993721,-0.030302749946713448,0.11394590139389038,0.05990372970700264,0.15315040946006775,0.0015085149789229035,1.0,0.20016935467720032,-0.07077347487211227,0.17804312705993652,-0.0780385360121727,0.15315040946006775,-0.030302749946713448,1.0
1790268485.7683892,27.651578187942505,553,0,24,-0.10847600549459457,-0.04969215393066406,0.06201385706663132,0.021246695891022682,0.12269899994134903,0.0011345641687512398,1.0,19,-0.12875044345855713,-0.20456494390964508,0.08408714085817337,0.09000398963689804,0.2543985843658447,0.003747815266251564,1.0,33,-0.03436140716075897,-0.15357184410095215,0.0448148213326931,0.07671106606721878,0.1634301096200943,0.0017202073941007257,1.0,76,-0.024487344548106194,-0.06766891479492188,0.08249319344758987,0.09464386850595474,0.12310315668582916,0.00129361089784652,1.0,0.18854879215359688,-0.12712854892015457,0.1634301096200943,-0.15357184410095215,0.12310315668582916,-0.06766891479492188,1.0
1790268485.816329,27.699517965316772,554,0,24,-0.08137575536966324,-0.07623863220214844,0.04121113196015358,0.022082120180130005,0.11504429578781128,0.001023980905301869,1.0,19,-0.16426487267017365,-0.2742863595485687,0.1791827380657196,0.09066732227802277,0.34572193026542664,0.00851438194513321,1.0,33,0.025425303727388382,-0.17066586017608643,0.049606505781412125,0.08024947345256805,0.17853280901908875,0.001536235911771655,1.0,76,0.007004386279731989,-0.07756102830171585,0.10183148086071014,0.12921515107154846,0.15463119745254517,0.0012745675630867481,1.0,0.23038311302661896,-0.17526249587535858,0.17853280901908875,-0.17066586017608643,0.15463119745254517,-0.07756102830171585,1.0
1790268485.8683643,27.751553297042847,555,1,24,-0.05853716656565666,-0.052542369812726974,0.03697200492024422,0.018506010994315147,0.08257464319467545,0.0007409804384224117,1.0,19,-0.018830951303243637,-0.13170182704925537,0.06737843155860901,0.04102165251970291,0.15089721977710724,0.0042205266654491425,1.0,33,0.011094526387751102,-0.0861867293715477,0.02938159555196762,0.03963431343436241,0.09111088514328003,0.001061487477272749,1.0,76,0.013265308924019337,-0.05368202552199364,0.09077125787734985,0.09184828400611877,0.11423521488904953,0.0012405405286699533,1.0,0.11673593148589134,-0.09212209843099117,0.09111088514328003,-0.0861867293715477,0.11423521488904953,-0.05368202552199364,1.0
1790268485.916449,27.799638032913208,556,0,24,-0.08097521215677261,-0.016763051971793175,0.03919263556599617,0.015142195858061314,0.08531131595373154,0.0008116347598843277,1.0,19,0.0065259430557489395,-0.056394074112176895,0.07634954899549484,0.05880910903215408,0.10402227193117142,0.0021899112034589052,1.0,33,-0.05512399226427078,-0.0016932631842792034,0.020183270797133446,0.023533789440989494,0.06102731078863144,0.0008078335085883737,1.0,76,0.004540091846138239,-0.004611968994140625,0.12251666933298111,0.08353333920240402,0.10255870223045349,0.0024350483436137438,1.0,0.09466679394245148,-0.036578563041985035,0.06102731078863144,-0.0016932631842792034,0.10255870223045349,-0.004611968994140625,1.0
1790268485.9684432,27.851632118225098,557,0,24,-0.09498023986816406,-0.008386611938476562,0.04704664275050163,0.018698550760746002,0.09986287355422974,0.0009272177703678608,1.0,19,0.004269248340278864,-0.01066107489168644,0.12634944915771484,0.04015722498297691,0.10772842913866043,0.002170685911551118,1.0,33,-0.14446420967578888,0.0562591552734375,0.05285238102078438,0.02688988484442234,0.15704753994941711,0.0011793153826147318,1.0,76,-0.03126606345176697,0.030887603759765625,0.16174723207950592,0.07557924836874008,0.15107755362987518,0.0019254123326390982,1.0,0.10379565134644508,-0.009523843415081501,0.15704753994941711,0.0562591552734375,0.15107755362987518,0.030887603759765625,1.0
1790268486.0204327,27.903621673583984,558,0,24,-0.05091921612620354,-0.018818536773324013,0.02754528447985649,0.02099839225411415,0.06006145477294922,0.0010838238522410393,1.0,19,0.06665360182523727,0.005178350955247879,0.13590261340141296,0.10651138424873352,0.1219588965177536,0.0033218087628483772,1.0,33,-0.19665296375751495,0.07432925701141357,0.05360936000943184,0.045138418674468994,0.21511656045913696,0.0015013128286227584,1.0,76,-0.037542443722486496,0.013689744286239147,0.1798681914806366,0.09407452493906021,0.16924934089183807,0.0015128497034311295,1.0,0.09101017564535141,-0.006820092909038067,0.21511656045913696,0.07432925701141357,0.16924934089183807,0.013689744286239147,1.0
1790268486.0684628,27.95165181159973,559,0,24,-0.06249809265136719,-0.030347824096679688,0.03803405538201332,0.020926576107740402,0.07759804278612137,0.0009727480937726796,1.0,19,0.03298307582736015,0.01927265338599682,0.12707634270191193,0.029558788985013962,0.1014501079916954,0.0033969897776842117,1.0,33,-0.13846704363822937,0.0960795059800148,0.048065777868032455,0.033616986125707626,0.1729503720998764,0.0010855935979634523,1.0,76,-0.019184714183211327,0.021260512992739677,0.15601012110710144,0.10930941253900528,0.16173209249973297,0.002474038628861308,1.0,0.08952407538890839,-0.0055375853553414345,0.1729503720998764,0.0960795059800148,0.16173209249973297,0.021260512992739677,1.0
1790268486.1203988,28.00358772277832,560,0,24,-0.029408136382699013,-0.0107269287109375,0.02974572777748108,0.023338936269283295,0.04587872698903084,0.0009816698729991913,1.0,19,0.09710051119327545,-0.0023233513347804546,0.1320093870162964,0.04664866253733635,0.11828391253948212,0.003556410316377878,1.0,33,-0.16116148233413696,0.10428411513566971,0.039036866277456284,0.05487784743309021,0.1950448751449585,0.0012995784636586905,1.0,76,-0.01574084721505642,0.0333416573703289,0.17337119579315186,0.10926821827888489,0.16770003736019135,0.00172876485157758,1.0,0.08208131976425648,-0.006525140022858977,0.1950448751449585,0.10428411513566971,0.16770003736019135,0.0333416573703289,1.0
1790268486.168126,28.05131506919861,561,0,24,-0.034704845398664474,-0.025633493438363075,0.06710342317819595,0.03982599452137947,0.06954736262559891,0.00154841598123312,1.0,19,0.07219334691762924,0.04936057701706886,0.10878324508666992,0.0432191900908947,0.11770147830247879,0.0035141604021191597,1.0,33,-0.11341210454702377,0.11231439560651779,0.03983670100569725,0.0436788909137249,0.16433432698249817,0.0010605240240693092,1.0,76,0.0024404022842645645,0.03549495339393616,0.14570392668247223,0.10563616454601288,0.15164068341255188,0.001350213773548603,1.0,0.09362442046403885,0.011863541789352894,0.16433432698249817,0.11231439560651779,0.15164068341255188,0.03549495339393616,1.0
1790268486.220136,28.10332489013672,562,0,24,0.008127212524414062,0.002155303955078125,0.029359742999076843,0.026606572791934013,0.03035171516239643,0.0016645524883642793,1.0,19,0.10243305563926697,0.052279822528362274,0.08251313120126724,0.042628876864910126,0.12388891726732254,0.004585349932312965,1.0,33,-0.09685909748077393,0.12836016714572906,0.04271469637751579,0.05619297921657562,0.16625817120075226,0.0024131278041750193,1.0,76,0.020747335627675056,0.047936487942934036,0.13661594688892365,0.10097548365592957,0.13901861011981964,0.0022632074542343616,1.0,0.07712031621485949,0.0272175632417202,0.16625817120075226,0.12836016714572906,0.13901861011981964,0.047936487942934036,1.0
1790268486.2719269,28.155115842819214,563,0,24,0.06562614440917969,-0.0021832783240824938,0.05034426599740982,0.04149593040347099,0.07393255084753036,0.0011739057954400778,1.0,19,0.19988210499286652,0.04548163339495659,0.19015935063362122,0.07878173142671585,0.22020724415779114,0.008727554231882095,1.0,33,-0.02784775197505951,0.14580419659614563,0.03823498263955116,0.06563166528940201,0.15402989089488983,0.0013982877135276794,1.0,76,0.06641026586294174,0.041787195950746536,0.1350313276052475,0.12260260432958603,0.15928985178470612,0.0023879259824752808,1.0,0.14706989750266075,0.021649177535437047,0.15402989089488983,0.14580419659614563,0.15928985178470612,0.041787195950746536,1.0
1790268486.3203776,28.203566551208496,564,0,24,0.32998529076576233,-0.012950261123478413,0.18013544380664825,0.03400905057787895,0.3316236138343811,0.0038074010517448187,1.0,19,0.4213963449001312,0.05938881263136864,0.1850908249616623,0.09729168564081192,0.43694597482681274,0.010845165699720383,1.0,33,0.23812635242938995,0.21943941712379456,0.08754831552505493,0.05624260753393173,0.3326694071292877,0.005373792257159948,1.0,76,0.3102264404296875,0.048831939697265625,0.19448748230934143,0.152056023478508,0.3497309386730194,0.003992387559264898,1.0,0.3842847943305969,0.023219275753945112,0.3326694071292877,0.21943941712379456,0.3497309386730194,0.048831939697265625,1.0
1790268486.3723037,28.255492687225342,565,0,24,1.0537071228027344,-0.030927658081054688,0.20154839754104614,0.040811989456415176,1.0550600290298462,0.009035871364176273,1.0,19,1.3253719806671143,0.27072545886039734,0.2655879557132721,0.2350907176733017,1.3768736124038696,0.02610982581973076,1.0,33,1.0889836549758911,0.2938856780529022,0.15338800847530365,0.1044100895524025,1.1350810527801514,0.009105007164180279,1.0,76,0.9053866863250732,0.06375443190336227,0.37446656823158264,0.238175168633461,0.9379236102104187,0.009160080924630165,1.0,1.215966820716858,0.11989890038967133,1.1350810527801514,0.2938856780529022,0.9379236102104187,0.06375443190336227,1.0
1790268486.4203656,28.30355453491211,566,0,24,1.5428308248519897,-0.2933635711669922,0.19788852334022522,0.03836560249328613,1.5714726448059082,0.007257016841322184,1.0,19,1.5668511390686035,0.1294202357530594,0.17246632277965546,0.1305883228778839,1.578235387802124,0.018745869398117065,1.0,33,1.3274142742156982,0.010412042960524559,0.20182862877845764,0.13503707945346832,1.3341248035430908,0.006067847367376089,1.0,76,1.2003151178359985,-0.12787547707557678,0.5114232301712036,0.2753828465938568,1.2393269538879395,0.011164608411490917,1.0,1.5748540163040161,-0.0819716677069664,1.3341248035430908,0.010412042960524559,1.2393269538879395,-0.12787547707557678,1.0
1790268486.4723015,28.3554904460907,567,0,24,1.5504531860351562,-0.4953981935977936,0.1468605101108551,0.0526965856552124,1.6291202306747437,0.015372280962765217,1.0,19,1.5902067422866821,0.03189006447792053,0.19285421073436737,0.20978683233261108,1.60526704788208,0.023006770759820938,1.0,33,1.1622915267944336,-0.1477614939212799,0.21298006176948547,0.13183601200580597,1.1785846948623657,0.0069187418557703495,1.0,76,1.153400182723999,-0.228178933262825,0.4905020594596863,0.28418460488319397,1.2089895009994507,0.009794485755264759,1.0,1.6171936392784119,-0.23175406455993652,1.1785846948623657,-0.1477614939212799,1.2089895009994507,-0.228178933262825,1.0
1790268486.524353,28.40754199028015,568,0,24,1.3982073068618774,-0.509871780872345,0.18725527822971344,0.107569120824337,1.4929567575454712,0.007795942947268486,1.0,19,1.3053733110427856,-0.05947715416550636,0.11761099100112915,0.09927427768707275,1.3104504346847534,0.013038082979619503,1.0,33,1.06270432472229,-0.22303079068660736,0.16924677789211273,0.09816030412912369,1.0906280279159546,0.006780268624424934,1.0,76,1.0053249597549438,-0.2688084542751312,0.42147690057754517,0.2708641290664673,1.0731629133224487,0.0076165772043168545,1.0,1.4017035961151123,-0.28467446751892567,1.0906280279159546,-0.22303079068660736,1.0731629133224487,-0.2688084542751312,1.0
1790268486.5722992,28.455488204956055,569,0,24,1.001137375831604,-0.33556875586509705,0.09522800147533417,0.04477677121758461,1.0570746660232544,0.004458805546164513,1.0,19,1.0022262334823608,-0.04313740134239197,0.1339402198791504,0.11972478777170181,1.0105385780334473,0.015046469867229462,1.0,33,0.9169325232505798,-0.16453737020492554,0.1337076723575592,0.0897667407989502,0.9351155757904053,0.006962914019823074,1.0,76,0.8070437908172607,-0.17401523888111115,0.30033236742019653,0.1617124229669571,0.8414720296859741,0.006470394786447287,1.0,1.0338066220283508,-0.1893530786037445,0.9351155757904053,-0.16453737020492554,0.8414720296859741,-0.17401523888111115,1.0
1790268486.6243234,28.50751233100891,570,1,24,0.7681077122688293,-0.15446536242961884,0.09692971408367157,0.027760334312915802,0.7841299176216125,0.003107859753072262,1.0,19,0.8300957679748535,-0.04954930394887924,0.130623459815979,0.14649979770183563,0.8461796641349792,0.01784409210085869,1.0,33,0.789496660232544,-0.06887400895357132,0.10772525519132614,0.05576305463910103,0.7945262789726257,0.005272396840155125,1.0,76,0.6417216062545776,-0.07947038114070892,0.24113045632839203,0.12146308273077011,0.6607752442359924,0.005077702458947897,1.0,0.8151547908782959,-0.10200733318924904,0.7945262789726257,-0.06887400895357132,0.6607752442359924,-0.07947038114070892,1.0
1790268486.6723614,28.55555033683777,571,0,24,0.6465511322021484,-0.029516855254769325,0.08902738243341446,0.03768623620271683,0.6485068202018738,0.0025939540937542915,1.0,19,0.6619327068328857,0.10154643654823303,0.10204468667507172,0.05877218768000603,0.672753095626831,0.009118171408772469,1.0,33,0.6999622583389282,0.09793645888566971,0.08727733045816422,0.06019463390111923,0.7098804116249084,0.0037090908735990524,1.0,76,0.5362833738327026,0.028451217338442802,0.20485205948352814,0.09636165201663971,0.5470278859138489,0.0037871331442147493,1.0,0.6606299579143524,0.036014790646731853,0.7098804116249084,0.09793645888566971,0.5470278859138489,0.028451217338442802,1.0
1790268486.724322,28.607511043548584,572,0,24,0.44128355383872986,0.06140899658203125,0.06607703119516373,0.03563001751899719,0.44691193103790283,0.0025410002563148737,1.0,19,0.595855712890625,0.15088291466236115,0.11290782690048218,0.14449013769626617,0.6319515109062195,0.01089553814381361,1.0,33,0.6517454385757446,0.15088167786598206,0.1003112718462944,0.037849221378564835,0.6703301668167114,0.005187711212784052,1.0,76,0.46187010407447815,0.0681845024228096,0.17359301447868347,0.09245263040065765,0.47511738538742065,0.004167519975453615,1.0,0.5394317209720612,0.1061459556221962,0.6703301668167114,0.15088167786598206,0.47511738538742065,0.0681845024228096,1.0
1790268486.7723918,28.655580759048462,573,0,24,0.5909550786018372,0.13752682507038116,0.1284003108739853,0.055699706077575684,0.609586775302887,0.004546718671917915,1.0,19,0.46377885341644287,0.13799245655536652,0.1480737179517746,0.13808037340641022,0.5019860863685608,0.011018818244338036,1.0,33,0.6129649877548218,0.3318439722061157,0.09579962491989136,0.081534244120121,0.7017270922660828,0.0057740346528589725,1.0,76,0.47812071442604065,0.1594344675540924,0.19256548583507538,0.1466258317232132,0.5179412364959717,0.004097434226423502,1.0,0.5557864308357239,0.13775964081287384,0.7017270922660828,0.3318439722061157,0.5179412364959717,0.1594344675540924,1.0
1790268486.8242726,28.70746159553528,574,0,24,0.5118319392204285,0.15361595153808594,0.08271898329257965,0.04215062037110329,0.5360186100006104,0.003288696752861142,1.0,19,0.5573554039001465,0.23223476111888885,0.21189109981060028,0.12055651843547821,0.6139492988586426,0.015125146135687828,1.0,33,0.5411381721496582,0.24716278910636902,0.06982802599668503,0.05399784445762634,0.5971506834030151,0.004840097390115261,1.0,76,0.4373636841773987,0.15890824794769287,0.16603785753250122,0.11118543148040771,0.4731302857398987,0.003916213754564524,1.0,0.5749839544296265,0.1929253563284874,0.5971506834030151,0.24716278910636902,0.4731302857398987,0.15890824794769287,1.0
1790268486.875967,28.759155988693237,575,0,24,0.49954286217689514,0.16180674731731415,0.062458451837301254,0.02688104845583439,0.5257396101951599,0.003170651150867343,1.0,19,0.50946044921875,0.16409943997859955,0.12546871602535248,0.1194356232881546,0.5511853098869324,0.010251935571432114,1.0,33,0.6341113448143005,0.18472151458263397,0.09248633682727814,0.038606975227594376,0.6615311503410339,0.0035916869528591633,1.0,76,0.46526095271110535,0.09893156588077545,0.18054042756557465,0.10495516657829285,0.48483502864837646,0.003782320534810424,1.0,0.5384624600410461,0.16295309364795685,0.6615311503410339,0.18472151458263397,0.48483502864837646,0.09893156588077545,1.0
1790268486.9243832,28.80757212638855,576,0,24,0.5449886322021484,0.030021032318472862,0.07157942652702332,0.043752919882535934,0.547985851764679,0.003328960156068206,1.0,19,0.3718084990978241,0.07899555563926697,0.09309747070074081,0.14255890250205994,0.40543898940086365,0.00941722746938467,1.0,33,0.5354045629501343,0.05263958498835564,0.1155073344707489,0.0414016954600811,0.5394222736358643,0.003371742321178317,1.0,76,0.4771658182144165,0.01787366345524788,0.19399245083332062,0.08776810765266418,0.4878615736961365,0.003559202654287219,1.0,0.4767124205827713,0.054508293978869915,0.5394222736358643,0.05263958498835564,0.4878615736961365,0.01787366345524788,1.0
1790268486.9764361,28.859625101089478,577,0,24,0.6265786290168762,0.0024439494591206312,0.1222706064581871,0.04083644226193428,0.6279470324516296,0.0037883154582232237,1.0,19,0.5048892498016357,0.004439504351466894,0.16427309811115265,0.07005184143781662,0.5105608105659485,0.007985170930624008,1.0,33,0.5698552131652832,-0.053215719759464264,0.068675197660923,0.0576140359044075,0.5748242735862732,0.0032118530943989754,1.0,76,0.4753924012184143,-0.033411528915166855,0.18535637855529785,0.08630428463220596,0.4878864884376526,0.004164321813732386,1.0,0.5692539215087891,0.0034417269052937627,0.5748242735862732,-0.053215719759464264,0.4878864884376526,-0.033411528915166855,1.0
1790268487.0243611,28.90755009651184,578,0,24,0.5307286381721497,-0.07459386438131332,0.051734261214733124,0.03874699026346207,0.5375416874885559,0.0022605741396546364,1.0,19,0.4416455626487732,-0.05483446642756462,0.1438068002462387,0.10541420429944992,0.45853886008262634,0.012187096290290356,1.0,33,0.5874009728431702,-0.12213966995477676,0.06693969666957855,0.03818214312195778,0.6009523868560791,0.0031390266958624125,1.0,76,0.48249155282974243,-0.11236572265625,0.1922565996646881,0.09987334907054901,0.5081509947776794,0.004196191672235727,1.0,0.4980402737855911,-0.06471416540443897,0.6009523868560791,-0.12213966995477676,0.5081509947776794,-0.11236572265625,1.0
1790268487.0763605,28.95954942703247,579,0,24,0.6227028965950012,-0.1319103240966797,0.06933214515447617,0.040550652891397476,0.6376531720161438,0.003691434860229492,1.0,19,0.5096419453620911,-0.1380968540906906,0.22906239330768585,0.12431059032678604,0.5490272641181946,0.005665482021868229,1.0,33,0.7826653718948364,-0.24416513741016388,0.12177705019712448,0.05042964592576027,0.8208026885986328,0.0039640311151742935,1.0,76,0.5579261779785156,-0.19801311194896698,0.24948084354400635,0.11954278498888016,0.6096848249435425,0.005751726217567921,1.0,0.5933402180671692,-0.13500358909368515,0.8208026885986328,-0.24416513741016388,0.6096848249435425,-0.19801311194896698,1.0
1790268487.1282933,29.01148223876953,580,0,24,0.7768459320068359,-0.24183590710163116,0.1240827739238739,0.05024707317352295,0.8149049878120422,0.004880249034613371,1.0,19,0.5813453793525696,-0.22507838904857635,0.11844465881586075,0.11870831996202469,0.6402341723442078,0.00854482501745224,1.0,33,0.9355154037475586,-0.35736268758773804,0.10203171521425247,0.07239457219839096,1.0030238628387451,0.0074547575786709785,1.0,76,0.6514938473701477,-0.28757739067077637,0.2933717668056488,0.1532892882823944,0.7318218350410461,0.005985300987958908,1.0,0.727569580078125,-0.23345714807510376,1.0030238628387451,-0.35736268758773804,0.7318218350410461,-0.28757739067077637,1.0
1790268487.1763859,29.059574842453003,581,0,24,0.8664054870605469,-0.2997779846191406,0.1331041157245636,0.04661151394248009,0.9180696606636047,0.004281820263713598,1.0,19,0.6968480348587036,-0.34000515937805176,0.25175297260284424,0.17373597621917725,0.800890326499939,0.009248374961316586,1.0,33,0.9162421822547913,-0.35330525040626526,0.10667972266674042,0.0525180846452713,0.9828851819038391,0.007979433052241802,1.0,76,0.6913701295852661,-0.3008527159690857,0.30162152647972107,0.14796800911426544,0.7737140655517578,0.006912299897521734,1.0,0.8594799935817719,-0.3198915719985962,0.9828851819038391,-0.35330525040626526,0.7737140655517578,-0.3008527159690857,1.0
1790268487.228464,29.111652851104736,582,0,24,0.7378196716308594,-0.2061055451631546,0.08719023317098618,0.03559716418385506,0.7668075561523438,0.004189648199826479,1.0,19,0.5039415955543518,-0.14462360739707947,0.16121035814285278,0.07887429744005203,0.5357832312583923,0.010152221657335758,1.0,33,0.7587460875511169,-0.3119354248046875,0.10960279405117035,0.05379639193415642,0.8221313953399658,0.006533696781843901,1.0,76,0.5729522705078125,-0.23375099897384644,0.25447484850883484,0.15569542348384857,0.6422478556632996,0.005951114930212498,1.0,0.651295393705368,-0.17536457628011703,0.8221313953399658,-0.3119354248046875,0.6422478556632996,-0.23375099897384644,1.0
1790268487.2764885,29.159677505493164,583,0,24,0.6804606318473816,-0.22609074413776398,0.1101425290107727,0.03830711543560028,0.7175326347351074,0.003460165113210678,1.0,19,0.6177480816841125,-0.2826289236545563,0.22401803731918335,0.12857218086719513,0.6941943168640137,0.009156842716038227,1.0,33,0.8739216923713684,-0.3167535066604614,0.13696640729904175,0.07599253952503204,0.9314125776290894,0.008410573936998844,1.0,76,0.5813367962837219,-0.2685624063014984,0.2992229759693146,0.15435698628425598,0.663520872592926,0.006377630401402712,1.0,0.7058634757995605,-0.2543598338961601,0.9314125776290894,-0.3167535066604614,0.663520872592926,-0.2685624063014984,1.0
1790268487.3283668,29.21155571937561,584,0,24,0.6524956822395325,-0.19729740917682648,0.09536142647266388,0.05025582015514374,0.6825307011604309,0.0040273964405059814,1.0,19,0.47950664162635803,-0.2146582305431366,0.17688025534152985,0.08532220870256424,0.5424885749816895,0.009630764834582806,1.0,33,0.6716392040252686,-0.23207323253154755,0.14281857013702393,0.06341510266065598,0.7125127911567688,0.00478212907910347,1.0,76,0.5022472739219666,-0.21395282447338104,0.2617303729057312,0.14557746052742004,0.5729044675827026,0.0052065420895814896,1.0,0.6125096380710602,-0.20597781985998154,0.7125127911567688,-0.23207323253154755,0.5729044675827026,-0.21395282447338104,1.0
1790268487.3803728,29.263561725616455,585,1,24,0.5990371704101562,-0.11604563146829605,0.10509660094976425,0.05245865508913994,0.6119216084480286,0.003642483614385128,1.0,19,0.4839043915271759,-0.10419022291898727,0.1533149927854538,0.13098680973052979,0.5206809043884277,0.006045062094926834,1.0,33,0.5899186730384827,-0.1132914200425148,0.11630214005708694,0.05698651820421219,0.6027688980102539,0.003957662265747786,1.0,76,0.41772863268852234,-0.11553192138671875,0.22717061638832092,0.1097806766629219,0.4622620642185211,0.00419292226433754,1.0,0.5663012564182281,-0.11011792719364166,0.6027688980102539,-0.1132914200425148,0.4622620642185211,-0.11553192138671875,1.0
1790268487.4280646,29.311253547668457,586,0,24,0.3912912905216217,-0.034765880554914474,0.04902074113488197,0.03732776641845703,0.394357293844223,0.003141069784760475,1.0,19,0.324859619140625,-0.01000173483043909,0.12721925973892212,0.11272210627794266,0.35251203179359436,0.003594921203330159,1.0,33,0.5066823959350586,-0.020865701138973236,0.11539129167795181,0.035289399325847626,0.5085278749465942,0.0034558142069727182,1.0,76,0.3266187906265259,-0.05283144861459732,0.22420509159564972,0.0920204371213913,0.3601491451263428,0.0037291767075657845,1.0,0.3734346628189087,-0.022383807692676783,0.5085278749465942,-0.020865701138973236,0.3601491451263428,-0.05283144861459732,1.0
1790268487.4801984,29.3633873462677,587,0,24,0.41497930884361267,-0.0004673004150390625,0.09893973171710968,0.022488003596663475,0.41568315029144287,0.0035794703289866447,1.0,19,0.35689184069633484,0.004350360948592424,0.19339247047901154,0.07003548741340637,0.3711813986301422,0.006009467877447605,1.0,33,0.4934350252151489,0.006960319820791483,0.09184175729751587,0.03704199567437172,0.494952917098999,0.002592230448499322,1.0,76,0.3006475269794464,-0.03559724986553192,0.22261229157447815,0.11472982913255692,0.34768274426460266,0.003264241386204958,1.0,0.39343227446079254,0.001941530266776681,0.494952917098999,0.006960319820791483,0.34768274426460266,-0.03559724986553192,1.0
1790268487.5281832,29.411372184753418,588,0,24,0.29006385803222656,0.005980809684842825,0.07687743753194809,0.026155419647693634,0.29143452644348145,0.0024218689650297165,1.0,19,0.24636037647724152,0.02741442248225212,0.14738363027572632,0.09638452529907227,0.2844967544078827,0.002505780663341284,1.0,33,0.38058286905288696,-0.0037703081034123898,0.07010552287101746,0.027905873954296112,0.3816330134868622,0.0024102339521050453,1.0,76,0.20804695785045624,-0.02505975030362606,0.1734863966703415,0.10230211168527603,0.25384649634361267,0.002512582577764988,1.0,0.28796564042568207,0.016697616083547473,0.3816330134868622,-0.0037703081034123898,0.25384649634361267,-0.02505975030362606,1.0
1790268487.580544,29.463732957839966,589,0,24,0.1832447052001953,0.04474639892578125,0.0874643325805664,0.022251687943935394,0.19325220584869385,0.002221803879365325,1.0,19,0.12874402105808258,-0.010311729274690151,0.1511845886707306,0.1236446425318718,0.22134141623973846,0.002983408747240901,1.0,33,0.25253573060035706,-0.018832582980394363,0.08814259618520737,0.02897970750927925,0.2549735903739929,0.0016061104834079742,1.0,76,0.09927267581224442,-0.027895977720618248,0.15665315091609955,0.0972367450594902,0.18516917526721954,0.0018133744597434998,1.0,0.20729681104421616,0.01721733482554555,0.2549735903739929,-0.018832582980394363,0.18516917526721954,-0.027895977720618248,1.0
1790268487.6323283,29.515517234802246,590,0,24,0.07741928100585938,0.01558685302734375,0.05193479359149933,0.015305056236684322,0.0831977128982544,0.0009239395149052143,1.0,19,-0.017696982249617577,-0.024974621832370758,0.10444094240665436,0.11915608495473862,0.1139804944396019,0.002734909998252988,1.0,33,0.1016845703125,-0.002433083252981305,0.033029474318027496,0.02981995977461338,0.10699208825826645,0.0010075978934764862,1.0,76,0.010576548986136913,-0.016974197700619698,0.12029940634965897,0.08413398265838623,0.11824114620685577,0.0014675644924864173,1.0,0.09858910366892815,-0.004693884402513504,0.10699208825826645,-0.002433083252981305,0.11824114620685577,-0.016974197700619698,1.0
1790268487.6804216,29.563610553741455,591,0,24,0.022998809814453125,0.04656537249684334,0.051904045045375824,0.016708478331565857,0.0660858005285263,0.0011307779932394624,1.0,19,-0.06970857083797455,0.039868004620075226,0.1239725723862648,0.029359154403209686,0.11690646409988403,0.0020502605475485325,1.0,33,0.04607044532895088,-0.017780188471078873,0.03138529509305954,0.0187936183065176,0.05471315234899521,0.0009956620633602142,1.0,76,-0.06559854000806808,-0.002877084771171212,0.1312895119190216,0.08173429220914841,0.11588869243860245,0.0014721188927069306,1.0,0.09149613231420517,0.04321668855845928,0.05471315234899521,-0.017780188471078873,0.11588869243860245,-0.002877084771171212,1.0
1790268487.7322252,29.615414142608643,592,0,24,-0.1046854630112648,0.05566978454589844,0.07641607522964478,0.024841487407684326,0.12735311686992645,0.001932060462422669,1.0,19,-0.1515856236219406,0.0011171039659529924,0.19303210079669952,0.03459266573190689,0.1671922653913498,0.00300381681881845,1.0,33,-0.06216892972588539,-0.020546190440654755,0.03353960067033768,0.017116792500019073,0.07083503901958466,0.0008606128394603729,1.0,76,-0.1463036835193634,0.008740374818444252,0.11961477994918823,0.06845846772193909,0.16066472232341766,0.0015384862199425697,1.0,0.14727269113063812,0.028393444255925715,0.07083503901958466,-0.020546190440654755,0.16066472232341766,0.008740374818444252,1.0
1790268487.780452,29.66364097595215,593,0,24,-0.14630889892578125,0.045558929443359375,0.07909277081489563,0.035774290561676025,0.1565178781747818,0.0026485994458198547,1.0,19,-0.21363268792629242,0.04748374596238136,0.07656604051589966,0.057358138263225555,0.2229107767343521,0.002376658609136939,1.0,33,-0.14652784168720245,-0.02932276949286461,0.04980020970106125,0.024209629744291306,0.1531909555196762,0.0015826431335881352,1.0,76,-0.20192337036132812,-0.001323699951171875,0.0822191908955574,0.06602834910154343,0.2114405632019043,0.001861467375420034,1.0,0.18971432745456696,0.04652133770287037,0.1531909555196762,-0.02932276949286461,0.2114405632019043,-0.001323699951171875,1.0
1790268487.8323302,29.715519189834595,594,0,24,-0.20569610595703125,0.015279769897460938,0.0785469189286232,0.024311525747179985,0.20732800662517548,0.002611317439004779,1.0,19,-0.2479681670665741,-0.04565028101205826,0.07739664614200592,0.06402361392974854,0.25640246272087097,0.002892328891903162,1.0,33,-0.21419918537139893,-0.04324202239513397,0.062034014612436295,0.03310752660036087,0.22174161672592163,0.0016718237893655896,1.0,76,-0.23011237382888794,-0.024062206968665123,0.08877814561128616,0.07003340125083923,0.24176913499832153,0.0024478924460709095,1.0,0.23186523467302322,-0.01518525555729866,0.22174161672592163,-0.04324202239513397,0.24176913499832153,-0.024062206968665123,1.0
1790268487.884242,29.767431020736694,595,0,24,-0.17472076416015625,-0.011479695327579975,0.045870840549468994,0.011183340102434158,0.17537803947925568,0.0015226622344926,1.0,19,-0.18578940629959106,0.015578420832753181,0.08579768240451813,0.08290770649909973,0.1999366730451584,0.004088263027369976,1.0,33,-0.1969095915555954,-0.08784300088882446,0.05602177605032921,0.034585852175951004,0.21951188147068024,0.0021511141676455736,1.0,76,-0.19518180191516876,-0.027466723695397377,0.06879017502069473,0.06967389583587646,0.20970122516155243,0.001829968299716711,1.0,0.18765735626220703,0.002049362752586603,0.21951188147068024,-0.08784300088882446,0.20970122516155243,-0.027466723695397377,1.0
1790268487.9324174,29.815606355667114,596,0,24,-0.2033201903104782,-0.0060685477219522,0.04594750702381134,0.02364373579621315,0.20455525815486908,0.0027660951018333435,1.0,19,-0.24460642039775848,-0.027239346876740456,0.03366750851273537,0.04877882078289986,0.2508254945278168,0.002482327865436673,1.0,33,-0.19487600028514862,-0.018463134765625,0.04018362611532211,0.03560999035835266,0.19884023070335388,0.0013894429430365562,1.0,76,-0.2223476618528366,-0.00034181695082224905,0.0744309350848198,0.054212458431720734,0.23034092783927917,0.0019623732659965754,1.0,0.22769037634134293,-0.016653947299346328,0.19884023070335388,-0.018463134765625,0.23034092783927917,-0.00034181695082224905,1.0
1790268487.9843874,29.867576360702515,597,0,24,-0.31715646386146545,0.10691579431295395,0.068081334233284,0.024412602186203003,0.33536529541015625,0.0023462066892534494,1.0,19,-0.23389475047588348,0.04546074941754341,0.10401327908039093,0.04387154057621956,0.24033524096012115,0.0027402956038713455,1.0,33,-0.27203553915023804,0.05767914652824402,0.09603001922369003,0.03991488739848137,0.28026628494262695,0.0017037573270499706,1.0,76,-0.30537834763526917,0.07150459289550781,0.10025385767221451,0.07379148155450821,0.32158464193344116,0.0022991716396063566,1.0,0.2878502681851387,0.07618827186524868,0.28026628494262695,0.05767914652824402,0.32158464193344116,0.07150459289550781,1.0
1790268488.0323439,29.91553282737732,598,0,24,-0.4469369351863861,0.24814097583293915,0.07272050529718399,0.04746919870376587,0.5142460465431213,0.006607655435800552,1.0,19,-0.38650351762771606,0.1430487334728241,0.14027483761310577,0.09409318119287491,0.4192812144756317,0.007223837543278933,1.0,33,-0.3843420743942261,0.201262965798378,0.11210710555315018,0.06307598203420639,0.4360606372356415,0.002541619585826993,1.0,76,-0.3702816069126129,0.2022581547498703,0.14994969964027405,0.10626749694347382,0.43250972032546997,0.0035511215683072805,1.0,0.4667636305093765,0.19559485465288162,0.4360606372356415,0.201262965798378,0.43250972032546997,0.2022581547498703,1.0
1790268488.0842252,29.967414140701294,599,0,24,-0.4005718231201172,0.23803646862506866,0.0774025022983551,0.0327366441488266,0.4690435230731964,0.0032359184697270393,1.0,19,-0.2397332489490509,0.14521227777004242,0.0673597976565361,0.05589233338832855,0.28329652547836304,0.004020896274596453,1.0,33,-0.3749731779098511,0.2782195210456848,0.1038346216082573,0.06859266012907028,0.4687013626098633,0.003756891703233123,1.0,76,-0.29343414306640625,0.17715825140476227,0.1268029361963272,0.1221582442522049,0.35535356402397156,0.0025614385958760977,1.0,0.3761700242757797,0.19162437319755554,0.4687013626098633,0.2782195210456848,0.35535356402397156,0.17715825140476227,1.0
1790268488.1361866,30.019375562667847,600,1,24,-0.2838185727596283,0.15725009143352509,0.03664425387978554,0.03459930419921875,0.3256445825099945,0.003958832938224077,1.0,19,-0.29832860827445984,0.10360075533390045,0.046658772975206375,0.061508774757385254,0.32028496265411377,0.003357530804350972,1.0,33,-0.25860410928726196,0.1609954833984375,0.043740835040807724,0.03356437757611275,0.3057859241962433,0.0030496164690703154,1.0,76,-0.2564695179462433,0.12808649241924286,0.07573199272155762,0.07215504348278046,0.2936379313468933,0.002204054966568947,1.0,0.32296477258205414,0.13042542338371277,0.3057859241962433,0.1609954833984375,0.2936379313468933,0.12808649241924286,1.0
1790268488.1841311,30.067320108413696,601,0,24,-0.2369740754365921,0.10451889038085938,0.02518078312277794,0.024650821462273598,0.2599308490753174,0.0029297724831849337,1.0,19,-0.2746051847934723,0.11581742018461227,0.06086390092968941,0.049441851675510406,0.3043866455554962,0.0029799258336424828,1.0,33,-0.3169148862361908,0.12809522449970245,0.07973532378673553,0.03926222771406174,0.3429303765296936,0.001483181957155466,1.0,76,-0.24373787641525269,0.07350198924541473,0.08330956101417542,0.04947328194975853,0.25867995619773865,0.0018762197578325868,1.0,0.2821587473154068,0.11016815528273582,0.3429303765296936,0.12809522449970245,0.25867995619773865,0.07350198924541473,1.0
1790268488.2364218,30.11961078643799,602,0,24,-0.31306585669517517,0.08982785791158676,0.04605385288596153,0.025628075003623962,0.3266461193561554,0.002003836678341031,1.0,19,-0.27672696113586426,0.09101144969463348,0.054954562336206436,0.04346995800733566,0.2940879166126251,0.0027827604208141565,1.0,33,-0.281494140625,0.09788236021995544,0.059267424046993256,0.02422392927110195,0.2987439036369324,0.002326063346117735,1.0,76,-0.25807932019233704,0.08111973851919174,0.08527877181768417,0.04698996618390083,0.27493321895599365,0.002125734928995371,1.0,0.31036701798439026,0.09041965380311012,0.2987439036369324,0.09788236021995544,0.27493321895599365,0.08111973851919174,1.0
1790268488.2844234,30.167612314224243,603,0,24,-0.2776845395565033,0.06720733642578125,0.03904283419251442,0.023237338289618492,0.2869287431240082,0.0015877732075750828,1.0,19,-0.20291298627853394,-0.0007830167887732387,0.04793492332100868,0.04980960488319397,0.20845989882946014,0.002158772898837924,1.0,33,-0.2578541040420532,0.06305162608623505,0.054680559784173965,0.027352070435881615,0.26727476716041565,0.002005827846005559,1.0,76,-0.2319289743900299,0.040513087064027786,0.07935352623462677,0.056334879249334335,0.24336747825145721,0.001714706770144403,1.0,0.24769432097673416,0.033212159818504006,0.26727476716041565,0.06305162608623505,0.24336747825145721,0.040513087064027786,1.0
1790268488.3364255,30.219614505767822,604,0,24,-0.2755037844181061,0.06393560022115707,0.05119315907359123,0.026116400957107544,0.2836962342262268,0.0024757692590355873,1.0,19,-0.26423564553260803,0.04308680444955826,0.05469207093119621,0.047205060720443726,0.2724241316318512,0.0031776304822415113,1.0,33,-0.20528435707092285,0.05543101951479912,0.05210528522729874,0.0190439373254776,0.21345487236976624,0.0014244428602978587,1.0,76,-0.1996917724609375,0.052767302840948105,0.06685829907655716,0.03758206591010094,0.21008004248142242,0.0013426352525129914,1.0,0.278060182929039,0.053511202335357666,0.21345487236976624,0.05543101951479912,0.21008004248142242,0.052767302840948105,1.0
1790268488.388574,30.27176284790039,605,0,24,-0.19530868530273438,0.11105918884277344,0.040165070444345474,0.028776472434401512,0.2266845554113388,0.002627491718158126,1.0,19,-0.21268825232982635,0.061393335461616516,0.05772676318883896,0.029476208612322807,0.22365690767765045,0.001446041278541088,1.0,33,-0.16492345929145813,0.11224688589572906,0.04771723598241806,0.02647017128765583,0.20094509422779083,0.001172731164842844,1.0,76,-0.16680768132209778,0.10145649313926697,0.06623663753271103,0.07248451560735703,0.20731207728385925,0.00138069037348032,1.0,0.22517073154449463,0.08622626215219498,0.20094509422779083,0.11224688589572906,0.20731207728385925,0.10145649313926697,1.0
1790268488.43638,30.319568872451782,606,0,24,-0.1395670622587204,0.16275151073932648,0.0493977926671505,0.05727430805563927,0.2168971300125122,0.0032238669227808714,1.0,19,-0.094940185546875,0.08649886399507523,0.032820478081703186,0.027337560430169106,0.1310519129037857,0.001803137012757361,1.0,33,-0.15366525948047638,0.2520086169242859,0.071050725877285,0.06761741638183594,0.29733359813690186,0.002217324683442712,1.0,76,-0.10155989229679108,0.15648068487644196,0.0644289180636406,0.0910482332110405,0.19311955571174622,0.0012432570802047849,1.0,0.17397452145814896,0.12462518736720085,0.29733359813690186,0.2520086169242859,0.19311955571174622,0.15648068487644196,1.0
1790268488.488453,30.371641874313354,607,0,24,-0.06323686987161636,0.13702647387981415,0.03532632440328598,0.026077475398778915,0.15348570048809052,0.0020940452814102173,1.0,19,-0.06678852438926697,0.07137258350849152,0.03781452775001526,0.040592458099126816,0.10114794969558716,0.0013477773172780871,1.0,33,-0.015472412109375,0.14977611601352692,0.03411003574728966,0.02635922282934189,0.1543394774198532,0.0012104480993002653,1.0,76,-0.02894170582294464,0.10658163577318192,0.03401694819331169,0.05774456262588501,0.11594832688570023,0.0009234846802428365,1.0,0.12731682509183884,0.10419952869415283,0.1543394774198532,0.14977611601352692,0.11594832688570023,0.10658163577318192,1.0
1790268488.5363708,30.419559717178345,608,0,24,-0.01078923512250185,0.07218233495950699,0.021073903888463974,0.013282953761518002,0.07534704357385635,0.0006825302843935788,1.0,19,0.00213623046875,0.07142800092697144,0.029484551399946213,0.02902732975780964,0.07769006490707397,0.0019368415232747793,1.0,33,-0.017589222639799118,0.10712826251983643,0.03590265288949013,0.02303895726799965,0.11254039406776428,0.0013454612344503403,1.0,76,-0.0020533110946416855,0.06918977200984955,0.026416854932904243,0.043100062757730484,0.07553207874298096,0.0007354873232543468,1.0,0.07651855424046516,0.07180516794323921,0.11254039406776428,0.10712826251983643,0.07553207874298096,0.06918977200984955,1.0
1790268488.588455,30.471643924713135,609,0,24,-0.0060710906982421875,0.06022961810231209,0.020228847861289978,0.011279403232038021,0.06373342871665955,0.0007524859975092113,1.0,19,0.0011419998481869698,0.07141916453838348,0.03992067277431488,0.018986685201525688,0.08188142627477646,0.0010502426885068417,1.0,33,-0.02849324606359005,0.07072079181671143,0.017994144931435585,0.01526892464607954,0.07727444916963577,0.0006643087253905833,1.0,76,0.0014202720485627651,0.057863738387823105,0.030172113329172134,0.03253396227955818,0.06658615916967392,0.0006017812411300838,1.0,0.072807427495718,0.06582439132034779,0.07727444916963577,0.07072079181671143,0.06658615916967392,0.057863738387823105,1.0
1790268488.6403346,30.523523569107056,610,0,24,0.0069096884690225124,0.044394176453351974,0.019464416429400444,0.016183018684387207,0.0494258813560009,0.0008459242526441813,1.0,19,0.018398886546492577,0.06631951779127121,0.060724273324012756,0.05665205419063568,0.08379504829645157,0.001285893958993256,1.0,33,-0.026848996058106422,0.05830707028508186,0.022361567243933678,0.014036555774509907,0.06682384014129639,0.0008475466165691614,1.0,76,0.015460766851902008,0.04636724293231964,0.044154468923807144,0.031077925115823746,0.0624631829559803,0.0006936758873052895,1.0,0.06661046482622623,0.05535684712231159,0.06682384014129639,0.05830707028508186,0.0624631829559803,0.04636724293231964,1.0
1790268488.6882696,30.57145857810974,611,0,24,0.0023187000770121813,0.024692535400390625,0.03646262735128403,0.012170751579105854,0.04005565866827965,0.0007989644072949886,1.0,19,-0.001137181301601231,0.05335436388850212,0.050743427127599716,0.035369716584682465,0.07012343406677246,0.001200527069158852,1.0,33,-0.03223997354507446,0.03077096678316593,0.01348003651946783,0.011053616181015968,0.04575493559241295,0.0005754848243668675,1.0,76,0.016640111804008484,0.03458866477012634,0.04891800135374069,0.03141798451542854,0.057164229452610016,0.0007130881422199309,1.0,0.055089546367526054,0.03902344964444637,0.04575493559241295,0.03077096678316593,0.057164229452610016,0.03458866477012634,1.0
1790268488.7400076,30.623196601867676,612,0,24,-0.010466893203556538,0.015619914047420025,0.01900036633014679,0.009772554971277714,0.02686692588031292,0.0007740865112282336,1.0,19,-0.041018836200237274,0.0479736328125,0.06984704732894897,0.055247023701667786,0.09464426338672638,0.0019337203120812774,1.0,33,-0.08566607534885406,0.01066866796463728,0.03482256084680557,0.015508005395531654,0.08749519288539886,0.0008059223182499409,1.0,76,-0.011045556515455246,0.025602441281080246,0.07871688902378082,0.0388815812766552,0.0794399231672287,0.0010256891837343574,1.0,0.06075559463351965,0.03179677342996001,0.08749519288539886,0.01066866796463728,0.0794399231672287,0.025602441281080246,1.0
1790268488.7879593,30.6711483001709,613,0,24,-0.07503000646829605,0.03690783306956291,0.039122648537158966,0.01875319518148899,0.08978525549173355,0.00095938122831285,1.0,19,-0.047629907727241516,0.08683375269174576,0.10038569569587708,0.08538752049207687,0.13878823816776276,0.0017876464407891035,1.0,33,-0.198211669921875,0.07671333104372025,0.05977506563067436,0.020331906154751778,0.21412229537963867,0.0013270204653963447,1.0,76,-0.06259476393461227,0.06376466900110245,0.129444420337677,0.061934150755405426,0.1460760086774826,0.0011602661106735468,1.0,0.11428674682974815,0.061870792880654335,0.21412229537963867,0.07671333104372025,0.1460760086774826,0.06376466900110245,1.0
1790268488.8406148,30.723803758621216,614,0,24,-0.2126649171113968,0.10338083654642105,0.0902116596698761,0.027805937454104424,0.2387748807668686,0.002386085456237197,1.0,19,-0.11472520977258682,0.10264024883508682,0.11898787319660187,0.07869920879602432,0.19459515810012817,0.003111913101747632,1.0,33,-0.3320770263671875,0.2044164538383484,0.0650869831442833,0.04863813519477844,0.3907504975795746,0.002523316303268075,1.0,76,-0.1578439474105835,0.1654779464006424,0.19725213944911957,0.1098816841840744,0.2792976200580597,0.002309831092134118,1.0,0.21668501943349838,0.10301054269075394,0.3907504975795746,0.2044164538383484,0.2792976200580597,0.1654779464006424,1.0
1790268488.8925326,30.775721549987793,615,1,24,-0.2668476104736328,0.1767292022705078,0.11333273351192474,0.04574831202626228,0.3246098458766937,0.00589381018653512,1.0,19,-0.13205116987228394,0.19618867337703705,0.15313878655433655,0.1082112193107605,0.27952224016189575,0.0024301938246935606,1.0,33,-0.4438277781009674,0.29952356219291687,0.09699539840221405,0.06471545249223709,0.5365363955497742,0.006020080763846636,1.0,76,-0.2139119654893875,0.20545116066932678,0.21882840991020203,0.12534424662590027,0.3418455719947815,0.0037345446180552244,1.0,0.30206604301929474,0.18645893782377243,0.5365363955497742,0.29952356219291687,0.3418455719947815,0.20545116066932678,1.0
1790268488.940439,30.823627948760986,616,0,24,-0.34134674072265625,0.17086029052734375,0.08741722255945206,0.019904451444745064,0.38364100456237793,0.0024499830324202776,1.0,19,-0.17639482021331787,0.15912829339504242,0.1352633535861969,0.06934946030378342,0.2621694505214691,0.0033008730970323086,1.0,33,-0.48607149720191956,0.21599508821964264,0.0950651690363884,0.040951769798994064,0.5339383482933044,0.003964513074606657,1.0,76,-0.26918190717697144,0.1697130650281906,0.23455554246902466,0.11203036457300186,0.3663226366043091,0.003552136942744255,1.0,0.3229052275419235,0.16499429196119308,0.5339383482933044,0.21599508821964264,0.3663226366043091,0.1697130650281906,1.0
1790268488.9923546,30.87554359436035,617,0,24,-0.46193060278892517,0.10786756128072739,0.06482970714569092,0.032889120280742645,0.4755721092224121,0.0033284733071923256,1.0,19,-0.283172607421875,0.13874094188213348,0.2244596779346466,0.11610192060470581,0.3641154170036316,0.004567413125187159,1.0,33,-0.604585587978363,0.14443369209766388,0.10393300652503967,0.041782815009355545,0.6238772869110107,0.003547500353306532,1.0,76,-0.3487597107887268,0.11625932157039642,0.2855435013771057,0.09606976062059402,0.41884496808052063,0.003925171680748463,1.0,0.41984376311302185,0.12330425158143044,0.6238772869110107,0.14443369209766388,0.41884496808052063,0.11625932157039642,1.0
1790268489.0405107,30.923699617385864,618,0,24,-0.4930502474308014,0.025668462738394737,0.10282661020755768,0.04224313795566559,0.49574676156044006,0.0032645880710333586,1.0,19,-0.2658819854259491,0.09159449487924576,0.1833093911409378,0.14645570516586304,0.34581780433654785,0.007548847701400518,1.0,33,-0.634225070476532,0.12167173624038696,0.13025912642478943,0.042905043810606,0.6469597220420837,0.002898330567404628,1.0,76,-0.35952797532081604,0.09373072534799576,0.3110301196575165,0.14278337359428406,0.4504908621311188,0.004878493957221508,1.0,0.42078228294849396,0.05863147880882025,0.6469597220420837,0.12167173624038696,0.4504908621311188,0.09373072534799576,1.0
1790268489.0923965,30.975585460662842,619,0,24,-0.462689071893692,-0.039485931396484375,0.09169832617044449,0.047923002392053604,0.46724840998649597,0.003252396360039711,1.0,19,-0.44055014848709106,0.04436774179339409,0.27234789729118347,0.1003262922167778,0.4856778681278229,0.006202902644872665,1.0,33,-0.7719703316688538,0.051018454134464264,0.10007921606302261,0.06619356572628021,0.7768574357032776,0.006199823226779699,1.0,76,-0.41610798239707947,0.03285819664597511,0.3511416018009186,0.1399761587381363,0.4951174855232239,0.006189682055264711,1.0,0.4764631390571594,0.002440905198454857,0.7768574357032776,0.051018454134464264,0.4951174855232239,0.03285819664597511,1.0
1790268489.144312,31.027500867843628,620,0,24,-0.5780226588249207,-0.07686996459960938,0.12373793870210648,0.04622887820005417,0.5857968926429749,0.0037537089083343744,1.0,19,-0.3589862883090973,0.005341379437595606,0.26991137862205505,0.18389758467674255,0.4541771411895752,0.006929926108568907,1.0,33,-0.6823332905769348,0.03207813575863838,0.08134204894304276,0.05939990282058716,0.6859840750694275,0.00279095396399498,1.0,76,-0.3897249400615692,0.024975625798106194,0.3124762177467346,0.1387060284614563,0.4677441120147705,0.005637944210320711,1.0,0.519987016916275,-0.035764292581006885,0.6859840750694275,0.03207813575863838,0.4677441120147705,0.024975625798106194,1.0
1790268489.192417,31.075605869293213,621,0,24,-0.5663636326789856,-0.06788507848978043,0.08612139523029327,0.03379351273179054,0.5721948742866516,0.003366095945239067,1.0,19,-0.3904162049293518,-0.038063451647758484,0.23507846891880035,0.15553174912929535,0.4520527124404907,0.007432522717863321,1.0,33,-0.741431474685669,0.03748206049203873,0.1326627880334854,0.05261220410466194,0.744210422039032,0.004464347381144762,1.0,76,-0.4468972086906433,0.014627356082201004,0.34584206342697144,0.13499392569065094,0.5231224298477173,0.00649537006393075,1.0,0.5121237933635712,-0.052974265068769455,0.744210422039032,0.03748206049203873,0.5231224298477173,0.014627356082201004,1.0
1790268489.2445245,31.127713441848755,622,0,24,-0.6121406555175781,-0.05666859820485115,0.11955778300762177,0.022207578644156456,0.6157293915748596,0.00364886038005352,1.0,19,-0.3216199278831482,-0.041430823504924774,0.19149640202522278,0.12061882019042969,0.3724100589752197,0.004665775690227747,1.0,33,-0.7807538509368896,0.0898335799574852,0.09842047095298767,0.05052177608013153,0.7873882055282593,0.0033630607649683952,1.0,76,-0.470450758934021,0.03552165627479553,0.3292348384857178,0.15075869858264923,0.5398371815681458,0.005141734145581722,1.0,0.4940697252750397,-0.04904971085488796,0.7873882055282593,0.0898335799574852,0.5398371815681458,0.03552165627479553,1.0
1790268489.2924755,31.17566442489624,623,0,24,-0.6218789219856262,0.03780873492360115,0.09668092429637909,0.07002076506614685,0.6269527673721313,0.005520317237824202,1.0,19,-0.42700034379959106,0.08792033791542053,0.2926253080368042,0.15687690675258636,0.49803873896598816,0.008827654644846916,1.0,33,-0.8598045706748962,0.226989284157753,0.11350920796394348,0.06566007435321808,0.8910777568817139,0.004627695307135582,1.0,76,-0.5327877402305603,0.14637213945388794,0.36278071999549866,0.1990480124950409,0.6247329115867615,0.006017425563186407,1.0,0.5624957531690598,0.06286453641951084,0.8910777568817139,0.226989284157753,0.6247329115867615,0.14637213945388794,1.0
1790268489.3442543,31.2274432182312,624,0,24,-0.6181106567382812,0.14381344616413116,0.09689734876155853,0.06309152394533157,0.6386479735374451,0.005179619416594505,1.0,19,-0.5121138691902161,0.12791121006011963,0.27738603949546814,0.1248825192451477,0.5577057003974915,0.009022155776619911,1.0,33,-0.883124589920044,0.3854471743106842,0.1355348825454712,0.08286377042531967,0.9652155637741089,0.0055589391849935055,1.0,76,-0.5484591126441956,0.19286105036735535,0.36114081740379333,0.22456420958042145,0.6505664587020874,0.005805979482829571,1.0,0.5981768369674683,0.1358623281121254,0.9652155637741089,0.3854471743106842,0.6505664587020874,0.19286105036735535,1.0
1790268489.3960657,31.2792546749115,625,0,24,-0.6175829768180847,0.13191795349121094,0.08584270626306534,0.06655019521713257,0.6356059908866882,0.0056025180965662,1.0,19,-0.3942646086215973,0.1202264055609703,0.18521374464035034,0.06715931743383408,0.4225192964076996,0.007891513407230377,1.0,33,-0.6921854019165039,0.2749735414981842,0.11635616421699524,0.06751923263072968,0.7477304935455322,0.0050240252166986465,1.0,76,-0.48794135451316833,0.16328048706054688,0.2972331941127777,0.18231749534606934,0.5618048310279846,0.0062500606290996075,1.0,0.5290626436471939,0.12607217952609062,0.7477304935455322,0.2749735414981842,0.5618048310279846,0.16328048706054688,1.0
1790268489.4441383,31.327327251434326,626,0,24,-0.47012200951576233,0.30784034729003906,0.20060400664806366,0.1651800572872162,0.6093711853027344,0.013908221386373043,1.0,19,-0.4318012297153473,0.13123442232608795,0.25217705965042114,0.2068401575088501,0.49409887194633484,0.021906862035393715,1.0,33,-0.7414782047271729,0.35137200355529785,0.11540891975164413,0.06699272245168686,0.8219348788261414,0.005591365043073893,1.0,76,-0.4880947172641754,0.21558479964733124,0.31052514910697937,0.20461884140968323,0.5862607955932617,0.005784421693533659,1.0,0.5517350286245346,0.2195373848080635,0.8219348788261414,0.35137200355529785,0.5862607955932617,0.21558479964733124,1.0
1790268489.4963353,31.37952423095703,627,0,23,0.29940131306648254,0.61516934633255,0.8905226588249207,0.38298559188842773,1.02314293384552,0.20702208578586578,0.9583333333333334,19,-0.7699119448661804,0.4271191954612732,0.8786776661872864,0.7568212747573853,0.9337208271026611,0.10805574059486389,1.0,33,-0.7524349093437195,0.3258768618106842,0.09219416975975037,0.06620180606842041,0.8225955963134766,0.004824198316782713,1.0,74,-0.3460773825645447,0.24700990319252014,0.5392252802848816,0.2979221045970917,0.6331809759140015,0.047882188111543655,0.9736842105263158,0.9784318804740906,0.5211442708969116,0.8225955963134766,0.3258768618106842,0.6331809759140015,0.24700990319252014,0.9830043859649124
1790268489.5443835,31.42757248878479,628,0,23,-0.5441456437110901,0.2929667532444,0.18550100922584534,0.1521683931350708,0.6406905651092529,0.01238986849784851,1.0,19,-0.3559216856956482,0.1717481166124344,0.18548491597175598,0.13312187790870667,0.4132969379425049,0.007575725205242634,1.0,33,-0.6356053352355957,0.4066314697265625,0.10697612911462784,0.08536970615386963,0.7563701272010803,0.006340173073112965,1.0,74,-0.4232942759990692,0.24599003791809082,0.2641199231147766,0.2134026736021042,0.5348454713821411,0.006828709039837122,1.0,0.5269937515258789,0.2323574349284172,0.7563701272010803,0.4066314697265625,0.5348454713821411,0.24599003791809082,1.0
1790268489.596365,31.479553937911987,629,0,23,-0.705001175403595,0.2818344831466675,0.21016429364681244,0.13269028067588806,0.7662822008132935,0.02744033746421337,1.0,19,-0.3056383728981018,0.1473340541124344,0.1923818290233612,0.09881704300642014,0.3614448606967926,0.007897964678704739,1.0,33,-0.627175509929657,0.4609939157962799,0.09643211215734482,0.09237099438905716,0.7813277840614319,0.005261989310383797,1.0,74,-0.43782517313957214,0.25521934032440186,0.2909012734889984,0.24148577451705933,0.5621747970581055,0.0066830869764089584,1.0,0.563863530755043,0.21458426862955093,0.7813277840614319,0.4609939157962799,0.5621747970581055,0.25521934032440186,1.0
1790268489.648423,31.531611919403076,630,1,23,-0.7484243512153625,0.07895892858505249,0.28317490220069885,0.19744916260242462,0.7875414490699768,0.04365445300936699,1.0,19,-0.30022549629211426,0.19173230230808258,0.21731965243816376,0.1556437462568283,0.4109376072883606,0.03518202528357506,1.0,33,-0.5097346305847168,0.37639132142066956,0.12051181495189667,0.06618496030569077,0.6374304890632629,0.005555268842726946,1.0,74,-0.42182695865631104,0.1928224265575409,0.2937588095664978,0.18195301294326782,0.5057372450828552,0.011900348588824272,1.0,0.5992395281791687,0.13534561544656754,0.6374304890632629,0.37639132142066956,0.5057372450828552,0.1928224265575409,1.0
1790268489.6964443,31.579633235931396,631,0,23,-0.8786574602127075,-0.07708740234375,0.43797269463539124,0.2464577555656433,0.9214814901351929,0.07864078134298325,1.0,19,-0.2621234953403473,0.0120391845703125,0.22075071930885315,0.3159743845462799,0.37801656126976013,0.03163745254278183,1.0,33,-0.3909810483455658,0.25129932165145874,0.06999580562114716,0.04221754148602486,0.4664088189601898,0.0038957216311246157,1.0,74,-0.38655194640159607,0.12879738211631775,0.3285091817378998,0.17397721111774445,0.44727563858032227,0.015649883076548576,1.0,0.6497490257024765,-0.03252410888671875,0.4664088189601898,0.25129932165145874,0.44727563858032227,0.12879738211631775,1.0
1790268489.748317,31.631505966186523,632,0,23,-0.55937659740448,-0.20085608959197998,0.3086211681365967,0.2347932904958725,0.6237960457801819,0.027926715090870857,1.0,19,-0.24391897022724152,-3.372995342942886e-05,0.09206268191337585,0.19885750114917755,0.29056134819984436,0.015587761066854,1.0,33,-0.28446727991104126,0.10808724910020828,0.10393320024013519,0.04109742119908333,0.3064728081226349,0.0018973725382238626,1.0,74,-0.2639712691307068,0.048194266855716705,0.17681916058063507,0.14735034108161926,0.3008710443973541,0.007029376924037933,1.0,0.4571786969900131,-0.1004449097727047,0.3064728081226349,0.10808724910020828,0.3008710443973541,0.048194266855716705,1.0
1790268489.7964063,31.679595232009888,633,0,23,-0.40442824363708496,-0.14692290127277374,0.18150568008422852,0.15597373247146606,0.45265060663223267,0.009498709812760353,1.0,19,-0.2033739537000656,-0.01609240099787712,0.06731085479259491,0.15757109224796295,0.24663706123828888,0.010568809695541859,1.0,33,-0.20482705533504486,0.04349170997738838,0.05530133470892906,0.03068799152970314,0.21112996339797974,0.0016116334591060877,1.0,74,-0.18411625921726227,0.012918832711875439,0.1141817569732666,0.08746807277202606,0.20308338105678558,0.0035596066154539585,1.0,0.3496438339352608,-0.08150765113532543,0.21112996339797974,0.04349170997738838,0.20308338105678558,0.012918832711875439,1.0
1790268489.8484101,31.73159909248352,634,0,23,-0.15915314853191376,-0.030149376019835472,0.058878060430288315,0.044161878526210785,0.16983553767204285,0.0020523876883089542,1.0,19,-0.17174971103668213,-0.04888835549354553,0.07603295892477036,0.054405078291893005,0.1884787529706955,0.003069684375077486,1.0,33,-0.1122589111328125,0.011530095711350441,0.023577328771352768,0.022813497111201286,0.1150534376502037,0.0009469595970585942,1.0,74,-0.10416556894779205,-0.005328204017132521,0.04758640378713608,0.041929326951503754,0.11401692032814026,0.0009550350368954241,1.0,0.17915714532136917,-0.0395188657566905,0.1150534376502037,0.011530095711350441,0.11401692032814026,-0.005328204017132521,1.0
1790268489.900397,31.783586025238037,635,0,23,-0.06749227643013,-0.049030471593141556,0.03786608949303627,0.03077514097094536,0.09249144047498703,0.0015441998839378357,1.0,19,-0.09059062600135803,-0.0636420026421547,0.05160761624574661,0.034895606338977814,0.11962241679430008,0.0020678043365478516,1.0,33,-0.05270247161388397,-0.010793974623084068,0.03576948121190071,0.026611261069774628,0.059682901948690414,0.0010215796064585447,1.0,74,-0.05511948838829994,-0.004746720660477877,0.03438325971364975,0.05270694941282272,0.07418125867843628,0.0011357538169249892,1.0,0.10605692863464355,-0.056336237117648125,0.059682901948690414,-0.010793974623084068,0.07418125867843628,-0.004746720660477877,1.0
1790268489.9483082,31.831497192382812,636,0,23,0.0028925356455147266,-0.06283503025770187,0.05489356443285942,0.0325159952044487,0.08182166516780853,0.0017321656923741102,1.0,19,-0.022342080250382423,-0.03583887964487076,0.03962169960141182,0.03445584326982498,0.06368543952703476,0.0019521071808412671,1.0,33,0.007595177739858627,-0.02248683199286461,0.020424043759703636,0.017571935430169106,0.030949046835303307,0.0006632976583205163,1.0,74,-0.010625684633851051,-0.015581079758703709,0.04940768703818321,0.0413857102394104,0.053488839417696,0.0009919669246301055,1.0,0.07275355234742165,-0.049336954951286316,0.030949046835303307,-0.02248683199286461,0.053488839417696,-0.015581079758703709,1.0
1790268490.0002408,31.883429765701294,637,0,23,0.021339748054742813,-0.05155480280518532,0.02828691154718399,0.02283504605293274,0.061212144792079926,0.0014184147585183382,1.0,19,0.003511127782985568,-0.038826391100883484,0.03006555140018463,0.04218922182917595,0.05885697528719902,0.001970952143892646,1.0,33,0.06653941422700882,-0.05510087311267853,0.0297537874430418,0.021191740408539772,0.08769241720438004,0.0007415466825477779,1.0,74,0.02569621242582798,-0.03790777921676636,0.05451560392975807,0.04035653546452522,0.06944744288921356,0.0008956294623203576,1.0,0.06003456003963947,-0.0451905969530344,0.08769241720438004,-0.05510087311267853,0.06944744288921356,-0.03790777921676636,1.0
1790268490.048235,31.931423902511597,638,0,23,0.06245090812444687,-0.1042148768901825,0.055866777896881104,0.038009900599718094,0.12990809977054596,0.002112041460350156,1.0,19,0.02290263958275318,-0.09724587202072144,0.05234657600522041,0.04643969610333443,0.11109132319688797,0.0028046101797372103,1.0,33,0.12657581269741058,-0.1188201904296875,0.03130742534995079,0.02703533135354519,0.1749216467142105,0.001128065981902182,1.0,74,0.060661111027002335,-0.06445044279098511,0.08581999689340591,0.0730346292257309,0.12793652713298798,0.0011428114958107471,1.0,0.12049971148371696,-0.10073037445545197,0.1749216467142105,-0.1188201904296875,0.12793652713298798,-0.06445044279098511,1.0
1790268490.100326,31.98351502418518,639,0,23,0.0839512050151825,-0.11660832911729813,0.03657316789031029,0.023834124207496643,0.14541508257389069,0.0014874058542773128,1.0,19,0.059237830340862274,-0.08703934401273727,0.05886581167578697,0.034417517483234406,0.1123146265745163,0.002266492461785674,1.0,33,0.21954345703125,-0.19518209993839264,0.06407461315393448,0.07216520607471466,0.296002596616745,0.002864780370146036,1.0,74,0.11648786067962646,-0.11601133644580841,0.1223752498626709,0.10368340462446213,0.1918450891971588,0.0017334531294181943,1.0,0.1288648545742035,-0.1018238365650177,0.296002596616745,-0.19518209993839264,0.1918450891971588,-0.11601133644580841,1.0
1790268490.1524024,32.03559136390686,640,0,23,0.16884049773216248,-0.11734340339899063,0.06358730047941208,0.03448086604475975,0.2067546397447586,0.0015241012442857027,1.0,19,0.06580553203821182,-0.13529887795448303,0.07982894033193588,0.034224096685647964,0.1638079136610031,0.0027079263236373663,1.0,33,0.31353113055229187,-0.22289299964904785,0.08307433873414993,0.05402372404932976,0.3868897259235382,0.002594075398519635,1.0,74,0.16378681361675262,-0.11860965937376022,0.15173733234405518,0.10328342765569687,0.23802419006824493,0.0021141048055142164,1.0,0.18528127670288086,-0.12632114067673683,0.3868897259235382,-0.22289299964904785,0.23802419006824493,-0.11860965937376022,1.0
1790268490.200425,32.083613872528076,641,0,23,0.17890664935112,-0.12705330550670624,0.037021804600954056,0.023324206471443176,0.22054289281368256,0.0019066479289904237,1.0,19,0.10599397122859955,-0.10834623873233795,0.08647497743368149,0.040425438433885574,0.1599588841199875,0.0018424534937366843,1.0,33,0.20411497354507446,-0.19288219511508942,0.07137441635131836,0.03310241922736168,0.2856868803501129,0.0020445804111659527,1.0,74,0.14857669174671173,-0.10687854140996933,0.10229679942131042,0.10348831862211227,0.20712269842624664,0.001767692738212645,1.0,0.19025088846683502,-0.1176997721195221,0.2856868803501129,-0.19288219511508942,0.20712269842624664,-0.10687854140996933,1.0
1790268490.252369,32.135557889938354,642,0,23,0.1649574637413025,-0.09968633204698563,0.054454948753118515,0.033571962267160416,0.19574260711669922,0.0018910376820713282,1.0,19,0.10636500269174576,-0.09764902293682098,0.04632120206952095,0.05045553296804428,0.14675579965114594,0.002068918664008379,1.0,33,0.17095670104026794,-0.15414567291736603,0.04627230390906334,0.04477597400546074,0.23278264701366425,0.002035326324403286,1.0,74,0.1290617287158966,-0.08408211171627045,0.08149179071187973,0.07916000485420227,0.1691627949476242,0.0014541797572746873,1.0,0.17124920338392258,-0.0986676774919033,0.23278264701366425,-0.15414567291736603,0.1691627949476242,-0.08408211171627045,1.0
1790268490.3004503,32.18363928794861,643,0,23,0.14372320473194122,-0.07852902263402939,0.050492122769355774,0.02440958470106125,0.16622380912303925,0.0024014650844037533,1.0,19,0.10678261518478394,-0.10148701071739197,0.043879568576812744,0.05309074744582176,0.15674972534179688,0.0018532132962718606,1.0,33,0.19665943086147308,-0.12223446369171143,0.04046909511089325,0.02597862295806408,0.2336357831954956,0.0013452954590320587,1.0,74,0.14000454545021057,-0.05858570709824562,0.07977878302335739,0.06213968247175217,0.1619071513414383,0.0015020027058199048,1.0,0.16148676723241806,-0.09000801667571068,0.2336357831954956,-0.12223446369171143,0.1619071513414383,-0.05858570709824562,1.0
1790268490.352351,32.23553991317749,644,0,23,0.21621771156787872,-0.09484664350748062,0.06281526386737823,0.02463427372276783,0.23717407882213593,0.0016002057818695903,1.0,19,0.2057446986436844,-0.09223295748233795,0.07298339903354645,0.04658615216612816,0.2304469645023346,0.004085561726242304,1.0,33,0.21899321675300598,-0.09096734970808029,0.03703281655907631,0.02442193776369095,0.2377711981534958,0.0012487669009715319,1.0,74,0.15714490413665771,-0.0460551492869854,0.08367601782083511,0.0487651489675045,0.1704821139574051,0.0011960524134337902,1.0,0.23381052166223526,-0.09353980049490929,0.2377711981534958,-0.09096734970808029,0.1704821139574051,-0.0460551492869854,1.0
1790268490.4043553,32.28754425048828,645,1,23,0.15926195681095123,-0.01567741110920906,0.042156729847192764,0.025328954681754112,0.16193442046642303,0.0015536961145699024,1.0,19,0.17156821489334106,-0.016442550346255302,0.04691481590270996,0.045470934361219406,0.1784348338842392,0.002952620619907975,1.0,33,0.28632330894470215,0.003457734128460288,0.08670668303966522,0.03225250542163849,0.2881481647491455,0.0028237062506377697,1.0,74,0.18609537184238434,0.00607691565528512,0.10947513580322266,0.04545849934220314,0.19245299696922302,0.0015744413249194622,1.0,0.17018462717533112,-0.01605998072773218,0.2881481647491455,0.003457734128460288,0.19245299696922302,0.00607691565528512,1.0
1790268490.4523566,32.33554553985596,646,0,23,0.20656883716583252,0.022056248039007187,0.05901345983147621,0.022616611793637276,0.20966969430446625,0.0014087475137785077,1.0,19,0.14664660394191742,-5.461040200316347e-05,0.042435500770807266,0.04276127368211746,0.15387213230133057,0.0028248594608157873,1.0,33,0.23367401957511902,0.05098100006580353,0.0493571013212204,0.032017894089221954,0.2418687343597412,0.001437917584553361,1.0,74,0.16119158267974854,0.02729673683643341,0.08511056005954742,0.0369962714612484,0.16911670565605164,0.0014238900039345026,1.0,0.1817709133028984,0.011000818818502012,0.2418687343597412,0.05098100006580353,0.16911670565605164,0.02729673683643341,1.0
1790268490.5043938,32.387582778930664,647,0,23,0.09455407410860062,0.02320530079305172,0.021126514300704002,0.020502904430031776,0.09986796230077744,0.0008740223711356521,1.0,19,0.15302959084510803,0.05412372946739197,0.046514347195625305,0.020968014374375343,0.16401994228363037,0.0023524356074631214,1.0,33,0.1458842009305954,0.03983885049819946,0.046157583594322205,0.016992388293147087,0.15275122225284576,0.0010718379635363817,1.0,74,0.11103160679340363,0.033933691680431366,0.05636576935648918,0.02671944536268711,0.12029031664133072,0.0009938100120052695,1.0,0.1319439522922039,0.038664515130221844,0.15275122225284576,0.03983885049819946,0.12029031664133072,0.033933691680431366,1.0
1790268490.5524619,32.43565082550049,648,0,23,0.07452061027288437,0.031525321304798126,0.030885735526680946,0.015971200540661812,0.08432213962078094,0.0010407768422737718,1.0,19,0.10729819536209106,0.026821738108992577,0.057207077741622925,0.0314592681825161,0.11574160307645798,0.001542338402941823,1.0,33,0.08723357319831848,0.035159025341272354,0.04156184569001198,0.019782381132245064,0.09830992668867111,0.0006406488246284425,1.0,74,0.06502924859523773,0.03655964508652687,0.03350596874952316,0.020798292011022568,0.078579843044281,0.0007394514395855367,1.0,0.10003187134861946,0.02917352970689535,0.09830992668867111,0.035159025341272354,0.078579843044281,0.03655964508652687,1.0
1790268490.6043534,32.487542390823364,649,0,23,0.03789420798420906,0.05807296186685562,0.024567967280745506,0.017072323709726334,0.07283101230859756,0.0011473874328657985,1.0,19,0.05044716224074364,0.05040941759943962,0.023015843704342842,0.01855516992509365,0.07564724236726761,0.001688042189925909,1.0,33,0.03850948438048363,0.05232608690857887,0.023011639714241028,0.023248061537742615,0.07065079361200333,0.0007181479595601559,1.0,74,0.03220326080918312,0.04637640714645386,0.021433774381875992,0.025600897148251534,0.060532622039318085,0.0006510631064884365,1.0,0.07423912733793259,0.05424118973314762,0.07065079361200333,0.05232608690857887,0.060532622039318085,0.04637640714645386,1.0
1790268490.6563485,32.53953742980957,650,0,23,-0.005160124506801367,0.13011102378368378,0.07353074848651886,0.0480487160384655,0.14596150815486908,0.003809708869084716,1.0,19,0.03831080347299576,0.044085051864385605,0.034635670483112335,0.04469935968518257,0.07534215599298477,0.0012468313798308372,1.0,33,0.03270050883293152,0.08274610340595245,0.026372577995061874,0.046349894255399704,0.09545654058456421,0.0006726961000822484,1.0,74,0.012552621774375439,0.07412225008010864,0.04607225954532623,0.06576282531023026,0.08821309357881546,0.000980996759608388,1.0,0.11065183207392693,0.08709803782403469,0.09545654058456421,0.08274610340595245,0.08821309357881546,0.07412225008010864,1.0
1790268490.7042444,32.58743333816528,651,0,23,0.01813739351928234,0.10587078332901001,0.03453947976231575,0.02140835113823414,0.11305855959653854,0.0011860196245834231,1.0,19,0.03032965399324894,0.07271295040845871,0.025369182229042053,0.03087799996137619,0.0850691944360733,0.0019122253870591521,1.0,33,0.08249224722385406,0.07808846980333328,0.034248579293489456,0.019789651036262512,0.11785062402486801,0.001394396647810936,1.0,74,0.04574461281299591,0.06551587581634521,0.04382891580462456,0.036194831132888794,0.08874747902154922,0.0008345500100404024,1.0,0.09906387701630592,0.08929186686873436,0.11785062402486801,0.07808846980333328,0.08874747902154922,0.06551587581634521,1.0
1790268490.75645,32.639638900756836,652,0,23,0.08416217565536499,0.0832672119140625,0.04205828532576561,0.014882638119161129,0.12322699278593063,0.0010831976542249322,1.0,19,0.08715659379959106,0.05993009731173515,0.04523739591240883,0.04689224809408188,0.11742984503507614,0.0015533915720880032,1.0,33,0.11042739450931549,0.05640850588679314,0.0275149904191494,0.0190336462110281,0.12610410153865814,0.001105042640119791,1.0,74,0.07425710558891296,0.04810601472854614,0.048348188400268555,0.0385512039065361,0.09696322679519653,0.000980754615738988,1.0,0.12032841891050339,0.07159865461289883,0.12610410153865814,0.05640850588679314,0.09696322679519653,0.04810601472854614,1.0
1790268490.8043647,32.6875536441803,653,0,23,0.13885430991649628,0.029987500980496407,0.046063024550676346,0.016107013449072838,0.14407417178153992,0.0016923020593822002,1.0,19,0.12662546336650848,0.01944933459162712,0.03516101837158203,0.03529055789113045,0.1334148496389389,0.0015536841237917542,1.0,33,0.160858154296875,0.0005372943123802543,0.041511956602334976,0.022385558113455772,0.16203773021697998,0.0010203890269622207,1.0,74,0.1282152682542801,0.020942069590091705,0.06864829361438751,0.029677739366889,0.1344194859266281,0.0012093064142391086,1.0,0.1387445107102394,0.024718417786061764,0.16203773021697998,0.0005372943123802543,0.1344194859266281,0.020942069590091705,1.0
1790268490.856427,32.73961591720581,654,0,23,0.19469617307186127,-0.0032640539575368166,0.03770747035741806,0.018861789256334305,0.1956779658794403,0.002624289598315954,1.0,19,0.17112651467323303,-0.0076245758682489395,0.04677171632647514,0.02131073921918869,0.17277637124061584,0.002279158215969801,1.0,33,0.22367627918720245,-0.03784041106700897,0.06676776707172394,0.019829753786325455,0.22785186767578125,0.0013501524226740003,1.0,74,0.1730499267578125,-0.010195551440119743,0.08701463788747787,0.035782866179943085,0.17736968398094177,0.0014577520778402686,1.0,0.18422716856002808,-0.005444314912892878,0.22785186767578125,-0.03784041106700897,0.17736968398094177,-0.010195551440119743,1.0
1790268490.9085128,32.791701793670654,655,0,23,0.22372104227542877,-0.025978419929742813,0.07201994210481644,0.019474664703011513,0.2259187549352646,0.0016121551161631942,1.0,19,0.1810174286365509,-0.02396593615412712,0.03875699266791344,0.03467104956507683,0.18649765849113464,0.0024519257713109255,1.0,33,0.2330373078584671,-0.07234839349985123,0.05986662209033966,0.030843868851661682,0.24556899070739746,0.0015946946805343032,1.0,74,0.18659333884716034,-0.03776983171701431,0.09473814070224762,0.04526730626821518,0.19513578712940216,0.0016338127898052335,1.0,0.20620820671319962,-0.024972178041934967,0.24556899070739746,-0.07234839349985123,0.19513578712940216,-0.03776983171701431,1.0
1790268490.9564157,32.83960461616516,656,0,23,0.22484621405601501,-0.048732589930295944,0.058157779276371,0.01705200970172882,0.2309882491827011,0.0016564310062676668,1.0,19,0.20738139748573303,-0.039253637194633484,0.05499327927827835,0.03355666995048523,0.21345362067222595,0.0026142324786633253,1.0,33,0.24876542389392853,-0.06969752162694931,0.05053859204053879,0.024224435910582542,0.25910648703575134,0.0011932136258110404,1.0,74,0.18855533003807068,-0.03961490839719772,0.09012660384178162,0.03895736485719681,0.19681893289089203,0.0015002397121861577,1.0,0.22222093492746353,-0.043993113562464714,0.25910648703575134,-0.06969752162694931,0.19681893289089203,-0.03961490839719772,1.0
1790268491.008443,32.891632080078125,657,0,23,0.19707456231117249,-0.051436714828014374,0.0366445891559124,0.011131299659609795,0.204072043299675,0.0017620624275878072,1.0,19,0.15634316205978394,-0.01490542758256197,0.05136508122086525,0.04710589721798897,0.16577981412410736,0.0020276422146707773,1.0,33,0.18859770894050598,-0.061318136751651764,0.038499604910612106,0.025035707280039787,0.199971541762352,0.0008326884126290679,1.0,74,0.16249042749404907,-0.0508936271071434,0.07367248833179474,0.03830740228295326,0.17430250346660614,0.001428333343937993,1.0,0.18492592871189117,-0.03317107120528817,0.199971541762352,-0.061318136751651764,0.17430250346660614,-0.0508936271071434,1.0
1790268491.0564506,32.93963956832886,658,0,23,0.20842047035694122,-0.05471669137477875,0.04964357241988182,0.014005622826516628,0.2160971611738205,0.0015669846907258034,1.0,19,0.192108154296875,-0.04850608482956886,0.061571985483169556,0.027522297576069832,0.2010919749736786,0.004684649407863617,1.0,33,0.1952671855688095,-0.08155637979507446,0.028617922216653824,0.0277418065816164,0.21252919733524323,0.000795569852925837,1.0,74,0.16833022236824036,-0.05178564786911011,0.06465866416692734,0.0386008694767952,0.17936567962169647,0.0010666701709851623,1.0,0.20859456807374954,-0.051611388102173805,0.21252919733524323,-0.08155637979507446,0.17936567962169647,-0.05178564786911011,1.0
1790268491.1083846,32.99157357215881,659,0,23,0.2374267578125,-0.10161026567220688,0.03685470670461655,0.017293021082878113,0.25864169001579285,0.002357392804697156,1.0,19,0.21107563376426697,-0.05409160256385803,0.047918837517499924,0.047647323459386826,0.22127465903759003,0.0033756368793547153,1.0,33,0.20634691417217255,-0.10716664046049118,0.038414038717746735,0.02441919781267643,0.23307397961616516,0.0015030691865831614,1.0,74,0.19391466677188873,-0.06795810908079147,0.0691261887550354,0.06134168431162834,0.21287435293197632,0.0018649843987077475,1.0,0.23995817452669144,-0.07785093411803246,0.23307397961616516,-0.10716664046049118,0.21287435293197632,-0.06795810908079147,1.0
1790268491.1605191,33.043708086013794,660,1,23,0.2774127423763275,-0.1300453543663025,0.05526916682720184,0.020696517080068588,0.30788126587867737,0.0017219803994521499,1.0,19,0.2062554657459259,-0.07675974071025848,0.0641050785779953,0.03927897661924362,0.2240190953016281,0.003714915132150054,1.0,33,0.20072011649608612,-0.13563352823257446,0.043048158288002014,0.03356245532631874,0.24348458647727966,0.0016152060125023127,1.0,74,0.1879662126302719,-0.10234811902046204,0.07664313912391663,0.054285746067762375,0.21801167726516724,0.001463883789256215,1.0,0.26595018059015274,-0.10340254753828049,0.24348458647727966,-0.13563352823257446,0.21801167726516724,-0.10234811902046204,1.0
1790268491.2084763,33.091665267944336,661,0,23,0.21697334945201874,-0.11781974136829376,0.05541302636265755,0.02259259857237339,0.2476855218410492,0.002956034615635872,1.0,19,0.17757856845855713,-0.06219642981886864,0.04527823626995087,0.04335526004433632,0.19308912754058838,0.003087548306211829,1.0,33,0.20752599835395813,-0.14017000794410706,0.0625726580619812,0.030203519389033318,0.25208780169487,0.0011530290357768536,1.0,74,0.17806759476661682,-0.10621168464422226,0.07599136978387833,0.0644303411245346,0.2144586592912674,0.001310109393671155,1.0,0.2203873246908188,-0.0900080855935812,0.25208780169487,-0.14017000794410706,0.2144586592912674,-0.10621168464422226,1.0
1790268491.2601244,33.14331340789795,662,0,23,0.17299088835716248,-0.12686887383460999,0.05651247873902321,0.016981519758701324,0.21658723056316376,0.002425669925287366,1.0,19,0.20921887457370758,-0.061231110244989395,0.05365767702460289,0.018216168507933617,0.21896053850650787,0.00263571972027421,1.0,33,0.15441524982452393,-0.09461512416601181,0.04249504581093788,0.022265195846557617,0.18274496495723724,0.001199026475660503,1.0,74,0.14077429473400116,-0.07109709084033966,0.05520804598927498,0.042596280574798584,0.16268639266490936,0.0012733896728605032,1.0,0.21777388453483582,-0.09404999203979969,0.18274496495723724,-0.09461512416601181,0.16268639266490936,-0.07109709084033966,1.0
1790268491.308185,33.19137406349182,663,0,23,0.19448122382164001,-0.07868625968694687,0.02612179145216942,0.02469027042388916,0.21143785119056702,0.0015828682808205485,1.0,19,0.1854248046875,-0.0479736328125,0.035212453454732895,0.02938091568648815,0.19384008646011353,0.0027847348246723413,1.0,33,0.19837164878845215,-0.10999274998903275,0.036684561520814896,0.023056598380208015,0.2277548760175705,0.0012441163416951895,1.0,74,0.1661541908979416,-0.07806994765996933,0.055666930973529816,0.04963986203074455,0.19001427292823792,0.0013448692625388503,1.0,0.20263896882534027,-0.06332994624972343,0.2277548760175705,-0.10999274998903275,0.19001427292823792,-0.07806994765996933,1.0
1790268491.3601928,33.24338173866272,664,0,23,0.11497630178928375,-0.060388315469026566,0.0263743344694376,0.013567973859608173,0.13047906756401062,0.000900301500223577,1.0,19,0.13711386919021606,-0.0507354736328125,0.03252916410565376,0.01842840388417244,0.14763455092906952,0.0021812303457409143,1.0,33,0.12346857041120529,-0.05613107234239578,0.026998884975910187,0.016741035506129265,0.13684122264385223,0.000983215169981122,1.0,74,0.11218344420194626,-0.0437469482421875,0.03839320316910744,0.03890709951519966,0.1259981393814087,0.0011396448826417327,1.0,0.13905680924654007,-0.05556189455091953,0.13684122264385223,-0.05613107234239578,0.1259981393814087,-0.0437469482421875,1.0
1790268491.4123983,33.29558730125427,665,0,23,0.1523842215538025,-0.046236783266067505,0.02459576167166233,0.015752047300338745,0.15992915630340576,0.0013861259212717414,1.0,19,0.14462602138519287,-0.011093942448496819,0.0278511643409729,0.0343964584171772,0.14927898347377777,0.0028394218534231186,1.0,33,0.13740909099578857,-0.04316341504454613,0.03082714043557644,0.019851302728056908,0.14469954371452332,0.0009206256363540888,1.0,74,0.12148800492286682,-0.030133221298456192,0.045026615262031555,0.027304502204060555,0.12928834557533264,0.0010862802155315876,1.0,0.15460406988859177,-0.02866536285728216,0.14469954371452332,-0.04316341504454613,0.12928834557533264,-0.030133221298456192,1.0
1790268491.4604695,33.343658447265625,666,0,23,0.13961991667747498,-0.030510280281305313,0.048559658229351044,0.019320042803883553,0.14391016960144043,0.0014759638579562306,1.0,19,0.14239823818206787,-0.012490523047745228,0.05279514938592911,0.02285723201930523,0.14521470665931702,0.001715398975647986,1.0,33,0.12975658476352692,-0.031154286116361618,0.02255190908908844,0.01832948438823223,0.13445410132408142,0.0009708552388474345,1.0,74,0.12107107043266296,-0.025957055389881134,0.04285935312509537,0.026368003338575363,0.12698893249034882,0.0008914379868656397,1.0,0.14456243813037872,-0.02150040166452527,0.13445410132408142,-0.031154286116361618,0.12698893249034882,-0.025957055389881134,1.0
1790268491.5123818,33.39557075500488,667,0,23,0.10397471487522125,-0.02934596873819828,0.03914390876889229,0.01691783405840397,0.10855217278003693,0.000946018029935658,1.0,19,0.12697722017765045,-0.017055310308933258,0.04615676403045654,0.028101526200771332,0.1324077844619751,0.0017725842772051692,1.0,33,0.11898896098136902,-0.021043719723820686,0.02889871597290039,0.020121408626437187,0.12217511236667633,0.0008094506338238716,1.0,74,0.0991307869553566,-0.020305735990405083,0.03762005642056465,0.02397230640053749,0.10479610413312912,0.0008530496852472425,1.0,0.12047997862100601,-0.02320063952356577,0.12217511236667633,-0.021043719723820686,0.10479610413312912,-0.020305735990405083,1.0
1790268491.5607219,33.44391083717346,668,0,23,0.09863148629665375,-0.00701307225972414,0.03321785107254982,0.014288043603301048,0.10031404346227646,0.0011353621957823634,1.0,19,0.09529194235801697,-0.006830316036939621,0.03368775546550751,0.014992105774581432,0.0965966060757637,0.0017659334698691964,1.0,33,0.09294683486223221,-0.011297052726149559,0.027982691302895546,0.014381647109985352,0.09478375315666199,0.0007399080786854029,1.0,74,0.07557245343923569,-0.01689312979578972,0.03198076784610748,0.02183062769472599,0.0822688639163971,0.0007299976423382759,1.0,0.09845532476902008,-0.006921694148331881,0.09478375315666199,-0.011297052726149559,0.0822688639163971,-0.01689312979578972,1.0
1790268491.612282,33.49547100067139,669,0,23,0.05627574026584625,-0.013676518574357033,0.017424756661057472,0.013813335448503494,0.05946331098675728,0.0006198164774104953,1.0,19,0.04714484140276909,0.004312615841627121,0.0318419449031353,0.019199101254343987,0.055965617299079895,0.0016325704054906964,1.0,33,0.07211951166391373,-0.019950635731220245,0.02674753963947296,0.01662762090563774,0.07622958719730377,0.0007013001013547182,1.0,74,0.05535373091697693,-0.014841234311461449,0.02768544852733612,0.01838640868663788,0.060952380299568176,0.0008194885449483991,1.0,0.05771446414291859,-0.004681951366364956,0.07622958719730377,-0.019950635731220245,0.060952380299568176,-0.014841234311461449,1.0
1790268491.6643555,33.54754447937012,670,0,23,0.04248245805501938,-0.017161494120955467,0.017916856333613396,0.013471045531332493,0.047169528901576996,0.0005043168202973902,1.0,19,0.05167268589138985,-0.0027522037271410227,0.024930402636528015,0.016915541142225266,0.0551246702671051,0.001267778454348445,1.0,33,0.03816315531730652,-0.017666904255747795,0.01948002353310585,0.013090393505990505,0.043229375034570694,0.0007157275686040521,1.0,74,0.03362645208835602,-0.010743631049990654,0.020893827080726624,0.016323192045092583,0.04111805185675621,0.0007307553896680474,1.0,0.05114709958434105,-0.009956848924048245,0.043229375034570694,-0.017666904255747795,0.04111805185675621,-0.010743631049990654,1.0
1790268491.712485,33.59567403793335,671,0,23,0.0031870966777205467,-0.021809453144669533,0.02461029589176178,0.01684938184916973,0.032664310187101364,0.0006918422877788544,1.0,19,-0.00918097235262394,-0.025259720161557198,0.021235277876257896,0.02720686048269272,0.039727695286273956,0.0015103851910680532,1.0,33,-0.009799841791391373,-0.028471050783991814,0.01226201094686985,0.012164639309048653,0.03295208513736725,0.0005831302842125297,1.0,74,-0.005356659647077322,-0.018076715990900993,0.016977842897176743,0.022078868001699448,0.030796298757195473,0.0006924750632606447,1.0,0.03619600273668766,-0.023534586653113365,0.03295208513736725,-0.028471050783991814,0.030796298757195473,-0.018076715990900993,1.0
1790268491.7644434,33.647632360458374,672,0,23,-0.10224317759275436,-0.017280247062444687,0.054169949144124985,0.018556058406829834,0.10547604411840439,0.0015911753289401531,1.0,19,-0.07274748384952545,-0.028145238757133484,0.03748452663421631,0.027243247255682945,0.08603278547525406,0.002304156543686986,1.0,33,-0.09511358290910721,-0.050118185579776764,0.03818365931510925,0.016922278329730034,0.1097332015633583,0.0011440456146374345,1.0,74,-0.08290718495845795,-0.03805810213088989,0.05080816522240639,0.03207629919052124,0.09655236452817917,0.0010299158748239279,1.0,0.09575441479682922,-0.022712742909789085,0.1097332015633583,-0.050118185579776764,0.09655236452817917,-0.03805810213088989,1.0
1790268491.812454,33.695642948150635,673,0,23,-0.252825528383255,-0.021071061491966248,0.102792888879776,0.02689191699028015,0.255594402551651,0.0022796231787651777,1.0,19,-0.26515117287635803,-0.04255836829543114,0.09256036579608917,0.09793542325496674,0.28699082136154175,0.005663139279931784,1.0,33,-0.28367799520492554,-0.08227816224098206,0.10148637741804123,0.03733917698264122,0.3010987639427185,0.0023905921261757612,1.0,74,-0.22859996557235718,-0.05784070864319801,0.135320782661438,0.062051333487033844,0.24348761141300201,0.0021020628046244383,1.0,0.2712926119565964,-0.03181471489369869,0.3010987639427185,-0.08227816224098206,0.24348761141300201,-0.05784070864319801,1.0
1790268491.864356,33.74754500389099,674,0,23,-0.296941339969635,-0.017029471695423126,0.044743891805410385,0.013287517242133617,0.297739714384079,0.0021593167912214994,1.0,19,-0.3367084562778473,-0.05923943594098091,0.08433397859334946,0.048436425626277924,0.3463023602962494,0.006133564747869968,1.0,33,-0.3267313539981842,-0.10028492659330368,0.07983732968568802,0.03012491948902607,0.34372639656066895,0.0015975795686244965,1.0,74,-0.24447713792324066,-0.0404302254319191,0.13425372540950775,0.061870675534009933,0.2574596703052521,0.0021713990718126297,1.0,0.3220210373401642,-0.03813445381820202,0.34372639656066895,-0.10028492659330368,0.2574596703052521,-0.0404302254319191,1.0
1790268491.9162574,33.79944634437561,675,1,23,-0.230535089969635,-0.017321379855275154,0.07008301466703415,0.02192947082221508,0.23242880403995514,0.0021562317851930857,1.0,19,-0.23111283779144287,-0.06321234256029129,0.07545436173677444,0.04845022037625313,0.24768991768360138,0.007774414960294962,1.0,33,-0.24748922884464264,-0.07622874528169632,0.05496048927307129,0.023176703602075577,0.25993606448173523,0.0014002795796841383,1.0,74,-0.2011844515800476,-0.03480694815516472,0.10256174951791763,0.05065736547112465,0.21105998754501343,0.001477538258768618,1.0,0.24005936086177826,-0.04026686120778322,0.25993606448173523,-0.07622874528169632,0.21105998754501343,-0.03480694815516472,1.0
1790268491.9642158,33.84740471839905,676,0,23,-0.15242402255535126,-0.00704358983784914,0.046008385717868805,0.015344924293458462,0.15355587005615234,0.0009291264577768743,1.0,19,-0.1815619170665741,-0.020780062302947044,0.04808379337191582,0.0659632682800293,0.19596555829048157,0.0030383383855223656,1.0,33,-0.17252928018569946,-0.062370531260967255,0.044875435531139374,0.021294917911291122,0.18498586118221283,0.0010357890278100967,1.0,74,-0.13940532505512238,-0.016986330971121788,0.062256552278995514,0.049641408026218414,0.15003333985805511,0.0011156235123053193,1.0,0.17476071417331696,-0.013911826070398092,0.18498586118221283,-0.062370531260967255,0.15003333985805511,-0.016986330971121788,1.0
1790268492.0162008,33.89938974380493,677,0,23,-0.11539425700902939,0.015656843781471252,0.03281034529209137,0.010180139914155006,0.1171039566397667,0.0007276441319845617,1.0,19,-0.14396747946739197,-0.032905980944633484,0.03753869608044624,0.03852680325508118,0.1536247730255127,0.0023123202845454216,1.0,33,-0.11700393259525299,-0.029925722628831863,0.02646404318511486,0.022415123879909515,0.12306487560272217,0.0006321113905869424,1.0,74,-0.10243905335664749,-0.008196444250643253,0.040356528013944626,0.034437280148267746,0.10876090824604034,0.000884234206750989,1.0,0.1353643648326397,-0.008624568581581116,0.12306487560272217,-0.029925722628831863,0.10876090824604034,-0.008196444250643253,1.0
1790268492.0644805,33.947669506073,678,0,23,-0.07532202452421188,0.00858472753316164,0.02407332882285118,0.009770892560482025,0.07643914967775345,0.0006128019886091352,1.0,19,-0.09324083477258682,0.0006352475029416382,0.027910903096199036,0.030517883598804474,0.09848048537969589,0.001561646582558751,1.0,33,-0.060019753873348236,-0.034390535205602646,0.021514015272259712,0.01615825481712818,0.07180935144424438,0.0010349830845370889,1.0,74,-0.05656639486551285,-0.007234315387904644,0.026456648483872414,0.028540676459670067,0.06475386768579483,0.0007798091974109411,1.0,0.08745981752872467,0.004609987518051639,0.07180935144424438,-0.034390535205602646,0.06475386768579483,-0.007234315387904644,1.0
1790268492.1164527,33.99964165687561,679,0,23,-0.032459426671266556,-0.024824723601341248,0.013606226071715355,0.020122533664107323,0.04610443487763405,0.000532310688868165,1.0,19,-0.04100117087364197,-0.03924721106886864,0.024292560294270515,0.02230742946267128,0.05994100868701935,0.0015728838043287396,1.0,33,-0.017569802701473236,-0.04333403706550598,0.019394423812627792,0.011275761760771275,0.049477607011795044,0.0007042195065878332,1.0,74,-0.023349452763795853,-0.02644224464893341,0.018850119784474373,0.02524106577038765,0.04333098977804184,0.00075566116720438,1.0,0.0530227217823267,-0.03203596733510494,0.049477607011795044,-0.04333403706550598,0.04333098977804184,-0.02644224464893341,1.0
1790268492.16822,34.051409006118774,680,0,23,0.0072366464883089066,-0.042528897523880005,0.01569579541683197,0.01692984811961651,0.045971985906362534,0.0008093920187093318,1.0,19,-0.02423577569425106,-0.03860313072800636,0.041662197560071945,0.01574399322271347,0.057345639914274216,0.0013367176288738847,1.0,33,-0.011755741201341152,-0.05674281343817711,0.02388228103518486,0.0174091886729002,0.06259748339653015,0.0005807559937238693,1.0,74,-0.005944535601884127,-0.03168157488107681,0.018462032079696655,0.025487909093499184,0.039906393736600876,0.0006939672166481614,1.0,0.051658812910318375,-0.040566014125943184,0.06259748339653015,-0.05674281343817711,0.039906393736600876,-0.03168157488107681,1.0
1790268492.2164016,34.09959053993225,681,0,23,0.006467072758823633,-0.042589932680130005,0.03270824998617172,0.009927263483405113,0.05283890664577484,0.0009117737645283341,1.0,19,0.005446584429591894,-0.0425872802734375,0.022706810384988785,0.032351527363061905,0.05150117352604866,0.0016059912741184235,1.0,33,0.0333658866584301,-0.06316537410020828,0.03058742918074131,0.016574962064623833,0.07590354233980179,0.000690174289047718,1.0,74,0.01899121329188347,-0.03820161521434784,0.03368980437517166,0.027556823566555977,0.05297750234603882,0.0006320587126538157,1.0,0.05217004008591175,-0.04258860647678375,0.07590354233980179,-0.06316537410020828,0.05297750234603882,-0.03820161521434784,1.0
1790268492.2686172,34.151806116104126,682,0,23,0.028935307636857033,-0.007571676280349493,0.018819548189640045,0.017801718786358833,0.03706897050142288,0.0008242627372965217,1.0,19,0.022142911329865456,-0.05295201390981674,0.02766108140349388,0.018009396269917488,0.06397094577550888,0.002012111945077777,1.0,33,0.08690481632947922,-0.03470912203192711,0.028936199843883514,0.023987222462892532,0.09775733947753906,0.0007477537146769464,1.0,74,0.03305136039853096,-0.020432136952877045,0.05272326618432999,0.03880046680569649,0.06631579250097275,0.0008889033924788237,1.0,0.05051995813846588,-0.030261845095083117,0.09775733947753906,-0.03470912203192711,0.06631579250097275,-0.020432136952877045,1.0
1790268492.3164139,34.19960284233093,683,0,23,0.013612166978418827,0.010972396470606327,0.018066050484776497,0.018320007249712944,0.02857491560280323,0.0007645568693988025,1.0,19,-0.0001670435885898769,-0.0535736083984375,0.04962144047021866,0.050354331731796265,0.0719480961561203,0.0012793082278221846,1.0,33,0.09875211119651794,-0.01025436818599701,0.036979518830776215,0.02428288571536541,0.1026947870850563,0.0009002095903269947,1.0,74,0.02799472212791443,-0.00628662109375,0.07079344242811203,0.0441252738237381,0.07175974547863007,0.0008066690643317997,1.0,0.050261505879461765,-0.021300605963915586,0.1026947870850563,-0.01025436818599701,0.07175974547863007,-0.00628662109375,1.0
1790268492.3684266,34.25161552429199,684,0,23,-0.005597321782261133,0.02532958984375,0.0202297642827034,0.015954487025737762,0.03517906740307808,0.00045943702571094036,1.0,19,0.0003710295131895691,0.0063219573348760605,0.01785415969789028,0.013509947806596756,0.021779468283057213,0.001318601192906499,1.0,33,0.05433192476630211,0.02851266600191593,0.016272814944386482,0.01630304753780365,0.06354522705078125,0.00062402687035501,1.0,74,0.011081179603934288,0.02787058986723423,0.03983939439058304,0.02727843075990677,0.050625238567590714,0.0006188297411426902,1.0,0.028479267843067646,0.01582577358931303,0.06354522705078125,0.02851266600191593,0.050625238567590714,0.02787058986723423,1.0
1790268492.420467,34.30365586280823,685,0,23,-0.015834642574191093,0.05961741507053375,0.021345889195799828,0.010208004154264927,0.06471879780292511,0.0007400767644867301,1.0,19,0.01061208639293909,0.028332358226180077,0.026087166741490364,0.01751767098903656,0.0422554612159729,0.0011590984649956226,1.0,33,0.03802813962101936,0.04662716016173363,0.016107043251395226,0.011201433837413788,0.06241784617304802,0.00045639535528607666,1.0,74,0.008449657820165157,0.029980633407831192,0.0323786735534668,0.03165598213672638,0.050540536642074585,0.0006780037074349821,1.0,0.053487129509449005,0.043974886648356915,0.06241784617304802,0.04662716016173363,0.050540536642074585,0.029980633407831192,1.0
1790268492.4684958,34.35168480873108,686,0,23,0.02777099609375,0.04606761038303375,0.024920815601944923,0.01583251543343067,0.05975070223212242,0.0008836164488457143,1.0,19,0.028450414538383484,0.04100197181105614,0.02213718369603157,0.05089879035949707,0.07081550359725952,0.0015522136818617582,1.0,33,0.0834401473402977,0.07634110748767853,0.028044942766427994,0.015141025185585022,0.11496634036302567,0.0008405791013501585,1.0,74,0.03923241049051285,0.043869223445653915,0.03680728003382683,0.03313615918159485,0.06432440876960754,0.0007648940081708133,1.0,0.06528310291469097,0.043534791097044945,0.11496634036302567,0.07634110748767853,0.06432440876960754,0.043869223445653915,1.0
1790268492.5206094,34.4037983417511,687,0,23,0.07935698330402374,0.055105458945035934,0.043132081627845764,0.0136044230312109,0.10052566975355148,0.0009173740400001407,1.0,19,0.08083624392747879,0.05488425865769386,0.028322437778115273,0.023155581206083298,0.09974795579910278,0.0016690784832462668,1.0,33,0.140350803732872,0.08122993260622025,0.04433881863951683,0.018634822219610214,0.16374729573726654,0.0009969156235456467,1.0,74,0.0793803483247757,0.04292586073279381,0.06228365749120712,0.041678041219711304,0.09798706322908401,0.0009726890129968524,1.0,0.10013681277632713,0.0549948588013649,0.16374729573726654,0.08122993260622025,0.09798706322908401,0.04292586073279381,1.0
1790268492.568377,34.451565980911255,688,0,23,0.12232308089733124,0.04027656838297844,0.055843282490968704,0.014168893918395042,0.13095109164714813,0.002020567888393998,1.0,19,0.11496935039758682,0.03171900659799576,0.06212247908115387,0.06138893961906433,0.13491976261138916,0.0023530442267656326,1.0,33,0.16566559672355652,0.06909318268299103,0.032384105026721954,0.02319028601050377,0.18188513815402985,0.0012919815490022302,1.0,74,0.11016350984573364,0.04369312897324562,0.06204890087246895,0.03735671937465668,0.12325610220432281,0.001067130477167666,1.0,0.13293542712926865,0.0359977874904871,0.18188513815402985,0.06909318268299103,0.12325610220432281,0.04369312897324562,1.0
1790268492.620453,34.503641843795776,689,0,23,0.11024408787488937,0.05274100974202156,0.027305856347084045,0.027570150792598724,0.12607821822166443,0.0009250247967429459,1.0,19,0.13075657188892365,0.03921910375356674,0.03775249421596527,0.033441562205553055,0.14179852604866028,0.0020864219404757023,1.0,33,0.1716257780790329,0.09371116012334824,0.043056633323431015,0.025504492223262787,0.198428213596344,0.0011790223652496934,1.0,74,0.12211444228887558,0.049691278487443924,0.06367769837379456,0.045248355716466904,0.13879837095737457,0.001053480664268136,1.0,0.13393837213516235,0.04598005674779415,0.198428213596344,0.09371116012334824,0.13879837095737457,0.049691278487443924,1.0
1790268492.6725633,34.55575227737427,690,1,23,0.10604659467935562,0.056268442422151566,0.03401103615760803,0.019590236246585846,0.12137473374605179,0.0013278538826853037,1.0,19,0.10959665477275848,0.04387303441762924,0.04440748691558838,0.04329094663262367,0.1263783723115921,0.0023643579334020615,1.0,33,0.12542077898979187,0.0672607421875,0.024592652916908264,0.026199189946055412,0.14477840065956116,0.0012688685674220324,1.0,74,0.09800183773040771,0.04447462782263756,0.049343932420015335,0.02964683435857296,0.11245868355035782,0.0009362014243379235,1.0,0.12387655302882195,0.050070738419890404,0.14477840065956116,0.0672607421875,0.11245868355035782,0.04447462782263756,1.0
1790268492.7205734,34.60376238822937,691,0,23,0.08024995028972626,0.0642116367816925,0.02372271567583084,0.013297760859131813,0.10432004183530807,0.000578598992433399,1.0,19,0.11404740065336227,0.07597913593053818,0.022879071533679962,0.03671685606241226,0.14021961390972137,0.0017728350358083844,1.0,33,0.10912901163101196,0.07643173635005951,0.035474743694067,0.014667256735265255,0.13491815328598022,0.0008032197947613895,1.0,74,0.07387583702802658,0.0445597879588604,0.04266253858804703,0.040625233203172684,0.0948105901479721,0.000997831579297781,1.0,0.12226982787251472,0.07009538635611534,0.13491815328598022,0.07643173635005951,0.0948105901479721,0.0445597879588604,1.0
1790268492.7725053,34.655694246292114,692,0,23,0.034224800765514374,0.04348423331975937,0.01367193553596735,0.007794857956469059,0.05646655708551407,0.0007357474532909691,1.0,19,0.03074565716087818,0.04040928930044174,0.03255398944020271,0.030122149735689163,0.06411919742822647,0.0019323400920256972,1.0,33,0.04633955657482147,0.06877598911523819,0.029155254364013672,0.017268450930714607,0.0859040692448616,0.0009269419242627919,1.0,74,0.03722134232521057,0.03970027714967728,0.03007795289158821,0.028458191081881523,0.06199212372303009,0.0007235575467348099,1.0,0.06029287725687027,0.041946761310100555,0.0859040692448616,0.06877598911523819,0.06199212372303009,0.03970027714967728,1.0
1790268492.8204756,34.70366454124451,693,0,23,0.024888411164283752,0.04920295998454094,0.027681218460202217,0.014999407343566418,0.05948846787214279,0.0007425209623761475,1.0,19,0.03380865976214409,0.023455167189240456,0.025737084448337555,0.02248014323413372,0.05128538981080055,0.001074554049409926,1.0,33,0.02170863375067711,0.06189149618148804,0.019149787724018097,0.013381566852331161,0.06802623718976974,0.0007757460116408765,1.0,74,0.015025989152491093,0.03306826949119568,0.024709444493055344,0.03237162157893181,0.04908917471766472,0.0006258099456317723,1.0,0.05538692884147167,0.0363290635868907,0.06802623718976974,0.06189149618148804,0.04908917471766472,0.03306826949119568,1.0
1790268492.8725386,34.75572752952576,694,0,23,-0.026338661089539528,0.05625583976507187,0.013720644637942314,0.009631662629544735,0.06338141113519669,0.0006262196693569422,1.0,19,0.002846165793016553,0.02650371380150318,0.026301588863134384,0.018223052844405174,0.03742814064025879,0.0010475821327418089,1.0,33,-0.0069150058552622795,0.07939795404672623,0.02121727541089058,0.013787957839667797,0.0823962464928627,0.0007560027879662812,1.0,74,-0.013874363154172897,0.04603102430701256,0.023032089695334435,0.03487071022391319,0.05670853704214096,0.0007280667196027935,1.0,0.05040477588772774,0.041379776783287525,0.0823962464928627,0.07939795404672623,0.05670853704214096,0.04603102430701256,1.0
1790268492.9243925,34.807581424713135,695,0,23,-0.026827605441212654,0.053170908242464066,0.02872295118868351,0.014238715171813965,0.06584753841161728,0.0010267203906551003,1.0,19,-0.0028027985244989395,0.033459313213825226,0.025460658594965935,0.02390097826719284,0.044106375426054,0.001404980313964188,1.0,33,-0.01582428812980652,0.08234845101833344,0.015900690108537674,0.014145213179290295,0.0852004885673523,0.0007851768168620765,1.0,74,-0.022779103368520737,0.048752035945653915,0.028748169541358948,0.0381949357688427,0.06534435600042343,0.0007813839474692941,1.0,0.05497695691883564,0.043315110728144646,0.0852004885673523,0.08234845101833344,0.06534435600042343,0.048752035945653915,1.0
1790268492.9723828,34.85557174682617,696,0,23,-0.040465645492076874,0.061737060546875,0.02454751916229725,0.008599558845162392,0.07615189254283905,0.00088929058983922,1.0,19,-0.01786242052912712,0.05081738904118538,0.026061177253723145,0.02213176339864731,0.05927331745624542,0.0018239966593682766,1.0,33,-0.01695852540433407,0.07249358296394348,0.011764549650251865,0.015525415539741516,0.07518771290779114,0.0006072103278711438,1.0,74,-0.01999911665916443,0.04163030534982681,0.02346239984035492,0.03369349613785744,0.05499342456459999,0.000647042179480195,1.0,0.06771260499954224,0.05627722479403019,0.07518771290779114,0.07249358296394348,0.05499342456459999,0.04163030534982681,1.0
1790268493.024385,34.90757393836975,697,0,23,-0.009150629863142967,0.06064373627305031,0.01803072728216648,0.012797822244465351,0.06327631324529648,0.0006529500242322683,1.0,19,0.00584170687943697,0.02834520861506462,0.022109217941761017,0.025835221633315086,0.04098178446292877,0.001108686556108296,1.0,33,0.005725282710045576,0.0758565291762352,0.0139603978022933,0.009988640435039997,0.07736531645059586,0.0006777401431463659,1.0,74,-0.00927053950726986,0.04080571234226227,0.0293552428483963,0.03559687361121178,0.05645087733864784,0.0005440203240141273,1.0,0.052129048854112625,0.044494472444057465,0.07736531645059586,0.0758565291762352,0.05645087733864784,0.04080571234226227,1.0
1790268493.0724447,34.95563364028931,698,0,23,-0.005806964356452227,0.043742965906858444,0.018254032358527184,0.00834093801677227,0.047778379172086716,0.0007123235845938325,1.0,19,-0.021399246528744698,0.04020851477980614,0.020582254976034164,0.022408435121178627,0.049402207136154175,0.001676092972047627,1.0,33,-0.003819321049377322,0.07025793939828873,0.011704198084771633,0.01526570226997137,0.0713629275560379,0.0004532915190793574,1.0,74,-0.0144500732421875,0.034775812178850174,0.02392645552754402,0.03747442737221718,0.050350088626146317,0.0006798680406063795,1.0,0.048590293154120445,0.04197574034333229,0.0713629275560379,0.07025793939828873,0.050350088626146317,0.034775812178850174,1.0
1790268493.124367,35.00755596160889,699,0,23,-0.010448290035128593,0.06544295698404312,0.021640725433826447,0.012844189070165157,0.06987441331148148,0.0010761056328192353,1.0,19,-0.0008111250936053693,0.04231181740760803,0.021951166912913322,0.016699552536010742,0.04845663905143738,0.0008431528112851083,1.0,33,0.007738055661320686,0.0621999092400074,0.018250703811645508,0.01723391003906727,0.06617609411478043,0.0006072339601814747,1.0,74,-0.01046629250049591,0.04011659324169159,0.027141045778989792,0.034095607697963715,0.05484270304441452,0.0007417226443067193,1.0,0.05916552618145943,0.05387738719582558,0.06617609411478043,0.0621999092400074,0.05484270304441452,0.04011659324169159,1.0
1790268493.1761544,35.059343338012695,700,0,23,-0.0074151079170405865,0.04221908003091812,0.015965186059474945,0.015864623710513115,0.045704301446676254,0.0006775190704502165,1.0,19,-0.01811780408024788,0.01064019463956356,0.025292180478572845,0.014604102820158005,0.029148463159799576,0.0013021571794524789,1.0,33,-0.002005837159231305,0.04365493357181549,0.013765059411525726,0.010840218514204025,0.04591093212366104,0.00046005405602045357,1.0,74,-0.011056642048060894,0.020092319697141647,0.019306693226099014,0.02862231247127056,0.03851725161075592,0.0005569374770857394,1.0,0.037426382303237915,0.02642963733524084,0.04591093212366104,0.04365493357181549,0.03851725161075592,0.020092319697141647,1.0
1790268493.224303,35.107491970062256,701,0,23,-0.026751311495900154,0.032093215733766556,0.018104298040270805,0.0133057851344347,0.04378345608711243,0.000581111409701407,1.0,19,-0.016050640493631363,0.01515920553356409,0.018880005925893784,0.036709439009428024,0.04344595596194267,0.001487051253207028,1.0,33,-0.025541825219988823,0.025941791012883186,0.01572098210453987,0.012243697419762611,0.03779880702495575,0.0005422425456345081,1.0,74,-0.02011706307530403,0.016153283417224884,0.017614515498280525,0.021120332181453705,0.032973915338516235,0.000673465256113559,1.0,0.04361470602452755,0.023626210633665323,0.03779880702495575,0.025941791012883186,0.032973915338516235,0.016153283417224884,1.0
1790268493.2761025,35.1592915058136,702,0,23,-0.032649826258420944,0.019883528351783752,0.01731611229479313,0.008004075847566128,0.03941004350781441,0.0009208486881107092,1.0,19,-0.015432257205247879,0.005929244216531515,0.026185844093561172,0.015009753406047821,0.031716350466012955,0.0007882349309511483,1.0,33,-0.018328579142689705,0.007846253924071789,0.026186542585492134,0.012175297364592552,0.03180227056145668,0.0005233060801401734,1.0,74,-0.024004343897104263,0.004384633619338274,0.022503452375531197,0.01997033692896366,0.034030839800834656,0.0006475960253737867,1.0,0.03556319698691368,0.012906386284157634,0.03180227056145668,0.007846253924071789,0.034030839800834656,0.004384633619338274,1.0
1790268493.324402,35.20759105682373,703,0,23,-0.03164341300725937,-0.0074117910116910934,0.016162024810910225,0.01162211038172245,0.03511006012558937,0.001377213397063315,1.0,19,-0.027345355600118637,-4.657946192310192e-05,0.01939244568347931,0.02251003123819828,0.03754838556051254,0.0012272653402760625,1.0,33,-0.0452067069709301,-0.015059038065373898,0.02149933949112892,0.017858169972896576,0.05159979686141014,0.0005312446155585349,1.0,74,-0.03193293511867523,-0.014493581838905811,0.02397223375737667,0.014693022705614567,0.039372190833091736,0.0006417190306819975,1.0,0.03632922284305096,-0.0037291852368070977,0.05159979686141014,-0.015059038065373898,0.039372190833091736,-0.014493581838905811,1.0
1790268493.3765247,35.259713649749756,704,0,23,-0.02074664644896984,-0.03818279877305031,0.011606525629758835,0.012406298890709877,0.04520842432975769,0.0008073645876720548,1.0,19,-0.03376368433237076,-0.04851813241839409,0.024438638240098953,0.01705763302743435,0.06279950588941574,0.0010570798767730594,1.0,33,-0.032900724560022354,-0.04313289746642113,0.016665374860167503,0.0148814981803298,0.05649988353252411,0.0006790473707951605,1.0,74,-0.019116993993520737,-0.03469621762633324,0.021891754120588303,0.01891888678073883,0.043511852622032166,0.0006132075213827193,1.0,0.054003965109586716,-0.0433504655957222,0.05649988353252411,-0.04313289746642113,0.043511852622032166,-0.03469621762633324,1.0
1790268493.4284415,35.31163048744202,705,1,23,0.00850511621683836,-0.07283882796764374,0.011160778813064098,0.010117816738784313,0.07414527982473373,0.000997804687358439,1.0,19,0.00813534390181303,-0.06311196088790894,0.029298853129148483,0.029906941577792168,0.06838096678256989,0.0012015970423817635,1.0,33,-0.0035183068830519915,-0.1007893905043602,0.01749628596007824,0.012064317241311073,0.10234257578849792,0.0010037203319370747,1.0,74,0.0011031691683456302,-0.07341992855072021,0.02097082883119583,0.03736653923988342,0.07784014195203781,0.000879631144925952,1.0,0.07126312330365181,-0.06797539442777634,0.10234257578849792,-0.1007893905043602,0.07784014195203781,-0.07341992855072021,1.0
1790268493.476431,35.35961985588074,706,0,23,0.7557273507118225,0.15809366106987,0.7555398344993591,0.24715125560760498,0.8094915151596069,0.10199319571256638,1.0,19,-0.02246575616300106,0.008645308203995228,0.24991674721240997,0.3282786011695862,0.2684299349784851,0.09553314745426178,1.0,33,0.0316162109375,-0.1746678203344345,0.03174262493848801,0.04995960742235184,0.17943255603313446,0.0018823666032403708,1.0,74,0.12056917697191238,-0.08546901494264603,0.30954477190971375,0.14384183287620544,0.21747708320617676,0.025172239169478416,1.0,0.538960725069046,0.08336948463693261,0.17943255603313446,-0.1746678203344345,0.21747708320617676,-0.08546901494264603,1.0
1790268493.5285041,35.41169309616089,707,0,23,0.76203453540802,0.21602332592010498,0.7082722783088684,0.2527987062931061,0.8239032030105591,0.10146749764680862,1.0,19,-0.11011545360088348,0.015988802537322044,0.1845373809337616,0.21718433499336243,0.19691328704357147,0.03567527234554291,1.0,33,0.029420332983136177,-0.14180731773376465,0.023031296208500862,0.03588669374585152,0.1461803913116455,0.0024968613870441914,1.0,74,0.12583346664905548,-0.04422986879944801,0.363144189119339,0.1752876341342926,0.21916881203651428,0.0224936380982399,1.0,0.5104082450270653,0.11600606422871351,0.1461803913116455,-0.14180731773376465,0.21916881203651428,-0.04422986879944801,1.0
1790268493.5763876,35.45957660675049,708,0,23,-0.00735606299713254,-0.09052973240613937,0.03431800752878189,0.03601972386240959,0.09682780504226685,0.0014772258000448346,1.0,19,0.004749498795717955,-0.05480394884943962,0.03780738636851311,0.022402530536055565,0.06571140140295029,0.0029528229497373104,1.0,33,-0.000287605042103678,-0.09070147573947906,0.01642172411084175,0.017422232776880264,0.0922832041978836,0.0008077446254901588,1.0,74,0.006652007345110178,-0.06731167435646057,0.02468113973736763,0.03560394048690796,0.07342197746038437,0.0010641892440617085,1.0,0.08126960322260857,-0.0726668406277895,0.0922832041978836,-0.09070147573947906,0.07342197746038437,-0.06731167435646057,1.0
1790268493.6286674,35.51185631752014,709,0,23,-0.17346058785915375,-0.137029230594635,0.15498988330364227,0.15537287294864655,0.24137809872627258,0.03156433254480362,1.0,19,0.11760671436786652,-0.06332076340913773,0.22873146831989288,0.18969635665416718,0.18910516798496246,0.03860344737768173,1.0,33,-0.026934074237942696,-0.04098926857113838,0.023633256554603577,0.01370509248226881,0.05376751348376274,0.0007086541736498475,1.0,74,-0.033028680831193924,-0.05619894340634346,0.09448723495006561,0.11696184426546097,0.08050194382667542,0.0036379490047693253,1.0,0.21524163335561752,-0.10017499700188637,0.05376751348376274,-0.04098926857113838,0.08050194382667542,-0.05619894340634346,1.0
1790268493.6804767,35.56366562843323,710,0,23,-0.35172703862190247,-0.15188266336917877,0.33787471055984497,0.1472879946231842,0.40520909428596497,0.06255178153514862,1.0,19,0.0108642578125,-0.06734345853328705,0.15060454607009888,0.17895817756652832,0.11085706949234009,0.009255005978047848,1.0,33,-0.03794306144118309,-0.03072565235197544,0.01676417514681816,0.01232194621115923,0.05168570205569267,0.0006096660508774221,1.0,74,-0.10362780094146729,-0.03699163347482681,0.2101750671863556,0.0815311074256897,0.11817666888237,0.01191674079746008,1.0,0.2580330818891525,-0.10961306095123291,0.05168570205569267,-0.03072565235197544,0.11817666888237,-0.03699163347482681,1.0
1790268493.728453,35.6116418838501,711,0,23,-0.4147969186306,-0.19945161044597626,0.3170486390590668,0.17731070518493652,0.48124316334724426,0.04291975870728493,1.0,19,-0.03253816440701485,-0.10386015474796295,0.13601085543632507,0.2537456154823303,0.14840464293956757,0.01879376545548439,1.0,33,-0.09308277815580368,-0.014322454109787941,0.031402137130498886,0.01496987696737051,0.09601148217916489,0.0006397831602953374,1.0,74,-0.12395147234201431,-0.0404011495411396,0.1699868142604828,0.08478843420743942,0.13624173402786255,0.007691075559705496,1.0,0.3148239031434059,-0.1516558825969696,0.09601148217916489,-0.014322454109787941,0.13624173402786255,-0.0404011495411396,1.0
1790268493.7804375,35.66362643241882,712,0,23,-0.320035845041275,-0.15944704413414001,0.2462952882051468,0.12776198983192444,0.3688955008983612,0.011339680291712284,1.0,19,-0.11986662447452545,-0.09636407345533371,0.05314581096172333,0.14229030907154083,0.17786391079425812,0.00947641022503376,1.0,33,-0.09658119827508926,-0.029170643538236618,0.02199535444378853,0.009504161775112152,0.1013922244310379,0.0006400475976988673,1.0,74,-0.11060601472854614,-0.03740362077951431,0.10290389508008957,0.0689070001244545,0.12310577183961868,0.00272439350374043,1.0,0.27337970584630966,-0.12790555879473686,0.1013922244310379,-0.029170643538236618,0.12310577183961868,-0.03740362077951431,1.0
1790268493.8282053,35.71139430999756,713,0,23,-0.14318647980690002,-0.10536392778158188,0.10600415617227554,0.06693993508815765,0.1884663850069046,0.004370325710624456,1.0,19,-0.05920249596238136,-0.05298895761370659,0.03561929985880852,0.08470389991998672,0.10071998834609985,0.002526575466617942,1.0,33,-0.10110519826412201,-0.03163331747055054,0.02980705164372921,0.02111533097922802,0.10870213806629181,0.0008208919898606837,1.0,74,-0.07236026972532272,-0.023583902046084404,0.048412565141916275,0.04588480293750763,0.08682028949260712,0.001418265514075756,1.0,0.14459318667650223,-0.07917644269764423,0.10870213806629181,-0.03163331747055054,0.08682028949260712,-0.023583902046084404,1.0
1790268493.880218,35.76340699195862,714,0,23,-0.06494273245334625,-0.06688192486763,0.060386478900909424,0.041167303919792175,0.10298026353120804,0.0026211740914732218,1.0,19,-0.05304918810725212,-0.04295911267399788,0.028707431629300117,0.05514313280582428,0.08662455528974533,0.003968669567257166,1.0,33,-0.06510601937770844,-0.04911896586418152,0.026357322931289673,0.017609506845474243,0.08512835949659348,0.0008813925669528544,1.0,74,-0.04000256583094597,-0.03143021836876869,0.0240488164126873,0.035069189965724945,0.059194598346948624,0.0010574517073109746,1.0,0.09480240941047668,-0.05492051877081394,0.08512835949659348,-0.04911896586418152,0.059194598346948624,-0.03143021836876869,1.0
1790268493.9324167,35.81560564041138,715,0,23,-0.048513662070035934,-0.044048141688108444,0.0395515076816082,0.021090460941195488,0.06947353482246399,0.0011094155488535762,1.0,19,-0.024455823004245758,-0.029406899586319923,0.040217459201812744,0.01767449826002121,0.05498020350933075,0.002234378131106496,1.0,33,-0.04594051465392113,-0.014741839841008186,0.029129520058631897,0.015364578925073147,0.053372807800769806,0.0005838272627443075,1.0,74,-0.03248843550682068,-0.004899514839053154,0.025966452434659004,0.025222839787602425,0.043452031910419464,0.0006176088354550302,1.0,0.06222686916589737,-0.036727520637214184,0.053372807800769806,-0.014741839841008186,0.043452031910419464,-0.004899514839053154,1.0
1790268493.9806209,35.86380982398987,716,0,23,-0.036562711000442505,-0.0034212858881801367,0.025153083726763725,0.020970657467842102,0.040613431483507156,0.0013331894297152758,1.0,19,-0.04364495351910591,0.0009637129842303693,0.01977267861366272,0.023130927234888077,0.049630023539066315,0.0014424251858144999,1.0,33,-0.023632626980543137,0.01604299806058407,0.023591525852680206,0.011665072292089462,0.03270525857806206,0.0007092421292327344,1.0,74,-0.025206487625837326,0.014736072160303593,0.02728566713631153,0.021902868524193764,0.03949705511331558,0.000556095561478287,1.0,0.045121727511286736,-0.0012287864519748837,0.03270525857806206,0.01604299806058407,0.03949705511331558,0.014736072160303593,1.0
1790268494.0323055,35.915494441986084,717,0,23,-0.07740850001573563,0.029248444363474846,0.02992282062768936,0.022328153252601624,0.08496659994125366,0.0009204780799336731,1.0,19,-0.048526160418987274,0.04396137595176697,0.04644070565700531,0.026474984362721443,0.07417450845241547,0.0026301650796085596,1.0,33,-0.04333033785223961,0.0473225899040699,0.01615646854043007,0.011934428475797176,0.06552547216415405,0.0005916994414292276,1.0,74,-0.046814583241939545,0.03694957122206688,0.023424632847309113,0.024063866585493088,0.06501905620098114,0.0008519802358932793,1.0,0.07957055419683456,0.03660491015762091,0.06552547216415405,0.0473225899040699,0.06501905620098114,0.03694957122206688,1.0
1790268494.0804327,35.963621616363525,718,0,23,-0.09691188484430313,0.04781441017985344,0.04998008534312248,0.023107178509235382,0.11199076473712921,0.00144196767359972,1.0,19,-0.07304301857948303,0.030264602974057198,0.04577302187681198,0.03238348290324211,0.08307713270187378,0.0017678020521998405,1.0,33,-0.06812494248151779,0.07780687510967255,0.033810824155807495,0.01712639257311821,0.10725495964288712,0.0010929109994322062,1.0,74,-0.06994381546974182,0.05697466805577278,0.043473485857248306,0.05117177590727806,0.10709917545318604,0.000912861549295485,1.0,0.0975339487195015,0.03903950657695532,0.10725495964288712,0.07780687510967255,0.10709917545318604,0.05697466805577278,1.0
1790268494.1324434,36.01563239097595,719,0,23,-0.15673828125,0.04927925392985344,0.05375669524073601,0.01580403745174408,0.16644486784934998,0.001667389296926558,1.0,19,-0.10026469826698303,0.03370264917612076,0.024928493425250053,0.03534427285194397,0.11166391521692276,0.003017893061041832,1.0,33,-0.08718502521514893,0.1588287353515625,0.04920951649546623,0.04576564580202103,0.18537011742591858,0.0016559540526941419,1.0,74,-0.09333451092243195,0.08945506066083908,0.05664395913481712,0.06995680183172226,0.14454802870750427,0.001258103409782052,1.0,0.13905439153313637,0.0414909515529871,0.18537011742591858,0.1588287353515625,0.14454802870750427,0.08945506066083908,1.0
1790268494.1845746,36.067763566970825,720,1,23,-0.11858401447534561,0.044437576085329056,0.03646084666252136,0.02113386057317257,0.12924470007419586,0.0012015266111120582,1.0,19,-0.09734144061803818,0.026670757681131363,0.03748377785086632,0.028518054634332657,0.10262078791856766,0.0022054999135434628,1.0,33,-0.08640728890895844,0.12181923538446426,0.0336974635720253,0.02623203955590725,0.15197709202766418,0.0018010128987953067,1.0,74,-0.08921937644481659,0.06810265779495239,0.04227513074874878,0.0545373372733593,0.12311490625143051,0.00111958640627563,1.0,0.11593274399638176,0.03555416688323021,0.15197709202766418,0.12181923538446426,0.12311490625143051,0.06810265779495239,1.0
1790268494.2325592,36.115748167037964,721,0,23,-0.13852591812610626,0.05237811431288719,0.042344991117715836,0.01627737656235695,0.14883799850940704,0.0014484321000054479,1.0,19,-0.10750860720872879,0.02047649212181568,0.02381249889731407,0.030522575601935387,0.1127716600894928,0.001835192902944982,1.0,33,-0.07829099893569946,0.1282908171415329,0.031747784465551376,0.02253144606947899,0.1530623733997345,0.0010699068661779165,1.0,74,-0.09498760849237442,0.08361032605171204,0.04189970716834068,0.04879184812307358,0.13481421768665314,0.0013150792801752687,1.0,0.13080482929944992,0.03642730321735144,0.1530623733997345,0.1282908171415329,0.13481421768665314,0.08361032605171204,1.0
1790268494.2845817,36.16777062416077,722,0,23,-0.14037355780601501,0.06473641097545624,0.05072007700800896,0.012114297598600388,0.15563732385635376,0.0010805876227095723,1.0,19,-0.10204114764928818,0.04217930883169174,0.03266533464193344,0.022505540400743484,0.11224033683538437,0.0015362945850938559,1.0,33,-0.088348388671875,0.1272943615913391,0.030248040333390236,0.031107181683182716,0.15654903650283813,0.0008019939414225519,1.0,74,-0.0990336686372757,0.08482629060745239,0.05079479515552521,0.05833205208182335,0.14071723818778992,0.0013304302701726556,1.0,0.13393883034586906,0.05345785990357399,0.15654903650283813,0.1272943615913391,0.14071723818778992,0.08482629060745239,1.0
1790268494.3324583,36.21564722061157,723,0,23,-0.1070224940776825,0.08859916031360626,0.03145980089902878,0.016418226063251495,0.1410546451807022,0.0011665521888062358,1.0,19,-0.11738988012075424,0.06431258469820023,0.05450883135199547,0.039400506764650345,0.13897375762462616,0.0017157351830974221,1.0,33,-0.08647432923316956,0.1358240246772766,0.020909566432237625,0.024021774530410767,0.16182678937911987,0.0010241426061838865,1.0,74,-0.08231044560670853,0.08280181884765625,0.03310292959213257,0.047978032380342484,0.12450528889894485,0.0007895627641119063,1.0,0.14001420140266418,0.07645587250590324,0.16182678937911987,0.1358240246772766,0.12450528889894485,0.08280181884765625,1.0
1790268494.384352,36.26754093170166,724,0,23,-0.07899408787488937,0.07052280753850937,0.03149108588695526,0.016450470313429832,0.10715026408433914,0.0011062980629503727,1.0,19,-0.05840100720524788,0.054847314953804016,0.023462647572159767,0.015137878246605396,0.0816880539059639,0.002698722993955016,1.0,33,-0.05947737395763397,0.12023278325796127,0.030939258635044098,0.03395354747772217,0.13538336753845215,0.0017716044094413519,1.0,74,-0.054580893367528915,0.07167547941207886,0.024048784747719765,0.046389222145080566,0.0977054312825203,0.0011006678687408566,1.0,0.09441915899515152,0.06268506124615669,0.13538336753845215,0.12023278325796127,0.0977054312825203,0.07167547941207886,1.0
1790268494.4363184,36.319507360458374,725,0,23,-0.06116187199950218,0.038497261703014374,0.01837312802672386,0.012471522204577923,0.07328874617815018,0.0009108656086027622,1.0,19,-0.04484156519174576,0.051627710461616516,0.03073066845536232,0.022976255044341087,0.07334807515144348,0.0012894110986962914,1.0,33,-0.045437898486852646,0.07649323344230652,0.018849311396479607,0.020354799926280975,0.09055770933628082,0.0006663161912001669,1.0,74,-0.04635187238454819,0.0411570779979229,0.02174532413482666,0.03340978920459747,0.06948310136795044,0.000828138436190784,1.0,0.07331841066479683,0.045062486082315445,0.09055770933628082,0.07649323344230652,0.06948310136795044,0.0411570779979229,1.0
1790268494.4840937,36.36728262901306,726,0,23,-0.029579494148492813,0.03824648633599281,0.013294674456119537,0.01218704879283905,0.04979389160871506,0.0009790173498913646,1.0,19,-0.05025120824575424,0.012955514714121819,0.035762637853622437,0.04107971861958504,0.06677897274494171,0.0013240640982985497,1.0,33,-0.029090650379657745,0.05506342276930809,0.018579130992293358,0.022266438230872154,0.06495057791471481,0.0006647568079642951,1.0,74,-0.030037133023142815,0.031248144805431366,0.017332570627331734,0.022689657285809517,0.04873696714639664,0.0008493491914123297,1.0,0.058286432176828384,0.025601000525057316,0.06495057791471481,0.05506342276930809,0.04873696714639664,0.031248144805431366,1.0
1790268494.536244,36.41943287849426,727,0,23,-0.03270423039793968,0.008780437521636486,0.022669998928904533,0.01242496445775032,0.036613475531339645,0.000664994353428483,1.0,19,-0.0009058901923708618,0.0374298095703125,0.026648808270692825,0.029692329466342926,0.04857878386974335,0.001397479441948235,1.0,33,-0.02153061330318451,0.0317484550178051,0.015090887434780598,0.012812318280339241,0.04134097695350647,0.0007864629151299596,1.0,74,-0.020313572138547897,0.017383884638547897,0.016008930280804634,0.024225296452641487,0.03478417545557022,0.0006378069519996643,1.0,0.042596129700541496,0.023105123545974493,0.04134097695350647,0.0317484550178051,0.03478417545557022,0.017383884638547897,1.0
1790268494.58464,36.46782898902893,728,0,23,-0.015873121097683907,0.0036813486367464066,0.01145913265645504,0.011648796498775482,0.020128801465034485,0.0006920614396221936,1.0,19,-0.050463225692510605,0.013131392188370228,0.0323561429977417,0.02707238867878914,0.059429820626974106,0.001430637203156948,1.0,33,-0.027035800740122795,0.030051954090595245,0.019469115883111954,0.01239507831633091,0.04301997274160385,0.00067893136292696,1.0,74,-0.014165929518640041,0.012418386526405811,0.018048737198114395,0.018930478021502495,0.0275571346282959,0.0007074839668348432,1.0,0.039779311046004295,0.008406370412558317,0.04301997274160385,0.030051954090595245,0.0275571346282959,0.012418386526405811,1.0
1790268494.6364343,36.51962327957153,729,0,23,-0.009287958964705467,0.005852077156305313,0.011350546032190323,0.007860171608626842,0.015484602190554142,0.0006036663544364274,1.0,19,-0.00959055032581091,0.023572420701384544,0.015665913000702858,0.024104680866003036,0.033467844128608704,0.0008644626359455287,1.0,33,-0.02521306835114956,0.007900353521108627,0.019135814160108566,0.012626984156668186,0.030145520344376564,0.0005938315880484879,1.0,74,-0.007087913807481527,0.004597019404172897,0.021648377180099487,0.01864650659263134,0.024756019935011864,0.0005724103539250791,1.0,0.024476223159581423,0.014712248928844929,0.030145520344376564,0.007900353521108627,0.024756019935011864,0.004597019404172897,1.0
1790268494.688634,36.57182288169861,730,0,23,0.03214894235134125,-0.00810838770121336,0.020135194063186646,0.014417774975299835,0.03850766271352768,0.0008906896109692752,1.0,19,0.011707507073879242,0.018384432420134544,0.016107968986034393,0.019322315230965614,0.03020833060145378,0.0012880280846729875,1.0,33,-0.014833854511380196,-0.001190185546875,0.012711917981505394,0.011219733394682407,0.02051190845668316,0.0007084600511007011,1.0,74,0.013525472953915596,-0.004858893342316151,0.02843358740210533,0.026859117671847343,0.03546114265918732,0.0006282824906520545,1.0,0.03435799665749073,0.005138022359460592,0.02051190845668316,-0.001190185546875,0.03546114265918732,-0.004858893342316151,1.0
1790268494.7364402,36.61962914466858,731,0,23,0.05726955085992813,-0.04386437311768532,0.035198893398046494,0.014595720916986465,0.0752728208899498,0.0015506272902712226,1.0,19,0.05001349374651909,0.015310990624129772,0.019599024206399918,0.020741235464811325,0.05538667365908623,0.0013515487080439925,1.0,33,0.018988406285643578,-0.01567632518708706,0.010640852153301239,0.012895996682345867,0.02768254093825817,0.0005059305694885552,1.0,74,0.04485547915101051,-0.004724657163023949,0.033939704298973083,0.032101310789585114,0.05307018384337425,0.000932046677917242,1.0,0.06532974727451801,-0.014276691246777773,0.02768254093825817,-0.01567632518708706,0.05307018384337425,-0.004724657163023949,1.0
1790268494.7884433,36.671632289886475,732,0,23,0.10236458480358124,-0.03534599021077156,0.03586561977863312,0.015898587182164192,0.10922723263502121,0.0018487200140953064,1.0,19,0.06563688814640045,0.020190590992569923,0.04105406999588013,0.06071991100907326,0.08178434520959854,0.00185311958193779,1.0,33,0.04884199798107147,-0.022535381838679314,0.01830611377954483,0.014151387847959995,0.055480409413576126,0.0007191142067313194,1.0,74,0.06994237005710602,-0.01657991111278534,0.037376731634140015,0.031096598133444786,0.07943141460418701,0.0008627120987512171,1.0,0.09550578892230988,-0.007577699609100819,0.055480409413576126,-0.022535381838679314,0.07943141460418701,-0.01657991111278534,1.0
1790268494.836469,36.71965789794922,733,0,23,0.12199335545301437,-0.026414955034852028,0.0389525443315506,0.018117891624569893,0.12596061825752258,0.001215735450387001,1.0,19,0.11985698342323303,-0.0032308478839695454,0.04042457416653633,0.022259419783949852,0.12204289436340332,0.002052184659987688,1.0,33,0.10238370299339294,-0.02281235158443451,0.03438099846243858,0.015325073152780533,0.10592328757047653,0.0006639778148382902,1.0,74,0.10221244394779205,-0.005289644934237003,0.04561135545372963,0.031116753816604614,0.1089022234082222,0.0010311525547876954,1.0,0.12400175631046295,-0.014822901459410787,0.10592328757047653,-0.02281235158443451,0.1089022234082222,-0.005289644934237003,1.0
1790268494.888497,36.77168607711792,734,0,23,0.07542949914932251,-0.009349657222628593,0.018935691565275192,0.007711862679570913,0.07648015767335892,0.0009594464208930731,1.0,19,0.07542017847299576,0.010234631597995758,0.027646498754620552,0.041293609887361526,0.08616602420806885,0.001508140005171299,1.0,33,0.07863038778305054,0.010394934564828873,0.023500725626945496,0.017411094158887863,0.08194388449192047,0.0005442053661681712,1.0,74,0.07909557968378067,0.00991078931838274,0.027471350505948067,0.028402483090758324,0.08403061330318451,0.0008131709764711559,1.0,0.08132309094071388,0.0004424871876835823,0.08194388449192047,0.010394934564828873,0.08403061330318451,0.00991078931838274,1.0
1790268494.9404132,36.82360219955444,735,1,23,0.07761615514755249,-0.00438856054097414,0.01950846053659916,0.008645068854093552,0.07819220423698425,0.000804489420261234,1.0,19,0.08416105806827545,0.021615279838442802,0.04033225029706955,0.024199454113841057,0.09523539245128632,0.0015978362644091249,1.0,33,0.07177411019802094,0.016528505831956863,0.022308891639113426,0.011205100454390049,0.07490886002779007,0.0005754025769419968,1.0,74,0.07134638726711273,0.008388210088014603,0.030522184446454048,0.016586612910032272,0.07462990283966064,0.0007748513016849756,1.0,0.08671379834413528,0.008613359648734331,0.07490886002779007,0.016528505831956863,0.07462990283966064,0.008388210088014603,1.0
1790268494.988737,36.871926069259644,736,0,23,0.051592618227005005,0.015959367156028748,0.018024981021881104,0.01632578857243061,0.057502418756484985,0.001025895937345922,1.0,19,0.0695672258734703,0.016588712111115456,0.02052862010896206,0.02427421510219574,0.07630202919244766,0.0017846381524577737,1.0,33,0.09081754088401794,0.038231588900089264,0.021017195656895638,0.011034020222723484,0.09951508045196533,0.0008265612414106727,1.0,74,0.062125541269779205,0.02269703708589077,0.028879383578896523,0.0220221895724535,0.07046651095151901,0.0006753089255653322,1.0,0.06690222397446632,0.0162740396335721,0.09951508045196533,0.038231588900089264,0.07046651095151901,0.02269703708589077,1.0
1790268495.0404773,36.92366623878479,737,0,23,0.06463158875703812,0.03492272272706032,0.02781168557703495,0.01156975980848074,0.076568603515625,0.0007893812144175172,1.0,19,0.06029791757464409,0.041949622333049774,0.016825206577777863,0.026672447100281715,0.07819656282663345,0.0014710184186697006,1.0,33,0.07536500692367554,0.06382474303245544,0.019519226625561714,0.013400882482528687,0.1003573015332222,0.0008276310982182622,1.0,74,0.055199287831783295,0.03867608308792114,0.023365909233689308,0.02709227241575718,0.07192153483629227,0.0007721937727183104,1.0,0.07738258317112923,0.038436172530055046,0.1003573015332222,0.06382474303245544,0.07192153483629227,0.03867608308792114,1.0
1790268495.088451,36.97163987159729,738,0,23,0.04080863669514656,0.037078194320201874,0.023694008588790894,0.006751331500709057,0.05961942300200462,0.0008442583493888378,1.0,19,0.073883056640625,0.05296406149864197,0.035771481692790985,0.023933039978146553,0.09484785795211792,0.0022309187334030867,1.0,33,0.06037718057632446,0.09218250960111618,0.02293478138744831,0.020544815808534622,0.11182453483343124,0.0008144921157509089,1.0,74,0.04793466255068779,0.05170358344912529,0.023044567555189133,0.037490297108888626,0.07405216246843338,0.0007578394142910838,1.0,0.07723364047706127,0.04502112790942192,0.11182453483343124,0.09218250960111618,0.07405216246843338,0.05170358344912529,1.0
1790268495.14037,37.02355885505676,739,0,23,0.019133858382701874,0.04565761238336563,0.021424053236842155,0.010038596577942371,0.05378016084432602,0.0009346624719910324,1.0,19,0.045413367450237274,0.047238800674676895,0.022809430956840515,0.021365858614444733,0.06852354109287262,0.0013948576524853706,1.0,33,0.02597508206963539,0.08902300894260406,0.023854481056332588,0.020048094913363457,0.09573103487491608,0.0007479575579054654,1.0,74,0.027407465502619743,0.050508033484220505,0.01643577218055725,0.03719303384423256,0.062468741089105606,0.0006855682586319745,1.0,0.06115185096859932,0.04644820652902126,0.09573103487491608,0.08902300894260406,0.062468741089105606,0.050508033484220505,1.0
1790268495.1923687,37.075557708740234,740,0,23,0.022462928667664528,0.07155310362577438,0.009304002858698368,0.0090674739331007,0.07552297413349152,0.0008021899266168475,1.0,19,0.009780080989003181,0.0646081194281578,0.018454575911164284,0.01961500570178032,0.06812852621078491,0.0016636840300634503,1.0,33,0.04970435053110123,0.09454622864723206,0.02864854782819748,0.019746318459510803,0.11023858934640884,0.0010828382801264524,1.0,74,0.025757042691111565,0.058608803898096085,0.024654299020767212,0.038942400366067886,0.0694165974855423,0.0007169433520175517,1.0,0.07182575017213821,0.0680806115269661,0.11023858934640884,0.09454622864723206,0.0694165974855423,0.058608803898096085,1.0
1790268495.2405164,37.12370538711548,741,0,23,0.0014993419172242284,0.06626825779676437,0.016458071768283844,0.009593567810952663,0.06823992729187012,0.0006231242441572249,1.0,19,0.013734516687691212,0.05250950902700424,0.0209491066634655,0.02177763357758522,0.05775275453925133,0.0015423588920384645,1.0,33,0.022014271467924118,0.07857999205589294,0.013159027323126793,0.015633778646588326,0.08272571861743927,0.000623289670329541,1.0,74,0.01261242013424635,0.04764309525489807,0.0163904819637537,0.03409934416413307,0.053840603679418564,0.0006601804052479565,1.0,0.06299634091556072,0.05938888341188431,0.08272571861743927,0.07857999205589294,0.053840603679418564,0.04764309525489807,1.0
1790268495.2924254,37.17561435699463,742,0,23,0.00254888110794127,0.04350944235920906,0.0153887290507555,0.008884130977094173,0.04608016088604927,0.0009402657742612064,1.0,19,0.013578715734183788,0.03159533068537712,0.017408587038517,0.022535108029842377,0.042451463639736176,0.001380025059916079,1.0,33,0.020579945296049118,0.05517254397273064,0.01653042435646057,0.015365563333034515,0.06119420379400253,0.00042380503145977855,1.0,74,0.009698609821498394,0.03952232748270035,0.016442488878965378,0.025731686502695084,0.04560782387852669,0.0006413976079784334,1.0,0.04426581226289272,0.03755238652229309,0.06119420379400253,0.05517254397273064,0.04560782387852669,0.03952232748270035,1.0
1790268495.3405702,37.223759174346924,743,0,23,0.213640958070755,0.19805575907230377,0.22197967767715454,0.1413009911775589,0.31177768111228943,0.01449745986610651,1.0,19,-0.04249010607600212,0.0759735107421875,0.09745000302791595,0.1352970153093338,0.09958543628454208,0.0059051415883004665,1.0,33,0.008741436526179314,0.03004501760005951,0.019982505589723587,0.016174441203475,0.037492748349905014,0.0008353450684808195,1.0,74,0.022633526474237442,0.05103260651230812,0.07704012840986252,0.08568239212036133,0.07032735645771027,0.003506634384393692,1.0,0.20568155869841576,0.13701463490724564,0.037492748349905014,0.03004501760005951,0.07032735645771027,0.05103260651230812,1.0
1790268495.3924124,37.275601387023926,744,0,23,0.37893810868263245,0.3736572265625,0.4198060929775238,0.2551688551902771,0.5829427242279053,0.040890563279390335,1.0,19,-0.08135183155536652,0.14492475986480713,0.2520809471607208,0.29318323731422424,0.2182164192199707,0.05440905690193176,1.0,33,0.0035932136233896017,0.032056402415037155,0.011479337699711323,0.014385788701474667,0.0346602238714695,0.0006092330440878868,1.0,74,0.046472083777189255,0.07744845747947693,0.1582186371088028,0.16588087379932404,0.10698280483484268,0.01002947986125946,1.0,0.400579571723938,0.25929099321365356,0.0346602238714695,0.032056402415037155,0.10698280483484268,0.07744845747947693,1.0
1790268495.444649,37.32783794403076,745,0,23,0.03141253814101219,0.050568290054798126,0.027646901085972786,0.014338303357362747,0.06380987167358398,0.0010839655296877027,1.0,19,0.0027112457901239395,0.02962212823331356,0.021855296567082405,0.030571812763810158,0.042367901653051376,0.0013133444590494037,1.0,33,0.0029962712433189154,0.03997664153575897,0.01758584938943386,0.01025648694485426,0.04421188309788704,0.0004573794431053102,1.0,74,0.009142489172518253,0.024383544921875,0.018062975257635117,0.021357249468564987,0.03433177247643471,0.0005399700603447855,1.0,0.05308888666331768,0.04009520914405584,0.04421188309788704,0.03997664153575897,0.03433177247643471,0.024383544921875,1.0
1790268495.492428,37.375617027282715,746,0,23,0.004370647948235273,0.056014351546764374,0.011763208545744419,0.01346974354237318,0.05748582258820534,0.000983938341960311,1.0,19,-0.02469353936612606,0.05126390978693962,0.03733585402369499,0.04887455329298973,0.0713232159614563,0.0020189634524285793,1.0,33,0.010384761728346348,0.0497945137321949,0.01662890985608101,0.017751887440681458,0.05430126190185547,0.0007436704472638667,1.0,74,0.009473646059632301,0.03102751076221466,0.01391776092350483,0.030025972053408623,0.040840718895196915,0.0005299451295286417,1.0,0.06440451927483082,0.053639130666852,0.05430126190185547,0.0497945137321949,0.040840718895196915,0.03102751076221466,1.0
1790268495.5447443,37.42793321609497,747,0,23,0.01650005765259266,0.055649466812610626,0.020512953400611877,0.015381870791316032,0.06177632138133049,0.0007705226307734847,1.0,19,0.01357229147106409,0.0378265380859375,0.02562079392373562,0.03298858180642128,0.05278083682060242,0.001746735884808004,1.0,33,-0.003491025883704424,0.08232024312019348,0.01579543948173523,0.017561638727784157,0.0840631052851677,0.0006814214866608381,1.0,74,0.009714899584650993,0.04111109673976898,0.019027775153517723,0.03957834839820862,0.053385794162750244,0.0006421644357033074,1.0,0.057278579100966454,0.04673800244927406,0.0840631052851677,0.08232024312019348,0.053385794162750244,0.04111109673976898,1.0
1790268495.5924697,37.475658655166626,748,0,23,0.011238429695367813,0.043610282242298126,0.030515626072883606,0.017122896388173103,0.052364591509103775,0.001267389627173543,1.0,19,0.005703574512153864,0.07817640155553818,0.02124413475394249,0.03950158506631851,0.08635243028402328,0.002003698842599988,1.0,33,0.00883530080318451,0.08660842478275299,0.01601153239607811,0.01815386302769184,0.0885532796382904,0.0006192898144945502,1.0,74,0.012581284157931805,0.04369271919131279,0.020149342715740204,0.044952429831027985,0.05758485198020935,0.0006669891299679875,1.0,0.06935851089656353,0.06089334189891815,0.0885532796382904,0.08660842478275299,0.05758485198020935,0.04369271919131279,1.0
1790268495.6443956,37.52758455276489,749,0,23,-0.03042270801961422,0.06757055968046188,0.025659045204520226,0.024232257157564163,0.07929506152868271,0.0008558864938095212,1.0,19,0.017403051257133484,0.06521124392747879,0.02608570083975792,0.03141956403851509,0.07436693459749222,0.0020727498922497034,1.0,33,-0.04244856536388397,0.1583806872367859,0.04573388770222664,0.05812422186136246,0.16677820682525635,0.0033966025803238153,1.0,74,-0.01487649418413639,0.08097756654024124,0.03584633022546768,0.07096461951732635,0.08962325006723404,0.0010952790034934878,1.0,0.07683099806308746,0.06639090180397034,0.16677820682525635,0.1583806872367859,0.08962325006723404,0.08097756654024124,1.0
1790268495.6924686,37.57565760612488,750,1,23,-0.049442458897829056,0.09277874231338501,0.035009726881980896,0.016927126795053482,0.10922285914421082,0.0014527153689414263,1.0,19,-0.019537674263119698,0.08961004763841629,0.027575001120567322,0.044127222150564194,0.09652505815029144,0.0019168590661138296,1.0,33,-0.02944900095462799,0.1713002473115921,0.04213811829686165,0.04487668350338936,0.17765137553215027,0.001560488250106573,1.0,74,-0.024449940770864487,0.09098052978515625,0.02852100133895874,0.07634621113538742,0.10040105134248734,0.0010209212778136134,1.0,0.10287395864725113,0.09119439497590065,0.17765137553215027,0.1713002473115921,0.10040105134248734,0.09098052978515625,1.0
1790268495.744261,37.62744998931885,751,0,23,-0.09090854972600937,0.09279931336641312,0.042427971959114075,0.020713582634925842,0.13443422317504883,0.0015896107070147991,1.0,19,-0.041028473526239395,0.08458107709884644,0.03142238035798073,0.029765550047159195,0.09708355367183685,0.0018780615646392107,1.0,33,-0.05923045799136162,0.13078908622264862,0.02880621701478958,0.027077199891209602,0.14488105475902557,0.0016482534119859338,1.0,74,-0.055168770253658295,0.08526982367038727,0.04182693734765053,0.06279443204402924,0.1103927344083786,0.0012592255370691419,1.0,0.11575888842344284,0.08869019523262978,0.14488105475902557,0.13078908622264862,0.1103927344083786,0.08526982367038727,1.0
1790268495.7963395,37.67952847480774,752,0,23,-0.14458630979061127,0.13340559601783752,0.04110885411500931,0.032708365470170975,0.19948820769786835,0.0015529277734458447,1.0,19,-0.06205187365412712,0.07064417749643326,0.027492647990584373,0.020634666085243225,0.09600117057561874,0.001525712083093822,1.0,33,-0.08875574916601181,0.10044213384389877,0.028337910771369934,0.0225350484251976,0.1363903433084488,0.0009038115385919809,1.0,74,-0.0791986808180809,0.06995990127325058,0.047426432371139526,0.053841665387153625,0.11205371469259262,0.0010385578498244286,1.0,0.14774468913674355,0.10202488675713539,0.1363903433084488,0.10044213384389877,0.11205371469259262,0.06995990127325058,1.0
1790268495.844297,37.72748589515686,753,0,23,-0.14482381939888,0.11782903224229813,0.04343728721141815,0.038876790553331375,0.19148017466068268,0.001957542961463332,1.0,19,-0.11996781080961227,0.07459861040115356,0.04818050563335419,0.02910919301211834,0.1463194191455841,0.0021390256006270647,1.0,33,-0.10333807021379471,0.10345320403575897,0.03975353017449379,0.01774238795042038,0.1482061892747879,0.0009217750048264861,1.0,74,-0.10777489095926285,0.07661397010087967,0.06397352367639542,0.05635149031877518,0.14415612816810608,0.0013103685341775417,1.0,0.1688997969031334,0.09621382132172585,0.1482061892747879,0.10345320403575897,0.14415612816810608,0.07661397010087967,1.0
1790268495.896587,37.779775857925415,754,0,23,-0.10145635157823563,0.08940853923559189,0.03814997151494026,0.02830631099641323,0.13895675539970398,0.0016128286952152848,1.0,19,-0.1016974225640297,0.0323028564453125,0.04586205258965492,0.05038328841328621,0.12022717297077179,0.0018893800443038344,1.0,33,-0.06503388285636902,0.09130628407001495,0.015881184488534927,0.022232161834836006,0.11300582438707352,0.0010263231815770268,1.0,74,-0.07865142822265625,0.0702403336763382,0.040021833032369614,0.0479387603700161,0.11593182384967804,0.0010302286827936769,1.0,0.12959196418523788,0.060855697840452194,0.11300582438707352,0.09130628407001495,0.11593182384967804,0.0702403336763382,1.0
1790268495.944642,37.82783102989197,755,0,23,-0.08606886118650436,0.08214535564184189,0.02050969749689102,0.017147021368145943,0.12043467909097672,0.0007009445689618587,1.0,19,-0.11733687669038773,0.048632971942424774,0.04132191091775894,0.04163258895277977,0.13532786071300507,0.0019139933865517378,1.0,33,-0.04868478327989578,0.06315243244171143,0.03213873505592346,0.01580090820789337,0.08361778408288956,0.0008045518770813942,1.0,74,-0.06547752767801285,0.049111444503068924,0.05024882033467293,0.04094453901052475,0.09464659541845322,0.0010557289933785796,1.0,0.1278812699019909,0.06538916379213333,0.08361778408288956,0.06315243244171143,0.09464659541845322,0.049111444503068924,1.0
1790268495.9965355,37.87972450256348,756,0,23,-0.04492850974202156,0.043030448257923126,0.020424973219633102,0.02040758542716503,0.06689251959323883,0.0007533157477155328,1.0,19,-0.11061015725135803,0.03860955312848091,0.02988237328827381,0.03530420362949371,0.12093837559223175,0.0025033520068973303,1.0,33,-0.05571585148572922,0.015809955075383186,0.015948712825775146,0.009497852995991707,0.058753035962581635,0.0005474196514114738,1.0,74,-0.05957196280360222,0.019096581265330315,0.02960696630179882,0.02270587719976902,0.06699921935796738,0.0007681166753172874,1.0,0.09391544759273529,0.04082000069320202,0.058753035962581635,0.015809955075383186,0.06699921935796738,0.019096581265330315,1.0
1790268496.0487027,37.931891679763794,757,0,23,-0.11198955774307251,0.04815872758626938,0.03447863459587097,0.03169672191143036,0.12315938621759415,0.0011655469425022602,1.0,19,-0.14824797213077545,0.018298501148819923,0.07437361776828766,0.03694353625178337,0.15226449072360992,0.002424580277875066,1.0,33,-0.12332338094711304,-0.00552506884559989,0.02388254553079605,0.018927564844489098,0.12475864589214325,0.0010779282310977578,1.0,74,-0.12836435437202454,0.004393500275909901,0.07020648568868637,0.032965533435344696,0.1325572431087494,0.0010296594118699431,1.0,0.13771193847060204,0.03322861436754465,0.12475864589214325,-0.00552506884559989,0.1325572431087494,0.004393500275909901,1.0
1790268496.0967333,37.9799222946167,758,0,23,-0.17211981117725372,0.055084228515625,0.052407342940568924,0.013525707647204399,0.1816970407962799,0.0011305839288979769,1.0,19,-0.260498046875,0.03787874057888985,0.08274419605731964,0.03490167111158371,0.2647601068019867,0.004315330646932125,1.0,33,-0.22393660247325897,-0.007453225087374449,0.04092933610081673,0.025862522423267365,0.22559159994125366,0.0013081211363896728,1.0,74,-0.21927540004253387,0.006191975437104702,0.09163333475589752,0.060055483132600784,0.228703111410141,0.0015342725673690438,1.0,0.2232285737991333,0.04648148454725742,0.22559159994125366,-0.007453225087374449,0.228703111410141,0.006191975437104702,1.0
1790268496.148517,38.03170585632324,759,0,23,-0.3645550310611725,0.10681483894586563,0.07218829542398453,0.021735986694693565,0.3810524642467499,0.0027764199767261744,1.0,19,-0.40792685747146606,0.015020269900560379,0.10998047888278961,0.12573005259037018,0.42227739095687866,0.0057785287499427795,1.0,33,-0.3363707661628723,0.029631180688738823,0.08293439447879791,0.03939283266663551,0.3393961489200592,0.0011513431090861559,1.0,74,-0.33971261978149414,0.03580474853515625,0.13092666864395142,0.07441846281290054,0.3485581576824188,0.0024892871733754873,1.0,0.40166492760181427,0.060917554423213005,0.3393961489200592,0.029631180688738823,0.3485581576824188,0.03580474853515625,1.0
1790268496.196586,38.07977485656738,760,0,23,-0.37611985206604004,0.09208148717880249,0.06386512517929077,0.024077555164694786,0.3882010877132416,0.003179849125444889,1.0,19,-0.41446566581726074,0.08854354172945023,0.08366456627845764,0.11192634701728821,0.4357185959815979,0.0047396388836205006,1.0,33,-0.3589625358581543,0.015296242199838161,0.0699567124247551,0.025288665667176247,0.36023786664009094,0.0015032719820737839,1.0,74,-0.3579520285129547,0.05677321180701256,0.10928751528263092,0.07560981810092926,0.36854469776153564,0.0020657635759562254,1.0,0.41195984184741974,0.09031251445412636,0.36023786664009094,0.015296242199838161,0.36854469776153564,0.05677321180701256,1.0
1790268496.2486525,38.13184142112732,761,0,23,-0.3769551217556,0.06694627553224564,0.0554049126803875,0.02833259478211403,0.38397324085235596,0.002245927695184946,1.0,19,-0.5041150450706482,-0.029426977038383484,0.11374950408935547,0.0841909795999527,0.5116217136383057,0.005304780323058367,1.0,33,-0.35322293639183044,-0.06298735737800598,0.0483543798327446,0.03127043694257736,0.36055609583854675,0.002600771375000477,1.0,74,-0.3679586946964264,-0.014699987135827541,0.12393850088119507,0.07313165813684464,0.3748500943183899,0.0026914249174296856,1.0,0.4477974772453308,0.018759649246931076,0.36055609583854675,-0.06298735737800598,0.3748500943183899,-0.014699987135827541,1.0
1790268496.3004923,38.18368124961853,762,0,23,-0.34086209535598755,-0.03173695504665375,0.06276489049196243,0.03348531201481819,0.3442879319190979,0.0030846090521663427,1.0,19,-0.3553643524646759,-0.06786146014928818,0.08475367724895477,0.05237105116248131,0.36710792779922485,0.004955263342708349,1.0,33,-0.33669397234916687,-0.12099110335111618,0.06908753514289856,0.03712740167975426,0.35956430435180664,0.0029620621353387833,1.0,74,-0.27643606066703796,-0.04168350622057915,0.10163634270429611,0.07540252804756165,0.290996253490448,0.0024246876128017902,1.0,0.3556979298591614,-0.04979920759797096,0.35956430435180664,-0.12099110335111618,0.290996253490448,-0.04168350622057915,1.0
1790268496.3484123,38.23160123825073,763,0,23,-0.2787555158138275,-0.10899750888347626,0.08982691168785095,0.0577966682612896,0.3030112385749817,0.004054581746459007,1.0,19,-0.2755560576915741,-0.10733995586633682,0.07833418250083923,0.07725716382265091,0.30456000566482544,0.006491163279861212,1.0,33,-0.3184259533882141,-0.23827894032001495,0.10000333935022354,0.057087771594524384,0.40231838822364807,0.006066732574254274,1.0,74,-0.24893580377101898,-0.1276787370443344,0.10384459793567657,0.11760358512401581,0.2946057915687561,0.0028740272391587496,1.0,0.30378562211990356,-0.10816873237490654,0.40231838822364807,-0.23827894032001495,0.2946057915687561,-0.1276787370443344,1.0
1790268496.4001968,38.28338575363159,764,0,23,-0.22209367156028748,-0.21306642889976501,0.05721697211265564,0.06427047401666641,0.3114613890647888,0.004165627993643284,1.0,19,-0.29916059970855713,-0.16102199256420135,0.11807017028331757,0.07273700088262558,0.3547617495059967,0.005752310156822205,1.0,33,-0.21832090616226196,-0.3555459678173065,0.07022875547409058,0.0835181400179863,0.42243140935897827,0.004934425465762615,1.0,74,-0.19293399155139923,-0.18366654217243195,0.08373679220676422,0.15314136445522308,0.28823670744895935,0.003034449415281415,1.0,0.33311156928539276,-0.18704421073198318,0.42243140935897827,-0.3555459678173065,0.28823670744895935,-0.18366654217243195,1.0
1790268496.4482532,38.33144211769104,765,1,23,-0.18711985647678375,-0.17425736784934998,0.04980229586362839,0.02117297612130642,0.25858205556869507,0.0032286851201206446,1.0,19,-0.21300627291202545,-0.17799699306488037,0.062432676553726196,0.11472170799970627,0.2929837107658386,0.006594030652195215,1.0,33,-0.18486855924129486,-0.2906794548034668,0.07587720453739166,0.05116577818989754,0.3510168194770813,0.003121586749330163,1.0,74,-0.18686304986476898,-0.16749882698059082,0.07655631750822067,0.1336906999349594,0.273029625415802,0.002313604112714529,1.0,0.27578288316726685,-0.17612718045711517,0.3510168194770813,-0.2906794548034668,0.273029625415802,-0.16749882698059082,1.0
1790268496.500654,38.38384294509888,766,0,23,-0.19023464620113373,-0.14556154608726501,0.07363119721412659,0.0243783351033926,0.24419966340065002,0.002380502875894308,1.0,19,-0.2411145716905594,-0.18959367275238037,0.09466852992773056,0.04441189393401146,0.31197696924209595,0.00724729523062706,1.0,33,-0.1619419902563095,-0.2052200734615326,0.05230432376265526,0.0741894394159317,0.2670696973800659,0.002749009057879448,1.0,74,-0.17481273412704468,-0.14004558324813843,0.07802005112171173,0.08076415956020355,0.23552682995796204,0.0021962635219097137,1.0,0.278088316321373,-0.1675776094198227,0.2670696973800659,-0.2052200734615326,0.23552682995796204,-0.14004558324813843,1.0
1790268496.5525115,38.43570041656494,767,0,23,-0.221623957157135,-0.11146876960992813,0.036870550364255905,0.02119375392794609,0.24934425950050354,0.0017733210697770119,1.0,19,-0.2588115632534027,-0.1451568603515625,0.03704626485705376,0.037311851978302,0.2991267144680023,0.004717971198260784,1.0,33,-0.19155699014663696,-0.13047929108142853,0.06496625393629074,0.03509529307484627,0.23356993496418,0.001849289401434362,1.0,74,-0.1971728354692459,-0.09137395769357681,0.09021082520484924,0.07132871448993683,0.226649671792984,0.001689298776909709,1.0,0.27423548698425293,-0.12831281498074532,0.23356993496418,-0.13047929108142853,0.226649671792984,-0.09137395769357681,1.0
1790268496.6005437,38.4837327003479,768,0,23,-0.12756414711475372,-0.032434213906526566,0.03836828097701073,0.02245374023914337,0.13296082615852356,0.00123459508176893,1.0,19,-0.1998724639415741,-0.11345391720533371,0.0551827996969223,0.07958279550075531,0.24481825530529022,0.0065208785235881805,1.0,33,-0.16030097007751465,-0.07763255387544632,0.04985428601503372,0.03187251091003418,0.18265116214752197,0.0015993360430002213,1.0,74,-0.13573703169822693,-0.037293512374162674,0.06432643532752991,0.05384279042482376,0.1512921303510666,0.0019107211846858263,1.0,0.1888895407319069,-0.07294406555593014,0.18265116214752197,-0.07763255387544632,0.1512921303510666,-0.037293512374162674,1.0
1790268496.6524358,38.535624742507935,769,0,23,0.20913231372833252,0.2380775809288025,0.3771311342716217,0.2428331822156906,0.42857348918914795,0.058286283165216446,1.0,19,-0.22517475485801697,0.03591758385300636,0.23586271703243256,0.3357003629207611,0.28924399614334106,0.03085506521165371,1.0,33,-0.05382098630070686,-0.0666097030043602,0.027562377974390984,0.0184790026396513,0.08906307071447372,0.001061140326783061,1.0,74,-0.013283188454806805,-0.0007889206171967089,0.1918172836303711,0.1220766007900238,0.12103179842233658,0.0097982008010149,1.0,0.3589087426662445,0.13699758239090443,0.08906307071447372,-0.0666097030043602,0.12103179842233658,-0.0007889206171967089,1.0
1790268496.7005777,38.58376669883728,770,0,23,0.13997815549373627,0.06355153024196625,0.18208816647529602,0.09200174361467361,0.1868952214717865,0.020394625142216682,1.0,19,-0.04546155408024788,0.01196529995650053,0.045041847974061966,0.09112090617418289,0.06847946345806122,0.004359352868050337,1.0,33,0.021257804706692696,-0.04197600483894348,0.020920809358358383,0.019918758422136307,0.052319202572107315,0.0007248124456964433,1.0,74,0.030195288360118866,-0.007440515328198671,0.10360268503427505,0.05380195006728172,0.06732252985239029,0.0042116520926356316,1.0,0.12768734246492386,0.03775841509923339,0.052319202572107315,-0.04197600483894348,0.06732252985239029,-0.007440515328198671,1.0
1790268496.752415,38.63560390472412,771,0,23,-0.3936561942100525,-0.279927134513855,0.5093626976013184,0.23529651761054993,0.558695375919342,0.11736356467008591,1.0,19,0.20216289162635803,-0.16445200145244598,0.36093878746032715,0.3847872018814087,0.27108263969421387,0.04001385718584061,1.0,33,0.10082360357046127,-0.0581715889275074,0.045593731105327606,0.027665024623274803,0.11924140155315399,0.0010848614620044827,1.0,74,-0.0033785845153033733,-0.07720679044723511,0.2747017443180084,0.1383882462978363,0.15929801762104034,0.02057493105530739,1.0,0.41488900780677795,-0.22218956798315048,0.11924140155315399,-0.0581715889275074,0.15929801762104034,-0.07720679044723511,1.0
1790268496.8043323,38.68752121925354,772,0,23,-0.41097888350486755,-0.45446643233299255,0.6298245191574097,0.2904150187969208,0.7324734330177307,0.09890898317098618,1.0,19,0.29382002353668213,-0.18216584622859955,0.2869735062122345,0.3184452950954437,0.3703431487083435,0.06256181746721268,1.0,33,0.2803390920162201,-0.01821991801261902,0.1028720960021019,0.03999121114611626,0.28308048844337463,0.0019119235221296549,1.0,74,0.15116716921329498,-0.06614107638597488,0.26199647784233093,0.18339303135871887,0.28403016924858093,0.021665653213858604,1.0,0.5514082908630371,-0.31831613928079605,0.28308048844337463,-0.01821991801261902,0.28403016924858093,-0.06614107638597488,1.0
1790268496.8524144,38.73560333251953,773,0,23,0.2657490670681,-0.36864373087882996,0.1302025318145752,0.10119437426328659,0.47741007804870605,0.009368372149765491,1.0,19,0.31759482622146606,-0.16231335699558258,0.16882668435573578,0.13504840433597565,0.3657093942165375,0.021992310881614685,1.0,33,0.4273681640625,0.06307335942983627,0.0932946726679802,0.03296336159110069,0.4329972267150879,0.004272976890206337,1.0,74,0.3178251087665558,-0.032968468964099884,0.13889871537685394,0.14152765274047852,0.3489319682121277,0.00430940231308341,1.0,0.42155973613262177,-0.26547854393720627,0.4329972267150879,0.06307335942983627,0.3489319682121277,-0.032968468964099884,1.0
1790268496.904442,38.787631034851074,774,0,23,0.33529263734817505,-0.14213761687278748,0.08010774105787277,0.0698048397898674,0.36850079894065857,0.005237911827862263,1.0,19,0.2674126923084259,-0.03939658775925636,0.07765178382396698,0.07950374484062195,0.2816978693008423,0.008320460096001625,1.0,33,0.49053630232810974,0.11983697861433029,0.09633776545524597,0.03680713474750519,0.5061915516853333,0.0024854287039488554,1.0,74,0.3500826060771942,0.018326424062252045,0.14299629628658295,0.10540064424276352,0.3654550015926361,0.003488093614578247,1.0,0.3250993341207504,-0.09076710231602192,0.5061915516853333,0.11983697861433029,0.3654550015926361,0.018326424062252045,1.0
1790268496.952642,38.83583092689514,775,0,23,0.40042778849601746,0.04895550385117531,0.11692174524068832,0.10031566023826599,0.4171527028083801,0.00980460550636053,1.0,19,0.3182324767112732,-0.015972739085555077,0.1178525760769844,0.09306980669498444,0.3317420184612274,0.011700276285409927,1.0,33,0.4552149772644043,0.13818220794200897,0.07005718350410461,0.02869926393032074,0.477405309677124,0.001746938331052661,1.0,74,0.3467157781124115,0.06943614780902863,0.1456526517868042,0.0852324515581131,0.3644190728664398,0.002773940097540617,1.0,0.37444736063480377,0.016491382382810116,0.477405309677124,0.13818220794200897,0.3644190728664398,0.06943614780902863,1.0
1790268497.004355,38.88754391670227,776,0,23,0.2944866716861725,0.028709080070257187,0.0935654267668724,0.05311640724539757,0.30016714334487915,0.0039991349913179874,1.0,19,0.2874579131603241,0.026440268382430077,0.11613431572914124,0.0610090047121048,0.2950775921344757,0.00748852826654911,1.0,33,0.39834269881248474,0.10919004678726196,0.048120904713869095,0.031420957297086716,0.4144425094127655,0.0022523279767483473,1.0,74,0.29499486088752747,0.04089829698204994,0.11417276412248611,0.09404666721820831,0.31129521131515503,0.0027025057934224606,1.0,0.29762236773967743,0.027574674226343632,0.4144425094127655,0.10919004678726196,0.31129521131515503,0.04089829698204994,1.0
1790268497.0563195,38.93950843811035,777,0,23,0.22155562043190002,0.038568247109651566,0.06765542924404144,0.054723940789699554,0.23102273046970367,0.0020692667458206415,1.0,19,0.24531154334545135,-0.010005749762058258,0.07253530621528625,0.0798531174659729,0.2592770755290985,0.004012449644505978,1.0,33,0.3792280852794647,0.14695554971694946,0.05646425485610962,0.03421126306056976,0.408161461353302,0.003056573448702693,1.0,74,0.2500166893005371,0.0544835701584816,0.10815422981977463,0.08670733869075775,0.2675648331642151,0.002007418544963002,1.0,0.2451499029994011,0.014281248673796654,0.408161461353302,0.14695554971694946,0.2675648331642151,0.0544835701584816,1.0
1790268497.1045575,38.987746477127075,778,0,23,0.7919331192970276,0.5147035121917725,0.6573394536972046,0.35844457149505615,0.9819113612174988,0.049635857343673706,1.0,19,0.140899658203125,0.14656388759613037,0.11651864647865295,0.3030014932155609,0.2968556880950928,0.03118794783949852,1.0,33,0.3736105263233185,0.2827717065811157,0.06866465508937836,0.0573137030005455,0.4727485477924347,0.0036577743012458086,1.0,74,0.3027251064777374,0.17857547104358673,0.27015653252601624,0.25429925322532654,0.3832242786884308,0.010447198525071144,1.0,0.6393835246562958,0.3306336998939514,0.4727485477924347,0.2827717065811157,0.3832242786884308,0.17857547104358673,1.0
1790268497.1565902,39.03977918624878,779,0,23,0.22286787629127502,0.48685023188591003,0.2316914200782776,0.22809717059135437,0.5614054203033447,0.02566482499241829,1.0,19,0.12658049166202545,0.2677154541015625,0.1440955102443695,0.26580607891082764,0.36562666296958923,0.01936965435743332,1.0,33,0.4204207956790924,0.6992834806442261,0.12004298716783524,0.16282419860363007,0.8246901631355286,0.006280906032770872,1.0,74,0.20090587437152863,0.34295839071273804,0.18917913734912872,0.3556272089481354,0.4523802101612091,0.008255491964519024,1.0,0.463516041636467,0.37728284299373627,0.8246901631355286,0.6992834806442261,0.4523802101612091,0.34295839071273804,1.0
1790268497.2047026,39.087891578674316,780,1,23,-0.0025249978061765432,0.7954698801040649,0.056630004197359085,0.15435969829559326,0.7974849939346313,0.010910921730101109,1.0,19,0.08943256735801697,0.41531774401664734,0.16110649704933167,0.43249064683914185,0.6048290133476257,0.019700847566127777,1.0,33,0.2790772318840027,0.8559505343437195,0.08201996982097626,0.07019145041704178,0.9037231206893921,0.006863884627819061,1.0,74,0.09326563775539398,0.4402133822441101,0.19824853539466858,0.4803048372268677,0.5827439427375793,0.006189398467540741,1.0,0.7011570036411285,0.6053938120603561,0.9037231206893921,0.8559505343437195,0.5827439427375793,0.4402133822441101,1.0
1790268497.2565155,39.13970446586609,781,0,23,-0.13457588851451874,0.9462831020355225,0.0680033341050148,0.08400905132293701,0.9580326080322266,0.008918899111449718,1.0,19,-0.05363383889198303,0.5703791379928589,0.1214938536286354,0.4293088912963867,0.6720219254493713,0.020575396716594696,1.0,33,0.063629150390625,1.0579270124435425,0.10374996811151505,0.1752227544784546,1.0672070980072021,0.006994068622589111,1.0,74,-0.03832018002867699,0.5595919489860535,0.16324234008789062,0.5405849814414978,0.6739282608032227,0.004577259998768568,1.0,0.815027266740799,0.7583311200141907,1.0672070980072021,1.0579270124435425,0.6739282608032227,0.5595919489860535,1.0
1790268497.3085423,39.191731214523315,782,0,23,-0.21753858029842377,0.8609791398048401,0.05686523765325546,0.11072076857089996,0.8901200294494629,0.008613770827651024,1.0,19,-0.1584954559803009,0.6173079609870911,0.11240254342556,0.3318590521812439,0.6736740469932556,0.0130338529124856,1.0,33,-0.0034082585480064154,0.8392153382301331,0.11801885813474655,0.09699907153844833,0.8471649289131165,0.007786302827298641,1.0,74,-0.09471171349287033,0.5044870972633362,0.1559860110282898,0.43946772813796997,0.5971247553825378,0.005277751479297876,1.0,0.7818970382213593,0.7391435503959656,0.8471649289131165,0.8392153382301331,0.5971247553825378,0.5044870972633362,1.0
1790268497.356545,39.239733934402466,783,0,23,-0.19214332103729248,0.8527666330337524,0.07459947466850281,0.09546231478452682,0.8760338425636292,0.00706606125459075,1.0,19,-0.04005351662635803,0.6136795878410339,0.17423835396766663,0.4485980272293091,0.7490372657775879,0.015771036967635155,1.0,33,-0.016523880884051323,0.9543956518173218,0.05531919375061989,0.15161938965320587,0.9561139941215515,0.00817298237234354,1.0,74,-0.1109355241060257,0.5167908668518066,0.12677797675132751,0.47225528955459595,0.6175279021263123,0.0067214565351605415,1.0,0.8125355541706085,0.7332231104373932,0.9561139941215515,0.9543956518173218,0.6175279021263123,0.5167908668518066,1.0
1790268497.4085886,39.29177761077881,784,0,23,-0.31568312644958496,1.0535451173782349,0.10121311247348785,0.1622449904680252,1.1053078174591064,0.008900843560695648,1.0,19,-0.25242212414741516,0.692075252532959,0.14119017124176025,0.4241240620613098,0.8076746463775635,0.02253684774041176,1.0,33,-0.05701562017202377,0.8989174365997314,0.1314893364906311,0.12966369092464447,0.9101437926292419,0.008513852953910828,1.0,74,-0.1448376625776291,0.524787187576294,0.14916276931762695,0.5019289255142212,0.6478684544563293,0.005218585021793842,1.0,0.956491231918335,0.8728101849555969,0.9101437926292419,0.8989174365997314,0.6478684544563293,0.524787187576294,1.0
1790268497.456526,39.339715003967285,785,0,23,-0.22710584104061127,0.5054380893707275,0.06283937394618988,0.08569055050611496,0.5586231350898743,0.008859124965965748,1.0,19,-0.15740324556827545,0.49602389335632324,0.12395213544368744,0.2460029274225235,0.5473990440368652,0.018486127257347107,1.0,33,-0.20370391011238098,0.5103228092193604,0.11250299960374832,0.10856620222330093,0.5557261109352112,0.006100584752857685,1.0,74,-0.18878833949565887,0.30618956685066223,0.10219456255435944,0.28124791383743286,0.4115184545516968,0.004265788476914167,1.0,0.5530110895633698,0.5007309913635254,0.5557261109352112,0.5103228092193604,0.4115184545516968,0.30618956685066223,1.0
1790268497.508548,39.39173698425293,786,0,23,-0.20960135757923126,0.43701571226119995,0.06721659749746323,0.09864383935928345,0.4892166256904602,0.01419848296791315,1.0,19,-0.15780800580978394,0.33272191882133484,0.07227838039398193,0.11674035340547562,0.3823987543582916,0.009313784539699554,1.0,33,-0.23737913370132446,0.2980453073978424,0.10081883519887924,0.08498521149158478,0.3836682438850403,0.003955527674406767,1.0,74,-0.17327138781547546,0.19447574019432068,0.10046691447496414,0.20082233846187592,0.2964341938495636,0.0030453470535576344,1.0,0.4358076900243759,0.3848688155412674,0.3836682438850403,0.2980453073978424,0.2964341938495636,0.19447574019432068,1.0
1790268497.5605195,39.443708419799805,787,0,23,-0.17925560474395752,0.21753327548503876,0.0736640989780426,0.06383784115314484,0.29400956630706787,0.005787282716482878,1.0,19,-0.20974089205265045,0.3573535978794098,0.06705974787473679,0.15178470313549042,0.41966018080711365,0.008730008266866207,1.0,33,-0.24010397493839264,0.21988007426261902,0.07170438766479492,0.0606529600918293,0.3271161615848541,0.0030698017217218876,1.0,74,-0.19555169343948364,0.10585558414459229,0.08963759988546371,0.15714959800243378,0.262872576713562,0.0020327665843069553,1.0,0.35683487355709076,0.2874434366822243,0.3271161615848541,0.21988007426261902,0.262872576713562,0.10585558414459229,1.0
1790268497.6087692,39.491958141326904,788,0,23,-0.22372569143772125,0.14131827652454376,0.09486328810453415,0.06758484244346619,0.27903997898101807,0.0038759747985750437,1.0,19,-0.16513383388519287,0.2585834562778473,0.08565834909677505,0.0884215384721756,0.3226664960384369,0.005387275014072657,1.0,33,-0.383942574262619,0.2495376169681549,0.09916899353265762,0.0842372253537178,0.46335509419441223,0.0035380457993596792,1.0,74,-0.25353488326072693,0.0707646980881691,0.14232929050922394,0.20331743359565735,0.32223910093307495,0.0027151836548000574,1.0,0.3008532375097275,0.19995086640119553,0.46335509419441223,0.2495376169681549,0.32223910093307495,0.0707646980881691,1.0
1790268497.6604002,39.54358911514282,789,0,23,-0.17607381939888,0.08123381435871124,0.06870681792497635,0.06261131167411804,0.20898939669132233,0.0019042823696509004,1.0,19,-0.23528730869293213,0.22437487542629242,0.05609031766653061,0.0741392970085144,0.33305758237838745,0.006759714335203171,1.0,33,-0.4038941264152527,0.10268194228410721,0.09112395346164703,0.06577850878238678,0.4222216308116913,0.0023646634072065353,1.0,74,-0.2599128484725952,0.006585507653653622,0.15064287185668945,0.13580940663814545,0.2970038950443268,0.0021333685144782066,1.0,0.2710234895348549,0.15280434489250183,0.4222216308116913,0.10268194228410721,0.2970038950443268,0.006585507653653622,1.0
1790268497.708339,39.59152793884277,790,0,23,-0.28349900245666504,-0.05857119336724281,0.09135813266038895,0.0581994354724884,0.2960355877876282,0.002399684628471732,1.0,19,-0.23415495455265045,0.05730558559298515,0.08011188358068466,0.07552024722099304,0.25241953134536743,0.005047848913818598,1.0,33,-0.5390726923942566,-0.08623065054416656,0.11822057515382767,0.10779815912246704,0.5552114248275757,0.0036255167797207832,1.0,74,-0.3331162631511688,-0.09161325544118881,0.1891271471977234,0.12682121992111206,0.3725118339061737,0.003299954580143094,1.0,0.2742275595664978,-0.00063280388712883,0.5552114248275757,-0.08623065054416656,0.3725118339061737,-0.09161325544118881,1.0
1790268497.7603855,39.643574476242065,791,0,23,-0.47265490889549255,-0.22495302557945251,0.19704580307006836,0.11677215993404388,0.5289314389228821,0.00475150253623724,1.0,19,-0.5340511798858643,-0.014281423762440681,0.13709647953510284,0.10311699658632278,0.5444475412368774,0.009185660630464554,1.0,33,-0.8819917440414429,-0.3534078896045685,0.13290435075759888,0.1058080717921257,0.958672285079956,0.007776462472975254,1.0,74,-0.5519095659255981,-0.24786913394927979,0.2761242687702179,0.1837523728609085,0.626786470413208,0.0046059503220021725,1.0,0.5366894900798798,-0.1196172246709466,0.958672285079956,-0.3534078896045685,0.626786470413208,-0.24786913394927979,1.0
1790268497.812565,39.695754051208496,792,0,23,-0.779104471206665,-0.31257230043411255,0.1695651262998581,0.08338966965675354,0.8413985967636108,0.004416121635586023,1.0,19,-0.9092648029327393,-0.3562140166759491,0.13024425506591797,0.16237948834896088,0.9862111806869507,0.026349440217018127,1.0,33,-0.9452019929885864,-0.4820135831832886,0.08879278600215912,0.0852477103471756,1.064453125,0.00770688708871603,1.0,74,-0.7258490324020386,-0.2652585804462433,0.2849038243293762,0.21457387506961823,0.7895402908325195,0.0061422549188137054,1.0,0.9138048887252808,-0.3343931585550308,1.064453125,-0.4820135831832886,0.7895402908325195,-0.2652585804462433,1.0
1790268497.8608537,39.74404263496399,793,0,23,-1.0668401718139648,-0.20045936107635498,0.09924066066741943,0.04819268360733986,1.0861552953720093,0.009176925756037235,1.0,19,-1.1993070840835571,-0.3843287527561188,0.25594770908355713,0.23911961913108826,1.2836685180664062,0.021488195285201073,1.0,33,-1.1366151571273804,-0.40576910972595215,0.11958823353052139,0.08578256517648697,1.2088665962219238,0.007074983790516853,1.0,74,-0.8918533325195312,-0.2200712263584137,0.3523780405521393,0.2019381821155548,0.934968888759613,0.0085230628028512,1.0,1.1849119067192078,-0.2923940569162369,1.2088665962219238,-0.40576910972595215,0.934968888759613,-0.2200712263584137,1.0
1790268497.9124134,39.795602321624756,794,0,23,-1.1509485244750977,-0.05652585253119469,0.135474294424057,0.05601107329130173,1.1538059711456299,0.008321850560605526,1.0,19,-1.3089309930801392,-0.19299958646297455,0.23948268592357635,0.13793693482875824,1.330783724784851,0.020277662202715874,1.0,33,-1.2244073152542114,-0.25844642519950867,0.14726634323596954,0.09033110737800598,1.2542842626571655,0.0071512795984745026,1.0,74,-0.9918860197067261,-0.10154785960912704,0.4167088270187378,0.17870719730854034,1.0134634971618652,0.009410718455910683,1.0,1.2422948479652405,-0.12476271949708462,1.2542842626571655,-0.25844642519950867,1.0134634971618652,-0.10154785960912704,1.0
1790268497.9606462,39.84383511543274,795,1,23,-1.1724601984024048,-0.017521733418107033,0.15809078514575958,0.02659078687429428,1.1728675365447998,0.006650670897215605,1.0,19,-1.3243472576141357,-0.19722707569599152,0.2608972191810608,0.2534710466861725,1.3659865856170654,0.018187645822763443,1.0,33,-1.107730746269226,-0.16966940462589264,0.1554688811302185,0.060295701026916504,1.1223676204681396,0.005677994806319475,1.0,74,-0.9071467518806458,-0.04318804293870926,0.3928150534629822,0.18872568011283875,0.9336333274841309,0.007454186677932739,1.0,1.2694270610809326,-0.10737440455704927,1.1223676204681396,-0.16966940462589264,0.9336333274841309,-0.04318804293870926,1.0
1790268498.0125346,39.89572358131409,796,0,23,-0.8156765103340149,0.03570092096924782,0.08216684311628342,0.040755629539489746,0.8175316452980042,0.004479005467146635,1.0,19,-0.8125417828559875,-0.1521582305431366,0.13720592856407166,0.06335880607366562,0.8295161724090576,0.014254585839807987,1.0,33,-0.7262184619903564,-0.15196551382541656,0.11619828641414642,0.04318282753229141,0.7434287071228027,0.005317900329828262,1.0,74,-0.6324793100357056,-0.03364593908190727,0.2820926606655121,0.13937518000602722,0.651643693447113,0.005380626767873764,1.0,0.8235239088535309,-0.05822865478694439,0.7434287071228027,-0.15196551382541656,0.651643693447113,-0.03364593908190727,1.0
1790268498.0645003,39.94768929481506,797,0,23,-0.50138258934021,-0.007098653819411993,0.08460228145122528,0.028099695220589638,0.502260148525238,0.0023663907777518034,1.0,19,-0.5391106605529785,-0.17211030423641205,0.18778707087039948,0.17710448801517487,0.5942512154579163,0.012320861220359802,1.0,33,-0.4952855110168457,-0.1176706925034523,0.11000507324934006,0.06252779066562653,0.5126394629478455,0.00590423122048378,1.0,74,-0.37991705536842346,-0.03690740093588829,0.19022125005722046,0.1173524558544159,0.4010254144668579,0.004140396602451801,1.0,0.5482556819915771,-0.08960447902791202,0.5126394629478455,-0.1176706925034523,0.4010254144668579,-0.03690740093588829,1.0
1790268498.1124496,39.995638608932495,798,0,23,-0.15309873223304749,-0.04162730276584625,0.10099361836910248,0.0207078754901886,0.16429804265499115,0.0022737986873835325,1.0,19,-0.15084517002105713,-0.0896887555718422,0.06755819916725159,0.04135455563664436,0.18155376613140106,0.004107794724404812,1.0,33,-0.1070505753159523,-0.07349465042352676,0.05204058438539505,0.0282028466463089,0.13529859483242035,0.0023855254985392094,1.0,74,-0.09633141756057739,-0.028887877240777016,0.07112012058496475,0.06456134468317032,0.12222050130367279,0.0015078973956406116,1.0,0.1729259043931961,-0.06565802916884422,0.13529859483242035,-0.07349465042352676,0.12222050130367279,-0.028887877240777016,1.0
1790268498.1645246,40.0477135181427,799,0,23,0.22122059762477875,-0.11362557113170624,0.15121619403362274,0.028279809281229973,0.26824498176574707,0.00651498744264245,1.0,19,0.10270771384239197,-0.04811577871441841,0.0659010037779808,0.03328583016991615,0.11871503293514252,0.0028728873003274202,1.0,33,0.05148223042488098,-0.05277968943119049,0.05469577759504318,0.029178284108638763,0.08086291700601578,0.0008737497264519334,1.0,74,0.0825028270483017,-0.04991459101438522,0.13194018602371216,0.11428364366292953,0.16049912571907043,0.0015995979774743319,1.0,0.1934800073504448,-0.08087067492306232,0.08086291700601578,-0.05277968943119049,0.16049912571907043,-0.04991459101438522,1.0
1790268498.2125168,40.09570574760437,800,0,23,0.6197887659072876,-0.29652538895606995,0.17408974468708038,0.037242088466882706,0.6900993585586548,0.007720575202256441,1.0,19,0.6075615882873535,-0.040946558117866516,0.30537521839141846,0.1361047923564911,0.620546817779541,0.023591473698616028,1.0,33,0.3910577893257141,-0.06636370718479156,0.2060442864894867,0.10998301208019257,0.40652239322662354,0.005122154951095581,1.0,74,0.4287445545196533,-0.11092159897089005,0.36746662855148315,0.2425657957792282,0.513919472694397,0.006687323562800884,1.0,0.6553230881690979,-0.16873597353696823,0.40652239322662354,-0.06636370718479156,0.513919472694397,-0.11092159897089005,1.0
1790268498.2645028,40.14769172668457,801,0,23,0.5887265205383301,-0.30051189661026,0.0692455992102623,0.08122582733631134,0.6655504107475281,0.005930925719439983,1.0,19,0.6060710549354553,0.06466835737228394,0.12969475984573364,0.0858917087316513,0.6168032884597778,0.022794678807258606,1.0,33,0.3096817433834076,-0.03606206551194191,0.10455907881259918,0.039298586547374725,0.3147260844707489,0.002742111450061202,1.0,74,0.3420672118663788,-0.08171473443508148,0.2621373236179352,0.22162173688411713,0.4232774078845978,0.003627150785177946,1.0,0.641176849603653,-0.11792176961898804,0.3147260844707489,-0.03606206551194191,0.4232774078845978,-0.08171473443508148,1.0
1790268498.316112,40.19930100440979,802,0,23,0.28746628761291504,-0.16661404073238373,0.07847985625267029,0.024224260821938515,0.33573660254478455,0.0027414036449044943,1.0,19,0.40819188952445984,0.08827691525220871,0.13340875506401062,0.08455884456634521,0.43045198917388916,0.008740963414311409,1.0,33,0.2792395353317261,0.02418564260005951,0.12065163999795914,0.059998318552970886,0.2855764925479889,0.0020864924881607294,1.0,74,0.22373344004154205,-0.0415705069899559,0.1884365677833557,0.1430487483739853,0.28760474920272827,0.0031054785940796137,1.0,0.38309429585933685,-0.03916856274008751,0.2855764925479889,0.02418564260005951,0.28760474920272827,-0.0415705069899559,1.0
1790268498.3642628,40.24745178222656,803,0,23,0.16586236655712128,-0.09621064364910126,0.0536213293671608,0.017444221302866936,0.19548189640045166,0.0016707632457837462,1.0,19,0.285186767578125,0.03227796033024788,0.0633358359336853,0.07974272966384888,0.2985464334487915,0.0030691358260810375,1.0,33,0.2063496857881546,0.042168356478214264,0.061046093702316284,0.041594233363866806,0.2149745225906372,0.0017996570095419884,1.0,74,0.12796907126903534,-0.01827033795416355,0.09913812577724457,0.08837884664535522,0.16883283853530884,0.0014943171991035342,1.0,0.24701416492462158,-0.03196634165942669,0.2149745225906372,0.042168356478214264,0.16883283853530884,-0.01827033795416355,1.0
1790268498.4166126,40.29980158805847,804,0,23,0.05554663762450218,-0.05215785652399063,0.025859270244836807,0.015334243886172771,0.07828988879919052,0.0008009409066289663,1.0,19,0.12531962990760803,0.0060320403426885605,0.04140053689479828,0.07185335457324982,0.14426802098751068,0.003887748345732689,1.0,33,0.12184004485607147,0.06167787313461304,0.03950920328497887,0.023392468690872192,0.13860733807086945,0.0014684392372146249,1.0,74,0.0674910694360733,-0.005365732591599226,0.06857164949178696,0.06671682000160217,0.10224896669387817,0.0011665549827739596,1.0,0.1112789548933506,-0.023062908090651035,0.13860733807086945,0.06167787313461304,0.10224896669387817,-0.005365732591599226,1.0
1790268498.464731,40.347919940948486,805,0,23,0.04772750288248062,-0.06269305944442749,0.02400481514632702,0.017845258116722107,0.08164829015731812,0.0009635384194552898,1.0,19,0.08360692113637924,-0.04067350551486015,0.03965559974312782,0.027545105665922165,0.09740062057971954,0.0025199460797011852,1.0,33,0.06625643372535706,0.021111691370606422,0.018304577097296715,0.014186611399054527,0.07093720138072968,0.0006897223647683859,1.0,74,0.053519584238529205,-0.02462809719145298,0.06530698388814926,0.06805253773927689,0.0878632515668869,0.001266021397896111,1.0,0.08952445536851883,-0.05168328247964382,0.07093720138072968,0.021111691370606422,0.0878632515668869,-0.02462809719145298,1.0
1790268498.516425,40.39961385726929,806,0,23,0.05731532722711563,-0.06125209480524063,0.03205843269824982,0.011804244481027126,0.0865178257226944,0.0007805592031218112,1.0,19,0.12017180025577545,-0.09042519330978394,0.04012324661016464,0.029917895793914795,0.15242639183998108,0.003331812098622322,1.0,33,0.10724940150976181,-0.033480096608400345,0.0439063236117363,0.022775236517190933,0.11443567276000977,0.0007738629938103259,1.0,74,0.09402363002300262,-0.05243095010519028,0.08685815334320068,0.06256897002458572,0.12742991745471954,0.0018027157057076693,1.0,0.11947210878133774,-0.07583864405751228,0.11443567276000977,-0.033480096608400345,0.12742991745471954,-0.05243095010519028,1.0
1790268498.5685258,40.451714754104614,807,0,23,0.14880503714084625,-0.14472828805446625,0.05814630165696144,0.018800338730216026,0.2118387073278427,0.001512488117441535,1.0,19,0.18763652443885803,-0.21638087928295135,0.08205334097146988,0.07736489921808243,0.2956547141075134,0.006260803900659084,1.0,33,0.207305908203125,-0.17117725312709808,0.08133231848478317,0.06724664568901062,0.27190256118774414,0.0021951186936348677,1.0,74,0.2046770602464676,-0.15144234895706177,0.10935178399085999,0.11389945447444916,0.2748456597328186,0.002594008343294263,1.0,0.25374671071767807,-0.1805545836687088,0.27190256118774414,-0.17117725312709808,0.2748456597328186,-0.15144234895706177,1.0
1790268498.616505,40.499693870544434,808,0,23,0.329877108335495,-0.20777229964733124,0.10155797004699707,0.04073739051818848,0.39226233959198,0.003971143625676632,1.0,19,0.2946648895740509,-0.36103498935699463,0.14557236433029175,0.11059800535440445,0.4898749887943268,0.008807756006717682,1.0,33,0.37967705726623535,-0.30953192710876465,0.08838846534490585,0.09832239151000977,0.49570053815841675,0.003960301633924246,1.0,74,0.35312095284461975,-0.2311471402645111,0.1596902310848236,0.1498689502477646,0.44474947452545166,0.005593158304691315,1.0,0.4410686641931534,-0.28440364450216293,0.49570053815841675,-0.30953192710876465,0.44474947452545166,-0.2311471402645111,1.0
1790268498.668666,40.551854848861694,809,0,23,0.31630274653434753,-0.16517971456050873,0.1002400740981102,0.047892723232507706,0.3615168333053589,0.0029154899530112743,1.0,19,0.23484721779823303,-0.2693987488746643,0.15548890829086304,0.07720852643251419,0.37786951661109924,0.016628708690404892,1.0,33,0.44215160608291626,-0.23147305846214294,0.10295101255178452,0.04364807531237602,0.5011061429977417,0.003028856124728918,1.0,74,0.4118169844150543,-0.17189830541610718,0.175877183675766,0.10258183628320694,0.46086135506629944,0.004565197974443436,1.0,0.36969317495822906,-0.21728923171758652,0.5011061429977417,-0.23147305846214294,0.46086135506629944,-0.17189830541610718,1.0
1790268498.7165363,40.59972524642944,810,1,23,0.45133838057518005,-0.21457241475582123,0.13033434748649597,0.039582882076501846,0.5047523379325867,0.002788975602015853,1.0,19,0.4154438078403473,-0.2258429229259491,0.12961064279079437,0.1326640397310257,0.49384236335754395,0.01333387941122055,1.0,33,0.40145689249038696,-0.2870585024356842,0.07076778262853622,0.05907559022307396,0.49653539061546326,0.0028575423639267683,1.0,74,0.4456867575645447,-0.21222645044326782,0.17580528557300568,0.12159833312034607,0.5093396902084351,0.004739680793136358,1.0,0.4992973506450653,-0.22020766884088516,0.49653539061546326,-0.2870585024356842,0.5093396902084351,-0.21222645044326782,1.0
1790268498.7685797,40.65176868438721,811,0,23,0.3597080409526825,-0.17469654977321625,0.11118988692760468,0.02525930479168892,0.4050517678260803,0.002459930256009102,1.0,19,0.2938457429409027,-0.24929729104042053,0.1226254254579544,0.10284746438264847,0.39569252729415894,0.005498195998370647,1.0,33,0.16400146484375,-0.20641766488552094,0.057141002267599106,0.0517740473151207,0.26575756072998047,0.0027790479362010956,1.0,74,0.32112184166908264,-0.14388614892959595,0.2047683447599411,0.1105925440788269,0.3788057565689087,0.004703718703240156,1.0,0.40037214756011963,-0.2119969204068184,0.26575756072998047,-0.20641766488552094,0.3788057565689087,-0.14388614892959595,1.0
1790268498.8205283,40.70371723175049,812,0,23,0.26262035965919495,-0.1113128662109375,0.12549449503421783,0.015081598423421383,0.2893974184989929,0.003482972737401724,1.0,19,0.24721325933933258,-0.07145771384239197,0.14951752126216888,0.14812365174293518,0.2950872778892517,0.00817052647471428,1.0,33,0.1486867219209671,-0.10935095697641373,0.04586119204759598,0.03971303999423981,0.18591982126235962,0.00116468477062881,1.0,74,0.27416908740997314,-0.07151845842599869,0.18923123180866241,0.10428690165281296,0.30155453085899353,0.004303859081119299,1.0,0.2922423481941223,-0.09138529002666473,0.18591982126235962,-0.10935095697641373,0.30155453085899353,-0.07151845842599869,1.0
1790268498.868692,40.75188088417053,813,0,23,0.3203708827495575,-0.028876926749944687,0.09456789493560791,0.025930624455213547,0.32239413261413574,0.0025501535274088383,1.0,19,0.29458296298980713,-0.06410859525203705,0.15563148260116577,0.04045876860618591,0.3036631643772125,0.011780540458858013,1.0,33,0.3575078845024109,-0.027621181681752205,0.14207807183265686,0.05177014693617821,0.36095917224884033,0.00233742268756032,1.0,74,0.3604247570037842,-0.029642362147569656,0.15656644105911255,0.07380520552396774,0.36765652894973755,0.0037372680380940437,1.0,0.31302864849567413,-0.04649276100099087,0.36095917224884033,-0.027621181681752205,0.36765652894973755,-0.029642362147569656,1.0
1790268498.9204743,40.80366325378418,814,0,23,0.47492650151252747,0.08555138856172562,0.1037827581167221,0.029796363785862923,0.48323768377304077,0.0028411613311618567,1.0,19,0.34620746970176697,0.014536004513502121,0.12439928203821182,0.0805443823337555,0.3523417115211487,0.006440810393542051,1.0,33,0.6140086054801941,0.09564486145973206,0.06831169873476028,0.04005308076739311,0.6227162480354309,0.00296342046931386,1.0,74,0.4773957431316376,0.061600763350725174,0.16515953838825226,0.10646434128284454,0.49348095059394836,0.0034373574890196323,1.0,0.4177896976470947,0.05004369653761387,0.6227162480354309,0.09564486145973206,0.49348095059394836,0.061600763350725174,1.0
1790268498.9683864,40.85157537460327,815,0,23,0.332390159368515,0.03387915715575218,0.0795566514134407,0.019449016079306602,0.33464932441711426,0.002404033439233899,1.0,19,0.46413061022758484,0.032636139541864395,0.08445817977190018,0.06300883740186691,0.469437837600708,0.0058073061518371105,1.0,33,0.42324182391166687,0.09739546477794647,0.05913947522640228,0.029543070122599602,0.43529850244522095,0.002468157559633255,1.0,74,0.37269818782806396,0.04177124425768852,0.11620257794857025,0.07864746451377869,0.3828761875629425,0.003181476378813386,1.0,0.40204358100891113,0.03325764834880829,0.43529850244522095,0.09739546477794647,0.3828761875629425,0.04177124425768852,1.0
1790268499.0203314,40.903520345687866,816,0,23,0.26370570063591003,0.0216827392578125,0.0600537434220314,0.02414764277637005,0.265804648399353,0.0024887684267014265,1.0,19,0.29368510842323303,-0.05806370824575424,0.07379729300737381,0.06650081276893616,0.3073130249977112,0.00522931944578886,1.0,33,0.2652953267097473,0.008778427727520466,0.08291041105985641,0.03311062231659889,0.2680613696575165,0.001738833962008357,1.0,74,0.2396102100610733,-0.01768607087433338,0.08186324685811996,0.050293609499931335,0.24694226682186127,0.0024446577299386263,1.0,0.2865588366985321,-0.01819048449397087,0.2680613696575165,0.008778427727520466,0.24694226682186127,-0.01768607087433338,1.0
1790268499.0724807,40.95566964149475,817,0,23,0.14675770699977875,-0.014415575191378593,0.04248923435807228,0.012770394794642925,0.14811278879642487,0.0016036966117098927,1.0,19,0.17108957469463348,-0.023578042164444923,0.06420473754405975,0.02965749241411686,0.17573446035385132,0.0017462834948673844,1.0,33,0.14779478311538696,0.004642371088266373,0.0310999546200037,0.023473668843507767,0.14988920092582703,0.001026810728944838,1.0,74,0.13530173897743225,-0.02258465811610222,0.047667935490608215,0.03842370957136154,0.1436251550912857,0.0010401279432699084,1.0,0.1619236245751381,-0.01899680867791176,0.14988920092582703,0.004642371088266373,0.1436251550912857,-0.02258465811610222,1.0
1790268499.1205702,41.003759145736694,818,0,23,0.06151613965630531,0.015357639640569687,0.024816462770104408,0.016352511942386627,0.06589187681674957,0.0007628800231032073,1.0,19,0.09587016701698303,-0.03634000942111015,0.04971710219979286,0.032267678529024124,0.10638824105262756,0.0020456931088119745,1.0,33,0.10560006648302078,0.011033954098820686,0.038158487528562546,0.029213547706604004,0.11083577573299408,0.0007351988460868597,1.0,74,0.07333621382713318,-0.0003235275798942894,0.050343431532382965,0.0372597835958004,0.08472690731287003,0.0009547805530019104,1.0,0.08614005893468857,-0.010491184890270233,0.11083577573299408,0.011033954098820686,0.08472690731287003,-0.0003235275798942894,1.0
1790268499.1725256,41.05571460723877,819,0,23,0.027441274374723434,0.0243072509765625,0.02594856359064579,0.009829332120716572,0.04011298343539238,0.000978397554717958,1.0,19,0.03951544687151909,-0.02996745891869068,0.03876914083957672,0.03410649299621582,0.06302306056022644,0.0023596344981342554,1.0,33,0.07192623615264893,-0.0031090937554836273,0.02807081863284111,0.018496893346309662,0.07495597749948502,0.0006723455735482275,1.0,74,0.04221674054861069,-0.004136265721172094,0.036275073885917664,0.03825130686163902,0.0600634440779686,0.0008164263563230634,1.0,0.05156802199780941,-0.0028301039710640907,0.07495597749948502,-0.0031090937554836273,0.0600634440779686,-0.004136265721172094,1.0
1790268499.2205443,41.10373330116272,820,0,23,0.01728157326579094,0.005912449210882187,0.01883997768163681,0.010804526507854462,0.021986696869134903,0.0008229592349380255,1.0,19,0.020832262933254242,-0.051226966083049774,0.03074854239821434,0.033583324402570724,0.06471780687570572,0.0015313797630369663,1.0,33,0.05159458890557289,-0.013378721661865711,0.024196824058890343,0.01312311552464962,0.05531586706638336,0.0006170929409563541,1.0,74,0.025816015899181366,-0.013373916037380695,0.02684076316654682,0.025783589109778404,0.04225325584411621,0.0007337374845519662,1.0,0.04335225187242031,-0.022657258436083794,0.05531586706638336,-0.013378721661865711,0.04225325584411621,-0.013373916037380695,1.0
1790268499.272531,41.15571999549866,821,0,23,0.03534267097711563,-0.03994220122694969,0.025876272469758987,0.015377708710730076,0.05748549848794937,0.0007463505025953054,1.0,19,0.044573333114385605,-0.07537279278039932,0.02837946265935898,0.019324155524373055,0.0907096266746521,0.0012442594161257148,1.0,33,0.053870923817157745,-0.04466848820447922,0.015465179458260536,0.020420491695404053,0.07208112627267838,0.0006580745684914291,1.0,74,0.0356043204665184,-0.04158246889710426,0.02513977885246277,0.030086280778050423,0.06331469863653183,0.0005778001504950225,1.0,0.07409756258130074,-0.05765749700367451,0.07208112627267838,-0.04466848820447922,0.06331469863653183,-0.04158246889710426,1.0
1790268499.3244402,41.20762920379639,822,0,23,0.09697292000055313,-0.115460604429245,0.05117214471101761,0.03348632529377937,0.15348248183727264,0.001660419744439423,1.0,19,0.06899382174015045,-0.11058124899864197,0.03699955344200134,0.06049073114991188,0.13593368232250214,0.0020414763130247593,1.0,33,0.08857542276382446,-0.1382344514131546,0.04522859677672386,0.053065069019794464,0.16668304800987244,0.0017376638716086745,1.0,74,0.07100842148065567,-0.0937611311674118,0.05198180302977562,0.06710293889045715,0.12243327498435974,0.0009920501615852118,1.0,0.1447080820798874,-0.11302092671394348,0.16668304800987244,-0.1382344514131546,0.12243327498435974,-0.0937611311674118,1.0
1790268499.3725731,41.25576210021973,823,0,23,0.16989468038082123,-0.14648637175559998,0.036443691700696945,0.017287209630012512,0.22559398412704468,0.001927272416651249,1.0,19,0.14131084084510803,-0.14480510354042053,0.07048250734806061,0.05314715579152107,0.20533190667629242,0.0030863776337355375,1.0,33,0.16692791879177094,-0.2411401867866516,0.08646436035633087,0.070233553647995,0.297732412815094,0.003475623670965433,1.0,74,0.12034483253955841,-0.15605957806110382,0.07527729868888855,0.10375619679689407,0.20881037414073944,0.002485208446159959,1.0,0.21546294540166855,-0.14564573764801025,0.297732412815094,-0.2411401867866516,0.20881037414073944,-0.15605957806110382,1.0
1790268499.4245477,41.30773663520813,824,0,23,0.19489453732967377,-0.26166436076164246,0.056613873690366745,0.0362621545791626,0.3283522129058838,0.003318171249702573,1.0,19,0.1263427734375,-0.1616058349609375,0.04630521684885025,0.04469626024365425,0.2082691788673401,0.002034146571531892,1.0,33,0.10936205089092255,-0.24911776185035706,0.04707055538892746,0.06127171963453293,0.27511167526245117,0.00342361768707633,1.0,74,0.11857852339744568,-0.1730802357196808,0.062285277992486954,0.1082381084561348,0.21982458233833313,0.00219102599658072,1.0,0.26831069588661194,-0.21163509786128998,0.27511167526245117,-0.24911776185035706,0.21982458233833313,-0.1730802357196808,1.0
1790268499.4726136,41.35580253601074,825,1,23,0.16350522637367249,-0.1966041922569275,0.049421411007642746,0.03836257755756378,0.2590213716030121,0.003594868816435337,1.0,19,0.10272859036922455,-0.15607011318206787,0.06189197301864624,0.061761919409036636,0.1917460560798645,0.00205015460960567,1.0,33,0.09804974496364594,-0.27428412437438965,0.053343985229730606,0.051364123821258545,0.29648175835609436,0.0035707205533981323,1.0,74,0.10609621554613113,-0.16834011673927307,0.07244733721017838,0.11047622561454773,0.21475553512573242,0.0019317230908200145,1.0,0.2253837138414383,-0.17633715271949768,0.29648175835609436,-0.27428412437438965,0.21475553512573242,-0.16834011673927307,1.0
1790268499.524544,41.40773296356201,826,0,23,1.1726505756378174,0.28630530834198,1.0152027606964111,0.32076963782310486,1.255489706993103,0.18842585384845734,1.0,19,-0.02193732000887394,-0.0312652587890625,0.19761982560157776,0.33510881662368774,0.27434107661247253,0.07145767658948898,1.0,33,0.06712017953395844,-0.24767835438251495,0.03960118070244789,0.05959677696228027,0.2587132453918457,0.003756660968065262,1.0,74,0.24433961510658264,-0.08801506459712982,0.5658828020095825,0.20411688089370728,0.3449423909187317,0.035245660692453384,1.0,0.7649153918027878,0.12752002477645874,0.2587132453918457,-0.24767835438251495,0.3449423909187317,-0.08801506459712982,1.0
1790268499.5762968,41.45948576927185,827,0,23,0.155291348695755,-0.07387243956327438,0.10957058519124985,0.07437685132026672,0.19633236527442932,0.018831565976142883,1.0,19,-0.06802207231521606,-0.1402612030506134,0.09610740095376968,0.11093466728925705,0.19112908840179443,0.013724570162594318,1.0,33,-0.132324680685997,-0.27630892395973206,0.08556103706359863,0.06454301625490189,0.31713658571243286,0.004964012186974287,1.0,74,0.0018124966882169247,-0.12990796566009521,0.12470324337482452,0.12215279042720795,0.18735142052173615,0.0052527813240885735,1.0,0.19373072683811188,-0.1070668213069439,0.31713658571243286,-0.27630892395973206,0.18735142052173615,-0.12990796566009521,1.0
1790268499.6244051,41.50759410858154,828,0,23,-0.0049703847616910934,-0.23184137046337128,0.0790252536535263,0.07300472259521484,0.2438787817955017,0.005010649561882019,1.0,19,0.033847205340862274,-0.19420824944972992,0.07290948927402496,0.11011963337659836,0.20834314823150635,0.005721843335777521,1.0,33,-0.05001276358962059,-0.2369125783443451,0.046623777598142624,0.04284484311938286,0.24616742134094238,0.002427963539958,1.0,74,0.004502580035477877,-0.15766412019729614,0.06022404506802559,0.11395462602376938,0.17916183173656464,0.002176254754886031,1.0,0.22611096501350403,-0.2130248099565506,0.24616742134094238,-0.2369125783443451,0.17916183173656464,-0.15766412019729614,1.0
1790268499.6763353,41.55952429771423,829,0,23,-0.015715226531028748,-0.31482794880867004,0.1283063292503357,0.1871824711561203,0.3390882611274719,0.025050628930330276,1.0,19,0.22826345264911652,-0.2598748505115509,0.21032044291496277,0.2310127168893814,0.37594208121299744,0.03948790207505226,1.0,33,0.09838404506444931,-0.22601179778575897,0.04753364995121956,0.06662040203809738,0.24901701509952545,0.002257956424728036,1.0,74,0.08985035121440887,-0.18428410589694977,0.1112600564956665,0.1947278529405594,0.2411360889673233,0.005927570164203644,1.0,0.3575151711702347,-0.2873513996601105,0.24901701509952545,-0.22601179778575897,0.2411360889673233,-0.18428410589694977,1.0
1790268499.724637,41.60782599449158,830,0,23,0.15332826972007751,-0.505207896232605,0.23608042299747467,0.13582473993301392,0.5751944184303284,0.049116238951683044,1.0,19,0.36387231945991516,-0.24814726412296295,0.17125850915908813,0.14112631976604462,0.4458468556404114,0.014663944020867348,1.0,33,0.27771273255348206,-0.2807002067565918,0.07855770736932755,0.054431572556495667,0.39768391847610474,0.0026794741861522198,1.0,74,0.23921369016170502,-0.2434568703174591,0.1628570705652237,0.18517109751701355,0.3860556185245514,0.011634880676865578,1.0,0.5105206370353699,-0.37667758017778397,0.39768391847610474,-0.2807002067565918,0.3860556185245514,-0.2434568703174591,1.0
1790268499.7766392,41.659828186035156,831,0,23,-0.04471687600016594,-0.6328197717666626,0.4963684678077698,0.2687308192253113,0.7913008332252502,0.07643431425094604,1.0,19,0.48542866110801697,-0.27586042881011963,0.145948126912117,0.26249852776527405,0.574789822101593,0.03107800893485546,1.0,33,0.44319939613342285,-0.2765849828720093,0.1010957732796669,0.06724483519792557,0.5239761471748352,0.005864358507096767,1.0,74,0.31527525186538696,-0.24625840783119202,0.30036911368370056,0.23208965361118317,0.485968679189682,0.01473461464047432,1.0,0.6830453276634216,-0.4543401002883911,0.5239761471748352,-0.2765849828720093,0.485968679189682,-0.24625840783119202,1.0
1790268499.828686,41.71187496185303,832,0,23,0.14906510710716248,-0.53568035364151,0.2877258360385895,0.1589236557483673,0.63327556848526,0.019905950874090195,1.0,19,0.47233662009239197,-0.23341530561447144,0.15681108832359314,0.21225637197494507,0.549406886100769,0.01917221024632454,1.0,33,0.3762156069278717,-0.29155707359313965,0.09695525467395782,0.07725401967763901,0.47783753275871277,0.0033490813802927732,1.0,74,0.3131188154220581,-0.21189220249652863,0.14857973158359528,0.2019069492816925,0.42361417412757874,0.0075155156664550304,1.0,0.5913412272930145,-0.3845478296279907,0.47783753275871277,-0.29155707359313965,0.42361417412757874,-0.21189220249652863,1.0
1790268499.8765879,41.75977683067322,833,0,23,0.14831145107746124,-0.380582720041275,0.11725138127803802,0.08838427811861038,0.43123459815979004,0.006535549648106098,1.0,19,0.3023810088634491,-0.17454929649829865,0.03503234311938286,0.12565012276172638,0.36608392000198364,0.004656975157558918,1.0,33,0.1702423095703125,-0.24587179720401764,0.06282847374677658,0.05277731269598007,0.30083829164505005,0.003960791509598494,1.0,74,0.19115695357322693,-0.18350735306739807,0.09940441697835922,0.15595977008342743,0.2965856194496155,0.004078577738255262,1.0,0.39865925908088684,-0.27756600826978683,0.30083829164505005,-0.24587179720401764,0.2965856194496155,-0.18350735306739807,1.0
1790268499.9285223,41.81171131134033,834,0,23,0.15131013095378876,-0.2620896100997925,0.05828244984149933,0.031555503606796265,0.3064258098602295,0.0031733785290271044,1.0,19,0.17307643592357635,-0.14237253367900848,0.06368088722229004,0.05237986519932747,0.2284914255142212,0.004180236253887415,1.0,33,0.06193126365542412,-0.206206813454628,0.04995759576559067,0.04243547096848488,0.2207932472229004,0.0020339854527264833,1.0,74,0.11349941045045853,-0.13245154917240143,0.07175274938344955,0.10705499351024628,0.2001648098230362,0.002912067109718919,1.0,0.26745861768722534,-0.20223107188940048,0.2207932472229004,-0.206206813454628,0.2001648098230362,-0.13245154917240143,1.0
1790268499.9766304,41.859819412231445,835,0,23,0.018556678667664528,-0.16233162581920624,0.049061235040426254,0.027018796652555466,0.17116203904151917,0.002862089080736041,1.0,19,0.08395546674728394,-0.1004004254937172,0.05622454732656479,0.0625770315527916,0.14492498338222504,0.0030373642221093178,1.0,33,0.03912353515625,-0.13788118958473206,0.028759000822901726,0.039367858320474625,0.14538860321044922,0.001053032698109746,1.0,74,0.04576399549841881,-0.09302747249603271,0.049216292798519135,0.07422325760126114,0.12487508356571198,0.0013248431496322155,1.0,0.1580435112118721,-0.13136602565646172,0.14538860321044922,-0.13788118958473206,0.12487508356571198,-0.09302747249603271,1.0
1790268500.0285604,41.91174936294556,836,0,23,-0.026618625968694687,-0.13864998519420624,0.04892301931977272,0.025757934898138046,0.14829528331756592,0.0020755736622959375,1.0,19,0.037732575088739395,-0.09172540158033371,0.028987525030970573,0.043599653989076614,0.10555892437696457,0.0036926798056811094,1.0,33,-0.041534423828125,-0.1138203963637352,0.026491694152355194,0.023654352873563766,0.12392760813236237,0.0011290499242022634,1.0,74,3.0929979402571917e-05,-0.06423743814229965,0.057083696126937866,0.06299399584531784,0.09533855319023132,0.0010032681748270988,1.0,0.12692710384726524,-0.11518769338726997,0.12392760813236237,-0.1138203963637352,0.09533855319023132,-0.06423743814229965,1.0
1790268500.0805337,41.963722705841064,837,0,23,-0.0021820068359375,-0.09165821969509125,0.01993449777364731,0.024936307221651077,0.09386085718870163,0.0015903552994132042,1.0,19,0.000396728515625,-0.062471892684698105,0.03076702542603016,0.049806490540504456,0.07719149440526962,0.002078446326777339,1.0,33,-0.021709557622671127,-0.07147818058729172,0.02148323692381382,0.016949201002717018,0.07774894684553146,0.0008978158584795892,1.0,74,-0.001292048254981637,-0.05124262347817421,0.028425395488739014,0.04273533821105957,0.06508723646402359,0.0007414733408950269,1.0,0.08552617579698563,-0.07706505618989468,0.07774894684553146,-0.07147818058729172,0.06508723646402359,-0.05124262347817421,1.0
1790268500.128633,42.01182198524475,838,0,23,-0.12972292304039001,-0.31451281905174255,0.12753157317638397,0.14542435109615326,0.3553681969642639,0.0190430898219347,1.0,19,-0.024263080209493637,-0.08040739595890045,0.04143913462758064,0.1100652739405632,0.10904310643672943,0.00879767443984747,1.0,33,-0.08629261702299118,-0.08699867874383926,0.03115861676633358,0.017111195251345634,0.12530755996704102,0.0012927640927955508,1.0,74,-0.05385981500148773,-0.08595564216375351,0.06398160010576248,0.11610952019691467,0.11802312731742859,0.0028985796961933374,1.0,0.23220565170049667,-0.1974601075053215,0.12530755996704102,-0.08699867874383926,0.11802312731742859,-0.08595564216375351,1.0
1790268500.180393,42.06358194351196,839,0,23,-0.09274689853191376,-0.17584891617298126,0.04214660823345184,0.035856690257787704,0.20198936760425568,0.0023925176355987787,1.0,19,-0.04035066440701485,-0.07549566775560379,0.05788513645529747,0.047506194561719894,0.1074807420372963,0.0029833982698619366,1.0,33,-0.151000514626503,-0.12651848793029785,0.06349367648363113,0.04316721484065056,0.19919416308403015,0.0019419952295720577,1.0,74,-0.08238013833761215,-0.08438564091920853,0.07314389944076538,0.08237474411725998,0.13811691105365753,0.0016060058260336518,1.0,0.15473505482077599,-0.12567229196429253,0.19919416308403015,-0.12651848793029785,0.13811691105365753,-0.08438564091920853,1.0
1790268500.228551,42.11173987388611,840,1,23,-0.06923642009496689,-0.06491155177354813,0.03136034682393074,0.011379051022231579,0.09862817078828812,0.0009687942219898105,1.0,19,-0.03187480568885803,-0.03658415004611015,0.04467863216996193,0.06231538578867912,0.08696631342172623,0.002805562224239111,1.0,33,-0.06892533600330353,-0.04915410652756691,0.02185933105647564,0.016026627272367477,0.08695165067911148,0.0010146604618057609,1.0,74,-0.06074956804513931,-0.02205812558531761,0.025790205225348473,0.04202496260404587,0.07760905474424362,0.0010093245655298233,1.0,0.09279724210500717,-0.05074785090982914,0.08695165067911148,-0.04915410652756691,0.07760905474424362,-0.02205812558531761,1.0
1790268500.2802694,42.16345834732056,841,0,23,-0.051146797835826874,0.0015988557133823633,0.029332373291254044,0.010542942211031914,0.0521717369556427,0.0008386445697396994,1.0,19,-0.020027562975883484,-0.03130059316754341,0.043596431612968445,0.02635294385254383,0.055073171854019165,0.002321501960977912,1.0,33,-0.006251479499042034,0.016100795939564705,0.020679334178566933,0.021398091688752174,0.028860900551080704,0.0006744784768670797,1.0,74,-0.03356768563389778,-0.003161662258207798,0.049391090869903564,0.0381610170006752,0.05201288312673569,0.0008530538179911673,1.0,0.05362245440483093,-0.014850868727080524,0.028860900551080704,0.016100795939564705,0.05201288312673569,-0.003161662258207798,1.0
1790268500.3323677,42.215556621551514,842,0,23,-0.0017660389421507716,0.00959446094930172,0.0260706078261137,0.02042270451784134,0.026496613398194313,0.0009845650056377053,1.0,19,-0.00520565640181303,-0.0052233245223760605,0.04466809332370758,0.03610292077064514,0.049303267151117325,0.0021702765952795744,1.0,33,0.07864934951066971,0.013925725594162941,0.03932321071624756,0.02881278470158577,0.08514852076768875,0.0008902819827198982,1.0,74,0.004092448391020298,0.010724866762757301,0.0822567343711853,0.04628267511725426,0.07079999148845673,0.0011204913025721908,1.0,0.03789994027465582,0.0021855682134628296,0.08514852076768875,0.013925725594162941,0.07079999148845673,0.010724866762757301,1.0
1790268500.380494,42.26368308067322,843,0,23,0.005769812501966953,-0.03332320600748062,0.006888686679303646,0.012275616638362408,0.034433044493198395,0.0007109000580385327,1.0,19,0.01028924249112606,-0.04146375134587288,0.044678423553705215,0.02324971929192543,0.06127961724996567,0.0017462046816945076,1.0,33,0.04112197458744049,-0.035295892506837845,0.01622510515153408,0.013812640681862831,0.056390974670648575,0.0005335520254448056,1.0,74,0.0140675725415349,-0.014498117379844189,0.03108464553952217,0.030075740069150925,0.042048510164022446,0.0007238154066726565,1.0,0.04785633087158203,-0.03739347867667675,0.056390974670648575,-0.035295892506837845,0.042048510164022446,-0.014498117379844189,1.0
1790268500.4324539,42.31564283370972,844,0,23,0.049954622983932495,-0.09885638952255249,0.03439950942993164,0.023533718660473824,0.11576975882053375,0.0015944608021527529,1.0,19,-0.008063065819442272,-0.05828776955604553,0.04127965494990349,0.04085833579301834,0.07729706913232803,0.0017083336133509874,1.0,33,0.022657914087176323,-0.12069794535636902,0.03803631663322449,0.018676800653338432,0.12782254815101624,0.0011631876695901155,1.0,74,0.03203891962766647,-0.0732748731970787,0.03823109716176987,0.06737717986106873,0.09807875007390976,0.0011923103593289852,1.0,0.09653341397643089,-0.07857207953929901,0.12782254815101624,-0.12069794535636902,0.09807875007390976,-0.0732748731970787,1.0
1790268500.4805186,42.363707542419434,845,0,23,0.12705263495445251,-0.23648801445960999,0.04870561137795448,0.06140734255313873,0.2719706594944,0.003353321459144354,1.0,19,0.03907213732600212,-0.18502646684646606,0.051650211215019226,0.08185634016990662,0.195397287607193,0.003438095562160015,1.0,33,0.07756643742322922,-0.48178839683532715,0.07893702387809753,0.11645318567752838,0.4923977851867676,0.0047297608107328415,1.0,74,0.07643704861402512,-0.2335023581981659,0.05651874467730522,0.2231031060218811,0.2796403765678406,0.002387349959462881,1.0,0.2336839735507965,-0.21075724065303802,0.4923977851867676,-0.48178839683532715,0.2796403765678406,-0.2335023581981659,1.0
1790268500.5324519,42.41564083099365,846,0,23,0.20689259469509125,-0.371075838804245,0.09391602128744125,0.05444718152284622,0.43278568983078003,0.005385774187743664,1.0,19,0.08156545460224152,-0.23904258012771606,0.05855095013976097,0.12235438078641891,0.27223479747772217,0.010085834190249443,1.0,33,-0.0460052490234375,-0.3905634880065918,0.11367280781269073,0.07617594301700592,0.40995708107948303,0.0035283181350678205,1.0,74,0.12847673892974854,-0.2554962635040283,0.15782417356967926,0.18926271796226501,0.3551308512687683,0.0035443732049316168,1.0,0.3525102436542511,-0.30505920946598053,0.40995708107948303,-0.3905634880065918,0.3551308512687683,-0.2554962635040283,1.0
1790268500.584584,42.46777296066284,847,0,23,0.28242892026901245,-0.33274975419044495,0.0671713575720787,0.03827367722988129,0.43904751539230347,0.004033188801258802,1.0,19,0.2000298798084259,-0.10790373384952545,0.13626152276992798,0.12394358217716217,0.2658314108848572,0.005379865411669016,1.0,33,0.08849450200796127,-0.2191421091556549,0.05296247825026512,0.04781642556190491,0.23942670226097107,0.002147728344425559,1.0,74,0.19584552943706512,-0.16006387770175934,0.1454779952764511,0.15407080948352814,0.2975168526172638,0.004007878713309765,1.0,0.3524394631385803,-0.2203267440199852,0.23942670226097107,-0.2191421091556549,0.2975168526172638,-0.16006387770175934,1.0
1790268500.6325755,42.515764474868774,848,0,23,0.31512850522994995,-0.15403415262699127,0.0685010552406311,0.03610171750187874,0.353412389755249,0.0048223440535366535,1.0,19,0.3722887635231018,-0.09773334860801697,0.07483235001564026,0.072635218501091,0.39099758863449097,0.008656472899019718,1.0,33,0.10234671086072922,-0.054135408252477646,0.03286939486861229,0.030751755461096764,0.11960571259260178,0.0009416117682121694,1.0,74,0.22894328832626343,-0.06074554845690727,0.15941251814365387,0.13025854527950287,0.2600845992565155,0.0027147256769239902,1.0,0.37220498919487,-0.12588375061750412,0.11960571259260178,-0.054135408252477646,0.2600845992565155,-0.06074554845690727,1.0
1790268500.6846662,42.5678551197052,849,0,23,0.26327380537986755,-0.03916068747639656,0.06025886908173561,0.0336497463285923,0.26833441853523254,0.0028222159016877413,1.0,19,0.37257787585258484,0.04645176976919174,0.1310134381055832,0.05816872790455818,0.3805374205112457,0.005339671391993761,1.0,33,0.334107369184494,0.078155517578125,0.11859600245952606,0.07876713573932648,0.3506113588809967,0.0031604187097400427,1.0,74,0.2828441262245178,0.03027941659092903,0.15281635522842407,0.09744319319725037,0.3003017008304596,0.0025675531942397356,1.0,0.32443591952323914,0.0036455411463975906,0.3506113588809967,0.078155517578125,0.3003017008304596,0.03027941659092903,1.0
1790268500.7324953,42.615684270858765,850,0,23,0.23417265713214874,0.007804539054632187,0.059705134481191635,0.02419084496796131,0.23553979396820068,0.002721353666856885,1.0,19,0.31744545698165894,0.14464770257472992,0.11906600743532181,0.10275568813085556,0.36827704310417175,0.006583262234926224,1.0,33,0.17991730570793152,0.21054956316947937,0.06355354934930801,0.09320395439863205,0.28294217586517334,0.0037458748556673527,1.0,74,0.1773696094751358,0.10365945100784302,0.13095411658287048,0.12452077120542526,0.23238617181777954,0.003136430401355028,1.0,0.3019084185361862,0.07622612081468105,0.28294217586517334,0.21054956316947937,0.23238617181777954,0.10365945100784302,1.0
1790268500.784264,42.6674530506134,851,0,23,0.07869289070367813,0.016217438504099846,0.04034538194537163,0.024730881676077843,0.08492099493741989,0.0008324335212819278,1.0,19,0.2058763951063156,0.21423740684986115,0.05393506959080696,0.07080355286598206,0.30463314056396484,0.0066712829284369946,1.0,33,0.036786165088415146,0.1551254689693451,0.0549812950193882,0.06035209819674492,0.16643957793712616,0.0017333338037133217,1.0,74,0.06796718388795853,0.09260033071041107,0.09664970636367798,0.11466363072395325,0.157883882522583,0.0017802169313654304,1.0,0.19477706775069237,0.1152274226769805,0.16643957793712616,0.1551254689693451,0.157883882522583,0.09260033071041107,1.0
1790268500.8365815,42.719770431518555,852,0,23,0.02832362987101078,0.034850411117076874,0.027434339746832848,0.021356595680117607,0.05339169129729271,0.0006769450847059488,1.0,19,0.12099416553974152,0.13870561122894287,0.039262160658836365,0.041811149567365646,0.18918073177337646,0.0020392450969666243,1.0,33,-0.13871626555919647,0.24433483183383942,0.07645396143198013,0.10321559756994247,0.2886338531970978,0.0032736712601035833,1.0,74,-0.02243681252002716,0.1283307522535324,0.1304052472114563,0.13697880506515503,0.19156409800052643,0.0019316693069413304,1.0,0.12128621153533459,0.08677801117300987,0.2886338531970978,0.24433483183383942,0.19156409800052643,0.1283307522535324,1.0
1790268500.8844314,42.7676203250885,853,0,23,0.25691622495651245,0.2586013078689575,0.20927643775939941,0.1405923068523407,0.380908727645874,0.010275105945765972,1.0,19,0.10469938814640045,0.2626904845237732,0.11624877154827118,0.13746964931488037,0.3107221722602844,0.015340871177613735,1.0,33,-0.0789591446518898,0.3109167814254761,0.06772047281265259,0.08583348989486694,0.32892173528671265,0.004796799272298813,1.0,74,0.01858561672270298,0.18252119421958923,0.1659490019083023,0.16828680038452148,0.259927362203598,0.004095966927707195,1.0,0.3458154499530792,0.26064589619636536,0.32892173528671265,0.3109167814254761,0.259927362203598,0.18252119421958923,1.0
1790268500.9362621,42.819451093673706,854,0,23,1.2581077814102173,0.8652284145355225,1.1183881759643555,0.5853394865989685,1.6013827323913574,0.24287429451942444,1.0,19,-0.0005364668904803693,0.6187599301338196,0.4636284410953522,0.4382736384868622,0.7593814730644226,0.09919949620962143,1.0,33,0.10868280380964279,0.42479220032691956,0.06662209331989288,0.10473714768886566,0.4428454339504242,0.005684608593583107,1.0,74,0.26533034443855286,0.3060646057128906,0.5169509053230286,0.4175291061401367,0.47885385155677795,0.050811659544706345,1.0,1.18038210272789,0.741994172334671,0.4428454339504242,0.42479220032691956,0.47885385155677795,0.3060646057128906,1.0
1790268500.9842906,42.8674795627594,855,1,23,0.48223942518234253,0.37956103682518005,0.334170401096344,0.25179529190063477,0.6256247758865356,0.04576178267598152,1.0,19,0.15335725247859955,0.30473005771636963,0.14121848344802856,0.25724709033966064,0.3884505331516266,0.019239798188209534,1.0,33,0.2637597322463989,0.3481699526309967,0.08954412490129471,0.08683422207832336,0.45028507709503174,0.0049066669307649136,1.0,74,0.21873866021633148,0.1975153386592865,0.2286275327205658,0.2180878072977066,0.33489832282066345,0.009491152130067348,1.0,0.5070376545190811,0.34214554727077484,0.45028507709503174,0.3481699526309967,0.33489832282066345,0.1975153386592865,1.0
1790268501.036517,42.919705867767334,856,0,23,0.07369663566350937,0.07798899710178375,0.04878746345639229,0.017465442419052124,0.11406286060810089,0.0017630081856623292,1.0,19,0.14556562900543213,0.11198746412992477,0.051816318184137344,0.0844930037856102,0.2014721781015396,0.005477497819811106,1.0,33,0.04284020513296127,0.12698641419410706,0.0565960556268692,0.03200650215148926,0.1431654989719391,0.0017463882686570287,1.0,74,0.028503624722361565,0.06365007907152176,0.07096508890390396,0.07812019437551498,0.11533253639936447,0.0011710576945915818,1.0,0.15776751935482025,0.09498823061585426,0.1431654989719391,0.12698641419410706,0.11533253639936447,0.06365007907152176,1.0
1790268501.0885217,42.97171068191528,857,0,23,-0.07339013367891312,0.06334652751684189,0.07025720179080963,0.011175659485161304,0.10848180949687958,0.0019989421125501394,1.0,19,0.021307693794369698,0.08686266094446182,0.04663483053445816,0.023009762167930603,0.10066467523574829,0.0024076332338154316,1.0,33,-0.1015574112534523,0.1501612812280655,0.06874369084835052,0.050555817782878876,0.1876974254846573,0.001744777662679553,1.0,74,-0.11969179660081863,0.09685196727514267,0.11681725829839706,0.10590680688619614,0.18129177391529083,0.0020005737897008657,1.0,0.10457324236631393,0.07510459423065186,0.1876974254846573,0.1501612812280655,0.18129177391529083,0.09685196727514267,1.0
1790268501.1365888,43.01977777481079,858,0,23,-0.37403804063796997,0.15757088363170624,0.1213366910815239,0.048661451786756516,0.4099161624908447,0.004865159746259451,1.0,19,-0.18629536032676697,0.1441650390625,0.09059305489063263,0.08388207852840424,0.24276407063007355,0.003958515357226133,1.0,33,-0.4351538419723511,0.3309978246688843,0.10153123736381531,0.05755646154284477,0.5501663684844971,0.006877895910292864,1.0,74,-0.3703407049179077,0.2037491649389267,0.1634853184223175,0.17605067789554596,0.4453822374343872,0.003737764898687601,1.0,0.32634011656045914,0.15086796134710312,0.5501663684844971,0.3309978246688843,0.4453822374343872,0.2037491649389267,1.0
1790268501.1884556,43.07164454460144,859,0,23,-0.595352828502655,0.4717433750629425,0.11581997573375702,0.10756155103445053,0.7643898725509644,0.0060186139307916164,1.0,19,-0.40199360251426697,0.349334716796875,0.1794210970401764,0.15578123927116394,0.5401015281677246,0.009736147709190845,1.0,33,-0.5725550651550293,0.6247419714927673,0.13253043591976166,0.13388988375663757,0.8512678146362305,0.013713013380765915,1.0,74,-0.48331719636917114,0.39514726400375366,0.19069063663482666,0.2583477199077606,0.6462432146072388,0.006009087897837162,1.0,0.6522457003593445,0.41053904592990875,0.8512678146362305,0.6247419714927673,0.6462432146072388,0.39514726400375366,1.0
1790268501.2365634,43.119752407073975,860,0,23,-0.421697199344635,0.7644931674003601,0.1436009407043457,0.11106469482183456,0.8819576501846313,0.0212567038834095,1.0,19,-0.27473369240760803,0.38224712014198303,0.1124928668141365,0.17470167577266693,0.47958168387413025,0.013665628619492054,1.0,33,-0.20215444266796112,0.9362663626670837,0.126201331615448,0.13834010064601898,0.9641714096069336,0.009972285479307175,1.0,74,-0.2640253007411957,0.5204086303710938,0.20108556747436523,0.39797744154930115,0.6512318253517151,0.006403125822544098,1.0,0.6807696670293808,0.5733701437711716,0.9641714096069336,0.9362663626670837,0.6512318253517151,0.5204086303710938,1.0
1790268501.2884562,43.171645164489746,861,0,23,-0.10474827140569687,0.67924565076828,0.0989159420132637,0.08526484668254852,0.6941399574279785,0.005324062891304493,1.0,19,-0.009598581120371819,0.5654923319816589,0.11838679760694504,0.33942514657974243,0.5999903678894043,0.01758735068142414,1.0,33,0.37307506799697876,0.9742741584777832,0.13126109540462494,0.1522834450006485,1.0531965494155884,0.007566198706626892,1.0,74,0.060318198055028915,0.5547106862068176,0.26850152015686035,0.4016464352607727,0.6485841274261475,0.008299366571009159,1.0,0.6470651626586914,0.6223689913749695,1.0531965494155884,0.9742741584777832,0.6485841274261475,0.5547106862068176,1.0
1790268501.3401904,43.223379373550415,862,0,23,0.17542432248592377,0.3741176426410675,0.13699454069137573,0.07236628979444504,0.43037405610084534,0.004490775056183338,1.0,19,0.23874543607234955,0.33507978916168213,0.2663581371307373,0.22736342251300812,0.4860515594482422,0.02757660672068596,1.0,33,0.5729333162307739,0.47014132142066956,0.1142430528998375,0.10123932361602783,0.749201238155365,0.008480857126414776,1.0,74,0.2446330338716507,0.2930888533592224,0.2785756587982178,0.22191548347473145,0.4223657548427582,0.005028379615396261,1.0,0.45821280777454376,0.3545987159013748,0.749201238155365,0.47014132142066956,0.4223657548427582,0.2930888533592224,1.0
1790268501.3887615,43.271950483322144,863,0,23,0.3248927891254425,0.15837429463863373,0.1251765340566635,0.046765729784965515,0.3656750023365021,0.004731697961688042,1.0,19,0.23519255220890045,0.12072432786226273,0.04763273894786835,0.06017184257507324,0.2723079323768616,0.005123740062117577,1.0,33,0.36956092715263367,0.09493787586688995,0.08245117962360382,0.0432807058095932,0.3844774067401886,0.0031908988021314144,1.0,74,0.2528199851512909,0.07755959779024124,0.17039132118225098,0.06715812534093857,0.27525973320007324,0.003452033270150423,1.0,0.3189914673566818,0.13954931125044823,0.3844774067401886,0.09493787586688995,0.27525973320007324,0.07755959779024124,1.0
1790268501.440519,43.323708057403564,864,0,23,0.4511977434158325,0.016033006832003593,0.128719761967659,0.06732269376516342,0.4562084674835205,0.003673155326396227,1.0,19,0.2877582609653473,0.04856711998581886,0.07976478338241577,0.09517578035593033,0.3095568120479584,0.005306285340338945,1.0,33,0.360777884721756,-0.06674471497535706,0.07101688534021378,0.06207280978560448,0.37155306339263916,0.002322655636817217,1.0,74,0.3255590498447418,-0.02302953414618969,0.16558806598186493,0.10961159318685532,0.34549346566200256,0.0029977145604789257,1.0,0.38288263976573944,0.03230006340891123,0.37155306339263916,-0.06674471497535706,0.34549346566200256,-0.02302953414618969,1.0
1790268501.4885805,43.371769428253174,865,0,23,0.43389561772346497,-0.03470379486680031,0.07828468084335327,0.04188886284828186,0.43742579221725464,0.007421666290611029,1.0,19,0.2005567103624344,-0.01358755026012659,0.06171378493309021,0.06662659347057343,0.2132147252559662,0.0037746853195130825,1.0,33,0.3786107897758484,-0.22448499500751495,0.08977310359477997,0.05053497478365898,0.4416711926460266,0.0032164310105144978,1.0,74,0.3422686457633972,-0.1084977239370346,0.16563929617404938,0.12965312600135803,0.38114383816719055,0.004754914436489344,1.0,0.3253202587366104,-0.02414567256346345,0.4416711926460266,-0.22448499500751495,0.38114383816719055,-0.1084977239370346,1.0
1790268501.5404503,43.42363929748535,866,0,23,0.43526095151901245,-0.06534343957901001,0.13271789252758026,0.08518381416797638,0.4510778486728668,0.014226225204765797,1.0,19,0.28038907051086426,-0.060833580791950226,0.1495017409324646,0.14009056985378265,0.31178128719329834,0.012912924401462078,1.0,33,0.35372647643089294,-0.39000585675239563,0.10493242740631104,0.11817014962434769,0.5292319655418396,0.004856351763010025,1.0,74,0.297586590051651,-0.19583243131637573,0.15317454934120178,0.1891174614429474,0.38800978660583496,0.0064924429170787334,1.0,0.3814295679330826,-0.06308851018548012,0.5292319655418396,-0.39000585675239563,0.38800978660583496,-0.19583243131637573,1.0
1790268501.592327,43.47551608085632,867,0,23,0.20129726827144623,-0.3445693254470825,0.14313077926635742,0.2380009889602661,0.44469982385635376,0.008478823117911816,1.0,19,0.26718783378601074,-0.28272366523742676,0.17438937723636627,0.26618048548698425,0.39951571822166443,0.00954531878232956,1.0,33,0.28071317076683044,-0.5578127503395081,0.06704173237085342,0.09780441224575043,0.6263045072555542,0.006902235560119152,1.0,74,0.22807209193706512,-0.3201144337654114,0.1459828019142151,0.2775024473667145,0.43499842286109924,0.004700605757534504,1.0,0.4221077710390091,-0.31364649534225464,0.6263045072555542,-0.5578127503395081,0.43499842286109924,-0.3201144337654114,1.0
1790268501.6402764,43.523465394973755,868,0,23,0.16724428534507751,-0.6024786829948425,0.20268628001213074,0.1871909350156784,0.6623466610908508,0.0636206865310669,1.0,19,0.3449000418186188,-0.3864994943141937,0.21704551577568054,0.2785802483558655,0.5276854634284973,0.025929737836122513,1.0,33,0.26859399676322937,-0.58305823802948,0.07116948068141937,0.09489544481039047,0.6458253860473633,0.008446390740573406,1.0,74,0.23085805773735046,-0.38371679186820984,0.17273031175136566,0.29864248633384705,0.501292884349823,0.013604004867374897,1.0,0.5950160622596741,-0.4944890886545181,0.6458253860473633,-0.58305823802948,0.501292884349823,-0.38371679186820984,1.0
1790268501.6925473,43.57573628425598,869,0,23,0.01125833299010992,-0.4984283447265625,0.36940163373947144,0.18196576833724976,0.6180721521377563,0.04522852227091789,1.0,19,0.26321732997894287,-0.2528630197048187,0.1570674031972885,0.19312213361263275,0.3707307279109955,0.014621431939303875,1.0,33,0.17466874420642853,-0.35918357968330383,0.10124295204877853,0.06368496268987656,0.4092928469181061,0.0040509444661438465,1.0,74,0.18581637740135193,-0.2675330638885498,0.21260960400104523,0.20603381097316742,0.39758673310279846,0.009872873313724995,1.0,0.4944014400243759,-0.3756456822156906,0.4092928469181061,-0.35918357968330383,0.39758673310279846,-0.2675330638885498,1.0
1790268501.7404864,43.62367534637451,870,1,23,-0.00013003141793888062,-0.4677561819553375,0.2885904312133789,0.18423007428646088,0.5514754056930542,0.020449653267860413,1.0,19,0.2044195830821991,-0.18210400640964508,0.15668876469135284,0.22755727171897888,0.2951967120170593,0.023915523663163185,1.0,33,0.2107141613960266,-0.26688316464424133,0.04272306710481644,0.04839535430073738,0.3414444029331207,0.002707661362364888,1.0,74,0.17221398651599884,-0.1883227378129959,0.13880345225334167,0.16597722470760345,0.2998822033405304,0.007834848947823048,1.0,0.42333605885505676,-0.3249300941824913,0.3414444029331207,-0.26688316464424133,0.2998822033405304,-0.1883227378129959,1.0
1790268501.79257,43.675759077072144,871,0,23,0.057743240147829056,-0.310992032289505,0.18344037234783173,0.12568043172359467,0.36994877457618713,0.01421106792986393,1.0,19,0.30801713466644287,-0.16321764886379242,0.14003458619117737,0.15776954591274261,0.36040636897087097,0.015553465113043785,1.0,33,0.20502865314483643,-0.17319881916046143,0.05690760165452957,0.03837084397673607,0.2701774537563324,0.0024525760672986507,1.0,74,0.18442288041114807,-0.13976740837097168,0.10627719014883041,0.11539624631404877,0.2579261362552643,0.005026334431022406,1.0,0.36517757177352905,-0.2371048405766487,0.2701774537563324,-0.17319881916046143,0.2579261362552643,-0.13976740837097168,1.0
1790268501.844526,43.72771501541138,872,0,23,0.03592582419514656,-0.17808665335178375,0.12159033119678497,0.05596205219626427,0.2200966477394104,0.0033778285142034292,1.0,19,0.15978039801120758,-0.09094559401273727,0.07149328291416168,0.04330885782837868,0.18929044902324677,0.0050486731342971325,1.0,33,0.1648966521024704,-0.10485284775495529,0.05156206339597702,0.038529857993125916,0.196568563580513,0.0011850513983517885,1.0,74,0.12480802834033966,-0.07444319874048233,0.08263641595840454,0.0648835077881813,0.16153329610824585,0.0019280780106782913,1.0,0.20469354838132858,-0.1345161236822605,0.196568563580513,-0.10485284775495529,0.16153329610824585,-0.07444319874048233,1.0
1790268501.892491,43.77568006515503,873,0,23,0.03779734671115875,-0.09653506428003311,0.0552537702023983,0.025955602526664734,0.11779554188251495,0.0015849858755245805,1.0,19,0.08289698511362076,-0.03631029650568962,0.038438163697719574,0.08197872340679169,0.11055696755647659,0.004495739471167326,1.0,33,0.1000467911362648,-0.06722652912139893,0.017119061201810837,0.02169056050479412,0.12173977494239807,0.0012318752706050873,1.0,74,0.06669987738132477,-0.04344888776540756,0.04353359714150429,0.044821787625551224,0.09092283993959427,0.0010827239602804184,1.0,0.11417625471949577,-0.06642268039286137,0.12173977494239807,-0.06722652912139893,0.09092283993959427,-0.04344888776540756,1.0
1790268501.9445407,43.82772970199585,874,0,23,-0.07895760238170624,-0.17981156706809998,0.11271790415048599,0.0851433128118515,0.2157556712627411,0.004249701276421547,1.0,19,0.043453820049762726,-0.06925883889198303,0.0600474551320076,0.05930328369140625,0.10606501996517181,0.002256807405501604,1.0,33,0.04127687215805054,-0.07187999039888382,0.02069787308573723,0.021007921546697617,0.08439645171165466,0.001010057283565402,1.0,74,0.009129910729825497,-0.05700848624110222,0.051007114350795746,0.06509804725646973,0.07285376638174057,0.001632587518543005,1.0,0.16091034561395645,-0.1245352029800415,0.08439645171165466,-0.07187999039888382,0.07285376638174057,-0.05700848624110222,1.0
1790268501.9925165,43.87570548057556,875,0,23,-0.1373085379600525,-0.3252822160720825,0.143202006816864,0.16796119511127472,0.3717067241668701,0.02650005929172039,1.0,19,0.037380822002887726,-0.13374650478363037,0.09735788404941559,0.12730319797992706,0.1567813754081726,0.010511185973882675,1.0,33,-0.06516288965940475,-0.09943968057632446,0.025620730593800545,0.021768076345324516,0.12163592875003815,0.0010071748401969671,1.0,74,-0.05633173882961273,-0.09016397595405579,0.061936359852552414,0.13207001984119415,0.12243817001581192,0.003795499447733164,1.0,0.26424404978752136,-0.22951436042785645,0.12163592875003815,-0.09943968057632446,0.12243817001581192,-0.09016397595405579,1.0
1790268502.0445833,43.92777228355408,876,0,23,-0.24688853323459625,-0.14792002737522125,0.12950101494789124,0.03712064027786255,0.29685115814208984,0.0033042842987924814,1.0,19,-0.14961965382099152,-0.1084923967719078,0.057637620717287064,0.09187940508127213,0.20382803678512573,0.0029910155571997166,1.0,33,-0.33319878578186035,-0.14461170136928558,0.1177549734711647,0.06390612572431564,0.3688552677631378,0.002513987012207508,1.0,74,-0.21395421028137207,-0.09136684238910675,0.13260188698768616,0.10575876384973526,0.24863550066947937,0.0021021985448896885,1.0,0.2503395974636078,-0.12820621207356453,0.3688552677631378,-0.14461170136928558,0.24863550066947937,-0.09136684238910675,1.0
1790268502.0965748,43.9797637462616,877,0,23,-0.3288905918598175,-0.12302830070257187,0.11449460685253143,0.034476786851882935,0.35709095001220703,0.0032294911798089743,1.0,19,-0.1445360630750656,-0.047716643661260605,0.08204855024814606,0.07154292613267899,0.17382293939590454,0.0038812952116131783,1.0,33,-0.35627561807632446,-0.039293695241212845,0.0625850185751915,0.0314951054751873,0.360021710395813,0.0021431033965200186,1.0,74,-0.2824232876300812,-0.01933443173766136,0.1416262835264206,0.07681165635585785,0.2980789542198181,0.0027831026818603277,1.0,0.2654569447040558,-0.08537247218191624,0.360021710395813,-0.039293695241212845,0.2980789542198181,-0.01933443173766136,1.0
1790268502.1444626,44.02765154838562,878,0,23,-0.253082275390625,-0.06295643746852875,0.06138905882835388,0.03543940931558609,0.2635705769062042,0.002008699346333742,1.0,19,-0.17979511618614197,-0.0011179071152582765,0.0615018829703331,0.044863391667604446,0.18772920966148376,0.0023155473172664642,1.0,33,-0.4415740966796875,0.0454661063849926,0.06553128361701965,0.028909802436828613,0.4447450041770935,0.0018385453149676323,1.0,74,-0.2881692349910736,0.016501348465681076,0.16846239566802979,0.0724017471075058,0.3067135512828827,0.0021832510828971863,1.0,0.225649893283844,-0.03203717229189351,0.4447450041770935,0.0454661063849926,0.3067135512828827,0.016501348465681076,1.0
1790268502.1963186,44.07950758934021,879,0,23,-0.30875164270401,-0.01898525096476078,0.059173308312892914,0.019110199064016342,0.31006842851638794,0.0035894254688173532,1.0,19,-0.15854524075984955,0.024784289300441742,0.07791560888290405,0.030690938234329224,0.16345921158790588,0.0020025139674544334,1.0,33,-0.34398534893989563,0.12470360845327377,0.0723058432340622,0.04110496863722801,0.36745738983154297,0.0018851041095331311,1.0,74,-0.26767587661743164,0.05384352430701256,0.1377226859331131,0.09245391190052032,0.2925383448600769,0.002392553724348545,1.0,0.2367638200521469,0.002899519167840481,0.36745738983154297,0.12470360845327377,0.2925383448600769,0.05384352430701256,1.0
1790268502.2441475,44.127336502075195,880,0,23,-0.20416127145290375,0.053603462874889374,0.0664352998137474,0.019811511039733887,0.21266353130340576,0.002302923472598195,1.0,19,-0.07799971848726273,0.08201679587364197,0.07034283131361008,0.03639735281467438,0.12453076988458633,0.0018379086395725608,1.0,33,-0.21069613099098206,0.23554345965385437,0.08141528815031052,0.09290161728858948,0.31868115067481995,0.0044823698699474335,1.0,74,-0.18607598543167114,0.14708049595355988,0.10492295026779175,0.11436814814805984,0.2570072412490845,0.0031303518917411566,1.0,0.16859715059399605,0.06781012937426567,0.31868115067481995,0.23554345965385437,0.2570072412490845,0.14708049595355988,1.0
1790268502.2964902,44.17967915534973,881,0,23,-0.23611317574977875,0.1958412528038025,0.08140957355499268,0.05321434885263443,0.31072601675987244,0.0035498281940817833,1.0,19,-0.12095240503549576,0.14825519919395447,0.07982498407363892,0.06878791004419327,0.19620978832244873,0.0033458122052252293,1.0,33,-0.165161594748497,0.5007490515708923,0.07007982581853867,0.11995948106050491,0.5318222045898438,0.008187036029994488,1.0,74,-0.14193415641784668,0.27753859758377075,0.10452812165021896,0.1930258572101593,0.3309144675731659,0.0033186369109898806,1.0,0.2534679025411606,0.17204822599887848,0.5318222045898438,0.5007490515708923,0.3309144675731659,0.27753859758377075,1.0
1790268502.348457,44.2316460609436,882,0,23,-0.019357431679964066,0.33464911580085754,0.1167212650179863,0.0695963129401207,0.35570135712623596,0.007070746272802353,1.0,19,0.0060167815536260605,0.24390532076358795,0.06818824261426926,0.11022792011499405,0.25185561180114746,0.0052255201153457165,1.0,33,0.11707884073257446,0.5015379190444946,0.09904994070529938,0.1072973981499672,0.5254693031311035,0.007691632490605116,1.0,74,0.03866267949342728,0.2824866771697998,0.11259489506483078,0.20116841793060303,0.30706578493118286,0.0034328936599195004,1.0,0.3037784844636917,0.28927721828222275,0.5254693031311035,0.5015379190444946,0.30706578493118286,0.2824866771697998,1.0
1790268502.3965507,44.27973961830139,883,0,23,0.138666570186615,0.240447998046875,0.09177205711603165,0.04247891530394554,0.28430530428886414,0.004688228480517864,1.0,19,0.20933613181114197,0.31111225485801697,0.0684274435043335,0.12324231117963791,0.3891671895980835,0.007974423468112946,1.0,33,0.3679814338684082,0.4193868935108185,0.09204205125570297,0.07693710178136826,0.564985454082489,0.005794519558548927,1.0,74,0.20968854427337646,0.2601020336151123,0.15533213317394257,0.15943129360675812,0.34513330459594727,0.003284846432507038,1.0,0.3367362469434738,0.275780126452446,0.564985454082489,0.4193868935108185,0.34513330459594727,0.2601020336151123,1.0
1790268502.448711,44.331899881362915,884,0,23,0.46991562843322754,0.15022344887256622,0.1412031352519989,0.0418841615319252,0.49815768003463745,0.004568292759358883,1.0,19,0.5582388043403625,0.2891283631324768,0.20540469884872437,0.11774991452693939,0.6436377763748169,0.023348474875092506,1.0,33,0.4470922350883484,0.21152612566947937,0.1309809386730194,0.0787416622042656,0.5025614500045776,0.005242891609668732,1.0,74,0.4173237681388855,0.16452975571155548,0.18376466631889343,0.0970819965004921,0.45609530806541443,0.005057444795966148,1.0,0.5708977282047272,0.21967590600252151,0.5025614500045776,0.21152612566947937,0.45609530806541443,0.16452975571155548,1.0
1790268502.496611,44.37980008125305,885,1,23,0.6268357038497925,0.04510365426540375,0.11372584849596024,0.042584437876939774,0.6303178668022156,0.003506805980578065,1.0,19,0.5169259905815125,0.0962677001953125,0.1437987983226776,0.04256458953022957,0.5291704535484314,0.011023037135601044,1.0,33,0.5304431319236755,0.0432535819709301,0.09034224599599838,0.06283022463321686,0.5363302826881409,0.004218874964863062,1.0,74,0.5453792214393616,0.00837686937302351,0.17166870832443237,0.0878552570939064,0.5527305603027344,0.0036465339362621307,1.0,0.5797441601753235,0.07068567723035812,0.5363302826881409,0.0432535819709301,0.5527305603027344,0.00837686937302351,1.0
1790268502.548652,44.431840896606445,886,0,23,0.6348147392272949,-0.20035387575626373,0.06647057086229324,0.053307563066482544,0.6677482724189758,0.003993491642177105,1.0,19,0.5784028768539429,-0.04328757897019386,0.21910814940929413,0.1065104752779007,0.5893550515174866,0.006411478854715824,1.0,33,0.4255768656730652,-0.10664229094982147,0.10771232098340988,0.051831603050231934,0.4429973363876343,0.0026514348573982716,1.0,74,0.4872312843799591,-0.11565512418746948,0.19013527035713196,0.1478813737630844,0.5199167728424072,0.003951152786612511,1.0,0.6285516619682312,-0.1218207273632288,0.4429973363876343,-0.10664229094982147,0.5199167728424072,-0.11565512418746948,1.0
1790268502.6005554,44.483744382858276,887,0,23,0.505361795425415,-0.2429477870464325,0.07236400991678238,0.05537446215748787,0.5642070174217224,0.0037411325611174107,1.0,19,0.304931640625,-0.060717131942510605,0.08775985240936279,0.09128405898809433,0.32322853803634644,0.005120568908751011,1.0,33,0.33826932311058044,-0.2766108512878418,0.12159386277198792,0.08515515923500061,0.44017595052719116,0.004191444255411625,1.0,74,0.34873056411743164,-0.17520925402641296,0.15104982256889343,0.15605469048023224,0.41396859288215637,0.0033645890653133392,1.0,0.4437177777290344,-0.15183245949447155,0.44017595052719116,-0.2766108512878418,0.41396859288215637,-0.17520925402641296,1.0
1790268502.648664,44.53185296058655,888,0,23,0.16592872142791748,-0.13400866091251373,0.06714937835931778,0.036183662712574005,0.2156042605638504,0.002355295466259122,1.0,19,0.25793135166168213,-0.05605436488986015,0.05825599655508995,0.04718374088406563,0.2676110565662384,0.00341016729362309,1.0,33,0.14847958087921143,-0.11897000670433044,0.026688817888498306,0.0414971187710762,0.1924639195203781,0.001451002317480743,1.0,74,0.18462908267974854,-0.0767919197678566,0.07811789959669113,0.09911862015724182,0.220832958817482,0.0027851529885083437,1.0,0.2416076585650444,-0.09503151290118694,0.1924639195203781,-0.11897000670433044,0.220832958817482,-0.0767919197678566,1.0
1790268502.700618,44.58380699157715,889,0,23,0.20040163397789001,-0.06270366907119751,0.03113507106900215,0.012587337754666805,0.2107723206281662,0.0020498724188655615,1.0,19,0.1967034637928009,-0.04514995217323303,0.03883793577551842,0.019208472222089767,0.20290331542491913,0.0029297403525561094,1.0,33,0.1578567922115326,-0.050506591796875,0.040038544684648514,0.03538760542869568,0.16852760314941406,0.0012145990040153265,1.0,74,0.16266240179538727,-0.031549401581287384,0.04821044206619263,0.037570513784885406,0.16964839398860931,0.00153819820843637,1.0,0.20683781802654266,-0.05392681062221527,0.16852760314941406,-0.050506591796875,0.16964839398860931,-0.031549401581287384,1.0
1790268502.7486472,44.63183617591858,890,0,23,0.180279940366745,-0.0038890009745955467,0.02796645648777485,0.01735091209411621,0.181136354804039,0.002265842631459236,1.0,19,0.2377752959728241,0.02074713446199894,0.07030139863491058,0.04536150395870209,0.24341268837451935,0.0034444830380380154,1.0,33,0.21571119129657745,0.01727849803864956,0.06098920851945877,0.027695182710886,0.21851083636283875,0.0014097219100221992,1.0,74,0.1899566650390625,0.012529527768492699,0.07044690102338791,0.05534541979432106,0.19857589900493622,0.0017727301456034184,1.0,0.21227452158927917,0.008429066743701696,0.21851083636283875,0.01727849803864956,0.19857589900493622,0.012529527768492699,1.0
1790268502.8003182,44.683507204055786,891,0,23,0.24999932944774628,0.025894828140735626,0.05617643520236015,0.02622620388865471,0.25336939096450806,0.0020025717094540596,1.0,19,0.2725299894809723,0.035819604992866516,0.046906691044569016,0.02863563783466816,0.2765205502510071,0.002712446730583906,1.0,33,0.28219929337501526,0.04833938181400299,0.04259337857365608,0.02620515041053295,0.2877497673034668,0.0016680213157087564,1.0,74,0.21362696588039398,0.023352133110165596,0.08345960080623627,0.04383362829685211,0.21935811638832092,0.0014578911941498518,1.0,0.26494497060775757,0.03085721656680107,0.2877497673034668,0.04833938181400299,0.21935811638832092,0.023352133110165596,1.0
1790268502.8524883,44.73567724227905,892,0,23,0.26914048194885254,-0.008476588875055313,0.043298427015542984,0.01879233308136463,0.269853800535202,0.0013462950009852648,1.0,19,0.26040327548980713,0.030844436958432198,0.06023997813463211,0.05319683626294136,0.2686987817287445,0.004678230732679367,1.0,33,0.32426777482032776,0.03936443850398064,0.05428040400147438,0.019774945452809334,0.3274466395378113,0.00204711826518178,1.0,74,0.2697058916091919,0.007791673764586449,0.11183591187000275,0.047139640897512436,0.2741491496562958,0.0020983368158340454,1.0,0.26927629113197327,0.011183924041688442,0.3274466395378113,0.03936443850398064,0.2741491496562958,0.007791673764586449,1.0
1790268502.9003887,44.78357768058777,893,0,23,0.26548832654953003,-0.03870358690619469,0.04076428338885307,0.016114572063088417,0.2688586115837097,0.0024410919286310673,1.0,19,0.3142796456813812,0.016517236828804016,0.07690557092428207,0.04524557664990425,0.3181318938732147,0.008634030818939209,1.0,33,0.2553456723690033,-0.003001357661560178,0.05506857857108116,0.03232979774475098,0.2574648857116699,0.0020021465606987476,1.0,74,0.21108390390872955,-0.012813052162528038,0.0814296081662178,0.04119256138801575,0.21630220115184784,0.0016802644822746515,1.0,0.2934952527284622,-0.011093175038695335,0.2574648857116699,-0.003001357661560178,0.21630220115184784,-0.012813052162528038,1.0
1790268502.9523864,44.835575342178345,894,0,23,0.20118845999240875,-0.041416335850954056,0.07646945118904114,0.015289689414203167,0.20637893676757812,0.0010224541183561087,1.0,19,0.15904958546161652,0.01564507745206356,0.04885854199528694,0.024086415767669678,0.16260340809822083,0.002829925389960408,1.0,33,0.13939829170703888,-0.020733457058668137,0.04492727667093277,0.027562933042645454,0.14346249401569366,0.0008701896294951439,1.0,74,0.16016574203968048,-0.02570095658302307,0.06454741954803467,0.05853254720568657,0.1714470088481903,0.001209706417284906,1.0,0.18449117243289948,-0.012885629199445248,0.14346249401569366,-0.020733457058668137,0.1714470088481903,-0.02570095658302307,1.0
1790268503.0005727,44.8837616443634,895,0,23,0.1792091727256775,-0.07644454389810562,0.049658190459012985,0.01704883575439453,0.19626262784004211,0.00141626235563308,1.0,19,0.1520642787218094,-0.04397101327776909,0.05502040311694145,0.019800394773483276,0.1594531089067459,0.002432277426123619,1.0,33,0.11402800679206848,-0.05204634368419647,0.03099312260746956,0.012804336845874786,0.12653987109661102,0.0006752453627996147,1.0,74,0.11603979021310806,-0.05138520896434784,0.04771413654088974,0.03786095231771469,0.13204121589660645,0.001165341935120523,1.0,0.177857868373394,-0.060207778587937355,0.12653987109661102,-0.05204634368419647,0.13204121589660645,-0.05138520896434784,1.0
1790268503.0524943,44.935683250427246,896,0,23,0.07474285364151001,-0.046667348593473434,0.031861498951911926,0.00841605570167303,0.08968382328748703,0.0009744376875460148,1.0,19,0.08280061185359955,-0.021080419421195984,0.03716065362095833,0.02855280414223671,0.08957719057798386,0.0019020267063751817,1.0,33,0.07175931334495544,-0.052487459033727646,0.02669258788228035,0.011142736300826073,0.09042184799909592,0.0006712042377330363,1.0,74,0.0862814411520958,-0.03599177300930023,0.0329144261777401,0.030727140605449677,0.09884293377399445,0.0009539248421788216,1.0,0.08963050693273544,-0.03387388400733471,0.09042184799909592,-0.052487459033727646,0.09884293377399445,-0.03599177300930023,1.0
1790268503.1045184,44.9877073764801,897,0,23,0.07961373031139374,-0.025813890621066093,0.025055652484297752,0.006969361566007137,0.08411161601543427,0.0009392066858708858,1.0,19,0.09224660694599152,-0.030280664563179016,0.03416893631219864,0.047384534031152725,0.10689663887023926,0.0016973007004708052,1.0,33,0.06267663091421127,-0.038139574229717255,0.023905839771032333,0.016796104609966278,0.07530750334262848,0.0007346247439272702,1.0,74,0.07110966742038727,-0.028519708663225174,0.03127250820398331,0.02424919232726097,0.0815199688076973,0.0009982628980651498,1.0,0.09550412744283676,-0.028047277592122555,0.07530750334262848,-0.038139574229717255,0.0815199688076973,-0.028519708663225174,1.0
1790268503.1525388,45.035727739334106,898,0,23,0.07582224905490875,-0.05431929975748062,0.035483330488204956,0.014006813056766987,0.09616832435131073,0.0012856499524787068,1.0,19,0.07083611935377121,-0.028832687065005302,0.026655584573745728,0.026323240250349045,0.07992961257696152,0.0015967190265655518,1.0,33,0.037549104541540146,-0.0482737235724926,0.014363957569003105,0.011872093193233013,0.06258885562419891,0.0007923104567453265,1.0,74,0.049104224890470505,-0.035049643367528915,0.023678364232182503,0.02594871073961258,0.0660509243607521,0.0006873678648844361,1.0,0.08804896846413612,-0.04157599341124296,0.06258885562419891,-0.0482737235724926,0.0660509243607521,-0.035049643367528915,1.0
1790268503.204507,45.08769607543945,899,0,23,0.042147427797317505,-0.05594601854681969,0.016529887914657593,0.009855390526354313,0.07158374041318893,0.0007628090097568929,1.0,19,0.035580284893512726,-0.05001349374651909,0.02961399033665657,0.02673185244202614,0.0701240673661232,0.0014069773023948073,1.0,33,0.03219512104988098,-0.07994911819696426,0.020421113818883896,0.02183886058628559,0.0881590023636818,0.0009602623176760972,1.0,74,0.03453950583934784,-0.05216258391737938,0.018061697483062744,0.03956298530101776,0.07042217999696732,0.000748634513001889,1.0,0.07085390388965607,-0.05297975614666939,0.0881590023636818,-0.07994911819696426,0.07042217999696732,-0.05216258391737938,1.0
1790268503.2525609,45.13574981689453,900,1,23,0.04047493264079094,-0.06961523741483688,0.02790023759007454,0.014711873605847359,0.0831742212176323,0.0006767272716388106,1.0,19,0.02449115924537182,-0.05908122658729553,0.018958283588290215,0.021164262667298317,0.06661020964384079,0.0018290880834683776,1.0,33,0.01543912012130022,-0.09418510645627975,0.018202094361186028,0.021385153755545616,0.09729015082120895,0.0006982852355577052,1.0,74,0.016834156587719917,-0.05897975713014603,0.019198128953576088,0.04056480526924133,0.06591767817735672,0.0007000073092058301,1.0,0.07489221543073654,-0.06434823200106621,0.09729015082120895,-0.09418510645627975,0.06591767817735672,-0.05897975713014603,1.0
1790268503.304531,45.18772006034851,901,0,23,-0.023240461945533752,-0.07955468446016312,0.017831670120358467,0.01542665995657444,0.08483412116765976,0.0007915672031231225,1.0,19,-0.05341700464487076,-0.0668053850531578,0.024707244709134102,0.031667813658714294,0.0915057435631752,0.0028906483203172684,1.0,33,-0.07555828988552094,-0.12882718443870544,0.03331435099244118,0.03070206195116043,0.15189692378044128,0.0011074881767854095,1.0,74,-0.037178244441747665,-0.08014967292547226,0.03698555752635002,0.05279429256916046,0.09518742561340332,0.0008551060454919934,1.0,0.08816993236541748,-0.07318003475666046,0.15189692378044128,-0.12882718443870544,0.09518742561340332,-0.08014967292547226,1.0
1790268503.3566983,45.23988723754883,902,0,23,-0.13485518097877502,-0.1109035313129425,0.059271007776260376,0.024282000958919525,0.17814910411834717,0.0020887120626866817,1.0,19,-0.10903448611497879,-0.09183221310377121,0.08744772523641586,0.05293327942490578,0.17079368233680725,0.002258166205137968,1.0,33,-0.18854036927223206,-0.16548480093479156,0.05786949396133423,0.0430166982114315,0.25415176153182983,0.0026436029002070427,1.0,74,-0.14982542395591736,-0.10473982989788055,0.07179039716720581,0.0649920180439949,0.18855701386928558,0.0018178765894845128,1.0,0.1744713932275772,-0.10136787220835686,0.25415176153182983,-0.16548480093479156,0.18855701386928558,-0.10473982989788055,1.0
1790268503.4043334,45.287522315979004,903,0,23,-0.2762225568294525,-0.06812120229005814,0.10241051018238068,0.026750333607196808,0.2873205542564392,0.0027064369060099125,1.0,19,-0.3215846121311188,-0.07792502641677856,0.11852146685123444,0.05077556520700455,0.33643484115600586,0.006194044835865498,1.0,33,-0.34241369366645813,-0.12327899038791656,0.08205726742744446,0.030253218486905098,0.3665356934070587,0.0026809575501829386,1.0,74,-0.3067103326320648,-0.06399144232273102,0.11132725328207016,0.07609526813030243,0.3225654661655426,0.0022752154618501663,1.0,0.31187769770622253,-0.07302311435341835,0.3665356934070587,-0.12327899038791656,0.3225654661655426,-0.06399144232273102,1.0
1790268503.4563756,45.33956456184387,904,0,23,-0.405192494392395,-0.0255279541015625,0.10526823997497559,0.023006850853562355,0.40682846307754517,0.0029761511832475662,1.0,19,-0.41990259289741516,-0.017667269334197044,0.09115713089704514,0.10927870124578476,0.43211936950683594,0.006914391182363033,1.0,33,-0.49050208926200867,-0.05126814544200897,0.10824047774076462,0.03747902065515518,0.4946269989013672,0.0022702356800436974,1.0,74,-0.43610525131225586,-0.011057054623961449,0.14795830845832825,0.06471753120422363,0.4423319697380066,0.002842981368303299,1.0,0.41947391629219055,-0.021597611717879772,0.4946269989013672,-0.05126814544200897,0.4423319697380066,-0.011057054623961449,1.0
1790268503.5043175,45.38750648498535,905,0,23,-0.5572622418403625,-0.000561921508051455,0.04685663804411888,0.015594176948070526,0.557483434677124,0.003020418807864189,1.0,19,-0.47238802909851074,-0.03528876230120659,0.14608809351921082,0.059880830347537994,0.4787343144416809,0.004914809949696064,1.0,33,-0.47969287633895874,-0.04598536714911461,0.1054733395576477,0.03451439365744591,0.4833849370479584,0.001531147980131209,1.0,74,-0.46449074149131775,-0.0011031691683456302,0.1628100574016571,0.07673478871583939,0.472186416387558,0.002426381688565016,1.0,0.5181088745594025,-0.017925341904629022,0.4833849370479584,-0.04598536714911461,0.472186416387558,-0.0011031691683456302,1.0
1790268503.5565333,45.439722299575806,906,0,23,-0.42490023374557495,0.02578071877360344,0.04894378408789635,0.02245662920176983,0.42632168531417847,0.0019583054818212986,1.0,19,-0.4139002859592438,-0.07930715382099152,0.06344190239906311,0.08613529801368713,0.4300820827484131,0.009470470249652863,1.0,33,-0.4149359464645386,-0.019761981442570686,0.06638270616531372,0.03259875625371933,0.4165971577167511,0.0015768790617585182,1.0,74,-0.39996790885925293,-0.0005284902290441096,0.11064137518405914,0.06282901763916016,0.4053327441215515,0.0023762995842844248,1.0,0.4282018840312958,-0.02676321752369404,0.4165971577167511,-0.019761981442570686,0.4053327441215515,-0.0005284902290441096,1.0
1790268503.6086788,45.491867780685425,907,0,23,-0.410258412361145,0.03430507332086563,0.03322337567806244,0.01893388107419014,0.4121190011501312,0.00210525281727314,1.0,19,-0.43429726362228394,-0.07295949757099152,0.05809308961033821,0.04644807055592537,0.443020761013031,0.00357815227471292,1.0,33,-0.3416077494621277,-0.02190098538994789,0.05695287510752678,0.033933352679014206,0.34394967555999756,0.0024387771263718605,1.0,74,-0.32167941331863403,0.014494509436190128,0.10663976520299911,0.06202591210603714,0.32789456844329834,0.002467305865138769,1.0,0.4275698810815811,-0.019327212125062943,0.34394967555999756,-0.02190098538994789,0.32789456844329834,0.014494509436190128,1.0
1790268503.6565776,45.53976655006409,908,0,23,-0.22072568535804749,-0.00210040551610291,0.06180666759610176,0.02117697335779667,0.22288630902767181,0.0014917940134182572,1.0,19,-0.2356824427843094,-0.06184788793325424,0.05289280414581299,0.07378246635198593,0.2529153525829315,0.0035095615312457085,1.0,33,-0.18391279876232147,-0.04428470507264137,0.05254736915230751,0.0269984919577837,0.1911071389913559,0.0014559372793883085,1.0,74,-0.16948802769184113,-0.011475331149995327,0.06624092906713486,0.039520394057035446,0.1742672324180603,0.0016018252354115248,1.0,0.23790083080530167,-0.031974146724678576,0.1911071389913559,-0.04428470507264137,0.1742672324180603,-0.011475331149995327,1.0
1790268503.7088003,45.591989278793335,909,0,23,-0.08860579878091812,-0.0012505572522059083,0.05413700267672539,0.01600702665746212,0.09011920541524887,0.0017051162431016564,1.0,19,-0.1309075653553009,-0.07832898944616318,0.05463968589901924,0.03969879075884819,0.15808236598968506,0.0028094202280044556,1.0,33,-0.08051230758428574,-0.042035188525915146,0.03192717954516411,0.021200573071837425,0.09347883611917496,0.0008551318314857781,1.0,74,-0.07203962653875351,-0.017415329813957214,0.04354671388864517,0.028354167938232422,0.07937998324632645,0.0008398191421292722,1.0,0.12410078570246696,-0.03978977334918454,0.09347883611917496,-0.042035188525915146,0.07937998324632645,-0.017415329813957214,1.0
1790268503.7567432,45.63993215560913,910,0,23,0.595758855342865,0.36858931183815,0.6501306891441345,0.2648393511772156,0.7502889037132263,0.0779939815402031,1.0,19,-0.12198197096586227,0.08353223651647568,0.22233609855175018,0.26134762167930603,0.22102667391300201,0.08256938308477402,1.0,33,-0.011756666004657745,-0.022763801738619804,0.018000848591327667,0.016693629324436188,0.029460841789841652,0.0006942615145817399,1.0,74,0.06896250694990158,0.04255552589893341,0.24517811834812164,0.16108369827270508,0.11797407269477844,0.017579572275280952,1.0,0.48565778881311417,0.22606077417731285,0.029460841789841652,-0.022763801738619804,0.11797407269477844,0.04255552589893341,1.0
1790268503.8085876,45.691776514053345,911,0,23,0.9853515625,0.3558369576931,0.7983800768852234,0.26105231046676636,1.0652039051055908,0.14210718870162964,1.0,19,0.050132349133491516,0.13362924754619598,0.1990041732788086,0.37549400329589844,0.23042505979537964,0.05250105261802673,1.0,33,0.14838016033172607,0.020067619159817696,0.05830800533294678,0.02241511270403862,0.152086079120636,0.0020686471834778786,1.0,74,0.25860369205474854,0.07240027189254761,0.4440554976463318,0.15215946733951569,0.2768334746360779,0.028514359146356583,1.0,0.6478144824504852,0.24473310261964798,0.152086079120636,0.020067619159817696,0.2768334746360779,0.07240027189254761,1.0
1790268503.8605618,45.74375081062317,912,0,23,0.327677845954895,0.05743209272623062,0.13267391920089722,0.0492936372756958,0.33550742268562317,0.00992133654654026,1.0,19,0.25895288586616516,0.077117919921875,0.13143377006053925,0.09752713888883591,0.291567325592041,0.008965653367340565,1.0,33,0.4836781919002533,0.09444496780633926,0.17598965764045715,0.07403461635112762,0.49741601943969727,0.0029563859570771456,1.0,74,0.36847275495529175,0.0764305517077446,0.18205231428146362,0.07563616335391998,0.38420623540878296,0.004000042099505663,1.0,0.3135373741388321,0.06727500632405281,0.49741601943969727,0.09444496780633926,0.38420623540878296,0.0764305517077446,1.0
1790268503.9086385,45.79182744026184,913,0,23,0.29592299461364746,0.08657637983560562,0.07969097793102264,0.028241874650120735,0.30981186032295227,0.0027699123602360487,1.0,19,0.39585956931114197,0.1019005998969078,0.15363001823425293,0.07427334785461426,0.41872233152389526,0.013465111143887043,1.0,33,0.4329468607902527,0.11176276952028275,0.1037348210811615,0.03398340195417404,0.4498894512653351,0.002684585051611066,1.0,74,0.3479876220226288,0.07341374456882477,0.12084820121526718,0.055991459637880325,0.3604375720024109,0.003066242439672351,1.0,0.36426709592342377,0.09423848986625671,0.4498894512653351,0.11176276952028275,0.3604375720024109,0.07341374456882477,1.0
1790268503.9606144,45.84380340576172,914,0,23,0.4171009957790375,0.17101320624351501,0.10526769608259201,0.14394956827163696,0.460709810256958,0.009625368751585484,1.0,19,0.26718300580978394,0.16493144631385803,0.134394571185112,0.14271418750286102,0.3638981878757477,0.013608751818537712,1.0,33,0.36857929825782776,0.1204274520277977,0.060547612607479095,0.033443450927734375,0.3904440999031067,0.0024871425703167915,1.0,74,0.3358766734600067,0.09017676115036011,0.1142088770866394,0.12262125313282013,0.3644477427005768,0.004366701003164053,1.0,0.41230399906635284,0.16797232627868652,0.3904440999031067,0.1204274520277977,0.3644477427005768,0.09017676115036011,1.0
1790268504.0086348,45.89182376861572,915,1,23,0.27117520570755005,0.07958321273326874,0.05626799911260605,0.03430040180683136,0.28481554985046387,0.002806085627526045,1.0,19,0.3265171945095062,0.14157988131046295,0.07492475211620331,0.07771945744752884,0.3611395061016083,0.008008269593119621,1.0,33,0.26611328125,0.12363734096288681,0.06155572459101677,0.07064291089773178,0.3007568418979645,0.007149149663746357,1.0,74,0.28270310163497925,0.0851510539650917,0.11697666347026825,0.06837127357721329,0.30321216583251953,0.003211537841707468,1.0,0.32297752797603607,0.11058154702186584,0.3007568418979645,0.12363734096288681,0.30321216583251953,0.0851510539650917,1.0
1790268504.0602908,45.943479776382446,916,0,23,0.2424648106098175,0.00023087211593519896,0.06378185749053955,0.04427855461835861,0.24676406383514404,0.0026712610851973295,1.0,19,0.5023579001426697,0.08672694116830826,0.20779061317443848,0.11071809381246567,0.5210645198822021,0.032301098108291626,1.0,33,0.23907701671123505,0.11698728799819946,0.054634373635053635,0.030449114739894867,0.2694733142852783,0.0019050701521337032,1.0,74,0.2345748096704483,0.04383540898561478,0.08684803545475006,0.08237811923027039,0.2535676062107086,0.002151076914742589,1.0,0.3839142918586731,0.04347890664212173,0.2694733142852783,0.11698728799819946,0.2535676062107086,0.04383540898561478,1.0
1790268504.112328,45.99551701545715,917,0,23,0.2197670340538025,-0.024772975593805313,0.11626284569501877,0.13402345776557922,0.2634742259979248,0.012676731683313847,1.0,19,0.27893227338790894,0.031918175518512726,0.14494925737380981,0.14291177690029144,0.3092266619205475,0.02307572029531002,1.0,33,0.2620197534561157,0.09724287688732147,0.06315340846776962,0.039775341749191284,0.283785879611969,0.0022762520238757133,1.0,74,0.20290561020374298,0.030981939285993576,0.0908479392528534,0.10341063141822815,0.22760744392871857,0.004044750239700079,1.0,0.28635044395923615,0.0035725999623537064,0.283785879611969,0.09724287688732147,0.22760744392871857,0.030981939285993576,1.0
1790268504.160565,46.04375386238098,918,0,23,-0.12492834776639938,-0.11045704782009125,0.26745879650115967,0.1277589648962021,0.25942063331604004,0.06950914859771729,1.0,19,0.24232082068920135,-0.04802824184298515,0.19717366993427277,0.20912182331085205,0.2643396258354187,0.022683680057525635,1.0,33,0.11150567978620529,0.07471072673797607,0.05752464756369591,0.018975095823407173,0.14028789103031158,0.001244797371327877,1.0,74,0.05798669904470444,0.012124757282435894,0.1779654622077942,0.09353048354387283,0.1528799682855606,0.015146158635616302,1.0,0.26188012957572937,-0.0792426448315382,0.14028789103031158,0.07471072673797607,0.1528799682855606,0.012124757282435894,1.0
1790268504.2124472,46.09563612937927,919,0,23,-0.31717053055763245,-0.2316310703754425,0.3957397937774658,0.2156020849943161,0.46322759985923767,0.04762828350067139,1.0,19,0.09877415746450424,-0.018673544749617577,0.11431483924388885,0.24043279886245728,0.16046403348445892,0.020978368818759918,1.0,33,0.037132032215595245,0.07093163579702377,0.032752662897109985,0.02980951964855194,0.08570531010627747,0.0011512438068166375,1.0,74,-0.015005369670689106,-0.0035078718792647123,0.20370465517044067,0.13358472287654877,0.12639519572257996,0.008685417473316193,1.0,0.3118458166718483,-0.12515230756253004,0.08570531010627747,0.07093163579702377,0.12639519572257996,-0.0035078718792647123,1.0
1790268504.260508,46.143697023391724,920,0,23,-0.2901870012283325,-0.18973375856876373,0.31160128116607666,0.17193828523159027,0.3833168148994446,0.018265122547745705,1.0,19,0.06475348025560379,-0.006414312869310379,0.05071171373128891,0.1287069171667099,0.10634049773216248,0.009428367018699646,1.0,33,0.00633378466591239,0.08401766419410706,0.029680447652935982,0.028165221214294434,0.08953943848609924,0.0007412382983602583,1.0,74,-0.020089227706193924,0.019579913467168808,0.12451216578483582,0.10239085555076599,0.09693220257759094,0.004774215165525675,1.0,0.24482865631580353,-0.09807403571903706,0.08953943848609924,0.08401766419410706,0.09693220257759094,0.019579913467168808,1.0
1790268504.3125548,46.195743799209595,921,0,23,-0.11549178510904312,-0.017079228535294533,0.10849478095769882,0.04820726811885834,0.1354229599237442,0.003087921068072319,1.0,19,0.05358726158738136,0.023288927972316742,0.07742152363061905,0.04432590678334236,0.09397419542074203,0.004960556980222464,1.0,33,-0.023212317377328873,0.11803875863552094,0.027406364679336548,0.030175315216183662,0.12292372435331345,0.0011566021712496877,1.0,74,-0.03120257332921028,0.0543864481151104,0.046948112547397614,0.059788767248392105,0.0843629240989685,0.0011915427166968584,1.0,0.11469857767224312,0.0031048497185111046,0.12292372435331345,0.11803875863552094,0.0843629240989685,0.0543864481151104,1.0
1790268504.364532,46.24772095680237,922,0,23,-0.13838128745555878,-0.00024215034500230104,0.06438148021697998,0.03654246777296066,0.1446518748998642,0.0022290193010121584,1.0,19,-0.026404129341244698,0.03692546486854553,0.03173310309648514,0.050113897770643234,0.06834518909454346,0.005610280204564333,1.0,33,-0.06916624307632446,0.09940962493419647,0.036623451858758926,0.01938839815557003,0.12520408630371094,0.0010322475573047996,1.0,74,-0.0631103515625,0.06724198162555695,0.046896304935216904,0.047402605414390564,0.10374616831541061,0.0009846182074397802,1.0,0.10649853199720383,0.018341657261771616,0.12520408630371094,0.09940962493419647,0.10374616831541061,0.06724198162555695,1.0
1790268504.4126537,46.29584264755249,923,0,23,-0.23178763687610626,0.017287544906139374,0.09621959924697876,0.04213825613260269,0.23840554058551788,0.0034665390849113464,1.0,19,-0.08349448442459106,0.026879562065005302,0.03118133544921875,0.03288239613175392,0.09432873129844666,0.002562605543062091,1.0,33,-0.11198471486568451,0.10752961039543152,0.04606662690639496,0.02682720124721527,0.15758608281612396,0.001150200143456459,1.0,74,-0.13479943573474884,0.07391151040792465,0.07557036727666855,0.05271728336811066,0.1645495742559433,0.0017310234252363443,1.0,0.16636713594198227,0.022083553485572338,0.15758608281612396,0.10752961039543152,0.1645495742559433,0.07391151040792465,1.0
1790268504.464678,46.347867012023926,924,0,23,-0.19169816374778748,-0.0006879723514430225,0.08140823245048523,0.04015953093767166,0.19795961678028107,0.0022245063446462154,1.0,19,-0.11368279904127121,0.015015451237559319,0.03693340718746185,0.035837672650814056,0.11953896284103394,0.00260051223449409,1.0,33,-0.13211198151111603,0.07858045399188995,0.032520491629838943,0.023995988070964813,0.15435396134853363,0.0007998519577085972,1.0,74,-0.11121615767478943,0.04559057950973511,0.06519293040037155,0.04437439888715744,0.12925772368907928,0.0011874649208039045,1.0,0.1587492898106575,0.007163739443058148,0.15435396134853363,0.07858045399188995,0.12925772368907928,0.04559057950973511,1.0
1790268504.5125728,46.39576172828674,925,0,23,-0.09884577244520187,-0.03716908395290375,0.04102788493037224,0.022748172283172607,0.10899680852890015,0.0010636269580572844,1.0,19,-0.058026764541864395,0.0025442023761570454,0.04018549248576164,0.05434008315205574,0.08290130645036697,0.0013834043638780713,1.0,33,-0.12741504609584808,0.012247258797287941,0.05037254840135574,0.021616928279399872,0.12976859509944916,0.001078777713701129,1.0,74,-0.0823807567358017,0.008259953930974007,0.05488419532775879,0.03396466001868248,0.09214147180318832,0.0009219813509844244,1.0,0.09594905748963356,-0.01731244078837335,0.12976859509944916,0.012247258797287941,0.09214147180318832,0.008259953930974007,1.0
1790268504.5646532,46.44784212112427,926,0,23,-0.028144504874944687,-0.07693149894475937,0.02654050476849079,0.028985483571887016,0.0874781608581543,0.001531132496893406,1.0,19,-0.015078895725309849,-0.01061770785599947,0.02685205452144146,0.04269661009311676,0.05012868344783783,0.0013273506192490458,1.0,33,-0.11182103306055069,-0.04141281545162201,0.038402579724788666,0.028123851865530014,0.12232715636491776,0.0011198896681889892,1.0,74,-0.039244573563337326,-0.021899042651057243,0.06790070980787277,0.05816863849759102,0.08611716330051422,0.0008799834176898003,1.0,0.06880342215299606,-0.04377460340037942,0.12232715636491776,-0.04141281545162201,0.08611716330051422,-0.021899042651057243,1.0
1790268504.6164393,46.49962830543518,927,0,23,0.07406682521104813,-0.12621141970157623,0.05645090714097023,0.034063514322042465,0.1523946225643158,0.004198173992335796,1.0,19,0.006917852908372879,-0.04917024448513985,0.04058685153722763,0.06071922928094864,0.08333700895309448,0.0012408348266035318,1.0,33,-0.06770601868629456,-0.09027191996574402,0.025766046717762947,0.02646041102707386,0.11688590049743652,0.0007930466672405601,1.0,74,0.0025762610603123903,-0.05931214988231659,0.06304534524679184,0.0725230723619461,0.09863397479057312,0.0010260596172884107,1.0,0.11786581575870514,-0.08769083209335804,0.11688590049743652,-0.09027191996574402,0.09863397479057312,-0.05931214988231659,1.0
1790268504.6642818,46.547470808029175,928,0,23,0.03308570012450218,-0.10432367771863937,0.022715114057064056,0.012641668319702148,0.11141805350780487,0.0008427199209108949,1.0,19,-0.00030838814564049244,-0.04072169214487076,0.044399429112672806,0.04791318625211716,0.07265450060367584,0.0021745767444372177,1.0,33,-0.02726190723478794,-0.08903826773166656,0.02396601252257824,0.029027102515101433,0.0964372307062149,0.0006037246785126626,1.0,74,0.01113108079880476,-0.06094628572463989,0.04514729231595993,0.05664007365703583,0.08444027602672577,0.0007679170230403543,1.0,0.09203627705574036,-0.07252268493175507,0.0964372307062149,-0.08903826773166656,0.08444027602672577,-0.06094628572463989,1.0
1790268504.7166042,46.59979319572449,929,0,23,0.004724917002022266,-0.08687824010848999,0.026981161907315254,0.014872613362967968,0.09114299714565277,0.001484139822423458,1.0,19,0.034126684069633484,-0.043087609112262726,0.03534465283155441,0.05270430073142052,0.07731654495000839,0.0011439556255936623,1.0,33,0.0013691295171156526,-0.0478719063103199,0.02154010348021984,0.01748918928205967,0.05278744921088219,0.0008450892055407166,1.0,74,0.012044957838952541,-0.03341881185770035,0.025961121544241905,0.04266727715730667,0.05428091809153557,0.0005691595142707229,1.0,0.08422977104783058,-0.06498292461037636,0.05278744921088219,-0.0478719063103199,0.05428091809153557,-0.03341881185770035,1.0
1790268504.7644627,46.64765167236328,930,1,23,-0.020111083984375,-0.03388247266411781,0.018251119181513786,0.016459770500659943,0.042761512100696564,0.000721083371900022,1.0,19,0.00605532992631197,-0.01384775247424841,0.01806073822081089,0.023348765447735786,0.03129549324512482,0.001086435280740261,1.0,33,0.01994786038994789,-0.0211029052734375,0.01496373862028122,0.01855664886534214,0.03540433943271637,0.0004828875244129449,1.0,74,0.007327311672270298,-0.006030520889908075,0.020919689908623695,0.029493849724531174,0.0340849906206131,0.0006838617846369743,1.0,0.03702850267291069,-0.02386511256918311,0.03540433943271637,-0.0211029052734375,0.0340849906206131,-0.006030520889908075,1.0
1790268504.8167377,46.69992661476135,931,0,23,-0.0042870561592280865,0.015122787095606327,0.01742972806096077,0.012298819608986378,0.023378847166895866,0.0005871580797247589,1.0,19,-0.012070504948496819,0.005608809646219015,0.018684225156903267,0.016057368367910385,0.025346480309963226,0.001305944286286831,1.0,33,0.037477899342775345,0.0347900390625,0.023704055696725845,0.014925332739949226,0.055147685110569,0.0004152837209403515,1.0,74,0.004790435079485178,0.02542836032807827,0.03455963358283043,0.028112931177020073,0.04555702582001686,0.000595327524933964,1.0,0.024362663738429546,0.010365798370912671,0.055147685110569,0.0347900390625,0.04555702582001686,0.02542836032807827,1.0
1790268504.864723,46.74791193008423,932,0,23,-0.015905629843473434,0.04434005171060562,0.01991698332130909,0.026385974138975143,0.05030237138271332,0.0008632425451651216,1.0,19,-0.03859028220176697,0.027067486196756363,0.024004945531487465,0.012115697376430035,0.04976767674088478,0.0014301848132163286,1.0,33,-0.005810361821204424,0.05580555275082588,0.012980503030121326,0.015140694566071033,0.05764676257967949,0.0006260417867451906,1.0,74,-0.026278933510184288,0.030551189556717873,0.03327962011098862,0.03579613193869591,0.05618054047226906,0.0007153854821808636,1.0,0.05003502406179905,0.03570376895368099,0.05764676257967949,0.05580555275082588,0.05618054047226906,0.030551189556717873,1.0
1790268504.91669,46.79987907409668,933,0,23,-0.13830766081809998,0.025810573250055313,0.06269697099924088,0.02118246629834175,0.14176051318645477,0.002585881156846881,1.0,19,-0.12628334760665894,0.03287787362933159,0.08487644046545029,0.03796768561005592,0.13447026908397675,0.0028626075945794582,1.0,33,-0.11359336227178574,0.023470329120755196,0.04641237109899521,0.01411200501024723,0.11682798713445663,0.0007757012499496341,1.0,74,-0.14298619329929352,0.0331212654709816,0.07022696733474731,0.04301457479596138,0.152778759598732,0.001371412305161357,1.0,0.13811539113521576,0.02934422343969345,0.11682798713445663,0.023470329120755196,0.152778759598732,0.0331212654709816,1.0
1790268504.968565,46.85175395011902,934,0,23,-0.4905780255794525,-0.04586128517985344,0.1516830176115036,0.028385354205965996,0.4934524893760681,0.0033424803987145424,1.0,19,-0.3949054777622223,0.05467384681105614,0.16089117527008057,0.10303528606891632,0.4086589515209198,0.006944709923118353,1.0,33,-0.6413297057151794,-0.020927660167217255,0.11727835983037949,0.04541744664311409,0.6430892944335938,0.003970592748373747,1.0,74,-0.5173215866088867,-0.0026702880859375,0.18160080909729004,0.07378622889518738,0.5232288241386414,0.002919591963291168,1.0,0.45105572044849396,0.004406280815601349,0.6430892944335938,-0.020927660167217255,0.5232288241386414,-0.0026702880859375,1.0
1790268505.0165374,46.89972639083862,935,0,23,-0.6001613736152649,-0.0012671429431065917,0.11395075172185898,0.02699938789010048,0.600675642490387,0.002358819590881467,1.0,19,-0.6798962950706482,-0.021600021049380302,0.09990494698286057,0.10156933963298798,0.6871241927146912,0.013678548857569695,1.0,33,-0.6000458598136902,-0.0027895839884877205,0.08985406160354614,0.06275348365306854,0.603015661239624,0.00238420139066875,1.0,74,-0.6185269951820374,0.01472493726760149,0.16381092369556427,0.10013672709465027,0.6281887888908386,0.0024603477213531733,1.0,0.6438999176025391,-0.011433581996243447,0.603015661239624,-0.0027895839884877205,0.6281887888908386,0.01472493726760149,1.0
1790268505.0686293,46.951818227767944,936,0,23,-0.8257327079772949,0.057178664952516556,0.09104710817337036,0.05876273289322853,0.829296350479126,0.003913605585694313,1.0,19,-0.7726086974143982,-0.07077106833457947,0.1618654727935791,0.1341717392206192,0.7854151129722595,0.008424617350101471,1.0,33,-0.7958531379699707,0.041318025439977646,0.11828113347291946,0.04086312651634216,0.7980117201805115,0.0045526172034442425,1.0,74,-0.7883923649787903,0.04492909088730812,0.21891166269779205,0.11274842917919159,0.7987390756607056,0.003890443127602339,1.0,0.8073557317256927,-0.006796201691031456,0.7980117201805115,0.041318025439977646,0.7987390756607056,0.04492909088730812,1.0
1790268505.1166654,46.99985432624817,937,0,23,-1.0729031562805176,0.10565782338380814,0.05597004294395447,0.033459439873695374,1.0786778926849365,0.006143561564385891,1.0,19,-1.126957893371582,-0.044492218643426895,0.1494584083557129,0.12980060279369354,1.1356841325759888,0.01520121842622757,1.0,33,-0.8650369644165039,0.04220211133360863,0.12217475473880768,0.07277511060237885,0.8687223792076111,0.0032597696408629417,1.0,74,-0.8736172318458557,0.06540432572364807,0.23342201113700867,0.13569848239421844,0.8870580792427063,0.004210423678159714,1.0,1.1071810126304626,0.03058280237019062,0.8687223792076111,0.04220211133360863,0.8870580792427063,0.06540432572364807,1.0
1790268505.1687624,47.05195140838623,938,0,23,-1.0991203784942627,0.15164384245872498,0.09235896915197372,0.05699152499437332,1.1108297109603882,0.008287228643894196,1.0,19,-1.0007420778274536,-0.06986838579177856,0.13883742690086365,0.09576891362667084,1.0080329179763794,0.012958620674908161,1.0,33,-0.8503764867782593,0.026126746088266373,0.10130853950977325,0.035356711596250534,0.8515352010726929,0.003675624495372176,1.0,74,-0.8982488512992859,0.06294353306293488,0.3031182587146759,0.15023234486579895,0.9143381118774414,0.004655290860682726,1.0,1.0594313144683838,0.040887728333473206,0.8515352010726929,0.026126746088266373,0.9143381118774414,0.06294353306293488,1.0
1790268505.2206476,47.10383653640747,939,0,23,-1.0095155239105225,0.21695742011070251,0.08797140419483185,0.04897211864590645,1.0335999727249146,0.005327865015715361,1.0,19,-1.1646519899368286,-0.11133294552564621,0.17098385095596313,0.1192820742726326,1.1767058372497559,0.011283686384558678,1.0,33,-0.5903528332710266,0.102874755859375,0.17283278703689575,0.10361802577972412,0.6109488606452942,0.0033525105100125074,1.0,74,-0.7514576315879822,0.10751858353614807,0.31509485840797424,0.2333928942680359,0.7935280799865723,0.004186343401670456,1.0,1.1051529049873352,0.05281223729252815,0.6109488606452942,0.102874755859375,0.7935280799865723,0.10751858353614807,1.0
1790268505.2685785,47.15176749229431,940,0,23,-0.8266826868057251,0.2341819405555725,0.09099461138248444,0.04224511235952377,0.8606281280517578,0.005073986016213894,1.0,19,-0.8427814841270447,-0.052034880965948105,0.09661920368671417,0.08063597232103348,0.8481295704841614,0.014863980002701283,1.0,33,-0.5299858450889587,0.1446278840303421,0.18567289412021637,0.07485036551952362,0.5590320229530334,0.0028272203635424376,1.0,74,-0.593626081943512,0.11339228600263596,0.2824152708053589,0.21739673614501953,0.6412996053695679,0.0041849566623568535,1.0,0.8543788492679596,0.0910735297948122,0.5590320229530334,0.1446278840303421,0.6412996053695679,0.11339228600263596,1.0
1790268505.3203678,47.20355677604675,941,0,23,-0.7250465750694275,0.1968662440776825,0.1028236672282219,0.029037227854132652,0.7530398368835449,0.00395297072827816,1.0,19,-0.8208425641059875,-0.0782647356390953,0.16788215935230255,0.1134989932179451,0.8344451785087585,0.00932824332267046,1.0,33,-0.5302687883377075,0.1849004626274109,0.1352721005678177,0.10610711574554443,0.5743185877799988,0.005587894469499588,1.0,74,-0.5103238224983215,0.10380832850933075,0.26997628808021545,0.15339741110801697,0.5464977622032166,0.004249803721904755,1.0,0.7937425076961517,0.059300754219293594,0.5743185877799988,0.1849004626274109,0.5464977622032166,0.10380832850933075,1.0
1790268505.3684404,47.25162935256958,942,0,23,-0.5069912075996399,0.12653516232967377,0.1388712376356125,0.028265219181776047,0.5237419009208679,0.004265762399882078,1.0,19,-0.6328269839286804,-0.11176340281963348,0.12291909009218216,0.14312876760959625,0.6607773900032043,0.012754326686263084,1.0,33,-0.6447083353996277,0.17834149301052094,0.22813895344734192,0.1098790317773819,0.6791813373565674,0.007751966826617718,1.0,74,-0.4117305874824524,0.07775384187698364,0.2864261567592621,0.12682022154331207,0.44125109910964966,0.004466660786420107,1.0,0.5922596454620361,0.007385879755020142,0.6791813373565674,0.17834149301052094,0.44125109910964966,0.07775384187698364,1.0
1790268505.4207263,47.30391526222229,943,0,23,-0.41600632667541504,0.03349967673420906,0.1409158855676651,0.04182820022106171,0.4198385775089264,0.0040270062163472176,1.0,19,-0.6786659359931946,-0.0755028948187828,0.20613060891628265,0.12998946011066437,0.6984003782272339,0.031761061400175095,1.0,33,-0.7250486612319946,0.18746347725391388,0.2494860291481018,0.30809855461120605,0.7953532338142395,0.03245580196380615,1.0,74,-0.42431724071502686,0.0583336278796196,0.32812070846557617,0.1955205351114273,0.4630807936191559,0.008922787383198738,1.0,0.5591194778680801,-0.021001609042286873,0.7953532338142395,0.18746347725391388,0.4630807936191559,0.0583336278796196,1.0
1790268505.4727507,47.355939626693726,944,0,23,-0.4734059274196625,0.03255429491400719,0.20178264379501343,0.03670469671487808,0.4769424498081207,0.0033088873606175184,1.0,19,-0.6408016681671143,-0.027113262563943863,0.15641921758651733,0.08194780349731445,0.6484845280647278,0.013567892834544182,1.0,33,-0.8205955028533936,0.23765471577644348,0.24444802105426788,0.40621113777160645,0.9290520548820496,0.040801677852869034,1.0,74,-0.44584202766418457,0.04960590973496437,0.3681439459323883,0.22688446938991547,0.4951857030391693,0.014991107396781445,1.0,0.5627134889364243,0.002720516175031662,0.9290520548820496,0.23765471577644348,0.4951857030391693,0.04960590973496437,1.0
1790268505.5206811,47.40387010574341,945,1,23,-0.5885679721832275,0.09568256139755249,0.1554976850748062,0.049477431923151016,0.5975349545478821,0.0034749165643006563,1.0,19,-0.6461149454116821,0.07427255809307098,0.26459595561027527,0.20162342488765717,0.6952499747276306,0.012016432359814644,1.0,33,-0.5037263631820679,-0.03865975886583328,0.2906036674976349,0.09742746502161026,0.5215617418289185,0.011426498182117939,1.0,74,-0.39875319600105286,0.007417215034365654,0.2905595898628235,0.11674223840236664,0.42242082953453064,0.007076014764606953,1.0,0.6463924646377563,0.08497755974531174,0.5215617418289185,-0.03865975886583328,0.42242082953453064,0.007417215034365654,1.0
1790268505.5726209,47.45580983161926,946,0,23,-0.6244792342185974,0.153485506772995,0.14387083053588867,0.05846455320715904,0.6473806500434875,0.0053070103749632835,1.0,19,-0.6796377301216125,0.018243087455630302,0.08060967922210693,0.1731768101453781,0.7012426257133484,0.012309522368013859,1.0,33,-0.4865315854549408,0.02152460254728794,0.18599317967891693,0.06788598746061325,0.4913294315338135,0.005551071371883154,1.0,74,-0.41628801822662354,0.04202466458082199,0.23723851144313812,0.10651381313800812,0.4328639507293701,0.004723152611404657,1.0,0.674311637878418,0.08586429711431265,0.4913294315338135,0.02152460254728794,0.4328639507293701,0.04202466458082199,1.0
1790268505.620725,47.50391387939453,947,0,23,-0.48653244972229004,0.136822909116745,0.14096558094024658,0.03747757896780968,0.5074936151504517,0.005141408648341894,1.0,19,-0.5629432797431946,0.06261082738637924,0.1606026589870453,0.1149328202009201,0.5813995599746704,0.018729275092482567,1.0,33,-0.3778843879699707,0.0072201816365122795,0.115651935338974,0.03548140451312065,0.3796004056930542,0.003377756802365184,1.0,74,-0.3462536931037903,0.05510680750012398,0.18778467178344727,0.09588351845741272,0.36764445900917053,0.004170299973338842,1.0,0.544446587562561,0.09971686825156212,0.3796004056930542,0.0072201816365122795,0.36764445900917053,0.05510680750012398,1.0
1790268505.6725643,47.555753231048584,948,0,23,-0.37703341245651245,0.09331877529621124,0.037392374128103256,0.02594207413494587,0.38949042558670044,0.0028962597716599703,1.0,19,-0.4250568449497223,-0.06437844038009644,0.13768677413463593,0.07482186704874039,0.43987998366355896,0.008195179514586926,1.0,33,-0.2925313413143158,0.028350830078125,0.07168791443109512,0.027737434953451157,0.2953544557094574,0.001814760034903884,1.0,74,-0.2752034068107605,0.03854040056467056,0.12372756004333496,0.07086420059204102,0.28820475935935974,0.0027239900082349777,1.0,0.4146852046251297,0.014470167458057404,0.2953544557094574,0.028350830078125,0.28820475935935974,0.03854040056467056,1.0
1790268505.7246683,47.60785722732544,949,0,23,-0.24620188772678375,0.061697255820035934,0.0646136924624443,0.0213648471981287,0.2550464868545532,0.0033396724611520767,1.0,19,-0.2679089903831482,-0.023480063304305077,0.05420864373445511,0.05979069322347641,0.2745073139667511,0.006671322043985128,1.0,33,-0.2026112824678421,0.019862782210111618,0.04936712980270386,0.03070933185517788,0.2057248204946518,0.0016198867233470082,1.0,74,-0.17517708241939545,0.024017643183469772,0.08927953243255615,0.06329608708620071,0.19096775352954865,0.0018993696430698037,1.0,0.26477690041065216,0.01910859625786543,0.2057248204946518,0.019862782210111618,0.19096775352954865,0.024017643183469772,1.0
1790268505.7726736,47.65586256980896,950,0,23,-0.14955206215381622,0.042874544858932495,0.05474270135164261,0.01601342298090458,0.15631650388240814,0.002075611148029566,1.0,19,-0.19246633350849152,0.00038869757554493845,0.08724163472652435,0.02972615323960781,0.1959482878446579,0.0023848973214626312,1.0,33,-0.18534620106220245,0.015289306640625,0.038446784019470215,0.019533224403858185,0.18692225217819214,0.0010960397776216269,1.0,74,-0.14613012969493866,0.018457360565662384,0.060002800077199936,0.03626054525375366,0.15351024270057678,0.0015692285960540175,1.0,0.17613239586353302,0.021631621217238717,0.18692225217819214,0.015289306640625,0.15351024270057678,0.018457360565662384,1.0
1790268505.8245578,47.707746744155884,951,0,23,-0.14160288870334625,0.051879219710826874,0.03460957482457161,0.011330858804285526,0.15147657692432404,0.0015342236729338765,1.0,19,-0.13002094626426697,0.01394171454012394,0.028665252029895782,0.0340651236474514,0.1352241486310959,0.0021435380913317204,1.0,33,-0.16141672432422638,0.034380365163087845,0.035783544182777405,0.020444761961698532,0.16636142134666443,0.0008154276292771101,1.0,74,-0.12688301503658295,0.028550226241350174,0.05420175567269325,0.027807898819446564,0.13318797945976257,0.0012438592966645956,1.0,0.14335036277770996,0.03291046712547541,0.16636142134666443,0.034380365163087845,0.13318797945976257,0.028550226241350174,1.0
1790268505.8726342,47.75582313537598,952,0,23,-0.12542857229709625,0.03274867683649063,0.0422464981675148,0.009204854257404804,0.1304301768541336,0.0010827950900420547,1.0,19,-0.11549457907676697,0.03386567905545235,0.039556797593832016,0.0347607359290123,0.12391224503517151,0.002191513776779175,1.0,33,-0.2696283459663391,0.06934981048107147,0.08677941560745239,0.05628830939531326,0.28353580832481384,0.0033157181460410357,1.0,74,-0.16140396893024445,0.0472259521484375,0.09378401190042496,0.047450434416532516,0.17511717975139618,0.002465745434165001,1.0,0.12717121094465256,0.03330717794597149,0.28353580832481384,0.06934981048107147,0.17511717975139618,0.0472259521484375,1.0
1790268505.9244983,47.807687282562256,953,0,23,-0.21489682793617249,0.11700306832790375,0.05770545452833176,0.01945449784398079,0.24595001339912415,0.0017924461280927062,1.0,19,-0.1304192841053009,0.06251686811447144,0.05072106793522835,0.04386739060282707,0.14972226321697235,0.0016497422475367785,1.0,33,-0.22319956123828888,0.07487349212169647,0.07748270779848099,0.0931301862001419,0.2542763352394104,0.004966745153069496,1.0,74,-0.1656244695186615,0.06674400717020035,0.08151552826166153,0.07437227666378021,0.18931783735752106,0.002574463374912739,1.0,0.19783613830804825,0.08975996822118759,0.2542763352394104,0.07487349212169647,0.18931783735752106,0.06674400717020035,1.0
1790268505.9763408,47.85952973365784,954,0,23,-0.10991104692220688,0.12599912285804749,0.03926166519522667,0.022373748943209648,0.16961319744586945,0.0017878629732877016,1.0,19,-0.0662665143609047,0.08233642578125,0.026489540934562683,0.04253459349274635,0.11219169199466705,0.0013754110550507903,1.0,33,-0.12357816100120544,0.10926263779401779,0.07072949409484863,0.08522810786962509,0.18134936690330505,0.002105836058035493,1.0,74,-0.09659844636917114,0.0941765233874321,0.05825154110789299,0.07722952216863632,0.1476995199918747,0.0015438696136698127,1.0,0.14090244472026825,0.10416777431964874,0.18134936690330505,0.10926263779401779,0.1476995199918747,0.0941765233874321,1.0
1790268506.0244493,47.90763831138611,955,0,23,-0.02947135642170906,0.1027553379535675,0.03449597582221031,0.012532583437860012,0.1116875559091568,0.0007238456746563315,1.0,19,-0.050937049090862274,0.09303846210241318,0.04674775153398514,0.04443512111902237,0.1124797984957695,0.0016978790517896414,1.0,33,-0.049812085926532745,0.042182229459285736,0.062206462025642395,0.06706210970878601,0.1023738756775856,0.001244802842848003,1.0,74,-0.03477519378066063,0.04957271367311478,0.041003067046403885,0.05457344651222229,0.08117654174566269,0.0010176363866776228,1.0,0.11208367720246315,0.09789690002799034,0.1023738756775856,0.042182229459285736,0.08117654174566269,0.04957271367311478,1.0
1790268506.0765822,47.959771156311035,956,0,23,-0.00159686547704041,0.06670147180557251,0.03250463679432869,0.012791680172085762,0.0732765942811966,0.0005926674930378795,1.0,19,0.026945415884256363,0.07219655811786652,0.0405731163918972,0.03922838717699051,0.09271570295095444,0.0018893082160502672,1.0,33,-0.008416840806603432,-0.07674523442983627,0.13001035153865814,0.17243987321853638,0.18281586468219757,0.01162358932197094,1.0,74,0.005552755668759346,0.014776384457945824,0.07884082198143005,0.08099570125341415,0.08565910160541534,0.003310437547042966,1.0,0.08299614861607552,0.06944901496171951,0.18281586468219757,-0.07674523442983627,0.08565910160541534,0.014776384457945824,1.0
1790268506.1246502,48.00783920288086,957,0,23,0.06899493932723999,0.07601398229598999,0.04933658987283707,0.014295894652605057,0.10883460938930511,0.001690035336650908,1.0,19,0.09318462014198303,0.06472136080265045,0.06698647886514664,0.08027548342943192,0.14647674560546875,0.004939033184200525,1.0,33,0.09366676956415176,-0.3022104799747467,0.17755475640296936,0.35119131207466125,0.4191749095916748,0.03748386353254318,1.0,74,0.08278511464595795,-0.04906896501779556,0.12647174298763275,0.2136778086423874,0.18170088529586792,0.00915986206382513,1.0,0.12765567749738693,0.07036767154932022,0.4191749095916748,-0.3022104799747467,0.18170088529586792,-0.04906896501779556,1.0
1790268506.1767826,48.05997157096863,958,0,23,0.21942934393882751,0.040762197226285934,0.08505920320749283,0.021126387640833855,0.2257681041955948,0.002895511919632554,1.0,19,0.22995316982269287,0.048093292862176895,0.09006282687187195,0.08598112314939499,0.25315555930137634,0.003859511809423566,1.0,33,0.029597889631986618,-0.3776032328605652,0.26364174485206604,0.29501181840896606,0.4691263437271118,0.04017634317278862,1.0,74,0.12300728261470795,-0.0816628709435463,0.164763405919075,0.20071807503700256,0.23367267847061157,0.012629194185137749,1.0,0.23946183174848557,0.044427745044231415,0.4691263437271118,-0.3776032328605652,0.23367267847061157,-0.0816628709435463,1.0
1790268506.2287498,48.11193871498108,959,0,23,0.18549314141273499,0.050022292882204056,0.062451984733343124,0.0245144572108984,0.19445811212062836,0.002815190004184842,1.0,19,0.2770209014415741,0.13243745267391205,0.10238948464393616,0.08667419850826263,0.31847235560417175,0.008515137247741222,1.0,33,-0.009693955071270466,-0.4818984568119049,0.2177475243806839,0.2550775110721588,0.5315074920654297,0.01561911404132843,1.0,74,0.11028042435646057,-0.12042462825775146,0.15534211695194244,0.2379414439201355,0.2612527310848236,0.0060147312469780445,1.0,0.25646523386240005,0.09122987277805805,0.5315074920654297,-0.4818984568119049,0.2612527310848236,-0.12042462825775146,1.0
1790268506.2767425,48.15993142127991,960,1,23,0.22294151782989502,0.08540012687444687,0.05940093845129013,0.03551382198929787,0.2411697804927826,0.002560047432780266,1.0,19,0.20409192144870758,0.13767041265964508,0.10682683438062668,0.054950688034296036,0.26324549317359924,0.0061458684504032135,1.0,33,-0.0015379010001197457,-0.3360739052295685,0.21722625195980072,0.18762125074863434,0.3965250253677368,0.008743762038648129,1.0,74,0.10222048312425613,-0.07921012490987778,0.1354449987411499,0.17864558100700378,0.21102163195610046,0.004614782519638538,1.0,0.2522076368331909,0.11153526976704597,0.3965250253677368,-0.3360739052295685,0.21102163195610046,-0.07921012490987778,1.0
1790268506.3286815,48.211870431900024,961,0,23,0.155828058719635,0.05739692971110344,0.04511815309524536,0.016390834003686905,0.16790933907032013,0.0014975203666836023,1.0,19,0.15924714505672455,0.1483941376209259,0.0332840234041214,0.03551952540874481,0.22050835192203522,0.0036998523864895105,1.0,33,0.08943407237529755,-0.14707623422145844,0.07753286510705948,0.06628002226352692,0.18564558029174805,0.0038669935893267393,1.0,74,0.0936334952712059,-0.04569687694311142,0.07584015280008316,0.09727662801742554,0.14276903867721558,0.0020331733394414186,1.0,0.19420884549617767,0.10289553366601467,0.18564558029174805,-0.14707623422145844,0.14276903867721558,-0.04569687694311142,1.0
1790268506.3763764,48.259565353393555,962,0,23,0.10582899302244186,0.04618370905518532,0.031946901232004166,0.016262119635939598,0.11670801043510437,0.0010013581486418843,1.0,19,0.13211701810359955,0.07354415208101273,0.03203727677464485,0.044458650052547455,0.15765978395938873,0.00411422923207283,1.0,33,0.1239980086684227,-0.06297857314348221,0.1185535341501236,0.04120904952287674,0.15218456089496613,0.002144326688721776,1.0,74,0.09125663340091705,-0.012952753342688084,0.09244706481695175,0.06822479516267776,0.11754567921161652,0.0011953940847888589,1.0,0.13718389719724655,0.05986393056809902,0.15218456089496613,-0.06297857314348221,0.11754567921161652,-0.012952753342688084,1.0
1790268506.428526,48.31171488761902,963,0,23,0.10944797843694687,0.04986373335123062,0.039370741695165634,0.011368361301720142,0.12194149196147919,0.0011799815110862255,1.0,19,0.11649362742900848,0.043460242450237274,0.027057139202952385,0.06225001811981201,0.13893656432628632,0.002342166844755411,1.0,33,0.11766098439693451,-0.06277512013912201,0.0963292270898819,0.03763985261321068,0.1412271112203598,0.001710344571620226,1.0,74,0.0819896012544632,-0.014758238568902016,0.07293470203876495,0.06311158090829849,0.10448966920375824,0.001053412677720189,1.0,0.13043902814388275,0.04666198790073395,0.1412271112203598,-0.06277512013912201,0.10448966920375824,-0.014758238568902016,1.0
1790268506.4807084,48.3638973236084,964,0,23,0.11361561715602875,0.03308636322617531,0.04076283052563667,0.01351961586624384,0.11877908557653427,0.0013759859139099717,1.0,19,0.10231740772724152,0.03821362927556038,0.04436342045664787,0.04645293578505516,0.1208554282784462,0.0026291762478649616,1.0,33,0.1263173371553421,-0.05080760642886162,0.08299613744020462,0.031875886023044586,0.1402091681957245,0.0014334931038320065,1.0,74,0.08113366365432739,-0.009618913754820824,0.05835724249482155,0.04460017383098602,0.0936625674366951,0.001228726003319025,1.0,0.11981725692749023,0.035649996250867844,0.1402091681957245,-0.05080760642886162,0.0936625674366951,-0.009618913754820824,1.0
1790268506.5287745,48.41196346282959,965,0,23,0.08013385534286499,0.015293287113308907,0.020020579919219017,0.013160355389118195,0.08278363943099976,0.001046065939590335,1.0,19,0.08941489458084106,0.023846274241805077,0.03472515195608139,0.042388368397951126,0.10333726555109024,0.0015548691153526306,1.0,33,0.10632647573947906,-0.04472397267818451,0.07325490564107895,0.024583548307418823,0.11809670925140381,0.0011167771881446242,1.0,74,0.0718425065279007,-0.016141118481755257,0.0527992844581604,0.036087580025196075,0.08268573135137558,0.0009928974322974682,1.0,0.093060452491045,0.01956978067755699,0.11809670925140381,-0.04472397267818451,0.08268573135137558,-0.016141118481755257,1.0
1790268506.5803742,48.463563203811646,966,0,23,0.09234221279621124,0.013027025386691093,0.036057248711586,0.008711605332791805,0.09397970885038376,0.0008364391978830099,1.0,19,0.09664274752140045,0.014523155055940151,0.03860878199338913,0.03143104538321495,0.10405971109867096,0.0017990421038120985,1.0,33,0.09166555851697922,-0.07976092398166656,0.05441282317042351,0.02500743791460991,0.12658652663230896,0.0016207861481234431,1.0,74,0.059373803436756134,-0.03682677820324898,0.04997929930686951,0.055277831852436066,0.08466099947690964,0.0011105929734185338,1.0,0.09901970997452736,0.013775090221315622,0.12658652663230896,-0.07976092398166656,0.08466099947690964,-0.03682677820324898,1.0
1790268506.628474,48.51166296005249,967,0,23,0.06360924988985062,-0.018345044925808907,0.035769589245319366,0.013729858212172985,0.06826505064964294,0.0007143891416490078,1.0,19,0.060813501477241516,-0.0016873008571565151,0.03226782754063606,0.03694045543670654,0.07326696813106537,0.0020538929384201765,1.0,33,0.09276603907346725,-0.09351880848407745,0.08395981788635254,0.03123539872467518,0.13886640965938568,0.0018718967912718654,1.0,74,0.04901164397597313,-0.041384413838386536,0.04503137618303299,0.052852194756269455,0.07583045214414597,0.0010341512970626354,1.0,0.07076600939035416,-0.01001617289148271,0.13886640965938568,-0.09351880848407745,0.07583045214414597,-0.041384413838386536,1.0
1790268506.680517,48.563705921173096,968,0,23,0.04513085260987282,-0.032149605453014374,0.01490461640059948,0.00875336304306984,0.05635232850909233,0.0005463669658638537,1.0,19,0.04768291115760803,-0.028562847524881363,0.030133116990327835,0.027365682646632195,0.060938622802495956,0.0019947043620049953,1.0,33,0.026979850605130196,-0.11130454391241074,0.05271919444203377,0.028016015887260437,0.12403283268213272,0.0010902690701186657,1.0,74,0.026216454803943634,-0.051860809326171875,0.03962484002113342,0.05190300941467285,0.07372130453586578,0.0009351765620522201,1.0,0.058645475655794144,-0.03035622648894787,0.12403283268213272,-0.11130454391241074,0.07372130453586578,-0.051860809326171875,1.0
1790268506.7326958,48.61588478088379,969,0,23,0.003924825694411993,-0.035389114171266556,0.023556163534522057,0.019193653017282486,0.04289800301194191,0.0009143027709797025,1.0,19,-0.01527163852006197,-0.008336920291185379,0.01907247118651867,0.023566246032714844,0.0321386493742466,0.0013940378557890654,1.0,33,-0.028662478551268578,-0.11483857035636902,0.060570307075977325,0.023930232971906662,0.13204152882099152,0.0015922511229291558,1.0,74,-0.017552349716424942,-0.059831153601408005,0.04131196066737175,0.05341477319598198,0.07383652776479721,0.0010998465586453676,1.0,0.037518326193094254,-0.021863017231225967,0.13204152882099152,-0.11483857035636902,0.07383652776479721,-0.059831153601408005,1.0
1790268506.7806258,48.66381478309631,970,0,23,-0.042910367250442505,-0.028553174808621407,0.016747156158089638,0.017007559537887573,0.053536307066679,0.000847918854560703,1.0,19,-0.05611058324575424,-0.045520178973674774,0.025955379009246826,0.0317036472260952,0.08159353584051132,0.0017580939456820488,1.0,33,-0.09487822651863098,-0.096282958984375,0.05648789927363396,0.02879692241549492,0.14219500124454498,0.001762646483257413,1.0,74,-0.05769822373986244,-0.04718512296676636,0.042894985526800156,0.045731887221336365,0.08243883401155472,0.001012930879369378,1.0,0.06756492145359516,-0.03703667689114809,0.14219500124454498,-0.096282958984375,0.08243883401155472,-0.04718512296676636,1.0
1790268506.83266,48.71584892272949,971,0,23,-0.09897912293672562,-0.03322037309408188,0.04247524216771126,0.009390034712851048,0.10641422122716904,0.001542244921438396,1.0,19,-0.09693828225135803,-0.03346895053982735,0.038538746535778046,0.027662549167871475,0.10823759436607361,0.001796443946659565,1.0,33,-0.1062723770737648,-0.060102056711912155,0.05526769906282425,0.017389485612511635,0.12880471348762512,0.0012864997843280435,1.0,74,-0.07954715937376022,-0.03673749417066574,0.049842797219753265,0.0311944168061018,0.0937545895576477,0.0010783490724861622,1.0,0.10732590779662132,-0.03334466181695461,0.12880471348762512,-0.060102056711912155,0.0937545895576477,-0.03673749417066574,1.0
1790268506.880766,48.763954877853394,972,0,23,-0.0685577392578125,-0.000765593140386045,0.029286013916134834,0.011316335760056973,0.07285020500421524,0.0007971468730829656,1.0,19,-0.09130217134952545,-0.03603001683950424,0.014126405119895935,0.03152305260300636,0.10300645977258682,0.0019291735952720046,1.0,33,-0.10919790714979172,-0.05620967969298363,0.04513847082853317,0.016085393726825714,0.1264571249485016,0.0010465915547683835,1.0,74,-0.09238392859697342,-0.019263500347733498,0.04762500151991844,0.038557641208171844,0.1013239324092865,0.000879057333804667,1.0,0.08792833238840103,-0.018397804989945143,0.1264571249485016,-0.05620967969298363,0.1013239324092865,-0.019263500347733498,1.0
1790268506.932641,48.81582999229431,973,0,23,-0.08403081446886063,0.022802602499723434,0.02001996897161007,0.014316978864371777,0.08816178888082504,0.0012400529813021421,1.0,19,-0.09640824049711227,0.016537314280867577,0.05861756205558777,0.02113194391131401,0.10131804645061493,0.0034842186141759157,1.0,33,-0.05540050193667412,-0.013893358409404755,0.01975325681269169,0.01774532161653042,0.06052014231681824,0.0006145422230474651,1.0,74,-0.06318911910057068,0.002950719790533185,0.028291359543800354,0.026642948389053345,0.06931030750274658,0.0008368900744244456,1.0,0.09473991766571999,0.019669958390295506,0.06052014231681824,-0.013893358409404755,0.06931030750274658,0.002950719790533185,1.0
1790268506.9847496,48.86793851852417,974,0,23,-0.03389972075819969,0.025151127949357033,0.022319423034787178,0.012637610547244549,0.04702183976769447,0.0007095675682649016,1.0,19,-0.034202173352241516,-0.005397595930844545,0.02096586488187313,0.028678888455033302,0.0471726730465889,0.0012932935496792197,1.0,33,-0.025883067399263382,0.0017094467766582966,0.025956571102142334,0.029934043064713478,0.04272914305329323,0.0006909446674399078,1.0,74,-0.042418815195560455,0.012536744587123394,0.0252495389431715,0.027473947033286095,0.05307711288332939,0.000780896982178092,1.0,0.047097256407141685,0.009876766009256244,0.04272914305329323,0.0017094467766582966,0.05307711288332939,0.012536744587123394,1.0
1790268507.032711,48.915899991989136,975,1,23,-0.04086768254637718,0.013268512673676014,0.02360616996884346,0.01365614216774702,0.04427069053053856,0.0008395097102038562,1.0,19,-0.05455097556114197,0.02358446642756462,0.015325024724006653,0.026605971157550812,0.06332096457481384,0.0016266971360892057,1.0,33,-0.018825646489858627,0.0043691000901162624,0.02595542185008526,0.016792088747024536,0.03270238637924194,0.0007493371958844364,1.0,74,-0.02990475296974182,0.007670118939131498,0.017795445397496223,0.01619356870651245,0.03496166318655014,0.0006502323085442185,1.0,0.0537958275526762,0.018426489550620317,0.03270238637924194,0.0043691000901162624,0.03496166318655014,0.007670118939131498,1.0
1790268507.0846925,48.96788144111633,976,0,23,-0.0082550048828125,0.046267300844192505,0.016517996788024902,0.016033511608839035,0.049532078206539154,0.0006386678433045745,1.0,19,-0.017367715016007423,0.01381161343306303,0.01930825226008892,0.026086967438459396,0.035822171717882156,0.00195324351079762,1.0,33,0.015613440424203873,0.027248498052358627,0.026955852285027504,0.018299544230103493,0.042708203196525574,0.0006409187335520983,1.0,74,-0.011306144297122955,0.02803689055144787,0.03031231090426445,0.021268460899591446,0.04254594072699547,0.0006924027111381292,1.0,0.042677124962210655,0.030039457138627768,0.042708203196525574,0.027248498052358627,0.04254594072699547,0.02803689055144787,1.0
1790268507.132677,49.01586604118347,977,0,23,-0.002850739751011133,0.04293027147650719,0.01056702621281147,0.005780672654509544,0.04420806095004082,0.0005870599416084588,1.0,19,0.004884418565779924,0.033602263778448105,0.021103832870721817,0.033109940588474274,0.04394305869936943,0.0010607106378301978,1.0,33,0.03163331747055054,0.03574024513363838,0.021749326959252357,0.019610950723290443,0.052850332111120224,0.0007935257744975388,1.0,74,0.009082484990358353,0.025681160390377045,0.024714550003409386,0.020467303693294525,0.038038816303014755,0.0006311046308837831,1.0,0.044075559824705124,0.038266267627477646,0.052850332111120224,0.03574024513363838,0.038038816303014755,0.025681160390377045,1.0
1790268507.1845808,49.06776976585388,978,0,23,0.020169464871287346,0.02977321483194828,0.008959301747381687,0.008590422570705414,0.03643537312746048,0.0005070298793725669,1.0,19,0.03330913186073303,0.020965576171875,0.02580300346016884,0.021233122795820236,0.04704301431775093,0.0010995500488206744,1.0,33,0.08420585840940475,0.03579665720462799,0.03353666514158249,0.014940377324819565,0.09497476369142532,0.001184761757031083,1.0,74,0.03811851888895035,0.02646554447710514,0.037894029170274734,0.021696921437978745,0.05450667440891266,0.0009470488294027746,1.0,0.041739193722605705,0.02536939550191164,0.09497476369142532,0.03579665720462799,0.05450667440891266,0.02646554447710514,1.0
1790268507.2363777,49.119566679000854,979,0,23,0.058818649500608444,0.007770040538161993,0.027631958946585655,0.012916631065309048,0.061574097722768784,0.0008196155540645123,1.0,19,0.04169664904475212,0.002821269677951932,0.024104584008455276,0.031656403094530106,0.055457040667533875,0.0015574638964608312,1.0,33,0.07556244730949402,0.0316060371696949,0.025777306407690048,0.01495209988206625,0.08444970846176147,0.0006438054842874408,1.0,74,0.05001377314329147,0.013893230818212032,0.0360993929207325,0.019411873072385788,0.05805591121315956,0.0008280001929961145,1.0,0.05851556919515133,0.0052956551080569625,0.08444970846176147,0.0316060371696949,0.05805591121315956,0.013893230818212032,1.0
1790268507.284454,49.16764307022095,980,0,23,0.06268774718046188,0.0007085385732352734,0.017005309462547302,0.007123645860701799,0.06309250742197037,0.0009143227944150567,1.0,19,0.04570087790489197,0.005156667437404394,0.031291451305150986,0.045803990215063095,0.0636194720864296,0.0013871598057448864,1.0,33,0.06576815247535706,0.011647542007267475,0.03170447424054146,0.012502871453762054,0.06918831169605255,0.000755761400796473,1.0,74,0.042778220027685165,0.008845973759889603,0.031422194093465805,0.01940183900296688,0.05050605162978172,0.0007164825219660997,1.0,0.06335598975419998,0.0029326030053198338,0.06918831169605255,0.011647542007267475,0.05050605162978172,0.008845973759889603,1.0
1790268507.3366182,49.219807147979736,981,0,23,0.00396861182525754,0.00774217676371336,0.009790242649614811,0.008248467929661274,0.01396808959543705,0.000495279673486948,1.0,19,0.023638272657990456,0.0014889365993440151,0.030337292701005936,0.03153638541698456,0.0370747372508049,0.0013054580194875598,1.0,33,0.027198560535907745,0.009089152328670025,0.017536992207169533,0.01619585044682026,0.033145152032375336,0.0004667819302994758,1.0,74,0.016378454864025116,0.0036860285326838493,0.019372979179024696,0.016926445066928864,0.027239490300416946,0.0005294587463140488,1.0,0.025521413423120975,0.0046155566815286875,0.033145152032375336,0.009089152328670025,0.027239490300416946,0.0036860285326838493,1.0
1790268507.3846698,49.2678587436676,982,0,23,0.017525050789117813,0.028295766562223434,0.022178638726472855,0.009802049957215786,0.038660772144794464,0.0010567381978034973,1.0,19,-0.006326775997877121,0.00809438619762659,0.023350615054368973,0.026654353365302086,0.02967558056116104,0.0016429420793429017,1.0,33,0.010947487317025661,0.01291170995682478,0.018644895404577255,0.011728091165423393,0.0243573896586895,0.0004593408666551113,1.0,74,0.008559768088161945,0.009255383163690567,0.017352186143398285,0.01565668359398842,0.02239128388464451,0.0005043782875873148,1.0,0.03416817635297775,0.018195076379925013,0.0243573896586895,0.01291170995682478,0.02239128388464451,0.009255383163690567,1.0
1790268507.436704,49.31989288330078,983,0,23,0.141436368227005,0.20683620870113373,0.17237871885299683,0.12603925168514252,0.2745751440525055,0.018567511811852455,1.0,19,-0.07697336375713348,0.06720452755689621,0.10529858618974686,0.11465203762054443,0.11428464204072952,0.0070305136032402515,1.0,33,-0.007227117195725441,0.014701149426400661,0.019690047949552536,0.013105703517794609,0.02609083615243435,0.0004066464025527239,1.0,74,0.005171904806047678,0.04185836389660835,0.07203936576843262,0.08065474033355713,0.060454756021499634,0.003821644000709057,1.0,0.1944298930466175,0.13702036812901497,0.02609083615243435,0.014701149426400661,0.060454756021499634,0.04185836389660835,1.0
1790268507.488802,49.37199091911316,984,0,23,0.30508023500442505,0.28437739610671997,0.3378854990005493,0.20875969529151917,0.4483555853366852,0.03861592337489128,1.0,19,-0.06427001953125,0.06981538236141205,0.13604426383972168,0.22080756723880768,0.1615399867296219,0.04345163330435753,1.0,33,-0.013258962891995907,0.004568851552903652,0.012508523650467396,0.010316900908946991,0.01935403421521187,0.0005497056990861893,1.0,74,0.024770375341176987,0.03956634923815727,0.12730085849761963,0.1167464479804039,0.07114961743354797,0.009682062081992626,1.0,0.30494778603315353,0.177096389234066,0.01935403421521187,0.004568851552903652,0.07114961743354797,0.03956634923815727,1.0
1790268507.5365858,49.419774770736694,985,0,23,0.5826356410980225,0.29835909605026245,0.5512174963951111,0.23627451062202454,0.6873113512992859,0.1140192523598671,1.0,19,-0.13179738819599152,0.1045556291937828,0.18705306947231293,0.2755649983882904,0.2135382741689682,0.048327427357435226,1.0,33,-0.016727332025766373,-0.006997772958129644,0.02057107537984848,0.012970413081347942,0.027142973616719246,0.00046876270789653063,1.0,74,0.08040309697389603,0.043891701847314835,0.3234904706478119,0.12966419756412506,0.1373441368341446,0.02025987021625042,1.0,0.45042481273412704,0.20145736262202263,0.027142973616719246,-0.006997772958129644,0.1373441368341446,0.043891701847314835,1.0
1790268507.5886333,49.4718222618103,986,0,23,0.05832240730524063,0.014308763667941093,0.0730673149228096,0.04139092564582825,0.08095847070217133,0.012914110906422138,1.0,19,-0.03363679721951485,0.00432064663618803,0.03781447187066078,0.062069255858659744,0.06665593385696411,0.0027465661987662315,1.0,33,-0.02922982908785343,-0.03164256736636162,0.018985994160175323,0.012521525844931602,0.04674406349658966,0.0005330883432179689,1.0,74,-0.006375699304044247,-0.006249092519283295,0.051098763942718506,0.029890406876802444,0.044071998447179794,0.0031541255302727222,1.0,0.07380720227956772,0.009314705152064562,0.04674406349658966,-0.03164256736636162,0.044071998447179794,-0.006249092519283295,1.0
1790268507.6366634,49.51985239982605,987,0,23,0.01741890236735344,-0.03325619921088219,0.040411513298749924,0.041875775903463364,0.0624573640525341,0.0014263292541727424,1.0,19,-0.029478374868631363,-0.023260818794369698,0.03840387612581253,0.028482887893915176,0.05742396041750908,0.0021380241960287094,1.0,33,-0.05663184076547623,-0.04144333302974701,0.017591796815395355,0.011298080906271935,0.07181405276060104,0.0008414339972659945,1.0,74,-0.023921450600028038,-0.02301303669810295,0.03367694094777107,0.025981532409787178,0.048551831394433975,0.0009401172865182161,1.0,0.05994066223502159,-0.028258509002625942,0.07181405276060104,-0.04144333302974701,0.048551831394433975,-0.02301303669810295,1.0
1790268507.6885753,49.57176423072815,988,0,23,-0.03358127921819687,-0.05196281149983406,0.041521310806274414,0.06459245085716248,0.06678759306669235,0.003705830778926611,1.0,19,-0.0012415836099535227,-0.06249598413705826,0.05913790687918663,0.0657912939786911,0.08246520161628723,0.006181268487125635,1.0,33,-0.02647446095943451,-0.05427643656730652,0.0195184163749218,0.0181596539914608,0.06374168395996094,0.0009931452805176377,1.0,74,-0.02448994480073452,-0.03707597032189369,0.035081129521131516,0.05360966548323631,0.05545157194137573,0.0013392934342846274,1.0,0.07462639734148979,-0.05722939781844616,0.06374168395996094,-0.05427643656730652,0.05545157194137573,-0.03707597032189369,1.0
1790268507.74053,49.62371897697449,989,0,23,-0.18325208127498627,-0.11673836410045624,0.1938079595565796,0.09352019429206848,0.2296101599931717,0.03287478908896446,1.0,19,-0.010844983160495758,-0.08088282495737076,0.06115414947271347,0.083258718252182,0.10329741984605789,0.0034188400022685528,1.0,33,-0.0375010184943676,-0.07355152815580368,0.024805057793855667,0.013032778166234493,0.08521464467048645,0.0008432806353084743,1.0,74,-0.05597459897398949,-0.05360783636569977,0.12902863323688507,0.06522788107395172,0.09303809702396393,0.0065114605240523815,1.0,0.1664537899196148,-0.0988105945289135,0.08521464467048645,-0.07355152815580368,0.09303809702396393,-0.05360783636569977,1.0
1790268507.7886822,49.671871185302734,990,1,23,-0.2462615966796875,-0.20366238057613373,0.20769920945167542,0.12639275193214417,0.3357548415660858,0.02520276978611946,1.0,19,-0.0001686497707851231,-0.1152215227484703,0.03860201686620712,0.1410381942987442,0.13262984156608582,0.010309037752449512,1.0,33,-0.09212516993284225,-0.11025677621364594,0.03331732004880905,0.024879198521375656,0.14676976203918457,0.0010965337278321385,1.0,74,-0.07612217962741852,-0.08835313469171524,0.13696402311325073,0.08823257684707642,0.12996524572372437,0.004869380965828896,1.0,0.23419234156608582,-0.15944195166230202,0.14676976203918457,-0.11025677621364594,0.12996524572372437,-0.08835313469171524,1.0
1790268507.8406823,49.7238712310791,991,0,23,-0.29987698793411255,-0.270525723695755,0.2562420070171356,0.14667381346225739,0.423356294631958,0.016378020867705345,1.0,19,-0.05814241245388985,-0.12286055833101273,0.0692644789814949,0.14872735738754272,0.15421591699123383,0.009355250746011734,1.0,33,-0.21386072039604187,-0.14985333383083344,0.06733692437410355,0.04428800195455551,0.2643486559391022,0.0017521551344543695,1.0,74,-0.11807622015476227,-0.10778829455375671,0.1671040952205658,0.11863964796066284,0.19663923978805542,0.00435792189091444,1.0,0.2887861058115959,-0.19669314101338387,0.2643486559391022,-0.14985333383083344,0.19663923978805542,-0.10778829455375671,1.0
1790268507.8885734,49.77176237106323,992,0,23,-0.1339516043663025,-0.25965747237205505,0.15133297443389893,0.11636777967214584,0.30932292342185974,0.008879607543349266,1.0,19,0.008633262477815151,-0.11039412766695023,0.0428670309484005,0.12281715869903564,0.1221814751625061,0.007640957832336426,1.0,33,-0.01706857420504093,-0.09316739439964294,0.029601726680994034,0.01664268970489502,0.09881199896335602,0.0009288195287808776,1.0,74,-0.011599360033869743,-0.08814156800508499,0.06417877227067947,0.08574073016643524,0.10546648502349854,0.002823613118380308,1.0,0.21575219929218292,-0.18502580001950264,0.09881199896335602,-0.09316739439964294,0.10546648502349854,-0.08814156800508499,1.0
1790268507.9403377,49.82352662086487,993,0,23,-0.02070949412882328,-0.19972428679466248,0.1294458508491516,0.07959065586328506,0.23178724944591522,0.013150548562407494,1.0,19,0.10978618264198303,-0.11528336256742477,0.12619709968566895,0.11126361787319183,0.16586406528949738,0.008590993471443653,1.0,33,0.07067732512950897,-0.07290926575660706,0.017001528292894363,0.027760393917560577,0.10343774408102036,0.0009952359832823277,1.0,74,0.05803309381008148,-0.0781075730919838,0.06636317074298859,0.07453849911689758,0.11304433643817902,0.0031852859538048506,1.0,0.1988256573677063,-0.15750382468104362,0.10343774408102036,-0.07290926575660706,0.11304433643817902,-0.0781075730919838,1.0
1790268507.992749,49.875937938690186,994,0,23,0.01350071094930172,-0.12204908579587936,0.07076732814311981,0.04491119831800461,0.14353083074092865,0.0026677558198571205,1.0,19,0.12774658203125,-0.07514230906963348,0.0833454430103302,0.07345246523618698,0.1550266444683075,0.005039850249886513,1.0,33,0.20935983955860138,-0.0563863106071949,0.06607501208782196,0.0273161418735981,0.21956203877925873,0.0021277235355228186,1.0,74,0.11693470180034637,-0.052616532891988754,0.09893257170915604,0.05039838328957558,0.14647763967514038,0.0018942543538287282,1.0,0.14927873760461807,-0.09859569743275642,0.21956203877925873,-0.0563863106071949,0.14647763967514038,-0.052616532891988754,1.0
1790268508.0407481,49.92393708229065,995,0,23,0.12523683905601501,-0.09627499431371689,0.06743741780519485,0.024842163547873497,0.1606043130159378,0.004018945619463921,1.0,19,0.1281609833240509,-0.06563527882099152,0.09350477159023285,0.054816294461488724,0.1521022766828537,0.0035688630305230618,1.0,33,0.18565784394741058,-0.04786728322505951,0.045493558049201965,0.028627587482333183,0.1942826360464096,0.0009096437715925276,1.0,74,0.12192659080028534,-0.04657157510519028,0.08258609473705292,0.041413888335227966,0.13970333337783813,0.001637432025745511,1.0,0.15635329484939575,-0.0809551365673542,0.1942826360464096,-0.04786728322505951,0.13970333337783813,-0.04657157510519028,1.0
1790268508.0926223,49.97581124305725,996,0,23,0.04215008392930031,-0.12861700356006622,0.061602991074323654,0.025076974183321,0.14959874749183655,0.0022571608424186707,1.0,19,0.08492881059646606,-0.09594084322452545,0.04000614583492279,0.032359376549720764,0.1326383352279663,0.003546561812981963,1.0,33,0.13404661417007446,-0.10172571986913681,0.03933579847216606,0.03362753987312317,0.16886629164218903,0.0009702494717203081,1.0,74,0.08327257633209229,-0.07719545066356659,0.07117241621017456,0.052899498492479324,0.1263900250196457,0.0013454817235469818,1.0,0.14111854135990143,-0.11227892339229584,0.16886629164218903,-0.10172571986913681,0.1263900250196457,-0.07719545066356659,1.0
1790268508.1408176,50.024006605148315,997,0,23,0.023365186527371407,-0.15322478115558624,0.03001437894999981,0.023987548425793648,0.15807397663593292,0.0017000747611746192,1.0,19,0.07739096879959106,-0.10342487692832947,0.04174439236521721,0.0361068993806839,0.13438522815704346,0.0022017245646566153,1.0,33,0.07774260640144348,-0.13639231026172638,0.025556650012731552,0.027180731296539307,0.15799503028392792,0.0012836577370762825,1.0,74,0.05610017478466034,-0.10614322870969772,0.042940348386764526,0.056058723479509354,0.12550082802772522,0.0014483818085864186,1.0,0.1462296023964882,-0.12832482904195786,0.15799503028392792,-0.13639231026172638,0.12550082802772522,-0.10614322870969772,1.0
1790268508.1925354,50.075724363327026,998,0,23,0.03640415519475937,-0.11080601066350937,0.03475426137447357,0.018656523898243904,0.12159162014722824,0.001478828489780426,1.0,19,0.040270354598760605,-0.09255178272724152,0.0347248800098896,0.04570440202951431,0.10801729559898376,0.0020064529962837696,1.0,33,0.028728138655424118,-0.15421827137470245,0.03342985361814499,0.03251373767852783,0.15970255434513092,0.0015169238904491067,1.0,74,0.02613583207130432,-0.09047750383615494,0.026614604517817497,0.05744842812418938,0.10154556483030319,0.001052353298291564,1.0,0.114804457873106,-0.10167889669537544,0.15970255434513092,-0.15421827137470245,0.10154556483030319,-0.09047750383615494,1.0
1790268508.244691,50.12787985801697,999,0,23,0.01414158008992672,-0.12823021411895752,0.02284448780119419,0.016037583351135254,0.13107149302959442,0.0010065522510558367,1.0,19,0.016522860154509544,-0.07436972856521606,0.0316799059510231,0.03592739626765251,0.08401848375797272,0.0016411291435360909,1.0,33,-0.012049357406795025,-0.11773635447025299,0.024647679179906845,0.01818048767745495,0.12092820554971695,0.0010799767915159464,1.0,74,0.014361613430082798,-0.07847821712493896,0.03414186090230942,0.050268907099962234,0.09204993396997452,0.000875613302923739,1.0,0.10754498839378357,-0.10129997134208679,0.12092820554971695,-0.11773635447025299,0.09204993396997452,-0.07847821712493896,1.0
1790268508.2926247,50.17581367492676,1000,0,23,-0.0036223039496690035,-0.0708896815776825,0.015882883220911026,0.011979114264249802,0.07266602665185928,0.000946591142565012,1.0,19,0.003167403396219015,-0.06174107640981674,0.025255991145968437,0.032310158014297485,0.0703219473361969,0.0012620465131476521,1.0,33,-0.039472173899412155,-0.08102879673242569,0.02043474093079567,0.01585846208035946,0.09270509332418442,0.0008559745037928224,1.0,74,-0.004476598929613829,-0.05474822595715523,0.031815044581890106,0.03190316632390022,0.06532730162143707,0.0011556235840544105,1.0,0.07149398699402809,-0.06631537899374962,0.09270509332418442,-0.08102879673242569,0.06532730162143707,-0.05474822595715523,1.0
1790268508.3446867,50.22787570953369,1001,0,23,-0.03566443547606468,-0.03834202140569687,0.02839781530201435,0.010545187629759312,0.058537982404232025,0.0010104002431035042,1.0,19,-0.02942858263850212,-0.0695776715874672,0.04191074147820473,0.0298006609082222,0.08766207844018936,0.002285480033606291,1.0,33,-0.06557904183864594,-0.0412801094353199,0.0206585843116045,0.015636609867215157,0.07932962477207184,0.00066289899405092,1.0,74,-0.025189373642206192,-0.03420308977365494,0.04539667069911957,0.03006354346871376,0.06213217228651047,0.0008176564006134868,1.0,0.0731000304222107,-0.05395984649658203,0.07932962477207184,-0.0412801094353199,0.06213217228651047,-0.03420308977365494,1.0
1790268508.392506,50.275694847106934,1002,0,23,-0.027252197265625,-0.030006740242242813,0.020567497238516808,0.011956589296460152,0.04503282904624939,0.0008004969567991793,1.0,19,-0.039629485458135605,-0.016421670094132423,0.02878536842763424,0.021387828513979912,0.051220107823610306,0.0013117743656039238,1.0,33,-0.08315069228410721,-0.02363031543791294,0.027588997036218643,0.022555217146873474,0.08941774815320969,0.0007170216995291412,1.0,74,-0.031071636825799942,-0.019465679302811623,0.052513688802719116,0.02861650288105011,0.060508452355861664,0.0008301707566715777,1.0,0.04812646843492985,-0.023214205168187618,0.08941774815320969,-0.02363031543791294,0.060508452355861664,-0.019465679302811623,1.0
1790268508.4446323,50.327821254730225,1003,0,23,-0.023396367207169533,-0.012900974601507187,0.026067938655614853,0.010779449716210365,0.03647596761584282,0.0009287177817896008,1.0,19,-0.019502338021993637,0.010807238519191742,0.020374903455376625,0.02745460532605648,0.0366668701171875,0.0015254415338858962,1.0,33,-0.07497336715459824,-0.020780159160494804,0.027373839169740677,0.0188773013651371,0.080936498939991,0.0006512346444651484,1.0,74,-0.01568686030805111,-0.010656202211976051,0.06628589332103729,0.035663239657878876,0.06699763238430023,0.0011740985792130232,1.0,0.03657141886651516,-0.0010468680411577225,0.080936498939991,-0.020780159160494804,0.06699763238430023,-0.010656202211976051,1.0
1790268508.4964755,50.37966442108154,1004,0,23,0.016143798828125,-0.027418717741966248,0.03262567147612572,0.01905496045947075,0.0440123975276947,0.0009160319459624588,1.0,19,-0.005575079470872879,-0.02165784314274788,0.021151913329958916,0.018804332241415977,0.032236743718385696,0.001841236255131662,1.0,33,-0.047986116260290146,-0.02227228321135044,0.019892457872629166,0.020010530948638916,0.05680781230330467,0.0006438884302042425,1.0,74,0.004891060292720795,-0.012144552543759346,0.061087895184755325,0.033416617661714554,0.05795153230428696,0.001056972541846335,1.0,0.0381245706230402,-0.024538280442357063,0.05680781230330467,-0.02227228321135044,0.05795153230428696,-0.012144552543759346,1.0
1790268508.5443902,50.427579164505005,1005,1,23,0.02452750876545906,-0.06586024910211563,0.035030148923397064,0.012373918667435646,0.07621880620718002,0.0006763235433027148,1.0,19,0.013824462890625,-0.021384790539741516,0.07299237698316574,0.036976587027311325,0.07378462702035904,0.0015675380127504468,1.0,33,-0.05039515718817711,-0.03488621488213539,0.019874831661581993,0.02025272324681282,0.0656561478972435,0.0005776269244961441,1.0,74,0.013333707116544247,-0.031796324998140335,0.061191197484731674,0.03518706187605858,0.06951779872179031,0.0009186703828163445,1.0,0.07500171661376953,-0.043622519820928574,0.0656561478972435,-0.03488621488213539,0.06951779872179031,-0.031796324998140335,1.0
1790268508.5967,50.479888916015625,1006,0,23,0.02479884959757328,-0.07608496397733688,0.03834858536720276,0.014561639167368412,0.08640974014997482,0.001094612292945385,1.0,19,0.0019434879068285227,-0.02337164618074894,0.02959068864583969,0.03261653333902359,0.04370257258415222,0.0016055282903835177,1.0,33,-0.03469247370958328,-0.041181158274412155,0.02294047176837921,0.013287528418004513,0.0574784129858017,0.0006906314520165324,1.0,74,0.01816393807530403,-0.029193878173828125,0.051686808466911316,0.03400108963251114,0.06271106749773026,0.0009304272243753076,1.0,0.06505615636706352,-0.04972830507904291,0.0574784129858017,-0.041181158274412155,0.06271106749773026,-0.029193878173828125,1.0
1790268508.644711,50.527899980545044,1007,0,23,-0.01384303905069828,-0.051183950155973434,0.018876222893595695,0.008503011427819729,0.05613468959927559,0.0005953022628091276,1.0,19,-0.019980981945991516,-0.029883133247494698,0.06134514883160591,0.033853258937597275,0.07253196835517883,0.0025384745094925165,1.0,33,-0.025562170892953873,-0.039517488330602646,0.013527283445000648,0.012185581959784031,0.049061764031648636,0.0005621197051368654,1.0,74,-0.0028898909222334623,-0.033080436289310455,0.03770315647125244,0.03178638219833374,0.05423451215028763,0.0007622866542078555,1.0,0.06433332897722721,-0.040533541701734066,0.049061764031648636,-0.039517488330602646,0.05423451215028763,-0.033080436289310455,1.0
1790268508.6967185,50.57990741729736,1008,0,23,-0.022741567343473434,-0.05021335929632187,0.024837983772158623,0.009044716134667397,0.0602966770529747,0.0010438034078106284,1.0,19,-0.005896317306905985,-0.026042737066745758,0.03377620503306389,0.024073584005236626,0.047562409192323685,0.0016954541206359863,1.0,33,-0.03404189646244049,-0.017070885747671127,0.01447647251188755,0.01732349768280983,0.04239484667778015,0.000508063065353781,1.0,74,-0.001258437754586339,-0.02541516348719597,0.03678134083747864,0.027919648215174675,0.04815027117729187,0.0008237831643782556,1.0,0.05392954312264919,-0.038128048181533813,0.04239484667778015,-0.017070885747671127,0.04815027117729187,-0.02541516348719597,1.0
1790268508.7487,50.63188886642456,1009,0,23,-0.005389006342738867,-0.010838383808732033,0.016088543459773064,0.013101587072014809,0.021356938406825066,0.0008160938159562647,1.0,19,-0.0196533203125,-0.01586994342505932,0.02684462070465088,0.028565125539898872,0.04055771976709366,0.0013588350266218185,1.0,33,-0.052919793874025345,0.0024205988738685846,0.013647289015352726,0.018329475075006485,0.056178174912929535,0.0008289475226774812,1.0,74,-0.004577224142849445,-0.00446742307394743,0.0478389598429203,0.021668054163455963,0.04608086496591568,0.0008976969984360039,1.0,0.030957329086959362,-0.013354163616895676,0.056178174912929535,0.0024205988738685846,0.04608086496591568,-0.00446742307394743,1.0
1790268508.7967649,50.679953813552856,1010,0,23,-0.01019884180277586,0.0011988100595772266,0.021024081856012344,0.010842186398804188,0.023723594844341278,0.0006533142295666039,1.0,19,0.011246530339121819,0.009037218987941742,0.022035954520106316,0.02282855287194252,0.029351115226745605,0.0012445442844182253,1.0,33,-0.03390641510486603,0.0021824692375957966,0.012922464869916439,0.01102482806891203,0.036058228462934494,0.0007696044049225748,1.0,74,0.003115061204880476,-0.002915562829002738,0.04607162997126579,0.029558133333921432,0.04437991976737976,0.0011642221361398697,1.0,0.026537355035543442,0.005118014523759484,0.036058228462934494,0.0021824692375957966,0.04437991976737976,-0.002915562829002738,1.0
1790268508.8487194,50.731908321380615,1011,0,23,-0.01295736525207758,-0.008341914042830467,0.015240514650940895,0.008937147445976734,0.021299852058291435,0.0005413975450210273,1.0,19,0.0050916168838739395,-0.0007075259345583618,0.031242547556757927,0.023023497313261032,0.03356574848294258,0.0011007863795384765,1.0,33,-0.027325253933668137,0.009219544939696789,0.017164921388030052,0.02101987972855568,0.037285614758729935,0.0006343203131109476,1.0,74,0.0018355910433456302,0.0030939257703721523,0.03862597793340683,0.022567275911569595,0.03826766461133957,0.001024723518639803,1.0,0.027432800270617008,-0.0045247199886944145,0.037285614758729935,0.009219544939696789,0.03826766461133957,0.0030939257703721523,1.0
1790268508.8967056,50.77989459037781,1012,0,23,-0.00028925357037223876,-0.00746022118255496,0.021024204790592194,0.010531692765653133,0.021707074716687202,0.0007178560481406748,1.0,19,-0.007606907747685909,0.00606014858931303,0.04298093542456627,0.02781578339636326,0.04262087866663933,0.0014612555969506502,1.0,33,-0.03842255473136902,0.0006390195921994746,0.018408585339784622,0.012226912193000317,0.04136276617646217,0.0005857832147739828,1.0,74,-0.006703556980937719,-0.006674895528703928,0.03349978104233742,0.017745349556207657,0.033599771559238434,0.0007084626704454422,1.0,0.032163976691663265,-0.000700036296620965,0.04136276617646217,0.0006390195921994746,0.033599771559238434,-0.006674895528703928,1.0
1790268508.948717,50.83190608024597,1013,0,23,-0.00285273022018373,-0.013105309568345547,0.01659633219242096,0.007151162717491388,0.018497826531529427,0.0005262078484520316,1.0,19,-0.015997635200619698,-0.01151235494762659,0.02022472210228443,0.03037980943918228,0.03402170538902283,0.001204766915179789,1.0,33,-0.04478546977043152,0.004146229010075331,0.018895413726568222,0.01508147269487381,0.04784075915813446,0.000532982696313411,1.0,74,-0.00801869947463274,-0.007037910167127848,0.03458200767636299,0.027360131964087486,0.03965483233332634,0.0007338793948292732,1.0,0.026259765960276127,-0.012308832257986069,0.04784075915813446,0.004146229010075331,0.03965483233332634,-0.007037910167127848,1.0
1790268509.0007653,50.88395428657532,1014,0,23,-0.016463570296764374,-0.031604934483766556,0.018590323626995087,0.01641802489757538,0.04148522764444351,0.0007817699224688113,1.0,19,-0.02021227404475212,-0.026155170053243637,0.035391006618738174,0.03507795184850693,0.054033804684877396,0.0014083925634622574,1.0,33,-0.05505001172423363,-0.01614934764802456,0.016195014119148254,0.015763210132718086,0.05968039110302925,0.0005840197554789484,1.0,74,-0.017774634063243866,-0.013592075556516647,0.03582405298948288,0.020256880670785904,0.04303967207670212,0.0007787496433593333,1.0,0.047759516164660454,-0.028880052268505096,0.05968039110302925,-0.01614934764802456,0.04303967207670212,-0.013592075556516647,1.0
1790268509.048901,50.932090044021606,1015,0,23,0.001269133179448545,-0.022873587906360626,0.01888583041727543,0.007702507544308901,0.0294240303337574,0.0008731670095585287,1.0,19,-0.0018182052299380302,-0.029666299000382423,0.0339193232357502,0.02537655085325241,0.048741523176431656,0.0016350018559023738,1.0,33,-0.04791629686951637,-0.03587156534194946,0.018383275717496872,0.014530734159052372,0.06198174133896828,0.0008068695315159857,1.0,74,-0.01762513816356659,-0.022310102358460426,0.03456053510308266,0.02032388001680374,0.04353473335504532,0.0007915320456959307,1.0,0.03908277675509453,-0.026269943453371525,0.06198174133896828,-0.03587156534194946,0.04353473335504532,-0.022310102358460426,1.0
1790268509.1004803,50.98366928100586,1016,0,23,-0.031037703156471252,-0.025166386738419533,0.021678686141967773,0.012352190911769867,0.04308958351612091,0.0009520062594674528,1.0,19,-0.03035535290837288,-0.034787628799676895,0.029582271352410316,0.023424142971634865,0.05417938530445099,0.0019163332181051373,1.0,33,-0.06147211417555809,-0.020526770502328873,0.021712196990847588,0.015140467323362827,0.06675595045089722,0.0008149439236149192,1.0,74,-0.01562623679637909,-0.01780855283141136,0.03960473835468292,0.02321639284491539,0.04618266597390175,0.0009969092207029462,1.0,0.04863448441028595,-0.029977007769048214,0.06675595045089722,-0.020526770502328873,0.04618266597390175,-0.01780855283141136,1.0
1790268509.1484349,51.03162384033203,1017,0,23,-0.015535437501966953,-0.03254235163331032,0.0215944591909647,0.010032433085143566,0.04237359017133713,0.0013111374573782086,1.0,19,-0.007500899489969015,-0.016780652105808258,0.024330517277121544,0.01738143153488636,0.03337612748146057,0.001599098090082407,1.0,33,-0.048331521451473236,-0.01834152638912201,0.019206881523132324,0.013684255070984364,0.05485249683260918,0.0009102661279030144,1.0,74,-0.016386907547712326,-0.0091847600415349,0.03674345090985298,0.021374667063355446,0.04233633726835251,0.0008319969056174159,1.0,0.03787485882639885,-0.024661501869559288,0.05485249683260918,-0.01834152638912201,0.04233633726835251,-0.0091847600415349,1.0
1790268509.2005227,51.08371162414551,1018,0,23,-0.030315233394503593,0.006792151369154453,0.015138848684728146,0.014689618721604347,0.035224635154008865,0.0004891441785730422,1.0,19,-0.031598541885614395,0.007918508723378181,0.031005019322037697,0.021304583176970482,0.042698588222265244,0.0013762499438598752,1.0,33,-0.03343339264392853,0.0042752353474497795,0.033610451966524124,0.012931651435792446,0.04426538199186325,0.0007242509163916111,1.0,74,-0.023052524775266647,0.008676992729306221,0.028931986540555954,0.019041752442717552,0.03721164911985397,0.0007009716355241835,1.0,0.038961611688137054,0.007355330046266317,0.04426538199186325,0.0042752353474497795,0.03721164911985397,0.008676992729306221,1.0
1790268509.2526705,51.13585948944092,1019,0,23,-0.02587028220295906,0.018786223605275154,0.011111400090157986,0.012911386787891388,0.033685024827718735,0.0006035404512658715,1.0,19,-0.035514429211616516,0.0225830078125,0.02280479669570923,0.01986614428460598,0.04653792828321457,0.0011707652593031526,1.0,33,-0.05920872464776039,0.03691008687019348,0.02290431223809719,0.017456915229558945,0.07139395922422409,0.0007470164564438164,1.0,74,-0.02644430659711361,0.012521383352577686,0.029895132407546043,0.022396257147192955,0.04206047207117081,0.0006189108244143426,1.0,0.04011147655546665,0.020684615708887577,0.07139395922422409,0.03691008687019348,0.04206047207117081,0.012521383352577686,1.0
1790268509.3006978,51.183886766433716,1020,1,23,-0.036556076258420944,0.03405031934380531,0.014961304143071175,0.011435800231993198,0.05096617341041565,0.0006303875707089901,1.0,19,-0.030864514410495758,0.016880236566066742,0.03916033357381821,0.0148060517385602,0.04838821291923523,0.0016152365133166313,1.0,33,-0.05562290921807289,0.02491297945380211,0.014528630301356316,0.009356856346130371,0.06193557009100914,0.0006338523235172033,1.0,74,-0.03159765154123306,0.013658368960022926,0.029228009283542633,0.022000841796398163,0.04464191570878029,0.0006710125599056482,1.0,0.04967719316482544,0.025465277954936028,0.06193557009100914,0.02491297945380211,0.04464191570878029,0.013658368960022926,1.0
1790268509.352663,51.235852003097534,1021,0,23,-0.04361293464899063,0.013657943345606327,0.024269811809062958,0.010650626383721828,0.04743269830942154,0.000661296711768955,1.0,19,-0.05723491311073303,0.015346325933933258,0.02731309086084366,0.02515546604990959,0.06569478660821915,0.0012762959813699126,1.0,33,-0.06879586726427078,0.007811575196683407,0.02400299720466137,0.014650234021246433,0.0707630142569542,0.0006503902259282768,1.0,74,-0.040282584726810455,0.01002059131860733,0.03580648452043533,0.02113344706594944,0.05216800794005394,0.0006497407448478043,1.0,0.05656374245882034,0.014502134639769793,0.0707630142569542,0.007811575196683407,0.05216800794005394,0.01002059131860733,1.0
1790268509.4007382,51.28392720222473,1022,0,23,-0.04429095610976219,0.012695975601673126,0.013182670809328556,0.008619025349617004,0.04692504182457924,0.0006633385200984776,1.0,19,-0.046190764755010605,0.00762698519974947,0.04240773990750313,0.035454727709293365,0.06401035189628601,0.0015393049689009786,1.0,33,-0.06388577818870544,0.014336326159536839,0.018758172169327736,0.0076836515218019485,0.06597210466861725,0.0005292528076097369,1.0,74,-0.041040368378162384,0.004876729566603899,0.03263285383582115,0.0260354932397604,0.05191501975059509,0.000568484771065414,1.0,0.055467696860432625,0.010161480400711298,0.06597210466861725,0.014336326159536839,0.05191501975059509,0.004876729566603899,1.0
1790268509.4527152,51.335904121398926,1023,0,23,-0.027829376980662346,-0.00382464868016541,0.015755202621221542,0.007382149808108807,0.029848458245396614,0.000725120713468641,1.0,19,-0.06042641028761864,0.013258281163871288,0.03594091534614563,0.01601765677332878,0.06540054827928543,0.0010505643440410495,1.0,33,-0.055389404296875,-0.00017801921057980508,0.02177744172513485,0.009220481850206852,0.0560932382941246,0.0006615628371946514,1.0,74,-0.026332752779126167,0.004315247293561697,0.03118669055402279,0.018757706508040428,0.039619263261556625,0.0007597035146318376,1.0,0.04762450326234102,0.004716816241852939,0.0560932382941246,-0.00017801921057980508,0.039619263261556625,0.004315247293561697,1.0
1790268509.5047219,51.38791084289551,1024,0,23,-0.023167485371232033,-0.013173642568290234,0.012865490280091763,0.009167672134935856,0.029152467846870422,0.0005977310356684029,1.0,19,-0.004995245486497879,-0.0063677337020635605,0.02584654465317726,0.018172388896346092,0.02754310518503189,0.001324624172411859,1.0,33,-0.03371591120958328,-0.007104122079908848,0.017117155715823174,0.013135495595633984,0.036976758390665054,0.0005773983430117369,1.0,74,-0.013585271313786507,-0.006394772790372372,0.02286648377776146,0.014639021828770638,0.027881259098649025,0.0008522624266333878,1.0,0.028347786515951157,-0.009770688135176897,0.036976758390665054,-0.007104122079908848,0.027881259098649025,-0.006394772790372372,1.0
1790268509.552716,51.43590497970581,1025,0,23,0.0004325534973759204,-0.024717912077903748,0.01037830114364624,0.007593068759888411,0.026804756373167038,0.0005279186880216002,1.0,19,-0.012663188390433788,-0.027012072503566742,0.02209925651550293,0.018941044807434082,0.039751362055540085,0.0013047108659520745,1.0,33,-0.018027566373348236,-0.018716061487793922,0.01637173444032669,0.009320591576397419,0.030823353677988052,0.0005381322698667645,1.0,74,-0.0004967354470863938,-0.014133247546851635,0.020315002650022507,0.016274770721793175,0.02709987759590149,0.0007424351642839611,1.0,0.03327805921435356,-0.025864992290735245,0.030823353677988052,-0.018716061487793922,0.02709987759590149,-0.014133247546851635,1.0
1790268509.6046789,51.48786783218384,1026,0,23,0.014684262685477734,-0.024278724566102028,0.008412661030888557,0.008288237266242504,0.029957232996821404,0.0007636307273060083,1.0,19,0.016961349174380302,-0.009428325109183788,0.01624620333313942,0.020702920854091644,0.0295004490762949,0.0013694862136617303,1.0,33,-0.013398141600191593,-0.02002877928316593,0.012470655143260956,0.011825820431113243,0.02829974703490734,0.0006841848371550441,1.0,74,0.005188606679439545,-0.008564511314034462,0.019250821322202682,0.01995513029396534,0.027114978060126305,0.0007279216661117971,1.0,0.02972884103655815,-0.016853524837642908,0.02829974703490734,-0.02002877928316593,0.027114978060126305,-0.008564511314034462,1.0
1790268509.6526446,51.53583359718323,1027,0,23,-0.020423557609319687,0.01303432323038578,0.0193400327116251,0.011673918925225735,0.02831161767244339,0.0009002575534395874,1.0,19,-0.033312346786260605,-0.00661990512162447,0.04106045886874199,0.014217814430594444,0.046487029641866684,0.0008770085987634957,1.0,33,-0.012308293953537941,0.01063260156661272,0.015198123641312122,0.009954295121133327,0.02080547995865345,0.0004709900531452149,1.0,74,-0.00398646155372262,-0.0009287241264246404,0.01736442744731903,0.01952279917895794,0.02205955795943737,0.0006067430367693305,1.0,0.03739932365715504,0.0032072090543806553,0.02080547995865345,0.01063260156661272,0.02205955795943737,-0.0009287241264246404,1.0
1790268509.7047567,51.58794569969177,1028,0,23,0.0037112028803676367,-0.00480054784566164,0.011734885163605213,0.00839480385184288,0.01360542606562376,0.0006378969410434365,1.0,19,0.01673327013850212,0.005804764572530985,0.024535514414310455,0.023831697180867195,0.034060873091220856,0.0012090927921235561,1.0,33,-0.007775046397000551,0.004657629877328873,0.009883963502943516,0.010516578331589699,0.014666025526821613,0.0005776742473244667,1.0,74,0.0007524232496507466,-7.856214506318793e-05,0.016587570309638977,0.016947509720921516,0.019811587408185005,0.0006942995241843164,1.0,0.023833149578422308,0.0005021083634346724,0.014666025526821613,0.004657629877328873,0.019811587408185005,-7.856214506318793e-05,1.0
1790268509.7563765,51.63956546783447,1029,0,23,-0.008623206056654453,0.01143215037882328,0.030856076627969742,0.006797680631279945,0.025394901633262634,0.0007026464445516467,1.0,19,0.007497686892747879,0.011546887457370758,0.024722663685679436,0.019181402400135994,0.03098720870912075,0.0019041409250348806,1.0,33,0.0012507583014667034,0.017490271478891373,0.01340057235211134,0.010084583424031734,0.021965250372886658,0.0005565355531871319,1.0,74,0.010564855299890041,0.010233492590487003,0.016360532492399216,0.015623582527041435,0.02247506007552147,0.001085209078155458,1.0,0.028191055171191692,0.01148951891809702,0.021965250372886658,0.017490271478891373,0.02247506007552147,0.010233492590487003,1.0
1790268509.8043516,51.68754053115845,1030,0,23,0.017175424844026566,0.0060842763632535934,0.012909643352031708,0.008675098419189453,0.021511513739824295,0.0008266838849522173,1.0,19,0.027179919183254242,-0.0068712737411260605,0.02146241068840027,0.012365948408842087,0.032991278916597366,0.0012173536233603954,1.0,33,0.014248472638428211,0.010978004895150661,0.01524088904261589,0.011959227733314037,0.02356901951134205,0.0005055380170233548,1.0,74,0.020932378247380257,0.00496281823143363,0.01497698575258255,0.01827511563897133,0.028454255312681198,0.000766945828218013,1.0,0.02725139632821083,-0.0003934986889362335,0.02356901951134205,0.010978004895150661,0.028454255312681198,0.00496281823143363,1.0
1790268509.856493,51.73968195915222,1031,0,23,0.02446647360920906,-0.01051065232604742,0.014911765232682228,0.009427109733223915,0.02867801859974861,0.0005333808367140591,1.0,19,0.01719585247337818,0.010857832618057728,0.029970016330480576,0.014543785713613033,0.03357002139091492,0.0015929831424728036,1.0,33,0.015424786135554314,0.007434729486703873,0.012535075657069683,0.013287914916872978,0.023208318278193474,0.0006919046281836927,1.0,74,0.018710780888795853,-0.001690323231741786,0.01570793427526951,0.0185452438890934,0.02578759752213955,0.0006712102913297713,1.0,0.031124019995331764,0.00017359014600515366,0.023208318278193474,0.007434729486703873,0.02578759752213955,-0.001690323231741786,1.0
1790268509.904772,51.78796100616455,1032,0,23,0.015198417007923126,0.015052463859319687,0.011730032972991467,0.008680559694766998,0.024262499064207077,0.0007351554231718183,1.0,19,0.00976080633699894,0.024681493639945984,0.020349984988570213,0.023696118965744972,0.03777073696255684,0.0011781153734773397,1.0,33,0.01882379688322544,0.02160598337650299,0.017201293259859085,0.014722984284162521,0.0330803282558918,0.0005414053448475897,1.0,74,0.02252712845802307,0.014255214482545853,0.017368905246257782,0.023279212415218353,0.034075308591127396,0.00068918481701985,1.0,0.031016618013381958,0.019866978749632835,0.0330803282558918,0.02160598337650299,0.034075308591127396,0.014255214482545853,1.0
1790268509.9567716,51.83996057510376,1033,0,23,0.03034442476928234,0.022713039070367813,0.012831504456698895,0.007099726237356663,0.03943580389022827,0.0005648452788591385,1.0,19,0.013871042057871819,0.002128199441358447,0.02600153163075447,0.03998556733131409,0.04257265850901604,0.0018998989835381508,1.0,33,0.02338108792901039,0.043158791959285736,0.015407932922244072,0.011025359854102135,0.051606595516204834,0.0006068073562346399,1.0,74,0.025375984609127045,0.01738625578582287,0.014582479372620583,0.022704506292939186,0.038296040147542953,0.000976342533249408,1.0,0.041004231199622154,0.01242061925586313,0.051606595516204834,0.043158791959285736,0.038296040147542953,0.01738625578582287,1.0
1790268510.0089567,51.89214563369751,1034,0,23,0.01845119334757328,0.025354135781526566,0.009421093389391899,0.01107637770473957,0.033431410789489746,0.0007647718884982169,1.0,19,0.03724589943885803,0.02853473834693432,0.022305764257907867,0.022860616445541382,0.05386082082986832,0.0017643714090809226,1.0,33,0.028318000957369804,0.04540877044200897,0.01892933063209057,0.010785739868879318,0.05699048936367035,0.000857340928632766,1.0,74,0.024569949135184288,0.02882148139178753,0.016339708119630814,0.021286441013216972,0.04306196793913841,0.0006773138302378356,1.0,0.04364611580967903,0.026944437064230442,0.05699048936367035,0.04540877044200897,0.04306196793913841,0.02882148139178753,1.0
1790268510.0567093,51.93989825248718,1035,1,23,0.021551381796598434,0.021258147433400154,0.018892711028456688,0.011986130848526955,0.03558416664600372,0.0006159706972539425,1.0,19,0.01538889016956091,-0.0031866775825619698,0.033957622945308685,0.03614120930433273,0.046219028532505035,0.0012353808851912618,1.0,33,0.03158985450863838,0.03334923833608627,0.014962991699576378,0.012494108639657497,0.047385431826114655,0.0007603923440910876,1.0,74,0.026793815195560455,0.018753772601485252,0.01579609513282776,0.01956218294799328,0.038332562893629074,0.0006083559710532427,1.0,0.04090159758925438,0.009035734925419092,0.047385431826114655,0.03334923833608627,0.038332562893629074,0.018753772601485252,1.0
1790268510.1088972,51.99208617210388,1036,0,23,0.01430942676961422,0.016617484390735626,0.01330235879868269,0.01570582203567028,0.02809598483145237,0.0005898083909414709,1.0,19,0.034091345965862274,0.036272551864385605,0.021623939275741577,0.033874109387397766,0.05473484471440315,0.0013824250781908631,1.0,33,0.023877693340182304,0.04936772957444191,0.012795375660061836,0.010949498973786831,0.0564228855073452,0.0005150098586454988,1.0,74,0.014246759936213493,0.023955266922712326,0.01187740545719862,0.027255266904830933,0.03628165274858475,0.0007181076216511428,1.0,0.04141541477292776,0.026445018127560616,0.0564228855073452,0.04936772957444191,0.03628165274858475,0.023955266922712326,1.0
1790268510.156727,52.039916038513184,1037,0,23,0.005719392094761133,0.030071092769503593,0.01661367528140545,0.00890790019184351,0.03529692813754082,0.0008250448736362159,1.0,19,0.006673712283372879,0.02709479071199894,0.016909677535295486,0.025695687159895897,0.03847769275307655,0.0010838635498657823,1.0,33,0.02065577730536461,0.050890836864709854,0.01442230585962534,0.014407016336917877,0.05727824196219444,0.0006128333625383675,1.0,74,0.01454038918018341,0.028977883979678154,0.013554303906857967,0.025004170835018158,0.038620058447122574,0.0005986958276480436,1.0,0.036887310445308685,0.028582941740751266,0.05727824196219444,0.050890836864709854,0.038620058447122574,0.028977883979678154,1.0
1790268510.2086492,52.091838121414185,1038,0,23,0.002759187016636133,0.04821047559380531,0.015177689492702484,0.014851699583232403,0.05074283480644226,0.000784653821028769,1.0,19,0.018790796399116516,0.035581085830926895,0.031051350757479668,0.031567126512527466,0.056101396679878235,0.00199883827008307,1.0,33,0.036796800792217255,0.0900014266371727,0.030689863488078117,0.021192071959376335,0.10032164305448532,0.0013172203907743096,1.0,74,0.015217343345284462,0.04180372133851051,0.026426851749420166,0.038182057440280914,0.05264397710561752,0.000815661798696965,1.0,0.05342211574316025,0.041895780712366104,0.10032164305448532,0.0900014266371727,0.05264397710561752,0.04180372133851051,1.0
1790268510.2607682,52.14395713806152,1039,0,23,-3.914211265509948e-05,0.02925972267985344,0.021015556529164314,0.0106466393917799,0.03656332567334175,0.0007251490605995059,1.0,19,-0.003220407525077462,0.015775982290506363,0.020488180220127106,0.02089366316795349,0.030426790937781334,0.0016279112314805388,1.0,33,0.02988133206963539,0.06330733001232147,0.020985379815101624,0.014829622581601143,0.07299212366342545,0.0006009556236676872,1.0,74,0.009504369460046291,0.03334726020693779,0.020459292456507683,0.0339035801589489,0.04471698775887489,0.000652885006275028,1.0,0.03349505830556154,0.0225178524851799,0.07299212366342545,0.06330733001232147,0.04471698775887489,0.03334726020693779,1.0
1790268510.3086808,52.19186973571777,1040,0,23,0.02481410838663578,0.028748884797096252,0.011360013857483864,0.010384852066636086,0.039164021611213684,0.0006790482439100742,1.0,19,0.018252724781632423,0.019991422072052956,0.014174559153616428,0.02080940641462803,0.034407004714012146,0.0010585053823888302,1.0,33,0.036232687532901764,0.0549468994140625,0.019379179924726486,0.01769159734249115,0.06871701031923294,0.0008308704127557576,1.0,74,0.02251599356532097,0.03735784441232681,0.023112740367650986,0.0285972747951746,0.04868113622069359,0.0008776051690801978,1.0,0.036785513162612915,0.024370153434574604,0.06871701031923294,0.0549468994140625,0.04868113622069359,0.03735784441232681,1.0
1790268510.3604095,52.24359846115112,1041,0,23,0.012098892591893673,0.018443232402205467,0.014143647626042366,0.010441068559885025,0.026257678866386414,0.0006423810264095664,1.0,19,0.015727795660495758,0.02140245959162712,0.020099211484193802,0.021544039249420166,0.03633806109428406,0.0016815029084682465,1.0,33,0.04394392669200897,0.02105158008635044,0.014686240814626217,0.010591571219265461,0.05065245181322098,0.0006887407507747412,1.0,74,0.02802111580967903,0.010941686108708382,0.018606798723340034,0.024613671004772186,0.038714874535799026,0.0009129015961661935,1.0,0.031297869980335236,0.019922845996916294,0.05065245181322098,0.02105158008635044,0.038714874535799026,0.010941686108708382,1.0
1790268510.4084108,52.2915997505188,1042,0,23,0.031942617148160934,0.020554251968860626,0.007648118305951357,0.014328796416521072,0.03996908292174339,0.0005799645441584289,1.0,19,0.018726550042629242,0.008816367946565151,0.022731374949216843,0.017668552696704865,0.033995360136032104,0.0010247015161439776,1.0,33,0.06299752742052078,0.03642319142818451,0.015975620597600937,0.011659534648060799,0.07358794659376144,0.0005776031757704914,1.0,74,0.03796510398387909,0.020188821479678154,0.025029225274920464,0.022216176614165306,0.04896806180477142,0.0006793736247345805,1.0,0.03698222152888775,0.014685309957712889,0.07358794659376144,0.03642319142818451,0.04896806180477142,0.020188821479678154,1.0
1790268510.4602692,52.34345817565918,1043,0,23,0.045653633773326874,0.07099317759275436,0.01750223897397518,0.01553648617118597,0.086177296936512,0.001157213468104601,1.0,19,0.03328343480825424,0.03799277916550636,0.02068249136209488,0.025326240807771683,0.05770176276564598,0.0009962180629372597,1.0,33,0.08538355678319931,0.07815736532211304,0.03663906827569008,0.021902618929743767,0.11755876243114471,0.0013146769488230348,1.0,74,0.04588111490011215,0.04540345445275307,0.04048461839556694,0.03826521337032318,0.0712396427989006,0.0009542222251184285,1.0,0.07193952985107899,0.05449297837913036,0.11755876243114471,0.07815736532211304,0.0712396427989006,0.04540345445275307,1.0
1790268510.5127895,52.39597845077515,1044,0,23,0.03267238289117813,0.05920874699950218,0.021365679800510406,0.02035328932106495,0.07037100940942764,0.0013723178999498487,1.0,19,0.024707995355129242,0.04472431540489197,0.017456214874982834,0.03247828781604767,0.0587562620639801,0.001056696055456996,1.0,33,0.09590796381235123,0.13973906636238098,0.03345876187086105,0.029591422528028488,0.1723458468914032,0.002127200597897172,1.0,74,0.043733131140470505,0.06966812908649445,0.04534020647406578,0.06675637513399124,0.09588773548603058,0.0012212536530569196,1.0,0.06456363573670387,0.051966531202197075,0.1723458468914032,0.13973906636238098,0.09588773548603058,0.06966812908649445,1.0
1790268510.5607567,52.44394564628601,1045,0,23,0.014241093769669533,0.08453899621963501,0.01393163949251175,0.01447463408112526,0.0867217481136322,0.000911675626412034,1.0,19,0.03112311102449894,0.05140284448862076,0.023591555655002594,0.019234582781791687,0.0645744726061821,0.0014628932112827897,1.0,33,0.024913441389799118,0.1380670666694641,0.03392377495765686,0.03786313906311989,0.14442558586597443,0.00275136879645288,1.0,74,0.020325325429439545,0.0666067823767662,0.026415886357426643,0.060318950563669205,0.08048351854085922,0.0010037266183644533,1.0,0.07564811035990715,0.06797092035412788,0.14442558586597443,0.1380670666694641,0.08048351854085922,0.0666067823767662,1.0
1790268510.6126366,52.49582552909851,1046,0,23,9.1552734375e-05,0.06882244348526001,0.016803836449980736,0.010036597959697247,0.07089569419622421,0.0010315441759303212,1.0,19,0.013569079339504242,0.06098295375704765,0.029278893023729324,0.022720161825418472,0.0684562399983406,0.001639087568037212,1.0,33,0.028445156291127205,0.08584918081760406,0.03135612607002258,0.014639779925346375,0.09462669491767883,0.0012528774095699191,1.0,74,0.0013866940280422568,0.05730479583144188,0.02298523671925068,0.03698551282286644,0.06484684348106384,0.0008482089033350348,1.0,0.06967596709728241,0.06490269862115383,0.09462669491767883,0.08584918081760406,0.06484684348106384,0.05730479583144188,1.0
1790268510.6608517,52.54404067993164,1047,0,23,-0.010203486308455467,0.04804329201579094,0.010715089738368988,0.008994318544864655,0.04987599700689316,0.0006955655408091843,1.0,19,0.007351523730903864,0.031359221786260605,0.016732467338442802,0.01677771285176277,0.03728298842906952,0.0015065555926412344,1.0,33,0.031476568430662155,0.060208868235349655,0.018621614202857018,0.015188641846179962,0.07031067460775375,0.0006074590492062271,1.0,74,0.005701013375073671,0.03725835308432579,0.02522105723619461,0.0292796827852726,0.04735579341650009,0.0006815852830186486,1.0,0.04357949271798134,0.03970125690102577,0.07031067460775375,0.060208868235349655,0.04735579341650009,0.03725835308432579,1.0
1790268510.7126565,52.595845460891724,1048,0,23,0.008487867191433907,0.023268327116966248,0.015008540824055672,0.011068467982113361,0.028560424223542213,0.0009110540268011391,1.0,19,0.0015242727240547538,-0.005971807986497879,0.017233625054359436,0.02758687734603882,0.02675042301416397,0.0017733199056237936,1.0,33,0.0309906005859375,0.03026881441473961,0.018443889915943146,0.016361478716135025,0.04781134054064751,0.0005635349079966545,1.0,74,0.007568565662950277,0.00860595703125,0.023390652611851692,0.029925066977739334,0.03544025495648384,0.0007725598406977952,1.0,0.027655423618853092,0.008648259565234184,0.04781134054064751,0.03026881441473961,0.03544025495648384,0.00860595703125,1.0
1790268510.7647758,52.64796471595764,1049,0,23,0.020878003910183907,-0.00783107616007328,0.011808213777840137,0.011763269081711769,0.02482524700462818,0.0005696548614650965,1.0,19,0.014158549718558788,-0.016507601365447044,0.033109791576862335,0.02135361172258854,0.042257897555828094,0.0009424843010492623,1.0,33,0.03141692280769348,0.017167987301945686,0.015900764614343643,0.01646866649389267,0.03952785208821297,0.0008494238718412817,1.0,74,0.019329791888594627,-0.002428828040137887,0.020470861345529556,0.021607989445328712,0.03176000341773033,0.0007451701676473022,1.0,0.03354157228022814,-0.012169338762760162,0.03952785208821297,0.017167987301945686,0.03176000341773033,-0.002428828040137887,1.0
1790268510.8128078,52.69599676132202,1050,1,23,0.04225689545273781,-0.020964249968528748,0.015783581882715225,0.012595049105584621,0.0493471622467041,0.0006965015199966729,1.0,19,0.07188013941049576,0.004024304915219545,0.028577081859111786,0.02354755438864231,0.07636801898479462,0.001857551746070385,1.0,33,0.11083799600601196,0.028896447271108627,0.02746248058974743,0.015148652717471123,0.11584995687007904,0.001260146964341402,1.0,74,0.059410713613033295,-0.0025981180369853973,0.04911177605390549,0.03315429389476776,0.07169093191623688,0.0009112889529205859,1.0,0.06285759061574936,-0.008469972526654601,0.11584995687007904,0.028896447271108627,0.07169093191623688,-0.0025981180369853973,1.0
1790268510.8648155,52.74800443649292,1051,0,23,0.08681255578994751,-0.0026789125986397266,0.032413724809885025,0.012756632640957832,0.08802583068609238,0.0009004291496239603,1.0,19,0.09864887595176697,-0.015628213062882423,0.06608883291482925,0.03317953273653984,0.1115250363945961,0.0018512282986193895,1.0,33,0.1354471892118454,0.0583597831428051,0.02723454125225544,0.028472773730754852,0.150600865483284,0.000887263217009604,1.0,74,0.07432762533426285,0.014993718825280666,0.05717158690094948,0.03505750000476837,0.08562047779560089,0.0010554249165579677,1.0,0.09977543354034424,-0.009153562830761075,0.150600865483284,0.0583597831428051,0.08562047779560089,0.014993718825280666,1.0
1790268510.9127386,52.79592752456665,1052,0,23,0.06646264344453812,0.020018868148326874,0.013928625732660294,0.007842647843062878,0.06982485949993134,0.0006143962382338941,1.0,19,0.05185579136013985,0.023959511891007423,0.03405020758509636,0.03339480608701706,0.07296309620141983,0.0018418666440993547,1.0,33,0.10785559564828873,0.06267709285020828,0.03336753323674202,0.019092801958322525,0.12676668167114258,0.0010452310089021921,1.0,74,0.0673661082983017,0.028343303129076958,0.051882464438676834,0.0392143689095974,0.08495029807090759,0.0008141848957166076,1.0,0.07139397785067558,0.02198919001966715,0.12676668167114258,0.06267709285020828,0.08495029807090759,0.028343303129076958,1.0
1790268510.964777,52.84796595573425,1053,0,23,0.045617807656526566,0.022975092753767967,0.0201435349881649,0.00877480860799551,0.0518038272857666,0.0009518075967207551,1.0,19,0.06753057986497879,0.033342864364385605,0.020931486040353775,0.022362148389220238,0.07825496047735214,0.0018207213142886758,1.0,33,0.08092105388641357,0.057523321360349655,0.03345594182610512,0.017911061644554138,0.10334412753582001,0.0009977694135159254,1.0,74,0.044115014374256134,0.02266858145594597,0.036913495510816574,0.031163480132818222,0.059933558106422424,0.0007546348497271538,1.0,0.06502939388155937,0.028158978559076786,0.10334412753582001,0.057523321360349655,0.059933558106422424,0.02266858145594597,1.0
1790268511.0165222,52.89971113204956,1054,0,23,0.021983934566378593,0.021512238308787346,0.015408427454531193,0.015996258705854416,0.034191567450761795,0.0007280979189090431,1.0,19,0.04365620017051697,0.027615195140242577,0.02171115018427372,0.053411975502967834,0.07430823892354965,0.0015621931524947286,1.0,33,0.059517599642276764,0.05237741023302078,0.026900561526417732,0.018741833046078682,0.08151334524154663,0.0007235678494907916,1.0,74,0.025053488090634346,0.029137585312128067,0.031346019357442856,0.025790361687541008,0.0475204698741436,0.0006970899412408471,1.0,0.054249903187155724,0.02456371672451496,0.08151334524154663,0.05237741023302078,0.0475204698741436,0.029137585312128067,1.0
1790268511.0644622,52.94765114784241,1055,0,23,0.038998812437057495,0.014540962874889374,0.022175313904881477,0.012324721552431583,0.044605132192373276,0.0005365468678064644,1.0,19,0.04428261145949364,0.002952174050733447,0.024742715060710907,0.017445407807826996,0.04942523315548897,0.0013978665228933096,1.0,33,0.036649297922849655,0.047970857471227646,0.011132216081023216,0.018689321354031563,0.06199978291988373,0.00070316152414307,1.0,74,0.01951083540916443,0.02088278718292713,0.028753885999321938,0.026167171075940132,0.04296904057264328,0.0006429124623537064,1.0,0.04701518267393112,0.00874656846281141,0.06199978291988373,0.047970857471227646,0.04296904057264328,0.02088278718292713,1.0
1790268511.1165888,52.99977779388428,1056,0,23,0.19594739377498627,0.137969970703125,0.17366760969161987,0.09116578102111816,0.25103670358657837,0.008714623749256134,1.0,19,0.011977346614003181,0.04707416892051697,0.042838409543037415,0.12040198594331741,0.07925792783498764,0.005558837670832872,1.0,33,0.056182861328125,0.026187781244516373,0.023282479494810104,0.008701206184923649,0.06279388815164566,0.0005412895116023719,1.0,74,0.0428258553147316,0.032532356679439545,0.07658325135707855,0.04876476153731346,0.0657094419002533,0.0024123324546962976,1.0,0.165147315710783,0.09252206981182098,0.06279388815164566,0.026187781244516373,0.0657094419002533,0.032532356679439545,1.0
1790268511.1647484,53.04793739318848,1057,0,23,1.037049651145935,0.46417436003685,0.9413158893585205,0.3379797041416168,1.1682355403900146,0.17967785894870758,1.0,19,-0.11391248553991318,0.21625959873199463,0.29569754004478455,0.3474702835083008,0.301542192697525,0.15265756845474243,1.0,33,0.054282449185848236,0.03414778411388397,0.02983010932803154,0.015522576868534088,0.06793710589408875,0.0008439733646810055,1.0,74,0.180562824010849,0.08990942686796188,0.5032185316085815,0.20948748290538788,0.22699525952339172,0.04328681901097298,1.0,0.7348888665437698,0.3402169793844223,0.06793710589408875,0.03414778411388397,0.22699525952339172,0.08990942686796188,1.0
1790268511.2167907,53.099979639053345,1058,0,23,0.12066716700792313,0.04800746589899063,0.08138836175203323,0.05258936807513237,0.14716485142707825,0.01289978064596653,1.0,19,0.06169047951698303,0.021086040884256363,0.043357692658901215,0.02778295800089836,0.07189235091209412,0.0026160364504903555,1.0,33,0.10712363570928574,0.07372122257947922,0.03109024092555046,0.017262330278754234,0.1321016401052475,0.001035425579175353,1.0,74,0.06382071226835251,0.04304257035255432,0.06977421045303345,0.03737885504961014,0.08900914341211319,0.0035041188821196556,1.0,0.10952860116958618,0.0345467533916235,0.1321016401052475,0.07372122257947922,0.08900914341211319,0.04304257035255432,1.0
1790268511.2687376,53.15192651748657,1059,0,23,0.037326980382204056,-0.0029203996527940035,0.05107029899954796,0.07496828585863113,0.08687888830900192,0.007638532668352127,1.0,19,0.26039204001426697,0.015290913172066212,0.26121437549591064,0.0844515711069107,0.283102810382843,0.018030434846878052,1.0,33,0.12124864757061005,0.06892302632331848,0.02713015116751194,0.015381880104541779,0.14118556678295135,0.000912498973775655,1.0,74,0.07060550898313522,0.02579498291015625,0.09335421770811081,0.05275366082787514,0.09736635535955429,0.0025152263697236776,1.0,0.18499084934592247,0.006185256759636104,0.14118556678295135,0.06892302632331848,0.09736635535955429,0.02579498291015625,1.0
1790268511.3167546,53.19994354248047,1060,0,23,-0.12334541976451874,-0.06904933601617813,0.2227909415960312,0.14039583504199982,0.20014512538909912,0.05775005742907524,1.0,19,0.11623182147741318,-0.029344256967306137,0.1241859421133995,0.1116160973906517,0.1469481885433197,0.019756002351641655,1.0,33,0.14525720477104187,0.05671738088130951,0.029132140800356865,0.01783040538430214,0.15706494450569153,0.000826867064461112,1.0,74,0.03589960187673569,0.005791123025119305,0.16994017362594604,0.08147535473108292,0.12941700220108032,0.012269191443920135,1.0,0.1735466569662094,-0.049196796491742134,0.15706494450569153,0.05671738088130951,0.12941700220108032,0.005791123025119305,1.0
1790268511.3687315,53.25192046165466,1061,0,23,-0.25188612937927246,-0.21087978780269623,0.29064300656318665,0.18238072097301483,0.364869624376297,0.04378041625022888,1.0,19,0.12499517947435379,-0.054990265518426895,0.12044484913349152,0.19092807173728943,0.1670910120010376,0.023193972185254097,1.0,33,0.10434422641992569,0.04036273434758186,0.02267444133758545,0.01695774868130684,0.11404351145029068,0.0006978891906328499,1.0,74,0.010190190747380257,-0.015631701797246933,0.17698101699352264,0.11351332068443298,0.12183404713869095,0.007035295478999615,1.0,0.2659803181886673,-0.13293502666056156,0.11404351145029068,0.04036273434758186,0.12183404713869095,-0.015631701797246933,1.0
1790268511.4171517,53.30034065246582,1062,0,23,-0.17799709737300873,-0.18144956231117249,0.21213293075561523,0.1358516365289688,0.2978452742099762,0.009036935865879059,1.0,19,0.08767539262771606,-0.06300514936447144,0.06318850815296173,0.14075909554958344,0.13430504500865936,0.009094431065022945,1.0,33,0.06833024322986603,0.006306041497737169,0.02274905890226364,0.012500086799263954,0.06998556107282639,0.0004893350997008383,1.0,74,0.007960551418364048,-0.024247143417596817,0.11125537753105164,0.0814662054181099,0.08692169934511185,0.0027901080902665854,1.0,0.21607515960931778,-0.12222735583782196,0.06998556107282639,0.006306041497737169,0.08692169934511185,-0.024247143417596817,1.0
1790268511.468752,53.351940870285034,1063,0,23,-0.11452119052410126,-0.1153843104839325,0.12098447233438492,0.05893822759389877,0.18039818108081818,0.0061212931759655476,1.0,19,0.022117212414741516,-0.042416222393512726,0.030311480164527893,0.09270130097866058,0.06387319415807724,0.00570071954280138,1.0,33,0.026639996096491814,-0.020622022449970245,0.018520064651966095,0.011872612871229649,0.03605017066001892,0.0007159356609918177,1.0,74,-0.00958932377398014,-0.022006060928106308,0.060722216963768005,0.04978814348578453,0.05750078707933426,0.00216330261901021,1.0,0.12213568761944771,-0.07890026643872261,0.03605017066001892,-0.020622022449970245,0.05750078707933426,-0.022006060928106308,1.0
1790268511.520723,53.40391206741333,1064,0,23,-0.1438087821006775,-0.13376982510089874,0.12205033749341965,0.07251599431037903,0.20892609655857086,0.0036554245743900537,1.0,19,-0.0049181487411260605,-0.05719636753201485,0.059426598250865936,0.047160424292087555,0.08839720487594604,0.0018927074270322919,1.0,33,-0.024726174771785736,-0.04086349904537201,0.02652035653591156,0.011605154722929,0.05321317911148071,0.000973448040895164,1.0,74,-0.04781795293092728,-0.04077829048037529,0.06948502361774445,0.04793902859091759,0.0750269740819931,0.001443187822587788,1.0,0.14866165071725845,-0.0954830963164568,0.05321317911148071,-0.04086349904537201,0.0750269740819931,-0.04077829048037529,1.0
1790268511.5687723,53.451961278915405,1065,1,23,-0.13211722671985626,-0.07909160852432251,0.08397029340267181,0.04612579569220543,0.15993253886699677,0.0032271086238324642,1.0,19,-0.05823235586285591,-0.04691595956683159,0.03418247401714325,0.08658123761415482,0.10568036884069443,0.0034834668040275574,1.0,33,-0.08385536819696426,-0.03844798728823662,0.02876388095319271,0.017374804243445396,0.09385708719491959,0.0007336128037422895,1.0,74,-0.08053815364837646,-0.037681374698877335,0.04610515758395195,0.03880256414413452,0.09351406246423721,0.0013786921044811606,1.0,0.1328064538538456,-0.06300378404557705,0.09385708719491959,-0.03844798728823662,0.09351406246423721,-0.037681374698877335,1.0
1790268511.6206028,53.50379180908203,1066,0,23,-0.09191828221082687,-0.0030073083471506834,0.02519962564110756,0.011372891254723072,0.09262678772211075,0.0016075012972578406,1.0,19,-0.11446180194616318,-0.017809415236115456,0.031791944056749344,0.04792704060673714,0.12500476837158203,0.0020298853050917387,1.0,33,-0.09923668950796127,-0.013953931629657745,0.03235207125544548,0.015505405142903328,0.1015157476067543,0.0008770449785515666,1.0,74,-0.09830804914236069,-0.004150390625,0.042200103402137756,0.033807508647441864,0.10354951024055481,0.0012245391262695193,1.0,0.10881577804684639,-0.01040836179163307,0.1015157476067543,-0.013953931629657745,0.10354951024055481,-0.004150390625,1.0
1790268511.668567,53.55175590515137,1067,0,23,-0.14374707639217377,-0.0018370255129411817,0.047584570944309235,0.016943175345659256,0.1448768675327301,0.001433147699572146,1.0,19,-0.10493870824575424,-0.003511127782985568,0.06924311071634293,0.023770304396748543,0.11691278964281082,0.0027467578183859587,1.0,33,-0.11765728890895844,0.001409819582477212,0.042866189032793045,0.018824303522706032,0.120909683406353,0.0010626843431964517,1.0,74,-0.11521004140377045,0.010347624309360981,0.0486619733273983,0.028921838849782944,0.12045911699533463,0.0013767341151833534,1.0,0.13089482858777046,-0.002674076647963375,0.120909683406353,0.001409819582477212,0.12045911699533463,0.010347624309360981,1.0
1790268511.7204838,53.60367274284363,1068,0,23,-0.11527352035045624,0.0070197065360844135,0.03563155233860016,0.010711136274039745,0.11618448048830032,0.0014641683083027601,1.0,19,-0.06371267139911652,0.007516961544752121,0.057885993272066116,0.05548306182026863,0.09493443369865417,0.0024894995149224997,1.0,33,-0.08617701381444931,0.01866704784333706,0.02250770665705204,0.012438064441084862,0.08927612751722336,0.0005162943270988762,1.0,74,-0.08170772343873978,0.01892739348113537,0.034037016332149506,0.02455158904194832,0.08857076615095139,0.0007564015686511993,1.0,0.10555945709347725,0.007268334040418267,0.08927612751722336,0.01866704784333706,0.08857076615095139,0.01892739348113537,1.0
1790268511.7726321,53.655821084976196,1069,0,23,-0.060681551694869995,0.03190148249268532,0.01984489895403385,0.017245624214410782,0.07158301025629044,0.0009114117128774524,1.0,19,-0.06595009565353394,-0.01125295553356409,0.029078906401991844,0.019528787583112717,0.06997615098953247,0.001866390579380095,1.0,33,-0.03467120602726936,0.02326919138431549,0.012073805555701256,0.01316111907362938,0.04344421997666359,0.0006196355680003762,1.0,74,-0.04949951171875,0.027453655377030373,0.029302416369318962,0.02807457000017166,0.06325168907642365,0.0006972406408749521,1.0,0.07077958062291145,0.010324263479560614,0.04344421997666359,0.02326919138431549,0.06325168907642365,0.027453655377030373,1.0
1790268511.8208542,53.70404314994812,1070,0,23,-0.02688930369913578,0.013548477552831173,0.019397571682929993,0.00739769171923399,0.033433493226766586,0.0006546109798364341,1.0,19,-0.030964098870754242,0.004205001052469015,0.011286715976893902,0.025911493226885796,0.0403529591858387,0.0015159508911892772,1.0,33,0.008113514631986618,0.016227953135967255,0.012375357560813427,0.008850034326314926,0.022552816197276115,0.0006678607896901667,1.0,74,-0.014025507494807243,0.014779889956116676,0.028530316427350044,0.018829768523573875,0.0338735394179821,0.0007782715256325901,1.0,0.03689322620630264,0.008876739302650094,0.022552816197276115,0.016227953135967255,0.0338735394179821,0.014779889956116676,1.0
1790268511.872706,53.755894899368286,1071,0,23,0.03144305571913719,0.030711961910128593,0.026456907391548157,0.01116936095058918,0.04957709461450577,0.0009266332490369678,1.0,19,0.029798006638884544,0.022590234875679016,0.020027196034789085,0.012176653370261192,0.042585864663124084,0.0013330284273251891,1.0,33,0.07298001646995544,0.022056810557842255,0.028168056160211563,0.018283676356077194,0.07782051712274551,0.0007948870770633221,1.0,74,0.034469399601221085,0.02255846932530403,0.0380156971514225,0.025314318016171455,0.054664090275764465,0.000935484713409096,1.0,0.046081479638814926,0.026651098392903805,0.07782051712274551,0.022056810557842255,0.054664090275764465,0.02255846932530403,1.0
1790268511.9207332,53.803922176361084,1072,0,23,0.14140652120113373,0.0055886972695589066,0.05509577691555023,0.010725634172558784,0.14207759499549866,0.001975646708160639,1.0,19,0.10592490434646606,0.005486739333719015,0.05976292863488197,0.031660713255405426,0.11331943422555923,0.002268558833748102,1.0,33,0.2450515329837799,0.032569654285907745,0.08114291727542877,0.028785819187760353,0.24930347502231598,0.0018676368054002523,1.0,74,0.14440546929836273,0.025387221947312355,0.11112705618143082,0.0564633384346962,0.15754440426826477,0.0014828902203589678,1.0,0.12769851461052895,0.005537718301638961,0.24930347502231598,0.032569654285907745,0.15754440426826477,0.025387221947312355,1.0
1790268511.9726868,53.855875730514526,1073,0,23,0.22544528543949127,0.006965305656194687,0.060990914702415466,0.018519915640354156,0.2263227105140686,0.002276149345561862,1.0,19,0.21812358498573303,0.025523938238620758,0.08542541414499283,0.03244640678167343,0.22287504374980927,0.004544497467577457,1.0,33,0.33654090762138367,0.030727040022611618,0.09369337558746338,0.0369398295879364,0.3396844267845154,0.0020007705315947533,1.0,74,0.21789613366127014,0.022217312827706337,0.1412237584590912,0.036992695182561874,0.2242245078086853,0.0019232211634516716,1.0,0.22459887713193893,0.016244621947407722,0.3396844267845154,0.030727040022611618,0.2242245078086853,0.022217312827706337,1.0
1790268512.0247033,53.90789222717285,1074,0,23,0.24846151471138,0.01652858592569828,0.0484989695250988,0.013863260857760906,0.24950653314590454,0.0021465285681188107,1.0,19,0.24277536571025848,0.021868253126740456,0.09349454939365387,0.0763176754117012,0.2605161666870117,0.006723127793520689,1.0,33,0.3156580924987793,0.02814275585114956,0.056057728826999664,0.015438374131917953,0.3173648715019226,0.0015660161152482033,1.0,74,0.20489667356014252,0.023354608565568924,0.12108114361763,0.040545038878917694,0.21306653320789337,0.0021491218358278275,1.0,0.25501134991645813,0.019198419526219368,0.3173648715019226,0.02814275585114956,0.21306653320789337,0.023354608565568924,1.0
1790268512.0727603,53.95594930648804,1075,0,23,0.21634043753147125,0.01401353906840086,0.06663976609706879,0.0248902328312397,0.219116672873497,0.002030023140832782,1.0,19,0.21145308017730713,0.06729286909103394,0.06586133688688278,0.0777956023812294,0.2359270304441452,0.0025372225791215897,1.0,33,0.25775885581970215,0.02498372457921505,0.04953322187066078,0.025250213220715523,0.26063400506973267,0.0015242586378008127,1.0,74,0.19039669632911682,0.004690634086728096,0.10960949212312698,0.03427989408373833,0.19655904173851013,0.0017420558724552393,1.0,0.2275218516588211,0.0406532040797174,0.26063400506973267,0.02498372457921505,0.19655904173851013,0.004690634086728096,1.0
1790268512.1246326,54.007821559906006,1076,0,23,0.13756859302520752,0.010768061503767967,0.03893973305821419,0.01882696896791458,0.13954029977321625,0.0014084882568567991,1.0,19,0.1420239955186844,0.0065508391708135605,0.062201764434576035,0.07515246421098709,0.16449525952339172,0.0036002511624246836,1.0,33,0.20050787925720215,0.018587516620755196,0.05347762629389763,0.016092384234070778,0.20198926329612732,0.001052027684636414,1.0,74,0.12788906693458557,0.010630633682012558,0.0868782177567482,0.03168771043419838,0.13555997610092163,0.001274841488339007,1.0,0.15201777964830399,0.008659450337290764,0.20198926329612732,0.018587516620755196,0.13555997610092163,0.010630633682012558,1.0
1790268512.1726966,54.055885553359985,1077,0,23,0.10047581046819687,0.018431954085826874,0.04879926145076752,0.01437301654368639,0.10462561994791031,0.0012544693890959024,1.0,19,0.11065834760665894,0.024440564215183258,0.05934641882777214,0.023272018879652023,0.11720532923936844,0.0017330021364614367,1.0,33,0.1334584504365921,0.012156630866229534,0.02832065336406231,0.021228644996881485,0.13594920933246613,0.0009710667072795331,1.0,74,0.0765422135591507,0.01655300334095955,0.06754574179649353,0.026640448719263077,0.09366308897733688,0.0009843457955867052,1.0,0.11091547459363937,0.021436259150505066,0.13594920933246613,0.012156630866229534,0.09366308897733688,0.01655300334095955,1.0
1790268512.2246683,54.10785722732544,1078,0,23,0.07240096479654312,0.026875371113419533,0.04207588732242584,0.007834446616470814,0.08172933757305145,0.0007507552509196103,1.0,19,0.04195524379611015,0.027652941644191742,0.04286549612879753,0.032186463475227356,0.06855849176645279,0.0024032003711909056,1.0,33,0.08491192758083344,0.007572520989924669,0.02817506343126297,0.015791699290275574,0.08718325942754745,0.0010880179470404983,1.0,74,0.03389966860413551,0.007173589896410704,0.06828809529542923,0.038242269307374954,0.07444068044424057,0.001234726165421307,1.0,0.07514391466975212,0.027264156378805637,0.08718325942754745,0.007572520989924669,0.07444068044424057,0.007173589896410704,1.0
1790268512.276407,54.15959596633911,1079,0,23,0.017838187515735626,0.02431255765259266,0.02347848378121853,0.014075515791773796,0.035043079406023026,0.0007478949264623225,1.0,19,0.025992944836616516,0.0032477127388119698,0.0452837310731411,0.04404568299651146,0.06314591318368912,0.0017197957495227456,1.0,33,0.052970655262470245,0.0037212949246168137,0.018007298931479454,0.013826772570610046,0.05506233498454094,0.0009129157988354564,1.0,74,0.009741293266415596,0.005482750944793224,0.05209161713719368,0.029003839939832687,0.050758060067892075,0.0008574762614443898,1.0,0.04909449629485607,0.013780135195702314,0.05506233498454094,0.0037212949246168137,0.050758060067892075,0.005482750944793224,1.0
1790268512.32441,54.20759892463684,1080,1,23,0.04177060350775719,0.01974155567586422,0.03884296491742134,0.006309315096586943,0.05154028534889221,0.0006683058454655111,1.0,19,0.017297042533755302,-0.007482428103685379,0.04860635846853256,0.028483716771006584,0.053018562495708466,0.0018498797435313463,1.0,33,0.04446272552013397,-0.008958758786320686,0.01642286404967308,0.019898271188139915,0.04909219592809677,0.0005828586290590465,1.0,74,0.007418864406645298,0.0015401067212224007,0.055567268282175064,0.03238466754555702,0.05395360291004181,0.0008029700838960707,1.0,0.05227942392230034,0.00612956378608942,0.04909219592809677,-0.008958758786320686,0.05395360291004181,0.0015401067212224007,1.0
1790268512.3766365,54.259825468063354,1081,0,23,0.008424178697168827,-0.02874424122273922,0.022282542660832405,0.016982536762952805,0.03643050417304039,0.0009571559494361281,1.0,19,0.035408422350883484,-0.012668810784816742,0.05399496108293533,0.012914255261421204,0.059456467628479004,0.0015481793088838458,1.0,33,0.04769805073738098,-0.04288783296942711,0.01992960087954998,0.014699351042509079,0.06509522348642349,0.0005828553694300354,1.0,74,0.013842608779668808,-0.016449181362986565,0.05165029689669609,0.038116421550512314,0.05939304456114769,0.0008392054005526006,1.0,0.0479434859007597,-0.02070652600377798,0.06509522348642349,-0.04288783296942711,0.05939304456114769,-0.016449181362986565,1.0
1790268512.4248235,54.30801248550415,1082,0,23,0.029060695320367813,-0.025449668988585472,0.03424122929573059,0.01010950654745102,0.04485781863331795,0.0007509376737289131,1.0,19,0.01538889016956091,-0.021257098764181137,0.051918573677539825,0.023327592760324478,0.05726805329322815,0.0013568965950980783,1.0,33,0.05291794240474701,-0.05142165720462799,0.01833740808069706,0.02117517590522766,0.07612752914428711,0.0005935906665399671,1.0,74,0.013942615129053593,-0.025321858003735542,0.04594908282160759,0.03884691372513771,0.06136263906955719,0.0007721955189481378,1.0,0.05106293596327305,-0.023353383876383305,0.07612752914428711,-0.05142165720462799,0.06136263906955719,-0.025321858003735542,1.0
1790268512.4769087,54.36009764671326,1083,0,23,0.014881299808621407,-0.015581213869154453,0.01627824269235134,0.005398370325565338,0.026196155697107315,0.0006962766638025641,1.0,19,0.014868485741317272,-0.004423442762345076,0.03146465867757797,0.0155791025608778,0.03463645279407501,0.0014264903729781508,1.0,33,0.055061109364032745,-0.029146136716008186,0.020316163077950478,0.018744267523288727,0.06358470767736435,0.0006291347672231495,1.0,74,0.01001636404544115,-0.02126271091401577,0.04874952509999275,0.02229631505906582,0.04987684264779091,0.000599216902628541,1.0,0.030416304245591164,-0.010002328315749764,0.06358470767736435,-0.029146136716008186,0.04987684264779091,-0.02126271091401577,1.0
1790268512.5286877,54.4118766784668,1084,0,23,0.04063747078180313,-0.01814601756632328,0.0227715615183115,0.014769621193408966,0.047442659735679626,0.0008134330855682492,1.0,19,-0.0015194541774690151,-0.024956954643130302,0.02834860421717167,0.019998786970973015,0.03645341098308563,0.0010310935322195292,1.0,33,0.05529415234923363,-0.01577157713472843,0.018250904977321625,0.013916813768446445,0.05922961235046387,0.0008032139739952981,1.0,74,0.02471800148487091,-0.012986982241272926,0.03950070962309837,0.021710829809308052,0.047417882829904556,0.0007363827899098396,1.0,0.04194803535938263,-0.02155148610472679,0.05922961235046387,-0.01577157713472843,0.047417882829904556,-0.012986982241272926,1.0
1790268512.5767205,54.459909439086914,1085,0,23,0.04264499992132187,-0.010793271474540234,0.021685020998120308,0.011120550334453583,0.04516556113958359,0.0010018820175901055,1.0,19,0.015891626477241516,-0.018459921702742577,0.030661974102258682,0.021646717563271523,0.04154084995388985,0.0015162571799010038,1.0,33,0.05678119137883186,-0.029131801798939705,0.01635643094778061,0.010630805045366287,0.06491405516862869,0.0005683441995643079,1.0,74,0.03107452392578125,-0.01168060302734375,0.03418181464076042,0.02704809233546257,0.0495971255004406,0.0007780289161019027,1.0,0.04335320554673672,-0.014626596588641405,0.06491405516862869,-0.029131801798939705,0.0495971255004406,-0.01168060302734375,1.0
1790268512.6287384,54.511927366256714,1086,0,23,0.055371493101119995,-0.024381553754210472,0.02800884284079075,0.014698191545903683,0.06341701745986938,0.0008253647829405963,1.0,19,0.030866121873259544,-0.015748675912618637,0.025863418355584145,0.037490364164114,0.050223011523485184,0.0017365412786602974,1.0,33,0.059044115245342255,-0.024906042963266373,0.016318311914801598,0.012263160198926926,0.06473672389984131,0.0006045442423783243,1.0,74,0.04012607783079147,-0.012966981157660484,0.03131084144115448,0.021737083792686462,0.050429265946149826,0.0005604557227343321,1.0,0.056820014491677284,-0.020065114833414555,0.06473672389984131,-0.024906042963266373,0.050429265946149826,-0.012966981157660484,1.0
1790268512.6766815,54.55987048149109,1087,0,23,0.05959286913275719,-0.011379076167941093,0.0342501699924469,0.009816453792154789,0.06238589063286781,0.0014433000469580293,1.0,19,0.046841271221637726,-0.01858440227806568,0.031063135713338852,0.022223467007279396,0.056078165769577026,0.0016374050173908472,1.0,33,0.045509107410907745,-0.022183505818247795,0.02136174403131008,0.022624272853136063,0.05512814596295357,0.0006801927811466157,1.0,74,0.027232402935624123,-0.012059598229825497,0.02755141817033291,0.018789855763316154,0.03876393660902977,0.0006784149445593357,1.0,0.05923202820122242,-0.014981739223003387,0.05512814596295357,-0.022183505818247795,0.03876393660902977,-0.012059598229825497,1.0
1790268512.7287889,54.61197781562805,1088,0,23,0.020302150398492813,-0.023006273433566093,0.016226334497332573,0.01125025749206543,0.03349626064300537,0.0004085193504579365,1.0,19,0.022398296743631363,0.0003099943569395691,0.016286950558423996,0.029822660610079765,0.03499484062194824,0.0010421054903417826,1.0,33,0.01797531545162201,-0.012910785153508186,0.016554370522499084,0.016505174338817596,0.02792135439813137,0.0005380224320106208,1.0,74,0.01859283447265625,-0.009511071257293224,0.013855802826583385,0.015338258817791939,0.02613256499171257,0.0006548426463268697,1.0,0.03424555063247681,-0.011348139538313262,0.02792135439813137,-0.012910785153508186,0.02613256499171257,-0.009511071257293224,1.0
1790268512.7806997,54.663888692855835,1089,0,23,0.031216828152537346,-0.010981684550642967,0.021619360893964767,0.00892152450978756,0.035323694348335266,0.0005657009896822274,1.0,19,0.02867206744849682,-0.01171393133699894,0.03179750591516495,0.03062676452100277,0.044502370059490204,0.0016128623392432928,1.0,33,0.028964418917894363,-0.007360747549682856,0.012644186615943909,0.007051616907119751,0.030362674966454506,0.0005292839487083256,1.0,74,0.0184000376611948,-0.006518286652863026,0.017782529816031456,0.012597481720149517,0.02609311044216156,0.0005868426524102688,1.0,0.039913032203912735,-0.011347807943820953,0.030362674966454506,-0.007360747549682856,0.02609311044216156,-0.006518286652863026,1.0
1790268512.8286834,54.71187233924866,1090,0,23,0.00658582616597414,0.0017580778803676367,0.01155493501573801,0.012890643440186977,0.014892193488776684,0.0008497540256939828,1.0,19,-0.00556704867631197,-0.018211767077445984,0.024343216791749,0.019076384603977203,0.03185440972447395,0.0026366375386714935,1.0,33,0.0016211307374760509,0.005032163579016924,0.013111643493175507,0.009814747609198093,0.014770523644983768,0.0008605780894868076,1.0,74,0.008107984438538551,-0.0014002000680193305,0.01360581535845995,0.014976141043007374,0.018605977296829224,0.0007859432953409851,1.0,0.02337330160662532,-0.008226844598539174,0.014770523644983768,0.005032163579016924,0.018605977296829224,-0.0014002000680193305,1.0
1790268512.8809154,54.76410436630249,1091,0,23,0.01379991602152586,0.004575646482408047,0.01604406349360943,0.008914042264223099,0.018313629552721977,0.0007185001159086823,1.0,19,-0.0011612741509452462,0.018771523609757423,0.018921663984656334,0.01283023040741682,0.025795573368668556,0.0020103994756937027,1.0,33,-0.002524635987356305,0.009618585929274559,0.016759490594267845,0.013192109763622284,0.020238913595676422,0.0007240928243845701,1.0,74,0.0016374330734834075,0.004284626804292202,0.016281187534332275,0.014565820805728436,0.019626906141638756,0.0006134069408290088,1.0,0.022054601460695267,0.011673585046082735,0.020238913595676422,0.009618585929274559,0.019626906141638756,0.004284626804292202,1.0
1790268512.9287195,54.81190848350525,1092,0,23,-0.033977340906858444,0.008919093757867813,0.018523884937167168,0.009575196541845798,0.03797973319888115,0.0005288030370138586,1.0,19,-0.013329756446182728,0.00833611749112606,0.013058545999228954,0.026130663231015205,0.02929624170064926,0.0016592617612332106,1.0,33,-0.0316111259162426,0.03136235848069191,0.016787270084023476,0.011164764873683453,0.04668772965669632,0.0007009635446593165,1.0,74,-0.020309241488575935,0.016761058941483498,0.018954206258058548,0.0176493339240551,0.033436790108680725,0.0007358764414675534,1.0,0.033637987449765205,0.008627605624496937,0.04668772965669632,0.03136235848069191,0.033436790108680725,0.016761058941483498,1.0
1790268512.9803712,54.86356019973755,1093,0,23,-0.05194290727376938,0.037778109312057495,0.017002861946821213,0.010208087973296642,0.06514386832714081,0.0009337430237792432,1.0,19,-0.036079809069633484,0.019324051216244698,0.01996050775051117,0.030864933505654335,0.051179829984903336,0.001983337104320526,1.0,33,-0.0679829940199852,0.05532282218337059,0.022343816235661507,0.01818714290857315,0.08915730565786362,0.000742376665584743,1.0,74,-0.04498641565442085,0.03262721002101898,0.03563603758811951,0.030610231682658195,0.06384828686714172,0.0006584173534065485,1.0,0.05816184915602207,0.028551080264151096,0.08915730565786362,0.05532282218337059,0.06384828686714172,0.03262721002101898,1.0
1790268513.03265,54.915838956832886,1094,0,23,-0.13316278159618378,0.06161631643772125,0.04599132016301155,0.015629272907972336,0.147444486618042,0.0015696787741035223,1.0,19,-0.09323441237211227,0.043230559676885605,0.035076722502708435,0.025714710354804993,0.10689608752727509,0.0015488679055124521,1.0,33,-0.11327292770147324,0.07407448440790176,0.03582216054201126,0.015695931389927864,0.13697107136249542,0.0007596760406158864,1.0,74,-0.0942799299955368,0.039930809289216995,0.05990124121308327,0.04284859821200371,0.11212123185396194,0.000990742351859808,1.0,0.12717028707265854,0.05242343805730343,0.13697107136249542,0.07407448440790176,0.11212123185396194,0.039930809289216995,1.0
1790268513.0806792,54.963868141174316,1095,1,23,-0.16811338067054749,0.02884441800415516,0.06818542629480362,0.012532990425825119,0.171535924077034,0.0015085472259670496,1.0,19,-0.10725322365760803,0.017778094857931137,0.06618671864271164,0.02143915556371212,0.110665462911129,0.001605250290594995,1.0,33,-0.2179718017578125,0.07821054011583328,0.05761256068944931,0.02845260314643383,0.2331646829843521,0.0013197873486205935,1.0,74,-0.14797911047935486,0.040328361093997955,0.09239523857831955,0.045877743512392044,0.16139167547225952,0.0015379273099824786,1.0,0.1411006934940815,0.023311256431043148,0.2331646829843521,0.07821054011583328,0.16139167547225952,0.040328361093997955,1.0
1790268513.1327097,55.01589870452881,1096,0,23,-0.15819516777992249,0.017012886703014374,0.024552952498197556,0.01342468149960041,0.15962380170822144,0.0011534177465364337,1.0,19,-0.1895880401134491,0.010221782140433788,0.06211749091744423,0.022955570369958878,0.19113709032535553,0.0024616247974336147,1.0,33,-0.24395890533924103,0.014809348620474339,0.04317251965403557,0.03825075924396515,0.2474810928106308,0.0013331454247236252,1.0,74,-0.15193258225917816,0.005875252187252045,0.0982697606086731,0.03943789005279541,0.16128364205360413,0.0013024789514020085,1.0,0.17538044601678848,0.013617334421724081,0.2474810928106308,0.014809348620474339,0.16128364205360413,0.005875252187252045,1.0
1790268513.1806748,55.06386375427246,1097,0,23,-0.11820453405380249,-0.026107124984264374,0.036443814635276794,0.026367979124188423,0.12592260539531708,0.0007316108094528317,1.0,19,-0.15225058794021606,-0.032218530774116516,0.08942830562591553,0.03334802761673927,0.16122636198997498,0.0024802449624985456,1.0,33,-0.24029356241226196,-0.04160100594162941,0.04516037181019783,0.029348211362957954,0.24541617929935455,0.0014313586289063096,1.0,74,-0.12770409882068634,-0.020361410453915596,0.10962230712175369,0.042326562106609344,0.14433534443378448,0.0011161592556163669,1.0,0.14357448369264603,-0.029162827879190445,0.24541617929935455,-0.04160100594162941,0.14433534443378448,-0.020361410453915596,1.0
1790268513.2326205,55.11580944061279,1098,0,23,-0.09638579189777374,-0.06732310354709625,0.04527506232261658,0.019326774403452873,0.12454938888549805,0.0009621396893635392,1.0,19,-0.11521510034799576,-0.03648778051137924,0.060805704444646835,0.03532302379608154,0.12696406245231628,0.0020292995031923056,1.0,33,-0.18421289324760437,-0.07934339344501495,0.05141090601682663,0.025111565366387367,0.2047571986913681,0.001185951172374189,1.0,74,-0.08412788808345795,-0.04254346340894699,0.09652290493249893,0.051293130964040756,0.12517088651657104,0.0011969766346737742,1.0,0.12575672566890717,-0.05190544202923775,0.2047571986913681,-0.07934339344501495,0.12517088651657104,-0.04254346340894699,1.0
1790268513.2846558,55.16784477233887,1099,0,23,-0.03489883989095688,-0.05329696089029312,0.03509898856282234,0.008281226269900799,0.06983832269906998,0.0007135203341022134,1.0,19,-0.06680136919021606,-0.06353920698165894,0.06924866884946823,0.042632825672626495,0.11053850501775742,0.003999282605946064,1.0,33,-0.11637092381715775,-0.06162423640489578,0.03598121553659439,0.02150162309408188,0.13389012217521667,0.000967353000305593,1.0,74,-0.023911140859127045,-0.04343218356370926,0.10181514918804169,0.04662622883915901,0.10253995656967163,0.0014922718983143568,1.0,0.0901884138584137,-0.05841808393597603,0.13389012217521667,-0.06162423640489578,0.10253995656967163,-0.04343218356370926,1.0
1790268513.3326383,55.215827226638794,1100,0,23,-0.002499787602573633,-0.06343144923448563,0.04497084766626358,0.010764975100755692,0.07596686482429504,0.0011309179244562984,1.0,19,0.0002393220638623461,-0.055855199694633484,0.05857870355248451,0.06493709981441498,0.09830257296562195,0.0021109210792928934,1.0,33,-0.04201900586485863,-0.05418442189693451,0.016903813928365707,0.013368522748351097,0.07032639533281326,0.0007605015416629612,1.0,74,0.024501491338014603,-0.04084736481308937,0.0883871391415596,0.055224671959877014,0.09268472343683243,0.001101817935705185,1.0,0.0871347188949585,-0.059643324464559555,0.07032639533281326,-0.05418442189693451,0.09268472343683243,-0.04084736481308937,1.0
1790268513.384692,55.26788091659546,1101,0,23,0.07444895803928375,-0.08270263671875,0.09297531843185425,0.018577666953206062,0.1236414685845375,0.001376055646687746,1.0,19,0.03983507677912712,-0.04144367575645447,0.0708475410938263,0.024089643731713295,0.07867281883955002,0.0021797020453959703,1.0,33,0.003934455569833517,-0.026105014607310295,0.016926554962992668,0.010359411127865314,0.03139584884047508,0.0005457670195028186,1.0,74,0.08034515380859375,-0.03620632365345955,0.10901562869548798,0.06078546121716499,0.11110498011112213,0.001978752203285694,1.0,0.10115714371204376,-0.062073156237602234,0.03139584884047508,-0.026105014607310295,0.11110498011112213,-0.03620632365345955,1.0
1790268513.4327276,55.315916538238525,1102,0,23,0.185602605342865,-0.07276386022567749,0.10406655818223953,0.02077711932361126,0.2047266811132431,0.004842391237616539,1.0,19,0.17962646484375,-0.0038709137588739395,0.17881610989570618,0.09369318932294846,0.19199423491954803,0.007262269966304302,1.0,33,0.03933577239513397,-0.02947396971285343,0.02328391559422016,0.025386644527316093,0.05400603637099266,0.0006948383525013924,1.0,74,0.14639735221862793,-0.0352991446852684,0.11661241203546524,0.0650123879313469,0.16389453411102295,0.0020102709531784058,1.0,0.19836045801639557,-0.038317386992275715,0.05400603637099266,-0.02947396971285343,0.16389453411102295,-0.0352991446852684,1.0
1790268513.4846506,55.36783957481384,1103,0,23,0.1534145176410675,-0.09364849328994751,0.06475165486335754,0.015212408266961575,0.1827431619167328,0.004361814819276333,1.0,19,0.14135099947452545,-0.030409161001443863,0.06885135918855667,0.10737208276987076,0.16346047818660736,0.018894031643867493,1.0,33,0.07930871099233627,-0.022062821313738823,0.027000850066542625,0.02144150249660015,0.08497392386198044,0.0007552720489911735,1.0,74,0.15537159144878387,-0.03324725106358528,0.09999694675207138,0.06251450628042221,0.17123492062091827,0.0025705655571073294,1.0,0.17310182005167007,-0.062028827145695686,0.08497392386198044,-0.022062821313738823,0.17123492062091827,-0.03324725106358528,1.0
1790268513.5364614,55.4196503162384,1104,0,23,0.15355516970157623,-0.05282261222600937,0.056983187794685364,0.0263221338391304,0.1632106453180313,0.002735622925683856,1.0,19,0.1311163604259491,-0.024629291146993637,0.05830155313014984,0.04238634929060936,0.13983014225959778,0.004912259988486767,1.0,33,0.10301531851291656,-0.020142989233136177,0.042096950113773346,0.023146148771047592,0.10688481479883194,0.0007938687922433019,1.0,74,0.16757120192050934,-0.03251689299941063,0.10375116020441055,0.06422003358602524,0.18064484000205994,0.0021388728637248278,1.0,0.15152039378881454,-0.0387259516865015,0.10688481479883194,-0.020142989233136177,0.18064484000205994,-0.03251689299941063,1.0
1790268513.5843308,55.467519760131836,1105,0,23,0.16742275655269623,-0.044219307601451874,0.04271703213453293,0.01605774648487568,0.17425546050071716,0.0020689184311777353,1.0,19,0.17377834022045135,-0.005774246994405985,0.0960068330168724,0.030198195949196815,0.1757301241159439,0.0031466803047806025,1.0,33,0.10545672476291656,-0.0007999304798431695,0.029176227748394012,0.019381044432520866,0.10737073421478271,0.0006219965871423483,1.0,74,0.1438627541065216,-0.01049021165817976,0.0642244890332222,0.04657401144504547,0.15071722865104675,0.0019694645889103413,1.0,0.17499279230833054,-0.02499677729792893,0.10737073421478271,-0.0007999304798431695,0.15071722865104675,-0.01049021165817976,1.0
1790268513.636444,55.519633054733276,1106,0,23,0.12071493268013,-0.03125663474202156,0.05464649945497513,0.01455015316605568,0.12507463991641998,0.0026123730931431055,1.0,19,0.16281288862228394,0.0044146087020635605,0.045341577380895615,0.050641462206840515,0.16844387352466583,0.00397077901288867,1.0,33,0.0911305770277977,0.02489263378083706,0.022555554285645485,0.01455572247505188,0.09626554697751999,0.0005271258996799588,1.0,74,0.12661145627498627,0.0006301467656157911,0.07221483439207077,0.04650745540857315,0.13352493941783905,0.0016754519892856479,1.0,0.1467592567205429,-0.013421013019979,0.09626554697751999,0.02489263378083706,0.13352493941783905,0.0006301467656157911,1.0
1790268513.6846309,55.56781983375549,1107,0,23,0.08473537117242813,-0.030659550800919533,0.021282251924276352,0.015640100464224815,0.09152370691299438,0.0011403633980080485,1.0,19,0.16135285794734955,0.012922587804496288,0.062266647815704346,0.04497162625193596,0.16596980392932892,0.003012861358001828,1.0,33,0.0695699080824852,0.03195282816886902,0.02365039847791195,0.011930476874113083,0.07905326038599014,0.00047590729082003236,1.0,74,0.10732682049274445,0.004727234598249197,0.05658123269677162,0.0528934970498085,0.11725478619337082,0.0018053640378639102,1.0,0.12874675542116165,-0.008868481498211622,0.07905326038599014,0.03195282816886902,0.11725478619337082,0.004727234598249197,1.0
1790268513.7368095,55.61999845504761,1108,0,23,0.08914648741483688,-0.03952888771891594,0.03235650062561035,0.011002968065440655,0.09819860011339188,0.0013641476398333907,1.0,19,0.12375199049711227,-0.012111462652683258,0.039661698043346405,0.053786247968673706,0.13320305943489075,0.001972303492948413,1.0,33,0.0639394149184227,0.028878415003418922,0.02358398027718067,0.012607384473085403,0.07310157269239426,0.0008550811326131225,1.0,74,0.08650599420070648,-0.0010587330907583237,0.04122865945100784,0.04034517705440521,0.09501845389604568,0.0012518225703388453,1.0,0.11570082977414131,-0.0258201751857996,0.07310157269239426,0.028878415003418922,0.09501845389604568,-0.0010587330907583237,1.0
1790268513.788706,55.671895027160645,1109,0,23,0.08658500015735626,-0.01150778029114008,0.01850946620106697,0.0074261450208723545,0.08772370964288712,0.0009308315929956734,1.0,19,0.09602918475866318,0.02691730670630932,0.030191771686077118,0.04305964335799217,0.10520154237747192,0.004487003665417433,1.0,33,0.07009656727313995,0.0359242744743824,0.024520721286535263,0.023661786690354347,0.08095208555459976,0.0006654206663370132,1.0,74,0.07524850964546204,0.013417012058198452,0.042307592928409576,0.04523657634854317,0.08742202073335648,0.0009021817240864038,1.0,0.09646262601017952,0.0077047632075846195,0.08095208555459976,0.0359242744743824,0.08742202073335648,0.013417012058198452,1.0
1790268513.836739,55.71992802619934,1110,1,23,0.05458798632025719,-0.0002812924503814429,0.026214996352791786,0.008788357488811016,0.05539105087518692,0.0011927513405680656,1.0,19,0.07232505083084106,0.0272979736328125,0.0396619476377964,0.02414727583527565,0.08302205801010132,0.0021769043523818254,1.0,33,0.029122555628418922,0.05723017081618309,0.013735405169427395,0.013010988011956215,0.06585944443941116,0.0007310256478376687,1.0,74,0.04630403220653534,0.01897554099559784,0.023541182279586792,0.03877081349492073,0.06321866810321808,0.0008737620082683861,1.0,0.06920655444264412,0.013508340591215529,0.06585944443941116,0.05723017081618309,0.06321866810321808,0.01897554099559784,1.0
1790268513.888914,55.77210307121277,1111,0,23,0.01863628812134266,0.029921822249889374,0.008803879842162132,0.010578157380223274,0.03622553125023842,0.0008345523965544999,1.0,19,0.01883898302912712,0.027688277885317802,0.03588388115167618,0.01718555949628353,0.05068614333868027,0.001657555578276515,1.0,33,0.002638845704495907,0.07481846958398819,0.01912841387093067,0.02825353480875492,0.07736174017190933,0.0009100552997551858,1.0,74,0.016894159838557243,0.03507108986377716,0.026357263326644897,0.038730330765247345,0.053941015154123306,0.0007810612441971898,1.0,0.04345583729445934,0.028805050067603588,0.07736174017190933,0.07481846958398819,0.053941015154123306,0.03507108986377716,1.0
1790268513.9368217,55.82001066207886,1112,0,23,0.005790378898382187,0.03241497650742531,0.012998435646295547,0.011927753686904907,0.03540876507759094,0.0010082414373755455,1.0,19,0.01872333697974682,0.03226591274142265,0.022434255108237267,0.019516566768288612,0.04588797315955162,0.0021155911963433027,1.0,33,-0.008689649403095245,0.07091175764799118,0.022053778171539307,0.014479302801191807,0.0748484805226326,0.0006576863816007972,1.0,74,-0.0013192666228860617,0.03515707328915596,0.020005421712994576,0.037866562604904175,0.0486525259912014,0.0008209310472011566,1.0,0.04064836911857128,0.03234044462442398,0.0748484805226326,0.07091175764799118,0.0486525259912014,0.03515707328915596,1.0
1790268513.9889262,55.87211513519287,1113,0,23,-0.012345023453235626,0.028159763664007187,0.01272257138043642,0.011469442397356033,0.0336616076529026,0.0006455446127802134,1.0,19,-0.020377710461616516,0.027151810005307198,0.03791668638586998,0.03710993006825447,0.05467864125967026,0.002182789845392108,1.0,33,-0.02387908101081848,0.05088621377944946,0.01798427663743496,0.011425315402448177,0.05823663994669914,0.0005348807899281383,1.0,74,-0.013055337592959404,0.024796253070235252,0.01969864033162594,0.02709820866584778,0.0383453369140625,0.0006948995869606733,1.0,0.04417012445628643,0.027655786834657192,0.05823663994669914,0.05088621377944946,0.0383453369140625,0.024796253070235252,1.0
1790268514.040787,55.92397594451904,1114,0,23,-0.022477522492408752,0.017117707058787346,0.014283470809459686,0.005446328781545162,0.030512267723679543,0.00088111701188609,1.0,19,-0.009012322872877121,0.0057935211807489395,0.03136373683810234,0.027191301807761192,0.03804102912545204,0.0012675555190071464,1.0,33,-0.028856219723820686,0.02076212503015995,0.010616717860102654,0.009340786375105381,0.03634946048259735,0.0004427318344824016,1.0,74,-0.019408972933888435,0.016438767313957214,0.015650885179638863,0.0159471333026886,0.03118576481938362,0.0006904978072270751,1.0,0.03427664842456579,0.011455614119768143,0.03634946048259735,0.02076212503015995,0.03118576481938362,0.016438767313957214,1.0
1790268514.0888562,55.97204518318176,1115,0,23,-0.026966923847794533,-0.0031393300741910934,0.014502658508718014,0.00893382914364338,0.029026713222265244,0.0006342235719785094,1.0,19,-0.00990536343306303,-0.003274214919656515,0.024153102189302444,0.02525666169822216,0.03260216861963272,0.0015208144905045629,1.0,33,-0.027580030262470245,0.005767822265625,0.01581617072224617,0.012963688001036644,0.032059069722890854,0.0006457362323999405,1.0,74,-0.01795876957476139,-0.0028260720428079367,0.02271435037255287,0.022795364260673523,0.030792545527219772,0.0007325670449063182,1.0,0.030814440920948982,-0.0032067724969238043,0.032059069722890854,0.005767822265625,0.030792545527219772,-0.0028260720428079367,1.0
1790268514.1407564,56.023945331573486,1116,0,23,0.0005048668826930225,-0.017079228535294533,0.011992235668003559,0.00785066094249487,0.02070673182606697,0.00042830276652239263,1.0,19,-0.006511487532407045,-0.04171833395957947,0.023258507251739502,0.037748876959085464,0.05699910596013069,0.002225429518148303,1.0,33,-0.013977975584566593,-0.02925664745271206,0.01808525063097477,0.014931635931134224,0.03761529177427292,0.000579158659093082,1.0,74,-0.003105575917288661,-0.01759183779358864,0.013766292482614517,0.02257000096142292,0.027489691972732544,0.0007557041826657951,1.0,0.03885291889309883,-0.029398781247437,0.03761529177427292,-0.02925664745271206,0.027489691972732544,-0.01759183779358864,1.0
1790268514.1884465,56.071635484695435,1117,0,23,-0.006675388664007187,-0.052614957094192505,0.024062512442469597,0.0185213815420866,0.05936896800994873,0.0006100263562984765,1.0,19,-0.021974261850118637,-0.03407769277691841,0.025572635233402252,0.03145475685596466,0.054355088621377945,0.001513460068963468,1.0,33,-0.009343927726149559,-0.06070917472243309,0.013921178877353668,0.011601882055401802,0.06309753656387329,0.000788634642958641,1.0,74,-0.00292205810546875,-0.03808263689279556,0.017561785876750946,0.028122669085860252,0.04504924640059471,0.000772132130805403,1.0,0.05686202831566334,-0.04334632493555546,0.06309753656387329,-0.06070917472243309,0.04504924640059471,-0.03808263689279556,1.0
1790268514.2405334,56.123722314834595,1118,0,23,-0.00824306346476078,-0.05585181340575218,0.020135607570409775,0.014024272561073303,0.05958857759833336,0.001188990194350481,1.0,19,0.011765329167246819,-0.036994531750679016,0.04110415279865265,0.03219785541296005,0.05953076481819153,0.001364511321298778,1.0,33,-0.001475478638894856,-0.05637798830866814,0.013315383344888687,0.015315691940486431,0.0583307184278965,0.0007277598488144577,1.0,74,0.0021428288891911507,-0.04036949947476387,0.015946364030241966,0.027785757556557655,0.04691477492451668,0.0007002273923717439,1.0,0.059559671208262444,-0.0464231725782156,0.0583307184278965,-0.05637798830866814,0.04691477492451668,-0.04036949947476387,1.0
1790268514.2888176,56.172006607055664,1119,0,23,0.47002243995666504,0.1885097324848175,0.42770999670028687,0.1731906682252884,0.526883602142334,0.03492942824959755,1.0,19,-0.0793585553765297,0.042724609375,0.16862070560455322,0.18186132609844208,0.18258607387542725,0.02972475253045559,1.0,33,0.017429698258638382,-0.042213670909404755,0.008965147659182549,0.007699275389313698,0.04646999388933182,0.000605871609877795,1.0,74,0.0727372020483017,-0.0037911904510110617,0.19507381319999695,0.09405266493558884,0.1051105260848999,0.008413408882915974,1.0,0.3547348380088806,0.11561717092990875,0.04646999388933182,-0.042213670909404755,0.1051105260848999,-0.0037911904510110617,1.0
1790268514.3408513,56.224040269851685,1120,0,23,0.8941763043403625,0.27880725264549255,0.7490519285202026,0.22269314527511597,0.9604805707931519,0.16822604835033417,1.0,19,-0.05671772360801697,0.08138234913349152,0.18487432599067688,0.2327144742012024,0.2126549929380417,0.08512946963310242,1.0,33,0.038017041981220245,-0.03257196769118309,0.01696181483566761,0.008530489169061184,0.051695968955755234,0.000521387904882431,1.0,74,0.17698216438293457,0.029205115512013435,0.46661829948425293,0.147131085395813,0.2035628855228424,0.03557860851287842,1.0,0.5865677818655968,0.18009480088949203,0.051695968955755234,-0.03257196769118309,0.2035628855228424,0.029205115512013435,1.0
1790268514.392835,56.276023864746094,1121,0,23,0.07963031530380249,-0.039010751992464066,0.04368540644645691,0.04040878638625145,0.09760343283414841,0.002523102331906557,1.0,19,0.040279991924762726,-0.03975316137075424,0.049097586423158646,0.02587786875665188,0.0670514702796936,0.0019023059867322445,1.0,33,0.04173880070447922,-0.03735813871026039,0.023147961124777794,0.015500272624194622,0.05829647183418274,0.0006972220144234598,1.0,74,0.04701006039977074,-0.03143599256873131,0.03331129997968674,0.028601136058568954,0.06312987208366394,0.0008124121814034879,1.0,0.082327451556921,-0.039381956681609154,0.05829647183418274,-0.03735813871026039,0.06312987208366394,-0.03143599256873131,1.0
1790268514.4408271,56.324016094207764,1122,0,23,-0.01548501756042242,-0.05664858594536781,0.09034627676010132,0.06949242204427719,0.08548777550458908,0.0025063902139663696,1.0,19,0.11113698780536652,-0.060024864971637726,0.07844865322113037,0.05923815816640854,0.13154947757720947,0.005960806272923946,1.0,33,0.060025762766599655,-0.04303533211350441,0.02393401600420475,0.011626200750470161,0.07610957324504852,0.0006610258133150637,1.0,74,0.040558479726314545,-0.03896981477737427,0.06917296350002289,0.049651678651571274,0.07812755554914474,0.0012245581019669771,1.0,0.10851862654089928,-0.05833672545850277,0.07610957324504852,-0.04303533211350441,0.07812755554914474,-0.03896981477737427,1.0
1790268514.4927473,56.37593626976013,1123,0,23,-0.07695936411619186,-0.09264207631349564,0.1912233680486679,0.0917949303984642,0.15793073177337646,0.026662569493055344,1.0,19,0.12099737673997879,-0.04930195212364197,0.08834046125411987,0.09004276245832443,0.14599955081939697,0.01631508767604828,1.0,33,0.07023343443870544,-0.04048711434006691,0.018749412149190903,0.013344528153538704,0.08239314705133438,0.000620444945525378,1.0,74,0.028738074004650116,-0.0484217032790184,0.12794898450374603,0.06262802332639694,0.10066497325897217,0.007340525276958942,1.0,0.15196514129638672,-0.0709720142185688,0.08239314705133438,-0.04048711434006691,0.10066497325897217,-0.0484217032790184,1.0
1790268514.540785,56.42397403717041,1124,0,23,-0.07040803134441376,-0.135393887758255,0.18477198481559753,0.10943766683340073,0.2153087705373764,0.03738906979560852,1.0,19,0.11310617625713348,-0.09040190279483795,0.1098608747124672,0.13496467471122742,0.15643183887004852,0.01268133707344532,1.0,33,0.09033341705799103,-0.03253728523850441,0.034535493701696396,0.018367178738117218,0.09866892546415329,0.0006990567781031132,1.0,74,0.05691404640674591,-0.04215127229690552,0.11831297725439072,0.07728073745965958,0.123454749584198,0.007438591215759516,1.0,0.18587030470371246,-0.11289789527654648,0.09866892546415329,-0.03253728523850441,0.123454749584198,-0.04215127229690552,1.0
1790268514.5927424,56.47593140602112,1125,1,23,-0.06931670010089874,-0.116559237241745,0.1367921382188797,0.09104858338832855,0.1807531863451004,0.007762891240417957,1.0,19,0.13461625576019287,-0.05456382408738136,0.09763949364423752,0.10741632431745529,0.15959219634532928,0.007297557312995195,1.0,33,0.10118333995342255,0.004327022470533848,0.03022538125514984,0.011509200558066368,0.1018824428319931,0.001043069176375866,1.0,74,0.06640563160181046,-0.022103799507021904,0.08811946958303452,0.06418418139219284,0.11136672645807266,0.0026122513227164745,1.0,0.17017269134521484,-0.08556153066456318,0.1018824428319931,0.004327022470533848,0.11136672645807266,-0.022103799507021904,1.0
1790268514.6447225,56.52791142463684,1126,0,23,-0.10277457535266876,-0.110369473695755,0.16692562401294708,0.10471829026937485,0.2034904509782791,0.006126825697720051,1.0,19,0.11425460129976273,-0.01362368930131197,0.03047543205320835,0.08586625754833221,0.13094623386859894,0.005260787904262543,1.0,33,0.10741632431745529,0.0323740653693676,0.024671047925949097,0.014236549846827984,0.11365226656198502,0.0007494604215025902,1.0,74,0.05765698477625847,-0.002733591478317976,0.09386095404624939,0.06383059918880463,0.10612356662750244,0.0024319877848029137,1.0,0.16721834242343903,-0.06199658149853349,0.11365226656198502,0.0323740653693676,0.10612356662750244,-0.002733591478317976,1.0
1790268514.6928003,56.57598924636841,1127,0,23,-0.070635586977005,-0.04376419633626938,0.10617204755544662,0.05487921088933945,0.12448740750551224,0.0030261354986578226,1.0,19,0.10391396284103394,0.015554327517747879,0.039121996611356735,0.04963120073080063,0.11719793826341629,0.002535902662202716,1.0,33,0.11453293263912201,0.05503799021244049,0.022811973467469215,0.019659079611301422,0.12849131226539612,0.0009593907161615789,1.0,74,0.059446800500154495,0.02824958600103855,0.06700841337442398,0.040765877813100815,0.09531848132610321,0.0014861035160720348,1.0,0.12084267288446426,-0.01410493440926075,0.12849131226539612,0.05503799021244049,0.09531848132610321,0.02824958600103855,1.0
1790268514.7448032,56.627992153167725,1128,0,23,-0.004086038563400507,0.01959759183228016,0.06589504331350327,0.042454592883586884,0.07409370690584183,0.0035036804620176554,1.0,19,0.12744140625,0.045193322002887726,0.07038365304470062,0.05462940037250519,0.14893361926078796,0.00394026655703783,1.0,33,0.11770860850811005,0.10417313873767853,0.03197646886110306,0.022167086601257324,0.15867169201374054,0.001028394210152328,1.0,74,0.06940439343452454,0.052066802978515625,0.05540575459599495,0.05191699042916298,0.09993705153465271,0.0015012570656836033,1.0,0.1115136630833149,0.03239545691758394,0.15867169201374054,0.10417313873767853,0.09993705153465271,0.052066802978515625,1.0
1790268514.7924948,56.67568373680115,1129,0,23,0.016511335968971252,0.07917719334363937,0.04909728839993477,0.02982909418642521,0.09311938285827637,0.0020298068411648273,1.0,19,0.10373888164758682,0.10120512545108795,0.04019101709127426,0.04807794466614723,0.153021901845932,0.0023511741310358047,1.0,33,0.17725950479507446,0.240875706076622,0.046691276133060455,0.052672382444143295,0.30177775025367737,0.003224969143047929,1.0,74,0.08682209998369217,0.12434304505586624,0.07318167388439178,0.09965282678604126,0.15991845726966858,0.0019597457721829414,1.0,0.12307064235210419,0.09019115939736366,0.30177775025367737,0.240875706076622,0.15991845726966858,0.12434304505586624,1.0
1790268514.844646,56.727834939956665,1130,0,23,0.016135837882757187,0.08568207919597626,0.05983205512166023,0.03184045851230621,0.1042642816901207,0.0013304646126925945,1.0,19,0.13942678272724152,0.12640300393104553,0.045685358345508575,0.05920007824897766,0.19375772774219513,0.004943696781992912,1.0,33,0.1902623027563095,0.21041131019592285,0.058499615639448166,0.04895877093076706,0.28585195541381836,0.004798018839210272,1.0,74,0.09608109295368195,0.11865296214818954,0.08800672739744186,0.08935191482305527,0.1622888147830963,0.0021204487420618534,1.0,0.1490110047161579,0.1060425415635109,0.28585195541381836,0.21041131019592285,0.1622888147830963,0.11865296214818954,1.0
1790268514.8964145,56.779603481292725,1131,0,23,0.06145245209336281,0.11629652231931686,0.04014122113585472,0.020199859514832497,0.13624626398086548,0.0022976596374064684,1.0,19,0.1432013213634491,0.0936431884765625,0.04476074501872063,0.07215198874473572,0.18460072576999664,0.0030001376289874315,1.0,33,0.20370760560035706,0.19344769418239594,0.06159723550081253,0.04186216741800308,0.2848007082939148,0.0026011024601757526,1.0,74,0.1028636246919632,0.10962171852588654,0.08533991873264313,0.08274411410093307,0.1593422293663025,0.0017205821350216866,1.0,0.16042349487543106,0.10496985539793968,0.2848007082939148,0.19344769418239594,0.1593422293663025,0.10962171852588654,1.0
1790268514.9448218,56.82801079750061,1132,0,23,0.10763350874185562,0.06877202540636063,0.05081905052065849,0.02048427425324917,0.1299983263015747,0.0010623725829645991,1.0,19,0.19582808017730713,0.11260423809289932,0.0829230323433876,0.028698086738586426,0.2311713546514511,0.003622498130425811,1.0,33,0.20631223917007446,0.11720599234104156,0.049451492726802826,0.025021467357873917,0.23991277813911438,0.001619528280571103,1.0,74,0.11856656521558762,0.07871081680059433,0.08598661422729492,0.04934639856219292,0.14929470419883728,0.0013612484326586127,1.0,0.1805848404765129,0.09068813174962997,0.23991277813911438,0.11720599234104156,0.14929470419883728,0.07871081680059433,1.0
1790268514.9967568,56.87994575500488,1133,0,23,0.12011586129665375,0.040551889687776566,0.03946174308657646,0.019339544698596,0.12826226651668549,0.0014372176956385374,1.0,19,0.19320839643478394,0.08862143754959106,0.04961325600743294,0.042417872697114944,0.21837109327316284,0.002739549148827791,1.0,33,0.167358860373497,0.08408933877944946,0.03357085585594177,0.024115007370710373,0.18910174071788788,0.0011115175439044833,1.0,74,0.12013739347457886,0.04775000736117363,0.0742134228348732,0.04306868836283684,0.13763773441314697,0.001684833667241037,1.0,0.17331667989492416,0.06458666361868382,0.18910174071788788,0.08408933877944946,0.13763773441314697,0.04775000736117363,1.0
1790268515.044809,56.927998065948486,1134,0,23,0.11372043937444687,0.04879296198487282,0.046475253999233246,0.018777549266815186,0.1256282925605774,0.0013092674780637026,1.0,19,0.19153474271297455,0.055823877453804016,0.07240738719701767,0.031955305486917496,0.20270225405693054,0.0027056809049099684,1.0,33,0.23332953453063965,0.08788739144802094,0.05388267710804939,0.02919803373515606,0.2529546618461609,0.0010781064629554749,1.0,74,0.144754558801651,0.04889967665076256,0.10207170248031616,0.04248368740081787,0.16192612051963806,0.0016433385899290442,1.0,0.16416527330875397,0.05230841971933842,0.2529546618461609,0.08788739144802094,0.16192612051963806,0.04889967665076256,1.0
1790268515.0968747,56.980063676834106,1135,0,23,0.13270501792430878,0.027420707046985626,0.05376178398728371,0.011114334687590599,0.13643038272857666,0.001231455011293292,1.0,19,0.15460044145584106,0.025851601734757423,0.05754925310611725,0.043371692299842834,0.1646527498960495,0.002459803130477667,1.0,33,0.17104963958263397,0.04586699604988098,0.04315148666501045,0.015638941898941994,0.1779787689447403,0.0013148420257493854,1.0,74,0.10686492919921875,0.03303734213113785,0.0752117857336998,0.030238574370741844,0.1195300817489624,0.0011418027570471168,1.0,0.15054156631231308,0.026636154390871525,0.1779787689447403,0.04586699604988098,0.1195300817489624,0.03303734213113785,1.0
1790268515.14882,57.03200888633728,1136,0,23,0.07651353627443314,0.01259115431457758,0.04382215440273285,0.018028372898697853,0.08012482523918152,0.0007939102360978723,1.0,19,0.10220497846603394,0.009420294314622879,0.03814759850502014,0.02506966143846512,0.10676483064889908,0.0017551234923303127,1.0,33,0.09791888296604156,0.02207854390144348,0.024640165269374847,0.01749972067773342,0.102289117872715,0.0008521993877366185,1.0,74,0.0616413839161396,0.0005251910188235343,0.0513208732008934,0.031525228172540665,0.07523845136165619,0.0008613802492618561,1.0,0.0934448279440403,0.01100572431460023,0.102289117872715,0.02207854390144348,0.07523845136165619,0.0005251910188235343,1.0
1790268515.1967273,57.07991623878479,1137,0,23,0.05614570900797844,-0.010267174802720547,0.030436377972364426,0.013514071702957153,0.05866320803761482,0.0008789976127445698,1.0,19,0.05970362573862076,0.03034491278231144,0.04464329406619072,0.03220301866531372,0.08127933740615845,0.001823917613364756,1.0,33,0.06476569920778275,0.0025227863807231188,0.019439183175563812,0.008088854141533375,0.06534694880247116,0.0006458496209233999,1.0,74,0.0362493172287941,-0.0006681905942969024,0.04200747609138489,0.026802977547049522,0.056099556386470795,0.0007622668636031449,1.0,0.06997127272188663,0.010038868989795446,0.06534694880247116,0.0025227863807231188,0.056099556386470795,-0.0006681905942969024,1.0
1790268515.248736,57.131924867630005,1138,0,23,-0.0015908946515992284,0.0024931535590440035,0.018676698207855225,0.016153521835803986,0.019619952887296677,0.000739817158319056,1.0,19,0.03301520273089409,-0.0113067626953125,0.04573884978890419,0.03865969553589821,0.06383905559778214,0.0011913164053112268,1.0,33,0.031379006803035736,-0.008421001955866814,0.021775247529149055,0.017283489927649498,0.03795067220926285,0.0006865158793516457,1.0,74,-0.0021199407055974007,-0.004112449940294027,0.0475032776594162,0.03073417767882347,0.043307311832904816,0.0010970068397000432,1.0,0.041729504242539406,-0.004406804568134248,0.03795067220926285,-0.008421001955866814,0.043307311832904816,-0.004112449940294027,1.0
1790268515.2968028,57.179991722106934,1139,0,23,-0.004304968751966953,0.0036534848622977734,0.02310272306203842,0.017024125903844833,0.024956317618489265,0.0009068649960681796,1.0,19,-0.028993304818868637,0.00932071078568697,0.02318030223250389,0.028219271451234818,0.04192056879401207,0.0020849357824772596,1.0,33,-0.0008535673841834068,-0.022508101537823677,0.014868318103253841,0.012433706782758236,0.02685732953250408,0.0006550964899361134,1.0,74,-0.01918875239789486,-0.006836968474090099,0.04386431723833084,0.031004425138235092,0.040910519659519196,0.001098519773222506,1.0,0.03343844320625067,0.0064870978239923716,0.02685732953250408,-0.022508101537823677,0.040910519659519196,-0.006836968474090099,1.0
1790268515.3487997,57.23198866844177,1140,1,23,-0.012554002925753593,0.0056006391532719135,0.02866922877728939,0.009782466106116772,0.027760818600654602,0.0007456445600837469,1.0,19,-0.03643798828125,0.007785997819155455,0.06755524128675461,0.03274035453796387,0.05444534122943878,0.0018737633945420384,1.0,33,0.00020530006440822035,-0.03270374611020088,0.01243562437593937,0.013816501945257187,0.034865111112594604,0.0005295733571983874,1.0,74,-0.023281199857592583,-0.009114858694374561,0.035260554403066635,0.02794848196208477,0.04130237177014351,0.0006085500353947282,1.0,0.04110307991504669,0.006693318486213684,0.034865111112594604,-0.03270374611020088,0.04130237177014351,-0.009114858694374561,1.0
1790268515.4007485,57.28393745422363,1141,0,23,-0.024487702175974846,-0.01931232027709484,0.014042927883565426,0.011769958771765232,0.03433175012469292,0.0009640760836191475,1.0,19,-0.043545372784137726,-0.045728180557489395,0.029271604493260384,0.01923981122672558,0.07111690193414688,0.0031152130104601383,1.0,33,-0.01874796487390995,-0.05453398823738098,0.028164660558104515,0.011770416051149368,0.06393658369779587,0.0005953548825345933,1.0,74,-0.022884884849190712,-0.026360074058175087,0.02971872314810753,0.035633910447359085,0.0546446219086647,0.0006013332749716938,1.0,0.0527243260294199,-0.03252025041729212,0.06393658369779587,-0.05453398823738098,0.0546446219086647,-0.026360074058175087,1.0
1790268515.4484756,57.33166456222534,1142,0,23,-0.004650613758713007,-0.027616417035460472,0.017659345641732216,0.008977026678621769,0.03286769613623619,0.0006750777829438448,1.0,19,-0.03298789635300636,-0.05515490099787712,0.023549843579530716,0.025941144675016403,0.07142411172389984,0.002285272814333439,1.0,33,0.01190231740474701,-0.0701700821518898,0.014299005270004272,0.013789711520075798,0.07239098101854324,0.0005037738010287285,1.0,74,-0.015184144489467144,-0.03698483109474182,0.03398348018527031,0.03512165695428848,0.05618194490671158,0.000540336943231523,1.0,0.052145903930068016,-0.0413856590166688,0.07239098101854324,-0.0701700821518898,0.05618194490671158,-0.03698483109474182,1.0
1790268515.5004876,57.383676528930664,1143,0,23,-0.014854762703180313,-0.03357066214084625,0.01218673400580883,0.0070196338929235935,0.03855666518211365,0.0008784329984337091,1.0,19,-0.038185521960258484,-0.03568629175424576,0.035367824137210846,0.0315580740571022,0.06433887779712677,0.0025226720608770847,1.0,33,-0.013873938471078873,-0.057466913014650345,0.021072084084153175,0.009711826220154762,0.06264420598745346,0.0006429855711758137,1.0,74,-0.020530493929982185,-0.029056239873170853,0.02776552177965641,0.036451853811740875,0.0526762530207634,0.0007169608143158257,1.0,0.05144777148962021,-0.034628476947546005,0.06264420598745346,-0.057466913014650345,0.0526762530207634,-0.029056239873170853,1.0
1790268515.548528,57.43171691894531,1144,0,23,-0.0021687382832169533,-0.021146027371287346,0.023021778091788292,0.009930526837706566,0.030207311734557152,0.0007450316334143281,1.0,19,-0.03429051488637924,-0.014368157833814621,0.03120027668774128,0.027322109788656235,0.049777802079916,0.0015524672344326973,1.0,33,-0.009302775375545025,-0.03546466305851936,0.01924239471554756,0.013044824823737144,0.0405619852244854,0.0006276073399931192,1.0,74,-0.02105630375444889,-0.018493549898266792,0.03231639787554741,0.025429988279938698,0.04274807870388031,0.0006574263679794967,1.0,0.039992556907236576,-0.017757092602550983,0.0405619852244854,-0.03546466305851936,0.04274807870388031,-0.018493549898266792,1.0
1790268515.6007223,57.48391127586365,1145,0,23,-0.03418963775038719,0.009971287101507187,0.014793547801673412,0.008528553880751133,0.0375237874686718,0.0006374837830662727,1.0,19,-0.04255114123225212,0.004095780197530985,0.021927574649453163,0.028315503150224686,0.051177117973566055,0.001564947422593832,1.0,33,-0.030987363308668137,-0.020043576136231422,0.015356197021901608,0.010482514277100563,0.03940114378929138,0.00049270672025159,1.0,74,-0.03525852411985397,0.0015455710235983133,0.024921005591750145,0.028130510821938515,0.045636262744665146,0.0008588518830947578,1.0,0.04435045272111893,0.007033533649519086,0.03940114378929138,-0.020043576136231422,0.045636262744665146,0.0015455710235983133,1.0
1790268515.652662,57.5358510017395,1146,0,23,-0.044574905186891556,0.009934798814356327,0.018321873620152473,0.016231346875429153,0.04784524068236351,0.0009027088526636362,1.0,19,-0.04123567417263985,-0.014404296875,0.025472182780504227,0.02703052945435047,0.05200575664639473,0.0018431131029501557,1.0,33,-0.023099495097994804,-0.00531144579872489,0.012299343012273312,0.010856433771550655,0.027515331283211708,0.000591230287682265,1.0,74,-0.03483230993151665,0.004753319080919027,0.021349063143134117,0.02478051371872425,0.041167598217725754,0.0007190568721853197,1.0,0.04992549866437912,-0.0022347490303218365,0.027515331283211708,-0.00531144579872489,0.041167598217725754,0.004753319080919027,1.0
1790268515.700818,57.584007024765015,1147,0,23,-0.034648727625608444,0.0015928848879411817,0.01039116084575653,0.008089334703981876,0.03559456765651703,0.0006193057633936405,1.0,19,-0.04683805629611015,0.013180381618440151,0.030877497047185898,0.03750552609562874,0.05887960270047188,0.0025861423928290606,1.0,33,-0.0195770263671875,-0.011818163096904755,0.019239410758018494,0.014834120869636536,0.029753221198916435,0.0004987318534404039,1.0,74,-0.03568824380636215,-0.000606536865234375,0.019170362502336502,0.022872401401400566,0.041257742792367935,0.0007351809181272984,1.0,0.04723708517849445,0.0073866332531906664,0.029753221198916435,-0.011818163096904755,0.041257742792367935,-0.000606536865234375,1.0
1790268515.7526953,57.635884284973145,1148,0,23,-0.031108690425753593,0.00217736279591918,0.013257613405585289,0.012018068693578243,0.03394747152924538,0.0007032607099972665,1.0,19,-0.04638029262423515,0.004278082400560379,0.022631116211414337,0.03010265901684761,0.054936014115810394,0.0012389386538416147,1.0,33,-0.015328609384596348,0.0006589022814296186,0.013122359290719032,0.016670553013682365,0.023423485457897186,0.000523060851264745,1.0,74,-0.02377401851117611,0.006276105064898729,0.01638316549360752,0.019356518983840942,0.032009273767471313,0.0006403069128282368,1.0,0.044441742822527885,0.0032277225982397795,0.023423485457897186,0.0006589022814296186,0.032009273767471313,0.006276105064898729,1.0
1790268515.800786,57.68397498130798,1149,0,23,-0.005221159663051367,0.012376868166029453,0.018653955310583115,0.008511645719408989,0.021425845101475716,0.0005261945188976824,1.0,19,-0.014960038475692272,-0.004319843370467424,0.01317579671740532,0.018424399197101593,0.025295376777648926,0.0012020731810480356,1.0,33,-0.008324363268911839,0.004026470705866814,0.01746211387217045,0.012271557003259659,0.019673557952046394,0.0006902145687490702,1.0,74,-0.00948973000049591,0.004987562075257301,0.016610732302069664,0.015827829018235207,0.02206139825284481,0.0005584341706708074,1.0,0.02336061093956232,0.0040285123977810144,0.019673557952046394,0.004026470705866814,0.02206139825284481,0.004987562075257301,1.0
1790268515.8527076,57.735896587371826,1150,0,23,-0.004732878413051367,0.01127359177917242,0.01352582685649395,0.004448512569069862,0.016898494213819504,0.0007487204857170582,1.0,19,0.01559930108487606,0.008031744509935379,0.018397899344563484,0.03468113765120506,0.03656593710184097,0.0020020902156829834,1.0,33,0.009988496080040932,0.030855121091008186,0.018184930086135864,0.013698036782443523,0.037641528993844986,0.0003939391754101962,1.0,74,-0.0008722253842279315,0.017814327031373978,0.014715434052050114,0.017345743253827095,0.02579677663743496,0.0006137805175967515,1.0,0.02673221565783024,0.0096526681445539,0.037641528993844986,0.030855121091008186,0.02579677663743496,0.017814327031373978,1.0
1790268515.9048269,57.788015842437744,1151,0,23,0.011261649429798126,0.026611328125,0.016145536676049232,0.009725295938551426,0.033495742827653885,0.0006840635323897004,1.0,19,0.04452996328473091,0.018761083483695984,0.0316326729953289,0.02269817143678665,0.05451277643442154,0.0012505077756941319,1.0,33,0.0337015800178051,0.03423933684825897,0.010701320134103298,0.014047935605049133,0.049996018409729004,0.0004994873888790607,1.0,74,0.016690228134393692,0.025977572426199913,0.020385626703500748,0.017245281487703323,0.03658565506339073,0.0007959669455885887,1.0,0.04400425963103771,0.022686205804347992,0.049996018409729004,0.03423933684825897,0.03658565506339073,0.025977572426199913,1.0
1790268515.9527388,57.83592772483826,1152,0,23,0.00681006396189332,0.017424210906028748,0.012985327281057835,0.00894293375313282,0.02238479070365429,0.0004140484088566154,1.0,19,0.030323229730129242,0.030265405774116516,0.016404850408434868,0.015355135314166546,0.047457143664360046,0.0013490502024069428,1.0,33,0.048993658274412155,0.046546243131160736,0.025206925347447395,0.00995789747685194,0.06982263922691345,0.0007632832857780159,1.0,74,0.021382305771112442,0.024416640400886536,0.0239198449999094,0.023092757910490036,0.039512503892183304,0.0005400030058808625,1.0,0.03492096718400717,0.023844808340072632,0.06982263922691345,0.046546243131160736,0.039512503892183304,0.024416640400886536,1.0
1790268516.004702,57.88789105415344,1153,0,23,0.035199373960494995,0.019301041960716248,0.007740912958979607,0.011889002285897732,0.04147987812757492,0.0006250393926165998,1.0,19,0.03215428441762924,0.01209781039506197,0.02294374816119671,0.016143374145030975,0.03929935395717621,0.0022640035022050142,1.0,33,0.05364944040775299,0.03347593545913696,0.020039813593029976,0.012516542337834835,0.06456959247589111,0.00046917819418013096,1.0,74,0.04087479040026665,0.02608087845146656,0.02301059477031231,0.01670580729842186,0.05170125886797905,0.0006175737944431603,1.0,0.040389616042375565,0.01569942617788911,0.06456959247589111,0.03347593545913696,0.05170125886797905,0.02608087845146656,1.0
1790268516.0527515,57.9359405040741,1154,0,23,0.06611566990613937,0.000244140625,0.027768462896347046,0.01268254965543747,0.0678839385509491,0.0011705494252964854,1.0,19,0.07588918507099152,0.015749478712677956,0.03288061171770096,0.031167928129434586,0.08465899527072906,0.001570367137901485,1.0,33,0.08099411427974701,0.019447095692157745,0.02800682932138443,0.011889731511473656,0.0846395269036293,0.0007394904969260097,1.0,74,0.05744851753115654,0.016488976776599884,0.030886467546224594,0.018385065719485283,0.0650256797671318,0.0008999036508612335,1.0,0.07627146691083908,0.007996809668838978,0.0846395269036293,0.019447095692157745,0.0650256797671318,0.016488976776599884,1.0
1790268516.104693,57.987881898880005,1155,1,23,0.10553177446126938,-0.01146200392395258,0.03305225819349289,0.008019463159143925,0.10637559741735458,0.0017805376555770636,1.0,19,0.0615234375,-0.008406789973378181,0.037660691887140274,0.023402666673064232,0.07037403434515,0.0012234924361109734,1.0,33,0.060843728482723236,-0.0024737734347581863,0.017358390614390373,0.010353272780776024,0.06195839121937752,0.0006060845335014164,1.0,74,0.06873878091573715,-0.004149668850004673,0.03367530554533005,0.017303602769970894,0.07136452198028564,0.0009380739065818489,1.0,0.08837481588125229,-0.00993439694866538,0.06195839121937752,-0.0024737734347581863,0.07136452198028564,-0.004149668850004673,1.0
1790268516.156474,58.03966307640076,1156,0,23,0.06946397572755814,-0.031615547835826874,0.02925139106810093,0.016779674217104912,0.07767108082771301,0.0007990441517904401,1.0,19,0.07940191775560379,0.0006914640543982387,0.03069639392197132,0.03873033449053764,0.08788532763719559,0.0013466132804751396,1.0,33,0.07985340803861618,-0.022646816447377205,0.024315617978572845,0.011523482389748096,0.0839095190167427,0.000639365753158927,1.0,74,0.0746876448392868,-0.01656661182641983,0.03622283414006233,0.029841646552085876,0.08226211369037628,0.0008975433302111924,1.0,0.0827782042324543,-0.015462041890714318,0.0839095190167427,-0.022646816447377205,0.08226211369037628,-0.01656661182641983,1.0
1790268516.2047977,58.08798670768738,1157,0,23,0.33476123213768005,0.09287295490503311,0.2653754949569702,0.0949842780828476,0.3604808747768402,0.012690349481999874,1.0,19,0.03883442282676697,0.026318198069930077,0.06758897751569748,0.1154792383313179,0.0956626608967781,0.007882633246481419,1.0,33,0.06829417496919632,-0.025435013696551323,0.01538632158190012,0.011594676412642002,0.07366404682397842,0.00042772406595759094,1.0,74,0.09129869937896729,-0.0010531657608225942,0.13392171263694763,0.05802247300744057,0.10079415887594223,0.0024794929195195436,1.0,0.22807176783680916,0.059595576487481594,0.07366404682397842,-0.025435013696551323,0.10079415887594223,-0.0010531657608225942,1.0
1790268516.2567937,58.1399827003479,1158,0,23,1.105751395225525,0.44502323865890503,0.9419952034950256,0.3415444493293762,1.2241185903549194,0.19856441020965576,1.0,19,-0.1985826939344406,0.15212209522724152,0.3807643949985504,0.3110983073711395,0.3297809660434723,0.13151368498802185,1.0,33,0.04546703025698662,-0.034054841846227646,0.014303887262940407,0.010425700806081295,0.057859186083078384,0.0004794660198967904,1.0,74,0.21398349106311798,0.05071268975734711,0.5606963634490967,0.22905704379081726,0.25385111570358276,0.046172380447387695,1.0,0.7769497781991959,0.2985726669430733,0.057859186083078384,-0.034054841846227646,0.25385111570358276,0.05071268975734711,1.0
1790268516.304696,58.18788504600525,1159,0,23,0.05786862596869469,-0.05544181540608406,0.08517144620418549,0.05801306664943695,0.1082148551940918,0.009592913091182709,1.0,19,6.264134572120383e-05,-0.03255663439631462,0.04696065932512283,0.04415756091475487,0.06669634580612183,0.0037377127446234226,1.0,33,0.011915264651179314,-0.047121915966272354,0.010572721250355244,0.01259443536400795,0.0498686358332634,0.0006884525646455586,1.0,74,0.021662531420588493,-0.031066996976733208,0.0532294437289238,0.033052053302526474,0.054035626351833344,0.0028945000376552343,1.0,0.08745560050010681,-0.04399922490119934,0.0498686358332634,-0.047121915966272354,0.054035626351833344,-0.031066996976733208,1.0
1790268516.356633,58.239821910858154,1160,0,23,0.0015855871606618166,-0.051162056624889374,0.025290418416261673,0.0256024319678545,0.058589205145835876,0.001757106394506991,1.0,19,0.01315789483487606,-0.04083653539419174,0.05551149696111679,0.04054378718137741,0.06896503269672394,0.0026560239493846893,1.0,33,-0.02821904979646206,-0.06309555470943451,0.02250956930220127,0.019516510888934135,0.07293010503053665,0.0006197225884534419,1.0,74,-0.009879653342068195,-0.04196280241012573,0.025407468900084496,0.03292326629161835,0.053318753838539124,0.0009052594541572034,1.0,0.06377711892127991,-0.04599929600954056,0.07293010503053665,-0.06309555470943451,0.053318753838539124,-0.04196280241012573,1.0
1790268516.4088056,58.29199457168579,1161,0,23,-0.06207938864827156,-0.08991341292858124,0.13511429727077484,0.08788979053497314,0.11620677262544632,0.003018620889633894,1.0,19,0.02869616076350212,-0.046490319073200226,0.06303463131189346,0.06645164638757706,0.07769015431404114,0.007961922325193882,1.0,33,-0.017493044957518578,-0.06826551258563995,0.014248725026845932,0.012726536020636559,0.07205527275800705,0.0005188670475035906,1.0,74,-0.029407603666186333,-0.05895160883665085,0.08641016483306885,0.06621384620666504,0.0793728232383728,0.0017470041057094932,1.0,0.09694846346974373,-0.06820186600089073,0.07205527275800705,-0.06826551258563995,0.0793728232383728,-0.05895160883665085,1.0
1790268516.4568312,58.340020179748535,1162,0,23,-0.13465416431427002,-0.14853104948997498,0.1766960769891739,0.08634526282548904,0.21951574087142944,0.024379266425967216,1.0,19,0.03993144631385803,-0.09449366480112076,0.10191149264574051,0.08759155869483948,0.12238632887601852,0.017717983573675156,1.0,33,-0.021395133808255196,-0.08852779865264893,0.03179427608847618,0.02407635562121868,0.09591051191091537,0.0011762608774006367,1.0,74,-0.05288737639784813,-0.07566957175731659,0.12056563794612885,0.07631805539131165,0.11197312921285629,0.00659435149282217,1.0,0.17095103487372398,-0.12151235714554787,0.09591051191091537,-0.08852779865264893,0.11197312921285629,-0.07566957175731659,1.0
1790268516.5087638,58.39195275306702,1163,0,23,-0.20206816494464874,-0.22024203836917877,0.19527876377105713,0.11611813306808472,0.3170863091945648,0.030381442978978157,1.0,19,0.032192833721637726,-0.11779464036226273,0.0984259769320488,0.14066758751869202,0.14318452775478363,0.012236923910677433,1.0,33,-0.07912421971559525,-0.12410897761583328,0.03704080730676651,0.033083636313676834,0.15132258832454681,0.0013357101706787944,1.0,74,-0.08314493298530579,-0.10615498572587967,0.12407199293375015,0.10375535488128662,0.15643543004989624,0.00661515723913908,1.0,0.23013541847467422,-0.16901833936572075,0.15132258832454681,-0.12410897761583328,0.15643543004989624,-0.10615498572587967,1.0
1790268516.5567052,58.43989419937134,1164,0,23,-0.2926177978515625,-0.28041872382164,0.20047147572040558,0.11824943125247955,0.41612574458122253,0.011722429655492306,1.0,19,-0.06709209084510803,-0.10029441118240356,0.08615086227655411,0.11129385232925415,0.15717945992946625,0.005666293203830719,1.0,33,-0.21595394611358643,-0.17590516805648804,0.05063432455062866,0.043563030660152435,0.28031012415885925,0.0024155916180461645,1.0,74,-0.16005748510360718,-0.12109003961086273,0.12440890073776245,0.12859848141670227,0.22065064311027527,0.003057377878576517,1.0,0.2866526022553444,-0.1903565675020218,0.28031012415885925,-0.17590516805648804,0.22065064311027527,-0.12109003961086273,1.0
1790268516.6087143,58.49190330505371,1165,0,23,-0.3551483154296875,-0.25156834721565247,0.16578896343708038,0.07764757424592972,0.43926113843917847,0.010234415531158447,1.0,19,-0.16100110113620758,-0.1299872100353241,0.05840861052274704,0.12735557556152344,0.24268774688243866,0.006051582284271717,1.0,33,-0.363343209028244,-0.2247217297554016,0.0485418327152729,0.05920679494738579,0.4307025969028473,0.0029168722685426474,1.0,74,-0.2736812233924866,-0.12144634872674942,0.14050054550170898,0.12234780192375183,0.31806743144989014,0.003072401275858283,1.0,0.34097444266080856,-0.19077777862548828,0.4307025969028473,-0.2247217297554016,0.31806743144989014,-0.12144634872674942,1.0
1790268516.6606572,58.543846130371094,1166,0,23,-0.3408859968185425,-0.163922518491745,0.1227295994758606,0.06997255980968475,0.3792278468608856,0.0033833940979093313,1.0,19,-0.26710107922554016,-0.048606470227241516,0.11990432441234589,0.08811929076910019,0.28708675503730774,0.0052256048657000065,1.0,33,-0.38759082555770874,-0.04917861521244049,0.06439340114593506,0.034092046320438385,0.39225590229034424,0.0027134506963193417,1.0,74,-0.3245624899864197,-0.04395788908004761,0.13071173429489136,0.10068178921937943,0.3429625630378723,0.0033565284684300423,1.0,0.3331573009490967,-0.10626449435949326,0.39225590229034424,-0.04917861521244049,0.3429625630378723,-0.04395788908004761,1.0
1790268516.7086368,58.59182572364807,1167,0,23,-0.490033358335495,-0.057870615273714066,0.1065068319439888,0.027156246826052666,0.49465474486351013,0.002509860787540674,1.0,19,-0.2764844298362732,0.04404810816049576,0.07937547564506531,0.1513340175151825,0.30591627955436707,0.00991783943027258,1.0,33,-0.47949033975601196,0.03393230959773064,0.09172771871089935,0.03705647960305214,0.4819388687610626,0.0027707284316420555,1.0,74,-0.4325920343399048,0.033303339034318924,0.13357868790626526,0.06894048303365707,0.4399278461933136,0.0035233846865594387,1.0,0.4002855122089386,-0.006911253556609154,0.4819388687610626,0.03393230959773064,0.4399278461933136,0.033303339034318924,1.0
1790268516.760697,58.64388585090637,1168,0,23,-0.6291086077690125,0.03992362692952156,0.12338889390230179,0.029743079096078873,0.6309695243835449,0.003457000944763422,1.0,19,-0.4730449616909027,0.06325972825288773,0.13535070419311523,0.10491316765546799,0.48622918128967285,0.010791470296680927,1.0,33,-0.4503437280654907,0.12542447447776794,0.08624707162380219,0.041599340736866,0.4685341715812683,0.0026235675904899836,1.0,74,-0.4764406383037567,0.07618734240531921,0.1573188304901123,0.07790093868970871,0.4897766709327698,0.004162790719419718,1.0,0.5585993528366089,0.05159167759120464,0.4685341715812683,0.12542447447776794,0.4897766709327698,0.07618734240531921,1.0
1790268516.808748,58.69193696975708,1169,0,23,-0.5531277656555176,0.13478420674800873,0.07808253914117813,0.03450874239206314,0.5700385570526123,0.0025675080250948668,1.0,19,-0.5495075583457947,0.0880255475640297,0.10038691014051437,0.1036815494298935,0.5644800066947937,0.007704574149101973,1.0,33,-0.5483449101448059,0.19142797589302063,0.07058309018611908,0.044932279735803604,0.5817540287971497,0.003048506798222661,1.0,74,-0.562101423740387,0.13269950449466705,0.1538136601448059,0.10748285055160522,0.5868628025054932,0.0041515096090734005,1.0,0.567259281873703,0.11140487715601921,0.5817540287971497,0.19142797589302063,0.5868628025054932,0.13269950449466705,1.0
1790268516.8608184,58.74400734901428,1170,1,23,-0.7164638638496399,0.11894425004720688,0.07905032485723495,0.055056989192962646,0.7280024886131287,0.004006588831543922,1.0,19,-0.7131251096725464,0.059429772198200226,0.15658172965049744,0.08081238716840744,0.7201107144355774,0.00742747588083148,1.0,33,-0.6600697636604309,0.11305699497461319,0.08165205270051956,0.032157231122255325,0.6704728007316589,0.0024296115152537823,1.0,74,-0.5780206918716431,0.0633474811911583,0.1922861486673355,0.09123442322015762,0.5890812277793884,0.004452528897672892,1.0,0.724056601524353,0.08918701112270355,0.6704728007316589,0.11305699497461319,0.5890812277793884,0.0633474811911583,1.0
1790268516.912806,58.795994997024536,1171,0,23,-0.5604885220527649,0.06357939541339874,0.08348362147808075,0.03553478419780731,0.5651165843009949,0.0036242336500436068,1.0,19,-0.7020841836929321,0.006715473253279924,0.18081368505954742,0.05785492807626724,0.7044925689697266,0.013701051473617554,1.0,33,-0.708016574382782,0.07603824138641357,0.06870046257972717,0.03191519156098366,0.7126263380050659,0.0030579236336052418,1.0,74,-0.5794036388397217,0.05420849844813347,0.18097887933254242,0.08249726891517639,0.5891289710998535,0.004548672586679459,1.0,0.6348045766353607,0.035147434333339334,0.7126263380050659,0.07603824138641357,0.5891289710998535,0.05420849844813347,1.0
1790268516.9608557,58.84404468536377,1172,0,23,-0.27648594975471497,0.424283891916275,0.35151925683021545,0.2285529524087906,0.6526729464530945,0.03874457627534866,1.0,19,-0.7027250528335571,0.14014475047588348,0.32991504669189453,0.24828435480594635,0.7379777431488037,0.043335843831300735,1.0,33,-0.46311119198799133,0.10469933599233627,0.06391514092683792,0.047607745975255966,0.4767264425754547,0.0024670336861163378,1.0,74,-0.3931909501552582,0.11097820103168488,0.21013128757476807,0.17591899633407593,0.4610925018787384,0.01127633173018694,1.0,0.6953253448009491,0.28221432119607925,0.4767264425754547,0.10469933599233627,0.4610925018787384,0.11097820103168488,1.0
1790268517.0128515,58.89604043960571,1173,0,23,-0.1232578456401825,0.5023784041404724,0.3861651122570038,0.2799193859100342,0.6440389752388,0.13404957950115204,1.0,19,-0.5639375448226929,0.17687587440013885,0.2194787710905075,0.297433465719223,0.6268870830535889,0.05438679829239845,1.0,33,-0.39169636368751526,0.2444106638431549,0.09670479595661163,0.045579541474580765,0.46454504132270813,0.002523445524275303,1.0,74,-0.3167639970779419,0.23659370839595795,0.2785416543483734,0.2493380755186081,0.4814850986003876,0.030709678307175636,1.0,0.6354630291461945,0.33962713927030563,0.46454504132270813,0.2444106638431549,0.4814850986003876,0.23659370839595795,1.0
1790268517.0608869,58.9440758228302,1174,0,23,-0.2462184727191925,0.3020039498806,0.15469461679458618,0.05364597961306572,0.41687098145484924,0.006008566822856665,1.0,19,-0.28202417492866516,0.11568089574575424,0.07350922375917435,0.05437513440847397,0.3092598021030426,0.009735156781971455,1.0,33,-0.24982799589633942,0.25228187441825867,0.06724999099969864,0.06180649623274803,0.3571450710296631,0.0038150884211063385,1.0,74,-0.21928219497203827,0.1704055219888687,0.09711190313100815,0.130429208278656,0.3028867840766907,0.004715270828455687,1.0,0.3630653917789459,0.2088424228131771,0.3571450710296631,0.25228187441825867,0.3028867840766907,0.1704055219888687,1.0
1790268517.1127925,58.99598145484924,1175,0,23,-0.19556261599063873,0.19639654457569122,0.08161628246307373,0.044487908482551575,0.2852362394332886,0.004115384072065353,1.0,19,-0.1119513288140297,0.08544600754976273,0.10443654656410217,0.05156300589442253,0.16013574600219727,0.006248453166335821,1.0,33,-0.11016753315925598,0.17571374773979187,0.04022475332021713,0.03978187218308449,0.20947928726673126,0.002765063429251313,1.0,74,-0.12802186608314514,0.13021066784858704,0.07506738603115082,0.09869564324617386,0.20229220390319824,0.0021474177483469248,1.0,0.22268599271774292,0.14092127606272697,0.20947928726673126,0.17571374773979187,0.20229220390319824,0.13021066784858704,1.0
1790268517.1647983,59.04798722267151,1176,0,23,-0.209027498960495,0.05295529589056969,0.1860259473323822,0.13077503442764282,0.252151757478714,0.010394284501671791,1.0,19,-0.11508981883525848,0.07037835568189621,0.14732542634010315,0.0684562548995018,0.16143718361854553,0.010580278001725674,1.0,33,-0.09450184553861618,0.13007007539272308,0.03908216580748558,0.029050229117274284,0.16339713335037231,0.0016229338943958282,1.0,74,-0.1058349609375,0.06733497232198715,0.1342589408159256,0.08838511258363724,0.1530584841966629,0.00487850746139884,1.0,0.20679447054862976,0.06166682578623295,0.16339713335037231,0.13007007539272308,0.1530584841966629,0.06733497232198715,1.0
1790268517.2128603,59.096049308776855,1177,0,23,-0.2474696934223175,0.01020481251180172,0.19931448996067047,0.12127774208784103,0.2764046788215637,0.03366916999220848,1.0,19,0.0019033331191167235,0.01226806640625,0.11255530267953873,0.11291126161813736,0.12261960655450821,0.017618177458643913,1.0,33,-0.03641856834292412,0.12515905499458313,0.028925752267241478,0.027608618140220642,0.13292750716209412,0.0008855773485265672,1.0,74,-0.06709227710962296,0.05493638291954994,0.1471554934978485,0.08717219531536102,0.13094297051429749,0.0076569197699427605,1.0,0.19951214268803596,0.01123643945902586,0.13292750716209412,0.12515905499458313,0.13094297051429749,0.05493638291954994,1.0
1790268517.264772,59.147960901260376,1178,0,23,-0.04169364646077156,-0.008625859394669533,0.08938848972320557,0.09507977962493896,0.12455665320158005,0.01824921742081642,1.0,19,0.10741224139928818,-0.011959678493440151,0.12084995210170746,0.13479407131671906,0.14871934056282043,0.010554778389632702,1.0,33,0.13707154989242554,0.15797331929206848,0.07833951711654663,0.0503842867910862,0.21516267955303192,0.0026686713099479675,1.0,74,0.06810925155878067,0.07290937751531601,0.09697625041007996,0.1020318940281868,0.14266638457775116,0.0042716688476502895,1.0,0.13663799688220024,-0.010292768944054842,0.21516267955303192,0.15797331929206848,0.14266638457775116,0.07290937751531601,1.0
1790268517.3126585,59.195847511291504,1179,0,23,0.09399016201496124,-0.06022312492132187,0.21637386083602905,0.09821531176567078,0.22320441901683807,0.008646753616631031,1.0,19,0.36944580078125,-0.01719585247337818,0.19969655573368073,0.12664157152175903,0.3914620280265808,0.01444402989000082,1.0,33,0.39723944664001465,0.14550596475601196,0.09574509412050247,0.05099441111087799,0.42911672592163086,0.003130163298919797,1.0,74,0.28781622648239136,0.071690633893013,0.1759965419769287,0.09925304353237152,0.3242422938346863,0.005862237419933081,1.0,0.30733322352170944,-0.038709488697350025,0.42911672592163086,0.14550596475601196,0.3242422938346863,0.071690633893013,1.0
1790268517.3645732,59.24776220321655,1180,0,23,0.35652226209640503,-0.07980744540691376,0.16941063106060028,0.07310888916254044,0.37871745228767395,0.011065387167036533,1.0,19,0.42574912309646606,-0.06360425800085068,0.1585647463798523,0.15033379197120667,0.4490567147731781,0.008376588113605976,1.0,33,0.4319296181201935,0.021655458956956863,0.08724574744701385,0.0562850646674633,0.4364032745361328,0.0019381089368835092,1.0,74,0.3977312743663788,-0.01203475147485733,0.16744962334632874,0.07802445441484451,0.4072017967700958,0.0051149060018360615,1.0,0.413887083530426,-0.07170585170388222,0.4364032745361328,0.021655458956956863,0.4072017967700958,-0.01203475147485733,1.0
1790268517.4164875,59.29967641830444,1181,0,23,0.36285001039505005,-0.154851496219635,0.10540518164634705,0.06531186401844025,0.4048800766468048,0.004539069719612598,1.0,19,0.5041069984436035,0.009214702062308788,0.09987925738096237,0.09706170111894608,0.5129498839378357,0.01303197257220745,1.0,33,0.4445440173149109,-0.012828480452299118,0.10270717740058899,0.041591349989175797,0.44657450914382935,0.0022622442338615656,1.0,74,0.4199344515800476,-0.04456566646695137,0.15331114828586578,0.07810741662979126,0.4307931661605835,0.0032671720255166292,1.0,0.45891498029232025,-0.07281839707866311,0.44657450914382935,-0.012828480452299118,0.4307931661605835,-0.04456566646695137,1.0
1790268517.4646556,59.34784460067749,1182,0,23,0.4787750244140625,-0.09914099425077438,0.0672735869884491,0.0378829762339592,0.49061277508735657,0.0034652012400329113,1.0,19,0.3984198272228241,-0.028957165777683258,0.121686652302742,0.11541921645402908,0.41743865609169006,0.006675941403955221,1.0,33,0.42986783385276794,-0.009805852547287941,0.051652029156684875,0.02611813321709633,0.43073564767837524,0.002464085817337036,1.0,74,0.4023144841194153,-0.031178757548332214,0.12730665504932404,0.0783914104104042,0.4111809730529785,0.002612220123410225,1.0,0.4540257155895233,-0.06404908001422882,0.43073564767837524,-0.009805852547287941,0.4111809730529785,-0.031178757548332214,1.0
1790268517.5168574,59.40004634857178,1183,0,23,0.35279446840286255,-0.09382231533527374,0.05667804926633835,0.025929085910320282,0.36685284972190857,0.0030282994266599417,1.0,19,0.3674525320529938,0.0072374846786260605,0.05140318349003792,0.05412491783499718,0.3717954456806183,0.005475542042404413,1.0,33,0.30445584654808044,-0.0397288016974926,0.05657137185335159,0.023070836439728737,0.3080295920372009,0.001594053115695715,1.0,74,0.27944883704185486,-0.04786156490445137,0.10610885918140411,0.07845287770032883,0.2941032648086548,0.0025453127454966307,1.0,0.3693241477012634,-0.04329241532832384,0.3080295920372009,-0.0397288016974926,0.2941032648086548,-0.04786156490445137,1.0
1790268517.564755,59.447943925857544,1184,0,23,0.20326165854930878,-0.08033420890569687,0.044135645031929016,0.01627076417207718,0.2195964753627777,0.00257734302431345,1.0,19,0.2277783900499344,-0.007455123122781515,0.053269192576408386,0.03665253892540932,0.23078152537345886,0.0032367189414799213,1.0,33,0.2060038298368454,-0.04147246479988098,0.04111699014902115,0.02308923378586769,0.21145692467689514,0.0015300720697268844,1.0,74,0.18243984878063202,-0.04423564299941063,0.07892841100692749,0.04428337886929512,0.194014772772789,0.0016164816915988922,1.0,0.2251890003681183,-0.04389466601423919,0.21145692467689514,-0.04147246479988098,0.194014772772789,-0.04423564299941063,1.0
1790268517.6168694,59.50005841255188,1185,1,23,0.12185735255479813,-0.027974003925919533,0.06046595796942711,0.01952201873064041,0.12662339210510254,0.001280304160900414,1.0,19,0.12566977739334106,-0.017382169142365456,0.04879166558384895,0.03490395471453667,0.13249941170215607,0.0029450985603034496,1.0,33,0.08879412710666656,-0.023613207042217255,0.0324396975338459,0.01615326479077339,0.09363067150115967,0.0006203372613526881,1.0,74,0.07772497087717056,-0.024142498150467873,0.04464953765273094,0.024020493030548096,0.08627191931009293,0.0008539641858078539,1.0,0.1295614019036293,-0.022678086534142494,0.09363067150115967,-0.023613207042217255,0.08627191931009293,-0.024142498150467873,1.0
1790268517.6688087,59.551997661590576,1186,0,23,0.560067892074585,0.30504176020622253,0.5008575916290283,0.24912188947200775,0.6665317416191101,0.06668684631586075,1.0,19,-0.031751129776239395,0.13146089017391205,0.18548636138439178,0.2495303601026535,0.18808811902999878,0.04250440001487732,1.0,33,0.025505758821964264,-0.0010519316419959068,0.025447366759181023,0.017480259761214256,0.03393462672829628,0.0006705332780256867,1.0,74,0.10521615296602249,0.05169471353292465,0.28372302651405334,0.1536642462015152,0.13483957946300507,0.011173904873430729,1.0,0.42730993032455444,0.2182513251900673,0.03393462672829628,-0.0010519316419959068,0.13483957946300507,0.05169471353292465,1.0
1790268517.7168543,59.600043296813965,1187,0,23,0.39033108949661255,0.19004622101783752,0.46487563848495483,0.23347611725330353,0.4735190272331238,0.10591696947813034,1.0,19,-0.183990478515625,0.13113483786582947,0.22625283896923065,0.21482449769973755,0.25139641761779785,0.05008526146411896,1.0,33,-0.056633688509464264,0.008534749038517475,0.02330801635980606,0.015652917325496674,0.061291225254535675,0.0006813823129050434,1.0,74,0.04299885407090187,0.05651422590017319,0.3226328492164612,0.1797102838754654,0.1581965535879135,0.02726723998785019,1.0,0.3624577224254608,0.1605905294418335,0.061291225254535675,0.008534749038517475,0.1581965535879135,0.05651422590017319,1.0
1790268517.7687914,59.65198040008545,1188,0,23,-0.1459755301475525,0.020588086917996407,0.10044188797473907,0.022903021425008774,0.15415987372398376,0.002353668911382556,1.0,19,-0.14586760103702545,0.07239171117544174,0.0944838747382164,0.16368943452835083,0.18496277928352356,0.008165286853909492,1.0,33,-0.2039392590522766,0.021425189450383186,0.08147463947534561,0.03551487997174263,0.2078242152929306,0.001154887257143855,1.0,74,-0.15154534578323364,0.015426223166286945,0.07938472926616669,0.03929201140999794,0.15803945064544678,0.0018408270552754402,1.0,0.16956132650375366,0.046489899046719074,0.2078242152929306,0.021425189450383186,0.15803945064544678,0.015426223166286945,1.0
1790268517.8168225,59.70001149177551,1189,0,23,-0.38624706864356995,-0.040248703211545944,0.16294924914836884,0.11477764695882797,0.3977394104003906,0.007376808673143387,1.0,19,-0.17057238519191742,-0.013067144900560379,0.1117580309510231,0.1405537873506546,0.20815646648406982,0.00817989744246006,1.0,33,-0.31126588582992554,0.02943929098546505,0.0971396192908287,0.025987409055233,0.313480019569397,0.0014545053709298372,1.0,74,-0.3126888871192932,0.010484850034117699,0.15206651389598846,0.08522716909646988,0.32215389609336853,0.0036185455974191427,1.0,0.3029479384422302,-0.02665792405605316,0.313480019569397,0.02943929098546505,0.32215389609336853,0.010484850034117699,1.0
1790268517.8688366,59.75202560424805,1190,0,23,-0.5753896832466125,-0.024994559586048126,0.2840556502342224,0.1111132800579071,0.5855570435523987,0.018879413604736328,1.0,19,-0.18259470164775848,-0.001639918307773769,0.09318967163562775,0.09535372257232666,0.2110198736190796,0.027811897918581963,1.0,33,-0.2881372570991516,0.04732074216008186,0.05831083655357361,0.023299984633922577,0.2929038405418396,0.0013475846499204636,1.0,74,-0.3178143799304962,0.011650498025119305,0.22844024002552032,0.08579477667808533,0.33068591356277466,0.00866299495100975,1.0,0.39828845858573914,-0.013317238946910948,0.2929038405418396,0.04732074216008186,0.33068591356277466,0.011650498025119305,1.0
1790268517.9207156,59.80390453338623,1191,0,23,-0.47734469175338745,-0.041574228554964066,0.2182566523551941,0.11266088485717773,0.48882555961608887,0.03325888514518738,1.0,19,-0.1673583984375,-0.008889448828995228,0.11231140792369843,0.17540991306304932,0.24487583339214325,0.01935434527695179,1.0,33,-0.22526688873767853,0.08882510662078857,0.05164603516459465,0.024043792858719826,0.24348455667495728,0.00138661521486938,1.0,74,-0.27031832933425903,0.0388280525803566,0.17440687119960785,0.10721699148416519,0.2937614917755127,0.008608010597527027,1.0,0.36685069650411606,-0.025231838691979647,0.24348455667495728,0.08882510662078857,0.2937614917755127,0.0388280525803566,1.0
1790268517.968806,59.85199499130249,1192,0,23,-0.23640374839305878,-0.008769823238253593,0.10438281297683716,0.09686145186424255,0.25437161326408386,0.014716634526848793,1.0,19,-0.11278493702411652,0.004492508713155985,0.07357199490070343,0.131191685795784,0.17104403674602509,0.007102159317582846,1.0,33,-0.09910120815038681,0.11815343052148819,0.04968498274683952,0.030158448964357376,0.15682443976402283,0.001648584264330566,1.0,74,-0.11602742224931717,0.044479165226221085,0.08756314963102341,0.09015117585659027,0.1528567224740982,0.0034175580367445946,1.0,0.21270782500505447,-0.0021386572625488043,0.15682443976402283,0.11815343052148819,0.1528567224740982,0.044479165226221085,1.0
1790268518.0205722,59.90376114845276,1193,0,23,-0.10255564749240875,0.032131027430295944,0.07705058157444,0.05568927526473999,0.1296972781419754,0.004156260751187801,1.0,19,0.02062024548649788,-0.0053558349609375,0.034747734665870667,0.052842557430267334,0.05953548476099968,0.002977219643071294,1.0,33,-0.013311212882399559,0.12262009084224701,0.034079279750585556,0.031573016196489334,0.12818576395511627,0.0011069688480347395,1.0,74,-0.029019329696893692,0.06103639304637909,0.05506961792707443,0.05855778604745865,0.08918619155883789,0.0011332202702760696,1.0,0.09461638145148754,0.013387596234679222,0.12818576395511627,0.12262009084224701,0.08918619155883789,0.06103639304637909,1.0
1790268518.068565,59.95175385475159,1194,0,23,-0.07626740634441376,-0.03899681940674782,0.1179192066192627,0.06593982875347137,0.13833098113536835,0.0046096728183329105,1.0,19,0.0715155377984047,0.01327755581587553,0.07851127535104752,0.09227770566940308,0.11637458950281143,0.0063996813260018826,1.0,33,0.12032757699489594,0.08479124307632446,0.0488600879907608,0.02358231693506241,0.1514594554901123,0.0015608747489750385,1.0,74,0.04734348505735397,0.028812510892748833,0.08148975670337677,0.061123430728912354,0.0954628586769104,0.0022870174143463373,1.0,0.1273527853190899,-0.012859631795436144,0.1514594554901123,0.08479124307632446,0.0954628586769104,0.028812510892748833,1.0
1790268518.1206362,60.003825187683105,1195,0,23,0.21157371997833252,-0.01780037209391594,0.17172905802726746,0.050737857818603516,0.2251770794391632,0.005974332336336374,1.0,19,0.36171841621398926,-0.030372217297554016,0.17847025394439697,0.09460169821977615,0.3754400610923767,0.00974311213940382,1.0,33,0.3709665834903717,0.03919612988829613,0.12716816365718842,0.033581655472517014,0.37532734870910645,0.002238672226667404,1.0,74,0.3097754716873169,0.01846148446202278,0.16369080543518066,0.060185763984918594,0.3167209327220917,0.003932451829314232,1.0,0.30030857026576996,-0.024086294695734978,0.37532734870910645,0.03919612988829613,0.3167209327220917,0.01846148446202278,1.0
1790268518.1727648,60.05595374107361,1196,0,23,0.43055459856987,-0.06986270099878311,0.13606873154640198,0.03435100242495537,0.43714043498039246,0.0065857102163136005,1.0,19,0.42178022861480713,-0.001990067306905985,0.1397893726825714,0.08204878866672516,0.42846086621284485,0.014367926865816116,1.0,33,0.399659126996994,-0.04669004678726196,0.1085892766714096,0.05729367211461067,0.40555718541145325,0.0024772847536951303,1.0,74,0.4218665361404419,-0.03671986237168312,0.15389448404312134,0.09201527386903763,0.4342089891433716,0.004162246827036142,1.0,0.43280065059661865,-0.03592638415284455,0.40555718541145325,-0.04669004678726196,0.4342089891433716,-0.03671986237168312,1.0
1790268518.2207646,60.10395359992981,1197,0,23,0.46659916639328003,-0.14629463851451874,0.08357201516628265,0.038288965821266174,0.4914798438549042,0.003921174444258213,1.0,19,0.36202841997146606,-0.07327672094106674,0.132552370429039,0.17024944722652435,0.3929065465927124,0.021408580243587494,1.0,33,0.3563828766345978,-0.0791117325425148,0.05820024758577347,0.023522160947322845,0.36598876118659973,0.0021331547759473324,1.0,74,0.4048214554786682,-0.06145642325282097,0.16254748404026031,0.10517816245555878,0.421724796295166,0.0032974921632558107,1.0,0.4421931952238083,-0.10978567972779274,0.36598876118659973,-0.0791117325425148,0.421724796295166,-0.06145642325282097,1.0
1790268518.272753,60.1559419631958,1198,0,23,0.38973069190979004,-0.1259613037109375,0.06357578188180923,0.0354655422270298,0.4113130271434784,0.001980277244001627,1.0,19,0.4196905791759491,0.02263842150568962,0.0768449604511261,0.08834856003522873,0.42867419123649597,0.017074597999453545,1.0,33,0.27635517716407776,-0.06650473922491074,0.06558159738779068,0.04289766028523445,0.28604692220687866,0.0019620349630713463,1.0,74,0.3218313753604889,-0.05733861029148102,0.10144743323326111,0.07178270071744919,0.33424222469329834,0.003292771987617016,1.0,0.4199936091899872,-0.05166144110262394,0.28604692220687866,-0.06650473922491074,0.33424222469329834,-0.05733861029148102,1.0
1790268518.320774,60.20396304130554,1199,0,23,0.21545277535915375,-0.08885458111763,0.09067127108573914,0.02323446236550808,0.23540164530277252,0.002340856706723571,1.0,19,0.2581305205821991,0.0029039885848760605,0.06363307684659958,0.03262448310852051,0.2604045271873474,0.007145820651203394,1.0,33,0.2210637927055359,-0.0391133613884449,0.05301356688141823,0.021751241758465767,0.22555449604988098,0.0009013738017529249,1.0,74,0.21807779371738434,-0.030098579823970795,0.08722379803657532,0.056534525007009506,0.2284523993730545,0.0023637807462364435,1.0,0.24790308624505997,-0.04297529626637697,0.22555449604988098,-0.0391133613884449,0.2284523993730545,-0.030098579823970795,1.0
1790268518.3727667,60.25595569610596,1200,1,23,0.23194022476673126,-0.04535774514079094,0.04615754261612892,0.021164365112781525,0.23732687532901764,0.0033130149822682142,1.0,19,0.296234130859375,-0.03731175512075424,0.10368507355451584,0.06401168555021286,0.30321112275123596,0.008884227834641933,1.0,33,0.25820043683052063,0.005277691408991814,0.046973761171102524,0.01655503734946251,0.2588360905647278,0.0016313702799379826,1.0,74,0.2337825894355774,-0.0141306696459651,0.071023128926754,0.03886432573199272,0.23819546401500702,0.0024933081585913897,1.0,0.2702689990401268,-0.04133475013077259,0.2588360905647278,0.005277691408991814,0.23819546401500702,-0.0141306696459651,1.0
1790268518.424772,60.307960987091064,1201,0,23,0.2830173671245575,-0.04707867279648781,0.05110876262187958,0.012394807301461697,0.287199467420578,0.002909797476604581,1.0,19,0.3112439513206482,0.01849284954369068,0.11137567460536957,0.05845659598708153,0.31906864047050476,0.00600575702264905,1.0,33,0.3046019673347473,0.02584746479988098,0.054287973791360855,0.02887105755507946,0.3070390522480011,0.0014623203314840794,1.0,74,0.2458910495042801,0.004008318763226271,0.09295779466629028,0.056258272379636765,0.25251469016075134,0.001895587774924934,1.0,0.3031340539455414,-0.014292911626398563,0.3070390522480011,0.02584746479988098,0.25251469016075134,0.004008318763226271,1.0
1790268518.4728248,60.356013774871826,1202,0,23,0.15712705254554749,-0.02625705860555172,0.05108978599309921,0.011035867966711521,0.16015133261680603,0.0022976703476160765,1.0,19,0.25251367688179016,0.042192962020635605,0.05469167232513428,0.05310920998454094,0.2615911364555359,0.005397594068199396,1.0,33,0.19929181039333344,0.0632578507065773,0.06256131082773209,0.021104654297232628,0.2121204435825348,0.0017125322483479977,1.0,74,0.17230966687202454,0.017293568700551987,0.08101549744606018,0.04540732875466347,0.17875638604164124,0.0017487688455730677,1.0,0.21087123453617096,0.007967951707541943,0.2121204435825348,0.0632578507065773,0.17875638604164124,0.017293568700551987,1.0
1790268518.5248084,60.407997369766235,1203,0,23,0.11545131355524063,-0.06552654504776001,0.05988966301083565,0.028149275109171867,0.1405799239873886,0.0013428896199911833,1.0,19,0.1468023955821991,0.022340472787618637,0.03676104173064232,0.03212115913629532,0.15255463123321533,0.0035900725051760674,1.0,33,0.07568590342998505,0.0338490791618824,0.04488728940486908,0.019153796136379242,0.08462103456258774,0.0007504604291170835,1.0,74,0.07277596741914749,-0.0023191296495497227,0.04768681526184082,0.045997779816389084,0.08538072556257248,0.000978233409114182,1.0,0.14656727761030197,-0.021593036130070686,0.08462103456258774,0.0338490791618824,0.08538072556257248,-0.0023191296495497227,1.0
1790268518.5727642,60.4559531211853,1204,0,23,-0.03101780079305172,-0.018666142597794533,0.03473364934325218,0.008376401849091053,0.0449836291372776,0.0009225590620189905,1.0,19,0.03931306675076485,0.02874273993074894,0.041640426963567734,0.025369154289364815,0.060215868055820465,0.0020985426381230354,1.0,33,-0.03749500587582588,0.04486453905701637,0.027762217447161674,0.024945806711912155,0.0674109011888504,0.0010088571580126882,1.0,74,-0.026456059888005257,0.008437491953372955,0.028016937896609306,0.03927888348698616,0.0503639355301857,0.0007978514186106622,1.0,0.052599748596549034,0.005038298666477203,0.0674109011888504,0.04486453905701637,0.0503639355301857,0.008437491953372955,1.0
1790268518.6248043,60.50799322128296,1205,0,23,-0.3070546090602875,0.060149483382701874,0.1493920385837555,0.02642085589468479,0.31722286343574524,0.004125832114368677,1.0,19,-0.0848388671875,0.04830450937151909,0.08835333585739136,0.040922705084085464,0.11799681931734085,0.003311698790639639,1.0,33,-0.30060046911239624,0.19369830191135406,0.08501173555850983,0.04957229271531105,0.3609001934528351,0.003275124356150627,1.0,74,-0.25695180892944336,0.09980237483978271,0.15337271988391876,0.09746315330266953,0.29124829173088074,0.003104603849351406,1.0,0.21760984137654305,0.05422699637711048,0.3609001934528351,0.19369830191135406,0.29124829173088074,0.09980237483978271,1.0
1790268518.6766386,60.55982756614685,1206,0,23,-0.47787874937057495,0.18880827724933624,0.10849717259407043,0.031301986426115036,0.5156775116920471,0.003646716708317399,1.0,19,-0.2574671804904938,0.12344521284103394,0.10968446731567383,0.0646776333451271,0.29087594151496887,0.008192427456378937,1.0,33,-0.38949260115623474,0.3488325774669647,0.12756511569023132,0.09792524576187134,0.525303065776825,0.0038946159183979034,1.0,74,-0.3666726052761078,0.20870868861675262,0.1606411635875702,0.17923521995544434,0.44572383165359497,0.004669525660574436,1.0,0.403276726603508,0.1561267450451851,0.525303065776825,0.3488325774669647,0.44572383165359497,0.20870868861675262,1.0
1790268518.7246826,60.607871532440186,1207,0,23,-0.41827592253685,0.2745925188064575,0.06525295227766037,0.04467669874429703,0.5017513632774353,0.0037704582791775465,1.0,19,-0.26142802834510803,0.12760283052921295,0.0854811817407608,0.09303741902112961,0.303880900144577,0.00494378199800849,1.0,33,-0.274781197309494,0.3556014597415924,0.10494393855333328,0.07731671631336212,0.45261138677597046,0.004401062615215778,1.0,74,-0.2634691894054413,0.19107282161712646,0.12850439548492432,0.16773177683353424,0.35991448163986206,0.0031686227302998304,1.0,0.40281613171100616,0.20109767466783524,0.45261138677597046,0.3556014597415924,0.35991448163986206,0.19107282161712646,1.0
1790268518.7766907,60.65987968444824,1208,0,23,0.25269815325737,0.50742506980896,0.39422231912612915,0.2713678777217865,0.6466463804244995,0.03410087153315544,1.0,19,-0.395294189453125,0.283172607421875,0.35589560866355896,0.2513396143913269,0.49629080295562744,0.020363187417387962,1.0,33,-0.013338031247258186,0.2837519645690918,0.08917415142059326,0.06945998966693878,0.2966754138469696,0.004461506847292185,1.0,74,-0.0425068624317646,0.20899200439453125,0.2225225269794464,0.22547291219234467,0.28753674030303955,0.008083142340183258,1.0,0.5714685916900635,0.3952988386154175,0.2966754138469696,0.2837519645690918,0.28753674030303955,0.20899200439453125,1.0
1790268518.8247619,60.707950830459595,1209,0,23,0.6706370711326599,0.6116366386413574,0.6252390742301941,0.36575374007225037,0.9839223623275757,0.13745848834514618,1.0,19,-0.37848061323165894,0.30619490146636963,0.4854460656642914,0.3356323540210724,0.502295732498169,0.05982980132102966,1.0,33,0.23864468932151794,0.23096951842308044,0.08376013487577438,0.0967593863606453,0.342338502407074,0.003874964779242873,1.0,74,0.16625192761421204,0.2000640630722046,0.3933514356613159,0.31300443410873413,0.34325724840164185,0.026172537356615067,1.0,0.7431090474128723,0.4589157700538635,0.342338502407074,0.23096951842308044,0.34325724840164185,0.2000640630722046,1.0
1790268518.8768551,60.76004409790039,1210,0,23,0.30299776792526245,0.26776257157325745,0.25329771637916565,0.16952268779277802,0.42300552129745483,0.016754696145653725,1.0,19,-0.01737413927912712,0.16949462890625,0.07153456658124924,0.14861243963241577,0.20193739235401154,0.018260791897773743,1.0,33,0.23226141929626465,0.1271316111087799,0.07085812836885452,0.029424864798784256,0.26819345355033875,0.0018443133449181914,1.0,74,0.16876673698425293,0.12632565200328827,0.18621014058589935,0.1551705151796341,0.22239021956920624,0.006646753288805485,1.0,0.3124714568257332,0.21862860023975372,0.26819345355033875,0.1271316111087799,0.22239021956920624,0.12632565200328827,1.0
1790268518.9287531,60.8119421005249,1211,0,23,0.20518758893013,0.12917295098304749,0.1093224436044693,0.057271700352430344,0.24611444771289825,0.002859246451407671,1.0,19,0.25386929512023926,0.19692912697792053,0.15179385244846344,0.11704146862030029,0.3554191589355469,0.011570212431252003,1.0,33,0.38147851824760437,0.29634279012680054,0.07418066263198853,0.03858231008052826,0.48583751916885376,0.00399994570761919,1.0,74,0.23938153684139252,0.1636165976524353,0.126911461353302,0.1138484999537468,0.29679983854293823,0.0036855258513242006,1.0,0.30076680332422256,0.163051038980484,0.48583751916885376,0.29634279012680054,0.29679983854293823,0.1636165976524353,1.0
1790268518.9768963,60.860085248947144,1212,0,23,0.26285189390182495,0.23098821938037872,0.07925587892532349,0.0622079111635685,0.35419952869415283,0.0036122193560004234,1.0,19,0.2661694884300232,0.16113120317459106,0.0788564458489418,0.1885339766740799,0.36158880591392517,0.01240617223083973,1.0,33,0.49422523379325867,0.3609068989753723,0.09200277179479599,0.05851816013455391,0.6137593388557434,0.0049715726636350155,1.0,74,0.31813111901283264,0.1978059709072113,0.1758674532175064,0.1753007173538208,0.39676013588905334,0.0037979506887495518,1.0,0.357894167304039,0.1960597112774849,0.6137593388557434,0.3609068989753723,0.39676013588905334,0.1978059709072113,1.0
1790268519.028863,60.91205191612244,1213,0,23,0.38269904255867004,0.6116651296615601,0.08690524101257324,0.1146160289645195,0.7281141877174377,0.010480272583663464,1.0,19,0.3045525848865509,0.399566650390625,0.08036333322525024,0.16943486034870148,0.5242130160331726,0.01056585367769003,1.0,33,0.5598139762878418,0.6746289730072021,0.13373100757598877,0.11885655671358109,0.8882627487182617,0.008102921769022942,1.0,74,0.3796522915363312,0.4054047763347626,0.16420938074588776,0.30082640051841736,0.5905240774154663,0.005502037238329649,1.0,0.6261636018753052,0.5056158900260925,0.8882627487182617,0.6746289730072021,0.5905240774154663,0.4054047763347626,1.0
1790268519.0768871,60.960076093673706,1214,0,23,0.31809401512145996,0.6082465052604675,0.07941152155399323,0.0803605392575264,0.6886703968048096,0.0077317203395068645,1.0,19,0.40144750475883484,0.5301305055618286,0.15157665312290192,0.3037785589694977,0.7044938802719116,0.016134092584252357,1.0,33,0.5520537495613098,0.704957902431488,0.11765208095312119,0.09828474372625351,0.9059136509895325,0.005741430446505547,1.0,74,0.3863013982772827,0.42571020126342773,0.1907017081975937,0.3176390826702118,0.613926887512207,0.004732382018119097,1.0,0.6965821385383606,0.5691885054111481,0.9059136509895325,0.704957902431488,0.613926887512207,0.42571020126342773,1.0
1790268519.1287527,61.01194167137146,1215,1,23,0.299589067697525,0.393513560295105,0.08179344236850739,0.035542696714401245,0.49805644154548645,0.0034116972237825394,1.0,19,0.28755268454551697,0.2400006800889969,0.1349240243434906,0.10004089772701263,0.3981177806854248,0.008760207332670689,1.0,33,0.6109577417373657,0.4241739809513092,0.12012602388858795,0.08689937740564346,0.752363383769989,0.0057743024080991745,1.0,74,0.38876405358314514,0.2636919915676117,0.1889805644750595,0.18468216061592102,0.49105820059776306,0.003789988812059164,1.0,0.4480871111154556,0.31675712019205093,0.752363383769989,0.4241739809513092,0.49105820059776306,0.2636919915676117,1.0
1790268519.1808693,61.06405830383301,1216,0,23,0.40589639544487,0.22611401975154877,0.07645756006240845,0.021826494485139847,0.46613577008247375,0.003316133515909314,1.0,19,0.41433072090148926,0.29977577924728394,0.09714183211326599,0.17756129801273346,0.5486825704574585,0.018075864762067795,1.0,33,0.4357392191886902,0.2633005678653717,0.07028273493051529,0.06899820268154144,0.5159832239151001,0.006419412791728973,1.0,74,0.3575466275215149,0.16986589133739471,0.12524206936359406,0.1089802160859108,0.40708887577056885,0.0032483546528965235,1.0,0.5074091702699661,0.26294489949941635,0.5159832239151001,0.2633005678653717,0.40708887577056885,0.16986589133739471,1.0
1790268519.2287982,61.11198711395264,1217,0,23,0.46072918176651,0.14711794257164001,0.08006804436445236,0.023792361840605736,0.48454752564430237,0.003321246709674597,1.0,19,0.5231853127479553,0.1844586879014969,0.11467137932777405,0.17065659165382385,0.5731202960014343,0.014852900058031082,1.0,33,0.5160901546478271,0.13776975870132446,0.08184739202260971,0.04108019545674324,0.5359810590744019,0.003312682267278433,1.0,74,0.4443208873271942,0.0940045565366745,0.14553366601467133,0.07314105331897736,0.4591792821884155,0.0037163125816732645,1.0,0.5288339108228683,0.16578831523656845,0.5359810590744019,0.13776975870132446,0.4591792821884155,0.0940045565366745,1.0
1790268519.280757,61.16394591331482,1218,0,23,0.5617098808288574,0.11571602523326874,0.11739252507686615,0.043557312339544296,0.5741381645202637,0.003056060988456011,1.0,19,0.5507298707962036,0.15436995029449463,0.08296451717615128,0.272816926240921,0.6171863675117493,0.008010891266167164,1.0,33,0.4867364168167114,0.09089614450931549,0.11454183608293533,0.05556483194231987,0.49750980734825134,0.003947829362004995,1.0,74,0.4464030861854553,0.061599936336278915,0.17933373153209686,0.07977359741926193,0.4560702443122864,0.0028042064514011145,1.0,0.5956622660160065,0.13504298776388168,0.49750980734825134,0.09089614450931549,0.4560702443122864,0.061599936336278915,1.0
1790268519.3287055,61.211894512176514,1219,0,23,0.3649159371852875,0.033480435609817505,0.11450918018817902,0.0440092571079731,0.36956048011779785,0.0024652841966599226,1.0,19,0.5004609823226929,0.08339249342679977,0.12294849753379822,0.0790477767586708,0.5146926045417786,0.009931470267474651,1.0,33,0.3353229761123657,0.10288307815790176,0.07704440504312515,0.035460464656353,0.35308027267456055,0.003694481449201703,1.0,74,0.2828185558319092,0.041558343917131424,0.11253911256790161,0.08974480628967285,0.3002801239490509,0.003080784808844328,1.0,0.4421265423297882,0.05843646451830864,0.35308027267456055,0.10288307815790176,0.3002801239490509,0.041558343917131424,1.0
1790268519.380588,61.263777017593384,1220,0,23,0.22252224385738373,0.02518562600016594,0.05175646021962166,0.015551776625216007,0.22441910207271576,0.0018092307727783918,1.0,19,0.17295275628566742,0.07335060834884644,0.06265568733215332,0.044821932911872864,0.1954502910375595,0.004458715207874775,1.0,33,0.17723730206489563,0.08556851744651794,0.06277009099721909,0.0290114413946867,0.19901512563228607,0.0019824679475277662,1.0,74,0.16206401586532593,0.0411488302052021,0.07683920860290527,0.04663896560668945,0.17353267967700958,0.001706007751636207,1.0,0.20993469655513763,0.04926811717450619,0.19901512563228607,0.08556851744651794,0.17353267967700958,0.0411488302052021,1.0
1790268519.4328513,61.31604027748108,1221,0,23,0.17499509453773499,0.09716133773326874,0.11445382237434387,0.0920577198266983,0.20414389669895172,0.003909209277480841,1.0,19,0.11078523099422455,0.04146937280893326,0.07228712737560272,0.0661231279373169,0.1307714581489563,0.006562902592122555,1.0,33,0.09086793661117554,0.07447630167007446,0.03637044504284859,0.02468222938477993,0.120049849152565,0.0015506152994930744,1.0,74,0.09141457825899124,0.054182928055524826,0.08009273558855057,0.07444226741790771,0.11271300166845322,0.0025456035509705544,1.0,0.167457677423954,0.069315355271101,0.120049849152565,0.07447630167007446,0.11271300166845322,0.054182928055524826,1.0
1790268519.4809215,61.364110469818115,1222,0,23,-0.011436130851507187,-0.00649560010060668,0.08076095581054688,0.0949445590376854,0.07090644538402557,0.005285141058266163,1.0,19,0.28623080253601074,0.010448254644870758,0.32681187987327576,0.05480136722326279,0.2965560853481293,0.02903357334434986,1.0,33,0.04163707420229912,0.05287355184555054,0.04105481877923012,0.016738934442400932,0.0740278884768486,0.0007879302138462663,1.0,74,0.029704326763749123,0.015226209536194801,0.10920392721891403,0.06632652133703232,0.07227028161287308,0.0023463976103812456,1.0,0.18373126536607742,0.001976327272132039,0.0740278884768486,0.05287355184555054,0.07227028161287308,0.015226209536194801,1.0
1790268519.5328646,61.41605353355408,1223,0,23,-0.11727441102266312,-0.12187327444553375,0.17392024397850037,0.18973928689956665,0.18687903881072998,0.009720565751194954,1.0,19,0.12481528520584106,-0.09030070900917053,0.15127412974834442,0.1519552618265152,0.163212388753891,0.015511063858866692,1.0,33,0.053469110280275345,0.0058413418009877205,0.018600130453705788,0.019149428233504295,0.058023251593112946,0.0006724068662151694,1.0,74,0.010468972846865654,-0.02760273776948452,0.14116908609867096,0.15219782292842865,0.09528031945228577,0.0037767263129353523,1.0,0.17504571378231049,-0.10608699172735214,0.058023251593112946,0.0058413418009877205,0.09528031945228577,-0.02760273776948452,1.0
1790268519.5809667,61.46415567398071,1224,0,23,-0.19275234639644623,-0.20053896307945251,0.2924318015575409,0.11876370012760162,0.3213476836681366,0.047255683690309525,1.0,19,0.1543225795030594,-0.15916042029857635,0.15098926424980164,0.12245647609233856,0.23081684112548828,0.045526038855314255,1.0,33,0.08165394514799118,-0.06894290447235107,0.04917643964290619,0.034447576850652695,0.10790537297725677,0.0009883650345727801,1.0,74,-0.002885767025873065,-0.07368757575750351,0.21079908311367035,0.11608879268169403,0.1362924873828888,0.013543309643864632,1.0,0.27608226239681244,-0.17984969168901443,0.10790537297725677,-0.06894290447235107,0.1362924873828888,-0.07368757575750351,1.0
1790268519.6325788,61.51576781272888,1225,0,23,-0.2702557146549225,-0.39536914229393005,0.3210752010345459,0.1649625599384308,0.5295933485031128,0.06150546669960022,1.0,19,0.2296142578125,-0.24571549892425537,0.255235493183136,0.2121286541223526,0.34405577182769775,0.024532770738005638,1.0,33,0.08699636906385422,-0.1365199238061905,0.04436948522925377,0.05514426901936531,0.16440339386463165,0.0016523500671610236,1.0,74,0.011576059274375439,-0.1434977799654007,0.202163964509964,0.1733597069978714,0.19225825369358063,0.010516217909753323,1.0,0.4368245601654053,-0.3205423206090927,0.16440339386463165,-0.1365199238061905,0.19225825369358063,-0.1434977799654007,1.0
1790268519.6848378,61.56802678108215,1226,0,23,-0.21048371493816376,-0.34541255235671997,0.26659953594207764,0.15722021460533142,0.44838324189186096,0.01660091243684292,1.0,19,0.149871826171875,-0.17955900728702545,0.11887898296117783,0.15317097306251526,0.24135878682136536,0.01923598349094391,1.0,33,0.07257866114377975,-0.1638738512992859,0.04691629111766815,0.05882555991411209,0.18152321875095367,0.002202218398451805,1.0,74,0.02355152927339077,-0.12694528698921204,0.13746312260627747,0.13754098117351532,0.16805952787399292,0.0052704219706356525,1.0,0.34487101435661316,-0.2624857798218727,0.18152321875095367,-0.1638738512992859,0.16805952787399292,-0.12694528698921204,1.0
1790268519.7328436,61.61603260040283,1227,0,23,-0.040746938437223434,-0.242584228515625,0.1454763263463974,0.06690371781587601,0.28064247965812683,0.003973555751144886,1.0,19,0.1755114048719406,-0.11018692702054977,0.09899429976940155,0.11227335780858994,0.22522251307964325,0.007485599257051945,1.0,33,0.0706329345703125,-0.10120831429958344,0.033636096864938736,0.020732125267386436,0.1255909502506256,0.0010187393054366112,1.0,74,0.06844350695610046,-0.09478893876075745,0.08116946369409561,0.08769559860229492,0.14275909960269928,0.001967574004083872,1.0,0.25293249636888504,-0.1763855777680874,0.1255909502506256,-0.10120831429958344,0.14275909960269928,-0.09478893876075745,1.0
1790268519.7848039,61.66799283027649,1228,0,23,0.07011479884386063,-0.14413850009441376,0.0788557231426239,0.019840175285935402,0.1760544776916504,0.0029014809988439083,1.0,19,0.08326640725135803,-0.05239386484026909,0.04448801279067993,0.04497533664107323,0.10571465641260147,0.002673899754881859,1.0,33,0.05967111140489578,-0.07906919717788696,0.012277553789317608,0.015521684661507607,0.09986370801925659,0.0008168345666490495,1.0,74,0.07210376113653183,-0.05134871229529381,0.05731598287820816,0.08433544635772705,0.11772984266281128,0.0014635547995567322,1.0,0.14088456705212593,-0.09826618246734142,0.09986370801925659,-0.07906919717788696,0.11772984266281128,-0.05134871229529381,1.0
1790268519.8328738,61.716062784194946,1229,0,23,0.025263911113142967,-0.14786894619464874,0.0570661686360836,0.036356955766677856,0.16264848411083221,0.0028000071179121733,1.0,19,0.08163934201002121,-0.027072304859757423,0.04019787162542343,0.03659573197364807,0.09291432052850723,0.0020181031432002783,1.0,33,0.008587461896240711,-0.07162798941135406,0.022195324301719666,0.021535418927669525,0.07511331886053085,0.0007075357716530561,1.0,74,0.03878619149327278,-0.052118971943855286,0.0405365489423275,0.06758797913789749,0.0919569656252861,0.001342311967164278,1.0,0.12778140231966972,-0.08747062552720308,0.07511331886053085,-0.07162798941135406,0.0919569656252861,-0.052118971943855286,1.0
1790268519.8848174,61.768006324768066,1230,1,23,0.01461526658385992,-0.19554536044597626,0.0406501367688179,0.03581831976771355,0.20040155947208405,0.002730731386691332,1.0,19,0.039908960461616516,-0.059261925518512726,0.0387393981218338,0.05457416549324989,0.0883873924612999,0.002380792051553726,1.0,33,-0.07204136997461319,-0.18004076182842255,0.05633065849542618,0.05931468680500984,0.2008914351463318,0.0025003021582961082,1.0,74,-0.007001928519457579,-0.11216529458761215,0.06363916397094727,0.08933217078447342,0.13554351031780243,0.0016513008158653975,1.0,0.14439447596669197,-0.1274036429822445,0.2008914351463318,-0.18004076182842255,0.13554351031780243,-0.11216529458761215,1.0
1790268519.9366682,61.819857120513916,1231,0,23,-0.10126860439777374,-0.29285928606987,0.10226324945688248,0.048762936145067215,0.32178252935409546,0.003696559928357601,1.0,19,-0.04668546840548515,-0.12860508263111115,0.04589817300438881,0.07434754818677902,0.15041083097457886,0.0025649426970630884,1.0,33,-0.16074024140834808,-0.400422066450119,0.10500586777925491,0.10114048421382904,0.4457375109195709,0.005005621816962957,1.0,74,-0.07909970730543137,-0.22692963480949402,0.10420675575733185,0.16913436353206635,0.26040902733802795,0.0029517735820263624,1.0,0.23609668016433716,-0.21073218435049057,0.4457375109195709,-0.400422066450119,0.26040902733802795,-0.22692963480949402,1.0
1790268519.9847171,61.86790609359741,1232,0,23,-0.033273447304964066,-0.25865572690963745,0.0343923345208168,0.02359241247177124,0.26312652230262756,0.002344327513128519,1.0,19,-0.06637412309646606,-0.2544812560081482,0.08106014877557755,0.13211403787136078,0.27749913930892944,0.00442948704585433,1.0,33,-0.15409989655017853,-0.2662848234176636,0.09248468279838562,0.05767844244837761,0.3189895749092102,0.0052194478921592236,1.0,74,-0.07978903502225876,-0.16717663407325745,0.08228396624326706,0.12076874822378159,0.20203761756420135,0.002311818767338991,1.0,0.2703128308057785,-0.2565684914588928,0.3189895749092102,-0.2662848234176636,0.20203761756420135,-0.16717663407325745,1.0
1790268520.0367088,61.91989779472351,1233,0,23,-0.022946564480662346,-0.24154795706272125,0.032931406050920486,0.028379445895552635,0.2448301762342453,0.0022718561813235283,1.0,19,-0.06821160763502121,-0.20942848920822144,0.08599960803985596,0.10560426861047745,0.23985037207603455,0.0042995307594537735,1.0,33,-0.11897462606430054,-0.3011488616466522,0.047754909843206406,0.0731709897518158,0.3295830190181732,0.004255820065736771,1.0,74,-0.0693831592798233,-0.18423616886138916,0.04789431765675545,0.1247483342885971,0.20673364400863647,0.002040369203314185,1.0,0.24234027415513992,-0.22548822313547134,0.3295830190181732,-0.3011488616466522,0.20673364400863647,-0.18423616886138916,1.0
1790268520.084661,61.96784996986389,1234,0,23,-0.05829520896077156,-0.22577832639217377,0.05030376464128494,0.029265567660331726,0.23782221972942352,0.003537293989211321,1.0,19,-0.05764127895236015,-0.14103618264198303,0.04296671599149704,0.04307692125439644,0.16158346831798553,0.002424082485958934,1.0,33,-0.06470929086208344,-0.19292287528514862,0.04020513594150543,0.03359752520918846,0.20731262862682343,0.0027209946420043707,1.0,74,-0.06799501925706863,-0.14644767343997955,0.047644760459661484,0.07893864065408707,0.17247289419174194,0.0018372543854638934,1.0,0.19970284402370453,-0.1834072545170784,0.20731262862682343,-0.19292287528514862,0.17247289419174194,-0.14644767343997955,1.0
1790268520.1368275,62.02001643180847,1235,0,23,-0.02541251853108406,-0.13891999423503876,0.019892072305083275,0.02294333465397358,0.14240975677967072,0.002487184014171362,1.0,19,-0.035199616104364395,-0.09404473751783371,0.07373814284801483,0.05809377133846283,0.13383692502975464,0.002528797835111618,1.0,33,0.012978293932974339,-0.13165467977523804,0.039778344333171844,0.0320977158844471,0.13688205182552338,0.0018897374393418431,1.0,74,-0.02180996537208557,-0.09408600628376007,0.04211100563406944,0.05361982807517052,0.10738340765237808,0.0013125333935022354,1.0,0.13812334090471268,-0.11648236587643623,0.13688205182552338,-0.13165467977523804,0.10738340765237808,-0.09408600628376007,1.0
1790268520.188532,62.07172107696533,1236,0,23,0.009792162105441093,-0.08908810466527939,0.020481448620557785,0.01483356487005949,0.09186507016420364,0.0008186108316294849,1.0,19,-0.07543142139911652,-0.07810492068529129,0.04218041151762009,0.029272060841321945,0.1183425784111023,0.0028113864827901125,1.0,33,-0.002307313960045576,-0.10542620718479156,0.026334300637245178,0.0245811827480793,0.10863251984119415,0.0010254171211272478,1.0,74,-0.011943920515477657,-0.06809492409229279,0.033057235181331635,0.05460145324468613,0.08798142522573471,0.0008106334717012942,1.0,0.10510382428765297,-0.08359651267528534,0.10863251984119415,-0.10542620718479156,0.08798142522573471,-0.06809492409229279,1.0
1790268520.2369204,62.12010931968689,1237,0,23,-0.00406016455963254,-0.11530867964029312,0.020258668810129166,0.018241191282868385,0.11736516654491425,0.0011617396958172321,1.0,19,-0.023405376821756363,-0.08532795310020447,0.022740310057997704,0.04417872428894043,0.09766886383295059,0.002711223904043436,1.0,33,-0.014439900405704975,-0.1806894987821579,0.04178408533334732,0.03507542982697487,0.18609757721424103,0.001714216428808868,1.0,74,-0.014183662831783295,-0.10749775916337967,0.034886229783296585,0.07501220703125,0.11954503506422043,0.000996357761323452,1.0,0.10751701518893242,-0.1003183163702488,0.18609757721424103,-0.1806894987821579,0.11954503506422043,-0.10749775916337967,1.0
1790268520.289117,62.172306060791016,1238,0,23,-0.016207488253712654,-0.16489575803279877,0.02745932713150978,0.03123176470398903,0.16782355308532715,0.001604049582965672,1.0,19,-0.0035962555557489395,-0.13777802884578705,0.05102255195379257,0.043970756232738495,0.14542624354362488,0.0019490736303851008,1.0,33,-0.08417025208473206,-0.2855566740036011,0.03708750754594803,0.05071986839175224,0.29999202489852905,0.0036031536292284727,1.0,74,-0.03681409731507301,-0.16173429787158966,0.050701163709163666,0.12333416193723679,0.17700853943824768,0.0030188742093741894,1.0,0.156624898314476,-0.1513368934392929,0.29999202489852905,-0.2855566740036011,0.17700853943824768,-0.16173429787158966,1.0
1790268520.3367655,62.21995449066162,1239,0,23,-0.11146346479654312,-0.3016815185546875,0.11473112553358078,0.08970966190099716,0.33516666293144226,0.006718830671161413,1.0,19,-0.03991538658738136,-0.1572466343641281,0.034601420164108276,0.0879119336605072,0.17261932790279388,0.003560390556231141,1.0,33,-0.08086325973272324,-0.28405529260635376,0.04362720623612404,0.0330362431704998,0.2986511290073395,0.003229346126317978,1.0,74,-0.048712242394685745,-0.18046611547470093,0.06812477111816406,0.1293124407529831,0.19781357049942017,0.0021121890749782324,1.0,0.2538929954171181,-0.2294640764594078,0.2986511290073395,-0.28405529260635376,0.19781357049942017,-0.18046611547470093,1.0
1790268520.3888533,62.2720422744751,1240,0,23,-0.007275788579136133,-0.19653519988059998,0.04232998564839363,0.032798342406749725,0.2010820209980011,0.002530873753130436,1.0,19,-0.10217927396297455,-0.16221538186073303,0.07349742949008942,0.0787680447101593,0.20086313784122467,0.0027558833826333284,1.0,33,-0.06983855366706848,-0.24567806720733643,0.04040965065360069,0.03743336722254753,0.25855156779289246,0.003945513162761927,1.0,74,-0.028697865083813667,-0.13885106146335602,0.048753827810287476,0.09033297002315521,0.1509975790977478,0.001429219963029027,1.0,0.20097257941961288,-0.1793752908706665,0.25855156779289246,-0.24567806720733643,0.1509975790977478,-0.13885106146335602,1.0
1790268520.4407442,62.323933124542236,1241,0,23,-0.03752667084336281,-0.1460292637348175,0.03385275974869728,0.024438539519906044,0.1547343134880066,0.0014988816110417247,1.0,19,0.0029088070150464773,-0.12535978853702545,0.044585078954696655,0.05591914802789688,0.13357430696487427,0.0017666022758930922,1.0,33,-0.0491383858025074,-0.1144968643784523,0.056675124913454056,0.02319035492837429,0.13618412613868713,0.001401287387125194,1.0,74,-0.019855601713061333,-0.08595667779445648,0.0388958677649498,0.05511315166950226,0.09914852678775787,0.0010828012600541115,1.0,0.14415431022644043,-0.13569452613592148,0.13618412613868713,-0.1144968643784523,0.09914852678775787,-0.08595667779445648,1.0
1790268520.4889357,62.372124671936035,1242,0,23,0.006937441416084766,-0.0799102783203125,0.01940881460905075,0.014083538204431534,0.08217789232730865,0.0009564443025738001,1.0,19,-0.02464856579899788,-0.061279296875,0.021410169079899788,0.03880572319030762,0.07502777129411697,0.0015937089920043945,1.0,33,-0.008432099595665932,-0.07444439828395844,0.020202474668622017,0.023220403119921684,0.07762275636196136,0.0011362858349457383,1.0,74,-0.007368964143097401,-0.0636041983962059,0.020385757088661194,0.032051265239715576,0.06982442736625671,0.0007167321746237576,1.0,0.07860283181071281,-0.07059478759765625,0.07762275636196136,-0.07444439828395844,0.06982442736625671,-0.0636041983962059,1.0
1790268520.5407662,62.42395520210266,1243,0,23,0.022733604535460472,-0.05744403228163719,0.02520071342587471,0.01493496261537075,0.06472726166248322,0.0011672001564875245,1.0,19,0.0013443796196952462,-0.052615515887737274,0.01976131461560726,0.025179563090205193,0.055987026542425156,0.0022324761375784874,1.0,33,0.019569627940654755,-0.04602143168449402,0.025610966607928276,0.011589487083256245,0.055712226778268814,0.0007751862285658717,1.0,74,0.01486968994140625,-0.05040493607521057,0.02344202622771263,0.024462100118398666,0.058653559535741806,0.0007531251758337021,1.0,0.060357144102454185,-0.05502977408468723,0.055712226778268814,-0.04602143168449402,0.058653559535741806,-0.05040493607521057,1.0
1790268520.5887218,62.47191071510315,1244,0,23,0.03130373731255531,-0.06555639952421188,0.024461932480335236,0.011934053152799606,0.07557154446840286,0.0011531887575984001,1.0,19,0.04228612035512924,-0.030572189018130302,0.028471121564507484,0.03233605623245239,0.05965863913297653,0.0015432744985446334,1.0,33,0.051744867116212845,-0.02824448049068451,0.023181196302175522,0.01877235248684883,0.06092468276619911,0.0008417704375460744,1.0,74,0.0373341329395771,-0.03821893781423569,0.035404741764068604,0.03206668049097061,0.06370308250188828,0.0005649704253301024,1.0,0.0676150918006897,-0.04806429427117109,0.06092468276619911,-0.02824448049068451,0.06370308250188828,-0.03821893781423569,1.0
1790268520.6405532,62.52374219894409,1245,1,23,0.06337505578994751,-0.05342433601617813,0.020157672464847565,0.009211220778524876,0.08415324985980988,0.0012873806990683079,1.0,19,0.05916234105825424,-0.04273826256394386,0.05140634998679161,0.02004731260240078,0.07771545648574829,0.0022450299002230167,1.0,33,0.04246058687567711,-0.03280963376164436,0.020259210839867592,0.011910202912986279,0.05676579102873802,0.0008116780663840473,1.0,74,0.03503026068210602,-0.03715824335813522,0.025319015607237816,0.0186285600066185,0.05571792647242546,0.0007060330244712532,1.0,0.08093435317277908,-0.048081299290061,0.05676579102873802,-0.03280963376164436,0.05571792647242546,-0.03715824335813522,1.0
1790268520.6925464,62.575735330581665,1246,0,23,0.059084683656692505,-0.040938667953014374,0.02803545631468296,0.020018137991428375,0.07609634101390839,0.00101197708863765,1.0,19,0.028161300346255302,-0.04880804941058159,0.025411751121282578,0.03602121025323868,0.061543501913547516,0.0013902087230235338,1.0,33,0.03184879198670387,-0.05076783895492554,0.018707381561398506,0.01339078601449728,0.06276245415210724,0.000570685719139874,1.0,74,0.02953379787504673,-0.041386887431144714,0.026774868369102478,0.020771946758031845,0.05614520236849785,0.0006758249364793301,1.0,0.06881992146372795,-0.04487335868179798,0.06276245415210724,-0.05076783895492554,0.05614520236849785,-0.041386887431144714,1.0
1790268520.740796,62.623985052108765,1247,0,23,0.7287962436676025,0.27119046449661255,0.6171836853027344,0.270412415266037,0.8018250465393066,0.04523880407214165,1.0,19,-0.09868260473012924,0.014990556053817272,0.27589672803878784,0.1472753882408142,0.19647006690502167,0.0435827262699604,1.0,33,-0.005743315909057856,-0.07701712101697922,0.02448340132832527,0.014709891751408577,0.08070696145296097,0.0007924263481982052,1.0,74,0.12456553429365158,-0.00425771763548255,0.34204909205436707,0.17392341792583466,0.1898520141839981,0.01010925229638815,1.0,0.49914755672216415,0.1430905102752149,0.08070696145296097,-0.07701712101697922,0.1898520141839981,-0.00425771763548255,1.0
1790268520.792796,62.67598485946655,1248,0,23,0.68227618932724,0.29659438133239746,0.5706326961517334,0.32686135172843933,0.7909594178199768,0.1213693618774414,1.0,19,-0.32278764247894287,0.07036550343036652,0.4929896295070648,0.23136574029922485,0.3891298174858093,0.06855819374322891,1.0,33,-0.005290175788104534,-0.12361052632331848,0.020983483642339706,0.024565890431404114,0.1254778951406479,0.001047503319568932,1.0,74,0.11303092539310455,-0.010062758810818195,0.3454879820346832,0.22625736892223358,0.22123178839683533,0.021607019007205963,1.0,0.5900446176528931,0.183479942381382,0.1254778951406479,-0.12361052632331848,0.22123178839683533,-0.010062758810818195,1.0
1790268520.8405895,62.72377848625183,1249,0,23,0.091814786195755,-0.09559830278158188,0.04256337508559227,0.03663649782538414,0.13929501175880432,0.0020678765140473843,1.0,19,0.016909951344132423,-0.06664396822452545,0.034902121871709824,0.04820319637656212,0.08416303247213364,0.0022453339770436287,1.0,33,0.01652619242668152,-0.12961092591285706,0.021505434066057205,0.027025768533349037,0.13212211430072784,0.0015529431402683258,1.0,74,0.04733049497008324,-0.07904589176177979,0.0417698472738266,0.05402904003858566,0.10783830285072327,0.0009911793749779463,1.0,0.11172902211546898,-0.08112113550305367,0.13212211430072784,-0.12961092591285706,0.10783830285072327,-0.07904589176177979,1.0
1790268520.8928869,62.77607583999634,1250,0,23,0.15621152520179749,-0.11202538758516312,0.05679655820131302,0.04059421643614769,0.1988249272108078,0.0035343810450285673,1.0,19,0.07035908102989197,-0.044186241924762726,0.03467469662427902,0.028826864436268806,0.08817775547504425,0.003071010811254382,1.0,33,0.10156989842653275,-0.1377762258052826,0.030309418216347694,0.03417756035923958,0.17267324030399323,0.0012098074657842517,1.0,74,0.1302754133939743,-0.10058335959911346,0.06063658371567726,0.059804655611515045,0.17414093017578125,0.0016628798330202699,1.0,0.14350134134292603,-0.07810581475496292,0.17267324030399323,-0.1377762258052826,0.17414093017578125,-0.10058335959911346,1.0
1790268520.9447844,62.82797336578369,1251,0,23,0.2428184151649475,-0.09428339451551437,0.08639858663082123,0.021464258432388306,0.262658953666687,0.001947785378433764,1.0,19,0.18636120855808258,-0.07910317182540894,0.05568164587020874,0.03717636689543724,0.2062269151210785,0.003509278642013669,1.0,33,0.17112916707992554,-0.11904814839363098,0.0406297892332077,0.02670164220035076,0.2092369645833969,0.0016463767969980836,1.0,74,0.1889287531375885,-0.09138055890798569,0.07817193865776062,0.06584285944700241,0.21898354589939117,0.0022620917297899723,1.0,0.23444293439388275,-0.08669328317046165,0.2092369645833969,-0.11904814839363098,0.21898354589939117,-0.09138055890798569,1.0
1790268520.9928024,62.875991344451904,1252,0,23,0.24159041047096252,-0.10507798939943314,0.05245005339384079,0.018919343128800392,0.26526471972465515,0.0024588746018707752,1.0,19,0.21815571188926697,-0.09954111278057098,0.08007737249135971,0.032676901668310165,0.24317260086536407,0.0022554732859134674,1.0,33,0.2561238706111908,-0.1378636211156845,0.07060554623603821,0.029217608273029327,0.2925938069820404,0.0014799542259424925,1.0,74,0.2519688010215759,-0.09073370695114136,0.08845429122447968,0.06154226139187813,0.27417856454849243,0.0018201147904619575,1.0,0.2542186602950096,-0.10230955109000206,0.2925938069820404,-0.1378636211156845,0.27417856454849243,-0.09073370695114136,1.0
1790268521.0447938,62.927982807159424,1253,0,23,0.312614768743515,-0.16910983622074127,0.05770674720406532,0.0347573459148407,0.35707101225852966,0.002857860643416643,1.0,19,0.2234015166759491,-0.07596226781606674,0.061749253422021866,0.06624112278223038,0.24441032111644745,0.0036516946274787188,1.0,33,0.214813694357872,-0.19014115631580353,0.0662936270236969,0.050293877720832825,0.2879975140094757,0.002731770509853959,1.0,74,0.22618989646434784,-0.12836766242980957,0.08511501550674438,0.0876108705997467,0.2715361416339874,0.0024326397106051445,1.0,0.30074066668748856,-0.12253605201840401,0.2879975140094757,-0.19014115631580353,0.2715361416339874,-0.12836766242980957,1.0
1790268521.092805,62.97599387168884,1254,0,23,0.16905610263347626,-0.18842150270938873,0.07559669762849808,0.04079339653253555,0.257565438747406,0.002595215803012252,1.0,19,0.08838372677564621,-0.09860550612211227,0.029171889647841454,0.028673425316810608,0.13402238488197327,0.0014882958494126797,1.0,33,0.10543406754732132,-0.2634415924549103,0.04608267918229103,0.05469901114702225,0.2860810160636902,0.0036083634477108717,1.0,74,0.11548490822315216,-0.1545526683330536,0.07886142283678055,0.11638021469116211,0.2180079072713852,0.0021579668391495943,1.0,0.19579391181468964,-0.1435135044157505,0.2860810160636902,-0.2634415924549103,0.2180079072713852,-0.1545526683330536,1.0
1790268521.1449015,63.028090476989746,1255,0,23,0.11289115250110626,-0.09743798524141312,0.19094286859035492,0.11298903077840805,0.20825384557247162,0.01107193622738123,1.0,19,0.03340711072087288,-0.10805792361497879,0.0984465479850769,0.12765701115131378,0.17271219193935394,0.019169755280017853,1.0,33,-0.20560479164123535,-0.35062432289123535,0.10484948754310608,0.1072799563407898,0.4206753075122833,0.005154021084308624,1.0,74,-0.023933203890919685,-0.14580464363098145,0.18077650666236877,0.17837876081466675,0.2324436604976654,0.006028002128005028,1.0,0.19048301875591278,-0.10274795442819595,0.4206753075122833,-0.35062432289123535,0.2324436604976654,-0.14580464363098145,1.0
1790268521.1968732,63.0800621509552,1256,0,23,-0.310198575258255,-0.1988930106163025,0.2802387773990631,0.08752024173736572,0.39452627301216125,0.007335366681218147,1.0,19,-0.09246022999286652,-0.1744866669178009,0.08602703362703323,0.12971964478492737,0.23945893347263336,0.009417499415576458,1.0,33,-0.5011948347091675,-0.32350990176200867,0.09413972496986389,0.08110800385475159,0.6044910550117493,0.005813208874315023,1.0,74,-0.25202426314353943,-0.1813591569662094,0.2517293095588684,0.1515367329120636,0.3290562629699707,0.004292483441531658,1.0,0.3169926032423973,-0.1866898387670517,0.6044910550117493,-0.32350990176200867,0.3290562629699707,-0.1813591569662094,1.0
1790268521.2445548,63.1277437210083,1257,0,23,-0.6403629183769226,-0.28791409730911255,0.36916685104370117,0.17583604156970978,0.7087014317512512,0.03528784587979317,1.0,19,-0.34179365634918213,-0.22217439115047455,0.1355573683977127,0.21228758990764618,0.46085605025291443,0.04051370546221733,1.0,33,-0.5450550317764282,-0.21865659952163696,0.1294129490852356,0.08173584938049316,0.5962903499603271,0.00427929637953639,1.0,74,-0.4180145263671875,-0.15911710262298584,0.3262889087200165,0.182918518781662,0.4669871926307678,0.01273204293102026,1.0,0.5847787410020828,-0.25504424422979355,0.5962903499603271,-0.21865659952163696,0.4669871926307678,-0.15911710262298584,1.0
1790268521.2964802,63.17966914176941,1258,0,23,-0.770473301410675,-0.23856055736541748,0.33122605085372925,0.14262636005878448,0.8121709227561951,0.06647247076034546,1.0,19,-0.3522869050502777,-0.19487963616847992,0.2115413099527359,0.2222261130809784,0.48783573508262634,0.03832845017313957,1.0,33,-0.40860724449157715,-0.051520608365535736,0.053858283907175064,0.05824777111411095,0.4167608916759491,0.003718271851539612,1.0,74,-0.4335232377052307,-0.08260922878980637,0.27419915795326233,0.14067760109901428,0.45836716890335083,0.015062066726386547,1.0,0.6500033289194107,-0.2167200967669487,0.4167608916759491,-0.051520608365535736,0.45836716890335083,-0.08260922878980637,1.0
1790268521.3446875,63.22787642478943,1259,0,23,-0.6090870499610901,-0.18215544521808624,0.24488353729248047,0.1537303477525711,0.6444602608680725,0.01076569315046072,1.0,19,-0.3505120575428009,-0.10885298997163773,0.114910788834095,0.16186249256134033,0.40248361229896545,0.01944756507873535,1.0,33,-0.23860584199428558,-0.051002733409404755,0.05818535387516022,0.030399957671761513,0.2459374964237213,0.001972643192857504,1.0,74,-0.3188557028770447,-0.05400611087679863,0.17755986750125885,0.11814601719379425,0.33655890822410583,0.004716027528047562,1.0,0.523471936583519,-0.14550421759486198,0.2459374964237213,-0.051002733409404755,0.33655890822410583,-0.05400611087679863,1.0
1790268521.396861,63.28005003929138,1260,1,23,-0.3765869140625,-0.19886647164821625,0.1597585529088974,0.09097708761692047,0.43094372749328613,0.005353184882551432,1.0,19,-0.2272386997938156,-0.12919777631759644,0.13699348270893097,0.11352419853210449,0.29427263140678406,0.006510836537927389,1.0,33,-0.301055908203125,-0.10726327449083328,0.04941041022539139,0.03372716158628464,0.3220274746417999,0.0019479452166706324,1.0,74,-0.27977320551872253,-0.10477272421121597,0.11335036903619766,0.0806773230433464,0.30647745728492737,0.003351817140355706,1.0,0.3626081794500351,-0.16403212398290634,0.3220274746417999,-0.10726327449083328,0.30647745728492737,-0.10477272421121597,1.0
1790268521.4489205,63.332109451293945,1261,0,23,-0.4456024169921875,-0.24223460257053375,0.10905620455741882,0.05554099380970001,0.5105759501457214,0.00406430521979928,1.0,19,-0.33507978916168213,-0.17013871669769287,0.07519960403442383,0.1603137105703354,0.4106493592262268,0.005694256629794836,1.0,33,-0.46991243958473206,-0.38177165389060974,0.08853082358837128,0.07806088775396347,0.6099231839179993,0.004904788453131914,1.0,74,-0.3604154884815216,-0.2033935785293579,0.13871607184410095,0.1577075570821762,0.42754361033439636,0.003817312652245164,1.0,0.4606126546859741,-0.2061866596341133,0.6099231839179993,-0.38177165389060974,0.42754361033439636,-0.2033935785293579,1.0
1790268521.4970021,63.38019108772278,1262,0,23,-0.5125367641448975,-0.31398144364356995,0.09877905249595642,0.07863518595695496,0.605086624622345,0.006133454851806164,1.0,19,-0.4720844328403473,-0.33691567182540894,0.09589700400829315,0.16064351797103882,0.5945675373077393,0.01134332362562418,1.0,33,-0.6066297888755798,-0.2895456850528717,0.1237965077161789,0.04483173415064812,0.675645649433136,0.006444564554840326,1.0,74,-0.45438385009765625,-0.2033373862504959,0.1620827168226242,0.14390575885772705,0.5116570591926575,0.004185151308774948,1.0,0.5998270809650421,-0.32544855773448944,0.675645649433136,-0.2895456850528717,0.5116570591926575,-0.2033373862504959,1.0
1790268521.5488493,63.43203830718994,1263,0,23,-0.50698322057724,-0.18645842373371124,0.1272977739572525,0.0466805100440979,0.5419262647628784,0.004224056843668222,1.0,19,-0.5342182517051697,-0.21405190229415894,0.1429581642150879,0.20498986542224884,0.6132803559303284,0.020912764593958855,1.0,33,-0.3480774760246277,-0.1748601794242859,0.07216572016477585,0.03926367685198784,0.3922393321990967,0.004019061103463173,1.0,74,-0.36100685596466064,-0.12167131900787354,0.14585795998573303,0.10281025618314743,0.39156708121299744,0.0030774292536079884,1.0,0.5776033103466034,-0.2002551630139351,0.3922393321990967,-0.1748601794242859,0.39156708121299744,-0.12167131900787354,1.0
1790268521.5969205,63.480109453201294,1264,0,23,-0.42562335729599,-0.04438317194581032,0.05134447664022446,0.04928357154130936,0.43072596192359924,0.0019142440287396312,1.0,19,-0.3736668527126312,-0.1732330322265625,0.1343395709991455,0.1607838124036789,0.4313173294067383,0.012395051307976246,1.0,33,-0.19862227141857147,-0.06081737205386162,0.05917981639504433,0.05491071566939354,0.21359750628471375,0.002032143296673894,1.0,74,-0.2659852206707001,-0.048124879598617554,0.1490480750799179,0.09937108308076859,0.2866953909397125,0.0022197612561285496,1.0,0.43102164566516876,-0.10880810208618641,0.21359750628471375,-0.06081737205386162,0.2866953909397125,-0.048124879598617554,1.0
1790268521.6488934,63.532082319259644,1265,0,23,-0.21117235720157623,-0.033181894570589066,0.05914822965860367,0.03004777617752552,0.21583013236522675,0.0021789218299090862,1.0,19,-0.27950888872146606,-0.1604132354259491,0.057216864079236984,0.07258058339357376,0.33028775453567505,0.008332003839313984,1.0,33,-0.20489501953125,-0.16821704804897308,0.07124485820531845,0.04411279782652855,0.2684599757194519,0.0033601298928260803,1.0,74,-0.17720381915569305,-0.08199723064899445,0.09718576818704605,0.09313046187162399,0.21483197808265686,0.0019408693769946694,1.0,0.2730589434504509,-0.09679756499826908,0.2684599757194519,-0.16821704804897308,0.21483197808265686,-0.08199723064899445,1.0
1790268521.7009099,63.58409881591797,1266,0,23,-0.08923207223415375,-0.11274520307779312,0.03885478898882866,0.02201235108077526,0.14774999022483826,0.0016392497345805168,1.0,19,-0.14512233436107635,-0.1343279331922531,0.06404495984315872,0.09426020085811615,0.21856611967086792,0.0031510060653090477,1.0,33,-0.052696920931339264,-0.374756783246994,0.0720224678516388,0.10189123451709747,0.3860359191894531,0.004938487429171801,1.0,74,-0.07114224880933762,-0.18181641399860382,0.052998460829257965,0.1605527251958847,0.20915478467941284,0.0025371455121785402,1.0,0.1831580549478531,-0.12353656813502312,0.3860359191894531,-0.374756783246994,0.20915478467941284,-0.18181641399860382,1.0
1790268521.7488306,63.63201951980591,1267,0,23,0.581996738910675,0.14549587666988373,0.5627917051315308,0.252750962972641,0.6779809594154358,0.07327906787395477,1.0,19,-0.3724927306175232,-0.13634450733661652,0.4090558886528015,0.15052075684070587,0.45480242371559143,0.04658706486225128,1.0,33,0.03930848836898804,-0.4325603246688843,0.06210291013121605,0.0813402384519577,0.4386897087097168,0.003633183892816305,1.0,74,0.10598362982273102,-0.18088221549987793,0.3202205300331116,0.2425733059644699,0.33675476908683777,0.014160439372062683,1.0,0.5663916915655136,0.004575684666633606,0.4386897087097168,-0.4325603246688843,0.33675476908683777,-0.18088221549987793,1.0
1790268521.800974,63.684162855148315,1268,0,23,0.75277179479599,-0.03913083299994469,0.5202377438545227,0.24276334047317505,0.8202441930770874,0.1107458546757698,1.0,19,-0.20004111528396606,-0.094329833984375,0.24063743650913239,0.2170439213514328,0.3325817584991455,0.06758725643157959,1.0,33,0.12051437795162201,-0.4512537121772766,0.06585085391998291,0.07603238523006439,0.4708532691001892,0.0049408599734306335,1.0,74,0.18396098911762238,-0.20732611417770386,0.36580905318260193,0.2504958212375641,0.39938580989837646,0.024261731654405594,1.0,0.5764129757881165,-0.06673033349215984,0.4708532691001892,-0.4512537121772766,0.39938580989837646,-0.20732611417770386,1.0
1790268521.8488455,63.73203444480896,1269,0,23,0.030767690390348434,-0.194341242313385,0.036487478762865067,0.058658748865127563,0.20075592398643494,0.0025847142096608877,1.0,19,-0.11059891432523727,-0.21474577486515045,0.061533767729997635,0.09230351448059082,0.2513715922832489,0.006007127929478884,1.0,33,-0.020153623074293137,-0.3823653757572174,0.0763033777475357,0.07333268970251083,0.39011868834495544,0.002660168334841728,1.0,74,0.007703007664531469,-0.202362060546875,0.06631959974765778,0.14205367863178253,0.22061170637607574,0.0018385897856205702,1.0,0.22606375813484192,-0.20454350858926773,0.39011868834495544,-0.3823653757572174,0.22061170637607574,-0.202362060546875,1.0
1790268521.9007196,63.78390860557556,1270,0,23,-0.013257897458970547,-0.1777496337890625,0.02487434819340706,0.03207199648022652,0.1797798126935959,0.0010607691947370768,1.0,19,-0.048184044659137726,-0.1615929901599884,0.049590349197387695,0.06106078624725342,0.180566668510437,0.0033021315466612577,1.0,33,-0.10069876164197922,-0.21436795592308044,0.051096297800540924,0.05854719504714012,0.24379895627498627,0.002696832874789834,1.0,74,-0.04360116645693779,-0.1385684609413147,0.05972432345151901,0.09232358634471893,0.1615714728832245,0.001668686862103641,1.0,0.18017324060201645,-0.16967131197452545,0.24379895627498627,-0.21436795592308044,0.1615714728832245,-0.1385684609413147,1.0
1790268521.9526455,63.83583450317383,1271,0,23,-0.02549080178141594,-0.1014682948589325,0.0347919762134552,0.02841101959347725,0.10844428837299347,0.0009028520435094833,1.0,19,-0.06385401636362076,-0.12640942633152008,0.03629544377326965,0.0443064384162426,0.14503808319568634,0.0024189266841858625,1.0,33,-0.04636961221694946,-0.10975369811058044,0.03114491142332554,0.019013460725545883,0.12326214462518692,0.001702124485746026,1.0,74,-0.03716710954904556,-0.07840625941753387,0.039395008236169815,0.043519027531147,0.09570861607789993,0.0009585271473042667,1.0,0.1267411857843399,-0.11393886059522629,0.12326214462518692,-0.10975369811058044,0.09570861607789993,-0.07840625941753387,1.0
1790268522.0005875,63.88377642631531,1272,0,23,-0.04528675973415375,-0.08825749903917313,0.02808128483593464,0.018831895664334297,0.10164304077625275,0.0009650230058468878,1.0,19,-0.05323229357600212,-0.07021773606538773,0.024559374898672104,0.030004747211933136,0.0925673395395279,0.0016251392662525177,1.0,33,-0.02156621776521206,-0.05587860941886902,0.014171027578413486,0.014047478325664997,0.06203928962349892,0.0013080249773338437,1.0,74,-0.02951008640229702,-0.04642816632986069,0.03284112736582756,0.030346035957336426,0.06398709118366241,0.0010073836892843246,1.0,0.09710519015789032,-0.07923761755228043,0.06203928962349892,-0.05587860941886902,0.06398709118366241,-0.04642816632986069,1.0
1790268522.0528052,63.935994148254395,1273,0,23,-0.02213718555867672,-0.05549157038331032,0.02442721091210842,0.013867887668311596,0.06440804153680801,0.0010387605288997293,1.0,19,-0.014022024348378181,-0.041107177734375,0.02057236060500145,0.024466831237077713,0.04918556287884712,0.002124333055689931,1.0,33,-0.027915261685848236,-0.03632239252328873,0.02702864445745945,0.013650533743202686,0.05027904734015465,0.0007186782895587385,1.0,74,-0.020969700068235397,-0.03507902845740318,0.01743450202047825,0.028527459129691124,0.04877099022269249,0.0006021567387506366,1.0,0.05679680220782757,-0.04829937405884266,0.05027904734015465,-0.03632239252328873,0.04877099022269249,-0.03507902845740318,1.0
1790268522.1010094,63.984198331832886,1274,0,23,-0.013153076171875,-0.042706698179244995,0.01936529576778412,0.009680849500000477,0.04805152863264084,0.0011581910075619817,1.0,19,-0.06340910494327545,-0.028395000845193863,0.019176064059138298,0.019391560927033424,0.07270257920026779,0.002199203474447131,1.0,33,-0.04029984772205353,-0.032915983349084854,0.010316498577594757,0.01227838546037674,0.05295461043715477,0.0006199048948474228,1.0,74,-0.0349314920604229,-0.034346502274274826,0.02152610383927822,0.019682541489601135,0.054026223719120026,0.000821687572170049,1.0,0.060377053916454315,-0.03555084951221943,0.05295461043715477,-0.032915983349084854,0.054026223719120026,-0.034346502274274826,1.0
1790268522.1528249,64.03601384162903,1275,1,23,-0.06979966908693314,-0.019493434578180313,0.025482673197984695,0.014893723651766777,0.07383130490779877,0.0009212562581524253,1.0,19,-0.07334819436073303,-0.017673693597316742,0.0497228167951107,0.027828024700284004,0.08012539893388748,0.0040012844838202,1.0,33,-0.05324716120958328,-0.014589713886380196,0.016785627231001854,0.01669057086110115,0.05722302198410034,0.0009465535404160619,1.0,74,-0.057912878692150116,-0.008401510305702686,0.032218918204307556,0.02223321981728077,0.06564893573522568,0.0008912823395803571,1.0,0.07697835192084312,-0.018583564087748528,0.05722302198410034,-0.014589713886380196,0.06564893573522568,-0.008401510305702686,1.0
1790268522.2047765,64.08796548843384,1276,0,23,-0.09497004002332687,0.01520107127726078,0.047443829476833344,0.016118740662932396,0.09788152575492859,0.0013190964236855507,1.0,19,-0.086578369140625,-0.009838706813752651,0.04227310046553612,0.01885169930756092,0.08979275077581406,0.001857939176261425,1.0,33,-0.09210020303726196,0.020321469753980637,0.0378841795027256,0.01555921696126461,0.09564564377069473,0.0009258094360120595,1.0,74,-0.09122631698846817,0.0034588994458317757,0.04738591983914375,0.030283665284514427,0.0958246961236,0.0009544219938106835,1.0,0.09383713826537132,0.0026811822317540646,0.09564564377069473,0.020321469753980637,0.0958246961236,0.0034588994458317757,1.0
1790268522.2527752,64.13596415519714,1277,0,23,-0.11619766801595688,0.04909548535943031,0.035338930785655975,0.015595928765833378,0.12685485184192657,0.0010093223536387086,1.0,19,-0.09695755690336227,0.0025233218912035227,0.029537443071603775,0.018979866057634354,0.09925361722707748,0.002026801463216543,1.0,33,-0.10265465825796127,0.015572288073599339,0.028940021991729736,0.01730063371360302,0.1047738716006279,0.0008476367220282555,1.0,74,-0.09795874357223511,0.01606946438550949,0.045335862785577774,0.02824021317064762,0.10433318465948105,0.0010358017170801759,1.0,0.11305423453450203,0.025809403625316918,0.1047738716006279,0.015572288073599339,0.10433318465948105,0.01606946438550949,1.0
1790268522.3047915,64.18798041343689,1278,0,23,-0.1138916015625,0.006479677744209766,0.04090525582432747,0.031232738867402077,0.11846381425857544,0.0014022625982761383,1.0,19,-0.07048436254262924,0.008577045984566212,0.03845371678471565,0.02858760952949524,0.07653313875198364,0.005133478902280331,1.0,33,-0.08343459665775299,-0.004009362310171127,0.020434370264410973,0.016641750931739807,0.0850537121295929,0.0008222147007472813,1.0,74,-0.07924281060695648,0.0034116797614842653,0.041015323251485825,0.02714415267109871,0.08382523059844971,0.0009495014674030244,1.0,0.09749847650527954,0.007528361864387989,0.0850537121295929,-0.004009362310171127,0.08382523059844971,0.0034116797614842653,1.0
1790268522.3528852,64.23607420921326,1279,0,23,-0.07099051773548126,0.03490879386663437,0.13310903310775757,0.06358211487531662,0.1327429562807083,0.006682923529297113,1.0,19,-0.057095177471637726,-0.023570813238620758,0.05735160782933235,0.0967557281255722,0.10620630532503128,0.014053844846785069,1.0,33,-0.05977006256580353,-0.015127933584153652,0.016285700723528862,0.01329111773520708,0.06323371827602386,0.0006451209774240851,1.0,74,-0.04478990659117699,0.005076228175312281,0.06590580195188522,0.049575332552194595,0.06799201667308807,0.003915984649211168,1.0,0.1194746308028698,0.005668990314006805,0.06323371827602386,-0.015127933584153652,0.06799201667308807,0.005076228175312281,1.0
1790268522.4048626,64.28805160522461,1280,0,23,-0.07314134389162064,-0.041306205093860626,0.112455815076828,0.09335623681545258,0.09707901626825333,0.006223089061677456,1.0,19,0.10758570581674576,-0.016791895031929016,0.16594217717647552,0.05017198622226715,0.14165693521499634,0.007947116158902645,1.0,33,0.0033472233917564154,-0.011589281260967255,0.01563327945768833,0.00882785115391016,0.01894575171172619,0.0005522813880816102,1.0,74,-0.010200913064181805,-0.011053652502596378,0.09098421037197113,0.06091142073273659,0.044872529804706573,0.0026915448252111673,1.0,0.11936797574162483,-0.02904905006289482,0.01894575171172619,-0.011589281260967255,0.044872529804706573,-0.011053652502596378,1.0
1790268522.4568496,64.34003853797913,1281,0,23,-0.15288245677947998,-0.11406210064888,0.2754119336605072,0.12842127680778503,0.24065928161144257,0.04846943914890289,1.0,19,0.1299791783094406,-0.015035528689622879,0.16783544421195984,0.13796943426132202,0.17187528312206268,0.03861384466290474,1.0,33,0.03705250099301338,0.0074971518479287624,0.017394021153450012,0.01179132517427206,0.04021953046321869,0.0006572152487933636,1.0,74,-0.0034672506153583527,-0.015153833664953709,0.18779730796813965,0.10974760353565216,0.10632867366075516,0.011965432204306126,1.0,0.20626728236675262,-0.06454881466925144,0.04021953046321869,0.0074971518479287624,0.10632867366075516,-0.015153833664953709,1.0
1790268522.504822,64.38801097869873,1282,0,23,0.014570816420018673,-0.1305873692035675,0.13743579387664795,0.08126074075698853,0.18898391723632812,0.0170306246727705,1.0,19,0.2301459014415741,-0.07733555883169174,0.16203123331069946,0.1323559433221817,0.25351178646087646,0.012317038141191006,1.0,33,0.09050773829221725,-0.007361209951341152,0.028157303109765053,0.02086596004664898,0.09328753501176834,0.0008674379787407815,1.0,74,0.08395200222730637,-0.024168994277715683,0.09135892987251282,0.09006397426128387,0.12470176070928574,0.0036716305185109377,1.0,0.2212478518486023,-0.10396146401762962,0.09328753501176834,-0.007361209951341152,0.12470176070928574,-0.024168994277715683,1.0
1790268522.5566037,64.43979263305664,1283,0,23,-0.11846127361059189,-0.2646962106227875,0.2135167270898819,0.174125537276268,0.33993878960609436,0.018056921660900116,1.0,19,0.2268933802843094,-0.13574860990047455,0.19334140419960022,0.1774587482213974,0.2769733965396881,0.015446243807673454,1.0,33,0.12109837681055069,-0.06734813004732132,0.04717244580388069,0.018287552520632744,0.139644056558609,0.0008634156547486782,1.0,74,0.0796981006860733,-0.08277161419391632,0.13468462228775024,0.12314954400062561,0.16376101970672607,0.0036901449784636497,1.0,0.30845609307289124,-0.200222410261631,0.139644056558609,-0.06734813004732132,0.16376101970672607,-0.08277161419391632,1.0
1790268522.6045332,64.487722158432,1284,0,23,-0.0699794590473175,-0.1759849190711975,0.12772610783576965,0.07929835468530655,0.21956391632556915,0.004585487302392721,1.0,19,0.08231715112924576,-0.07438017427921295,0.058745354413986206,0.11176791042089462,0.13942308723926544,0.0076552219688892365,1.0,33,0.062441740185022354,-0.042707037180662155,0.017163779586553574,0.013884350657463074,0.07674184441566467,0.0006833468214608729,1.0,74,0.04261016845703125,-0.047785475850105286,0.0749729797244072,0.08083774894475937,0.10508377850055695,0.0014497077791020274,1.0,0.1794935017824173,-0.12518254667520523,0.07674184441566467,-0.042707037180662155,0.10508377850055695,-0.047785475850105286,1.0
1790268522.6567197,64.53990864753723,1285,0,23,0.013688460923731327,-0.09055428206920624,0.06005227938294411,0.02636195532977581,0.10880665481090546,0.0014043066184967756,1.0,19,0.08543476462364197,-0.06368616968393326,0.030318252742290497,0.03168736398220062,0.11229834705591202,0.0022603000979870558,1.0,33,0.07280892878770828,-0.0499064140021801,0.011454818770289421,0.016602398827672005,0.08937645703554153,0.0005797576741315424,1.0,74,0.06276682019233704,-0.031192058697342873,0.04421576112508774,0.04353385791182518,0.08913882821798325,0.0009623933001421392,1.0,0.11055250093340874,-0.07712022587656975,0.08937645703554153,-0.0499064140021801,0.08913882821798325,-0.031192058697342873,1.0
1790268522.7089517,64.59214067459106,1286,0,23,0.08714095503091812,-0.1043853759765625,0.06268881261348724,0.0244363434612751,0.14380207657814026,0.00180071871727705,1.0,19,0.11709915846586227,-0.08973292261362076,0.03308138623833656,0.032239705324172974,0.15013739466667175,0.002657564589753747,1.0,33,0.10925986617803574,-0.08031163364648819,0.0242167916148901,0.013966149650514126,0.13625508546829224,0.0007945286924950778,1.0,74,0.10454992204904556,-0.06387772411108017,0.04178432747721672,0.04137982428073883,0.12923647463321686,0.00121296604629606,1.0,0.146969735622406,-0.09705914929509163,0.13625508546829224,-0.08031163364648819,0.12923647463321686,-0.06387772411108017,1.0
1790268522.756896,64.64008498191833,1287,0,23,0.12086553126573563,-0.19230784475803375,0.13715429604053497,0.08810878545045853,0.2588491141796112,0.005330149084329605,1.0,19,0.24890778958797455,-0.10341925173997879,0.15946224331855774,0.12191159278154373,0.27697667479515076,0.010713035240769386,1.0,33,0.19085462391376495,-0.0653533935546875,0.057020243257284164,0.026621347293257713,0.2027968168258667,0.0017508772434666753,1.0,74,0.1609760969877243,-0.06510739773511887,0.1012318879365921,0.08956161141395569,0.18987490236759186,0.0024806768633425236,1.0,0.267912894487381,-0.14786354824900627,0.2027968168258667,-0.0653533935546875,0.18987490236759186,-0.06510739773511887,1.0
1790268522.8088892,64.69207811355591,1288,0,23,0.07749474793672562,-0.06220278516411781,0.05048496276140213,0.02624928019940853,0.11094937473535538,0.0017438476206734776,1.0,19,0.15116962790489197,-0.012792486697435379,0.03624764457345009,0.047528162598609924,0.1595822125673294,0.003461940214037895,1.0,33,0.20794954895973206,-0.0007472182624042034,0.038014430552721024,0.018741346895694733,0.2087744176387787,0.000785765761975199,1.0,74,0.1491534262895584,-0.016787245869636536,0.08012066036462784,0.04388949275016785,0.16182273626327515,0.0012566902441903949,1.0,0.1352657936513424,-0.037497635930776596,0.2087744176387787,-0.0007472182624042034,0.16182273626327515,-0.016787245869636536,1.0
1790268522.8569312,64.74012017250061,1289,0,23,0.13158383965492249,-0.051424771547317505,0.02984103001654148,0.01622869446873665,0.1421687752008438,0.0012185284867882729,1.0,19,0.22144679725170135,-0.022387051954865456,0.06567749381065369,0.02464141696691513,0.2240023910999298,0.0033460985869169235,1.0,33,0.25719475746154785,0.023837927728891373,0.057493992149829865,0.03248142823576927,0.2601994574069977,0.001546425512060523,1.0,74,0.16430211067199707,-0.001856211107224226,0.0787198469042778,0.04810956493020058,0.17274054884910583,0.001673842896707356,1.0,0.1830855831503868,-0.03690591175109148,0.2601994574069977,0.023837927728891373,0.17274054884910583,-0.001856211107224226,1.0
1790268522.9090273,64.79221630096436,1290,1,23,0.14895164966583252,-0.050143033266067505,0.048656485974788666,0.017684845253825188,0.1586289256811142,0.0015733075561001897,1.0,19,0.15502287447452545,-0.01697741076350212,0.03555404767394066,0.0532790832221508,0.1653132289648056,0.0034913753625005484,1.0,33,0.22036142647266388,0.006849346682429314,0.0301319919526577,0.019095653668045998,0.22128820419311523,0.001386516378261149,1.0,74,0.16261228919029236,-0.00565781444311142,0.06422223150730133,0.02494746260344982,0.16566334664821625,0.001344021875411272,1.0,0.1619710773229599,-0.03356022201478481,0.22128820419311523,0.006849346682429314,0.16566334664821625,-0.00565781444311142,1.0
1790268522.9609368,64.84412574768066,1291,0,23,0.16583849489688873,-0.0029794443398714066,0.03292352706193924,0.020305339246988297,0.16701070964336395,0.0017306965310126543,1.0,19,0.20943892002105713,0.024756180122494698,0.03914279863238335,0.04810594022274017,0.2158406376838684,0.0028437087312340736,1.0,33,0.22823958098888397,0.030247081071138382,0.043019913136959076,0.01958814449608326,0.23152196407318115,0.0011481394758448005,1.0,74,0.18879349529743195,0.008169741369783878,0.0650368258357048,0.03557448461651802,0.19375106692314148,0.0015854638768360019,1.0,0.19142567366361618,0.010888367891311646,0.23152196407318115,0.030247081071138382,0.19375106692314148,0.008169741369783878,1.0
1790268523.0088873,64.89207625389099,1292,0,23,0.225031316280365,-0.03526770696043968,0.05404673144221306,0.024250168353319168,0.22919555008411407,0.0019225942669436336,1.0,19,0.19140625,0.006072998046875,0.05468316748738289,0.052696868777275085,0.1993604302406311,0.005294774193316698,1.0,33,0.20936861634254456,-0.0059305825270712376,0.03977322205901146,0.019123569130897522,0.210344135761261,0.0012972219847142696,1.0,74,0.18607206642627716,0.0009265590342693031,0.07134928554296494,0.03752729296684265,0.1906370371580124,0.0015701170777902007,1.0,0.2142779901623726,-0.014597354456782341,0.210344135761261,-0.0059305825270712376,0.1906370371580124,0.0009265590342693031,1.0
1790268523.0608332,64.9440221786499,1293,0,23,0.20925173163414001,-0.027343086898326874,0.036765649914741516,0.018110601231455803,0.2118321657180786,0.0018290103180333972,1.0,19,0.24530190229415894,-0.0034541080240160227,0.06097676604986191,0.05410038307309151,0.25139153003692627,0.005801601801067591,1.0,33,0.22149519622325897,0.012286561541259289,0.029117994010448456,0.02017391473054886,0.2226746678352356,0.0011205885093659163,1.0,74,0.1969977766275406,0.0033154874108731747,0.06571338325738907,0.03977186232805252,0.20365358889102936,0.001887046149931848,1.0,0.23161184787750244,-0.015398597461171448,0.2226746678352356,0.012286561541259289,0.20365358889102936,0.0033154874108731747,1.0
1790268523.1088204,64.99200940132141,1294,0,23,0.21174754202365875,-0.010783983394503593,0.025372780859470367,0.01856101304292679,0.21278764307498932,0.0013519866624847054,1.0,19,0.20415617525577545,0.018761886283755302,0.0469096414744854,0.04882940649986267,0.20996049046516418,0.0027243776712566614,1.0,33,0.19561444222927094,0.0056610107421875,0.030016934499144554,0.013578161597251892,0.196201354265213,0.0011620045406743884,1.0,74,0.17337283492088318,0.008376353420317173,0.05544564127922058,0.035624511539936066,0.17769266664981842,0.0011556129902601242,1.0,0.21137406677007675,0.0039889514446258545,0.196201354265213,0.0056610107421875,0.17769266664981842,0.008376353420317173,1.0
1790268523.160707,65.04389595985413,1295,0,23,0.214630126953125,0.00690626073628664,0.03795405849814415,0.013616567477583885,0.21522988379001617,0.0022168736904859543,1.0,19,0.26779013872146606,0.046359412372112274,0.08026423305273056,0.03907115384936333,0.2765543758869171,0.004456706810742617,1.0,33,0.20516321063041687,0.02239389158785343,0.04562285542488098,0.02033921331167221,0.2076358050107956,0.0010333007667213678,1.0,74,0.1936187744140625,0.010752703994512558,0.07154489308595657,0.05307867005467415,0.20274889469146729,0.0014596825931221247,1.0,0.24589212983846664,0.026632836554199457,0.2076358050107956,0.02239389158785343,0.20274889469146729,0.010752703994512558,1.0
1790268523.208912,65.09210085868835,1296,0,23,0.18015123903751373,-0.02056221291422844,0.04411521181464195,0.01744583249092102,0.18267486989498138,0.0014598985435441136,1.0,19,0.23170551657676697,0.04675373435020447,0.04072108864784241,0.05660615861415863,0.24268807470798492,0.0025323147419840097,1.0,33,0.1998850554227829,0.04173926264047623,0.026489391922950745,0.018715843558311462,0.2051411122083664,0.0011789881391450763,1.0,74,0.17572970688343048,0.014124174602329731,0.064150869846344,0.0388072207570076,0.1830020397901535,0.0013858461752533913,1.0,0.21268147230148315,0.013095760717988014,0.2051411122083664,0.04173926264047623,0.1830020397901535,0.014124174602329731,1.0
1790268523.2605145,65.14370346069336,1297,0,23,0.16070623695850372,-0.0128936767578125,0.03304299712181091,0.012109450995922089,0.1617865264415741,0.0016158740036189556,1.0,19,0.19161826372146606,-0.003790604416280985,0.04582348093390465,0.07051658630371094,0.20316152274608612,0.004625840578228235,1.0,33,0.22206485271453857,0.04392034187912941,0.04522781819105148,0.022494211792945862,0.22746561467647552,0.0012142503401264548,1.0,74,0.1757272183895111,0.012160120531916618,0.07433059811592102,0.041238971054553986,0.18176878988742828,0.0013467243406921625,1.0,0.1824740245938301,-0.008342140587046742,0.22746561467647552,0.04392034187912941,0.18176878988742828,0.012160120531916618,1.0
1790268523.3127742,65.19596314430237,1298,0,23,0.16559766232967377,0.02661796286702156,0.03784988820552826,0.013781621120870113,0.16912026703357697,0.0015562810003757477,1.0,19,0.22528398036956787,0.0523834228515625,0.0709395632147789,0.03189128264784813,0.23520727455615997,0.00254358584061265,1.0,33,0.18750092387199402,0.0590057373046875,0.02735302224755287,0.014288468286395073,0.19744600355625153,0.0013821381144225597,1.0,74,0.14393389225006104,0.03310713917016983,0.05675620958209038,0.03610183298587799,0.15354900062084198,0.0011084683937951922,1.0,0.20216377079486847,0.03950069285929203,0.19744600355625153,0.0590057373046875,0.15354900062084198,0.03310713917016983,1.0
1790268523.3608603,65.2440493106842,1299,0,23,0.12126225978136063,0.009444527328014374,0.03716493770480156,0.009135342203080654,0.12205516546964645,0.0006565811345353723,1.0,19,0.14023149013519287,0.05156025290489197,0.052101291716098785,0.022965287789702415,0.1526251584291458,0.0020808111876249313,1.0,33,0.16131776571273804,0.077392578125,0.04670708253979683,0.015708208084106445,0.1797562837600708,0.0011498613748699427,1.0,74,0.11674273014068604,0.038384515792131424,0.05076265335083008,0.04028986766934395,0.1278383731842041,0.0009453405509702861,1.0,0.13734016194939613,0.03050239011645317,0.1797562837600708,0.077392578125,0.1278383731842041,0.038384515792131424,1.0
1790268523.4128218,65.29601073265076,1300,0,23,0.10235728323459625,0.038821011781692505,0.0466030016541481,0.013164675794541836,0.11281853914260864,0.0010279712732881308,1.0,19,0.1140265241265297,0.05353666469454765,0.03394508361816406,0.029252681881189346,0.12989872694015503,0.0022360295988619328,1.0,33,0.12377560138702393,0.10155880451202393,0.04171964153647423,0.023818369954824448,0.16400834918022156,0.0032608865294605494,1.0,74,0.08509662002325058,0.04738080874085426,0.045575570315122604,0.04281012341380119,0.10290490090847015,0.001323034055531025,1.0,0.12135863304138184,0.04617883823812008,0.16400834918022156,0.10155880451202393,0.10290490090847015,0.04738080874085426,1.0
1790268523.4608436,65.34403252601624,1301,0,23,0.052591074258089066,0.05478900298476219,0.02084546722471714,0.014552556909620762,0.07745947688817978,0.0006182729848660529,1.0,19,0.1214599609375,0.06127448007464409,0.048613350838422775,0.034164927899837494,0.14185400307178497,0.002287881216034293,1.0,33,0.08027879893779755,0.11142615228891373,0.020571673288941383,0.026567399501800537,0.13876549899578094,0.0014245538040995598,1.0,74,0.06015509366989136,0.05295892804861069,0.02941093221306801,0.047822196036577225,0.08905286341905594,0.0008179137948900461,1.0,0.10965673997998238,0.05803174152970314,0.13876549899578094,0.11142615228891373,0.08905286341905594,0.05295892804861069,1.0
1790268523.512818,65.39600706100464,1302,0,23,0.04119674116373062,0.05077793449163437,0.01723812147974968,0.015457081608474255,0.06740135699510574,0.0010197878582403064,1.0,19,0.0791754499077797,0.06732338666915894,0.027597257867455482,0.03323713317513466,0.10779587924480438,0.0020046669524163008,1.0,33,0.06950008869171143,0.10193795710802078,0.029099779203534126,0.031231870874762535,0.1267678588628769,0.0011494833743199706,1.0,74,0.04839448630809784,0.05045153573155403,0.030929725617170334,0.044464342296123505,0.0773075520992279,0.0008645130437798798,1.0,0.08759861811995506,0.05905066058039665,0.1267678588628769,0.10193795710802078,0.0773075520992279,0.05045153573155403,1.0
1790268523.564758,65.44794702529907,1303,0,23,0.055195022374391556,0.05485402047634125,0.02560836635529995,0.008773619309067726,0.07977686077356339,0.0005855367635376751,1.0,19,0.07378989458084106,0.050463225692510605,0.024552488699555397,0.0295439213514328,0.09412126243114471,0.0020975542720407248,1.0,33,0.06041370704770088,0.11005239933729172,0.01932714506983757,0.01972953975200653,0.1271674633026123,0.0012072360841557384,1.0,74,0.04726657271385193,0.05461409315466881,0.02613382413983345,0.049602705985307693,0.07941136509180069,0.0006664652610197663,1.0,0.08694906160235405,0.052658623084425926,0.1271674633026123,0.11005239933729172,0.07941136509180069,0.05461409315466881,1.0
1790268523.6128745,65.49606347084045,1304,0,23,0.06613755971193314,0.042288076132535934,0.028168847784399986,0.007875190116465092,0.08011897653341293,0.0006780241383239627,1.0,19,0.09004773944616318,0.06783415377140045,0.03845537081360817,0.025829702615737915,0.11822878569364548,0.001389395329169929,1.0,33,0.059491705149412155,0.08236925303936005,0.020884543657302856,0.018402080982923508,0.10361260175704956,0.0009750527678988874,1.0,74,0.04623124375939369,0.04869161918759346,0.02805282361805439,0.032401252537965775,0.07156845927238464,0.0007679522386752069,1.0,0.0991738811135292,0.05506111495196819,0.10361260175704956,0.08236925303936005,0.07156845927238464,0.04869161918759346,1.0
1790268523.6649587,65.54814767837524,1305,1,23,0.04007621482014656,0.01448324415832758,0.022716321051120758,0.008619414642453194,0.044120773673057556,0.0008029829477891326,1.0,19,0.05386834219098091,0.039080169051885605,0.02560560591518879,0.03894036263227463,0.07807156443595886,0.0016465759836137295,1.0,33,0.03485523536801338,0.04527883976697922,0.018097059801220894,0.015835486352443695,0.05957162752747536,0.0006230726721696556,1.0,74,0.026422448456287384,0.020442446693778038,0.018793655559420586,0.024349592626094818,0.041544172912836075,0.0006757347146049142,1.0,0.06109616905450821,0.026781706605106592,0.05957162752747536,0.04527883976697922,0.041544172912836075,0.020442446693778038,1.0
1790268523.712956,65.59614491462708,1306,0,23,0.011222507804632187,0.03329003229737282,0.024508686736226082,0.01144387573003769,0.04238755628466606,0.000549721356946975,1.0,19,0.042510986328125,0.042188141494989395,0.03678809851408005,0.018715856596827507,0.06796468049287796,0.001719518331810832,1.0,33,0.0028201015666127205,0.04265247657895088,0.016386238858103752,0.01456749439239502,0.04600151255726814,0.0007180997054092586,1.0,74,0.015011761337518692,0.029969705268740654,0.01920941099524498,0.022337108850479126,0.04050096869468689,0.0006251572631299496,1.0,0.05517611838877201,0.03773908689618111,0.04600151255726814,0.04265247657895088,0.04050096869468689,0.029969705268740654,1.0
1790268523.7648644,65.64805340766907,1307,0,23,0.028670601546764374,0.027010047808289528,0.0299642663449049,0.010334593243896961,0.0431448332965374,0.0006217663758434355,1.0,19,0.04089516028761864,0.021453857421875,0.030491027981042862,0.02567306160926819,0.05432909354567528,0.0020337295718491077,1.0,33,0.02015223726630211,0.049659498035907745,0.016122430562973022,0.019692901521921158,0.055575549602508545,0.0007147931610234082,1.0,74,0.01593100093305111,0.02253805659711361,0.016347531229257584,0.027779554948210716,0.03797297552227974,0.0006546332151629031,1.0,0.04873696342110634,0.024231952615082264,0.055575549602508545,0.049659498035907745,0.03797297552227974,0.02253805659711361,1.0
1790268523.8166966,65.69988560676575,1308,0,23,0.04011071100831032,0.014688906259834766,0.020047739148139954,0.008890589699149132,0.044485513120889664,0.0006776220980100334,1.0,19,0.024584317579865456,0.045806884765625,0.027682336047291756,0.050558943301439285,0.0684407576918602,0.002928529866039753,1.0,33,0.006028146483004093,0.03659658879041672,0.018200388178229332,0.016076302155852318,0.0424773283302784,0.0008449743036180735,1.0,74,0.018527468666434288,0.019054928794503212,0.020244309678673744,0.021310249343514442,0.036300383508205414,0.0008374472381547093,1.0,0.05646313540637493,0.030247895512729883,0.0424773283302784,0.03659658879041672,0.036300383508205414,0.019054928794503212,1.0
1790268523.8646352,65.74782419204712,1309,0,23,0.05623062700033188,0.0013341489247977734,0.013352838344871998,0.009380636736750603,0.0572112500667572,0.0006981686456128955,1.0,19,0.04913972690701485,-0.008181923069059849,0.029653673991560936,0.030884308740496635,0.0613865964114666,0.0017683429177850485,1.0,33,0.047233350574970245,0.02290899120271206,0.01698673516511917,0.013580672442913055,0.05467183515429497,0.0005921768024563789,1.0,74,0.044363074004650116,0.007138845045119524,0.014894128777086735,0.01993599906563759,0.049397196620702744,0.0006603403016924858,1.0,0.0592989232391119,-0.0034238870721310377,0.05467183515429497,0.02290899120271206,0.049397196620702744,0.007138845045119524,1.0
1790268523.9168909,65.80007982254028,1310,0,23,0.0619964599609375,0.00358647876419127,0.008826864883303642,0.007574777584522963,0.06256663799285889,0.0013142009265720844,1.0,19,0.06232653185725212,0.03112230822443962,0.019980331882834435,0.026040278375148773,0.07476918399333954,0.0019080884521827102,1.0,33,0.05875697359442711,0.019890062510967255,0.02120969444513321,0.012698081322014332,0.06355520337820053,0.0005224927444942296,1.0,74,0.05639401078224182,0.01845550537109375,0.028739765286445618,0.022966625168919563,0.06305205821990967,0.0008681297767907381,1.0,0.06866791099309921,0.017354393494315445,0.06355520337820053,0.019890062510967255,0.06305205821990967,0.01845550537109375,1.0
1790268523.9649398,65.84812879562378,1311,0,23,0.05514857918024063,0.01769157126545906,0.027948250994086266,0.01263941079378128,0.06154605746269226,0.0005555454408749938,1.0,19,0.0639519914984703,0.00800845492631197,0.04780036583542824,0.02915157563984394,0.07745068520307541,0.0020228095818310976,1.0,33,0.02642776072025299,0.037605054676532745,0.013524951413273811,0.014140882529318333,0.048595231026411057,0.0006635190220549703,1.0,74,0.04383169487118721,0.016879519447684288,0.032395634800195694,0.026155447587370872,0.05568460375070572,0.0007560520898550749,1.0,0.06949837133288383,0.012850013095885515,0.048595231026411057,0.037605054676532745,0.05568460375070572,0.016879519447684288,1.0
1790268524.016982,65.90017104148865,1312,0,23,0.06392569839954376,0.00975301954895258,0.02628258615732193,0.021733392030000687,0.06836377829313278,0.0014450122835114598,1.0,19,0.05333027243614197,0.03294292092323303,0.025596026331186295,0.02212727814912796,0.06650791317224503,0.0009069168008863926,1.0,33,0.05478229001164436,0.038785528391599655,0.0161370187997818,0.013680594973266125,0.06846185773611069,0.0006771244225092232,1.0,74,0.05315069109201431,0.022351445630192757,0.02035476081073284,0.022562604397535324,0.06187685579061508,0.0006326009752228856,1.0,0.0674358457326889,0.021347970236092806,0.06846185773611069,0.038785528391599655,0.06187685579061508,0.022351445630192757,1.0
1790268524.0688875,65.95207643508911,1313,0,23,0.03370334953069687,0.03909102827310562,0.018711833283305168,0.012175205163657665,0.054609473794698715,0.0005400218651629984,1.0,19,0.02675909735262394,0.04445366933941841,0.024875901639461517,0.01970490626990795,0.05868382379412651,0.0014908602461218834,1.0,33,0.05662860348820686,0.053530145436525345,0.0180186964571476,0.015908652916550636,0.07952452450990677,0.0009263628744520247,1.0,74,0.04551944136619568,0.027742747217416763,0.019524086266756058,0.025127001106739044,0.057594191282987595,0.0006218902999535203,1.0,0.05664664879441261,0.041772348806262016,0.07952452450990677,0.053530145436525345,0.057594191282987595,0.027742747217416763,1.0
1790268524.1169345,66.00012350082397,1314,0,23,0.06912297755479813,0.04012928903102875,0.02618885599076748,0.007826685905456543,0.08081816881895065,0.0006614068406634033,1.0,19,0.07187050580978394,0.03006061725318432,0.02872760221362114,0.031292740255594254,0.08564089983701706,0.0016546996776014566,1.0,33,0.06014043465256691,0.04602698236703873,0.01916014775633812,0.013578521087765694,0.07811591774225235,0.0005387009587138891,1.0,74,0.050980232656002045,0.031740136444568634,0.02147049643099308,0.022328082472085953,0.06438146531581879,0.0006885582115501165,1.0,0.08322953432798386,0.03509495314210653,0.07811591774225235,0.04602698236703873,0.06438146531581879,0.031740136444568634,1.0
1790268524.1689465,66.0521354675293,1315,0,23,0.06235272064805031,0.012284652329981327,0.013742281123995781,0.012370077893137932,0.06502930819988251,0.0009572886046953499,1.0,19,0.07397621870040894,0.012280113063752651,0.024238605052232742,0.03418354317545891,0.08346539735794067,0.0013262731954455376,1.0,33,0.05599837005138397,0.03715561330318451,0.01626298390328884,0.01611102744936943,0.06928355991840363,0.0005711690755560994,1.0,74,0.05341895669698715,0.02094268798828125,0.023687174543738365,0.021287968382239342,0.06150256097316742,0.000734168104827404,1.0,0.07424735277891159,0.01228238269686699,0.06928355991840363,0.03715561330318451,0.06150256097316742,0.02094268798828125,1.0
1790268524.2169359,66.10012483596802,1316,0,23,0.05549157038331032,0.00257939868606627,0.021453561261296272,0.01659885048866272,0.057760514318943024,0.0008326736278831959,1.0,19,0.06591314822435379,0.010242663323879242,0.025129228830337524,0.03635357320308685,0.07588978856801987,0.001380563247948885,1.0,33,0.058936841785907745,0.01809137500822544,0.01685987040400505,0.011338038370013237,0.06299234926700592,0.0005890483735129237,1.0,74,0.05550673231482506,0.008075198158621788,0.0203174389898777,0.019898883998394012,0.05943290516734123,0.0007376560824923217,1.0,0.06682515144348145,0.006411031004972756,0.06299234926700592,0.01809137500822544,0.05943290516734123,0.008075198158621788,1.0
1790268524.2689545,66.15214347839355,1317,0,23,0.08161793649196625,0.00042459237738512456,0.022906247526407242,0.010383288376033306,0.08225236088037491,0.0007544122636318207,1.0,19,0.07439061254262924,0.014474969357252121,0.018890617415308952,0.02438974753022194,0.07915016263723373,0.0014146554749459028,1.0,33,0.07454612106084824,0.03375798836350441,0.02631688117980957,0.016567470505833626,0.08531482517719269,0.0006962320185266435,1.0,74,0.06817729771137238,0.015003513544797897,0.030337456613779068,0.020770439878106117,0.07395994663238525,0.0007686773897148669,1.0,0.08070126175880432,0.007449780867318623,0.08531482517719269,0.03375798836350441,0.07395994663238525,0.015003513544797897,1.0
1790268524.3209264,66.20411539077759,1318,0,23,0.06340424716472626,0.01743217185139656,0.014059859327971935,0.012235215865075588,0.06678906828165054,0.0007219717954285443,1.0,19,0.08084588497877121,0.016516434028744698,0.03140651062130928,0.02306048385798931,0.08855106681585312,0.0019658722449094057,1.0,33,0.10334500670433044,0.03400028124451637,0.027322866022586823,0.012706157751381397,0.10959532856941223,0.0005731363198719919,1.0,74,0.07748062908649445,0.017338519915938377,0.030980879440903664,0.022900408133864403,0.08210528641939163,0.0007904009544290602,1.0,0.07767006754875183,0.01697430294007063,0.10959532856941223,0.03400028124451637,0.08210528641939163,0.017338519915938377,1.0
1790268524.3688676,66.25205659866333,1319,0,23,0.10360386222600937,0.022624140605330467,0.01397630199790001,0.012184565886855125,0.10677534341812134,0.0006644574459642172,1.0,19,0.11165739595890045,0.01393850240856409,0.020923135802149773,0.03457755222916603,0.11795498430728912,0.0030006698798388243,1.0,33,0.12823255360126495,0.04791398346424103,0.024733494967222214,0.021904341876506805,0.13824433088302612,0.0012447868939489126,1.0,74,0.0995858684182167,0.02278652787208557,0.03992416337132454,0.026461901143193245,0.10709865391254425,0.0009738641674630344,1.0,0.11236516386270523,0.01828132150694728,0.13824433088302612,0.04791398346424103,0.10709865391254425,0.02278652787208557,1.0
1790268524.4205685,66.30375742912292,1320,1,23,0.10640484094619751,0.03331988677382469,0.02902194857597351,0.015066813677549362,0.11356502026319504,0.0009690985316410661,1.0,19,0.10914531350135803,0.018552279099822044,0.03440970927476883,0.026720767840743065,0.11442925035953522,0.0015392201021313667,1.0,33,0.1291915476322174,0.06178931146860123,0.02696901559829712,0.018876343965530396,0.14433136582374573,0.0009970956016331911,1.0,74,0.10076925158500671,0.03189396113157272,0.03648664057254791,0.028469301760196686,0.10902608186006546,0.0009021219448186457,1.0,0.11399713531136513,0.025936082936823368,0.14433136582374573,0.06178931146860123,0.10902608186006546,0.03189396113157272,1.0
1790268524.468581,66.35176992416382,1321,0,23,0.08632427453994751,0.06341221183538437,0.021322431042790413,0.017850369215011597,0.10822717100381851,0.0007457846659235656,1.0,19,0.13570202887058258,0.04475563392043114,0.04402336850762367,0.04889318719506264,0.15422382950782776,0.002541810739785433,1.0,33,0.1429188996553421,0.08162064850330353,0.035325050354003906,0.02523881383240223,0.16795730590820312,0.0008709968533366919,1.0,74,0.10836317390203476,0.03789128363132477,0.045103032141923904,0.04481005668640137,0.12135053426027298,0.0007788679795339704,1.0,0.13122550025582314,0.05408392287790775,0.16795730590820312,0.08162064850330353,0.12135053426027298,0.03789128363132477,1.0
1790268524.5207677,66.40395665168762,1322,0,23,0.1324005126953125,0.06070145219564438,0.019960567355155945,0.010259142145514488,0.14612135291099548,0.0010933100711554289,1.0,19,0.11435899883508682,0.04937824606895447,0.030461756512522697,0.053151361644268036,0.13533252477645874,0.0014614168321713805,1.0,33,0.10550574213266373,0.08582837879657745,0.03516992926597595,0.02642216719686985,0.13842801749706268,0.001526815933175385,1.0,74,0.10372883826494217,0.04820519685745239,0.04274795576930046,0.042831044644117355,0.12042254209518433,0.00115547189489007,1.0,0.1407269388437271,0.05503984913229942,0.13842801749706268,0.08582837879657745,0.12042254209518433,0.04820519685745239,1.0
1790268524.5728638,66.45605278015137,1323,0,23,0.04359568655490875,0.05274764448404312,0.01375933550298214,0.0186330433934927,0.07084114104509354,0.0010427943198010325,1.0,19,0.10962556302547455,0.049985382705926895,0.04043480381369591,0.022881299257278442,0.12420734763145447,0.0020061954855918884,1.0,33,0.06603264063596725,0.0791066512465477,0.02949136681854725,0.01752936653792858,0.1064998209476471,0.0007796161808073521,1.0,74,0.06659945845603943,0.04105047136545181,0.02856491506099701,0.04418663680553436,0.08900938183069229,0.0007457816391251981,1.0,0.097524244338274,0.05136651359498501,0.1064998209476471,0.0791066512465477,0.08900938183069229,0.04105047136545181,1.0
1790268524.6209104,66.50409936904907,1324,0,23,0.025657985359430313,0.049764882773160934,0.015503115952014923,0.011724060401320457,0.05774152651429176,0.0008335904567502439,1.0,19,0.03941746801137924,0.049848053604364395,0.028930796310305595,0.03389320522546768,0.07429024577140808,0.0013460052432492375,1.0,33,0.01670375093817711,0.07685204595327377,0.02282007597386837,0.019077325239777565,0.08146440982818604,0.0006947122165001929,1.0,74,0.024055687710642815,0.033783990889787674,0.035080134868621826,0.04615173116326332,0.06424153596162796,0.0008011894533410668,1.0,0.06601588614284992,0.049806468188762665,0.08146440982818604,0.07685204595327377,0.06424153596162796,0.033783990889787674,1.0
