timestamp,num_tracked_points,mean_u,mean_v,std_u,std_v,mean_speed,forward_backward_error,tracking_confidence
1779438621.9485352,88,-0.49102333188056946,-0.8683454394340515,0.7104504108428955,0.5308182835578918,1.1803126335144043,0.06369186192750931,1.0
1779438622.0130496,87,-0.3932735323905945,-0.43028679490089417,0.8895270228385925,1.268391728401184,1.0651226043701172,0.11042843014001846,0.9886363636363636
1779438622.0391033,87,-0.05643296614289284,-0.058607254177331924,0.21543994545936584,0.1618216335773468,0.2386443018913269,0.013533549383282661,1.0
1779438622.0735424,87,0.02772083505988121,-0.05644085630774498,0.08015617728233337,0.07206135243177414,0.10335364192724228,0.007695201318711042,1.0
1779438622.1053953,87,0.1031837910413742,-0.04044543579220772,0.08979923278093338,0.06831472367048264,0.12817110121250153,0.0069928718730807304,1.0
1779438622.137354,87,0.15184810757637024,-0.026039035990834236,0.07707322388887405,0.044987406581640244,0.16674776375293732,0.0024313696194440126,1.0
1779438622.1690278,87,0.16289757192134857,-0.0018389471806585789,0.0891348272562027,0.05691402032971382,0.18142376840114594,0.004857839085161686,1.0
1779438622.200168,87,0.26435938477516174,0.05752580985426903,0.08749329298734665,0.06832370162010193,0.27778685092926025,0.004518906585872173,1.0
1779438622.231637,87,0.25180667638778687,0.08639701455831528,0.07645385712385178,0.07594502717256546,0.2765163779258728,0.006531560327857733,1.0
1779438622.263635,85,0.10309376567602158,0.02293521724641323,0.6895813345909119,1.1195334196090698,0.7813165783882141,0.0965319350361824,0.9770114942528736
1779438622.312326,85,0.13091862201690674,0.042263615876436234,0.12099902331829071,0.05786252021789551,0.16393092274665833,0.005254774820059538,1.0
1779438622.3461168,85,0.2486162930727005,0.060588523745536804,0.2083979845046997,0.12682846188545227,0.29442018270492554,0.01606186106801033,1.0
1779438622.3765917,85,0.21746250987052917,0.04048461839556694,0.26241615414619446,0.16308581829071045,0.30805641412734985,0.021865464746952057,1.0
1779438622.4110222,85,0.2966184616088867,-0.011380004696547985,0.5245643258094788,0.4628034234046936,0.6007505059242249,0.0816909521818161,1.0
1779438622.4627373,85,0.062283147126436234,-0.06998255103826523,0.22756516933441162,0.1625385582447052,0.22941690683364868,0.018385648727416992,1.0
1779438622.480043,85,0.11687012016773224,-0.008202227763831615,0.2981167435646057,0.2672918438911438,0.32611462473869324,0.020737329497933388,1.0
1779438622.5049639,85,-0.05484780669212341,0.0443163700401783,0.132978156208992,0.09607341885566711,0.13202881813049316,0.009620385244488716,1.0
1779438622.5365393,85,-0.09991885721683502,0.14244726300239563,0.28161412477493286,0.22944562137126923,0.342485636472702,0.02287711761891842,1.0
1779438622.5681405,85,-0.14378932118415833,0.037867289036512375,0.21911311149597168,0.21603445708751678,0.3097016513347626,0.01870093122124672,1.0
1779438622.601845,85,-0.1366875171661377,0.048913754522800446,0.3738497495651245,0.317719429731369,0.42619264125823975,0.032406099140644073,1.0
1779438622.632953,85,-0.05519139766693115,0.008761596865952015,0.08403495699167252,0.06501945108175278,0.10351396352052689,0.004817908629775047,1.0
1779438622.665928,85,-0.04951746389269829,0.042163264006376266,0.0954943522810936,0.055240433663129807,0.10221598297357559,0.006184235215187073,1.0
1779438622.7109299,85,-0.04933543503284454,0.0737665519118309,0.09986244887113571,0.1044459119439125,0.14378495514392853,0.008317185565829277,1.0
1779438622.7442923,85,-0.023840511217713356,0.052946921437978745,0.08701182901859283,0.07006131112575531,0.10792293399572372,0.004219383932650089,1.0
1779438622.7784276,85,-0.0060539692640304565,0.06711497902870178,0.12403971701860428,0.06696910411119461,0.10510583966970444,0.005405488424003124,1.0
1779438622.809727,85,-0.04023365676403046,0.09717479348182678,0.08780835568904877,0.06957539170980453,0.1342516541481018,0.004581829998642206,1.0
1779438622.8437638,85,-0.06099943444132805,0.07346981018781662,0.10515637695789337,0.07199586927890778,0.1227787584066391,0.006095913704484701,1.0
1779438622.8729575,85,-0.04430290684103966,0.0781194344162941,0.12853124737739563,0.06314319372177124,0.13007719814777374,0.006632718723267317,1.0
1779438622.907012,85,-0.10898814350366592,0.08325625956058502,0.0740688294172287,0.05322682857513428,0.15079672634601593,0.0032416805624961853,1.0
1779438622.9392815,85,-0.18079978227615356,0.05742636322975159,0.08653447777032852,0.07597384601831436,0.2045600861310959,0.007851184345781803,1.0
1779438622.9680398,85,-0.2776004672050476,0.03918421268463135,0.16648222506046295,0.0864950492978096,0.31048208475112915,0.005114736966788769,1.0
1779438623.0001588,85,-0.29396289587020874,0.03827604278922081,0.16787870228290558,0.10377524048089981,0.32777878642082214,0.0054191178642213345,1.0
1779438623.0322146,85,-0.24653266370296478,0.04422768950462341,0.1519724577665329,0.09401340782642365,0.27990400791168213,0.00488190446048975,1.0
1779438623.0625618,85,-0.1479768604040146,0.05205203965306282,0.09217587858438492,0.06191036105155945,0.1770142763853073,0.002732948400080204,1.0
1779438623.1111925,85,-0.07123610377311707,0.08792617172002792,0.12140980362892151,0.08009917289018631,0.15781594812870026,0.005587969906628132,1.0
1779438623.1471593,85,-0.050936710089445114,0.07437223196029663,0.10570892691612244,0.06330623477697372,0.11585428565740585,0.003544305684044957,1.0
1779438623.1774902,85,-0.014063038863241673,0.07153428345918655,0.04490995407104492,0.06710973381996155,0.09629727900028229,0.002763967728242278,1.0
1779438623.2109745,85,0.006857658736407757,0.07921609282493591,0.07223782688379288,0.08703573793172836,0.10251209139823914,0.004595550242811441,1.0
1779438623.242403,85,-0.03553951531648636,0.05544272065162659,0.038658544421195984,0.039435334503650665,0.07731041312217712,0.0016768830828368664,1.0
1779438623.27491,85,-0.08057215064764023,0.051480282098054886,0.09921705722808838,0.0614331029355526,0.11681214720010757,0.0038707898929715157,1.0
1779438623.3084295,85,-0.08455128222703934,0.057009708136320114,0.1407453566789627,0.061255186796188354,0.15406163036823273,0.004197202622890472,1.0
1779438623.3381073,85,-0.07393583655357361,0.046554386615753174,0.04745792597532272,0.038063641637563705,0.0975467711687088,0.0015734004555270076,1.0
1779438623.3702946,85,-0.06474950164556503,0.030432846397161484,0.09871324896812439,0.042391881346702576,0.08343882113695145,0.002406724262982607,1.0
1779438623.4025388,85,-0.007645910140126944,0.04539956524968147,0.1144147515296936,0.049305059015750885,0.09165241569280624,0.0029313783161342144,1.0
1779438623.4369729,85,0.013617661781609058,0.02330232597887516,0.029309047386050224,0.04045258089900017,0.04430404305458069,0.0013161158422008157,1.0
1779438623.4639485,85,0.028845932334661484,0.012052647769451141,0.06122451648116112,0.05013836920261383,0.06275446712970734,0.001971303950995207,1.0
1779438623.512335,85,0.06667731702327728,0.016072889789938927,0.08757434785366058,0.04996635019779205,0.10159965604543686,0.0020703780464828014,1.0
1779438623.5432086,85,0.0474700927734375,0.007096952758729458,0.09313908219337463,0.05502592772245407,0.07360178232192993,0.003729764837771654,1.0
1779438623.5762532,85,0.00926100742071867,0.019627830013632774,0.10985449701547623,0.04836241900920868,0.0855584591627121,0.003171671414747834,1.0
1779438623.608229,85,0.035411521792411804,0.046493351459503174,0.10263337939977646,0.06140126287937164,0.11418286710977554,0.0025816818233579397,1.0
1779438623.6391947,85,0.04088691249489784,0.07745002210140228,0.10398639738559723,0.07319475710391998,0.1186939999461174,0.003126886673271656,1.0
1779438623.6729882,85,0.0246786680072546,0.10732637345790863,0.07930607348680496,0.06447388976812363,0.13512659072875977,0.0017667138017714024,1.0
1779438623.7084167,85,0.048049747943878174,0.1479068547487259,0.1461009383201599,0.11047110706567764,0.20545697212219238,0.003434025216847658,1.0
1779438623.7374272,85,0.023323148488998413,0.1747298240661621,0.10841313004493713,0.09935005754232407,0.2054893523454666,0.005079525988548994,1.0
1779438623.771186,85,-0.023357436060905457,0.2448432445526123,0.1115005761384964,0.12682409584522247,0.2733650803565979,0.004263249691575766,1.0
1779438623.803427,85,-0.04115636646747589,0.3020949363708496,0.19652238488197327,0.1724826991558075,0.3622215986251831,0.010325366631150246,1.0
1779438623.835568,85,-0.09667609632015228,0.24039198458194733,0.10654633492231369,0.12231744080781937,0.28354141116142273,0.006673657801002264,1.0
1779438623.8682113,85,-0.16852901875972748,0.2276555746793747,0.09663522243499756,0.12782379984855652,0.3063755929470062,0.0044236560352146626,1.0
1779438623.898561,85,-0.16057918965816498,0.20875656604766846,0.11779080331325531,0.11521102488040924,0.2900463044643402,0.0066644009202718735,1.0
1779438623.9471617,85,-0.18964233994483948,0.16608868539333344,0.0879451334476471,0.08721339702606201,0.2683316767215729,0.004037600476294756,1.0
1779438623.9782183,85,-0.27692100405693054,0.19819480180740356,0.29436829686164856,0.10350829362869263,0.3679594397544861,0.008396071381866932,1.0
1779438624.0075924,85,-0.26752158999443054,0.21144624054431915,0.13474364578723907,0.10585051774978638,0.35961538553237915,0.006849661469459534,1.0
1779438624.0396323,85,-0.22973057627677917,0.16473352909088135,0.1259927749633789,0.08564256876707077,0.3009510636329651,0.005205475725233555,1.0
1779438624.0720155,85,-0.27095499634742737,0.15427514910697937,0.1588752716779709,0.08487030863761902,0.3310907185077667,0.007474660873413086,1.0
1779438624.109247,85,-0.33266136050224304,0.13479094207286835,0.19510820508003235,0.10943114757537842,0.383063942193985,0.007571161724627018,1.0
1779438624.139452,85,-0.37524181604385376,0.07479822635650635,0.22555139660835266,0.06977379322052002,0.40388113260269165,0.005858317017555237,1.0
1779438624.1709173,85,-0.3783133029937744,0.028647029772400856,0.21805666387081146,0.0819312185049057,0.40462398529052734,0.005794846452772617,1.0
1779438624.2005303,85,-0.36022698879241943,-0.000244140625,0.2624313235282898,0.10586196184158325,0.40467098355293274,0.006371659226715565,1.0
1779438624.2342658,85,-0.2586158215999603,-0.009609267115592957,0.1980801671743393,0.08932997286319733,0.2990564703941345,0.0060212016105651855,1.0
1779438624.2647748,85,-0.13404540717601776,-0.009919828735291958,0.14690974354743958,0.06671750545501709,0.18308104574680328,0.002930995309725404,1.0
1779438624.297952,85,-0.047527898102998734,0.0038970946334302425,0.1445174217224121,0.07410717755556107,0.1425105780363083,0.006863211281597614,1.0
1779438624.3494592,85,0.009731517173349857,-0.005655445624142885,0.07953188568353653,0.05713267624378204,0.07671239227056503,0.0052883257158100605,1.0
1779438624.3769872,85,0.07272159308195114,-0.017356423661112785,0.09009172767400742,0.05156688392162323,0.09719148278236389,0.002281287219375372,1.0
1779438624.4109488,85,0.12340877950191498,-0.03055025078356266,0.09718700498342514,0.0737580880522728,0.1501777619123459,0.005376977846026421,1.0
1779438624.4449048,85,0.13779368996620178,-0.025022080168128014,0.09204357862472534,0.06555593013763428,0.15135297179222107,0.0034828167408704758,1.0
1779438624.472176,85,0.15770533680915833,-0.042834293097257614,0.09849535673856735,0.0659426599740982,0.18324261903762817,0.0034640245139598846,1.0
1779438624.5056481,85,0.17867808043956757,-0.052725937217473984,0.12226785719394684,0.10620030760765076,0.2081158310174942,0.006152896210551262,1.0
1779438624.5453012,85,0.12383674085140228,-0.019596055150032043,0.081477589905262,0.061311110854148865,0.14065797626972198,0.002937264973297715,1.0
1779438624.5685415,85,0.06752624362707138,-0.014120124280452728,0.08930864930152893,0.052514102309942245,0.10144615173339844,0.0027472730726003647,1.0
1779438624.601896,85,0.05692820996046066,-0.014932071790099144,0.079191192984581,0.05331951007246971,0.08834800124168396,0.0025173190515488386,1.0
1779438624.6352737,85,0.019712021574378014,-0.016741404309868813,0.06413649767637253,0.04061398282647133,0.054016467183828354,0.002507759490981698,1.0
1779438624.666444,85,-0.021485811099410057,-0.013740270398557186,0.06216796487569809,0.026280434802174568,0.045782916247844696,0.002059739548712969,1.0
1779438624.6970258,85,-0.049507949501276016,-0.008695355616509914,0.05199096351861954,0.03801774978637695,0.07045594602823257,0.0025399629957973957,1.0
1779438624.7485569,85,-0.10155908763408661,0.040041036903858185,0.10128176957368851,0.06367051601409912,0.1402871310710907,0.0032202699221670628,1.0
1779438624.7754765,85,-0.1626531332731247,0.06988722831010818,0.05084584280848503,0.0566117949783802,0.1847257912158966,0.002281828550621867,1.0
1779438624.808817,85,-0.2598875164985657,0.10611410439014435,0.256838321685791,0.08407795429229736,0.29520389437675476,0.006804841570556164,1.0
1779438624.8419943,85,-0.18024471402168274,0.0711808130145073,0.1456667184829712,0.07512764632701874,0.21659204363822937,0.004369303584098816,1.0
1779438624.874662,85,-0.13859306275844574,0.08820603042840958,0.061539068818092346,0.06462084501981735,0.1745688021183014,0.0035564100835472345,1.0
1779438624.9032927,85,-0.14821220934391022,0.07503572106361389,0.13387827575206757,0.08918295055627823,0.2027757316827774,0.007689977530390024,1.0
1779438624.9359646,85,-0.0697493627667427,0.04674987867474556,0.0660557970404625,0.061416976153850555,0.1117645800113678,0.006761675234884024,1.0
1779438624.9693463,85,-0.057751286774873734,0.029324879869818687,0.04677142575383186,0.0564580112695694,0.0905110090970993,0.0029012514278292656,1.0
1779438624.9991314,85,-0.1082853451371193,0.02825281396508217,0.11997123807668686,0.06468205899000168,0.15250717103481293,0.008392642252147198,1.0
1779438625.0316825,85,-0.0766240730881691,0.050004128366708755,0.07828027009963989,0.05768214166164398,0.11848114430904388,0.006181610282510519,1.0
1779438625.063093,85,-0.10911901295185089,0.05900825187563896,0.07237173616886139,0.0650186687707901,0.1426972597837448,0.004342044238001108,1.0
1779438625.0982075,85,-0.12463109940290451,0.07366943359375,0.09684532880783081,0.069385826587677,0.1638772040605545,0.006263820454478264,1.0
1779438625.141775,85,-0.08642613887786865,0.03441090136766434,0.07227493077516556,0.04493095353245735,0.10875961929559708,0.00261948024854064,1.0
1779438625.1729612,85,-0.08409549295902252,0.024245139211416245,0.07016385346651077,0.04180648922920227,0.10651309043169022,0.0036904383450746536,1.0
1779438625.208878,85,-0.03915225714445114,0.0303497314453125,0.062119606882333755,0.038444045931100845,0.07180451601743698,0.0036575670819729567,1.0
1779438625.242504,85,0.008248542435467243,0.04193689674139023,0.05347314849495888,0.0387989766895771,0.06548263877630234,0.0019230125471949577,1.0
1779438625.271315,85,0.04340784251689911,0.05654135346412659,0.04954368621110916,0.03259628638625145,0.08255261182785034,0.0028244247660040855,1.0
1779438625.305429,85,0.0839802473783493,0.07410996407270432,0.06844066083431244,0.051889702677726746,0.12745261192321777,0.0028534666635096073,1.0
1779438625.3400006,85,0.10537845641374588,0.17806342244148254,0.2942816913127899,0.3525297939777374,0.2497733235359192,0.02097572758793831,1.0
1779438625.3690305,82,0.15366418659687042,0.19629259407520294,0.5210888385772705,0.8760846853256226,0.33327239751815796,0.05095350369811058,0.9647058823529412
1779438625.4022207,82,0.05717859044671059,0.0631464496254921,0.04840469732880592,0.03678908944129944,0.09352470189332962,0.00412325095385313,1.0
1779438625.4346116,82,0.020727762952446938,0.0021332530304789543,0.11675099283456802,0.12274963408708572,0.09358444809913635,0.010197157971560955,1.0
1779438625.4640167,82,-0.017412511631846428,-0.022368639707565308,0.20791713893413544,0.137939915060997,0.0928887277841568,0.01285640336573124,1.0
1779438625.4968867,82,0.010019442066550255,-0.03009628690779209,0.1494733840227127,0.12194526940584183,0.08089806139469147,0.006535700056701899,1.0
1779438625.544346,82,0.015102852135896683,-0.04649576172232628,0.1178743839263916,0.10178346931934357,0.0889219343662262,0.003222604049369693,1.0
1779438625.576498,82,0.008292035199701786,-0.05450774356722832,0.059283845126628876,0.07308750599622726,0.07940417528152466,0.002063231309875846,1.0
1779438625.6105793,82,0.012734947726130486,-0.04637425020337105,0.058690816164016724,0.05085017904639244,0.06771096587181091,0.0027150316163897514,1.0
1779438625.6424706,82,-0.016530664637684822,-0.03595082461833954,0.06397973746061325,0.057345014065504074,0.05797796696424484,0.002237058477476239,1.0
1779438625.6748345,82,-0.030582893639802933,-0.023589715361595154,0.04193099960684776,0.04294249415397644,0.049645598977804184,0.001847526989877224,1.0
1779438625.7030492,82,-0.03303862735629082,-0.004775628913193941,0.02993297204375267,0.032303474843502045,0.04785381630063057,0.0019476753659546375,1.0
1779438625.7365086,82,-0.06350075453519821,0.0005789035931229591,0.039649080485105515,0.04331640899181366,0.07399164140224457,0.0013632638147100806,1.0
1779438625.7696893,82,-0.10149383544921875,0.012672982178628445,0.041292592883110046,0.04203973710536957,0.11065515875816345,0.002750910585746169,1.0
1779438625.8033633,82,-0.11696885526180267,0.02951161377131939,0.050691794604063034,0.048124928027391434,0.13081558048725128,0.0026531957555562258,1.0
1779438625.8350976,82,-0.12973152101039886,0.019181786105036736,0.06921864300966263,0.06036333739757538,0.14817321300506592,0.002792985877022147,1.0
1779438625.8674805,82,-0.13184338808059692,0.021855052560567856,0.05285501107573509,0.04027707129716873,0.13926561176776886,0.0031915626022964716,1.0
1779438625.8993332,82,-0.13257524371147156,0.031052008271217346,0.06743760406970978,0.05141753703355789,0.14913588762283325,0.002738507464528084,1.0
1779438625.9483738,82,-0.12181761115789413,0.023660985752940178,0.07568837702274323,0.052572641521692276,0.1408558040857315,0.002765440847724676,1.0
1779438625.9757717,82,-0.12584127485752106,0.00763572147116065,0.059654802083969116,0.046765364706516266,0.1366417557001114,0.0029881850350648165,1.0
1779438626.0079389,82,-0.14090895652770996,-0.0011512942146509886,0.06015358865261078,0.04967222735285759,0.1487893909215927,0.002976763993501663,1.0
1779438626.0390759,82,-0.10367807745933533,-0.0226593017578125,0.07448475062847137,0.03645326569676399,0.12222601473331451,0.0030033604707568884,1.0
1779438626.07267,82,-0.09719513356685638,-0.026008978486061096,0.04823886603116989,0.04267929121851921,0.1083667203783989,0.0018324775155633688,1.0
1779438626.106795,82,-0.0698651596903801,-0.04559139907360077,0.04404978081583977,0.04342532902956009,0.0926336869597435,0.002400744706392288,1.0
1779438626.1360362,82,-0.05979268252849579,-0.025753114372491837,0.052171144634485245,0.04931185021996498,0.08199895173311234,0.0017442385433241725,1.0
1779438626.1716135,82,-0.06549109518527985,-0.033682286739349365,0.037292417138814926,0.03040217235684395,0.08184672892093658,0.0012850717175751925,1.0
1779438626.2028008,82,-0.07615010440349579,-0.027423765510320663,0.0425066314637661,0.03249422460794449,0.08756765723228455,0.0017745362129062414,1.0
1779438626.2313585,82,-0.08789435029029846,-0.02261054888367653,0.047948721796274185,0.03596349060535431,0.09677397459745407,0.001859682030044496,1.0
1779438626.2692454,82,-0.09650551527738571,-0.0033329289872199297,0.06235918402671814,0.03258570283651352,0.10773967206478119,0.0024399019312113523,1.0
1779438626.2975783,82,-0.08186935633420944,0.006804675795137882,0.04558957368135452,0.025213178247213364,0.0872899740934372,0.002124386839568615,1.0
1779438626.3464825,82,-0.09765178710222244,0.005239346995949745,0.04881412908434868,0.02517135813832283,0.10256615281105042,0.001752828829921782,1.0
1779438626.3784883,82,-0.06493879854679108,0.007418190594762564,0.05070335045456886,0.03233896568417549,0.07834876328706741,0.0023672624956816435,1.0
1779438626.4089873,82,-0.06298381835222244,0.013907269574701786,0.03365873917937279,0.023089425638318062,0.06932522356510162,0.0016768850618973374,1.0
1779438626.4407568,82,-0.03781965374946594,0.020882397890090942,0.02943732589483261,0.028505468741059303,0.052748244255781174,0.0020597376860678196,1.0
1779438626.4717994,82,-0.038028065115213394,0.035400763154029846,0.030298981815576553,0.024524739012122154,0.060151658952236176,0.001743373111821711,1.0
1779438626.5046668,82,-0.03322378173470497,0.03931966796517372,0.036568377166986465,0.038835614919662476,0.06432384997606277,0.0012053105747327209,1.0
1779438626.5380507,82,-0.04293711483478546,0.04975872486829758,0.037866994738578796,0.030723677948117256,0.07257948815822601,0.0021809590980410576,1.0
1779438626.568422,82,-0.03427961468696594,0.05682968348264694,0.02956022508442402,0.038265228271484375,0.07438275218009949,0.0014756241580471396,1.0
1779438626.6012893,82,-0.03887008875608444,0.04623785242438316,0.038812391459941864,0.032712411135435104,0.0713467076420784,0.0023009111173450947,1.0
1779438626.6342502,82,-0.061105310916900635,0.03457920625805855,0.03738092631101608,0.03013029135763645,0.07657089829444885,0.0027037090621888638,1.0
1779438626.665792,82,-0.08732158690690994,0.030120104551315308,0.046321969479322433,0.038810763508081436,0.10066784918308258,0.0015846530441194773,1.0
1779438626.7149806,82,-0.10216671228408813,0.032239776104688644,0.06019657850265503,0.03451318293809891,0.11574550718069077,0.0021800703834742308,1.0
1779438626.7472372,82,-0.0777355283498764,0.02941187471151352,0.054681289941072464,0.04632715508341789,0.09923988580703735,0.0030634216964244843,1.0
1779438626.777719,82,-0.10615744441747665,0.04007292911410332,0.05261007696390152,0.043094366788864136,0.12113672494888306,0.001979575026780367,1.0
1779438626.8101435,82,-0.08653482794761658,0.04927081614732742,0.04342317953705788,0.05337675288319588,0.1122618317604065,0.003020739182829857,1.0
1779438626.8330653,82,0.0,0.0,0.0,0.0,0.0,0.0,1.0
1779438626.8512132,82,-0.08959905058145523,0.07296288013458252,0.051005054265260696,0.03939362242817879,0.12459263950586319,0.0022816872224211693,1.0
1779438626.8892086,82,-0.08052193373441696,0.08266299962997437,0.05908557027578354,0.043477486819028854,0.12650080025196075,0.002710988512262702,1.0
1779438626.9188552,82,-0.12096814066171646,0.08288946747779846,0.058199215680360794,0.05240586772561073,0.154022678732872,0.0029575505759567022,1.0
1779438626.9834237,82,-0.4602973759174347,0.14360883831977844,0.2325858622789383,0.06945157796144485,0.4939909279346466,0.00585252046585083,1.0
1779438627.0063565,82,0.0,0.0,0.0,0.0,0.0,0.0,1.0
1779438627.0294197,82,-0.3048890233039856,0.07086554169654846,0.21951183676719666,0.08267007023096085,0.3393242657184601,0.005285042803734541,1.0
1779438627.0626996,82,-0.20377126336097717,0.052704229950904846,0.1234825924038887,0.057312849909067154,0.22167547047138214,0.0038572128396481276,1.0
1779438627.0961902,82,-0.12312930822372437,0.06160345301032066,0.07869531959295273,0.05004069209098816,0.14599382877349854,0.0034051446709781885,1.0
1779438627.1293862,82,-0.081209696829319,0.05598877742886543,0.053427308797836304,0.04188552871346474,0.10847247391939163,0.002279304200783372,1.0
1779438627.1601539,82,-0.04754582792520523,0.06984264403581619,0.046229761093854904,0.05222824588418007,0.09977618604898453,0.00242954446002841,1.0
1779438627.191352,82,-0.0334802009165287,0.10179324448108673,0.036214690655469894,0.05770270153880119,0.11411742120981216,0.0021562729962170124,1.0
1779438627.2407484,82,-0.017409905791282654,0.09657733887434006,0.0399763248860836,0.060343384742736816,0.10936533659696579,0.0020204540342092514,1.0
1779438627.2696536,82,-0.011255775578320026,0.07768751680850983,0.03895939141511917,0.05161032825708389,0.0909552276134491,0.0018292042659595609,1.0
1779438627.3033917,82,-0.019888529554009438,0.07062772661447525,0.03786352649331093,0.05309029296040535,0.08958102762699127,0.0020146137103438377,1.0
1779438627.3359468,82,-0.00943849142640829,0.0667797178030014,0.03418968617916107,0.03588303178548813,0.07730840146541595,0.0019041319610551,1.0
1779438627.3711817,82,-0.015485252253711224,0.05539126694202423,0.03452114388346672,0.043447792530059814,0.06876633316278458,0.002050229348242283,1.0
1779438627.4028573,82,-0.032417669892311096,0.037765130400657654,0.03954502195119858,0.0358768031001091,0.06420726329088211,0.001177856232970953,1.0
1779438627.434465,82,-0.032363519072532654,0.03057507798075676,0.04481811821460724,0.04017983376979828,0.06801950186491013,0.002182191237807274,1.0
1779438627.464692,82,-0.04043392837047577,0.03365084156394005,0.04144570603966713,0.036619074642658234,0.06787561625242233,0.0015879804268479347,1.0
1779438627.5107653,82,-0.03570333495736122,0.028901634737849236,0.043252840638160706,0.0476214736700058,0.07201395183801651,0.0015061174053698778,1.0
1779438627.5423555,82,-0.047836676239967346,0.07581459730863571,0.04736318066716194,0.06230876222252846,0.10691837966442108,0.002436630427837372,1.0
1779438627.5756004,82,-0.07212401926517487,0.15598279237747192,0.06053193658590317,0.09780806303024292,0.18622832000255585,0.0034675379283726215,1.0
1779438627.6080678,82,-0.09892681986093521,0.3520844578742981,0.11411195993423462,0.18418022990226746,0.3830895721912384,0.004803238902240992,1.0
1779438627.6403368,82,-0.12987853586673737,0.4909072518348694,0.13091978430747986,0.26083827018737793,0.5363160967826843,0.008039047010242939,1.0
1779438627.6799753,82,-0.19312751293182373,0.5153782367706299,0.16148556768894196,0.2617577612400055,0.5745676159858704,0.006799024064093828,1.0
1779438627.7047021,82,-0.20328576862812042,0.48643234372138977,0.14455212652683258,0.20047156512737274,0.5479040145874023,0.0075082238763570786,1.0
1779438627.73777,82,-0.20148858428001404,0.37376850843429565,0.12520045042037964,0.1819714456796646,0.4467373788356781,0.006880876608192921,1.0
1779438627.7684453,82,-0.1852271854877472,0.2393035888671875,0.11662165075540543,0.1381109356880188,0.3266511559486389,0.0055767553858459,1.0
1779438627.8010867,82,-0.18954989314079285,0.16628041863441467,0.09167344123125076,0.10269646346569061,0.2719530761241913,0.005760726053267717,1.0
1779438627.835172,82,-0.17439287900924683,0.08865728974342346,0.09235627949237823,0.08955186605453491,0.21540087461471558,0.004325360991060734,1.0
1779438627.8663898,82,-0.22031216323375702,0.084775410592556,0.09501618146896362,0.06229989603161812,0.2458944022655487,0.0037128038238734007,1.0
1779438627.9171686,82,-0.24306264519691467,0.046377044171094894,0.09278017282485962,0.08193574845790863,0.26387858390808105,0.0034412378445267677,1.0
1779438627.9443,82,-0.2432628720998764,0.07367241382598877,0.12982302904129028,0.09335502982139587,0.2772335708141327,0.0042580473236739635,1.0
1779438627.978379,82,-0.3060421943664551,0.09212419390678406,0.14302004873752594,0.10356659442186356,0.34281212091445923,0.004811691585928202,1.0
1779438628.0076776,82,-0.37156975269317627,0.14340674877166748,0.1990622580051422,0.18703365325927734,0.4467175304889679,0.006836330518126488,1.0
1779438628.0400653,82,-0.4785331189632416,0.23004727065563202,0.30617451667785645,0.30029553174972534,0.626411497592926,0.010534893721342087,1.0
1779438628.0722334,82,-0.5242858529090881,0.32034915685653687,0.39950308203697205,0.379261314868927,0.7453287839889526,0.009247574023902416,1.0
1779438628.1032677,82,-0.5739133954048157,0.44510725140571594,0.4434703290462494,0.4165564477443695,0.8741450309753418,0.009156649000942707,1.0
1779438628.1361485,82,-0.6209729909896851,0.43679046630859375,0.3486008048057556,0.34663981199264526,0.849254310131073,0.00795660074800253,1.0
1779438628.1696026,82,-0.6256670951843262,0.35581764578819275,0.26160311698913574,0.25240620970726013,0.7696241140365601,0.010374545119702816,1.0
1779438628.2032027,82,-0.5832815170288086,0.23426540195941925,0.20836369693279266,0.1631554514169693,0.6556403636932373,0.007787769660353661,1.0
1779438628.23358,82,-0.39380887150764465,0.20756083726882935,0.14146649837493896,0.14892743527889252,0.46887075901031494,0.007376692723482847,1.0
1779438628.2627153,82,-0.25823864340782166,0.21420790255069733,0.12646271288394928,0.15564177930355072,0.36461034417152405,0.004840679932385683,1.0
1779438628.309793,82,-0.1643805205821991,0.2845918536186218,0.11891855299472809,0.15879757702350616,0.3568536341190338,0.004159500822424889,1.0
1779438628.3442245,82,-0.08598960191011429,0.31807002425193787,0.11187411099672318,0.15938617289066315,0.35377657413482666,0.004346691071987152,1.0
1779438628.3735135,82,-0.03672492876648903,0.4029539227485657,0.12611564993858337,0.17191611230373383,0.4286757707595825,0.005342164076864719,1.0
1779438628.4071093,82,0.071561299264431,0.5713709592819214,0.14935921132564545,0.18678462505340576,0.5960034728050232,0.006260886322706938,1.0
1779438628.442003,82,0.16873914003372192,0.721312940120697,0.18332308530807495,0.18375985324382782,0.7643933892250061,0.009992157109081745,1.0
1779438628.4744549,82,0.36383727192878723,0.9029412865638733,0.19537214934825897,0.2589915096759796,0.9931430220603943,0.00843089446425438,1.0
1779438628.5052292,82,0.46540701389312744,0.9480819702148438,0.2015969157218933,0.2672501802444458,1.070618748664856,0.010792810469865799,1.0
1779438628.5373113,82,0.5708085894584656,0.924597978591919,0.22348083555698395,0.30436399579048157,1.0988988876342773,0.011155460961163044,1.0
1779438628.5676582,82,0.5927099585533142,0.9169620275497437,0.2251577079296112,0.29087740182876587,1.1080131530761719,0.00936046801507473,1.0
1779438628.5997071,82,0.5336041450500488,0.7548030018806458,0.21937042474746704,0.2935914099216461,0.9405379891395569,0.010786671191453934,1.0
1779438628.632197,82,0.5192519426345825,0.6770555377006531,0.19942358136177063,0.24999496340751648,0.8693275451660156,0.011057628318667412,1.0
1779438628.6664476,82,0.5187279582023621,0.5614955425262451,0.18389879167079926,0.222543865442276,0.7742865681648254,0.011447995901107788,1.0
1779438628.7165186,82,0.4349011778831482,0.43647655844688416,0.16152845323085785,0.1664213389158249,0.627363920211792,0.011945322155952454,1.0
1779438628.746824,82,0.3894645869731903,0.26262813806533813,0.1490466594696045,0.1585165411233902,0.4851754307746887,0.007951807230710983,1.0
1779438628.7779748,82,0.32829004526138306,0.10182040929794312,0.12216279655694962,0.0939042940735817,0.35513967275619507,0.006185014732182026,1.0
1779438628.8105288,82,0.2584332823753357,-0.006423019804060459,0.12306007742881775,0.09128566086292267,0.2737017869949341,0.0055938102304935455,1.0
1779438628.8430042,82,0.22132055461406708,-0.12399105727672577,0.09250744432210922,0.08637046813964844,0.2666066884994507,0.005290012340992689,1.0
1779438628.8748603,82,0.1737084686756134,-0.19473937153816223,0.0871119573712349,0.1000332310795784,0.27538642287254333,0.004872871097177267,1.0
1779438628.9060087,82,0.11899715662002563,-0.19441501796245575,0.07136919349431992,0.10140977799892426,0.2427695393562317,0.0054138642735779285,1.0
1779438628.9392648,82,0.057114019989967346,-0.1753884255886078,0.06519954651594162,0.0887046754360199,0.1992102563381195,0.004739107098430395,1.0
1779438628.9731925,82,0.03577441722154617,-0.1480993926525116,0.08711119741201401,0.07794656604528427,0.17273738980293274,0.005514345597475767,1.0
1779438629.0026112,82,0.03508646786212921,-0.14266112446784973,0.07726570963859558,0.07473307102918625,0.16882087290287018,0.0037339769769459963,1.0
1779438629.0314932,82,0.04422369226813316,-0.13935312628746033,0.06261380761861801,0.08576003462076187,0.16406647861003876,0.0024903842713683844,1.0
1779438629.0641556,82,0.07007989287376404,-0.15868285298347473,0.07210002094507217,0.07858875393867493,0.188741996884346,0.002969662193208933,1.0
1779438629.113065,82,0.07733489573001862,-0.1754174530506134,0.07370123267173767,0.08344025909900665,0.20758119225502014,0.002680756151676178,1.0
1779438629.145745,82,0.06730819493532181,-0.20061659812927246,0.08630619198083878,0.0917281061410904,0.228685200214386,0.004472228232771158,1.0
1779438629.1763756,82,0.05794097110629082,-0.17386609315872192,0.07455023378133774,0.08714739978313446,0.19689854979515076,0.00525348074734211,1.0
1779438629.2083082,82,0.05094016343355179,-0.14361199736595154,0.05559864267706871,0.07199341803789139,0.16091914474964142,0.0031269555911421776,1.0
1779438629.2417252,82,0.03467150405049324,-0.11799175292253494,0.04736985266208649,0.058257512748241425,0.1307007521390915,0.0028196373023092747,1.0
1779438629.2744012,82,0.014299532398581505,-0.10793806612491608,0.04596874862909317,0.05063994973897934,0.11824977397918701,0.0019449983956292272,1.0
1779438629.3080707,82,-0.0017210798105224967,-0.06647101044654846,0.03867164999246597,0.03624185174703598,0.0761236771941185,0.0017802368383854628,1.0
1779438629.341774,82,-0.0027335563208907843,-0.05403193086385727,0.030089592561125755,0.03265916183590889,0.06231296434998512,0.0016135693294927478,1.0
1779438629.3687465,82,-0.018603626638650894,-0.04775610193610191,0.02460545115172863,0.028120223432779312,0.056907739490270615,0.0013355844421312213,1.0
1779438629.3981082,82,-0.012442798353731632,-0.03856417164206505,0.01980537921190262,0.03132893517613411,0.05027110502123833,0.0017531819175928831,1.0
1779438629.431048,82,-0.010863885283470154,-0.04046984389424324,0.023943660780787468,0.016818085685372353,0.04700622707605362,0.0015503944596275687,1.0
1779438629.4665744,82,0.012100405991077423,-0.04586736112833023,0.020588574931025505,0.025367023423314095,0.05187975615262985,0.0013385986676439643,1.0
1779438629.5148654,82,0.02091384492814541,-0.054825760424137115,0.02521398477256298,0.03575621545314789,0.06647705286741257,0.001096941763535142,1.0
1779438629.5465007,82,0.039002396166324615,-0.06466600298881531,0.032105185091495514,0.03782572224736214,0.08103681355714798,0.0015018723206594586,1.0
1779438629.5760436,82,0.04824252426624298,-0.08223389089107513,0.038752418011426926,0.04249958321452141,0.10258453339338303,0.0022388026118278503,1.0
1779438629.6077962,82,0.042500752955675125,-0.0845722109079361,0.034154705703258514,0.03850915655493736,0.10136164724826813,0.0018367397133260965,1.0
1779438629.6404278,82,0.05036330968141556,-0.11843965202569962,0.04146203398704529,0.06129259616136551,0.13589276373386383,0.002362611470744014,1.0
1779438629.6733575,82,0.02935493364930153,-0.13191595673561096,0.039435479789972305,0.06682205200195312,0.14285287261009216,0.0026633385568857193,1.0
1779438629.708769,82,0.020816337317228317,-0.12614162266254425,0.05989488214254379,0.0713743045926094,0.1427006721496582,0.002724757883697748,1.0
1779438629.7386868,82,0.013949324376881123,-0.12097856402397156,0.04804239794611931,0.0502094030380249,0.13009336590766907,0.002092961221933365,1.0
1779438629.7707736,82,0.011283130384981632,-0.08592186868190765,0.03106989711523056,0.04398205131292343,0.09302207082509995,0.0017126613529399037,1.0
1779438629.8009381,82,-0.004391740076243877,-0.06722910702228546,0.032300468534231186,0.033510711044073105,0.07584112137556076,0.001671098405495286,1.0
1779438629.8350859,82,-0.0022657441440969706,-0.0549187995493412,0.02474919892847538,0.02760430797934532,0.060470111668109894,0.0015673255547881126,1.0
1779438629.868305,82,-0.019922396168112755,-0.044202107936143875,0.024005727842450142,0.029156548902392387,0.05416278541088104,0.001797905657440424,1.0
1779438629.8962536,82,-0.04381989315152168,-0.04022644832730293,0.038609620183706284,0.034298431128263474,0.0704982578754425,0.0012633403530344367,1.0
1779438629.9481137,82,-0.06410607695579529,-0.03411214053630829,0.042007144540548325,0.025145679712295532,0.08046182990074158,0.001611219486221671,1.0
1779438629.977788,82,-0.07556784898042679,-0.021116675809025764,0.03592173755168915,0.03554203361272812,0.0842694342136383,0.00195862352848053,1.0
1779438630.0153966,82,-0.09258177131414413,-0.04104446619749069,0.046817272901535034,0.03772644326090813,0.10785480588674545,0.0018932695966213942,1.0
1779438630.0400784,82,-0.1051410585641861,-0.03778187930583954,0.04500298947095871,0.0352184884250164,0.11705444008111954,0.002287178533151746,1.0
1779438630.071444,82,-0.13561974465847015,-0.04206141084432602,0.05570065975189209,0.03578205034136772,0.1452760249376297,0.0022594924084842205,1.0
1779438630.103424,82,-0.11663762480020523,-0.029520174488425255,0.046475086361169815,0.03691471368074417,0.1256287544965744,0.002638507168740034,1.0
1779438630.135726,82,-0.127619668841362,-0.030014410614967346,0.05571437627077103,0.036639176309108734,0.1359802484512329,0.0023699477314949036,1.0
1779438630.1682022,82,-0.10898199677467346,-0.045909229665994644,0.0429108552634716,0.034605979919433594,0.12351075559854507,0.0023450772278010845,1.0
1779438630.2025251,82,-0.09846924245357513,-0.028901634737849236,0.04465014487504959,0.04144908860325813,0.1097915843129158,0.0019365954212844372,1.0
1779438630.23478,82,-0.06016019359230995,-0.027295926585793495,0.038233477622270584,0.030873965471982956,0.07357855886220932,0.0017010029405355453,1.0
1779438630.269019,82,-0.023331619799137115,-0.012792075984179974,0.023329399526119232,0.022127807140350342,0.03580651804804802,0.0016455346485599875,1.0
1779438630.2998636,82,-4.075213291798718e-05,-0.010066335089504719,0.024395938962697983,0.027131056413054466,0.032325733453035355,0.0012882708106189966,1.0
1779438630.3484924,82,0.053346771746873856,-0.007082497235387564,0.04295569658279419,0.03083116188645363,0.06482294201850891,0.0013130896259099245,1.0
1779438630.3762686,82,0.06799781322479248,-0.01191302016377449,0.04467276111245155,0.051744572818279266,0.08400735259056091,0.0017082791309803724,1.0
1779438630.4104269,82,0.0735955610871315,-0.025254040956497192,0.04390240088105202,0.044414348900318146,0.08976496011018753,0.001744239591062069,1.0
1779438630.4409132,82,0.06885435432195663,-0.05455426499247551,0.04319849982857704,0.05111457407474518,0.09996866434812546,0.0023797079920768738,1.0
1779438630.470839,82,0.058489542454481125,-0.06496485322713852,0.03738730028271675,0.040749695152044296,0.09619728475809097,0.0020573430228978395,1.0
1779438630.5030417,82,0.051058512181043625,-0.0740259662270546,0.0549989752471447,0.04653327912092209,0.10682099312543869,0.0021169683896005154,1.0
1779438630.5382993,82,0.03875155746936798,-0.07493237406015396,0.030429290607571602,0.04321574047207832,0.09227849543094635,0.0016124019166454673,1.0
1779438630.5675416,82,0.009283298626542091,-0.05498504638671875,0.029937254264950752,0.03330617770552635,0.06468543410301208,0.0016688886098563671,1.0
1779438630.6005561,82,-0.00840349867939949,-0.0438738577067852,0.020372672006487846,0.028457092121243477,0.051158539950847626,0.0011938901152461767,1.0
1779438630.6326287,82,-0.01767898164689541,-0.029418200254440308,0.021541520953178406,0.023914309218525887,0.04232135787606239,0.0013399040326476097,1.0
1779438630.664375,82,-0.044830322265625,-0.025916680693626404,0.030419083312153816,0.018677428364753723,0.05539058521389961,0.001417430117726326,1.0
1779438630.6948855,82,-0.05214560776948929,-0.01593371108174324,0.036837682127952576,0.041528407484292984,0.06393200159072876,0.0020288899540901184,1.0
1779438630.7466333,82,-0.048754435032606125,0.018624654039740562,0.040756527334451675,0.039763521403074265,0.06480991840362549,0.001442101551219821,1.0
1779438630.7776132,82,-0.028372416272759438,0.03824373707175255,0.045438364148139954,0.03875172883272171,0.06928246468305588,0.0012233549496158957,1.0
1779438630.8078797,82,0.008308596909046173,0.030975155532360077,0.034597259014844894,0.03347691148519516,0.052479494363069534,0.001254006172530353,1.0
1779438630.8448339,82,0.019607916474342346,0.011595191434025764,0.05060276761651039,0.024740951135754585,0.05212926119565964,0.0015388454776257277,1.0
1779438630.8742878,82,0.005972327198833227,-0.007774911355227232,0.040562115609645844,0.024454934522509575,0.04221886023879051,0.0012212552828714252,1.0
1779438630.905598,82,-0.03222116455435753,-0.025231152772903442,0.032328128814697266,0.03830573707818985,0.0513334721326828,0.0016060974448919296,1.0
1779438630.9369385,82,-0.0569409616291523,-0.016058944165706635,0.045370914041996,0.037715472280979156,0.06773290038108826,0.0015560375759378076,1.0
1779438630.97026,82,-0.09431084990501404,-0.0008835211046971381,0.05805591866374016,0.044736407697200775,0.10344148427248001,0.0019051082199439406,1.0
1779438630.9994469,82,-0.11210725456476212,0.0036133555695414543,0.05188211053609848,0.04427530989050865,0.12065622210502625,0.0025255088694393635,1.0
1779438631.0309558,82,-0.09331010282039642,0.027098121121525764,0.054540421813726425,0.03366754204034805,0.10562164336442947,0.001870600157417357,1.0
1779438631.0649865,82,-0.07600216567516327,0.02915080077946186,0.042054761201143265,0.03489641472697258,0.09012622386217117,0.0014024870470166206,1.0
1779438631.0949767,82,-0.04463418945670128,0.030691007152199745,0.02787126787006855,0.025015996769070625,0.060995280742645264,0.0011892978800460696,1.0
1779438631.1454573,82,-0.033695872873067856,0.05633247271180153,0.03531279414892197,0.036760684102773666,0.0750255435705185,0.001443888759240508,1.0
1779438631.1754704,82,-0.01112458761781454,0.04452123865485191,0.026308096945285797,0.027022631838917732,0.055056728422641754,0.0013124882243573666,1.0
1779438631.2082217,82,-0.006688931956887245,0.05622212588787079,0.024590153247117996,0.027487901970744133,0.06173044815659523,0.0012901255395263433,1.0
1779438631.2397382,82,-0.007406281307339668,0.04563215374946594,0.030305491760373116,0.028578510507941246,0.05613680183887482,0.001502895262092352,1.0
1779438631.2723079,82,-0.013905967585742474,0.046046558767557144,0.023842288181185722,0.03091362491250038,0.0546477772295475,0.001332491752691567,1.0
1779438631.3043177,82,-0.012815335765480995,0.040486034005880356,0.02377212792634964,0.027419758960604668,0.05014071241021156,0.0010467099491506815,1.0
1779438631.3407695,82,-0.023730022832751274,0.033676519989967346,0.026506131514906883,0.024609996005892754,0.04841902107000351,0.0014792302390560508,1.0
1779438631.3675275,82,-0.004291999619454145,0.025528699159622192,0.025826415047049522,0.0240437351167202,0.038178518414497375,0.0012134514981880784,1.0
1779438631.4005685,82,-0.008112837560474873,0.01928952895104885,0.026512963697314262,0.020686492323875427,0.032266099005937576,0.001153521821834147,1.0
1779438631.4309332,82,0.006585656199604273,0.015293214470148087,0.02909158356487751,0.019130993634462357,0.03122047893702984,0.0010804049670696259,1.0
1779438631.4626534,82,0.007548820693045855,0.0142822265625,0.019832642748951912,0.0218787994235754,0.028302079066634178,0.0009982520714402199,1.0
1779438631.4956975,82,0.007037092931568623,-0.0038210239727050066,0.019786963239312172,0.022791696712374687,0.02605535089969635,0.0011845891131088138,1.0
1779438631.5415313,82,0.0046507674269378185,-0.013474627397954464,0.02287915162742138,0.02341289073228836,0.029981862753629684,0.0011049018939957023,1.0
1779438631.5752296,82,0.007145765237510204,-0.016877152025699615,0.01731942966580391,0.0205703042447567,0.02853468619287014,0.0012501993915066123,1.0
1779438631.6079566,82,0.005217761732637882,-0.009691749699413776,0.016344409435987473,0.024883735924959183,0.026102937757968903,0.0011750063858926296,1.0
1779438631.6449218,82,-0.0003595119633246213,0.010322384536266327,0.02074168436229229,0.01953270100057125,0.026595545932650566,0.0014368077972903848,1.0
1779438631.6706605,82,-0.02289116010069847,0.03543853759765625,0.024613864719867706,0.026255574077367783,0.04954845830798149,0.0015043639577925205,1.0
1779438631.704124,82,-0.04195515811443329,0.05519290268421173,0.02702072449028492,0.025552120059728622,0.07401689887046814,0.0015781230758875608,1.0
1779438631.74223,82,-0.056661467999219894,0.049959320574998856,0.0354546494781971,0.030570877715945244,0.0812031626701355,0.0015374236973002553,1.0
1779438631.7676077,82,-0.06363175809383392,0.030545303598046303,0.03791266679763794,0.03199801594018936,0.0791897252202034,0.0014338236069306731,1.0
1779438631.799537,82,-0.049461737275123596,0.012628508731722832,0.03570261970162392,0.0378357470035553,0.06155675649642944,0.0012173833092674613,1.0
1779438631.832001,82,-0.051380809396505356,0.004076887853443623,0.02968079410493374,0.04221254959702492,0.06049821525812149,0.001635517692193389,1.0
1779438631.8638844,82,-0.040988270193338394,-0.013978911563754082,0.027926413342356682,0.02819644659757614,0.05187860503792763,0.0016771175432950258,1.0
1779438631.8958662,82,-0.03039792738854885,-0.0183816310018301,0.02659459598362446,0.02579030767083168,0.04691453278064728,0.0013755452819168568,1.0
1779438631.9457703,82,-0.03238808363676071,-0.0054792077280581,0.024500984698534012,0.028321651741862297,0.03975781425833702,0.0013259915867820382,1.0
1779438631.9756558,82,-0.024661924690008163,0.013452669605612755,0.02129434607923031,0.026251666247844696,0.038670580834150314,0.001223580096848309,1.0
1779438632.0087378,82,-0.02345164306461811,0.02964894287288189,0.025755366310477257,0.020080437883734703,0.04474823921918869,0.0012819359544664621,1.0
1779438632.039738,82,-0.02466397173702717,0.030169975012540817,0.023029396310448647,0.022181760519742966,0.04512382298707962,0.0010177702642977238,1.0
1779438632.0721724,82,-0.015776656568050385,0.030026504769921303,0.021822646260261536,0.0223741065710783,0.041284266859292984,0.0015038496349006891,1.0
1779438632.1050696,82,-0.009207190945744514,0.02845298871397972,0.020630858838558197,0.021102389320731163,0.036198608577251434,0.0013292174553498626,1.0
1779438632.1351547,82,-0.0019142336677759886,0.01994156278669834,0.019561324268579483,0.023711109533905983,0.02968527376651764,0.001315829809755087,1.0
1779438632.1681778,82,0.0031390306539833546,0.003981055226176977,0.020147863775491714,0.01951197348535061,0.023715661838650703,0.001073338440619409,1.0
1779438632.199866,82,-0.004273577593266964,-0.006798534654080868,0.023235537111759186,0.02162771299481392,0.025589434430003166,0.0013889302499592304,1.0
1779438632.2337546,82,-0.006027965806424618,-0.014945426024496555,0.026199618354439735,0.020570799708366394,0.030875977128744125,0.0012274455511942506,1.0
1779438632.264573,82,-0.008958397433161736,-0.015951575711369514,0.02027607336640358,0.019318316131830215,0.028125038370490074,0.0009116732981055975,1.0
1779438632.296561,82,-0.010652681812644005,-0.008489097468554974,0.025327222421765327,0.018528731539845467,0.026876796036958694,0.001143131055869162,1.0
1779438632.3444293,82,0.0070075057446956635,-0.02120506390929222,0.02598767727613449,0.019589513540267944,0.032000813633203506,0.0011456175707280636,1.0
1779438632.3817499,82,0.01660919189453125,-0.009585496969521046,0.023723330348730087,0.02038668468594551,0.03221152350306511,0.0009857617551460862,1.0
1779438632.4086518,82,0.02407892793416977,-0.008867217227816582,0.02172359824180603,0.018415728583931923,0.03469633683562279,0.0013031212147325277,1.0
1779438632.4405253,82,0.0253143310546875,-0.010881191119551659,0.017385166138410568,0.02350393868982792,0.03738705813884735,0.001154682133346796,1.0
1779438632.4713833,82,0.01782877929508686,-0.011062808334827423,0.023510077968239784,0.022871017456054688,0.03247218206524849,0.0010267149191349745,1.0
1779438632.5043275,82,0.011449674144387245,-0.018604185432195663,0.019222533330321312,0.023068925365805626,0.031903475522994995,0.0014455519849434495,1.0
1779438632.541463,82,0.00470863888040185,-0.022748248651623726,0.018064867705106735,0.019908905029296875,0.030582033097743988,0.0012557662557810545,1.0
1779438632.568481,82,-0.002984023652970791,-0.014092979952692986,0.017886459827423096,0.02216991037130356,0.027413565665483475,0.0014737234450876713,1.0
1779438632.6004121,82,-0.009262271225452423,-0.015288748778402805,0.020785845816135406,0.02485654689371586,0.030862098559737206,0.001269589876756072,1.0
1779438632.6318321,82,-0.021787317469716072,-0.01264451164752245,0.019721796736121178,0.019839836284518242,0.03232940658926964,0.0013120941584929824,1.0
1779438632.6633244,82,-0.017730899155139923,0.0003598841140046716,0.025819191709160805,0.02406199462711811,0.03320755437016487,0.0011441659880802035,1.0
1779438632.6977348,82,-0.015972230583429337,-0.0010690456256270409,0.020261531695723534,0.019047264009714127,0.028111666440963745,0.001118441578000784,1.0
1779438632.744091,82,-0.013395356014370918,0.005480138119310141,0.017580481246113777,0.02264275960624218,0.02755657583475113,0.0013134770561009645,1.0
1779438632.7799296,82,0.004272274672985077,0.0063056014478206635,0.015939045697450638,0.01992648094892502,0.021669205278158188,0.0011181499576196074,1.0
1779438632.8084419,82,0.00943086203187704,0.0008879870874807239,0.01898934319615364,0.022187642753124237,0.025285450741648674,0.001102547044865787,1.0
1779438632.8453019,82,0.025934359058737755,0.0007506579859182239,0.02203790284693241,0.01614847220480442,0.03167055919766426,0.0010693675139918923,1.0
1779438632.8725243,82,0.02568817138671875,-0.004043765366077423,0.02361396886408329,0.020944684743881226,0.03641856461763382,0.001105907722376287,1.0
1779438632.9059212,82,0.026544896885752678,-0.009933657944202423,0.021372361108660698,0.02178085781633854,0.035172563046216965,0.0011853532632812858,1.0
1779438632.9372168,82,0.025061815977096558,-0.008261517621576786,0.024624070152640343,0.022516218945384026,0.0363779291510582,0.001024771248921752,1.0
1779438632.9683874,82,0.011911345645785332,-0.013989518396556377,0.023448579013347626,0.018152136355638504,0.029548252001404762,0.0010543027892708778,1.0
1779438632.9999056,82,0.0047562760300934315,-0.0011952097993344069,0.02293483354151249,0.018243679776787758,0.024055980145931244,0.0011928585590794683,1.0
1779438633.033284,82,0.0020712874829769135,-0.005655428394675255,0.03004518896341324,0.01581607200205326,0.02584546059370041,0.0010109469294548035,1.0
1779438633.063683,82,-0.0035065440461039543,0.0016096162144094706,0.026514807716012,0.016443373635411263,0.024169016629457474,0.0010728747583925724,1.0
1779438633.0953374,82,-0.0020921288523823023,-0.0031185615807771683,0.01503097452223301,0.017089299857616425,0.018560390919446945,0.0011957928072661161,1.0
1779438633.1440334,82,0.0010856069857254624,-0.008404615335166454,0.023440588265657425,0.024692511186003685,0.027810148894786835,0.0010192396584898233,1.0
1779438633.177804,82,-0.001325467717833817,-0.011148033663630486,0.020525945350527763,0.02092103473842144,0.02690432406961918,0.0011824971297755837,1.0
1779438633.2090952,82,-0.011288526467978954,-0.0036663892678916454,0.01873936504125595,0.020858224481344223,0.02590526081621647,0.0011758854379877448,1.0
1779438633.2406716,82,-0.02068980224430561,0.005909431260079145,0.021135862916707993,0.018403612077236176,0.029936568811535835,0.0013961050426587462,1.0
1779438633.2716148,82,-0.020370669662952423,0.0011345468228682876,0.020139377564191818,0.01534819696098566,0.028412602841854095,0.001247801468707621,1.0
1779438633.302645,82,-0.031704600900411606,0.011257078498601913,0.02062477543950081,0.02174297533929348,0.040714576840400696,0.0015426065074279904,1.0
1779438633.3361404,82,-0.03918326646089554,0.0013435177970677614,0.02469942532479763,0.02208981104195118,0.04521796479821205,0.0014764552470296621,1.0
1779438633.3692758,82,-0.03563708811998367,-0.006311556324362755,0.02397892437875271,0.022657733410596848,0.0451725609600544,0.0015948829241096973,1.0
1779438633.401806,82,-0.04237347096204758,-0.008559808135032654,0.026624102145433426,0.01478978805243969,0.04649536684155464,0.0014602737501263618,1.0
1779438633.4324927,82,-0.05144314467906952,-0.011554811149835587,0.032203104346990585,0.026618540287017822,0.05855013057589531,0.0019212213810533285,1.0
1779438633.463859,82,-0.04330965504050255,0.0025835735723376274,0.032536834478378296,0.02689496800303459,0.05099938437342644,0.0012868947815150023,1.0
1779438633.4968705,82,-0.03242920711636543,0.004956315271556377,0.026335766538977623,0.021879618987441063,0.04026466980576515,0.0011479607783257961,1.0
1779438633.5456192,82,-0.021028099581599236,0.017237408086657524,0.02805819734930992,0.02877245657145977,0.038916200399398804,0.0014345677336677909,1.0
1779438633.5759037,82,-0.006960985250771046,0.012879162095487118,0.022066207602620125,0.028996290639042854,0.032568786293268204,0.001139140920713544,1.0
1779438633.6074967,82,-0.006230796221643686,0.017194608226418495,0.024026907980442047,0.023647181689739227,0.03416122868657112,0.0013250861084088683,1.0
1779438633.6429076,82,0.0012586640659719706,0.01079466287046671,0.028372040018439293,0.03424849733710289,0.04087882488965988,0.0011669809464365244,1.0
1779438633.6727965,82,0.0046844482421875,-0.003668808378279209,0.02979126200079918,0.026385970413684845,0.033748358488082886,0.0010599305387586355,1.0
1779438633.7065716,82,0.009137781336903572,-0.014568794518709183,0.035662345588207245,0.024067426100373268,0.04006596654653549,0.001281195436604321,1.0
1779438633.7405648,82,0.02699447236955166,-0.02735305391252041,0.030407534912228584,0.02740982547402382,0.05100195109844208,0.0012246195692569017,1.0
1779438633.7683518,82,0.03163798153400421,-0.02363939955830574,0.024123644456267357,0.023314081132411957,0.047223810106515884,0.0014882287941873074,1.0
1779438633.8020027,82,0.025478269904851913,-0.017666885629296303,0.022575534880161285,0.02440611645579338,0.04016534984111786,0.001196881290525198,1.0
1779438633.8318236,82,0.024096976965665817,-0.009949102997779846,0.023967592045664787,0.019774220883846283,0.03571940213441849,0.0011226818896830082,1.0
1779438633.8637674,82,0.01616073213517666,-0.0005681107868440449,0.027822760865092278,0.02739972248673439,0.03412879630923271,0.0015355877112597227,1.0
1779438633.8993425,82,-0.002361018443480134,0.012443356215953827,0.029474733397364616,0.026188895106315613,0.03440043702721596,0.0015568321105092764,1.0
1779438633.9443305,82,-0.0054055191576480865,0.009244407527148724,0.029728854075074196,0.023766890168190002,0.0319916196167469,0.0011232745600864291,1.0
1779438633.9762952,82,-0.011322394013404846,0.012394417077302933,0.02340552769601345,0.029899368062615395,0.03410772979259491,0.0012411887291818857,1.0
1779438634.0078597,82,-0.009759670123457909,0.006553463637828827,0.021743882447481155,0.025363588705658913,0.02787688374519348,0.0010026291711255908,1.0
1779438634.039794,82,-0.0026970840990543365,-0.011644130572676659,0.020324140787124634,0.018368637189269066,0.025875531136989594,0.0008982225554063916,1.0
1779438634.0739412,82,0.0031408914364874363,-0.0028563709929585457,0.020820042118430138,0.02329711988568306,0.025565868243575096,0.0011032656766474247,1.0
1779438634.1035676,82,0.0034950070548802614,-0.0011352910660207272,0.027598164975643158,0.02387791872024536,0.02935078926384449,0.0011974399676546454,1.0
1779438634.136573,82,-0.009459146298468113,0.007677403744310141,0.02206357754766941,0.02512388862669468,0.02861948497593403,0.001054104184731841,1.0
1779438634.1680808,82,-0.01936526410281658,0.012611202895641327,0.023808998987078667,0.03216075897216797,0.040850743651390076,0.0013650732580572367,1.0
1779438634.2009673,82,-0.03824634104967117,0.009617875330150127,0.030488118529319763,0.03573895990848541,0.053887322545051575,0.00196215626783669,1.0
1779438634.2385402,82,-0.04843604937195778,0.008715932257473469,0.03913000226020813,0.03516842797398567,0.06110932305455208,0.0016266419552266598,1.0
1779438634.262482,82,-0.05098854750394821,0.0036379185039550066,0.04243256896734238,0.04001642391085625,0.06517242640256882,0.0016379615990445018,1.0
1779438634.2959127,82,-0.050181131809949875,0.007942943833768368,0.03521324694156647,0.027002453804016113,0.05857693776488304,0.001440556487068534,1.0
1779438634.3446274,82,-0.05749809369444847,-0.0019808514043688774,0.031039590016007423,0.02190570905804634,0.06243210285902023,0.001595307607203722,1.0
1779438634.3766322,82,-0.040582794696092606,-0.0007759652216918766,0.026489347219467163,0.02318340539932251,0.04676826298236847,0.0012676587793976068,1.0
1779438634.4067893,82,-0.04411371797323227,0.006937352474778891,0.026401741430163383,0.02900063991546631,0.0521748811006546,0.001299480558373034,1.0
1779438634.4446082,82,-0.02437238022685051,-0.0015857975231483579,0.02515897899866104,0.021441912278532982,0.036225128918886185,0.0013227956369519234,1.0
1779438634.4725373,82,-0.028628651052713394,-0.00897570326924324,0.029153017327189445,0.024524768814444542,0.03933839499950409,0.0011602068552747369,1.0
1779438634.5029016,82,-0.03638216480612755,-0.011518897488713264,0.034907400608062744,0.028444232419133186,0.048428911715745926,0.0012557879090309143,1.0
1779438634.536294,82,-0.06349238008260727,-0.0330047607421875,0.07974857091903687,0.06369110196828842,0.08843699842691422,0.0031595255713909864,1.0
1779438634.5667374,82,-0.12181389331817627,-0.13864247500896454,0.13756263256072998,0.1845816671848297,0.20159298181533813,0.004699373617768288,1.0
1779438634.5995228,82,-0.10094787180423737,-0.09992199391126633,0.14194436371326447,0.13726840913295746,0.17264004051685333,0.007495358120650053,1.0
1779438634.6306121,82,-0.10229212790727615,-0.12999111413955688,0.13499470055103302,0.1605287790298462,0.18505285680294037,0.006701698526740074,1.0
1779438634.663549,82,-0.10180850327014923,-0.11399134248495102,0.1268346607685089,0.1727110892534256,0.18473346531391144,0.007028413470834494,1.0
1779438634.698172,82,-0.06692672520875931,-0.06662248075008392,0.0979401022195816,0.14353938400745392,0.14159423112869263,0.004381402395665646,1.0
1779438634.742666,82,-0.04421718046069145,-0.041548751294612885,0.07040683925151825,0.10005484521389008,0.10417405515909195,0.004233271349221468,1.0
1779438634.781526,82,-0.0333581306040287,0.005689853802323341,0.053982991725206375,0.08176026493310928,0.08619433641433716,0.0027289188001304865,1.0
1779438634.806935,82,-0.014648810029029846,0.0207467433065176,0.04302402213215828,0.04550996795296669,0.05902629345655441,0.0023060832172632217,1.0
1779438634.840836,82,-0.0030270088464021683,0.02891428954899311,0.030393140390515327,0.039455022662878036,0.05057661607861519,0.0014038803055882454,1.0
1779438634.873257,82,0.02312655560672283,0.03250661864876747,0.04631999135017395,0.035157907754182816,0.054388873279094696,0.0017877438804134727,1.0
1779438634.9046552,82,0.03092026151716709,0.03126153722405434,0.03617048263549805,0.027876729145646095,0.05550026893615723,0.0010071122087538242,1.0
1779438634.9353554,82,0.06687387824058533,0.014871550723910332,0.06646531820297241,0.030440978705883026,0.07879570126533508,0.0017782297218218446,1.0
1779438634.9678879,82,0.06513958424329758,0.020266277715563774,0.04384533315896988,0.040889251977205276,0.07635582983493805,0.0019098547054454684,1.0
1779438635.002558,82,0.08314570039510727,0.04872726649045944,0.08587295562028885,0.10703577846288681,0.10989058762788773,0.003060939023271203,1.0
1779438635.030816,82,0.05470108240842819,0.045014917850494385,0.04285464063286781,0.037595413625240326,0.07737644761800766,0.0016912823775783181,1.0
1779438635.0681314,82,0.044390980154275894,0.056866902858018875,0.04163755476474762,0.04921939969062805,0.08182179927825928,0.0016610613092780113,1.0
1779438635.0997474,82,0.06541182100772858,0.06487832218408585,0.05638529360294342,0.058515872806310654,0.09881426393985748,0.0020133135840296745,1.0
1779438635.1444852,82,0.04331132769584656,0.048925261944532394,0.04259306937456131,0.04220086708664894,0.07285360246896744,0.001955965766683221,1.0
1779438635.17513,82,0.04929370433092117,0.024176249280571938,0.03364269807934761,0.030741611495614052,0.06186797469854355,0.0015833310317248106,1.0
1779438635.2067451,82,0.04663364961743355,0.016537178307771683,0.04528447613120079,0.0404357872903347,0.06011069566011429,0.0013887888053432107,1.0
1779438635.241398,82,0.020176026970148087,0.0054282210767269135,0.03661205992102623,0.02858917973935604,0.04188242927193642,0.0014020298840478063,1.0
1779438635.2766094,82,0.0018334737978875637,0.00928236823529005,0.03311869129538536,0.03799492120742798,0.04478380084037781,0.0014166856417432427,1.0
1779438635.3051872,82,-0.039866749197244644,0.01684923842549324,0.04134303331375122,0.051189884543418884,0.06437094509601593,0.0024352150503546,1.0
1779438635.336759,82,-0.07291840016841888,0.02789064683020115,0.04450688883662224,0.050373997539281845,0.09264639765024185,0.0020400912035256624,1.0
1779438635.3674252,82,-0.09794393181800842,0.0440698005259037,0.0526948980987072,0.05000925809144974,0.11972831189632416,0.002344312611967325,1.0
1779438635.3994265,82,-0.10087380558252335,0.04896768555045128,0.04945625737309456,0.04467856511473656,0.1218065544962883,0.002383897313848138,1.0
1779438635.4316761,82,-0.09606728702783585,0.050051990896463394,0.0583876371383667,0.042030442506074905,0.11905573308467865,0.0022469109389930964,1.0
1779438635.464705,82,-0.07682018727064133,0.041386861354112625,0.04379606246948242,0.03684891387820244,0.09427249431610107,0.00218165828846395,1.0
1779438635.4992964,82,-0.05527142807841301,0.02436996065080166,0.03944498300552368,0.03430423513054848,0.0713055431842804,0.0017458670772612095,1.0
1779438635.5441103,82,-0.061288971453905106,0.019598612561821938,0.03599200397729874,0.03969994932413101,0.07473371922969818,0.0018187382956966758,1.0
1779438635.5757787,82,-0.04390083998441696,0.00634765625,0.029091810807585716,0.03840510919690132,0.05623269081115723,0.0015413051005452871,1.0
1779438635.6089664,82,-0.035405974835157394,0.009268970228731632,0.02506403625011444,0.03329363092780113,0.04966641589999199,0.001502903294749558,1.0
1779438635.640324,82,-0.024463187903165817,0.009728035889565945,0.023185577243566513,0.017546383664011955,0.03360440954566002,0.0013155306223779917,1.0
1779438635.6717088,82,-0.011206836439669132,0.01237134262919426,0.024909881874918938,0.024137424305081367,0.03366629779338837,0.0013466586824506521,1.0
1779438635.7049906,82,0.015682686120271683,0.0102055249735713,0.02138681523501873,0.028824783861637115,0.03429653123021126,0.001127150608226657,1.0
1779438635.7338128,82,0.03701149672269821,0.029255378991365433,0.03402266278862953,0.025409461930394173,0.052814994007349014,0.0016258925898000598,1.0
1779438635.7672603,82,0.051514603197574615,0.035917699337005615,0.033655039966106415,0.026199661195278168,0.06751864403486252,0.0015410506166517735,1.0
1779438635.7996783,82,0.06301433593034744,0.031180033460259438,0.033259451389312744,0.029479902237653732,0.07657744735479355,0.0020103103015571833,1.0
1779438635.8327522,82,0.07060036808252335,0.03256579115986824,0.03597602620720863,0.02966955676674843,0.08261515200138092,0.0015845337184146047,1.0
1779438635.8679256,82,0.06582995504140854,0.0272268895059824,0.04042495787143707,0.029368648305535316,0.07711614668369293,0.0018606772646307945,1.0
1779438635.8958993,82,0.046881698071956635,0.015799174085259438,0.029695557430386543,0.018996791914105415,0.05391674488782883,0.0014117477694526315,1.0
1779438635.9450684,82,0.03470202162861824,0.00444923946633935,0.026457345113158226,0.024646323174238205,0.04449935257434845,0.001423761947080493,1.0
1779438635.9750628,82,0.0099334716796875,0.0010349925141781569,0.026250602677464485,0.025477543473243713,0.02978760376572609,0.001301641226746142,1.0
1779438636.007071,82,0.0035493432078510523,-0.030980737879872322,0.06699663400650024,0.12251516431570053,0.05965786427259445,0.003609376959502697,1.0
1779438636.0407045,82,-0.022543372586369514,-0.04293990880250931,0.053110521286726,0.07608379423618317,0.057995621114969254,0.0022213179618120193,1.0
1779438636.0709736,82,-0.03698451444506645,-0.08761187642812729,0.06356435269117355,0.12934137880802155,0.11220525950193405,0.002993963658809662,1.0
1779438636.1044726,82,-0.05941660702228546,-0.09479429572820663,0.06870856881141663,0.11993136256933212,0.12204717099666595,0.003065555589273572,1.0
1779438636.1405559,82,-0.06828010082244873,-0.0747174546122551,0.0750989019870758,0.08236563950777054,0.11660037189722061,0.0033034540247172117,1.0
1779438636.1674206,82,-0.06813979893922806,-0.05713058263063431,0.042830366641283035,0.043748680502176285,0.0958777666091919,0.0019146479899063706,1.0
1779438636.20031,82,-0.07840058952569962,-0.043290674686431885,0.04139105603098869,0.03581038489937782,0.09532226622104645,0.0018468094058334827,1.0
1779438636.2320454,82,-0.0832318589091301,-0.02252197265625,0.05380455404520035,0.03863537311553955,0.09305514395236969,0.0019275520462542772,1.0
1779438636.2645917,82,-0.08810573816299438,-0.028694525361061096,0.046360697597265244,0.03691050782799721,0.10111844539642334,0.0021058719139546156,1.0
1779438636.296063,82,-0.10557202249765396,-0.02201247774064541,0.041586000472307205,0.028232570737600327,0.11114294081926346,0.0019347632769495249,1.0
1779438636.3442328,82,-0.0899706557393074,-0.004589359741657972,0.04109848663210869,0.03865152597427368,0.09952337294816971,0.0022875803988426924,1.0
1779438636.3787203,82,-0.08800692856311798,0.018388142809271812,0.07906481623649597,0.11921079456806183,0.1268835812807083,0.003975622821599245,1.0
1779438636.4080107,82,-0.06285411864519119,0.05165230482816696,0.14748519659042358,0.21003468334674835,0.14339031279087067,0.00859885849058628,1.0
1779438636.44109,82,-0.06604041159152985,-8.745890954742208e-05,0.03392524644732475,0.028086381033062935,0.07173223793506622,0.0015681071672588587,1.0
1779438636.47162,82,-0.07343590259552002,-0.0028139438945800066,0.07213225960731506,0.0836949571967125,0.08963239192962646,0.0028890911489725113,1.0
1779438636.503188,82,-0.078798808157444,0.015122948214411736,0.07793884724378586,0.06897386163473129,0.09551635384559631,0.002281454624608159,1.0
1779438636.5353012,82,-0.05420331284403801,0.03627032786607742,0.04679061472415924,0.043543506413698196,0.07793796807527542,0.0019434940768405795,1.0
1779438636.567695,82,-0.055511474609375,0.038118500262498856,0.03698297217488289,0.03910501301288605,0.07673323154449463,0.001512998715043068,1.0
1779438636.601272,82,-0.03335943445563316,0.03365977108478546,0.03437884896993637,0.03973601385951042,0.057463426142930984,0.0015552344266325235,1.0
1779438636.63131,82,-0.02702089585363865,0.017956245690584183,0.03181964531540871,0.02252139151096344,0.0433170348405838,0.0012483096215873957,1.0
1779438636.6644716,82,-0.025065723806619644,0.008254632353782654,0.02181951329112053,0.025313707068562508,0.03586772084236145,0.001448094262741506,1.0
1779438636.695877,82,-0.021028658375144005,-0.0032996200025081635,0.020847102627158165,0.02327595092356205,0.03161981701850891,0.0011466863797977567,1.0
1779438636.7435293,82,-0.013687320053577423,-0.007498764432966709,0.024819955229759216,0.020475734025239944,0.029466690495610237,0.0011912789195775986,1.0
1779438636.7764237,82,0.0027731917798519135,-0.012869300320744514,0.027358701452612877,0.022291049361228943,0.030221644788980484,0.0013289188500493765,1.0
1779438636.8073368,82,0.007407583761960268,-0.008657874539494514,0.022401051595807076,0.02032962441444397,0.027085013687610626,0.001137463841587305,1.0
1779438636.83962,82,0.018162796273827553,-0.004739528521895409,0.01838468201458454,0.02690104767680168,0.03182574734091759,0.0010063021909445524,1.0
1779438636.8702185,82,0.014702401123940945,0.0015645840903744102,0.022238485515117645,0.025376390665769577,0.031219689175486565,0.0012729233130812645,1.0
1779438636.903127,82,0.016141751781105995,-0.004594012163579464,0.021873245015740395,0.01972801797091961,0.02767755091190338,0.001353230094537139,1.0
1779438636.9353485,82,0.0033506068866699934,-0.003108699107542634,0.02326047047972679,0.02645510621368885,0.029425404965877533,0.0013073134468868375,1.0
1779438636.9661937,82,-0.004654488991945982,-0.013365955092012882,0.021513303741812706,0.020467767491936684,0.026967737823724747,0.0009815057273954153,1.0
1779438636.9999928,82,-0.008104650303721428,-0.008554598316550255,0.024714864790439606,0.029462037608027458,0.031777430325746536,0.001456119236536324,1.0
1779438637.0315485,82,-0.019770553335547447,-0.002016765298321843,0.029604565352201462,0.021948035806417465,0.03220352157950401,0.0012048562057316303,1.0
1779438637.0632274,82,-0.031025398522615433,-0.013088133186101913,0.030769912526011467,0.02194257453083992,0.04178794473409653,0.001216723001562059,1.0
1779438637.0983927,82,-0.022033877670764923,0.007241225801408291,0.02431158535182476,0.029393259435892105,0.0377645418047905,0.0015557637671008706,1.0
1779438637.146572,82,-0.030558330938220024,0.010066148824989796,0.03212004527449608,0.03423812612891197,0.048468608409166336,0.0012613069266080856,1.0
1779438637.1763463,82,-0.025142762809991837,0.030456170439720154,0.023450905457139015,0.032928939908742905,0.05073283240199089,0.0011739059118553996,1.0
1779438637.205784,82,-0.022805562242865562,0.013705370016396046,0.019528841599822044,0.019137680530548096,0.03343098610639572,0.001040658913552761,1.0
1779438637.2393198,82,-0.03090556152164936,0.021448275074362755,0.02604101598262787,0.03284326195716858,0.0484929159283638,0.0016820470336824656,1.0
1779438637.272028,82,-0.08104519546031952,0.012074912898242474,0.09765849262475967,0.03921964392066002,0.09315703809261322,0.0020335307344794273,1.0
1779438637.3023272,82,-0.1438799649477005,0.009667745791375637,0.2064639925956726,0.06448221951723099,0.16678914427757263,0.0036912017967551947,1.0
1779438637.336189,82,-0.15692715346813202,-0.006980151869356632,0.19836542010307312,0.04205895960330963,0.17094004154205322,0.0035677726846188307,1.0
1779438637.3665717,82,-0.13757269084453583,-0.002845392096787691,0.15750010311603546,0.061713121831417084,0.15838001668453217,0.0034015043638646603,1.0
1779438637.3991785,82,-0.14306342601776123,-0.010419705882668495,0.13693435490131378,0.0619029700756073,0.15625393390655518,0.003637403715401888,1.0
1779438637.4310853,82,-0.12530052661895752,0.0017469453159719706,0.09531842172145844,0.03261880949139595,0.13321107625961304,0.0023527767043560743,1.0
1779438637.4631019,82,-0.1477452665567398,0.012436657212674618,0.10077572613954544,0.061426300555467606,0.1600661426782608,0.0035937149077653885,1.0
1779438637.4977107,82,-0.12728063762187958,0.0019564745016396046,0.0712086632847786,0.04773319512605667,0.13627684116363525,0.0033242094796150923,1.0
1779438637.5420978,82,-0.08490846306085587,0.006964706815779209,0.06208493188023567,0.03161916881799698,0.09180060029029846,0.0024368474259972572,1.0
1779438637.5754027,82,-0.04942024126648903,-0.005491117015480995,0.04075456038117409,0.034307945519685745,0.06356196105480194,0.001919599948450923,1.0
1779438637.6069705,82,-0.019155362620949745,-0.005162867251783609,0.029287593439221382,0.02366248331964016,0.03579603508114815,0.0016114495228976011,1.0
1779438637.639176,82,0.003991103731095791,-0.005760751198977232,0.03679702803492546,0.02821127325296402,0.038985684514045715,0.0012756383512169123,1.0
1779438637.6705453,82,0.02358655259013176,-0.010625699535012245,0.04287290945649147,0.02481991983950138,0.048240434378385544,0.0013838623417541385,1.0
1779438637.7046952,82,0.02452906221151352,-0.004598850384354591,0.038038577884435654,0.022626247256994247,0.039483290165662766,0.0013299875427037477,1.0
1779438637.736183,82,0.047880034893751144,-0.0005558293196372688,0.060169659554958344,0.028438210487365723,0.06244020164012909,0.0014761132188141346,1.0
1779438637.7680562,82,0.04331281781196594,-0.0015854253433644772,0.04514287784695625,0.03178248554468155,0.05497263744473457,0.001980094239115715,1.0
1779438637.8014162,82,0.06390716135501862,-0.0020005761180073023,0.056050799787044525,0.025907063856720924,0.06973407417535782,0.0018955501727759838,1.0
1779438637.8309646,82,0.06626483052968979,-0.014883832074701786,0.04975837469100952,0.03354166820645332,0.07721022516489029,0.001590182539075613,1.0
1779438637.8636253,82,0.06451080739498138,-0.01650647446513176,0.043372269719839096,0.0324651375412941,0.07552072405815125,0.002098474185913801,1.0
1779438637.895636,82,0.06022997573018074,-0.03338976576924324,0.036919109523296356,0.02751021459698677,0.07531754672527313,0.0024353573098778725,1.0
1779438637.9443085,82,0.08393915742635727,-0.03834198787808418,0.045254532247781754,0.041391029953956604,0.10341013967990875,0.0022899059113115072,1.0
1779438637.9758563,82,0.12278822064399719,-0.03746311739087105,0.06373756378889084,0.03695647418498993,0.13435599207878113,0.0024469969794154167,1.0
1779438638.0062544,82,0.14852607250213623,-0.0338769294321537,0.07563848793506622,0.0402677096426487,0.15698197484016418,0.002792938146740198,1.0
1779438638.0389557,82,0.15107950568199158,-0.019539065659046173,0.0768841803073883,0.03920329362154007,0.15906277298927307,0.002617480466142297,1.0
1779438638.0705862,82,0.11749435216188431,-0.004292930010706186,0.06790340691804886,0.042592938989400864,0.12540198862552643,0.002944610547274351,1.0
1779438638.1039937,82,0.13537244498729706,0.0006110959220677614,0.08891225606203079,0.03418610990047455,0.14134395122528076,0.0022669059690088034,1.0
1779438638.136019,82,0.08972577005624771,0.00010048470721812919,0.060265231877565384,0.02860388532280922,0.09582589566707611,0.0022995546460151672,1.0
1779438638.1664152,82,0.05872419476509094,-0.018614791333675385,0.045030541718006134,0.03728392347693443,0.07075589895248413,0.0017396719194948673,1.0
1779438638.199741,82,0.042436737567186356,-0.023152420297265053,0.03208264708518982,0.02920251153409481,0.05777791142463684,0.0019293285440653563,1.0
1779438638.2326949,82,0.03645399212837219,-0.033158279955387115,0.050129421055316925,0.023672321811318398,0.05814443156123161,0.0013590279268100858,1.0
1779438638.264114,82,0.028769144788384438,-0.02863479219377041,0.03254437819123268,0.03466345742344856,0.054906949400901794,0.0013459481997415423,1.0
1779438638.3108735,82,0.017836779356002808,-0.03422006592154503,0.03445354476571083,0.02560543455183506,0.04531000182032585,0.0013534469762817025,1.0
1779438638.344211,82,0.0029914670158177614,-0.016843097284436226,0.033303067088127136,0.026912126690149307,0.037446435540914536,0.0011447789147496223,1.0
1779438638.380001,82,0.0014300462789833546,-0.008002118207514286,0.024371491745114326,0.017274143174290657,0.024494340643286705,0.0009300425299443305,1.0
1779438638.407411,82,-0.009978503920137882,0.007888421416282654,0.021283714100718498,0.029892517253756523,0.03137872740626335,0.0013031670823693275,1.0
1779438638.423114,82,0.0,0.0,0.0,0.0,0.0,0.0,1.0
1779438638.4450338,82,-0.022703776136040688,-0.0022748622577637434,0.02822161838412285,0.028954971581697464,0.038491103798151016,0.0013431020779535174,1.0
1779438638.4870968,82,-0.022942334413528442,-0.007147812284529209,0.027509458363056183,0.02618235908448696,0.038311541080474854,0.0016045275842770934,1.0
1779438638.518592,82,-0.03897857666015625,-0.015455106273293495,0.03701009228825569,0.028318319469690323,0.052737388759851456,0.001592328306287527,1.0
1779438638.5830307,82,-0.1267908662557602,-0.03687063232064247,0.05123962089419365,0.0354725681245327,0.1368977427482605,0.0018186102388426661,1.0
1779438638.6172493,82,-0.09282219409942627,-0.003058456815779209,0.04218576103448868,0.025542888790369034,0.09644120186567307,0.0019270535558462143,1.0
1779438638.6415646,82,0.0,0.0,0.0,0.0,0.0,0.0,1.0
1779438638.6629727,82,-0.10211925953626633,0.003314320696517825,0.055026281625032425,0.03423783555626869,0.10876744240522385,0.0020372681319713593,1.0
1779438638.6947417,82,-0.07756210118532181,0.010190452449023724,0.05067587271332741,0.03285980597138405,0.08466385304927826,0.0019397959113121033,1.0
1779438638.729266,82,-0.06974215805530548,0.012822965160012245,0.04247981309890747,0.02701304852962494,0.0763179361820221,0.001515322015620768,1.0
1779438638.760174,82,-0.059609390795230865,0.022144410759210587,0.03289439156651497,0.029701143503189087,0.0689515694975853,0.0016817383002489805,1.0
1779438638.7914512,82,-0.0483984611928463,0.026860492303967476,0.03607913851737976,0.03797443211078644,0.06758773326873779,0.0019686929881572723,1.0
1779438638.823487,82,-0.053849197924137115,0.05463632568717003,0.03585295379161835,0.04361394792795181,0.08577453345060349,0.0017300676554441452,1.0
1779438638.8725178,82,-0.06574100255966187,0.054473504424095154,0.03367270529270172,0.04472822695970535,0.09241983294487,0.0017045250860974193,1.0
1779438638.9028585,82,-0.09005513787269592,0.059149205684661865,0.04194970428943634,0.0414336696267128,0.1141710877418518,0.003108731936663389,1.0
1779438638.9405015,82,-0.11165283620357513,0.021727027371525764,0.04555779695510864,0.04815792664885521,0.12331736832857132,0.0028154533356428146,1.0
1779438638.9666111,82,-0.10724975168704987,-0.0059700943529605865,0.05239506810903549,0.035907600075006485,0.11412307620048523,0.0020753019489347935,1.0
1779438639.0012732,82,-0.12295904755592346,-0.04366674646735191,0.05781051889061928,0.03218689560890198,0.1342138946056366,0.0025981939397752285,1.0
1779438639.0307891,82,-0.10291644185781479,-0.05004771053791046,0.05248916894197464,0.04100460186600685,0.12055083364248276,0.0023359088227152824,1.0
1779438639.0637386,82,-0.09306837618350983,-0.045031290501356125,0.0595843680202961,0.036651793867349625,0.11060439050197601,0.00178907613735646,1.0
1779438639.095184,82,-0.06549518555402756,-0.029873359948396683,0.039662763476371765,0.03232067823410034,0.08125146478414536,0.0022635157220065594,1.0
1779438639.1434183,82,-0.05000937730073929,-0.019067158922553062,0.025606870651245117,0.02563299797475338,0.06036021560430527,0.0014588205376639962,1.0
1779438639.1773684,82,-0.043119292706251144,-0.007240109145641327,0.024484390392899513,0.022407611832022667,0.04838099703192711,0.001387687399983406,1.0
1779438639.2078726,82,-0.02429087646305561,0.008554225787520409,0.03234013170003891,0.027699485421180725,0.043361589312553406,0.0013530360301956534,1.0
1779438639.2391274,82,-0.023128416389226913,0.013758031651377678,0.04340927302837372,0.027896948158740997,0.04959217458963394,0.0014096308732405305,1.0
1779438639.2739508,82,-0.019266454502940178,0.01928878389298916,0.03033004142343998,0.023403014987707138,0.04286443442106247,0.0014741068007424474,1.0
1779438639.3036313,82,-0.005951858125627041,0.019349446520209312,0.045435693114995956,0.028929391875863075,0.05175212025642395,0.0014297489542514086,1.0
1779438639.3362427,82,-0.0024222396314144135,0.017491595819592476,0.042561013251543045,0.03127427026629448,0.04623906686902046,0.0014505693688988686,1.0
1779438639.3676598,82,0.016858728602528572,0.01775657758116722,0.05946771800518036,0.02933654934167862,0.05036341771483421,0.0019654969219118357,1.0
1779438639.400351,82,0.031607091426849365,0.025017715990543365,0.05760977789759636,0.03733024746179581,0.060858361423015594,0.0016844631172716618,1.0
1779438639.4317358,82,0.059639908373355865,0.02052493207156658,0.059355493634939194,0.03075278364121914,0.07104279100894928,0.0018458246486261487,1.0
1779438639.4633873,82,0.08817552030086517,0.02403612807393074,0.09610369801521301,0.04246905818581581,0.10002449154853821,0.0018827759195119143,1.0
1779438639.496463,82,0.16909734904766083,0.07517856359481812,0.18504002690315247,0.09147827327251434,0.19417358934879303,0.0028594513423740864,1.0
1779438639.5445998,82,0.255218505859375,0.08895446360111237,0.2785662114620209,0.11619998514652252,0.27965104579925537,0.004337300546467304,1.0
1779438639.5759068,82,0.20447838306427002,0.10050684958696365,0.18611903488636017,0.10431661456823349,0.23711690306663513,0.006776419933885336,1.0
1779438639.6067097,82,0.18513581156730652,0.07543294131755829,0.1468249410390854,0.0766996443271637,0.2099711000919342,0.00346340611577034,1.0
1779438639.6387722,82,0.09823533892631531,0.031370580196380615,0.06063232570886612,0.0439906008541584,0.1107625812292099,0.0025609913282096386,1.0
1779438639.6717618,82,0.04926876723766327,0.028581200167536736,0.03967101871967316,0.037958599627017975,0.07102549821138382,0.002208227524533868,1.0
1779438639.703268,82,0.0163979884237051,-0.0005269864923320711,0.05634697899222374,0.030564986169338226,0.05497599393129349,0.002060862025246024,1.0
1779438639.7337894,82,-0.020808150991797447,-0.011319974437355995,0.07949798554182053,0.0294173676520586,0.06706191599369049,0.0018425022717565298,1.0
1779438639.7689793,82,-0.03740152344107628,-0.02410646714270115,0.09996902942657471,0.035451702773571014,0.0843793973326683,0.002326467540115118,1.0
1779438639.8023012,82,-0.05137336626648903,-0.03510972857475281,0.11846283078193665,0.0511913038790226,0.09786827117204666,0.0022628651931881905,1.0
1779438639.833204,82,-0.04617086425423622,-0.01426194328814745,0.0883045420050621,0.03908299282193184,0.07954124361276627,0.0020278734154999256,1.0
1779438639.8666437,82,-0.05865199491381645,-0.016473164781928062,0.0962815210223198,0.03592764586210251,0.08247119933366776,0.0019031665287911892,1.0
1779438639.8988457,82,-0.0592089407145977,-0.002905868925154209,0.07901265472173691,0.03528346121311188,0.07601571083068848,0.0016724985325708985,1.0
1779438639.9452612,82,-0.06398791819810867,0.008128282614052296,0.06266579031944275,0.028939835727214813,0.07294272631406784,0.0016936683095991611,1.0
1779438639.9787967,82,-0.06465018540620804,0.03151814639568329,0.05054368078708649,0.0317433662712574,0.08245977759361267,0.0014967328170314431,1.0
1779438640.0064325,82,-0.07849828153848648,0.029391219839453697,0.0481426902115345,0.03985871374607086,0.09389474242925644,0.0016507846303284168,1.0
1779438640.039035,82,-0.0669812485575676,0.00952650886029005,0.038158953189849854,0.042592182755470276,0.08066301792860031,0.001626865123398602,1.0
1779438640.0706484,82,-0.07900238037109375,-0.005435664672404528,0.044945720583200455,0.041074518114328384,0.08914879709482193,0.0023320147302001715,1.0
1779438640.1029577,82,-0.07706005126237869,0.004897512961179018,0.04651407524943352,0.03094799444079399,0.08472634851932526,0.001878916984423995,1.0
1779438640.1359558,82,-0.047431014478206635,-0.0006444047321565449,0.03565499559044838,0.02893800288438797,0.059737399220466614,0.001402447815053165,1.0
1779438640.167666,82,-0.03637397661805153,-0.0017419210635125637,0.022858375683426857,0.02684834599494934,0.044766608625650406,0.0014327404787763953,1.0
1779438640.1988537,82,-0.02620287612080574,-0.002952017355710268,0.03365175053477287,0.021440738812088966,0.03649995103478432,0.0010745999170467257,1.0
1779438640.2317317,82,-0.009989854879677296,0.0025351920630782843,0.02410668507218361,0.025437219068408012,0.027246300131082535,0.0011598156997933984,1.0
1779438640.2646832,82,0.016653480008244514,0.012408559210598469,0.026217011734843254,0.021579893305897713,0.03297344222664833,0.0011327967513352633,1.0
1779438640.2956831,82,0.03168357163667679,0.00931288581341505,0.02058848924934864,0.023516805842518806,0.041117433458566666,0.00140986533369869,1.0
1779438640.3436713,82,0.041200220584869385,0.01811404339969158,0.023922575637698174,0.019008195027709007,0.049216631799936295,0.0014112484641373158,1.0
1779438640.378753,82,0.043579474091529846,0.005992052145302296,0.022953983396291733,0.02798381634056568,0.05222608894109726,0.0013381442986428738,1.0
1779438640.4059613,82,0.048296112567186356,0.0035270133521407843,0.030155105516314507,0.024179404601454735,0.05396299809217453,0.0012239542556926608,1.0
1779438640.4411788,82,0.04460832476615906,0.01468397956341505,0.02384720928966999,0.023760825395584106,0.05363672971725464,0.0011456263018772006,1.0
1779438640.4747984,82,0.04411650821566582,0.005013070534914732,0.026962215080857277,0.02054326981306076,0.0492868646979332,0.0015639076009392738,1.0
1779438640.5026941,82,0.04037550091743469,0.007467130199074745,0.022297728806734085,0.02160215564072132,0.04780847951769829,0.0014885333366692066,1.0
1779438640.5388849,82,0.030644115060567856,-0.003857310162857175,0.022661102935671806,0.021877314895391464,0.03777720406651497,0.001039070077240467,1.0
1779438640.5684206,82,0.03209332749247551,-0.007163071073591709,0.02470429800450802,0.022023720666766167,0.04014136269688606,0.0011394578032195568,1.0
1779438640.6001234,82,0.024203602224588394,-0.0001211398994200863,0.02536364272236824,0.0185842402279377,0.0330074280500412,0.0012875855900347233,1.0
1779438640.6325743,82,0.015737952664494514,0.0029432715382426977,0.017207689583301544,0.023337317630648613,0.029285838827490807,0.0010960298823192716,1.0
1779438640.6633682,82,0.019415320828557014,0.0015977068105712533,0.02164505049586296,0.01789253205060959,0.02937963604927063,0.0011159708956256509,1.0
1779438640.6951482,82,0.021005025133490562,-0.010811224579811096,0.021023744717240334,0.03200003132224083,0.038108937442302704,0.0010661563137546182,1.0
1779438640.7441854,82,0.015908218920230865,-0.009597220458090305,0.02556832693517208,0.022917985916137695,0.03336773440241814,0.0014207722852006555,1.0
1779438640.7767465,82,0.014315162785351276,-0.019431136548519135,0.027050422504544258,0.027336981147527695,0.03920659050345421,0.001024663564749062,1.0
1779438640.8089442,82,0.006688373629003763,-0.029520733281970024,0.023483948782086372,0.021326810121536255,0.038654498755931854,0.0010020231129601598,1.0
1779438640.8416996,82,-0.006528156343847513,-0.021951256319880486,0.027472056448459625,0.021405698731541634,0.036631230264902115,0.001155128818936646,1.0
1779438640.8789573,82,-0.02225196734070778,-0.01708221435546875,0.039054084569215775,0.02392403967678547,0.043318331241607666,0.0013548028655350208,1.0
1779438640.9041636,82,-0.06953243911266327,-0.007647444494068623,0.08270826935768127,0.027560433372855186,0.07955662906169891,0.0021325708366930485,1.0
1779438640.9368076,82,-0.06481672823429108,0.010237159207463264,0.06151173636317253,0.03598029538989067,0.07664407044649124,0.0021665222011506557,1.0
1779438640.9680178,82,-0.06598030775785446,0.017141947522759438,0.042202405631542206,0.028089333325624466,0.07437048107385635,0.0016520884819328785,1.0
1779438640.9984477,82,-0.05633544921875,0.034333765506744385,0.05815077945590019,0.03885854035615921,0.0779058188199997,0.0018242148216813803,1.0
1779438641.0307593,82,-0.050900157541036606,0.017980994656682014,0.053451377898454666,0.03483060002326965,0.06858249753713608,0.0015072189271450043,1.0
1779438641.0643113,82,-0.05367409437894821,0.012698476202785969,0.04819823428988457,0.02342229150235653,0.06127629801630974,0.001388735487125814,1.0
1779438641.0972874,82,-0.03410413861274719,-0.0036762517411261797,0.032913416624069214,0.02285127341747284,0.042966172099113464,0.0016384406480938196,1.0
1779438641.1452289,82,-0.025337591767311096,-0.005457064136862755,0.02873292565345764,0.019269084557890892,0.03449353948235512,0.0012435801327228546,1.0
1779438641.1838603,82,-0.017020992934703827,-0.023178286850452423,0.029686082154512405,0.022355249151587486,0.04010074585676193,0.0015211546560749412,1.0
1779438641.2092466,82,-0.002930245827883482,-0.02220916748046875,0.03218444436788559,0.0258624404668808,0.04166225343942642,0.0017298776656389236,1.0
1779438641.2389953,82,0.0069540999829769135,-0.02663886919617653,0.024308931082487106,0.027247337624430656,0.039900701493024826,0.0010963237145915627,1.0
1779438641.271918,82,0.019762178882956505,-0.021061409264802933,0.029419219121336937,0.022028030827641487,0.041406016796827316,0.0014189016073942184,1.0
1779438641.304936,82,0.02967722900211811,-0.026625284925103188,0.025970015674829483,0.024356024339795113,0.047883663326501846,0.0012747778091579676,1.0
1779438641.3355494,82,0.02696990966796875,-0.03749512508511543,0.030263060703873634,0.02608237974345684,0.056787338107824326,0.0014371395809575915,1.0
1779438641.367698,82,0.031179102137684822,-0.04781397432088852,0.025179553776979446,0.027355413883924484,0.06328129768371582,0.0012492008972913027,1.0
1779438641.4003081,82,0.024311717599630356,-0.045811910182237625,0.023630985990166664,0.029253585264086723,0.05793944373726845,0.0017563155852258205,1.0
1779438641.4311054,82,0.017205586656928062,-0.027887670323252678,0.024583077058196068,0.022275066003203392,0.04268839582800865,0.0016016691224649549,1.0
1779438641.4641426,82,0.015867652371525764,-0.006055133882910013,0.029995329678058624,0.01746354252099991,0.029185574501752853,0.001216677948832512,1.0
1779438641.4947083,82,0.010223016142845154,0.006931026000529528,0.02765251137316227,0.025747431442141533,0.03411741554737091,0.0013577081263065338,1.0
1779438641.543516,82,0.0007850832771509886,0.012389020062983036,0.0279893446713686,0.02320466935634613,0.03416920825839043,0.0013674171641469002,1.0
1779438641.5806024,82,-0.005654498003423214,0.010195104405283928,0.02557564154267311,0.025208206847310066,0.031041709706187248,0.0012397175887599587,1.0
1779438641.60906,82,-0.028356971219182014,0.01118376199156046,0.03708600625395775,0.028796149417757988,0.045361243188381195,0.0012133639538660645,1.0
1779438641.6389577,82,-0.031102435663342476,-0.0006349144969135523,0.0390317440032959,0.02762487344443798,0.04707368463277817,0.0014085802249610424,1.0
1779438641.6706264,82,-0.03387674316763878,-0.010999168269336224,0.025068772956728935,0.021959878504276276,0.04299931228160858,0.0011105863377451897,1.0
1779438641.7037733,82,-0.03678521886467934,-0.0426354743540287,0.030231313779950142,0.026606667786836624,0.06442305445671082,0.0015088815707713366,1.0
1779438641.7408466,82,-0.03043365478515625,-0.05534493178129196,0.028910428285598755,0.04042898118495941,0.07036757469177246,0.0010864437790587544,1.0
1779438641.7658656,82,-0.02765301987528801,-0.051773443818092346,0.026491252705454826,0.03237231448292732,0.06559344381093979,0.0013215767685323954,1.0
1779438641.7988293,82,-0.02595873549580574,-0.044653356075286865,0.027815312147140503,0.03327218443155289,0.05871833860874176,0.001257802709005773,1.0
1779438641.833624,82,-0.020755115896463394,-0.030576566234230995,0.024763895198702812,0.027120444923639297,0.04573693498969078,0.0012052039382979274,1.0
1779438641.8631434,82,-0.02931566908955574,-0.034065619111061096,0.019244857132434845,0.021683068946003914,0.049410536885261536,0.0012362758861854672,1.0
1779438641.8967347,82,-0.033172234892845154,-0.02718167193233967,0.023644957691431046,0.02213216945528984,0.04886158928275108,0.001437799190171063,1.0
1779438641.9446924,82,-0.020338663831353188,-0.03205499425530434,0.025127625092864037,0.024238206446170807,0.0471249520778656,0.0014559361152350903,1.0
1779438641.9751995,82,-0.015917150303721428,-0.02888321317732334,0.02132047712802887,0.023165099322795868,0.04254482313990593,0.0011186995543539524,1.0
1779438642.0070279,82,-0.005540987476706505,-0.03610862046480179,0.022445356473326683,0.028448814526200294,0.04458926245570183,0.0011602448066696525,1.0
1779438642.040055,82,0.004247339908033609,-0.01856399141252041,0.031009165570139885,0.029212355613708496,0.040540385991334915,0.0013718141708523035,1.0
1779438642.0707114,82,0.020488645881414413,-0.020312611013650894,0.025251474231481552,0.02821916900575161,0.04015273600816727,0.001317350659519434,1.0
1779438642.1023443,82,0.01763748563826084,-0.007547518238425255,0.022388070821762085,0.020677514374256134,0.030718326568603516,0.0011339352931827307,1.0
1779438642.13864,82,0.01973668485879898,-0.006804675795137882,0.02154536545276642,0.02158302254974842,0.03190520405769348,0.0013033711584284902,1.0
1779438642.1709251,82,0.033890143036842346,0.006987967062741518,0.0260047297924757,0.017966434359550476,0.040141038596630096,0.0015558860031887889,1.0
1779438642.1990273,82,0.024188529700040817,0.017246898263692856,0.02672836370766163,0.026003675535321236,0.04249703884124756,0.0012357882224023342,1.0
1779438642.2306743,82,0.03168859705328941,0.0012078634463250637,0.02541223354637623,0.02021769993007183,0.03913109749555588,0.001157447462901473,1.0
1779438642.262402,82,0.032406505197286606,-0.0029360142070800066,0.0373566634953022,0.019558511674404144,0.04272135719656944,0.0013496457831934094,1.0
1779438642.2959383,82,0.031560759991407394,0.008787015452980995,0.030665652826428413,0.026439135894179344,0.04513121396303177,0.0017670055385679007,1.0
1779438642.3437848,82,0.04636680707335472,0.004943289328366518,0.03192172572016716,0.02373025380074978,0.054677270352840424,0.0017740509938448668,1.0
1779438642.380733,82,0.048631805926561356,0.017161114141345024,0.040697142481803894,0.021053098142147064,0.059013571590185165,0.001363288378342986,1.0
1779438642.4077854,82,0.04900583252310753,0.014921792782843113,0.023458663374185562,0.01570100151002407,0.05364777892827988,0.0012566697550937533,1.0
1779438642.439014,82,0.05751260742545128,0.016726981848478317,0.029189305379986763,0.022501854225993156,0.06325054168701172,0.0014265752397477627,1.0
1779438642.4723113,82,0.05539833754301071,0.0002813571773003787,0.03659983351826668,0.026588069275021553,0.06273078173398972,0.0013861856423318386,1.0
1779438642.5028377,82,0.05562777817249298,-0.007115992251783609,0.031681448221206665,0.02119985595345497,0.06191955506801605,0.0014631812227889895,1.0
1779438642.5355036,82,0.06936012953519821,-0.011653993278741837,0.03338763862848282,0.024327479302883148,0.07535211741924286,0.0015398008981719613,1.0
1779438642.5667503,82,0.060128748416900635,-0.015297122299671173,0.03284100815653801,0.027288496494293213,0.06817137449979782,0.001594353700056672,1.0
1779438642.5990717,82,0.04776708036661148,-0.020299771800637245,0.03332512453198433,0.027061019092798233,0.059153348207473755,0.00141142460051924,1.0
1779438642.631703,82,0.046290140599012375,-0.009111171588301659,0.03174464777112007,0.02395906113088131,0.05348266661167145,0.0014167603803798556,1.0
1779438642.6637585,82,0.018858931958675385,-0.008607817813754082,0.01930992305278778,0.022751444950699806,0.03132065385580063,0.0011973533546552062,1.0
1779438642.6947744,82,0.004067583940923214,-0.00012225640239194036,0.018176576122641563,0.018355172127485275,0.021744946017861366,0.0010302227456122637,1.0
1779438642.743509,82,0.0003557903110049665,-0.00022162460663821548,0.019488343968987465,0.021625060588121414,0.023690741509199142,0.0010614709462970495,1.0
1779438642.7751617,82,-0.0018074221443384886,-0.004150390625,0.016718408092856407,0.02061251550912857,0.02250799536705017,0.0010986982379108667,1.0
1779438642.8077817,82,-0.0070153214037418365,-0.005270794965326786,0.027388155460357666,0.021297626197338104,0.028405193239450455,0.0010926640825346112,1.0
1779438642.843094,82,-0.0017752298153936863,-0.012319797649979591,0.02085462398827076,0.026934606954455376,0.029150433838367462,0.0011270749382674694,1.0
1779438642.8713865,82,-0.0007368878577835858,-0.016421062871813774,0.020963631570339203,0.02386395074427128,0.029249068349599838,0.0010000341571867466,1.0
1779438642.9028196,82,-0.013254676945507526,-0.016566207632422447,0.03412969037890434,0.02255316451191902,0.03526860848069191,0.001193513278849423,1.0
1779438642.9363115,82,0.001253267633728683,-0.016956981271505356,0.0195056963711977,0.021394386887550354,0.030220026150345802,0.0012597464956343174,1.0
1779438642.9705849,82,-0.006081744097173214,-0.010286842472851276,0.022123461589217186,0.02483280934393406,0.03064873069524765,0.0011610867222771049,1.0
1779438642.9986477,82,0.005536707583814859,-0.013100787065923214,0.025539182126522064,0.01750926673412323,0.0298704132437706,0.0013025400694459677,1.0
1779438643.0307791,82,0.011129053309559822,-0.0008494679350405931,0.019811030477285385,0.019968997687101364,0.026102930307388306,0.001161077874712646,1.0
1779438643.0658677,82,0.02442466840147972,-0.007656562607735395,0.02222101390361786,0.02130861207842827,0.03440024331212044,0.0011865043779835105,1.0
1779438643.096468,82,0.035753387957811356,-0.005258699879050255,0.02756577543914318,0.023317908868193626,0.04349523410201073,0.0012174362782388926,1.0
1779438643.1419747,82,0.024845588952302933,0.0016183620318770409,0.026224493980407715,0.02513272687792778,0.038098111748695374,0.0011243806220591068,1.0
1779438643.174662,82,0.03293963149189949,0.0010606718715280294,0.019719015806913376,0.018427249044179916,0.038106635212898254,0.0016690929187461734,1.0
1779438643.2073534,82,0.04258355870842934,0.012091287411749363,0.03936152532696724,0.039758604019880295,0.05506480485200882,0.0016388315707445145,1.0
1779438643.2386076,82,0.034300826489925385,0.012859810143709183,0.03415485471487045,0.01988513581454754,0.04472104087471962,0.0013176851207390428,1.0
1779438643.2731514,82,0.01703178510069847,0.020510418340563774,0.02327823080122471,0.024347461760044098,0.03663239628076553,0.0012009540805593133,1.0
1779438643.303287,82,0.009766369126737118,0.014997715130448341,0.03260047361254692,0.02395440824329853,0.03658418729901314,0.0011252621188759804,1.0
1779438643.337999,82,-0.018081851303577423,0.02008242718875408,0.04018579050898552,0.02364153228700161,0.04399125277996063,0.0010773695539683104,1.0
1779438643.369477,82,-0.03827778995037079,0.002601995598524809,0.036018360406160355,0.027543028816580772,0.05228898674249649,0.0010495643364265561,1.0
1779438643.3988266,82,-0.02440754882991314,-0.010171285830438137,0.03302130103111267,0.03571610897779465,0.04547443240880966,0.0012943915789946914,1.0
1779438643.433242,82,-0.0024066087789833546,-0.0354204885661602,0.03135751932859421,0.03491850942373276,0.05098676681518555,0.0016714013181626797,1.0
1779438643.46652,82,0.010708692483603954,-0.07927145808935165,0.032291363924741745,0.05083626136183739,0.08781436085700989,0.0016897444147616625,1.0
1779438643.4949465,82,0.02226964384317398,-0.09838011115789413,0.039747849106788635,0.05186687037348747,0.10855579376220703,0.0019610081799328327,1.0
1779438643.5436888,82,0.006318255327641964,-0.11119488626718521,0.043986085802316666,0.06239230930805206,0.121243916451931,0.0020150041673332453,1.0
1779438643.5756166,82,-0.0005165658076293766,-0.09888439625501633,0.03825805336236954,0.051238566637039185,0.10664490610361099,0.002094435505568981,1.0
1779438643.606571,82,-0.003020681906491518,-0.06904248148202896,0.02423514984548092,0.04158497229218483,0.0745801255106926,0.002005393384024501,1.0
1779438643.639869,82,-0.017603805288672447,-0.05206689611077309,0.026962174102663994,0.03823738172650337,0.0646524578332901,0.0013653204077854753,1.0
1779438643.6700342,82,-0.017888138070702553,-0.029909832403063774,0.022426756098866463,0.024045296013355255,0.04200289770960808,0.0014474501367658377,1.0
1779438643.7042358,82,-0.021304432302713394,-0.013864284381270409,0.020014390349388123,0.025522446259856224,0.03510865569114685,0.0011504951398819685,1.0
1779438643.7357683,82,-0.02266339585185051,-0.011022241786122322,0.022443033754825592,0.02262742631137371,0.03346657007932663,0.0011796834878623486,1.0
1779438643.7672136,82,-0.03680289536714554,0.006583237089216709,0.018978966400027275,0.01858900859951973,0.042307861149311066,0.0012325248681008816,1.0
1779438643.799551,82,-0.035910628736019135,0.0011486890725791454,0.019070548936724663,0.019773580133914948,0.04178816080093384,0.0015380511758849025,1.0
1779438643.8362699,82,-0.025058280676603317,0.003387823235243559,0.017960263416171074,0.02054492197930813,0.03357879817485809,0.0011482955887913704,1.0
1779438643.8631527,82,-0.010444268584251404,0.014210398308932781,0.022324657067656517,0.023778095841407776,0.031174933537840843,0.0013876896118745208,1.0
1779438643.8963819,82,0.0008557947585359216,0.015141184441745281,0.022714685648679733,0.022094056010246277,0.02963273413479328,0.0011341716162860394,1.0
1779438643.9445744,82,0.0050188391469419,0.011408178135752678,0.02013460360467434,0.018614888191223145,0.02601006254553795,0.0011386791011318564,1.0
1779438643.9766214,82,0.012562263756990433,0.016677483916282654,0.023876279592514038,0.02023373730480671,0.03267039731144905,0.001264762133359909,1.0
1779438644.00888,82,-0.004106847103685141,0.03400477021932602,0.1238635927438736,0.06800302118062973,0.06942695379257202,0.0023564554285258055,1.0
1779438644.0405157,82,0.011795416474342346,0.01275634765625,0.040722478181123734,0.04144898056983948,0.05090167373418808,0.0012950653908774257,1.0
1779438644.0722568,82,0.0587054006755352,0.02043747343122959,0.1610509753227234,0.09364394098520279,0.16881518065929413,0.003003314370289445,1.0
1779438644.102752,82,0.22428633272647858,0.060044266283512115,0.3667321801185608,0.1899985671043396,0.41356128454208374,0.005208139307796955,1.0
1779438644.1394527,82,0.10456959903240204,0.028325149789452553,0.32909801602363586,0.2514345943927765,0.3952421247959137,0.007370789535343647,1.0
1779438644.1672602,82,0.05994991958141327,-0.01048632338643074,0.3550674021244049,0.2520398497581482,0.39703989028930664,0.007159397471696138,1.0
1779438644.1998372,82,-0.0365624763071537,-0.03183802217245102,0.3147228956222534,0.24232958257198334,0.3467724025249481,0.005509385839104652,1.0
1779438644.2321532,82,-0.07065246999263763,-0.09705017507076263,0.3028414845466614,0.254984974861145,0.35359254479408264,0.006494330707937479,1.0
1779438644.2681637,82,-0.12750151753425598,-0.11067236959934235,0.33283454179763794,0.2691674530506134,0.3915054500102997,0.008326834067702293,1.0
1779438644.2950683,82,-0.19948913156986237,-0.13696587085723877,0.30038613080978394,0.24524660408496857,0.3770016133785248,0.005813988391309977,1.0
1779438644.3440995,82,-0.1774427890777588,-0.17052032053470612,0.37139010429382324,0.29293563961982727,0.46354880928993225,0.0065934062004089355,1.0
1779438644.3765478,82,-0.09450214356184006,-0.20207959413528442,0.5350624322891235,0.3855970501899719,0.6203304529190063,0.008404544554650784,1.0
1779438644.4078772,82,0.03207769617438316,-0.18400610983371735,0.6855356097221375,0.47254279255867004,0.7688106298446655,0.0104146683588624,1.0
1779438644.4409518,82,0.3429645299911499,-0.17373917996883392,0.9714557528495789,0.6007158756256104,1.1076229810714722,0.014778971672058105,1.0
1779438644.470468,82,0.41218435764312744,-0.17512047290802002,1.132002830505371,0.6376428008079529,1.238837718963623,0.014835200272500515,1.0
1779438644.5038624,82,0.3690129816532135,-0.20303289592266083,1.0460878610610962,0.6269806623458862,1.1674541234970093,0.013878107070922852,1.0
1779438644.535684,82,0.20249566435813904,-0.1706349402666092,0.8523395657539368,0.4866487383842468,0.9036200642585754,0.013549048453569412,1.0
1779438644.566922,82,-0.06825721263885498,-0.07095430046319962,0.5366181135177612,0.326690137386322,0.5484299659729004,0.008806959725916386,1.0
1779438644.6002386,82,-0.14877858757972717,-0.024298876523971558,0.366808146238327,0.20232263207435608,0.35995814204216003,0.00864095613360405,1.0
1779438644.6317115,82,-0.13528238236904144,0.018621305003762245,0.28735390305519104,0.16152620315551758,0.28997042775154114,0.004622139036655426,1.0
1779438644.66327,82,0.006178135052323341,0.09652840346097946,0.29032981395721436,0.13384729623794556,0.29854246973991394,0.005845006089657545,1.0
1779438644.694719,82,0.17645226418972015,0.18208760023117065,0.4046478867530823,0.18968486785888672,0.4583803117275238,0.006059856154024601,1.0
1779438644.7439547,82,0.2944962978363037,0.12708896398544312,0.4249202013015747,0.15539605915546417,0.49300435185432434,0.00838602427393198,1.0
1779438644.7762158,82,0.44244420528411865,0.03880849853157997,0.4572712481021881,0.1663568913936615,0.5890703201293945,0.009050027467310429,1.0
1779438644.8072612,82,0.5229132771492004,-0.05595267564058304,0.4217803478240967,0.13854093849658966,0.6061610579490662,0.00837587658315897,1.0
1779438644.838464,82,0.6148560643196106,-0.08006472885608673,0.42650410532951355,0.19503915309906006,0.6806746125221252,0.01156038697808981,1.0
1779438644.8730192,82,0.7470565438270569,-0.10810498148202896,0.39777904748916626,0.1646699160337448,0.7846360802650452,0.012088167481124401,1.0
1779438644.903372,82,0.6800175905227661,-0.16878248751163483,0.3030426502227783,0.12209013849496841,0.7195541858673096,0.00959228165447712,1.0
1779438644.9361577,82,0.7040250897407532,-0.1763344705104828,0.2631000578403473,0.14914509654045105,0.7494218349456787,0.010032888501882553,1.0
1779438644.9672513,82,0.8042982220649719,-0.24718400835990906,0.24891626834869385,0.1616051197052002,0.8602827787399292,0.011937853880226612,1.0
1779438644.9999366,82,0.8178117275238037,-0.24031196534633636,0.2308626025915146,0.14725731313228607,0.8690674304962158,0.011753762140870094,1.0
1779438645.0328465,82,0.9218885898590088,-0.23655812442302704,0.29997414350509644,0.16826394200325012,0.9707351326942444,0.01271792035549879,1.0
1779438645.063599,82,0.7543147206306458,-0.19777995347976685,0.23106534779071808,0.14191418886184692,0.7955058217048645,0.010219433344900608,1.0
1779438645.0958824,82,0.663827657699585,-0.20124593377113342,0.22740742564201355,0.1494501531124115,0.7104266285896301,0.014435000717639923,1.0
1779438645.143834,82,0.4786442220211029,-0.13776415586471558,0.17278173565864563,0.117316335439682,0.5118231177330017,0.008522500284016132,1.0
1779438645.176613,82,0.3072848320007324,-0.1336003690958023,0.1878081113100052,0.11624801158905029,0.35692909359931946,0.006901971995830536,1.0
1779438645.206947,82,0.1625310331583023,-0.09825395047664642,0.21182659268379211,0.13859063386917114,0.24297018349170685,0.004890660755336285,1.0
1779438645.2399964,82,-0.09836001694202423,-0.05831797420978546,0.37477779388427734,0.15265607833862305,0.35434770584106445,0.006047660484910011,1.0
1779438645.2718382,82,-0.5693804025650024,-0.054833948612213135,0.6693583726882935,0.20732808113098145,0.765631914138794,0.011658033356070518,1.0
1779438645.3025568,82,-0.7383272051811218,-0.06220989674329758,0.7036194205284119,0.2564528286457062,0.9341268539428711,0.012417910620570183,1.0
1779438645.334174,82,-0.9570526480674744,-0.041978973895311356,0.7590428590774536,0.2340710312128067,1.0982062816619873,0.01837434060871601,1.0
1779438645.369704,82,-1.1842714548110962,-0.02487647905945778,0.8478149175643921,0.2183905988931656,1.285066843032837,0.018887463957071304,1.0
1779438645.3984902,82,-1.3950917720794678,0.015201102942228317,0.8945913314819336,0.23082923889160156,1.4636991024017334,0.018412116914987564,1.0
1779438645.432193,82,-1.5643593072891235,-0.01726885512471199,0.9403536915779114,0.24325448274612427,1.6188809871673584,0.01827484741806984,1.0
1779438645.4625802,82,-1.7494944334030151,0.014987294562160969,1.0380723476409912,0.2754524052143097,1.8060190677642822,0.01966303214430809,1.0
1779438645.4956114,82,-1.9617369174957275,-0.024305948987603188,1.178131341934204,0.36405932903289795,2.059913396835327,0.019293909892439842,1.0
1779438645.5278895,82,-1.9405428171157837,0.05726493149995804,1.1664979457855225,0.3485291600227356,2.0228734016418457,0.03844822570681572,1.0
1779438645.5751836,81,-1.9632600545883179,0.1390456259250641,1.2451204061508179,0.4321448802947998,2.089350700378418,0.02598649449646473,0.9878048780487805
1779438645.6070697,81,-1.9298452138900757,0.12063636630773544,1.2456912994384766,0.5211138129234314,2.107897996902466,0.04516207426786423,1.0
1779438645.6382833,78,-1.8124256134033203,0.17740142345428467,1.1986582279205322,0.5130878686904907,1.9714391231536865,0.04352635145187378,0.9629629629629629
1779438645.6744633,78,-1.6135607957839966,0.14395004510879517,1.0934759378433228,0.5028365850448608,1.8037774562835693,0.035982124507427216,1.0
1779438645.703617,78,-1.5367110967636108,0.1172434464097023,1.0545265674591064,0.4530888795852661,1.6871848106384277,0.028333602473139763,1.0
1779438645.7408597,78,-1.5986648797988892,0.07706529647111893,1.060585379600525,0.3966180980205536,1.7236905097961426,0.04432780295610428,1.0
1779438645.7669654,77,-1.4657880067825317,0.13697972893714905,1.0317940711975098,0.47508206963539124,1.6419267654418945,0.04072777181863785,0.9871794871794872
1779438645.8023207,77,-1.4470176696777344,0.13143543899059296,1.0884281396865845,0.38024458289146423,1.5964783430099487,0.036399561911821365,1.0
1779438645.832788,77,-1.4999314546585083,0.09365428239107132,1.077937126159668,0.3821556270122528,1.6442073583602905,0.02920263446867466,1.0
1779438645.8637066,76,-1.5652976036071777,0.09157782793045044,1.183824062347412,0.39626604318618774,1.7282897233963013,0.039934441447257996,0.987012987012987
1779438645.8960462,76,-1.6093388795852661,0.01601550541818142,1.2553577423095703,0.46012741327285767,1.819254994392395,0.04070119187235832,1.0
1779438645.9273787,76,-1.3560925722122192,-0.14483040571212769,1.00441312789917,0.3936672508716583,1.4998197555541992,0.039171043783426285,1.0
1779438645.9745955,76,-1.0983954668045044,-0.19445399940013885,0.8355915546417236,0.3183193504810333,1.214028239250183,0.02560737170279026,1.0
1779438646.0072963,76,-0.774178147315979,-0.12676620483398438,0.6805317401885986,0.34989967942237854,0.9394178986549377,0.029649561271071434,1.0
1779438646.0391085,76,-0.5898551940917969,-0.14612539112567902,0.5698739290237427,0.27692174911499023,0.7528232336044312,0.015184452757239342,1.0
1779438646.07036,76,-0.6394506692886353,-0.12161535769701004,0.6111226081848145,0.29103773832321167,0.8082629442214966,0.015883827582001686,1.0
1779438646.103881,76,-0.5212075114250183,-0.07873193919658661,0.5110738277435303,0.2623061537742615,0.6825365424156189,0.011803626082837582,1.0
1779438646.139261,76,-0.3943118155002594,-0.08791070431470871,0.41702672839164734,0.2239927053451538,0.5451197624206543,0.008968032896518707,1.0
1779438646.1672823,76,-0.4829651713371277,-0.054345984011888504,0.4604364037513733,0.233924001455307,0.6191000938415527,0.011240151710808277,1.0
1779438646.1987684,76,-0.42534980177879333,-0.06637091189622879,0.46155011653900146,0.247433140873909,0.5858455300331116,0.013162471354007721,1.0
1779438646.231962,76,-0.5652401447296143,-0.13705022633075714,0.5305870771408081,0.2622052729129791,0.7042813301086426,0.019688790664076805,1.0
1779438646.2636938,76,-0.5867225527763367,-0.13617324829101562,0.4836360216140747,0.2579594850540161,0.7052878141403198,0.016833942383527756,1.0
1779438646.2955627,76,-0.5471227765083313,-0.23368333280086517,0.4460558593273163,0.22279809415340424,0.6712172627449036,0.01195080578327179,1.0
1779438646.3275936,76,-0.7517672181129456,-0.24574701488018036,0.6135197877883911,0.31710731983184814,0.8988748788833618,0.01703433319926262,1.0
1779438646.3775883,76,-0.8275343179702759,-0.14031560719013214,0.6580655574798584,0.3646829426288605,0.9664305448532104,0.023899778723716736,1.0
1779438646.4062467,76,-0.7807542681694031,-0.08082540333271027,0.6083378791809082,0.32779234647750854,0.9072446227073669,0.026197021827101707,1.0
1779438646.4390044,76,-0.9077578186988831,-0.011434454470872879,0.7077302932739258,0.3887401819229126,1.0628615617752075,0.03051401674747467,1.0
1779438646.4712405,76,-0.8190178871154785,0.02106957696378231,0.6382213830947876,0.31383055448532104,0.9526565074920654,0.026818664744496346,1.0
1779438646.5031326,76,-0.7284272909164429,0.04348012059926987,0.5948187708854675,0.2917634844779968,0.8695185780525208,0.027008092030882835,1.0
1779438646.5390973,76,-0.6907457113265991,0.09326674044132233,0.5774722695350647,0.30361858010292053,0.8505470156669617,0.022612249478697777,1.0
1779438646.567065,76,-0.6783766746520996,0.0781039223074913,0.6033603549003601,0.3043186068534851,0.8454766273498535,0.019801339134573936,1.0
1779438646.599627,76,-0.6520161032676697,0.09374839067459106,0.6006159782409668,0.37087130546569824,0.8520936369895935,0.02499936707317829,1.0
1779438646.6356297,76,-0.5804011821746826,0.11460073292255402,0.5569311380386353,0.3837374448776245,0.806418240070343,0.03455943986773491,1.0
1779438646.6625915,76,-0.540480375289917,0.08960261940956116,0.5092949867248535,0.28424257040023804,0.7126848101615906,0.015245050191879272,1.0
1779438646.6965392,76,-0.42382732033729553,0.06952085345983505,0.4026942551136017,0.2391514778137207,0.5734770894050598,0.009169389493763447,1.0
1779438646.7279322,76,-0.3217082917690277,0.024594958871603012,0.2996782064437866,0.1881347894668579,0.4194852411746979,0.006425662897527218,1.0
1779438646.7749555,76,-0.20334063470363617,-0.012353796511888504,0.21596528589725494,0.11697285622358322,0.28384456038475037,0.0055501083843410015,1.0
1779438646.8082886,76,-0.13422855734825134,-0.02102520503103733,0.1443156599998474,0.10681253671646118,0.19919882714748383,0.005151025950908661,1.0
1779438646.8395686,76,-0.08173872530460358,-0.015174263156950474,0.10231227427721024,0.042084675282239914,0.11168129742145538,0.0026292544789612293,1.0
1779438646.8711324,76,-0.07462070137262344,-0.04172114282846451,0.1127287819981575,0.1450054943561554,0.1581067144870758,0.0030791049357503653,1.0
1779438646.9048562,76,-0.04987495765089989,-0.04735143482685089,0.07001670449972153,0.03645281866192818,0.09047321230173111,0.002074713818728924,1.0
1779438646.9363348,76,0.00613142317160964,-0.03152325376868248,0.034548740833997726,0.03681725263595581,0.04891739785671234,0.0012946069473400712,1.0
1779438646.968027,76,0.24484454095363617,0.02056322619318962,0.3009265065193176,0.1836981624364853,0.30351823568344116,0.012437458150088787,1.0
1779438647.0001667,76,0.5484334230422974,0.027137354016304016,0.6150397062301636,0.35204699635505676,0.6848083734512329,0.024291636422276497,1.0
1779438647.030564,76,0.6573727130889893,-0.01668970286846161,0.5801874995231628,0.306657075881958,0.8242115378379822,0.021133799105882645,1.0
1779438647.0624833,76,0.7371641397476196,-0.05844035744667053,0.6643668413162231,0.29962974786758423,0.915907621383667,0.02741383947432041,1.0
1779438647.0962408,76,0.7642201781272888,-0.13287493586540222,0.6997017860412598,0.48446375131607056,1.007818579673767,0.04863458126783371,1.0
1779438647.1287496,75,0.964098334312439,-0.16172261536121368,0.7812047004699707,0.43774279952049255,1.1811083555221558,0.037421442568302155,0.9868421052631579
1779438647.1812508,75,1.0563244819641113,-0.16062520444393158,0.8317718505859375,0.3751792013645172,1.2267147302627563,0.04459751769900322,1.0
1779438647.2069964,75,1.1045558452606201,-0.12873351573944092,0.8034681081771851,0.3923431634902954,1.2595003843307495,0.04095972329378128,1.0
1779438647.2383199,75,1.1254955530166626,-0.10647867619991302,0.8216866850852966,0.37934133410453796,1.2702440023422241,0.04641216620802879,1.0
1779438647.2709746,75,1.1715840101242065,-0.09640909731388092,0.8196648955345154,0.408395916223526,1.3097764253616333,0.05250072106719017,1.0
1779438647.3067315,75,1.0893762111663818,-0.11450114101171494,0.7494179010391235,0.3288732171058655,1.193356990814209,0.03824765607714653,1.0
1779438647.3361764,75,1.083276391029358,-0.17853881418704987,0.737209141254425,0.33774322271347046,1.1992932558059692,0.025142673403024673,1.0
1779438647.3681555,74,1.1009953022003174,-0.22153514623641968,0.7031801342964172,0.3082846701145172,1.209164023399353,0.02453610859811306,0.9866666666666667
1779438647.4015303,74,1.128981351852417,-0.2227601706981659,0.7437539100646973,0.2967727482318878,1.2494537830352783,0.02139400877058506,1.0
1779438647.431807,74,1.1334731578826904,-0.22348661720752716,0.743185818195343,0.31939029693603516,1.2689990997314453,0.020211070775985718,1.0
1779438647.4638505,74,1.1845453977584839,-0.22578079998493195,0.7276843190193176,0.27254173159599304,1.2827184200286865,0.01681235246360302,1.0
1779438647.4968162,74,1.1630045175552368,-0.20246413350105286,0.7379341721534729,0.2844531536102295,1.261847972869873,0.01806500554084778,1.0
1779438647.5261433,74,1.1635222434997559,-0.12293119728565216,0.8078567385673523,0.38641199469566345,1.281769037246704,0.03504563122987747,1.0
1779438647.5750382,74,1.1743924617767334,-0.19492092728614807,0.7877532839775085,0.37349289655685425,1.2934544086456299,0.028120147064328194,1.0
1779438647.6125507,74,1.1549317836761475,-0.17297466099262238,0.7728000283241272,0.3100268840789795,1.2653721570968628,0.021343927830457687,1.0
1779438647.6385698,74,1.119555115699768,-0.13940779864788055,0.7808972597122192,0.2807063162326813,1.2224788665771484,0.020548632368445396,1.0
1779438647.6744807,74,1.0396060943603516,-0.16067546606063843,0.7020899653434753,0.26752743124961853,1.141168475151062,0.020039577037096024,1.0
1779438647.7036045,74,0.9896792769432068,-0.12551406025886536,0.6780723333358765,0.26396581530570984,1.080803394317627,0.01697978936135769,1.0
1779438647.7405796,74,0.9399647116661072,-0.12414282560348511,0.6665541529655457,0.22426752746105194,1.0152177810668945,0.016127200797200203,1.0
1779438647.7677846,74,0.9594602584838867,-0.11706893146038055,0.7976632714271545,0.2711451053619385,1.0591577291488647,0.0356174111366272,1.0
1779438647.8208842,74,0.8609790205955505,-0.16938205063343048,0.6781522631645203,0.27920591831207275,0.9806655645370483,0.02481776848435402,1.0
1779438647.8476827,74,0.9188203811645508,-0.1274263560771942,0.6827071309089661,0.2197393774986267,0.9881135821342468,0.01801217906177044,1.0
1779438647.8798442,74,0.8862760663032532,-0.1398591697216034,0.6471863389015198,0.25191396474838257,0.9766649007797241,0.020325379446148872,1.0
1779438647.9120693,74,0.90203857421875,-0.141977459192276,0.6454747319221497,0.206240713596344,0.9691053628921509,0.016323504969477654,1.0
1779438647.9438152,74,0.8671456575393677,-0.11330290138721466,0.617046058177948,0.2232864946126938,0.9371774196624756,0.017840193584561348,1.0
1779438647.9698994,74,0.0,0.0,0.0,0.0,0.0,0.0,1.0
1779438647.991841,74,0.8723119497299194,-0.08811187744140625,0.5570947527885437,0.1924734115600586,0.918886125087738,0.01742796041071415,1.0
1779438648.0238156,74,0.7898516058921814,-0.07766373455524445,0.5025274753570557,0.15435691177845,0.8250813484191895,0.013608667068183422,1.0
1779438648.0558953,74,0.768938422203064,-0.031158447265625,0.42975643277168274,0.14743168652057648,0.7965177297592163,0.010674703866243362,1.0
1779438648.088078,74,0.631284773349762,-0.0331004373729229,0.29819348454475403,0.1181076169013977,0.649591863155365,0.009333223104476929,1.0
1779438648.1227362,74,0.6562386751174927,-0.02022799849510193,0.3387344777584076,0.0936422348022461,0.670383632183075,0.009350038133561611,1.0
1779438648.1517563,74,0.5596686601638794,-0.051934730261564255,0.2523737847805023,0.09509678184986115,0.5767401456832886,0.007931153289973736,1.0
1779438648.2020092,74,0.5291032791137695,-0.04913721978664398,0.2150295227766037,0.09780922532081604,0.5464005470275879,0.007018877658993006,1.0
1779438648.2322052,74,0.41848301887512207,-0.04497136175632477,0.19830796122550964,0.09561216831207275,0.4359513819217682,0.005771016236394644,1.0
1779438648.263563,74,0.41749098896980286,-0.040048133581876755,0.15362590551376343,0.11050546169281006,0.43524298071861267,0.0072751776315271854,1.0
1779438648.2952013,74,0.3882811367511749,-0.05758234113454819,0.17271743714809418,0.10951337218284607,0.41406965255737305,0.004697917960584164,1.0
1779438648.3287108,74,0.3758101463317871,-0.054030753672122955,0.17499232292175293,0.07259033620357513,0.3910459280014038,0.0053248354233801365,1.0
1779438648.3762836,74,0.37035059928894043,-0.05388909578323364,0.18357627093791962,0.08064920455217361,0.3877675235271454,0.006849233526736498,1.0
1779438648.405712,74,0.36568450927734375,-0.046967171132564545,0.21433134377002716,0.08075357973575592,0.3830520510673523,0.005290539003908634,1.0
1779438648.4403296,74,0.41047030687332153,-0.07276421785354614,0.2431318610906601,0.0925045758485794,0.42716309428215027,0.00604225555434823,1.0
1779438648.4706652,74,0.36549851298332214,-0.09388382732868195,0.2348664253950119,0.11031737923622131,0.3974601626396179,0.00578455813229084,1.0
1779438648.5036922,74,0.25711432099342346,-0.07125957310199738,0.297930508852005,0.08946461975574493,0.34446460008621216,0.007627627346664667,1.0
1779438648.536759,74,0.20621861517429352,-0.02377195656299591,0.2376127988100052,0.090196892619133,0.2754437327384949,0.005740441381931305,1.0
1779438648.5684373,74,0.1797110140323639,-0.009604789316654205,0.12518377602100372,0.05572892352938652,0.19347907602787018,0.003896127687767148,1.0
1779438648.6006544,74,0.1436266452074051,-0.02242279052734375,0.10677828639745712,0.04654264450073242,0.1569870412349701,0.002382563892751932,1.0
1779438648.632027,74,0.21762022376060486,0.014376047067344189,0.15722966194152832,0.06674017012119293,0.23585641384124756,0.0029546392615884542,1.0
1779438648.6628435,74,0.21276773512363434,0.020281817764043808,0.14529864490032196,0.05336374044418335,0.22244015336036682,0.00419606314972043,1.0
1779438648.6967123,74,0.1470751315355301,0.04793094843626022,0.10529718548059464,0.060395147651433945,0.17324252426624298,0.002743419026955962,1.0
1779438648.7431464,74,0.11501497775316238,0.028711266815662384,0.08452731370925903,0.03549152985215187,0.1253979355096817,0.00322174234315753,1.0
1779438648.7749438,74,0.05624059587717056,0.03292557969689369,0.04887406527996063,0.04209752753376961,0.07926507294178009,0.0023398709017783403,1.0
1779438648.807083,74,0.027876364067196846,0.015329102985560894,0.04992862790822983,0.03209853172302246,0.05597078427672386,0.0016494810115545988,1.0
1779438648.840138,74,0.01100797951221466,0.010325457900762558,0.04525294154882431,0.03205134719610214,0.046740688383579254,0.0013043110957369208,1.0
1779438648.876948,74,0.018321270123124123,0.011904535815119743,0.03436744585633278,0.026324808597564697,0.039125315845012665,0.001163635402917862,1.0
1779438648.9040477,74,0.024928944185376167,0.009539423510432243,0.040589142590761185,0.025296609848737717,0.045486509799957275,0.0010525168618187308,1.0
1779438648.9347532,74,0.03188571333885193,-0.00039033632492646575,0.04616754502058029,0.035153429955244064,0.05469801649451256,0.0016250693006440997,1.0
1779438648.9683864,74,0.06819792091846466,0.008858345448970795,0.07239153236150742,0.03310125693678856,0.07851274311542511,0.0017364337109029293,1.0
1779438648.9997447,74,0.17300601303577423,-0.009738200344145298,0.3506152033805847,0.09241466224193573,0.18573397397994995,0.00681354571133852,1.0
1779438649.0326254,74,0.09394712746143341,-0.023956298828125,0.051714759320020676,0.04779219254851341,0.10586758702993393,0.002385619794949889,1.0
1779438649.068766,74,0.08657672256231308,-0.0452783927321434,0.05350913479924202,0.04578457400202751,0.10838833451271057,0.001869475468993187,1.0
1779438649.0957398,74,0.07712183892726898,-0.04232540726661682,0.04189718887209892,0.048842653632164,0.10068290680646896,0.0023910419549793005,1.0
1779438649.1450088,74,0.037306707352399826,-0.035711754113435745,0.03430691733956337,0.03071698546409607,0.0629897192120552,0.0014753695577383041,1.0
1779438649.1792617,74,0.016125652939081192,-0.03391822427511215,0.028703579679131508,0.025333167985081673,0.04822136461734772,0.0018710971344262362,1.0
1779438649.2075672,74,-0.011020144447684288,-0.03350788727402687,0.03648841753602028,0.028911840170621872,0.04883062094449997,0.0011949593899771571,1.0
1779438649.241023,74,-0.023259343579411507,-0.021739443764090538,0.02931046299636364,0.02502612955868244,0.044991303235292435,0.0010753448586910963,1.0
1779438649.2718065,74,-0.03462590277194977,-0.019420107826590538,0.01974600926041603,0.02447573095560074,0.04683851823210716,0.0010327380150556564,1.0
1779438649.3026862,74,-0.04628753662109375,-0.023167377337813377,0.03199207782745361,0.0288511011749506,0.06098419427871704,0.0009955145651474595,1.0
1779438649.3365772,74,-0.09960834681987762,0.0018904402386397123,0.1619502305984497,0.07312283664941788,0.1134011298418045,0.004319147672504187,1.0
1779438649.3675914,74,-0.02736540138721466,0.002213349100202322,0.030171774327754974,0.022502798587083817,0.039160165935754776,0.0011638861615210772,1.0
1779438649.3999894,74,-0.020603695884346962,0.01934731937944889,0.02314099110662937,0.024663133546710014,0.0375949926674366,0.0012290214654058218,1.0
1779438649.4332466,74,0.03515109419822693,0.050003670156002045,0.037386827170848846,0.0347151905298233,0.0695544183254242,0.0014112761709839106,1.0
1779438649.466733,74,0.20878291130065918,0.11064271628856659,0.1369686722755432,0.07020904868841171,0.2444562166929245,0.003285492304712534,1.0
1779438649.4961123,74,0.300212562084198,0.1251150667667389,0.14913976192474365,0.0911697968840599,0.33579549193382263,0.005917072296142578,1.0
1779438649.5430355,74,0.3835785388946533,0.11238386482000351,0.17502999305725098,0.0839683786034584,0.41428816318511963,0.004192432388663292,1.0
1779438649.575598,74,0.4272351562976837,0.07315351814031601,0.1924714893102646,0.06884884089231491,0.4431162178516388,0.0045133326202631,1.0
1779438649.6075258,74,0.5417872071266174,0.028976647183299065,0.28741639852523804,0.09546675533056259,0.5573810935020447,0.006877565756440163,1.0
1779438649.6393144,74,0.5610784292221069,0.010981173254549503,0.2866230607032776,0.12267491221427917,0.5830166339874268,0.005645579192787409,1.0
1779438649.672679,74,0.5276891589164734,8.083034481387585e-05,0.32684940099716187,0.14823442697525024,0.5611489415168762,0.006818800233304501,1.0
1779438649.7036035,74,0.46292567253112793,0.009876354597508907,0.2885831892490387,0.14291159808635712,0.5074064135551453,0.006909786257892847,1.0
1779438649.7384996,74,0.35296735167503357,0.08313792198896408,0.264901727437973,0.1802445948123932,0.42612072825431824,0.005199412349611521,1.0
1779438649.7677221,74,0.22384251654148102,0.20181068778038025,0.20768707990646362,0.18488943576812744,0.37252819538116455,0.006540089379996061,1.0
1779438649.7997339,74,0.07275658845901489,0.2722040116786957,0.1449357271194458,0.18278351426124573,0.32197120785713196,0.005026881117373705,1.0
1779438649.836683,74,-0.005877726711332798,0.3491823375225067,0.11225080490112305,0.19457370042800903,0.38311195373535156,0.004829422105103731,1.0
1779438649.8648005,74,-0.09634502232074738,0.29302462935447693,0.1586039513349533,0.17190754413604736,0.3613670766353607,0.007481165695935488,1.0
1779438649.895824,74,-0.19060929119586945,0.22214631736278534,0.11402181535959244,0.15878137946128845,0.3335714042186737,0.004540212452411652,1.0
1779438649.9440103,74,-0.3015817105770111,0.4254319369792938,0.17160844802856445,0.2871362566947937,0.583238422870636,0.006605262868106365,1.0
1779438649.9777796,74,-0.43568214774131775,0.6813193559646606,0.26312538981437683,0.4693070650100708,0.8999502658843994,0.009672697633504868,1.0
1779438650.0105333,74,-0.6784610152244568,1.1896337270736694,0.3771737813949585,0.8060741424560547,1.5052721500396729,0.015245168469846249,1.0
1779438650.039449,74,-0.840940535068512,1.8644180297851562,0.6144763827323914,1.1373131275177002,2.237119436264038,0.01562557741999626,1.0
1779438650.0765443,74,-1.06144118309021,1.9977245330810547,0.6671911478042603,1.1657052040100098,2.4153475761413574,0.02180233784019947,1.0
1779438650.103766,74,-1.1199171543121338,2.201810359954834,0.6569167971611023,1.2545374631881714,2.613654851913452,0.016056973487138748,1.0
1779438650.136189,74,-0.8567643165588379,2.2622883319854736,0.6355566382408142,1.2518701553344727,2.570882797241211,0.02104819007217884,1.0
1779438650.169254,74,-0.7060373425483704,2.1404950618743896,0.5538800358772278,1.198899507522583,2.362766981124878,0.019660931080579758,1.0
1779438650.2006137,74,-0.5487312078475952,2.089474678039551,0.4507675766944885,1.2127134799957275,2.24705171585083,0.020922008901834488,1.0
1779438650.232441,74,-0.44285935163497925,2.053844690322876,0.3469727635383606,1.2861735820770264,2.1606476306915283,0.02353563904762268,1.0
1779438650.2638266,74,-0.372568279504776,2.04658579826355,0.3068063259124756,1.3101321458816528,2.1261656284332275,0.03035162203013897,1.0
1779438650.3154275,74,-0.3596053123474121,1.5964332818984985,0.2549717128276825,1.0162416696548462,1.6684694290161133,0.025029923766851425,1.0
1779438650.3431377,74,-0.36139020323753357,0.9674631357192993,0.1979006677865982,0.617588460445404,1.0655182600021362,0.013240632601082325,1.0
1779438650.379174,74,-0.2611595392227173,0.3021846413612366,0.13723143935203552,0.1522866040468216,0.41860049962997437,0.007936487905681133,1.0
1779438650.4083264,74,-0.09324955195188522,-0.002436869777739048,0.08264050632715225,0.06774377822875977,0.12216050177812576,0.004617803730070591,1.0
1779438650.4390273,74,-0.02953338623046875,-0.1469254344701767,0.10000959038734436,0.1255490928888321,0.18394707143306732,0.003259876510128379,1.0
1779438650.462411,74,0.0,0.0,0.0,0.0,0.0,0.0,1.0
1779438650.4828594,74,0.14632807672023773,-0.32385995984077454,0.13006587326526642,0.25068968534469604,0.37263238430023193,0.005266521591693163,1.0
1779438650.5184133,74,0.1800246387720108,-0.38660573959350586,0.10577640682458878,0.20556840300559998,0.4452272355556488,0.008101166225969791,1.0
1779438650.5829313,74,0.31548556685447693,-0.89200758934021,0.25918644666671753,0.460719496011734,1.0126001834869385,0.009437382221221924,1.0
1779438650.6142764,74,0.17716319859027863,-0.5425365567207336,0.19217734038829803,0.29976001381874084,0.6137834787368774,0.011238757520914078,1.0
1779438650.639897,74,0.0,0.0,0.0,0.0,0.0,0.0,1.0
1779438650.6533453,74,0.19860324263572693,-0.5985272526741028,0.18025429546833038,0.32500627636909485,0.6684427261352539,0.010586078278720379,1.0
1779438650.6942294,74,0.25595176219940186,-0.7131021618843079,0.4401528239250183,0.43725281953811646,0.8602102994918823,0.035479336977005005,1.0
1779438650.7326238,73,0.11630039662122726,-0.8941309452056885,0.34051164984703064,0.5436042547225952,0.9643890261650085,0.02697691321372986,0.9864864864864865
1779438650.7595532,73,0.06353048980236053,-1.2367825508117676,0.2664734423160553,0.6841259598731995,1.2749431133270264,0.01615922339260578,1.0
1779438650.7931547,73,-0.017864279448986053,-1.4795312881469727,0.3311668932437897,0.8324054479598999,1.523541808128357,0.017865918576717377,1.0
1779438650.8238926,73,-0.017982378602027893,-1.719732403755188,0.37504544854164124,0.9557164311408997,1.7688884735107422,0.023639144375920296,1.0
1779438650.870744,73,-0.01665758155286312,-1.9001826047897339,0.36363616585731506,1.0123814344406128,1.9438066482543945,0.019912483170628548,1.0
1779438650.9040272,73,-0.041873253881931305,-2.028001546859741,0.3955724835395813,1.0518029928207397,2.076657772064209,0.018638309091329575,1.0
1779438650.9354396,73,-0.0840071588754654,-2.087042808532715,0.39772170782089233,1.1366032361984253,2.1396000385284424,0.017609748989343643,1.0
1779438650.96865,73,-0.08316604048013687,-2.1077749729156494,0.4109049141407013,1.1440374851226807,2.161360740661621,0.013146339915692806,1.0
1779438650.9999678,73,-0.08608778566122055,-1.9201315641403198,0.37943270802497864,1.0652896165847778,1.9737274646759033,0.012590701691806316,1.0
1779438651.0314844,73,-0.018018748611211777,-1.9310777187347412,0.3671993017196655,1.030784249305725,1.984575867652893,0.015835875645279884,1.0
1779438651.0637193,73,0.026392897590994835,-1.753191590309143,0.3661273419857025,0.92100989818573,1.8033530712127686,0.014264632947742939,1.0
1779438651.0959244,73,0.03814258426427841,-1.631577968597412,0.36813321709632874,0.8182253241539001,1.688271403312683,0.01118955947458744,1.0
1779438651.1452243,73,0.1895325481891632,-1.4474140405654907,0.2956092655658722,0.7880338430404663,1.512665867805481,0.011396074667572975,1.0
1779438651.1815295,73,0.1903868317604065,-1.3148590326309204,0.24488817155361176,0.6665283441543579,1.3669469356536865,0.01245998963713646,1.0
1779438651.2073886,73,0.2132033258676529,-1.2141776084899902,0.23874853551387787,0.6437423229217529,1.2723382711410522,0.00987239833921194,1.0
1779438651.2394006,73,0.16738055646419525,-1.1081302165985107,0.20225021243095398,0.5896709561347961,1.1616179943084717,0.00989231001585722,1.0
1779438651.2766416,73,0.14495263993740082,-1.0721408128738403,0.1956908106803894,0.5835387706756592,1.1171627044677734,0.010412149131298065,1.0
1779438651.3056822,73,0.09676329791545868,-1.1087751388549805,0.22802679240703583,0.5799100995063782,1.154663324356079,0.009840223006904125,1.0
1779438651.3351898,73,-0.011625942774116993,-1.1352486610412598,0.2398124635219574,0.6645005345344543,1.180834174156189,0.01046130433678627,1.0
1779438651.367749,73,-0.08605079352855682,-1.194313406944275,0.3307093381881714,0.6359599232673645,1.2495712041854858,0.011573992669582367,1.0
1779438651.3996859,73,-0.047730326652526855,-1.1476739645004272,0.26402145624160767,0.658645749092102,1.1859251260757446,0.010094285942614079,1.0
1779438651.4359052,73,-0.017885809764266014,-1.0207375288009644,0.23757953941822052,0.570685625076294,1.059051752090454,0.011916150338947773,1.0
1779438651.4637423,73,0.037983935326337814,-0.823268711566925,0.2517812252044678,0.4122775197029114,0.8709716796875,0.010921208187937737,1.0
1779438651.4957485,73,0.06744761019945145,-0.6278728246688843,0.40429210662841797,0.33680203557014465,0.7215226888656616,0.014831469394266605,1.0
